timestamp,event_id,seconds_from_attack_start,anchor_phase,attack_run_id,attack_chain_id,attack_payload,attack_category,attack_delivery,syscall,success,exit,exe,comm,command,proctitle,cwd,path,paths,uid,euid,auid,pid,ppid,tty,ses,key,manual_label,manual_note
1778300646,49571,-0.482465,pre_context,20260508_212407_dns_delete_9ci3sG,20260508_212404_scp_nginx_dns_delete_CMzhrV,vandalism/dns_delete,vandalism,scp_then_ssh,connect,no,-2,/usr/sbin/sshd,sshd,,/usr/sbin/sshd -D -R,/,/var/run/nscd/socket,/var/run/nscd/socket,0,0,4294967295,27276,21008,(none),4294967295,network_connect,benign,
1778300646,49572,-0.482465,pre_context,20260508_212407_dns_delete_9ci3sG,20260508_212404_scp_nginx_dns_delete_CMzhrV,vandalism/dns_delete,vandalism,scp_then_ssh,connect,no,-2,/usr/sbin/sshd,sshd,,/usr/sbin/sshd -D -R,/,/var/run/nscd/socket,/var/run/nscd/socket,0,0,4294967295,27276,21008,(none),4294967295,network_connect,benign,
1778300646,49573,-0.481464,pre_context,20260508_212407_dns_delete_9ci3sG,20260508_212404_scp_nginx_dns_delete_CMzhrV,vandalism/dns_delete,vandalism,scp_then_ssh,connect,yes,0,/usr/sbin/sshd,sshd,,/usr/sbin/sshd -D -R,/,/run/systemd/userdb/io.systemd.DynamicUser,/run/systemd/userdb/io.systemd.DynamicUser,0,0,4294967295,27276,21008,(none),4294967295,network_connect,benign,
1778300646,49574,-0.481464,pre_context,20260508_212407_dns_delete_9ci3sG,20260508_212404_scp_nginx_dns_delete_CMzhrV,vandalism/dns_delete,vandalism,scp_then_ssh,setresgid,yes,0,/usr/sbin/sshd,sshd,,/usr/sbin/sshd -D -R,,,,0,0,4294967295,27276,21008,(none),4294967295,privilege_transition,benign,
1778300646,49575,-0.481464,pre_context,20260508_212407_dns_delete_9ci3sG,20260508_212404_scp_nginx_dns_delete_CMzhrV,vandalism/dns_delete,vandalism,scp_then_ssh,setresuid,yes,0,/usr/sbin/sshd,sshd,,/usr/sbin/sshd -D -R,,,,0,1001,4294967295,27276,21008,(none),4294967295,privilege_transition,benign,
1778300646,49576,-0.481464,pre_context,20260508_212407_dns_delete_9ci3sG,20260508_212404_scp_nginx_dns_delete_CMzhrV,vandalism/dns_delete,vandalism,scp_then_ssh,setresuid,yes,0,/usr/sbin/sshd,sshd,,/usr/sbin/sshd -D -R,,,,0,0,4294967295,27276,21008,(none),4294967295,privilege_transition,benign,
1778300646,49577,-0.481464,pre_context,20260508_212407_dns_delete_9ci3sG,20260508_212404_scp_nginx_dns_delete_CMzhrV,vandalism/dns_delete,vandalism,scp_then_ssh,setresgid,yes,0,/usr/sbin/sshd,sshd,,/usr/sbin/sshd -D -R,,,,0,0,4294967295,27276,21008,(none),4294967295,privilege_transition,benign,
1778300646,49578,-0.480464,pre_context,20260508_212407_dns_delete_9ci3sG,20260508_212404_scp_nginx_dns_delete_CMzhrV,vandalism/dns_delete,vandalism,scp_then_ssh,setresgid,yes,0,/usr/sbin/sshd,sshd,,/usr/sbin/sshd -D -R,,,,0,0,4294967295,27276,21008,(none),4294967295,privilege_transition,benign,
1778300646,49579,-0.480464,pre_context,20260508_212407_dns_delete_9ci3sG,20260508_212404_scp_nginx_dns_delete_CMzhrV,vandalism/dns_delete,vandalism,scp_then_ssh,setresuid,yes,0,/usr/sbin/sshd,sshd,,/usr/sbin/sshd -D -R,,,,0,1001,4294967295,27276,21008,(none),4294967295,privilege_transition,benign,
1778300646,49580,-0.480464,pre_context,20260508_212407_dns_delete_9ci3sG,20260508_212404_scp_nginx_dns_delete_CMzhrV,vandalism/dns_delete,vandalism,scp_then_ssh,connect,yes,0,/usr/sbin/sshd,sshd,,/usr/sbin/sshd -D -R,/,/dev/log,/dev/log,0,1001,4294967295,27276,21008,(none),4294967295,network_connect,benign,
1778300646,49581,-0.480464,pre_context,20260508_212407_dns_delete_9ci3sG,20260508_212404_scp_nginx_dns_delete_CMzhrV,vandalism/dns_delete,vandalism,scp_then_ssh,setresuid,yes,0,/usr/sbin/sshd,sshd,,/usr/sbin/sshd -D -R,,,,0,0,4294967295,27276,21008,(none),4294967295,privilege_transition,benign,
1778300646,49582,-0.480464,pre_context,20260508_212407_dns_delete_9ci3sG,20260508_212404_scp_nginx_dns_delete_CMzhrV,vandalism/dns_delete,vandalism,scp_then_ssh,setresgid,yes,0,/usr/sbin/sshd,sshd,,/usr/sbin/sshd -D -R,,,,0,0,4294967295,27276,21008,(none),4294967295,privilege_transition,benign,
1778300646,49583,-0.480464,pre_context,20260508_212407_dns_delete_9ci3sG,20260508_212404_scp_nginx_dns_delete_CMzhrV,vandalism/dns_delete,vandalism,scp_then_ssh,,,,,,,,,,,,,,,,,,,benign,
1778300646,49584,-0.475464,pre_context,20260508_212407_dns_delete_9ci3sG,20260508_212404_scp_nginx_dns_delete_CMzhrV,vandalism/dns_delete,vandalism,scp_then_ssh,setresgid,yes,0,/usr/sbin/sshd,sshd,,/usr/sbin/sshd -D -R,,,,0,0,4294967295,27276,21008,(none),4294967295,privilege_transition,benign,
1778300646,49585,-0.475464,pre_context,20260508_212407_dns_delete_9ci3sG,20260508_212404_scp_nginx_dns_delete_CMzhrV,vandalism/dns_delete,vandalism,scp_then_ssh,setresuid,yes,0,/usr/sbin/sshd,sshd,,/usr/sbin/sshd -D -R,,,,0,1001,4294967295,27276,21008,(none),4294967295,privilege_transition,benign,
1778300646,49586,-0.475464,pre_context,20260508_212407_dns_delete_9ci3sG,20260508_212404_scp_nginx_dns_delete_CMzhrV,vandalism/dns_delete,vandalism,scp_then_ssh,setresuid,yes,0,/usr/sbin/sshd,sshd,,/usr/sbin/sshd -D -R,,,,0,0,4294967295,27276,21008,(none),4294967295,privilege_transition,benign,
1778300646,49587,-0.475464,pre_context,20260508_212407_dns_delete_9ci3sG,20260508_212404_scp_nginx_dns_delete_CMzhrV,vandalism/dns_delete,vandalism,scp_then_ssh,setresgid,yes,0,/usr/sbin/sshd,sshd,,/usr/sbin/sshd -D -R,,,,0,0,4294967295,27276,21008,(none),4294967295,privilege_transition,benign,
1778300646,49588,-0.475464,pre_context,20260508_212407_dns_delete_9ci3sG,20260508_212404_scp_nginx_dns_delete_CMzhrV,vandalism/dns_delete,vandalism,scp_then_ssh,setresgid,yes,0,/usr/sbin/sshd,sshd,,/usr/sbin/sshd -D -R,,,,0,0,4294967295,27276,21008,(none),4294967295,privilege_transition,benign,
1778300646,49589,-0.475464,pre_context,20260508_212407_dns_delete_9ci3sG,20260508_212404_scp_nginx_dns_delete_CMzhrV,vandalism/dns_delete,vandalism,scp_then_ssh,setresuid,yes,0,/usr/sbin/sshd,sshd,,/usr/sbin/sshd -D -R,,,,0,1001,4294967295,27276,21008,(none),4294967295,privilege_transition,benign,
1778300646,49590,-0.475464,pre_context,20260508_212407_dns_delete_9ci3sG,20260508_212404_scp_nginx_dns_delete_CMzhrV,vandalism/dns_delete,vandalism,scp_then_ssh,connect,yes,0,/usr/sbin/sshd,sshd,,/usr/sbin/sshd -D -R,/,/dev/log,/dev/log,0,1001,4294967295,27276,21008,(none),4294967295,network_connect,benign,
1778300646,49591,-0.475464,pre_context,20260508_212407_dns_delete_9ci3sG,20260508_212404_scp_nginx_dns_delete_CMzhrV,vandalism/dns_delete,vandalism,scp_then_ssh,setresuid,yes,0,/usr/sbin/sshd,sshd,,/usr/sbin/sshd -D -R,,,,0,0,4294967295,27276,21008,(none),4294967295,privilege_transition,benign,
1778300646,49592,-0.475464,pre_context,20260508_212407_dns_delete_9ci3sG,20260508_212404_scp_nginx_dns_delete_CMzhrV,vandalism/dns_delete,vandalism,scp_then_ssh,setresgid,yes,0,/usr/sbin/sshd,sshd,,/usr/sbin/sshd -D -R,,,,0,0,4294967295,27276,21008,(none),4294967295,privilege_transition,benign,
1778300646,49593,-0.475464,pre_context,20260508_212407_dns_delete_9ci3sG,20260508_212404_scp_nginx_dns_delete_CMzhrV,vandalism/dns_delete,vandalism,scp_then_ssh,,,,,,,,,,,,,,,,,,,benign,
1778300646,49594,-0.449464,pre_context,20260508_212407_dns_delete_9ci3sG,20260508_212404_scp_nginx_dns_delete_CMzhrV,vandalism/dns_delete,vandalism,scp_then_ssh,connect,yes,0,/usr/sbin/sshd,sshd,,/usr/sbin/sshd -D -R,/,/run/systemd/userdb/io.systemd.DynamicUser,/run/systemd/userdb/io.systemd.DynamicUser,0,0,4294967295,27276,21008,(none),4294967295,network_connect,benign,
1778300646,49595,-0.448464,pre_context,20260508_212407_dns_delete_9ci3sG,20260508_212404_scp_nginx_dns_delete_CMzhrV,vandalism/dns_delete,vandalism,scp_then_ssh,,,,,,,,,,,,,,,,,,,benign,
1778300646,49596,-0.443465,pre_context,20260508_212407_dns_delete_9ci3sG,20260508_212404_scp_nginx_dns_delete_CMzhrV,vandalism/dns_delete,vandalism,scp_then_ssh,,,,,,,,,,,,,,,,,,,benign,
1778300646,49597,-0.443465,pre_context,20260508_212407_dns_delete_9ci3sG,20260508_212404_scp_nginx_dns_delete_CMzhrV,vandalism/dns_delete,vandalism,scp_then_ssh,connect,yes,0,/usr/sbin/sshd,sshd,,/usr/sbin/sshd -D -R,/,/dev/log,/dev/log,0,0,4294967295,27276,21008,(none),4294967295,network_connect,benign,
1778300646,49598,-0.442464,pre_context,20260508_212407_dns_delete_9ci3sG,20260508_212404_scp_nginx_dns_delete_CMzhrV,vandalism/dns_delete,vandalism,scp_then_ssh,connect,yes,0,/usr/sbin/sshd,sshd,,/usr/sbin/sshd -D -R,/,/run/systemd/userdb/io.systemd.DynamicUser,/run/systemd/userdb/io.systemd.DynamicUser,0,0,4294967295,27276,21008,(none),4294967295,network_connect,benign,
1778300646,49599,-0.442464,pre_context,20260508_212407_dns_delete_9ci3sG,20260508_212404_scp_nginx_dns_delete_CMzhrV,vandalism/dns_delete,vandalism,scp_then_ssh,126,yes,0,/usr/sbin/sshd,sshd,,/usr/sbin/sshd -D -R,,,,0,0,4294967295,27276,21008,(none),4294967295,privilege_transition,benign,
1778300646,49600,-0.442464,pre_context,20260508_212407_dns_delete_9ci3sG,20260508_212404_scp_nginx_dns_delete_CMzhrV,vandalism/dns_delete,vandalism,scp_then_ssh,,,,,,,,,,,,,,,,,,,benign,
1778300646,49601,-0.442464,pre_context,20260508_212407_dns_delete_9ci3sG,20260508_212404_scp_nginx_dns_delete_CMzhrV,vandalism/dns_delete,vandalism,scp_then_ssh,77,yes,0,/usr/sbin/sshd,sshd,,/usr/sbin/sshd -D -R,,,,0,0,4294967295,27276,21008,(none),4294967295,file_destroy,benign,
1778300646,49602,-0.442464,pre_context,20260508_212407_dns_delete_9ci3sG,20260508_212404_scp_nginx_dns_delete_CMzhrV,vandalism/dns_delete,vandalism,scp_then_ssh,write,yes,4,/usr/sbin/sshd,sshd,,/usr/sbin/sshd -D -R,,,,0,0,1001,27276,21008,(none),172,(null),benign,
1778300646,49603,-0.442464,pre_context,20260508_212407_dns_delete_9ci3sG,20260508_212404_scp_nginx_dns_delete_CMzhrV,vandalism/dns_delete,vandalism,scp_then_ssh,114,yes,0,/usr/sbin/sshd,sshd,,/usr/sbin/sshd -D -R,,,,0,0,1001,27276,21008,(none),172,privilege_transition,benign,
1778300646,49604,-0.442464,pre_context,20260508_212407_dns_delete_9ci3sG,20260508_212404_scp_nginx_dns_delete_CMzhrV,vandalism/dns_delete,vandalism,scp_then_ssh,113,yes,0,/usr/sbin/sshd,sshd,,/usr/sbin/sshd -D -R,,,,1001,0,1001,27276,21008,(none),172,privilege_transition,benign,
1778300646,49605,-0.442464,pre_context,20260508_212407_dns_delete_9ci3sG,20260508_212404_scp_nginx_dns_delete_CMzhrV,vandalism/dns_delete,vandalism,scp_then_ssh,113,yes,0,/usr/sbin/sshd,sshd,,/usr/sbin/sshd -D -R,,,,0,0,1001,27276,21008,(none),172,privilege_transition,benign,
1778300646,49606,-0.442464,pre_context,20260508_212407_dns_delete_9ci3sG,20260508_212404_scp_nginx_dns_delete_CMzhrV,vandalism/dns_delete,vandalism,scp_then_ssh,114,yes,0,/usr/sbin/sshd,sshd,,/usr/sbin/sshd -D -R,,,,0,0,1001,27276,21008,(none),172,privilege_transition,benign,
1778300646,49607,-0.442464,pre_context,20260508_212407_dns_delete_9ci3sG,20260508_212404_scp_nginx_dns_delete_CMzhrV,vandalism/dns_delete,vandalism,scp_then_ssh,connect,yes,0,/usr/sbin/sshd,sshd,,/usr/sbin/sshd -D -R,/,/dev/log,/dev/log,0,0,1001,27276,21008,(none),172,network_connect,benign,
1778300646,49608,-0.441464,pre_context,20260508_212407_dns_delete_9ci3sG,20260508_212404_scp_nginx_dns_delete_CMzhrV,vandalism/dns_delete,vandalism,scp_then_ssh,connect,no,-2,/usr/sbin/sshd,sshd,,/usr/sbin/sshd -D -R,/,/run/systemd/userdb/io.systemd.Multiplexer,/run/systemd/userdb/io.systemd.Multiplexer,0,0,1001,27276,21008,(none),172,network_connect,benign,
1778300646,49609,-0.441464,pre_context,20260508_212407_dns_delete_9ci3sG,20260508_212404_scp_nginx_dns_delete_CMzhrV,vandalism/dns_delete,vandalism,scp_then_ssh,connect,yes,0,/usr/sbin/sshd,sshd,,/usr/sbin/sshd -D -R,/,/run/systemd/userdb/io.systemd.DynamicUser,/run/systemd/userdb/io.systemd.DynamicUser,0,0,1001,27276,21008,(none),172,network_connect,benign,
1778300646,49610,-0.440464,pre_context,20260508_212407_dns_delete_9ci3sG,20260508_212404_scp_nginx_dns_delete_CMzhrV,vandalism/dns_delete,vandalism,scp_then_ssh,connect,yes,0,/usr/sbin/sshd,sshd,,/usr/sbin/sshd -D -R,/,/run/dbus/system_bus_socket,/run/dbus/system_bus_socket,0,0,1001,27276,21008,(none),172,network_connect,benign,
1778300646,49611,-0.428464,pre_context,20260508_212407_dns_delete_9ci3sG,20260508_212404_scp_nginx_dns_delete_CMzhrV,vandalism/dns_delete,vandalism,scp_then_ssh,execve,yes,0,/usr/bin/dash,sh,sh -c -- /usr/bin/env -i PATH=/usr/local/sbin:/usr/local/bin:/usr/sbin:/usr/bin:/sbin:/bin run-parts --lsbsysinit /etc/update-motd.d > /run/motd.dynamic.new,sh -c -- /usr/bin/env -i PATH=/usr/local/sbin:/usr/local/bin:/usr/sbin:/usr/bin:/sbin:/bin run-parts --lsbsysinit /etc/update-mo,/,/bin/sh,/bin/sh|/lib64/ld-linux-x86-64.so.2,0,0,1001,27278,27276,(none),172,exec,benign,
1778300646,49612,-0.426464,pre_context,20260508_212407_dns_delete_9ci3sG,20260508_212404_scp_nginx_dns_delete_CMzhrV,vandalism/dns_delete,vandalism,scp_then_ssh,execve,yes,0,/usr/bin/env,env,/usr/bin/env -i PATH=/usr/local/sbin:/usr/local/bin:/usr/sbin:/usr/bin:/sbin:/bin run-parts --lsbsysinit /etc/update-motd.d,/usr/bin/env -i PATH=/usr/local/sbin:/usr/local/bin:/usr/sbin:/usr/bin:/sbin:/bin run-parts --lsbsysinit /etc/update-motd.d,/,/usr/bin/env,/usr/bin/env|/lib64/ld-linux-x86-64.so.2,0,0,1001,27279,27278,(none),172,exec,benign,
1778300646,49613,-0.425464,pre_context,20260508_212407_dns_delete_9ci3sG,20260508_212404_scp_nginx_dns_delete_CMzhrV,vandalism/dns_delete,vandalism,scp_then_ssh,execve,no,-2,/usr/bin/env,env,,/usr/bin/env -i PATH=/usr/local/sbin:/usr/local/bin:/usr/sbin:/usr/bin:/sbin:/bin run-parts --lsbsysinit /etc/update-motd.d,/,/usr/local/sbin/run-parts,/usr/local/sbin/run-parts,0,0,1001,27279,27278,(none),172,exec,benign,
1778300646,49614,-0.425464,pre_context,20260508_212407_dns_delete_9ci3sG,20260508_212404_scp_nginx_dns_delete_CMzhrV,vandalism/dns_delete,vandalism,scp_then_ssh,execve,no,-2,/usr/bin/env,env,,/usr/bin/env -i PATH=/usr/local/sbin:/usr/local/bin:/usr/sbin:/usr/bin:/sbin:/bin run-parts --lsbsysinit /etc/update-motd.d,/,/usr/local/bin/run-parts,/usr/local/bin/run-parts,0,0,1001,27279,27278,(none),172,exec,benign,
1778300646,49615,-0.425464,pre_context,20260508_212407_dns_delete_9ci3sG,20260508_212404_scp_nginx_dns_delete_CMzhrV,vandalism/dns_delete,vandalism,scp_then_ssh,execve,no,-2,/usr/bin/env,env,,/usr/bin/env -i PATH=/usr/local/sbin:/usr/local/bin:/usr/sbin:/usr/bin:/sbin:/bin run-parts --lsbsysinit /etc/update-motd.d,/,/usr/sbin/run-parts,/usr/sbin/run-parts,0,0,1001,27279,27278,(none),172,exec,benign,
1778300646,49616,-0.425464,pre_context,20260508_212407_dns_delete_9ci3sG,20260508_212404_scp_nginx_dns_delete_CMzhrV,vandalism/dns_delete,vandalism,scp_then_ssh,execve,yes,0,/usr/bin/run-parts,run-parts,run-parts --lsbsysinit /etc/update-motd.d,/usr/bin/env -i PATH=/usr/local/sbin:/usr/local/bin:/usr/sbin:/usr/bin:/sbin:/bin run-parts --lsbsysinit /etc/update-motd.d,/,/usr/bin/run-parts,/usr/bin/run-parts|/lib64/ld-linux-x86-64.so.2,0,0,1001,27279,27278,(none),172,exec,benign,
1778300646,49617,-0.424464,pre_context,20260508_212407_dns_delete_9ci3sG,20260508_212404_scp_nginx_dns_delete_CMzhrV,vandalism/dns_delete,vandalism,scp_then_ssh,execve,yes,0,/usr/bin/dash,00-header,/bin/sh /etc/update-motd.d/00-header,/bin/sh /etc/update-motd.d/00-header,/,/etc/update-motd.d/00-header,/etc/update-motd.d/00-header|/bin/sh|/lib64/ld-linux-x86-64.so.2,0,0,1001,27280,27279,(none),172,exec,benign,
1778300646,49618,-0.423465,pre_context,20260508_212407_dns_delete_9ci3sG,20260508_212404_scp_nginx_dns_delete_CMzhrV,vandalism/dns_delete,vandalism,scp_then_ssh,execve,yes,0,/usr/bin/uname,uname,uname -o,uname -o,/,/usr/bin/uname,/usr/bin/uname|/lib64/ld-linux-x86-64.so.2,0,0,1001,27281,27280,(none),172,exec,benign,
1778300646,49619,-0.422464,pre_context,20260508_212407_dns_delete_9ci3sG,20260508_212404_scp_nginx_dns_delete_CMzhrV,vandalism/dns_delete,vandalism,scp_then_ssh,execve,yes,0,/usr/bin/uname,uname,uname -r,uname -r,/,/usr/bin/uname,/usr/bin/uname|/lib64/ld-linux-x86-64.so.2,0,0,1001,27282,27280,(none),172,exec,benign,
1778300646,49620,-0.421464,pre_context,20260508_212407_dns_delete_9ci3sG,20260508_212404_scp_nginx_dns_delete_CMzhrV,vandalism/dns_delete,vandalism,scp_then_ssh,execve,yes,0,/usr/bin/uname,uname,uname -m,uname -m,/,/usr/bin/uname,/usr/bin/uname|/lib64/ld-linux-x86-64.so.2,0,0,1001,27283,27280,(none),172,exec,benign,
1778300646,49621,-0.420465,pre_context,20260508_212407_dns_delete_9ci3sG,20260508_212404_scp_nginx_dns_delete_CMzhrV,vandalism/dns_delete,vandalism,scp_then_ssh,execve,yes,0,/usr/bin/dash,10-help-text,/bin/sh /etc/update-motd.d/10-help-text,/bin/sh /etc/update-motd.d/10-help-text,/,/etc/update-motd.d/10-help-text,/etc/update-motd.d/10-help-text|/bin/sh|/lib64/ld-linux-x86-64.so.2,0,0,1001,27284,27279,(none),172,exec,benign,
1778300646,49622,-0.419464,pre_context,20260508_212407_dns_delete_9ci3sG,20260508_212404_scp_nginx_dns_delete_CMzhrV,vandalism/dns_delete,vandalism,scp_then_ssh,execve,yes,0,/usr/bin/dash,50-landscape-sy,/bin/sh /etc/update-motd.d/50-landscape-sysinfo,/bin/sh /etc/update-motd.d/50-landscape-sysinfo,/,/etc/update-motd.d/50-landscape-sysinfo,/etc/update-motd.d/50-landscape-sysinfo|/bin/sh|/lib64/ld-linux-x86-64.so.2,0,0,1001,27285,27279,(none),172,exec,benign,
1778300646,49623,-0.418464,pre_context,20260508_212407_dns_delete_9ci3sG,20260508_212404_scp_nginx_dns_delete_CMzhrV,vandalism/dns_delete,vandalism,scp_then_ssh,execve,yes,0,/usr/bin/find,find,find /var/lib/landscape/landscape-sysinfo.cache -newermt now-1 minutes,find /var/lib/landscape/landscape-sysinfo.cache -newermt now-1 minutes,/,/usr/bin/find,/usr/bin/find|/lib64/ld-linux-x86-64.so.2,0,0,1001,27286,27285,(none),172,exec,benign,
1778300646,49624,-0.416464,pre_context,20260508_212407_dns_delete_9ci3sG,20260508_212404_scp_nginx_dns_delete_CMzhrV,vandalism/dns_delete,vandalism,scp_then_ssh,execve,yes,0,/usr/bin/cat,cat,cat /var/lib/landscape/landscape-sysinfo.cache,cat /var/lib/landscape/landscape-sysinfo.cache,/,/usr/bin/cat,/usr/bin/cat|/lib64/ld-linux-x86-64.so.2,0,0,1001,27287,27285,(none),172,exec,benign,
1778300646,49625,-0.415464,pre_context,20260508_212407_dns_delete_9ci3sG,20260508_212404_scp_nginx_dns_delete_CMzhrV,vandalism/dns_delete,vandalism,scp_then_ssh,execve,yes,0,/usr/bin/dash,50-motd-news,/bin/sh /etc/update-motd.d/50-motd-news,/bin/sh /etc/update-motd.d/50-motd-news,/,/etc/update-motd.d/50-motd-news,/etc/update-motd.d/50-motd-news|/bin/sh|/lib64/ld-linux-x86-64.so.2,0,0,1001,27288,27279,(none),172,exec,benign,
1778300646,49626,-0.414464,pre_context,20260508_212407_dns_delete_9ci3sG,20260508_212404_scp_nginx_dns_delete_CMzhrV,vandalism/dns_delete,vandalism,scp_then_ssh,execve,yes,0,/usr/bin/cat,cat,cat /var/cache/motd-news,cat /var/cache/motd-news,/,/usr/bin/cat,/usr/bin/cat|/lib64/ld-linux-x86-64.so.2,0,0,1001,27289,27288,(none),172,exec,benign,
1778300646,49627,-0.414464,pre_context,20260508_212407_dns_delete_9ci3sG,20260508_212404_scp_nginx_dns_delete_CMzhrV,vandalism/dns_delete,vandalism,scp_then_ssh,execve,yes,0,/usr/bin/head,head,head -n 10,head -n 10,/,/usr/bin/head,/usr/bin/head|/lib64/ld-linux-x86-64.so.2,0,0,1001,27290,27288,(none),172,exec,benign,
1778300646,49628,-0.413465,pre_context,20260508_212407_dns_delete_9ci3sG,20260508_212404_scp_nginx_dns_delete_CMzhrV,vandalism/dns_delete,vandalism,scp_then_ssh,execve,yes,0,/usr/bin/tr,tr,tr -d \000-\011\013\014\016-\037,tr -d \000-\011\013\014\016-\037,/,/usr/bin/tr,/usr/bin/tr|/lib64/ld-linux-x86-64.so.2,0,0,1001,27291,27288,(none),172,exec,benign,
1778300646,49629,-0.412464,pre_context,20260508_212407_dns_delete_9ci3sG,20260508_212404_scp_nginx_dns_delete_CMzhrV,vandalism/dns_delete,vandalism,scp_then_ssh,execve,yes,0,/usr/bin/cut,cut,cut -c -80,cut -c -80,/,/usr/bin/cut,/usr/bin/cut|/lib64/ld-linux-x86-64.so.2,0,0,1001,27292,27288,(none),172,exec,benign,
1778300646,49630,-0.410465,pre_context,20260508_212407_dns_delete_9ci3sG,20260508_212404_scp_nginx_dns_delete_CMzhrV,vandalism/dns_delete,vandalism,scp_then_ssh,execve,yes,0,/usr/bin/dash,85-fwupd,/bin/sh /etc/update-motd.d/85-fwupd,/bin/sh /etc/update-motd.d/85-fwupd,/,/etc/update-motd.d/85-fwupd,/etc/update-motd.d/85-fwupd|/bin/sh|/lib64/ld-linux-x86-64.so.2,0,0,1001,27293,27279,(none),172,exec,benign,
1778300646,49631,-0.409464,pre_context,20260508_212407_dns_delete_9ci3sG,20260508_212404_scp_nginx_dns_delete_CMzhrV,vandalism/dns_delete,vandalism,scp_then_ssh,execve,yes,0,/usr/bin/cat,cat,cat /run/motd.d/85-fwupd,cat /run/motd.d/85-fwupd,/,/usr/bin/cat,/usr/bin/cat|/lib64/ld-linux-x86-64.so.2,0,0,1001,27294,27293,(none),172,exec,benign,
1778300646,49632,-0.407465,pre_context,20260508_212407_dns_delete_9ci3sG,20260508_212404_scp_nginx_dns_delete_CMzhrV,vandalism/dns_delete,vandalism,scp_then_ssh,execve,yes,0,/usr/bin/dash,90-updates-avai,/bin/sh /etc/update-motd.d/90-updates-available,/bin/sh /etc/update-motd.d/90-updates-available,/,/etc/update-motd.d/90-updates-available,/etc/update-motd.d/90-updates-available|/bin/sh|/lib64/ld-linux-x86-64.so.2,0,0,1001,27295,27279,(none),172,exec,benign,
1778300646,49633,-0.407465,pre_context,20260508_212407_dns_delete_9ci3sG,20260508_212404_scp_nginx_dns_delete_CMzhrV,vandalism/dns_delete,vandalism,scp_then_ssh,execve,yes,0,/usr/bin/cat,cat,cat /var/lib/update-notifier/updates-available,cat /var/lib/update-notifier/updates-available,/,/usr/bin/cat,/usr/bin/cat|/lib64/ld-linux-x86-64.so.2,0,0,1001,27296,27295,(none),172,exec,benign,
1778300646,49634,-0.406464,pre_context,20260508_212407_dns_delete_9ci3sG,20260508_212404_scp_nginx_dns_delete_CMzhrV,vandalism/dns_delete,vandalism,scp_then_ssh,execve,yes,0,/usr/bin/find,find,find /var/lib/update-notifier/updates-available -newermt now-7 days,find /var/lib/update-notifier/updates-available -newermt now-7 days,/,/usr/bin/find,/usr/bin/find|/lib64/ld-linux-x86-64.so.2,0,0,1001,27297,27295,(none),172,exec,benign,
1778300646,49635,-0.402464,pre_context,20260508_212407_dns_delete_9ci3sG,20260508_212404_scp_nginx_dns_delete_CMzhrV,vandalism/dns_delete,vandalism,scp_then_ssh,execve,yes,0,/usr/bin/grep,grep,grep -q -m 1 .,grep -q -m 1 .,/,/usr/bin/grep,/usr/bin/grep|/lib64/ld-linux-x86-64.so.2,0,0,1001,27298,27295,(none),172,exec,benign,
1778300646,49636,-0.401464,pre_context,20260508_212407_dns_delete_9ci3sG,20260508_212404_scp_nginx_dns_delete_CMzhrV,vandalism/dns_delete,vandalism,scp_then_ssh,execve,yes,0,/usr/bin/dash,91-contract-ua-,/bin/sh /etc/update-motd.d/91-contract-ua-esm-status,/bin/sh /etc/update-motd.d/91-contract-ua-esm-status,/,/etc/update-motd.d/91-contract-ua-esm-status,/etc/update-motd.d/91-contract-ua-esm-status|/bin/sh|/lib64/ld-linux-x86-64.so.2,0,0,1001,27299,27279,(none),172,exec,benign,
1778300646,49637,-0.400465,pre_context,20260508_212407_dns_delete_9ci3sG,20260508_212404_scp_nginx_dns_delete_CMzhrV,vandalism/dns_delete,vandalism,scp_then_ssh,execve,yes,0,/usr/bin/dash,91-release-upgr,/bin/sh /etc/update-motd.d/91-release-upgrade,/bin/sh /etc/update-motd.d/91-release-upgrade,/,/etc/update-motd.d/91-release-upgrade,/etc/update-motd.d/91-release-upgrade|/bin/sh|/lib64/ld-linux-x86-64.so.2,0,0,1001,27300,27279,(none),172,exec,benign,
1778300646,49638,-0.399464,pre_context,20260508_212407_dns_delete_9ci3sG,20260508_212404_scp_nginx_dns_delete_CMzhrV,vandalism/dns_delete,vandalism,scp_then_ssh,execve,yes,0,/usr/bin/cut,cut,cut -d -f4,cut -d -f4,/,/usr/bin/cut,/usr/bin/cut|/lib64/ld-linux-x86-64.so.2,0,0,1001,27303,27301,(none),172,exec,benign,
1778300646,49639,-0.398464,pre_context,20260508_212407_dns_delete_9ci3sG,20260508_212404_scp_nginx_dns_delete_CMzhrV,vandalism/dns_delete,vandalism,scp_then_ssh,execve,yes,0,/usr/bin/id,id,id -u,id -u,/,/usr/bin/id,/usr/bin/id|/lib64/ld-linux-x86-64.so.2,0,0,1001,27304,27300,(none),172,exec,benign,
1778300646,49640,-0.397465,pre_context,20260508_212407_dns_delete_9ci3sG,20260508_212404_scp_nginx_dns_delete_CMzhrV,vandalism/dns_delete,vandalism,scp_then_ssh,execve,yes,0,/usr/bin/dash,release-upgrade,/bin/sh -e /usr/lib/ubuntu-release-upgrader/release-upgrade-motd,/bin/sh /etc/update-motd.d/91-release-upgrade,/,/usr/lib/ubuntu-release-upgrader/release-upgrade-motd,/usr/lib/ubuntu-release-upgrader/release-upgrade-motd|/bin/sh|/lib64/ld-linux-x86-64.so.2,0,0,1001,27300,27279,(none),172,exec,benign,
1778300646,49641,-0.396464,pre_context,20260508_212407_dns_delete_9ci3sG,20260508_212404_scp_nginx_dns_delete_CMzhrV,vandalism/dns_delete,vandalism,scp_then_ssh,execve,yes,0,/usr/bin/date,date,date +%s,date +%s,/,/usr/bin/date,/usr/bin/date|/lib64/ld-linux-x86-64.so.2,0,0,1001,27305,27300,(none),172,exec,benign,
1778300646,49642,-0.394464,pre_context,20260508_212407_dns_delete_9ci3sG,20260508_212404_scp_nginx_dns_delete_CMzhrV,vandalism/dns_delete,vandalism,scp_then_ssh,execve,yes,0,/usr/bin/stat,stat,stat -c %Y /var/lib/ubuntu-release-upgrader/release-upgrade-available,stat -c %Y /var/lib/ubuntu-release-upgrader/release-upgrade-available,/,/usr/bin/stat,/usr/bin/stat|/lib64/ld-linux-x86-64.so.2,0,0,1001,27306,27300,(none),172,exec,benign,
1778300646,49643,-0.393464,pre_context,20260508_212407_dns_delete_9ci3sG,20260508_212404_scp_nginx_dns_delete_CMzhrV,vandalism/dns_delete,vandalism,scp_then_ssh,execve,yes,0,/usr/bin/expr,expr,expr 1778282941 + 86400,expr 1778282941 + 86400,/,/usr/bin/expr,/usr/bin/expr|/lib64/ld-linux-x86-64.so.2,0,0,1001,27307,27300,(none),172,exec,benign,
1778300646,49644,-0.392464,pre_context,20260508_212407_dns_delete_9ci3sG,20260508_212404_scp_nginx_dns_delete_CMzhrV,vandalism/dns_delete,vandalism,scp_then_ssh,execve,yes,0,/usr/bin/dash,92-unattended-u,/bin/sh /etc/update-motd.d/92-unattended-upgrades,/bin/sh /etc/update-motd.d/92-unattended-upgrades,/,/etc/update-motd.d/92-unattended-upgrades,/etc/update-motd.d/92-unattended-upgrades|/bin/sh|/lib64/ld-linux-x86-64.so.2,0,0,1001,27308,27279,(none),172,exec,benign,
1778300646,49645,-0.391464,pre_context,20260508_212407_dns_delete_9ci3sG,20260508_212404_scp_nginx_dns_delete_CMzhrV,vandalism/dns_delete,vandalism,scp_then_ssh,execve,yes,0,/usr/bin/dash,update-motd-una,/bin/sh /usr/share/unattended-upgrades/update-motd-unattended-upgrades,/bin/sh /etc/update-motd.d/92-unattended-upgrades,/,/usr/share/unattended-upgrades/update-motd-unattended-upgrades,/usr/share/unattended-upgrades/update-motd-unattended-upgrades|/bin/sh|/lib64/ld-linux-x86-64.so.2,0,0,1001,27308,27279,(none),172,exec,benign,
1778300646,49646,-0.390465,pre_context,20260508_212407_dns_delete_9ci3sG,20260508_212404_scp_nginx_dns_delete_CMzhrV,vandalism/dns_delete,vandalism,scp_then_ssh,execve,yes,0,/usr/bin/dash,95-hwe-eol,/bin/sh /etc/update-motd.d/95-hwe-eol,/bin/sh /etc/update-motd.d/95-hwe-eol,/,/etc/update-motd.d/95-hwe-eol,/etc/update-motd.d/95-hwe-eol|/bin/sh|/lib64/ld-linux-x86-64.so.2,0,0,1001,27309,27279,(none),172,exec,benign,
1778300646,49647,-0.389464,pre_context,20260508_212407_dns_delete_9ci3sG,20260508_212404_scp_nginx_dns_delete_CMzhrV,vandalism/dns_delete,vandalism,scp_then_ssh,execve,yes,0,/usr/bin/find,find,find /var/lib/update-notifier/hwe-eol -newermt now-1 days,find /var/lib/update-notifier/hwe-eol -newermt now-1 days,/,/usr/bin/find,/usr/bin/find|/lib64/ld-linux-x86-64.so.2,0,0,1001,27310,27309,(none),172,exec,benign,
1778300646,49648,-0.388464,pre_context,20260508_212407_dns_delete_9ci3sG,20260508_212404_scp_nginx_dns_delete_CMzhrV,vandalism/dns_delete,vandalism,scp_then_ssh,execve,yes,0,/usr/bin/dash,97-overlayroot,/bin/sh /etc/update-motd.d/97-overlayroot,/bin/sh /etc/update-motd.d/97-overlayroot,/,/etc/update-motd.d/97-overlayroot,/etc/update-motd.d/97-overlayroot|/bin/sh|/lib64/ld-linux-x86-64.so.2,0,0,1001,27311,27279,(none),172,exec,benign,
1778300646,49649,-0.387465,pre_context,20260508_212407_dns_delete_9ci3sG,20260508_212404_scp_nginx_dns_delete_CMzhrV,vandalism/dns_delete,vandalism,scp_then_ssh,execve,yes,0,/usr/bin/dash,egrep,/bin/sh /usr/bin/egrep overlayroot|/media/root-ro|/media/root-rw /proc/mounts,/bin/sh /usr/bin/egrep overlayroot|/media/root-ro|/media/root-rw /proc/mounts,/,/usr/bin/egrep,/usr/bin/egrep|/bin/sh|/lib64/ld-linux-x86-64.so.2,0,0,1001,27313,27312,(none),172,exec,benign,
1778300646,49650,-0.386464,pre_context,20260508_212407_dns_delete_9ci3sG,20260508_212404_scp_nginx_dns_delete_CMzhrV,vandalism/dns_delete,vandalism,scp_then_ssh,execve,yes,0,/usr/bin/sort,sort,sort -r,sort -r,/,/usr/bin/sort,/usr/bin/sort|/lib64/ld-linux-x86-64.so.2,0,0,1001,27314,27312,(none),172,exec,benign,
1778300646,49651,-0.385464,pre_context,20260508_212407_dns_delete_9ci3sG,20260508_212404_scp_nginx_dns_delete_CMzhrV,vandalism/dns_delete,vandalism,scp_then_ssh,execve,no,-2,/usr/bin/dash,egrep,,/bin/sh /usr/bin/egrep overlayroot|/media/root-ro|/media/root-rw /proc/mounts,/,/usr/local/sbin/grep,/usr/local/sbin/grep,0,0,1001,27313,27312,(none),172,exec,benign,
1778300646,49652,-0.385464,pre_context,20260508_212407_dns_delete_9ci3sG,20260508_212404_scp_nginx_dns_delete_CMzhrV,vandalism/dns_delete,vandalism,scp_then_ssh,execve,no,-2,/usr/bin/dash,egrep,,/bin/sh /usr/bin/egrep overlayroot|/media/root-ro|/media/root-rw /proc/mounts,/,/usr/local/bin/grep,/usr/local/bin/grep,0,0,1001,27313,27312,(none),172,exec,benign,
1778300646,49653,-0.385464,pre_context,20260508_212407_dns_delete_9ci3sG,20260508_212404_scp_nginx_dns_delete_CMzhrV,vandalism/dns_delete,vandalism,scp_then_ssh,execve,no,-2,/usr/bin/dash,egrep,,/bin/sh /usr/bin/egrep overlayroot|/media/root-ro|/media/root-rw /proc/mounts,/,/usr/sbin/grep,/usr/sbin/grep,0,0,1001,27313,27312,(none),172,exec,benign,
1778300646,49654,-0.385464,pre_context,20260508_212407_dns_delete_9ci3sG,20260508_212404_scp_nginx_dns_delete_CMzhrV,vandalism/dns_delete,vandalism,scp_then_ssh,execve,yes,0,/usr/bin/grep,grep,grep -E overlayroot|/media/root-ro|/media/root-rw /proc/mounts,/bin/sh /usr/bin/egrep overlayroot|/media/root-ro|/media/root-rw /proc/mounts,/,/usr/bin/grep,/usr/bin/grep|/lib64/ld-linux-x86-64.so.2,0,0,1001,27313,27312,(none),172,exec,benign,
1778300646,49655,-0.384465,pre_context,20260508_212407_dns_delete_9ci3sG,20260508_212404_scp_nginx_dns_delete_CMzhrV,vandalism/dns_delete,vandalism,scp_then_ssh,execve,yes,0,/usr/bin/dash,98-fsck-at-rebo,/bin/sh /etc/update-motd.d/98-fsck-at-reboot,/bin/sh /etc/update-motd.d/98-fsck-at-reboot,/,/etc/update-motd.d/98-fsck-at-reboot,/etc/update-motd.d/98-fsck-at-reboot|/bin/sh|/lib64/ld-linux-x86-64.so.2,0,0,1001,27315,27279,(none),172,exec,benign,
1778300646,49656,-0.382464,pre_context,20260508_212407_dns_delete_9ci3sG,20260508_212404_scp_nginx_dns_delete_CMzhrV,vandalism/dns_delete,vandalism,scp_then_ssh,execve,yes,0,/usr/bin/dash,update-motd-fsc,/bin/sh /usr/lib/update-notifier/update-motd-fsck-at-reboot,/bin/sh /etc/update-motd.d/98-fsck-at-reboot,/,/usr/lib/update-notifier/update-motd-fsck-at-reboot,/usr/lib/update-notifier/update-motd-fsck-at-reboot|/bin/sh|/lib64/ld-linux-x86-64.so.2,0,0,1001,27315,27279,(none),172,exec,benign,
1778300646,49657,-0.381464,pre_context,20260508_212407_dns_delete_9ci3sG,20260508_212404_scp_nginx_dns_delete_CMzhrV,vandalism/dns_delete,vandalism,scp_then_ssh,execve,yes,0,/usr/bin/id,id,id -u,id -u,/,/usr/bin/id,/usr/bin/id|/lib64/ld-linux-x86-64.so.2,0,0,1001,27316,27315,(none),172,exec,benign,
1778300646,49658,-0.380464,pre_context,20260508_212407_dns_delete_9ci3sG,20260508_212404_scp_nginx_dns_delete_CMzhrV,vandalism/dns_delete,vandalism,scp_then_ssh,execve,yes,0,/usr/bin/stat,stat,stat -c %Y /var/lib/update-notifier/fsck-at-reboot,stat -c %Y /var/lib/update-notifier/fsck-at-reboot,/,/usr/bin/stat,/usr/bin/stat|/lib64/ld-linux-x86-64.so.2,0,0,1001,27317,27315,(none),172,exec,benign,
1778300646,49659,-0.377465,pre_context,20260508_212407_dns_delete_9ci3sG,20260508_212404_scp_nginx_dns_delete_CMzhrV,vandalism/dns_delete,vandalism,scp_then_ssh,execve,yes,0,/usr/bin/gawk,awk,awk {print $1} /proc/uptime,awk {print $1} /proc/uptime,/,/usr/bin/awk,/usr/bin/awk|/lib64/ld-linux-x86-64.so.2,0,0,1001,27319,27318,(none),172,exec,benign,
1778300646,49660,-0.376464,pre_context,20260508_212407_dns_delete_9ci3sG,20260508_212404_scp_nginx_dns_delete_CMzhrV,vandalism/dns_delete,vandalism,scp_then_ssh,execve,yes,0,/usr/bin/date,date,date -d now - 2892.65 seconds +%s,date -d now - 2892.65 seconds +%s,/,/usr/bin/date,/usr/bin/date|/lib64/ld-linux-x86-64.so.2,0,0,1001,27318,27315,(none),172,exec,benign,
1778300646,49661,-0.375464,pre_context,20260508_212407_dns_delete_9ci3sG,20260508_212404_scp_nginx_dns_delete_CMzhrV,vandalism/dns_delete,vandalism,scp_then_ssh,execve,yes,0,/usr/bin/date,date,date +%s,date +%s,/,/usr/bin/date,/usr/bin/date|/lib64/ld-linux-x86-64.so.2,0,0,1001,27320,27315,(none),172,exec,benign,
1778300646,49662,-0.374465,pre_context,20260508_212407_dns_delete_9ci3sG,20260508_212404_scp_nginx_dns_delete_CMzhrV,vandalism/dns_delete,vandalism,scp_then_ssh,execve,yes,0,/usr/bin/cat,cat,cat /var/lib/update-notifier/fsck-at-reboot,cat /var/lib/update-notifier/fsck-at-reboot,/,/usr/bin/cat,/usr/bin/cat|/lib64/ld-linux-x86-64.so.2,0,0,1001,27321,27315,(none),172,exec,benign,
1778300646,49663,-0.373464,pre_context,20260508_212407_dns_delete_9ci3sG,20260508_212404_scp_nginx_dns_delete_CMzhrV,vandalism/dns_delete,vandalism,scp_then_ssh,execve,yes,0,/usr/bin/dash,98-reboot-requi,/bin/sh /etc/update-motd.d/98-reboot-required,/bin/sh /etc/update-motd.d/98-reboot-required,/,/etc/update-motd.d/98-reboot-required,/etc/update-motd.d/98-reboot-required|/bin/sh|/lib64/ld-linux-x86-64.so.2,0,0,1001,27322,27279,(none),172,exec,benign,
1778300646,49664,-0.371464,pre_context,20260508_212407_dns_delete_9ci3sG,20260508_212404_scp_nginx_dns_delete_CMzhrV,vandalism/dns_delete,vandalism,scp_then_ssh,execve,yes,0,/usr/bin/dash,update-motd-reb,/bin/sh -e /usr/lib/update-notifier/update-motd-reboot-required,/bin/sh /etc/update-motd.d/98-reboot-required,/,/usr/lib/update-notifier/update-motd-reboot-required,/usr/lib/update-notifier/update-motd-reboot-required|/bin/sh|/lib64/ld-linux-x86-64.so.2,0,0,1001,27322,27279,(none),172,exec,benign,
1778300646,49665,-0.370464,pre_context,20260508_212407_dns_delete_9ci3sG,20260508_212404_scp_nginx_dns_delete_CMzhrV,vandalism/dns_delete,vandalism,scp_then_ssh,rename,yes,0,/usr/sbin/sshd,sshd,,/usr/sbin/sshd -D -R,/,/run/,/run/|/run/motd.dynamic.new|/run/motd.dynamic,0,0,1001,27276,21008,(none),172,file_destroy,benign,
1778300646,49666,-0.370464,pre_context,20260508_212407_dns_delete_9ci3sG,20260508_212404_scp_nginx_dns_delete_CMzhrV,vandalism/dns_delete,vandalism,scp_then_ssh,connect,yes,0,/usr/sbin/sshd,sshd,,/usr/sbin/sshd -D -R,/,/run/systemd/userdb/io.systemd.DynamicUser,/run/systemd/userdb/io.systemd.DynamicUser,0,0,1001,27276,21008,(none),172,network_connect,benign,
1778300646,49667,-0.369464,pre_context,20260508_212407_dns_delete_9ci3sG,20260508_212404_scp_nginx_dns_delete_CMzhrV,vandalism/dns_delete,vandalism,scp_then_ssh,connect,yes,0,/usr/sbin/sshd,sshd,,/usr/sbin/sshd -D -R,/,/run/systemd/userdb/io.systemd.DynamicUser,/run/systemd/userdb/io.systemd.DynamicUser,0,0,1001,27276,21008,(none),172,network_connect,benign,
1778300646,49668,-0.369464,pre_context,20260508_212407_dns_delete_9ci3sG,20260508_212404_scp_nginx_dns_delete_CMzhrV,vandalism/dns_delete,vandalism,scp_then_ssh,connect,yes,0,/usr/sbin/sshd,sshd,,/usr/sbin/sshd -D -R,/,/run/systemd/userdb/io.systemd.DynamicUser,/run/systemd/userdb/io.systemd.DynamicUser,0,0,1001,27276,21008,(none),172,network_connect,benign,
1778300646,49669,-0.369464,pre_context,20260508_212407_dns_delete_9ci3sG,20260508_212404_scp_nginx_dns_delete_CMzhrV,vandalism/dns_delete,vandalism,scp_then_ssh,connect,yes,0,/usr/sbin/sshd,sshd,,/usr/sbin/sshd -D -R,/,/run/systemd/userdb/io.systemd.DynamicUser,/run/systemd/userdb/io.systemd.DynamicUser,0,0,1001,27276,21008,(none),172,network_connect,benign,
1778300646,49670,-0.368464,pre_context,20260508_212407_dns_delete_9ci3sG,20260508_212404_scp_nginx_dns_delete_CMzhrV,vandalism/dns_delete,vandalism,scp_then_ssh,connect,yes,0,/usr/sbin/sshd,sshd,,/usr/sbin/sshd -D -R,/,/run/systemd/userdb/io.systemd.DynamicUser,/run/systemd/userdb/io.systemd.DynamicUser,0,0,1001,27276,21008,(none),172,network_connect,benign,
1778300646,49671,-0.368464,pre_context,20260508_212407_dns_delete_9ci3sG,20260508_212404_scp_nginx_dns_delete_CMzhrV,vandalism/dns_delete,vandalism,scp_then_ssh,,,,,,,,,,,,,,,,,,,benign,
1778300646,49672,-0.367465,pre_context,20260508_212407_dns_delete_9ci3sG,20260508_212404_scp_nginx_dns_delete_CMzhrV,vandalism/dns_delete,vandalism,scp_then_ssh,setgid,yes,0,/usr/sbin/sshd,sshd,,sshd: deploy-rkejw [priv],,,,0,0,1001,27323,27276,(none),172,privilege_transition,benign,
1778300646,49673,-0.367465,pre_context,20260508_212407_dns_delete_9ci3sG,20260508_212404_scp_nginx_dns_delete_CMzhrV,vandalism/dns_delete,vandalism,scp_then_ssh,connect,yes,0,/usr/sbin/sshd,sshd,,sshd: deploy-rkejw [priv],/,/run/systemd/userdb/io.systemd.DynamicUser,/run/systemd/userdb/io.systemd.DynamicUser,0,0,1001,27323,27276,(none),172,network_connect,benign,
1778300646,49674,-0.367465,pre_context,20260508_212407_dns_delete_9ci3sG,20260508_212404_scp_nginx_dns_delete_CMzhrV,vandalism/dns_delete,vandalism,scp_then_ssh,connect,yes,0,/usr/sbin/sshd,sshd,,sshd: deploy-rkejw [priv],/,/run/systemd/userdb/io.systemd.DynamicUser,/run/systemd/userdb/io.systemd.DynamicUser,0,0,1001,27323,27276,(none),172,network_connect,benign,
1778300646,49675,-0.366464,pre_context,20260508_212407_dns_delete_9ci3sG,20260508_212404_scp_nginx_dns_delete_CMzhrV,vandalism/dns_delete,vandalism,scp_then_ssh,126,yes,0,/usr/sbin/sshd,sshd,,sshd: deploy-rkejw [priv],,,,0,0,1001,27323,27276,(none),172,privilege_transition,benign,
1778300646,49676,-0.366464,pre_context,20260508_212407_dns_delete_9ci3sG,20260508_212404_scp_nginx_dns_delete_CMzhrV,vandalism/dns_delete,vandalism,scp_then_ssh,,,,,,,,,,,,,,,,,,,benign,
1778300646,49677,-0.366464,pre_context,20260508_212407_dns_delete_9ci3sG,20260508_212404_scp_nginx_dns_delete_CMzhrV,vandalism/dns_delete,vandalism,scp_then_ssh,setresgid,yes,0,/usr/sbin/sshd,sshd,,sshd: deploy-rkejw [priv],,,,0,0,1001,27323,27276,(none),172,privilege_transition,benign,
1778300646,49678,-0.366464,pre_context,20260508_212407_dns_delete_9ci3sG,20260508_212404_scp_nginx_dns_delete_CMzhrV,vandalism/dns_delete,vandalism,scp_then_ssh,setresuid,yes,0,/usr/sbin/sshd,sshd,,sshd: deploy-rkejw [priv],,,,1001,1001,1001,27323,27276,(none),172,privilege_transition,benign,
1778300646,49679,-0.366464,pre_context,20260508_212407_dns_delete_9ci3sG,20260508_212404_scp_nginx_dns_delete_CMzhrV,vandalism/dns_delete,vandalism,scp_then_ssh,setuid,no,-1,/usr/sbin/sshd,sshd,,sshd: deploy-rkejw [priv],,,,1001,1001,1001,27323,27276,(none),172,privilege_transition,benign,
1778300646,49680,-0.366464,pre_context,20260508_212407_dns_delete_9ci3sG,20260508_212404_scp_nginx_dns_delete_CMzhrV,vandalism/dns_delete,vandalism,scp_then_ssh,setresuid,no,-1,/usr/sbin/sshd,sshd,,sshd: deploy-rkejw [priv],,,,1001,1001,1001,27323,27276,(none),172,privilege_transition,benign,
1778300646,49681,-0.319464,pre_context,20260508_212407_dns_delete_9ci3sG,20260508_212404_scp_nginx_dns_delete_CMzhrV,vandalism/dns_delete,vandalism,scp_then_ssh,execve,yes,0,/usr/bin/bash,bash,bash -c mkdir -p /tmp/.cache/aegis_20260508_212407_dns_delete_9ci3sG && test -d /tmp/.cache/aegis_20260508_212407_dns_delete_9ci3sG && test -w /tmp/.cache/aegis_20260508_212407_dns_delete_9ci3sG,bash -c mkdir -p /tmp/.cache/aegis_20260508_212407_dns_delete_9ci3sG && test -d /tmp/.cache/aegis_20260508_212407_dns_delete_9ci,/home/deploy-rkejw,/bin/bash,/bin/bash|/lib64/ld-linux-x86-64.so.2,1001,1001,1001,27324,27323,(none),172,shell_exec,benign,
1778300646,49682,-0.318465,pre_context,20260508_212407_dns_delete_9ci3sG,20260508_212404_scp_nginx_dns_delete_CMzhrV,vandalism/dns_delete,vandalism,scp_then_ssh,execve,yes,0,/usr/bin/mkdir,mkdir,mkdir -p /tmp/.cache/aegis_20260508_212407_dns_delete_9ci3sG,mkdir -p /tmp/.cache/aegis_20260508_212407_dns_delete_9ci3sG,/home/deploy-rkejw,/usr/bin/mkdir,/usr/bin/mkdir|/lib64/ld-linux-x86-64.so.2,1001,1001,1001,27325,27324,(none),172,exec,benign,
1778300646,49683,-0.316464,pre_context,20260508_212407_dns_delete_9ci3sG,20260508_212404_scp_nginx_dns_delete_CMzhrV,vandalism/dns_delete,vandalism,scp_then_ssh,mkdir,no,-17,/usr/bin/mkdir,mkdir,,mkdir -p /tmp/.cache/aegis_20260508_212407_dns_delete_9ci3sG,/tmp,/tmp,/tmp,1001,1001,1001,27325,27324,(none),172,tmp_activity,benign,
1778300646,49684,-0.316464,pre_context,20260508_212407_dns_delete_9ci3sG,20260508_212404_scp_nginx_dns_delete_CMzhrV,vandalism/dns_delete,vandalism,scp_then_ssh,mkdir,yes,0,/usr/bin/mkdir,mkdir,,mkdir -p /tmp/.cache/aegis_20260508_212407_dns_delete_9ci3sG,/tmp/.cache,/tmp/.cache,/tmp/.cache|aegis_20260508_212407_dns_delete_9ci3sG,1001,1001,1001,27325,27324,(none),172,tmp_activity,benign,
1778300646,49685,-0.315464,pre_context,20260508_212407_dns_delete_9ci3sG,20260508_212404_scp_nginx_dns_delete_CMzhrV,vandalism/dns_delete,vandalism,scp_then_ssh,connect,yes,0,/usr/sbin/sshd,sshd,,sshd: deploy-rkejw [priv],/,/dev/log,/dev/log,1001,1001,1001,27323,27276,(none),172,network_connect,benign,
1778300646,49686,-0.315464,pre_context,20260508_212407_dns_delete_9ci3sG,20260508_212404_scp_nginx_dns_delete_CMzhrV,vandalism/dns_delete,vandalism,scp_then_ssh,114,yes,0,/usr/sbin/sshd,sshd,,/usr/sbin/sshd -D -R,,,,0,0,1001,27276,21008,(none),172,privilege_transition,benign,
1778300646,49687,-0.315464,pre_context,20260508_212407_dns_delete_9ci3sG,20260508_212404_scp_nginx_dns_delete_CMzhrV,vandalism/dns_delete,vandalism,scp_then_ssh,setresuid,yes,0,/usr/sbin/sshd,sshd,,/usr/sbin/sshd -D -R,,,,0,1001,1001,27276,21008,(none),172,privilege_transition,benign,
1778300646,49688,-0.315464,pre_context,20260508_212407_dns_delete_9ci3sG,20260508_212404_scp_nginx_dns_delete_CMzhrV,vandalism/dns_delete,vandalism,scp_then_ssh,113,yes,0,/usr/sbin/sshd,sshd,,/usr/sbin/sshd -D -R,,,,0,0,1001,27276,21008,(none),172,privilege_transition,benign,
1778300646,49689,-0.315464,pre_context,20260508_212407_dns_delete_9ci3sG,20260508_212404_scp_nginx_dns_delete_CMzhrV,vandalism/dns_delete,vandalism,scp_then_ssh,114,yes,0,/usr/sbin/sshd,sshd,,/usr/sbin/sshd -D -R,,,,0,0,1001,27276,21008,(none),172,privilege_transition,benign,
1778300646,49690,-0.314464,pre_context,20260508_212407_dns_delete_9ci3sG,20260508_212404_scp_nginx_dns_delete_CMzhrV,vandalism/dns_delete,vandalism,scp_then_ssh,connect,yes,0,/usr/sbin/sshd,sshd,,/usr/sbin/sshd -D -R,/,/run/dbus/system_bus_socket,/run/dbus/system_bus_socket,0,0,1001,27276,21008,(none),172,network_connect,benign,
1778300646,49691,-0.314464,pre_context,20260508_212407_dns_delete_9ci3sG,20260508_212404_scp_nginx_dns_delete_CMzhrV,vandalism/dns_delete,vandalism,scp_then_ssh,,,,,,,,,,,,,,,,,,,benign,
1778300646,49692,-0.314464,pre_context,20260508_212407_dns_delete_9ci3sG,20260508_212404_scp_nginx_dns_delete_CMzhrV,vandalism/dns_delete,vandalism,scp_then_ssh,,,,,,,,,,,,,,,,,,,benign,
1778300646,49693,-0.314464,pre_context,20260508_212407_dns_delete_9ci3sG,20260508_212404_scp_nginx_dns_delete_CMzhrV,vandalism/dns_delete,vandalism,scp_then_ssh,setresgid,yes,0,/usr/sbin/sshd,sshd,,/usr/sbin/sshd -D -R,,,,0,0,1001,27276,21008,(none),172,privilege_transition,benign,
1778300646,49694,-0.314464,pre_context,20260508_212407_dns_delete_9ci3sG,20260508_212404_scp_nginx_dns_delete_CMzhrV,vandalism/dns_delete,vandalism,scp_then_ssh,setresuid,yes,0,/usr/sbin/sshd,sshd,,/usr/sbin/sshd -D -R,,,,0,1001,1001,27276,21008,(none),172,privilege_transition,benign,
1778300646,49695,-0.314464,pre_context,20260508_212407_dns_delete_9ci3sG,20260508_212404_scp_nginx_dns_delete_CMzhrV,vandalism/dns_delete,vandalism,scp_then_ssh,setresuid,yes,0,/usr/sbin/sshd,sshd,,/usr/sbin/sshd -D -R,,,,0,0,1001,27276,21008,(none),172,privilege_transition,benign,
1778300646,49696,-0.313464,pre_context,20260508_212407_dns_delete_9ci3sG,20260508_212404_scp_nginx_dns_delete_CMzhrV,vandalism/dns_delete,vandalism,scp_then_ssh,setresgid,yes,0,/usr/sbin/sshd,sshd,,/usr/sbin/sshd -D -R,,,,0,0,1001,27276,21008,(none),172,privilege_transition,benign,
1778300646,49697,-0.289464,pre_context,20260508_212407_dns_delete_9ci3sG,20260508_212404_scp_nginx_dns_delete_CMzhrV,vandalism/dns_delete,vandalism,scp_then_ssh,openat,yes,3,/usr/bin/bash,bash,,bash ./baseline_workload.sh worker 20260509_041538,/home/analyst/baseline_workload/run_20260509_041538,scripts/,scripts/|scripts/process_11_31680.py,1000,1000,1000,27326,15400,(none),25,home_activity,benign,
1778300646,49698,-0.289464,pre_context,20260508_212407_dns_delete_9ci3sG,20260508_212404_scp_nginx_dns_delete_CMzhrV,vandalism/dns_delete,vandalism,scp_then_ssh,execve,yes,0,/usr/bin/cat,cat,cat,bash ./baseline_workload.sh worker 20260509_041538,/home/analyst/baseline_workload/run_20260509_041538,/usr/bin/cat,/usr/bin/cat|/lib64/ld-linux-x86-64.so.2,1000,1000,1000,27326,15400,(none),25,exec,benign,
1778300646,49699,-0.288465,pre_context,20260508_212407_dns_delete_9ci3sG,20260508_212404_scp_nginx_dns_delete_CMzhrV,vandalism/dns_delete,vandalism,scp_then_ssh,openat,yes,3,/usr/bin/bash,bash,,bash ./baseline_workload.sh worker 20260509_041538,/home/analyst/baseline_workload/run_20260509_041538,logs/,logs/|logs/python_11.log,1000,1000,1000,27327,15400,(none),25,home_activity,benign,
1778300646,49700,-0.287464,pre_context,20260508_212407_dns_delete_9ci3sG,20260508_212404_scp_nginx_dns_delete_CMzhrV,vandalism/dns_delete,vandalism,scp_then_ssh,execve,yes,0,/usr/bin/python3.12,python3,python3 scripts/process_11_31680.py,bash ./baseline_workload.sh worker 20260509_041538,/home/analyst/baseline_workload/run_20260509_041538,/usr/bin/python3,/usr/bin/python3|/lib64/ld-linux-x86-64.so.2,1000,1000,1000,27327,15400,(none),25,exec,benign,
1778300646,49701,-0.274464,pre_context,20260508_212407_dns_delete_9ci3sG,20260508_212404_scp_nginx_dns_delete_CMzhrV,vandalism/dns_delete,vandalism,scp_then_ssh,mkdir,no,-17,/usr/bin/python3.12,python3,,bash ./baseline_workload.sh worker 20260509_041538,/home/analyst/baseline_workload/run_20260509_041538,projects/project_11/,projects/project_11/,1000,1000,1000,27327,15400,(none),25,home_activity,benign,
1778300646,49702,-0.274464,pre_context,20260508_212407_dns_delete_9ci3sG,20260508_212404_scp_nginx_dns_delete_CMzhrV,vandalism/dns_delete,vandalism,scp_then_ssh,openat,yes,3,/usr/bin/python3.12,python3,,bash ./baseline_workload.sh worker 20260509_041538,/home/analyst/baseline_workload/run_20260509_041538,projects/project_11/data/,projects/project_11/data/|projects/project_11/data/output_3905.txt,1000,1000,1000,27327,15400,(none),25,home_activity,benign,
1778300646,49703,-0.272465,pre_context,20260508_212407_dns_delete_9ci3sG,20260508_212404_scp_nginx_dns_delete_CMzhrV,vandalism/dns_delete,vandalism,scp_then_ssh,execve,yes,0,/usr/sbin/sshd,sshd,/usr/sbin/sshd -D -R,/usr/sbin/sshd -D -R,/,/usr/sbin/sshd,/usr/sbin/sshd|/lib64/ld-linux-x86-64.so.2,0,0,4294967295,27328,21008,(none),4294967295,exec,benign,
1778300646,49704,-0.268464,pre_context,20260508_212407_dns_delete_9ci3sG,20260508_212404_scp_nginx_dns_delete_CMzhrV,vandalism/dns_delete,vandalism,scp_then_ssh,connect,no,-2,/usr/sbin/sshd,sshd,,/usr/sbin/sshd -D -R,/,/var/run/nscd/socket,/var/run/nscd/socket,0,0,4294967295,27328,21008,(none),4294967295,network_connect,benign,
1778300646,49705,-0.268464,pre_context,20260508_212407_dns_delete_9ci3sG,20260508_212404_scp_nginx_dns_delete_CMzhrV,vandalism/dns_delete,vandalism,scp_then_ssh,execve,yes,0,/usr/bin/sleep,sleep,sleep 1,sleep 1,/home/analyst/baseline_workload/run_20260509_041538,/usr/bin/sleep,/usr/bin/sleep|/lib64/ld-linux-x86-64.so.2,1000,1000,1000,27329,15400,(none),25,exec,benign,
1778300646,49706,-0.267464,pre_context,20260508_212407_dns_delete_9ci3sG,20260508_212404_scp_nginx_dns_delete_CMzhrV,vandalism/dns_delete,vandalism,scp_then_ssh,connect,yes,0,/usr/sbin/sshd,sshd,,/usr/sbin/sshd -D -R,,,,0,0,4294967295,27328,21008,(none),4294967295,network_connect,benign,
1778300646,49707,-0.267464,pre_context,20260508_212407_dns_delete_9ci3sG,20260508_212404_scp_nginx_dns_delete_CMzhrV,vandalism/dns_delete,vandalism,scp_then_ssh,connect,yes,0,/usr/sbin/sshd,sshd,,/usr/sbin/sshd -D -R,,,,0,0,4294967295,27328,21008,(none),4294967295,network_connect,benign,
1778300646,49708,-0.267464,pre_context,20260508_212407_dns_delete_9ci3sG,20260508_212404_scp_nginx_dns_delete_CMzhrV,vandalism/dns_delete,vandalism,scp_then_ssh,connect,yes,0,/usr/sbin/sshd,sshd,,/usr/sbin/sshd -D -R,,,,0,0,4294967295,27328,21008,(none),4294967295,network_connect,benign,
1778300646,49709,-0.267464,pre_context,20260508_212407_dns_delete_9ci3sG,20260508_212404_scp_nginx_dns_delete_CMzhrV,vandalism/dns_delete,vandalism,scp_then_ssh,connect,no,-2,/usr/sbin/sshd,sshd,,/usr/sbin/sshd -D -R,/,/var/run/nscd/socket,/var/run/nscd/socket,0,0,4294967295,27328,21008,(none),4294967295,network_connect,benign,
1778300646,49710,-0.266464,pre_context,20260508_212407_dns_delete_9ci3sG,20260508_212404_scp_nginx_dns_delete_CMzhrV,vandalism/dns_delete,vandalism,scp_then_ssh,connect,no,-2,/usr/sbin/sshd,sshd,,/usr/sbin/sshd -D -R,/,/var/run/nscd/socket,/var/run/nscd/socket,0,0,4294967295,27328,21008,(none),4294967295,network_connect,benign,
1778300646,49711,-0.264464,pre_context,20260508_212407_dns_delete_9ci3sG,20260508_212404_scp_nginx_dns_delete_CMzhrV,vandalism/dns_delete,vandalism,scp_then_ssh,setresgid,yes,0,/usr/sbin/sshd,sshd,,sshd: [accepted],,,,0,0,4294967295,27330,27328,(none),4294967295,privilege_transition,benign,
1778300646,49712,-0.264464,pre_context,20260508_212407_dns_delete_9ci3sG,20260508_212404_scp_nginx_dns_delete_CMzhrV,vandalism/dns_delete,vandalism,scp_then_ssh,setresuid,yes,0,/usr/sbin/sshd,sshd,,sshd: [accepted],,,,109,109,4294967295,27330,27328,(none),4294967295,privilege_transition,benign,
1778300646,49713,-0.264464,pre_context,20260508_212407_dns_delete_9ci3sG,20260508_212404_scp_nginx_dns_delete_CMzhrV,vandalism/dns_delete,vandalism,scp_then_ssh,setgid,no,-1,/usr/sbin/sshd,sshd,,sshd: [accepted],,,,109,109,4294967295,27330,27328,(none),4294967295,privilege_transition,benign,
1778300646,49714,-0.264464,pre_context,20260508_212407_dns_delete_9ci3sG,20260508_212404_scp_nginx_dns_delete_CMzhrV,vandalism/dns_delete,vandalism,scp_then_ssh,setresgid,no,-1,/usr/sbin/sshd,sshd,,sshd: [accepted],,,,109,109,4294967295,27330,27328,(none),4294967295,privilege_transition,benign,
1778300646,49715,-0.264464,pre_context,20260508_212407_dns_delete_9ci3sG,20260508_212404_scp_nginx_dns_delete_CMzhrV,vandalism/dns_delete,vandalism,scp_then_ssh,setuid,no,-1,/usr/sbin/sshd,sshd,,sshd: [accepted],,,,109,109,4294967295,27330,27328,(none),4294967295,privilege_transition,benign,
1778300646,49716,-0.264464,pre_context,20260508_212407_dns_delete_9ci3sG,20260508_212404_scp_nginx_dns_delete_CMzhrV,vandalism/dns_delete,vandalism,scp_then_ssh,setresuid,no,-1,/usr/sbin/sshd,sshd,,sshd: [accepted],,,,109,109,4294967295,27330,27328,(none),4294967295,privilege_transition,benign,
1778300647,49717,-0.160465,pre_context,20260508_212407_dns_delete_9ci3sG,20260508_212404_scp_nginx_dns_delete_CMzhrV,vandalism/dns_delete,vandalism,scp_then_ssh,connect,no,-2,/usr/sbin/sshd,sshd,,/usr/sbin/sshd -D -R,/,/var/run/nscd/socket,/var/run/nscd/socket,0,0,4294967295,27328,21008,(none),4294967295,network_connect,benign,
1778300647,49718,-0.160465,pre_context,20260508_212407_dns_delete_9ci3sG,20260508_212404_scp_nginx_dns_delete_CMzhrV,vandalism/dns_delete,vandalism,scp_then_ssh,connect,no,-2,/usr/sbin/sshd,sshd,,/usr/sbin/sshd -D -R,/,/var/run/nscd/socket,/var/run/nscd/socket,0,0,4294967295,27328,21008,(none),4294967295,network_connect,benign,
1778300647,49719,-0.160465,pre_context,20260508_212407_dns_delete_9ci3sG,20260508_212404_scp_nginx_dns_delete_CMzhrV,vandalism/dns_delete,vandalism,scp_then_ssh,connect,yes,0,/usr/sbin/sshd,sshd,,/usr/sbin/sshd -D -R,/,/run/systemd/userdb/io.systemd.DynamicUser,/run/systemd/userdb/io.systemd.DynamicUser,0,0,4294967295,27328,21008,(none),4294967295,network_connect,benign,
1778300647,49720,-0.160465,pre_context,20260508_212407_dns_delete_9ci3sG,20260508_212404_scp_nginx_dns_delete_CMzhrV,vandalism/dns_delete,vandalism,scp_then_ssh,setresgid,yes,0,/usr/sbin/sshd,sshd,,/usr/sbin/sshd -D -R,,,,0,0,4294967295,27328,21008,(none),4294967295,privilege_transition,benign,
1778300647,49721,-0.160465,pre_context,20260508_212407_dns_delete_9ci3sG,20260508_212404_scp_nginx_dns_delete_CMzhrV,vandalism/dns_delete,vandalism,scp_then_ssh,setresuid,yes,0,/usr/sbin/sshd,sshd,,/usr/sbin/sshd -D -R,,,,0,1001,4294967295,27328,21008,(none),4294967295,privilege_transition,benign,
1778300647,49722,-0.160465,pre_context,20260508_212407_dns_delete_9ci3sG,20260508_212404_scp_nginx_dns_delete_CMzhrV,vandalism/dns_delete,vandalism,scp_then_ssh,setresuid,yes,0,/usr/sbin/sshd,sshd,,/usr/sbin/sshd -D -R,,,,0,0,4294967295,27328,21008,(none),4294967295,privilege_transition,benign,
1778300647,49723,-0.160465,pre_context,20260508_212407_dns_delete_9ci3sG,20260508_212404_scp_nginx_dns_delete_CMzhrV,vandalism/dns_delete,vandalism,scp_then_ssh,setresgid,yes,0,/usr/sbin/sshd,sshd,,/usr/sbin/sshd -D -R,,,,0,0,4294967295,27328,21008,(none),4294967295,privilege_transition,benign,
1778300647,49724,-0.160465,pre_context,20260508_212407_dns_delete_9ci3sG,20260508_212404_scp_nginx_dns_delete_CMzhrV,vandalism/dns_delete,vandalism,scp_then_ssh,setresgid,yes,0,/usr/sbin/sshd,sshd,,/usr/sbin/sshd -D -R,,,,0,0,4294967295,27328,21008,(none),4294967295,privilege_transition,benign,
1778300647,49725,-0.160465,pre_context,20260508_212407_dns_delete_9ci3sG,20260508_212404_scp_nginx_dns_delete_CMzhrV,vandalism/dns_delete,vandalism,scp_then_ssh,setresuid,yes,0,/usr/sbin/sshd,sshd,,/usr/sbin/sshd -D -R,,,,0,1001,4294967295,27328,21008,(none),4294967295,privilege_transition,benign,
1778300647,49726,-0.159464,pre_context,20260508_212407_dns_delete_9ci3sG,20260508_212404_scp_nginx_dns_delete_CMzhrV,vandalism/dns_delete,vandalism,scp_then_ssh,connect,yes,0,/usr/sbin/sshd,sshd,,/usr/sbin/sshd -D -R,/,/dev/log,/dev/log,0,1001,4294967295,27328,21008,(none),4294967295,network_connect,benign,
1778300647,49727,-0.159464,pre_context,20260508_212407_dns_delete_9ci3sG,20260508_212404_scp_nginx_dns_delete_CMzhrV,vandalism/dns_delete,vandalism,scp_then_ssh,setresuid,yes,0,/usr/sbin/sshd,sshd,,/usr/sbin/sshd -D -R,,,,0,0,4294967295,27328,21008,(none),4294967295,privilege_transition,benign,
1778300647,49728,-0.159464,pre_context,20260508_212407_dns_delete_9ci3sG,20260508_212404_scp_nginx_dns_delete_CMzhrV,vandalism/dns_delete,vandalism,scp_then_ssh,setresgid,yes,0,/usr/sbin/sshd,sshd,,/usr/sbin/sshd -D -R,,,,0,0,4294967295,27328,21008,(none),4294967295,privilege_transition,benign,
1778300647,49729,-0.159464,pre_context,20260508_212407_dns_delete_9ci3sG,20260508_212404_scp_nginx_dns_delete_CMzhrV,vandalism/dns_delete,vandalism,scp_then_ssh,,,,,,,,,,,,,,,,,,,benign,
1778300647,49730,-0.154464,pre_context,20260508_212407_dns_delete_9ci3sG,20260508_212404_scp_nginx_dns_delete_CMzhrV,vandalism/dns_delete,vandalism,scp_then_ssh,setresgid,yes,0,/usr/sbin/sshd,sshd,,/usr/sbin/sshd -D -R,,,,0,0,4294967295,27328,21008,(none),4294967295,privilege_transition,benign,
1778300647,49731,-0.154464,pre_context,20260508_212407_dns_delete_9ci3sG,20260508_212404_scp_nginx_dns_delete_CMzhrV,vandalism/dns_delete,vandalism,scp_then_ssh,setresuid,yes,0,/usr/sbin/sshd,sshd,,/usr/sbin/sshd -D -R,,,,0,1001,4294967295,27328,21008,(none),4294967295,privilege_transition,benign,
1778300647,49732,-0.154464,pre_context,20260508_212407_dns_delete_9ci3sG,20260508_212404_scp_nginx_dns_delete_CMzhrV,vandalism/dns_delete,vandalism,scp_then_ssh,setresuid,yes,0,/usr/sbin/sshd,sshd,,/usr/sbin/sshd -D -R,,,,0,0,4294967295,27328,21008,(none),4294967295,privilege_transition,benign,
1778300647,49733,-0.154464,pre_context,20260508_212407_dns_delete_9ci3sG,20260508_212404_scp_nginx_dns_delete_CMzhrV,vandalism/dns_delete,vandalism,scp_then_ssh,setresgid,yes,0,/usr/sbin/sshd,sshd,,/usr/sbin/sshd -D -R,,,,0,0,4294967295,27328,21008,(none),4294967295,privilege_transition,benign,
1778300647,49734,-0.154464,pre_context,20260508_212407_dns_delete_9ci3sG,20260508_212404_scp_nginx_dns_delete_CMzhrV,vandalism/dns_delete,vandalism,scp_then_ssh,setresgid,yes,0,/usr/sbin/sshd,sshd,,/usr/sbin/sshd -D -R,,,,0,0,4294967295,27328,21008,(none),4294967295,privilege_transition,benign,
1778300647,49735,-0.154464,pre_context,20260508_212407_dns_delete_9ci3sG,20260508_212404_scp_nginx_dns_delete_CMzhrV,vandalism/dns_delete,vandalism,scp_then_ssh,setresuid,yes,0,/usr/sbin/sshd,sshd,,/usr/sbin/sshd -D -R,,,,0,1001,4294967295,27328,21008,(none),4294967295,privilege_transition,benign,
1778300647,49736,-0.154464,pre_context,20260508_212407_dns_delete_9ci3sG,20260508_212404_scp_nginx_dns_delete_CMzhrV,vandalism/dns_delete,vandalism,scp_then_ssh,connect,yes,0,/usr/sbin/sshd,sshd,,/usr/sbin/sshd -D -R,/,/dev/log,/dev/log,0,1001,4294967295,27328,21008,(none),4294967295,network_connect,benign,
1778300647,49737,-0.154464,pre_context,20260508_212407_dns_delete_9ci3sG,20260508_212404_scp_nginx_dns_delete_CMzhrV,vandalism/dns_delete,vandalism,scp_then_ssh,setresuid,yes,0,/usr/sbin/sshd,sshd,,/usr/sbin/sshd -D -R,,,,0,0,4294967295,27328,21008,(none),4294967295,privilege_transition,benign,
1778300647,49738,-0.154464,pre_context,20260508_212407_dns_delete_9ci3sG,20260508_212404_scp_nginx_dns_delete_CMzhrV,vandalism/dns_delete,vandalism,scp_then_ssh,setresgid,yes,0,/usr/sbin/sshd,sshd,,/usr/sbin/sshd -D -R,,,,0,0,4294967295,27328,21008,(none),4294967295,privilege_transition,benign,
1778300647,49739,-0.154464,pre_context,20260508_212407_dns_delete_9ci3sG,20260508_212404_scp_nginx_dns_delete_CMzhrV,vandalism/dns_delete,vandalism,scp_then_ssh,,,,,,,,,,,,,,,,,,,benign,
1778300647,49740,-0.127465,pre_context,20260508_212407_dns_delete_9ci3sG,20260508_212404_scp_nginx_dns_delete_CMzhrV,vandalism/dns_delete,vandalism,scp_then_ssh,connect,yes,0,/usr/sbin/sshd,sshd,,/usr/sbin/sshd -D -R,/,/run/systemd/userdb/io.systemd.DynamicUser,/run/systemd/userdb/io.systemd.DynamicUser,0,0,4294967295,27328,21008,(none),4294967295,network_connect,benign,
1778300647,49741,-0.127465,pre_context,20260508_212407_dns_delete_9ci3sG,20260508_212404_scp_nginx_dns_delete_CMzhrV,vandalism/dns_delete,vandalism,scp_then_ssh,,,,,,,,,,,,,,,,,,,benign,
1778300647,49742,-0.121464,pre_context,20260508_212407_dns_delete_9ci3sG,20260508_212404_scp_nginx_dns_delete_CMzhrV,vandalism/dns_delete,vandalism,scp_then_ssh,,,,,,,,,,,,,,,,,,,benign,
1778300647,49743,-0.121464,pre_context,20260508_212407_dns_delete_9ci3sG,20260508_212404_scp_nginx_dns_delete_CMzhrV,vandalism/dns_delete,vandalism,scp_then_ssh,connect,yes,0,/usr/sbin/sshd,sshd,,/usr/sbin/sshd -D -R,/,/dev/log,/dev/log,0,0,4294967295,27328,21008,(none),4294967295,network_connect,benign,
1778300647,49744,-0.120464,pre_context,20260508_212407_dns_delete_9ci3sG,20260508_212404_scp_nginx_dns_delete_CMzhrV,vandalism/dns_delete,vandalism,scp_then_ssh,connect,yes,0,/usr/sbin/sshd,sshd,,/usr/sbin/sshd -D -R,/,/run/systemd/userdb/io.systemd.DynamicUser,/run/systemd/userdb/io.systemd.DynamicUser,0,0,4294967295,27328,21008,(none),4294967295,network_connect,benign,
1778300647,49745,-0.120464,pre_context,20260508_212407_dns_delete_9ci3sG,20260508_212404_scp_nginx_dns_delete_CMzhrV,vandalism/dns_delete,vandalism,scp_then_ssh,126,yes,0,/usr/sbin/sshd,sshd,,/usr/sbin/sshd -D -R,,,,0,0,4294967295,27328,21008,(none),4294967295,privilege_transition,benign,
1778300647,49746,-0.120464,pre_context,20260508_212407_dns_delete_9ci3sG,20260508_212404_scp_nginx_dns_delete_CMzhrV,vandalism/dns_delete,vandalism,scp_then_ssh,,,,,,,,,,,,,,,,,,,benign,
1778300647,49747,-0.119464,pre_context,20260508_212407_dns_delete_9ci3sG,20260508_212404_scp_nginx_dns_delete_CMzhrV,vandalism/dns_delete,vandalism,scp_then_ssh,77,yes,0,/usr/sbin/sshd,sshd,,/usr/sbin/sshd -D -R,,,,0,0,4294967295,27328,21008,(none),4294967295,file_destroy,benign,
1778300647,49748,-0.119464,pre_context,20260508_212407_dns_delete_9ci3sG,20260508_212404_scp_nginx_dns_delete_CMzhrV,vandalism/dns_delete,vandalism,scp_then_ssh,write,yes,4,/usr/sbin/sshd,sshd,,/usr/sbin/sshd -D -R,,,,0,0,1001,27328,21008,(none),173,(null),benign,
1778300647,49749,-0.119464,pre_context,20260508_212407_dns_delete_9ci3sG,20260508_212404_scp_nginx_dns_delete_CMzhrV,vandalism/dns_delete,vandalism,scp_then_ssh,114,yes,0,/usr/sbin/sshd,sshd,,/usr/sbin/sshd -D -R,,,,0,0,1001,27328,21008,(none),173,privilege_transition,benign,
1778300647,49750,-0.119464,pre_context,20260508_212407_dns_delete_9ci3sG,20260508_212404_scp_nginx_dns_delete_CMzhrV,vandalism/dns_delete,vandalism,scp_then_ssh,113,yes,0,/usr/sbin/sshd,sshd,,/usr/sbin/sshd -D -R,,,,1001,0,1001,27328,21008,(none),173,privilege_transition,benign,
1778300647,49751,-0.119464,pre_context,20260508_212407_dns_delete_9ci3sG,20260508_212404_scp_nginx_dns_delete_CMzhrV,vandalism/dns_delete,vandalism,scp_then_ssh,113,yes,0,/usr/sbin/sshd,sshd,,/usr/sbin/sshd -D -R,,,,0,0,1001,27328,21008,(none),173,privilege_transition,benign,
1778300647,49752,-0.119464,pre_context,20260508_212407_dns_delete_9ci3sG,20260508_212404_scp_nginx_dns_delete_CMzhrV,vandalism/dns_delete,vandalism,scp_then_ssh,114,yes,0,/usr/sbin/sshd,sshd,,/usr/sbin/sshd -D -R,,,,0,0,1001,27328,21008,(none),173,privilege_transition,benign,
1778300647,49753,-0.119464,pre_context,20260508_212407_dns_delete_9ci3sG,20260508_212404_scp_nginx_dns_delete_CMzhrV,vandalism/dns_delete,vandalism,scp_then_ssh,connect,yes,0,/usr/sbin/sshd,sshd,,/usr/sbin/sshd -D -R,/,/dev/log,/dev/log,0,0,1001,27328,21008,(none),173,network_connect,benign,
1778300647,49754,-0.119464,pre_context,20260508_212407_dns_delete_9ci3sG,20260508_212404_scp_nginx_dns_delete_CMzhrV,vandalism/dns_delete,vandalism,scp_then_ssh,connect,no,-2,/usr/sbin/sshd,sshd,,/usr/sbin/sshd -D -R,/,/run/systemd/userdb/io.systemd.Multiplexer,/run/systemd/userdb/io.systemd.Multiplexer,0,0,1001,27328,21008,(none),173,network_connect,benign,
1778300647,49755,-0.119464,pre_context,20260508_212407_dns_delete_9ci3sG,20260508_212404_scp_nginx_dns_delete_CMzhrV,vandalism/dns_delete,vandalism,scp_then_ssh,connect,yes,0,/usr/sbin/sshd,sshd,,/usr/sbin/sshd -D -R,/,/run/systemd/userdb/io.systemd.DynamicUser,/run/systemd/userdb/io.systemd.DynamicUser,0,0,1001,27328,21008,(none),173,network_connect,benign,
1778300647,49756,-0.119464,pre_context,20260508_212407_dns_delete_9ci3sG,20260508_212404_scp_nginx_dns_delete_CMzhrV,vandalism/dns_delete,vandalism,scp_then_ssh,connect,yes,0,/usr/sbin/sshd,sshd,,/usr/sbin/sshd -D -R,/,/run/dbus/system_bus_socket,/run/dbus/system_bus_socket,0,0,1001,27328,21008,(none),173,network_connect,benign,
1778300647,49757,-0.111465,pre_context,20260508_212407_dns_delete_9ci3sG,20260508_212404_scp_nginx_dns_delete_CMzhrV,vandalism/dns_delete,vandalism,scp_then_ssh,execve,yes,0,/usr/bin/dash,sh,sh -c -- /usr/bin/env -i PATH=/usr/local/sbin:/usr/local/bin:/usr/sbin:/usr/bin:/sbin:/bin run-parts --lsbsysinit /etc/update-motd.d > /run/motd.dynamic.new,sh -c -- /usr/bin/env -i PATH=/usr/local/sbin:/usr/local/bin:/usr/sbin:/usr/bin:/sbin:/bin run-parts --lsbsysinit /etc/update-mo,/,/bin/sh,/bin/sh|/lib64/ld-linux-x86-64.so.2,0,0,1001,27331,27328,(none),173,exec,benign,
1778300647,49758,-0.110464,pre_context,20260508_212407_dns_delete_9ci3sG,20260508_212404_scp_nginx_dns_delete_CMzhrV,vandalism/dns_delete,vandalism,scp_then_ssh,execve,yes,0,/usr/bin/env,env,/usr/bin/env -i PATH=/usr/local/sbin:/usr/local/bin:/usr/sbin:/usr/bin:/sbin:/bin run-parts --lsbsysinit /etc/update-motd.d,/usr/bin/env -i PATH=/usr/local/sbin:/usr/local/bin:/usr/sbin:/usr/bin:/sbin:/bin run-parts --lsbsysinit /etc/update-motd.d,/,/usr/bin/env,/usr/bin/env|/lib64/ld-linux-x86-64.so.2,0,0,1001,27332,27331,(none),173,exec,benign,
1778300647,49759,-0.109464,pre_context,20260508_212407_dns_delete_9ci3sG,20260508_212404_scp_nginx_dns_delete_CMzhrV,vandalism/dns_delete,vandalism,scp_then_ssh,execve,no,-2,/usr/bin/env,env,,/usr/bin/env -i PATH=/usr/local/sbin:/usr/local/bin:/usr/sbin:/usr/bin:/sbin:/bin run-parts --lsbsysinit /etc/update-motd.d,/,/usr/local/sbin/run-parts,/usr/local/sbin/run-parts,0,0,1001,27332,27331,(none),173,exec,benign,
1778300647,49760,-0.109464,pre_context,20260508_212407_dns_delete_9ci3sG,20260508_212404_scp_nginx_dns_delete_CMzhrV,vandalism/dns_delete,vandalism,scp_then_ssh,execve,no,-2,/usr/bin/env,env,,/usr/bin/env -i PATH=/usr/local/sbin:/usr/local/bin:/usr/sbin:/usr/bin:/sbin:/bin run-parts --lsbsysinit /etc/update-motd.d,/,/usr/local/bin/run-parts,/usr/local/bin/run-parts,0,0,1001,27332,27331,(none),173,exec,benign,
1778300647,49761,-0.109464,pre_context,20260508_212407_dns_delete_9ci3sG,20260508_212404_scp_nginx_dns_delete_CMzhrV,vandalism/dns_delete,vandalism,scp_then_ssh,execve,no,-2,/usr/bin/env,env,,/usr/bin/env -i PATH=/usr/local/sbin:/usr/local/bin:/usr/sbin:/usr/bin:/sbin:/bin run-parts --lsbsysinit /etc/update-motd.d,/,/usr/sbin/run-parts,/usr/sbin/run-parts,0,0,1001,27332,27331,(none),173,exec,benign,
1778300647,49762,-0.109464,pre_context,20260508_212407_dns_delete_9ci3sG,20260508_212404_scp_nginx_dns_delete_CMzhrV,vandalism/dns_delete,vandalism,scp_then_ssh,execve,yes,0,/usr/bin/run-parts,run-parts,run-parts --lsbsysinit /etc/update-motd.d,/usr/bin/env -i PATH=/usr/local/sbin:/usr/local/bin:/usr/sbin:/usr/bin:/sbin:/bin run-parts --lsbsysinit /etc/update-motd.d,/,/usr/bin/run-parts,/usr/bin/run-parts|/lib64/ld-linux-x86-64.so.2,0,0,1001,27332,27331,(none),173,exec,benign,
1778300647,49763,-0.106464,pre_context,20260508_212407_dns_delete_9ci3sG,20260508_212404_scp_nginx_dns_delete_CMzhrV,vandalism/dns_delete,vandalism,scp_then_ssh,execve,yes,0,/usr/bin/dash,00-header,/bin/sh /etc/update-motd.d/00-header,/bin/sh /etc/update-motd.d/00-header,/,/etc/update-motd.d/00-header,/etc/update-motd.d/00-header|/bin/sh|/lib64/ld-linux-x86-64.so.2,0,0,1001,27333,27332,(none),173,exec,benign,
1778300647,49764,-0.106464,pre_context,20260508_212407_dns_delete_9ci3sG,20260508_212404_scp_nginx_dns_delete_CMzhrV,vandalism/dns_delete,vandalism,scp_then_ssh,execve,yes,0,/usr/bin/uname,uname,uname -o,uname -o,/,/usr/bin/uname,/usr/bin/uname|/lib64/ld-linux-x86-64.so.2,0,0,1001,27334,27333,(none),173,exec,benign,
1778300647,49765,-0.104465,pre_context,20260508_212407_dns_delete_9ci3sG,20260508_212404_scp_nginx_dns_delete_CMzhrV,vandalism/dns_delete,vandalism,scp_then_ssh,execve,yes,0,/usr/bin/uname,uname,uname -r,uname -r,/,/usr/bin/uname,/usr/bin/uname|/lib64/ld-linux-x86-64.so.2,0,0,1001,27335,27333,(none),173,exec,benign,
1778300647,49766,-0.103464,pre_context,20260508_212407_dns_delete_9ci3sG,20260508_212404_scp_nginx_dns_delete_CMzhrV,vandalism/dns_delete,vandalism,scp_then_ssh,execve,yes,0,/usr/bin/uname,uname,uname -m,uname -m,/,/usr/bin/uname,/usr/bin/uname|/lib64/ld-linux-x86-64.so.2,0,0,1001,27336,27333,(none),173,exec,benign,
1778300647,49767,-0.100464,pre_context,20260508_212407_dns_delete_9ci3sG,20260508_212404_scp_nginx_dns_delete_CMzhrV,vandalism/dns_delete,vandalism,scp_then_ssh,execve,yes,0,/usr/bin/dash,10-help-text,/bin/sh /etc/update-motd.d/10-help-text,/bin/sh /etc/update-motd.d/10-help-text,/,/etc/update-motd.d/10-help-text,/etc/update-motd.d/10-help-text|/bin/sh|/lib64/ld-linux-x86-64.so.2,0,0,1001,27337,27332,(none),173,exec,benign,
1778300647,49768,-0.099464,pre_context,20260508_212407_dns_delete_9ci3sG,20260508_212404_scp_nginx_dns_delete_CMzhrV,vandalism/dns_delete,vandalism,scp_then_ssh,execve,yes,0,/usr/bin/dash,50-landscape-sy,/bin/sh /etc/update-motd.d/50-landscape-sysinfo,/bin/sh /etc/update-motd.d/50-landscape-sysinfo,/,/etc/update-motd.d/50-landscape-sysinfo,/etc/update-motd.d/50-landscape-sysinfo|/bin/sh|/lib64/ld-linux-x86-64.so.2,0,0,1001,27338,27332,(none),173,exec,benign,
1778300647,49769,-0.098464,pre_context,20260508_212407_dns_delete_9ci3sG,20260508_212404_scp_nginx_dns_delete_CMzhrV,vandalism/dns_delete,vandalism,scp_then_ssh,execve,yes,0,/usr/bin/find,find,find /var/lib/landscape/landscape-sysinfo.cache -newermt now-1 minutes,find /var/lib/landscape/landscape-sysinfo.cache -newermt now-1 minutes,/,/usr/bin/find,/usr/bin/find|/lib64/ld-linux-x86-64.so.2,0,0,1001,27339,27338,(none),173,exec,benign,
1778300647,49770,-0.094465,pre_context,20260508_212407_dns_delete_9ci3sG,20260508_212404_scp_nginx_dns_delete_CMzhrV,vandalism/dns_delete,vandalism,scp_then_ssh,execve,yes,0,/usr/bin/cat,cat,cat /var/lib/landscape/landscape-sysinfo.cache,cat /var/lib/landscape/landscape-sysinfo.cache,/,/usr/bin/cat,/usr/bin/cat|/lib64/ld-linux-x86-64.so.2,0,0,1001,27340,27338,(none),173,exec,benign,
1778300647,49771,-0.093464,pre_context,20260508_212407_dns_delete_9ci3sG,20260508_212404_scp_nginx_dns_delete_CMzhrV,vandalism/dns_delete,vandalism,scp_then_ssh,execve,yes,0,/usr/bin/dash,50-motd-news,/bin/sh /etc/update-motd.d/50-motd-news,/bin/sh /etc/update-motd.d/50-motd-news,/,/etc/update-motd.d/50-motd-news,/etc/update-motd.d/50-motd-news|/bin/sh|/lib64/ld-linux-x86-64.so.2,0,0,1001,27341,27332,(none),173,exec,benign,
1778300647,49772,-0.092464,pre_context,20260508_212407_dns_delete_9ci3sG,20260508_212404_scp_nginx_dns_delete_CMzhrV,vandalism/dns_delete,vandalism,scp_then_ssh,execve,yes,0,/usr/bin/cat,cat,cat /var/cache/motd-news,cat /var/cache/motd-news,/,/usr/bin/cat,/usr/bin/cat|/lib64/ld-linux-x86-64.so.2,0,0,1001,27342,27341,(none),173,exec,benign,
1778300647,49773,-0.092464,pre_context,20260508_212407_dns_delete_9ci3sG,20260508_212404_scp_nginx_dns_delete_CMzhrV,vandalism/dns_delete,vandalism,scp_then_ssh,execve,yes,0,/usr/bin/tr,tr,tr -d \000-\011\013\014\016-\037,tr -d \000-\011\013\014\016-\037,/,/usr/bin/tr,/usr/bin/tr|/lib64/ld-linux-x86-64.so.2,0,0,1001,27344,27341,(none),173,exec,benign,
1778300647,49774,-0.092464,pre_context,20260508_212407_dns_delete_9ci3sG,20260508_212404_scp_nginx_dns_delete_CMzhrV,vandalism/dns_delete,vandalism,scp_then_ssh,execve,yes,0,/usr/bin/head,head,head -n 10,head -n 10,/,/usr/bin/head,/usr/bin/head|/lib64/ld-linux-x86-64.so.2,0,0,1001,27343,27341,(none),173,exec,benign,
1778300647,49775,-0.092464,pre_context,20260508_212407_dns_delete_9ci3sG,20260508_212404_scp_nginx_dns_delete_CMzhrV,vandalism/dns_delete,vandalism,scp_then_ssh,execve,yes,0,/usr/bin/cut,cut,cut -c -80,cut -c -80,/,/usr/bin/cut,/usr/bin/cut|/lib64/ld-linux-x86-64.so.2,0,0,1001,27345,27341,(none),173,exec,benign,
1778300647,49776,-0.088464,pre_context,20260508_212407_dns_delete_9ci3sG,20260508_212404_scp_nginx_dns_delete_CMzhrV,vandalism/dns_delete,vandalism,scp_then_ssh,execve,yes,0,/usr/bin/dash,85-fwupd,/bin/sh /etc/update-motd.d/85-fwupd,/bin/sh /etc/update-motd.d/85-fwupd,/,/etc/update-motd.d/85-fwupd,/etc/update-motd.d/85-fwupd|/bin/sh|/lib64/ld-linux-x86-64.so.2,0,0,1001,27346,27332,(none),173,exec,benign,
1778300647,49777,-0.087464,pre_context,20260508_212407_dns_delete_9ci3sG,20260508_212404_scp_nginx_dns_delete_CMzhrV,vandalism/dns_delete,vandalism,scp_then_ssh,execve,yes,0,/usr/bin/cat,cat,cat /run/motd.d/85-fwupd,cat /run/motd.d/85-fwupd,/,/usr/bin/cat,/usr/bin/cat|/lib64/ld-linux-x86-64.so.2,0,0,1001,27347,27346,(none),173,exec,benign,
1778300647,49778,-0.086464,pre_context,20260508_212407_dns_delete_9ci3sG,20260508_212404_scp_nginx_dns_delete_CMzhrV,vandalism/dns_delete,vandalism,scp_then_ssh,execve,yes,0,/usr/bin/dash,90-updates-avai,/bin/sh /etc/update-motd.d/90-updates-available,/bin/sh /etc/update-motd.d/90-updates-available,/,/etc/update-motd.d/90-updates-available,/etc/update-motd.d/90-updates-available|/bin/sh|/lib64/ld-linux-x86-64.so.2,0,0,1001,27348,27332,(none),173,exec,benign,
1778300647,49779,-0.085464,pre_context,20260508_212407_dns_delete_9ci3sG,20260508_212404_scp_nginx_dns_delete_CMzhrV,vandalism/dns_delete,vandalism,scp_then_ssh,execve,yes,0,/usr/bin/cat,cat,cat /var/lib/update-notifier/updates-available,cat /var/lib/update-notifier/updates-available,/,/usr/bin/cat,/usr/bin/cat|/lib64/ld-linux-x86-64.so.2,0,0,1001,27349,27348,(none),173,exec,benign,
1778300647,49780,-0.084465,pre_context,20260508_212407_dns_delete_9ci3sG,20260508_212404_scp_nginx_dns_delete_CMzhrV,vandalism/dns_delete,vandalism,scp_then_ssh,execve,yes,0,/usr/bin/grep,grep,grep -q -m 1 .,grep -q -m 1 .,/,/usr/bin/grep,/usr/bin/grep|/lib64/ld-linux-x86-64.so.2,0,0,1001,27351,27348,(none),173,exec,benign,
1778300647,49781,-0.083464,pre_context,20260508_212407_dns_delete_9ci3sG,20260508_212404_scp_nginx_dns_delete_CMzhrV,vandalism/dns_delete,vandalism,scp_then_ssh,execve,yes,0,/usr/bin/find,find,find /var/lib/update-notifier/updates-available -newermt now-7 days,find /var/lib/update-notifier/updates-available -newermt now-7 days,/,/usr/bin/find,/usr/bin/find|/lib64/ld-linux-x86-64.so.2,0,0,1001,27350,27348,(none),173,exec,benign,
1778300647,49782,-0.082464,pre_context,20260508_212407_dns_delete_9ci3sG,20260508_212404_scp_nginx_dns_delete_CMzhrV,vandalism/dns_delete,vandalism,scp_then_ssh,execve,yes,0,/usr/bin/dash,91-contract-ua-,/bin/sh /etc/update-motd.d/91-contract-ua-esm-status,/bin/sh /etc/update-motd.d/91-contract-ua-esm-status,/,/etc/update-motd.d/91-contract-ua-esm-status,/etc/update-motd.d/91-contract-ua-esm-status|/bin/sh|/lib64/ld-linux-x86-64.so.2,0,0,1001,27352,27332,(none),173,exec,benign,
1778300647,49783,-0.081465,pre_context,20260508_212407_dns_delete_9ci3sG,20260508_212404_scp_nginx_dns_delete_CMzhrV,vandalism/dns_delete,vandalism,scp_then_ssh,execve,yes,0,/usr/bin/dash,91-release-upgr,/bin/sh /etc/update-motd.d/91-release-upgrade,/bin/sh /etc/update-motd.d/91-release-upgrade,/,/etc/update-motd.d/91-release-upgrade,/etc/update-motd.d/91-release-upgrade|/bin/sh|/lib64/ld-linux-x86-64.so.2,0,0,1001,27353,27332,(none),173,exec,benign,
1778300647,49784,-0.079464,pre_context,20260508_212407_dns_delete_9ci3sG,20260508_212404_scp_nginx_dns_delete_CMzhrV,vandalism/dns_delete,vandalism,scp_then_ssh,execve,yes,0,/usr/bin/cut,cut,cut -d -f4,cut -d -f4,/,/usr/bin/cut,/usr/bin/cut|/lib64/ld-linux-x86-64.so.2,0,0,1001,27356,27354,(none),173,exec,benign,
1778300647,49785,-0.078465,pre_context,20260508_212407_dns_delete_9ci3sG,20260508_212404_scp_nginx_dns_delete_CMzhrV,vandalism/dns_delete,vandalism,scp_then_ssh,execve,yes,0,/usr/bin/id,id,id -u,id -u,/,/usr/bin/id,/usr/bin/id|/lib64/ld-linux-x86-64.so.2,0,0,1001,27357,27353,(none),173,exec,benign,
1778300647,49786,-0.076464,pre_context,20260508_212407_dns_delete_9ci3sG,20260508_212404_scp_nginx_dns_delete_CMzhrV,vandalism/dns_delete,vandalism,scp_then_ssh,execve,yes,0,/usr/bin/dash,release-upgrade,/bin/sh -e /usr/lib/ubuntu-release-upgrader/release-upgrade-motd,/bin/sh /etc/update-motd.d/91-release-upgrade,/,/usr/lib/ubuntu-release-upgrader/release-upgrade-motd,/usr/lib/ubuntu-release-upgrader/release-upgrade-motd|/bin/sh|/lib64/ld-linux-x86-64.so.2,0,0,1001,27353,27332,(none),173,exec,benign,
1778300647,49787,-0.076464,pre_context,20260508_212407_dns_delete_9ci3sG,20260508_212404_scp_nginx_dns_delete_CMzhrV,vandalism/dns_delete,vandalism,scp_then_ssh,execve,yes,0,/usr/bin/date,date,date +%s,date +%s,/,/usr/bin/date,/usr/bin/date|/lib64/ld-linux-x86-64.so.2,0,0,1001,27358,27353,(none),173,exec,benign,
1778300647,49788,-0.075464,pre_context,20260508_212407_dns_delete_9ci3sG,20260508_212404_scp_nginx_dns_delete_CMzhrV,vandalism/dns_delete,vandalism,scp_then_ssh,execve,yes,0,/usr/bin/stat,stat,stat -c %Y /var/lib/ubuntu-release-upgrader/release-upgrade-available,stat -c %Y /var/lib/ubuntu-release-upgrader/release-upgrade-available,/,/usr/bin/stat,/usr/bin/stat|/lib64/ld-linux-x86-64.so.2,0,0,1001,27359,27353,(none),173,exec,benign,
1778300647,49789,-0.073464,pre_context,20260508_212407_dns_delete_9ci3sG,20260508_212404_scp_nginx_dns_delete_CMzhrV,vandalism/dns_delete,vandalism,scp_then_ssh,execve,yes,0,/usr/bin/expr,expr,expr 1778282941 + 86400,expr 1778282941 + 86400,/,/usr/bin/expr,/usr/bin/expr|/lib64/ld-linux-x86-64.so.2,0,0,1001,27360,27353,(none),173,exec,benign,
1778300647,49790,-0.072464,pre_context,20260508_212407_dns_delete_9ci3sG,20260508_212404_scp_nginx_dns_delete_CMzhrV,vandalism/dns_delete,vandalism,scp_then_ssh,execve,yes,0,/usr/bin/dash,92-unattended-u,/bin/sh /etc/update-motd.d/92-unattended-upgrades,/bin/sh /etc/update-motd.d/92-unattended-upgrades,/,/etc/update-motd.d/92-unattended-upgrades,/etc/update-motd.d/92-unattended-upgrades|/bin/sh|/lib64/ld-linux-x86-64.so.2,0,0,1001,27361,27332,(none),173,exec,benign,
1778300647,49791,-0.071465,pre_context,20260508_212407_dns_delete_9ci3sG,20260508_212404_scp_nginx_dns_delete_CMzhrV,vandalism/dns_delete,vandalism,scp_then_ssh,execve,yes,0,/usr/bin/dash,update-motd-una,/bin/sh /usr/share/unattended-upgrades/update-motd-unattended-upgrades,/bin/sh /etc/update-motd.d/92-unattended-upgrades,/,/usr/share/unattended-upgrades/update-motd-unattended-upgrades,/usr/share/unattended-upgrades/update-motd-unattended-upgrades|/bin/sh|/lib64/ld-linux-x86-64.so.2,0,0,1001,27361,27332,(none),173,exec,benign,
1778300647,49792,-0.070464,pre_context,20260508_212407_dns_delete_9ci3sG,20260508_212404_scp_nginx_dns_delete_CMzhrV,vandalism/dns_delete,vandalism,scp_then_ssh,execve,yes,0,/usr/bin/dash,95-hwe-eol,/bin/sh /etc/update-motd.d/95-hwe-eol,/bin/sh /etc/update-motd.d/95-hwe-eol,/,/etc/update-motd.d/95-hwe-eol,/etc/update-motd.d/95-hwe-eol|/bin/sh|/lib64/ld-linux-x86-64.so.2,0,0,1001,27362,27332,(none),173,exec,benign,
1778300647,49793,-0.069464,pre_context,20260508_212407_dns_delete_9ci3sG,20260508_212404_scp_nginx_dns_delete_CMzhrV,vandalism/dns_delete,vandalism,scp_then_ssh,execve,yes,0,/usr/bin/find,find,find /var/lib/update-notifier/hwe-eol -newermt now-1 days,find /var/lib/update-notifier/hwe-eol -newermt now-1 days,/,/usr/bin/find,/usr/bin/find|/lib64/ld-linux-x86-64.so.2,0,0,1001,27363,27362,(none),173,exec,benign,
1778300647,49794,-0.068465,pre_context,20260508_212407_dns_delete_9ci3sG,20260508_212404_scp_nginx_dns_delete_CMzhrV,vandalism/dns_delete,vandalism,scp_then_ssh,execve,yes,0,/usr/bin/dash,97-overlayroot,/bin/sh /etc/update-motd.d/97-overlayroot,/bin/sh /etc/update-motd.d/97-overlayroot,/,/etc/update-motd.d/97-overlayroot,/etc/update-motd.d/97-overlayroot|/bin/sh|/lib64/ld-linux-x86-64.so.2,0,0,1001,27364,27332,(none),173,exec,benign,
1778300647,49795,-0.067464,pre_context,20260508_212407_dns_delete_9ci3sG,20260508_212404_scp_nginx_dns_delete_CMzhrV,vandalism/dns_delete,vandalism,scp_then_ssh,execve,yes,0,/usr/bin/dash,egrep,/bin/sh /usr/bin/egrep overlayroot|/media/root-ro|/media/root-rw /proc/mounts,/bin/sh /usr/bin/egrep overlayroot|/media/root-ro|/media/root-rw /proc/mounts,/,/usr/bin/egrep,/usr/bin/egrep|/bin/sh|/lib64/ld-linux-x86-64.so.2,0,0,1001,27366,27365,(none),173,exec,benign,
1778300647,49796,-0.066464,pre_context,20260508_212407_dns_delete_9ci3sG,20260508_212404_scp_nginx_dns_delete_CMzhrV,vandalism/dns_delete,vandalism,scp_then_ssh,execve,no,-2,/usr/bin/dash,egrep,,/bin/sh /usr/bin/egrep overlayroot|/media/root-ro|/media/root-rw /proc/mounts,/,/usr/local/sbin/grep,/usr/local/sbin/grep,0,0,1001,27366,27365,(none),173,exec,benign,
1778300647,49797,-0.066464,pre_context,20260508_212407_dns_delete_9ci3sG,20260508_212404_scp_nginx_dns_delete_CMzhrV,vandalism/dns_delete,vandalism,scp_then_ssh,execve,no,-2,/usr/bin/dash,egrep,,/bin/sh /usr/bin/egrep overlayroot|/media/root-ro|/media/root-rw /proc/mounts,/,/usr/local/bin/grep,/usr/local/bin/grep,0,0,1001,27366,27365,(none),173,exec,benign,
1778300647,49798,-0.066464,pre_context,20260508_212407_dns_delete_9ci3sG,20260508_212404_scp_nginx_dns_delete_CMzhrV,vandalism/dns_delete,vandalism,scp_then_ssh,execve,no,-2,/usr/bin/dash,egrep,,/bin/sh /usr/bin/egrep overlayroot|/media/root-ro|/media/root-rw /proc/mounts,/,/usr/sbin/grep,/usr/sbin/grep,0,0,1001,27366,27365,(none),173,exec,benign,
1778300647,49799,-0.066464,pre_context,20260508_212407_dns_delete_9ci3sG,20260508_212404_scp_nginx_dns_delete_CMzhrV,vandalism/dns_delete,vandalism,scp_then_ssh,execve,yes,0,/usr/bin/grep,grep,grep -E overlayroot|/media/root-ro|/media/root-rw /proc/mounts,/bin/sh /usr/bin/egrep overlayroot|/media/root-ro|/media/root-rw /proc/mounts,/,/usr/bin/grep,/usr/bin/grep|/lib64/ld-linux-x86-64.so.2,0,0,1001,27366,27365,(none),173,exec,benign,
1778300647,49800,-0.065464,pre_context,20260508_212407_dns_delete_9ci3sG,20260508_212404_scp_nginx_dns_delete_CMzhrV,vandalism/dns_delete,vandalism,scp_then_ssh,execve,yes,0,/usr/bin/sort,sort,sort -r,sort -r,/,/usr/bin/sort,/usr/bin/sort|/lib64/ld-linux-x86-64.so.2,0,0,1001,27367,27365,(none),173,exec,benign,
1778300647,49801,-0.063464,pre_context,20260508_212407_dns_delete_9ci3sG,20260508_212404_scp_nginx_dns_delete_CMzhrV,vandalism/dns_delete,vandalism,scp_then_ssh,execve,yes,0,/usr/bin/dash,98-fsck-at-rebo,/bin/sh /etc/update-motd.d/98-fsck-at-reboot,/bin/sh /etc/update-motd.d/98-fsck-at-reboot,/,/etc/update-motd.d/98-fsck-at-reboot,/etc/update-motd.d/98-fsck-at-reboot|/bin/sh|/lib64/ld-linux-x86-64.so.2,0,0,1001,27368,27332,(none),173,exec,benign,
1778300647,49802,-0.062464,pre_context,20260508_212407_dns_delete_9ci3sG,20260508_212404_scp_nginx_dns_delete_CMzhrV,vandalism/dns_delete,vandalism,scp_then_ssh,execve,yes,0,/usr/bin/dash,update-motd-fsc,/bin/sh /usr/lib/update-notifier/update-motd-fsck-at-reboot,/bin/sh /etc/update-motd.d/98-fsck-at-reboot,/,/usr/lib/update-notifier/update-motd-fsck-at-reboot,/usr/lib/update-notifier/update-motd-fsck-at-reboot|/bin/sh|/lib64/ld-linux-x86-64.so.2,0,0,1001,27368,27332,(none),173,exec,benign,
1778300647,49803,-0.062464,pre_context,20260508_212407_dns_delete_9ci3sG,20260508_212404_scp_nginx_dns_delete_CMzhrV,vandalism/dns_delete,vandalism,scp_then_ssh,execve,yes,0,/usr/bin/id,id,id -u,id -u,/,/usr/bin/id,/usr/bin/id|/lib64/ld-linux-x86-64.so.2,0,0,1001,27369,27368,(none),173,exec,benign,
1778300647,49804,-0.060464,pre_context,20260508_212407_dns_delete_9ci3sG,20260508_212404_scp_nginx_dns_delete_CMzhrV,vandalism/dns_delete,vandalism,scp_then_ssh,execve,yes,0,/usr/bin/stat,stat,stat -c %Y /var/lib/update-notifier/fsck-at-reboot,stat -c %Y /var/lib/update-notifier/fsck-at-reboot,/,/usr/bin/stat,/usr/bin/stat|/lib64/ld-linux-x86-64.so.2,0,0,1001,27370,27368,(none),173,exec,benign,
1778300647,49805,-0.059464,pre_context,20260508_212407_dns_delete_9ci3sG,20260508_212404_scp_nginx_dns_delete_CMzhrV,vandalism/dns_delete,vandalism,scp_then_ssh,execve,yes,0,/usr/bin/gawk,awk,awk {print $1} /proc/uptime,awk {print $1} /proc/uptime,/,/usr/bin/awk,/usr/bin/awk|/lib64/ld-linux-x86-64.so.2,0,0,1001,27372,27371,(none),173,exec,benign,
1778300647,49806,-0.058465,pre_context,20260508_212407_dns_delete_9ci3sG,20260508_212404_scp_nginx_dns_delete_CMzhrV,vandalism/dns_delete,vandalism,scp_then_ssh,execve,yes,0,/usr/bin/date,date,date -d now - 2892.97 seconds +%s,date -d now - 2892.97 seconds +%s,/,/usr/bin/date,/usr/bin/date|/lib64/ld-linux-x86-64.so.2,0,0,1001,27371,27368,(none),173,exec,benign,
1778300647,49807,-0.057464,pre_context,20260508_212407_dns_delete_9ci3sG,20260508_212404_scp_nginx_dns_delete_CMzhrV,vandalism/dns_delete,vandalism,scp_then_ssh,execve,yes,0,/usr/bin/date,date,date +%s,date +%s,/,/usr/bin/date,/usr/bin/date|/lib64/ld-linux-x86-64.so.2,0,0,1001,27373,27368,(none),173,exec,benign,
1778300647,49808,-0.054464,pre_context,20260508_212407_dns_delete_9ci3sG,20260508_212404_scp_nginx_dns_delete_CMzhrV,vandalism/dns_delete,vandalism,scp_then_ssh,execve,yes,0,/usr/bin/cat,cat,cat /var/lib/update-notifier/fsck-at-reboot,cat /var/lib/update-notifier/fsck-at-reboot,/,/usr/bin/cat,/usr/bin/cat|/lib64/ld-linux-x86-64.so.2,0,0,1001,27374,27368,(none),173,exec,benign,
1778300647,49809,-0.053464,pre_context,20260508_212407_dns_delete_9ci3sG,20260508_212404_scp_nginx_dns_delete_CMzhrV,vandalism/dns_delete,vandalism,scp_then_ssh,execve,yes,0,/usr/bin/dash,98-reboot-requi,/bin/sh /etc/update-motd.d/98-reboot-required,/bin/sh /etc/update-motd.d/98-reboot-required,/,/etc/update-motd.d/98-reboot-required,/etc/update-motd.d/98-reboot-required|/bin/sh|/lib64/ld-linux-x86-64.so.2,0,0,1001,27375,27332,(none),173,exec,benign,
1778300647,49810,-0.052464,pre_context,20260508_212407_dns_delete_9ci3sG,20260508_212404_scp_nginx_dns_delete_CMzhrV,vandalism/dns_delete,vandalism,scp_then_ssh,execve,yes,0,/usr/bin/dash,update-motd-reb,/bin/sh -e /usr/lib/update-notifier/update-motd-reboot-required,/bin/sh /etc/update-motd.d/98-reboot-required,/,/usr/lib/update-notifier/update-motd-reboot-required,/usr/lib/update-notifier/update-motd-reboot-required|/bin/sh|/lib64/ld-linux-x86-64.so.2,0,0,1001,27375,27332,(none),173,exec,benign,
1778300647,49811,-0.051464,pre_context,20260508_212407_dns_delete_9ci3sG,20260508_212404_scp_nginx_dns_delete_CMzhrV,vandalism/dns_delete,vandalism,scp_then_ssh,rename,yes,0,/usr/sbin/sshd,sshd,,/usr/sbin/sshd -D -R,/,/run/,/run/|/run/motd.dynamic.new|/run/motd.dynamic,0,0,1001,27328,21008,(none),173,file_destroy,benign,
1778300647,49812,-0.051464,pre_context,20260508_212407_dns_delete_9ci3sG,20260508_212404_scp_nginx_dns_delete_CMzhrV,vandalism/dns_delete,vandalism,scp_then_ssh,connect,yes,0,/usr/sbin/sshd,sshd,,/usr/sbin/sshd -D -R,/,/run/systemd/userdb/io.systemd.DynamicUser,/run/systemd/userdb/io.systemd.DynamicUser,0,0,1001,27328,21008,(none),173,network_connect,benign,
1778300647,49813,-0.051464,pre_context,20260508_212407_dns_delete_9ci3sG,20260508_212404_scp_nginx_dns_delete_CMzhrV,vandalism/dns_delete,vandalism,scp_then_ssh,connect,yes,0,/usr/sbin/sshd,sshd,,/usr/sbin/sshd -D -R,/,/run/systemd/userdb/io.systemd.DynamicUser,/run/systemd/userdb/io.systemd.DynamicUser,0,0,1001,27328,21008,(none),173,network_connect,benign,
1778300647,49814,-0.051464,pre_context,20260508_212407_dns_delete_9ci3sG,20260508_212404_scp_nginx_dns_delete_CMzhrV,vandalism/dns_delete,vandalism,scp_then_ssh,connect,yes,0,/usr/sbin/sshd,sshd,,/usr/sbin/sshd -D -R,/,/run/systemd/userdb/io.systemd.DynamicUser,/run/systemd/userdb/io.systemd.DynamicUser,0,0,1001,27328,21008,(none),173,network_connect,benign,
1778300647,49815,-0.051464,pre_context,20260508_212407_dns_delete_9ci3sG,20260508_212404_scp_nginx_dns_delete_CMzhrV,vandalism/dns_delete,vandalism,scp_then_ssh,connect,yes,0,/usr/sbin/sshd,sshd,,/usr/sbin/sshd -D -R,/,/run/systemd/userdb/io.systemd.DynamicUser,/run/systemd/userdb/io.systemd.DynamicUser,0,0,1001,27328,21008,(none),173,network_connect,benign,
1778300647,49816,-0.050464,pre_context,20260508_212407_dns_delete_9ci3sG,20260508_212404_scp_nginx_dns_delete_CMzhrV,vandalism/dns_delete,vandalism,scp_then_ssh,connect,yes,0,/usr/sbin/sshd,sshd,,/usr/sbin/sshd -D -R,/,/run/systemd/userdb/io.systemd.DynamicUser,/run/systemd/userdb/io.systemd.DynamicUser,0,0,1001,27328,21008,(none),173,network_connect,benign,
1778300647,49817,-0.050464,pre_context,20260508_212407_dns_delete_9ci3sG,20260508_212404_scp_nginx_dns_delete_CMzhrV,vandalism/dns_delete,vandalism,scp_then_ssh,,,,,,,,,,,,,,,,,,,benign,
1778300647,49818,-0.049464,pre_context,20260508_212407_dns_delete_9ci3sG,20260508_212404_scp_nginx_dns_delete_CMzhrV,vandalism/dns_delete,vandalism,scp_then_ssh,setgid,yes,0,/usr/sbin/sshd,sshd,,sshd: deploy-rkejw [priv],,,,0,0,1001,27376,27328,(none),173,privilege_transition,benign,
1778300647,49819,-0.049464,pre_context,20260508_212407_dns_delete_9ci3sG,20260508_212404_scp_nginx_dns_delete_CMzhrV,vandalism/dns_delete,vandalism,scp_then_ssh,connect,yes,0,/usr/sbin/sshd,sshd,,sshd: deploy-rkejw [priv],/,/run/systemd/userdb/io.systemd.DynamicUser,/run/systemd/userdb/io.systemd.DynamicUser,0,0,1001,27376,27328,(none),173,network_connect,benign,
1778300647,49820,-0.048465,pre_context,20260508_212407_dns_delete_9ci3sG,20260508_212404_scp_nginx_dns_delete_CMzhrV,vandalism/dns_delete,vandalism,scp_then_ssh,connect,yes,0,/usr/sbin/sshd,sshd,,sshd: deploy-rkejw [priv],/,/run/systemd/userdb/io.systemd.DynamicUser,/run/systemd/userdb/io.systemd.DynamicUser,0,0,1001,27376,27328,(none),173,network_connect,benign,
1778300647,49821,-0.048465,pre_context,20260508_212407_dns_delete_9ci3sG,20260508_212404_scp_nginx_dns_delete_CMzhrV,vandalism/dns_delete,vandalism,scp_then_ssh,126,yes,0,/usr/sbin/sshd,sshd,,sshd: deploy-rkejw [priv],,,,0,0,1001,27376,27328,(none),173,privilege_transition,benign,
1778300647,49822,-0.048465,pre_context,20260508_212407_dns_delete_9ci3sG,20260508_212404_scp_nginx_dns_delete_CMzhrV,vandalism/dns_delete,vandalism,scp_then_ssh,,,,,,,,,,,,,,,,,,,benign,
1778300647,49823,-0.048465,pre_context,20260508_212407_dns_delete_9ci3sG,20260508_212404_scp_nginx_dns_delete_CMzhrV,vandalism/dns_delete,vandalism,scp_then_ssh,setresgid,yes,0,/usr/sbin/sshd,sshd,,sshd: deploy-rkejw [priv],,,,0,0,1001,27376,27328,(none),173,privilege_transition,benign,
1778300647,49824,-0.048465,pre_context,20260508_212407_dns_delete_9ci3sG,20260508_212404_scp_nginx_dns_delete_CMzhrV,vandalism/dns_delete,vandalism,scp_then_ssh,setresuid,yes,0,/usr/sbin/sshd,sshd,,sshd: deploy-rkejw [priv],,,,1001,1001,1001,27376,27328,(none),173,privilege_transition,benign,
1778300647,49825,-0.048465,pre_context,20260508_212407_dns_delete_9ci3sG,20260508_212404_scp_nginx_dns_delete_CMzhrV,vandalism/dns_delete,vandalism,scp_then_ssh,setuid,no,-1,/usr/sbin/sshd,sshd,,sshd: deploy-rkejw [priv],,,,1001,1001,1001,27376,27328,(none),173,privilege_transition,benign,
1778300647,49826,-0.048465,pre_context,20260508_212407_dns_delete_9ci3sG,20260508_212404_scp_nginx_dns_delete_CMzhrV,vandalism/dns_delete,vandalism,scp_then_ssh,setresuid,no,-1,/usr/sbin/sshd,sshd,,sshd: deploy-rkejw [priv],,,,1001,1001,1001,27376,27328,(none),173,privilege_transition,benign,
1778300647,49827,-0.004464,pre_context,20260508_212407_dns_delete_9ci3sG,20260508_212404_scp_nginx_dns_delete_CMzhrV,vandalism/dns_delete,vandalism,scp_then_ssh,execve,yes,0,/usr/bin/bash,bash,"bash -c epoch=$(date +%s.%N) iso=$(date -Is) marker=START\ run_id=20260508_212407_dns_delete_9ci3sG\ chain_id=20260508_212404_scp_nginx_dns_delete_CMzhrV\ delivery=scp_then_ssh\ payload=vandalism/dns_delete\ category=vandalism\ privilege=sudo\ user=alex marker=""$marker epoch=$epoch iso=$iso"" logger -t aegis_attack_marker -- ""$marker"" printf 'target_epoch=%s\n' ""$epoch"" printf 'target_iso=%s\n' ""$iso""",bash -c epoch=$(date +%s.%N) iso=$(date -Is) marker=START\ run_id=20260508_212407_dns_delete_9ci3sG\ ch,/home/deploy-rkejw,/bin/bash,/bin/bash|/lib64/ld-linux-x86-64.so.2,1001,1001,1001,27377,27376,(none),173,shell_exec,benign,
1778300647,49828,-0.002465,pre_context,20260508_212407_dns_delete_9ci3sG,20260508_212404_scp_nginx_dns_delete_CMzhrV,vandalism/dns_delete,vandalism,scp_then_ssh,execve,yes,0,/usr/bin/date,date,date +%s.%N,date +%s.%N,/home/deploy-rkejw,/usr/bin/date,/usr/bin/date|/lib64/ld-linux-x86-64.so.2,1001,1001,1001,27378,27377,(none),173,exec,benign,
1778300647,49829,-0.001464,pre_context,20260508_212407_dns_delete_9ci3sG,20260508_212404_scp_nginx_dns_delete_CMzhrV,vandalism/dns_delete,vandalism,scp_then_ssh,execve,yes,0,/usr/bin/date,date,date -Is,date -Is,/home/deploy-rkejw,/usr/bin/date,/usr/bin/date|/lib64/ld-linux-x86-64.so.2,1001,1001,1001,27379,27377,(none),173,exec,benign,
1778300647,49830,-0.000464,pre_context,20260508_212407_dns_delete_9ci3sG,20260508_212404_scp_nginx_dns_delete_CMzhrV,vandalism/dns_delete,vandalism,scp_then_ssh,execve,yes,0,/usr/bin/logger,logger,logger -t aegis_attack_marker -- START run_id=20260508_212407_dns_delete_9ci3sG chain_id=20260508_212404_scp_nginx_dns_delete_CMzhrV delivery=scp_then_ssh payload=vandalism/dns_delete category=vandalism privilege=sudo user=alex epoch=1778300646.681464511 iso=2026-05-09T04:24:06+00:00,logger -t aegis_attack_marker -- START run_id=20260508_212407_dns_delete_9ci3sG chain_id=20260508_212404_scp_nginx_dns_delete_CM,/home/deploy-rkejw,/usr/bin/logger,/usr/bin/logger|/lib64/ld-linux-x86-64.so.2,1001,1001,1001,27380,27377,(none),173,exec,benign,
1778300647,49831,0.000535,attack_window,20260508_212407_dns_delete_9ci3sG,20260508_212404_scp_nginx_dns_delete_CMzhrV,vandalism/dns_delete,vandalism,scp_then_ssh,connect,yes,0,/usr/bin/logger,logger,,logger -t aegis_attack_marker -- START run_id=20260508_212407_dns_delete_9ci3sG chain_id=20260508_212404_scp_nginx_dns_delete_CM,/home/deploy-rkejw,/dev/log,/dev/log,1001,1001,1001,27380,27377,(none),173,network_connect,benign,
1778300647,49832,0.002536,attack_window,20260508_212407_dns_delete_9ci3sG,20260508_212404_scp_nginx_dns_delete_CMzhrV,vandalism/dns_delete,vandalism,scp_then_ssh,connect,yes,0,/usr/sbin/sshd,sshd,,sshd: deploy-rkejw [priv],/,/dev/log,/dev/log,1001,1001,1001,27376,27328,(none),173,network_connect,benign,
1778300647,49833,0.003536,attack_window,20260508_212407_dns_delete_9ci3sG,20260508_212404_scp_nginx_dns_delete_CMzhrV,vandalism/dns_delete,vandalism,scp_then_ssh,114,yes,0,/usr/sbin/sshd,sshd,,/usr/sbin/sshd -D -R,,,,0,0,1001,27328,21008,(none),173,privilege_transition,benign,
1778300647,49834,0.003536,attack_window,20260508_212407_dns_delete_9ci3sG,20260508_212404_scp_nginx_dns_delete_CMzhrV,vandalism/dns_delete,vandalism,scp_then_ssh,setresuid,yes,0,/usr/sbin/sshd,sshd,,/usr/sbin/sshd -D -R,,,,0,1001,1001,27328,21008,(none),173,privilege_transition,benign,
1778300647,49835,0.003536,attack_window,20260508_212407_dns_delete_9ci3sG,20260508_212404_scp_nginx_dns_delete_CMzhrV,vandalism/dns_delete,vandalism,scp_then_ssh,113,yes,0,/usr/sbin/sshd,sshd,,/usr/sbin/sshd -D -R,,,,0,0,1001,27328,21008,(none),173,privilege_transition,benign,
1778300647,49836,0.003536,attack_window,20260508_212407_dns_delete_9ci3sG,20260508_212404_scp_nginx_dns_delete_CMzhrV,vandalism/dns_delete,vandalism,scp_then_ssh,114,yes,0,/usr/sbin/sshd,sshd,,/usr/sbin/sshd -D -R,,,,0,0,1001,27328,21008,(none),173,privilege_transition,benign,
1778300647,49837,0.003536,attack_window,20260508_212407_dns_delete_9ci3sG,20260508_212404_scp_nginx_dns_delete_CMzhrV,vandalism/dns_delete,vandalism,scp_then_ssh,connect,yes,0,/usr/sbin/sshd,sshd,,/usr/sbin/sshd -D -R,/,/run/dbus/system_bus_socket,/run/dbus/system_bus_socket,0,0,1001,27328,21008,(none),173,network_connect,benign,
1778300647,49838,0.003536,attack_window,20260508_212407_dns_delete_9ci3sG,20260508_212404_scp_nginx_dns_delete_CMzhrV,vandalism/dns_delete,vandalism,scp_then_ssh,,,,,,,,,,,,,,,,,,,ambiguous,
1778300647,49839,0.003536,attack_window,20260508_212407_dns_delete_9ci3sG,20260508_212404_scp_nginx_dns_delete_CMzhrV,vandalism/dns_delete,vandalism,scp_then_ssh,,,,,,,,,,,,,,,,,,,ambiguous,
1778300647,49840,0.004536,attack_window,20260508_212407_dns_delete_9ci3sG,20260508_212404_scp_nginx_dns_delete_CMzhrV,vandalism/dns_delete,vandalism,scp_then_ssh,setresgid,yes,0,/usr/sbin/sshd,sshd,,/usr/sbin/sshd -D -R,,,,0,0,1001,27328,21008,(none),173,privilege_transition,benign,
1778300647,49841,0.004536,attack_window,20260508_212407_dns_delete_9ci3sG,20260508_212404_scp_nginx_dns_delete_CMzhrV,vandalism/dns_delete,vandalism,scp_then_ssh,setresuid,yes,0,/usr/sbin/sshd,sshd,,/usr/sbin/sshd -D -R,,,,0,1001,1001,27328,21008,(none),173,privilege_transition,benign,
1778300647,49842,0.004536,attack_window,20260508_212407_dns_delete_9ci3sG,20260508_212404_scp_nginx_dns_delete_CMzhrV,vandalism/dns_delete,vandalism,scp_then_ssh,setresuid,yes,0,/usr/sbin/sshd,sshd,,/usr/sbin/sshd -D -R,,,,0,0,1001,27328,21008,(none),173,privilege_transition,benign,
1778300647,49843,0.004536,attack_window,20260508_212407_dns_delete_9ci3sG,20260508_212404_scp_nginx_dns_delete_CMzhrV,vandalism/dns_delete,vandalism,scp_then_ssh,setresgid,yes,0,/usr/sbin/sshd,sshd,,/usr/sbin/sshd -D -R,,,,0,0,1001,27328,21008,(none),173,privilege_transition,benign,
1778300647,49844,0.107536,attack_window,20260508_212407_dns_delete_9ci3sG,20260508_212404_scp_nginx_dns_delete_CMzhrV,vandalism/dns_delete,vandalism,scp_then_ssh,execve,yes,0,/usr/sbin/sshd,sshd,/usr/sbin/sshd -D -R,/usr/sbin/sshd -D -R,/,/usr/sbin/sshd,/usr/sbin/sshd|/lib64/ld-linux-x86-64.so.2,0,0,4294967295,27381,21008,(none),4294967295,exec,benign,
1778300647,49845,0.110536,attack_window,20260508_212407_dns_delete_9ci3sG,20260508_212404_scp_nginx_dns_delete_CMzhrV,vandalism/dns_delete,vandalism,scp_then_ssh,connect,no,-2,/usr/sbin/sshd,sshd,,/usr/sbin/sshd -D -R,/,/var/run/nscd/socket,/var/run/nscd/socket,0,0,4294967295,27381,21008,(none),4294967295,network_connect,benign,
1778300647,49846,0.110536,attack_window,20260508_212407_dns_delete_9ci3sG,20260508_212404_scp_nginx_dns_delete_CMzhrV,vandalism/dns_delete,vandalism,scp_then_ssh,connect,yes,0,/usr/sbin/sshd,sshd,,/usr/sbin/sshd -D -R,,,,0,0,4294967295,27381,21008,(none),4294967295,network_connect,benign,
1778300647,49847,0.110536,attack_window,20260508_212407_dns_delete_9ci3sG,20260508_212404_scp_nginx_dns_delete_CMzhrV,vandalism/dns_delete,vandalism,scp_then_ssh,connect,yes,0,/usr/sbin/sshd,sshd,,/usr/sbin/sshd -D -R,,,,0,0,4294967295,27381,21008,(none),4294967295,network_connect,benign,
1778300647,49848,0.110536,attack_window,20260508_212407_dns_delete_9ci3sG,20260508_212404_scp_nginx_dns_delete_CMzhrV,vandalism/dns_delete,vandalism,scp_then_ssh,connect,yes,0,/usr/sbin/sshd,sshd,,/usr/sbin/sshd -D -R,,,,0,0,4294967295,27381,21008,(none),4294967295,network_connect,benign,
1778300647,49849,0.111536,attack_window,20260508_212407_dns_delete_9ci3sG,20260508_212404_scp_nginx_dns_delete_CMzhrV,vandalism/dns_delete,vandalism,scp_then_ssh,connect,no,-2,/usr/sbin/sshd,sshd,,/usr/sbin/sshd -D -R,/,/var/run/nscd/socket,/var/run/nscd/socket,0,0,4294967295,27381,21008,(none),4294967295,network_connect,benign,
1778300647,49850,0.111536,attack_window,20260508_212407_dns_delete_9ci3sG,20260508_212404_scp_nginx_dns_delete_CMzhrV,vandalism/dns_delete,vandalism,scp_then_ssh,connect,no,-2,/usr/sbin/sshd,sshd,,/usr/sbin/sshd -D -R,/,/var/run/nscd/socket,/var/run/nscd/socket,0,0,4294967295,27381,21008,(none),4294967295,network_connect,benign,
1778300647,49851,0.113536,attack_window,20260508_212407_dns_delete_9ci3sG,20260508_212404_scp_nginx_dns_delete_CMzhrV,vandalism/dns_delete,vandalism,scp_then_ssh,setresgid,yes,0,/usr/sbin/sshd,sshd,,sshd: [accepted],,,,0,0,4294967295,27382,27381,(none),4294967295,privilege_transition,benign,
1778300647,49852,0.113536,attack_window,20260508_212407_dns_delete_9ci3sG,20260508_212404_scp_nginx_dns_delete_CMzhrV,vandalism/dns_delete,vandalism,scp_then_ssh,setresuid,yes,0,/usr/sbin/sshd,sshd,,sshd: [accepted],,,,109,109,4294967295,27382,27381,(none),4294967295,privilege_transition,benign,
1778300647,49853,0.113536,attack_window,20260508_212407_dns_delete_9ci3sG,20260508_212404_scp_nginx_dns_delete_CMzhrV,vandalism/dns_delete,vandalism,scp_then_ssh,setgid,no,-1,/usr/sbin/sshd,sshd,,sshd: [accepted],,,,109,109,4294967295,27382,27381,(none),4294967295,privilege_transition,benign,
1778300647,49854,0.113536,attack_window,20260508_212407_dns_delete_9ci3sG,20260508_212404_scp_nginx_dns_delete_CMzhrV,vandalism/dns_delete,vandalism,scp_then_ssh,setresgid,no,-1,/usr/sbin/sshd,sshd,,sshd: [accepted],,,,109,109,4294967295,27382,27381,(none),4294967295,privilege_transition,benign,
1778300647,49855,0.113536,attack_window,20260508_212407_dns_delete_9ci3sG,20260508_212404_scp_nginx_dns_delete_CMzhrV,vandalism/dns_delete,vandalism,scp_then_ssh,setuid,no,-1,/usr/sbin/sshd,sshd,,sshd: [accepted],,,,109,109,4294967295,27382,27381,(none),4294967295,privilege_transition,benign,
1778300647,49856,0.113536,attack_window,20260508_212407_dns_delete_9ci3sG,20260508_212404_scp_nginx_dns_delete_CMzhrV,vandalism/dns_delete,vandalism,scp_then_ssh,setresuid,no,-1,/usr/sbin/sshd,sshd,,sshd: [accepted],,,,109,109,4294967295,27382,27381,(none),4294967295,privilege_transition,benign,
1778300647,49857,0.214535,attack_window,20260508_212407_dns_delete_9ci3sG,20260508_212404_scp_nginx_dns_delete_CMzhrV,vandalism/dns_delete,vandalism,scp_then_ssh,connect,no,-2,/usr/sbin/sshd,sshd,,/usr/sbin/sshd -D -R,/,/var/run/nscd/socket,/var/run/nscd/socket,0,0,4294967295,27381,21008,(none),4294967295,network_connect,benign,
1778300647,49858,0.214535,attack_window,20260508_212407_dns_delete_9ci3sG,20260508_212404_scp_nginx_dns_delete_CMzhrV,vandalism/dns_delete,vandalism,scp_then_ssh,connect,no,-2,/usr/sbin/sshd,sshd,,/usr/sbin/sshd -D -R,/,/var/run/nscd/socket,/var/run/nscd/socket,0,0,4294967295,27381,21008,(none),4294967295,network_connect,benign,
1778300647,49859,0.214535,attack_window,20260508_212407_dns_delete_9ci3sG,20260508_212404_scp_nginx_dns_delete_CMzhrV,vandalism/dns_delete,vandalism,scp_then_ssh,connect,yes,0,/usr/sbin/sshd,sshd,,/usr/sbin/sshd -D -R,/,/run/systemd/userdb/io.systemd.DynamicUser,/run/systemd/userdb/io.systemd.DynamicUser,0,0,4294967295,27381,21008,(none),4294967295,network_connect,benign,
1778300647,49860,0.214535,attack_window,20260508_212407_dns_delete_9ci3sG,20260508_212404_scp_nginx_dns_delete_CMzhrV,vandalism/dns_delete,vandalism,scp_then_ssh,setresgid,yes,0,/usr/sbin/sshd,sshd,,/usr/sbin/sshd -D -R,,,,0,0,4294967295,27381,21008,(none),4294967295,privilege_transition,benign,
1778300647,49861,0.214535,attack_window,20260508_212407_dns_delete_9ci3sG,20260508_212404_scp_nginx_dns_delete_CMzhrV,vandalism/dns_delete,vandalism,scp_then_ssh,setresuid,yes,0,/usr/sbin/sshd,sshd,,/usr/sbin/sshd -D -R,,,,0,1001,4294967295,27381,21008,(none),4294967295,privilege_transition,benign,
1778300647,49862,0.214535,attack_window,20260508_212407_dns_delete_9ci3sG,20260508_212404_scp_nginx_dns_delete_CMzhrV,vandalism/dns_delete,vandalism,scp_then_ssh,setresuid,yes,0,/usr/sbin/sshd,sshd,,/usr/sbin/sshd -D -R,,,,0,0,4294967295,27381,21008,(none),4294967295,privilege_transition,benign,
1778300647,49863,0.214535,attack_window,20260508_212407_dns_delete_9ci3sG,20260508_212404_scp_nginx_dns_delete_CMzhrV,vandalism/dns_delete,vandalism,scp_then_ssh,setresgid,yes,0,/usr/sbin/sshd,sshd,,/usr/sbin/sshd -D -R,,,,0,0,4294967295,27381,21008,(none),4294967295,privilege_transition,benign,
1778300647,49864,0.214535,attack_window,20260508_212407_dns_delete_9ci3sG,20260508_212404_scp_nginx_dns_delete_CMzhrV,vandalism/dns_delete,vandalism,scp_then_ssh,setresgid,yes,0,/usr/sbin/sshd,sshd,,/usr/sbin/sshd -D -R,,,,0,0,4294967295,27381,21008,(none),4294967295,privilege_transition,benign,
1778300647,49865,0.215536,attack_window,20260508_212407_dns_delete_9ci3sG,20260508_212404_scp_nginx_dns_delete_CMzhrV,vandalism/dns_delete,vandalism,scp_then_ssh,setresuid,yes,0,/usr/sbin/sshd,sshd,,/usr/sbin/sshd -D -R,,,,0,1001,4294967295,27381,21008,(none),4294967295,privilege_transition,benign,
1778300647,49866,0.215536,attack_window,20260508_212407_dns_delete_9ci3sG,20260508_212404_scp_nginx_dns_delete_CMzhrV,vandalism/dns_delete,vandalism,scp_then_ssh,connect,yes,0,/usr/sbin/sshd,sshd,,/usr/sbin/sshd -D -R,/,/dev/log,/dev/log,0,1001,4294967295,27381,21008,(none),4294967295,network_connect,benign,
1778300647,49867,0.216536,attack_window,20260508_212407_dns_delete_9ci3sG,20260508_212404_scp_nginx_dns_delete_CMzhrV,vandalism/dns_delete,vandalism,scp_then_ssh,setresuid,yes,0,/usr/sbin/sshd,sshd,,/usr/sbin/sshd -D -R,,,,0,0,4294967295,27381,21008,(none),4294967295,privilege_transition,benign,
1778300647,49868,0.216536,attack_window,20260508_212407_dns_delete_9ci3sG,20260508_212404_scp_nginx_dns_delete_CMzhrV,vandalism/dns_delete,vandalism,scp_then_ssh,setresgid,yes,0,/usr/sbin/sshd,sshd,,/usr/sbin/sshd -D -R,,,,0,0,4294967295,27381,21008,(none),4294967295,privilege_transition,benign,
1778300647,49869,0.216536,attack_window,20260508_212407_dns_delete_9ci3sG,20260508_212404_scp_nginx_dns_delete_CMzhrV,vandalism/dns_delete,vandalism,scp_then_ssh,,,,,,,,,,,,,,,,,,,ambiguous,
1778300647,49870,0.221536,attack_window,20260508_212407_dns_delete_9ci3sG,20260508_212404_scp_nginx_dns_delete_CMzhrV,vandalism/dns_delete,vandalism,scp_then_ssh,setresgid,yes,0,/usr/sbin/sshd,sshd,,/usr/sbin/sshd -D -R,,,,0,0,4294967295,27381,21008,(none),4294967295,privilege_transition,benign,
1778300647,49871,0.221536,attack_window,20260508_212407_dns_delete_9ci3sG,20260508_212404_scp_nginx_dns_delete_CMzhrV,vandalism/dns_delete,vandalism,scp_then_ssh,setresuid,yes,0,/usr/sbin/sshd,sshd,,/usr/sbin/sshd -D -R,,,,0,1001,4294967295,27381,21008,(none),4294967295,privilege_transition,benign,
1778300647,49872,0.221536,attack_window,20260508_212407_dns_delete_9ci3sG,20260508_212404_scp_nginx_dns_delete_CMzhrV,vandalism/dns_delete,vandalism,scp_then_ssh,setresuid,yes,0,/usr/sbin/sshd,sshd,,/usr/sbin/sshd -D -R,,,,0,0,4294967295,27381,21008,(none),4294967295,privilege_transition,benign,
1778300647,49873,0.221536,attack_window,20260508_212407_dns_delete_9ci3sG,20260508_212404_scp_nginx_dns_delete_CMzhrV,vandalism/dns_delete,vandalism,scp_then_ssh,setresgid,yes,0,/usr/sbin/sshd,sshd,,/usr/sbin/sshd -D -R,,,,0,0,4294967295,27381,21008,(none),4294967295,privilege_transition,benign,
1778300647,49874,0.221536,attack_window,20260508_212407_dns_delete_9ci3sG,20260508_212404_scp_nginx_dns_delete_CMzhrV,vandalism/dns_delete,vandalism,scp_then_ssh,setresgid,yes,0,/usr/sbin/sshd,sshd,,/usr/sbin/sshd -D -R,,,,0,0,4294967295,27381,21008,(none),4294967295,privilege_transition,benign,
1778300647,49875,0.221536,attack_window,20260508_212407_dns_delete_9ci3sG,20260508_212404_scp_nginx_dns_delete_CMzhrV,vandalism/dns_delete,vandalism,scp_then_ssh,setresuid,yes,0,/usr/sbin/sshd,sshd,,/usr/sbin/sshd -D -R,,,,0,1001,4294967295,27381,21008,(none),4294967295,privilege_transition,benign,
1778300647,49876,0.221536,attack_window,20260508_212407_dns_delete_9ci3sG,20260508_212404_scp_nginx_dns_delete_CMzhrV,vandalism/dns_delete,vandalism,scp_then_ssh,connect,yes,0,/usr/sbin/sshd,sshd,,/usr/sbin/sshd -D -R,/,/dev/log,/dev/log,0,1001,4294967295,27381,21008,(none),4294967295,network_connect,benign,
1778300647,49877,0.221536,attack_window,20260508_212407_dns_delete_9ci3sG,20260508_212404_scp_nginx_dns_delete_CMzhrV,vandalism/dns_delete,vandalism,scp_then_ssh,setresuid,yes,0,/usr/sbin/sshd,sshd,,/usr/sbin/sshd -D -R,,,,0,0,4294967295,27381,21008,(none),4294967295,privilege_transition,benign,
1778300647,49878,0.221536,attack_window,20260508_212407_dns_delete_9ci3sG,20260508_212404_scp_nginx_dns_delete_CMzhrV,vandalism/dns_delete,vandalism,scp_then_ssh,setresgid,yes,0,/usr/sbin/sshd,sshd,,/usr/sbin/sshd -D -R,,,,0,0,4294967295,27381,21008,(none),4294967295,privilege_transition,benign,
1778300647,49879,0.221536,attack_window,20260508_212407_dns_delete_9ci3sG,20260508_212404_scp_nginx_dns_delete_CMzhrV,vandalism/dns_delete,vandalism,scp_then_ssh,,,,,,,,,,,,,,,,,,,ambiguous,
1778300647,49880,0.249536,attack_window,20260508_212407_dns_delete_9ci3sG,20260508_212404_scp_nginx_dns_delete_CMzhrV,vandalism/dns_delete,vandalism,scp_then_ssh,connect,yes,0,/usr/sbin/sshd,sshd,,/usr/sbin/sshd -D -R,/,/run/systemd/userdb/io.systemd.DynamicUser,/run/systemd/userdb/io.systemd.DynamicUser,0,0,4294967295,27381,21008,(none),4294967295,network_connect,benign,
1778300647,49881,0.250535,attack_window,20260508_212407_dns_delete_9ci3sG,20260508_212404_scp_nginx_dns_delete_CMzhrV,vandalism/dns_delete,vandalism,scp_then_ssh,,,,,,,,,,,,,,,,,,,ambiguous,
1778300647,49882,0.254536,attack_window,20260508_212407_dns_delete_9ci3sG,20260508_212404_scp_nginx_dns_delete_CMzhrV,vandalism/dns_delete,vandalism,scp_then_ssh,,,,,,,,,,,,,,,,,,,ambiguous,
1778300647,49883,0.254536,attack_window,20260508_212407_dns_delete_9ci3sG,20260508_212404_scp_nginx_dns_delete_CMzhrV,vandalism/dns_delete,vandalism,scp_then_ssh,connect,yes,0,/usr/sbin/sshd,sshd,,/usr/sbin/sshd -D -R,/,/dev/log,/dev/log,0,0,4294967295,27381,21008,(none),4294967295,network_connect,benign,
1778300647,49884,0.254536,attack_window,20260508_212407_dns_delete_9ci3sG,20260508_212404_scp_nginx_dns_delete_CMzhrV,vandalism/dns_delete,vandalism,scp_then_ssh,connect,yes,0,/usr/sbin/sshd,sshd,,/usr/sbin/sshd -D -R,/,/run/systemd/userdb/io.systemd.DynamicUser,/run/systemd/userdb/io.systemd.DynamicUser,0,0,4294967295,27381,21008,(none),4294967295,network_connect,benign,
1778300647,49885,0.255536,attack_window,20260508_212407_dns_delete_9ci3sG,20260508_212404_scp_nginx_dns_delete_CMzhrV,vandalism/dns_delete,vandalism,scp_then_ssh,126,yes,0,/usr/sbin/sshd,sshd,,/usr/sbin/sshd -D -R,,,,0,0,4294967295,27381,21008,(none),4294967295,privilege_transition,benign,
1778300647,49886,0.255536,attack_window,20260508_212407_dns_delete_9ci3sG,20260508_212404_scp_nginx_dns_delete_CMzhrV,vandalism/dns_delete,vandalism,scp_then_ssh,,,,,,,,,,,,,,,,,,,ambiguous,
1778300647,49887,0.255536,attack_window,20260508_212407_dns_delete_9ci3sG,20260508_212404_scp_nginx_dns_delete_CMzhrV,vandalism/dns_delete,vandalism,scp_then_ssh,77,yes,0,/usr/sbin/sshd,sshd,,/usr/sbin/sshd -D -R,,,,0,0,4294967295,27381,21008,(none),4294967295,file_destroy,benign,
1778300647,49888,0.255536,attack_window,20260508_212407_dns_delete_9ci3sG,20260508_212404_scp_nginx_dns_delete_CMzhrV,vandalism/dns_delete,vandalism,scp_then_ssh,write,yes,4,/usr/sbin/sshd,sshd,,/usr/sbin/sshd -D -R,,,,0,0,1001,27381,21008,(none),174,(null),benign,
1778300647,49889,0.256536,attack_window,20260508_212407_dns_delete_9ci3sG,20260508_212404_scp_nginx_dns_delete_CMzhrV,vandalism/dns_delete,vandalism,scp_then_ssh,114,yes,0,/usr/sbin/sshd,sshd,,/usr/sbin/sshd -D -R,,,,0,0,1001,27381,21008,(none),174,privilege_transition,benign,
1778300647,49890,0.256536,attack_window,20260508_212407_dns_delete_9ci3sG,20260508_212404_scp_nginx_dns_delete_CMzhrV,vandalism/dns_delete,vandalism,scp_then_ssh,113,yes,0,/usr/sbin/sshd,sshd,,/usr/sbin/sshd -D -R,,,,1001,0,1001,27381,21008,(none),174,privilege_transition,benign,
1778300647,49891,0.256536,attack_window,20260508_212407_dns_delete_9ci3sG,20260508_212404_scp_nginx_dns_delete_CMzhrV,vandalism/dns_delete,vandalism,scp_then_ssh,113,yes,0,/usr/sbin/sshd,sshd,,/usr/sbin/sshd -D -R,,,,0,0,1001,27381,21008,(none),174,privilege_transition,benign,
1778300647,49892,0.256536,attack_window,20260508_212407_dns_delete_9ci3sG,20260508_212404_scp_nginx_dns_delete_CMzhrV,vandalism/dns_delete,vandalism,scp_then_ssh,114,yes,0,/usr/sbin/sshd,sshd,,/usr/sbin/sshd -D -R,,,,0,0,1001,27381,21008,(none),174,privilege_transition,benign,
1778300647,49893,0.256536,attack_window,20260508_212407_dns_delete_9ci3sG,20260508_212404_scp_nginx_dns_delete_CMzhrV,vandalism/dns_delete,vandalism,scp_then_ssh,connect,yes,0,/usr/sbin/sshd,sshd,,/usr/sbin/sshd -D -R,/,/dev/log,/dev/log,0,0,1001,27381,21008,(none),174,network_connect,benign,
1778300647,49894,0.256536,attack_window,20260508_212407_dns_delete_9ci3sG,20260508_212404_scp_nginx_dns_delete_CMzhrV,vandalism/dns_delete,vandalism,scp_then_ssh,connect,no,-2,/usr/sbin/sshd,sshd,,/usr/sbin/sshd -D -R,/,/run/systemd/userdb/io.systemd.Multiplexer,/run/systemd/userdb/io.systemd.Multiplexer,0,0,1001,27381,21008,(none),174,network_connect,benign,
1778300647,49895,0.256536,attack_window,20260508_212407_dns_delete_9ci3sG,20260508_212404_scp_nginx_dns_delete_CMzhrV,vandalism/dns_delete,vandalism,scp_then_ssh,connect,yes,0,/usr/sbin/sshd,sshd,,/usr/sbin/sshd -D -R,/,/run/systemd/userdb/io.systemd.DynamicUser,/run/systemd/userdb/io.systemd.DynamicUser,0,0,1001,27381,21008,(none),174,network_connect,benign,
1778300647,49896,0.256536,attack_window,20260508_212407_dns_delete_9ci3sG,20260508_212404_scp_nginx_dns_delete_CMzhrV,vandalism/dns_delete,vandalism,scp_then_ssh,connect,yes,0,/usr/sbin/sshd,sshd,,/usr/sbin/sshd -D -R,/,/run/dbus/system_bus_socket,/run/dbus/system_bus_socket,0,0,1001,27381,21008,(none),174,network_connect,benign,
1778300647,49897,0.265536,attack_window,20260508_212407_dns_delete_9ci3sG,20260508_212404_scp_nginx_dns_delete_CMzhrV,vandalism/dns_delete,vandalism,scp_then_ssh,execve,yes,0,/usr/bin/dash,sh,sh -c -- /usr/bin/env -i PATH=/usr/local/sbin:/usr/local/bin:/usr/sbin:/usr/bin:/sbin:/bin run-parts --lsbsysinit /etc/update-motd.d > /run/motd.dynamic.new,sh -c -- /usr/bin/env -i PATH=/usr/local/sbin:/usr/local/bin:/usr/sbin:/usr/bin:/sbin:/bin run-parts --lsbsysinit /etc/update-mo,/,/bin/sh,/bin/sh|/lib64/ld-linux-x86-64.so.2,0,0,1001,27383,27381,(none),174,exec,benign,
1778300647,49898,0.266536,attack_window,20260508_212407_dns_delete_9ci3sG,20260508_212404_scp_nginx_dns_delete_CMzhrV,vandalism/dns_delete,vandalism,scp_then_ssh,execve,yes,0,/usr/bin/env,env,/usr/bin/env -i PATH=/usr/local/sbin:/usr/local/bin:/usr/sbin:/usr/bin:/sbin:/bin run-parts --lsbsysinit /etc/update-motd.d,/usr/bin/env -i PATH=/usr/local/sbin:/usr/local/bin:/usr/sbin:/usr/bin:/sbin:/bin run-parts --lsbsysinit /etc/update-motd.d,/,/usr/bin/env,/usr/bin/env|/lib64/ld-linux-x86-64.so.2,0,0,1001,27384,27383,(none),174,exec,benign,
1778300647,49899,0.266536,attack_window,20260508_212407_dns_delete_9ci3sG,20260508_212404_scp_nginx_dns_delete_CMzhrV,vandalism/dns_delete,vandalism,scp_then_ssh,execve,no,-2,/usr/bin/env,env,,/usr/bin/env -i PATH=/usr/local/sbin:/usr/local/bin:/usr/sbin:/usr/bin:/sbin:/bin run-parts --lsbsysinit /etc/update-motd.d,/,/usr/local/sbin/run-parts,/usr/local/sbin/run-parts,0,0,1001,27384,27383,(none),174,exec,benign,
1778300647,49900,0.267535,attack_window,20260508_212407_dns_delete_9ci3sG,20260508_212404_scp_nginx_dns_delete_CMzhrV,vandalism/dns_delete,vandalism,scp_then_ssh,execve,no,-2,/usr/bin/env,env,,/usr/bin/env -i PATH=/usr/local/sbin:/usr/local/bin:/usr/sbin:/usr/bin:/sbin:/bin run-parts --lsbsysinit /etc/update-motd.d,/,/usr/local/bin/run-parts,/usr/local/bin/run-parts,0,0,1001,27384,27383,(none),174,exec,benign,
1778300647,49901,0.267535,attack_window,20260508_212407_dns_delete_9ci3sG,20260508_212404_scp_nginx_dns_delete_CMzhrV,vandalism/dns_delete,vandalism,scp_then_ssh,execve,no,-2,/usr/bin/env,env,,/usr/bin/env -i PATH=/usr/local/sbin:/usr/local/bin:/usr/sbin:/usr/bin:/sbin:/bin run-parts --lsbsysinit /etc/update-motd.d,/,/usr/sbin/run-parts,/usr/sbin/run-parts,0,0,1001,27384,27383,(none),174,exec,benign,
1778300647,49902,0.267535,attack_window,20260508_212407_dns_delete_9ci3sG,20260508_212404_scp_nginx_dns_delete_CMzhrV,vandalism/dns_delete,vandalism,scp_then_ssh,execve,yes,0,/usr/bin/run-parts,run-parts,run-parts --lsbsysinit /etc/update-motd.d,/usr/bin/env -i PATH=/usr/local/sbin:/usr/local/bin:/usr/sbin:/usr/bin:/sbin:/bin run-parts --lsbsysinit /etc/update-motd.d,/,/usr/bin/run-parts,/usr/bin/run-parts|/lib64/ld-linux-x86-64.so.2,0,0,1001,27384,27383,(none),174,exec,benign,
1778300647,49903,0.270535,attack_window,20260508_212407_dns_delete_9ci3sG,20260508_212404_scp_nginx_dns_delete_CMzhrV,vandalism/dns_delete,vandalism,scp_then_ssh,execve,yes,0,/usr/bin/dash,00-header,/bin/sh /etc/update-motd.d/00-header,/bin/sh /etc/update-motd.d/00-header,/,/etc/update-motd.d/00-header,/etc/update-motd.d/00-header|/bin/sh|/lib64/ld-linux-x86-64.so.2,0,0,1001,27385,27384,(none),174,exec,benign,
1778300647,49904,0.271536,attack_window,20260508_212407_dns_delete_9ci3sG,20260508_212404_scp_nginx_dns_delete_CMzhrV,vandalism/dns_delete,vandalism,scp_then_ssh,execve,yes,0,/usr/bin/uname,uname,uname -o,uname -o,/,/usr/bin/uname,/usr/bin/uname|/lib64/ld-linux-x86-64.so.2,0,0,1001,27386,27385,(none),174,exec,benign,
1778300647,49905,0.272536,attack_window,20260508_212407_dns_delete_9ci3sG,20260508_212404_scp_nginx_dns_delete_CMzhrV,vandalism/dns_delete,vandalism,scp_then_ssh,execve,yes,0,/usr/bin/uname,uname,uname -r,uname -r,/,/usr/bin/uname,/usr/bin/uname|/lib64/ld-linux-x86-64.so.2,0,0,1001,27387,27385,(none),174,exec,benign,
1778300647,49906,0.273535,attack_window,20260508_212407_dns_delete_9ci3sG,20260508_212404_scp_nginx_dns_delete_CMzhrV,vandalism/dns_delete,vandalism,scp_then_ssh,execve,yes,0,/usr/bin/uname,uname,uname -m,uname -m,/,/usr/bin/uname,/usr/bin/uname|/lib64/ld-linux-x86-64.so.2,0,0,1001,27388,27385,(none),174,exec,benign,
1778300647,49907,0.274536,attack_window,20260508_212407_dns_delete_9ci3sG,20260508_212404_scp_nginx_dns_delete_CMzhrV,vandalism/dns_delete,vandalism,scp_then_ssh,execve,yes,0,/usr/bin/dash,10-help-text,/bin/sh /etc/update-motd.d/10-help-text,/bin/sh /etc/update-motd.d/10-help-text,/,/etc/update-motd.d/10-help-text,/etc/update-motd.d/10-help-text|/bin/sh|/lib64/ld-linux-x86-64.so.2,0,0,1001,27389,27384,(none),174,exec,benign,
1778300647,49908,0.276536,attack_window,20260508_212407_dns_delete_9ci3sG,20260508_212404_scp_nginx_dns_delete_CMzhrV,vandalism/dns_delete,vandalism,scp_then_ssh,execve,yes,0,/usr/bin/dash,50-landscape-sy,/bin/sh /etc/update-motd.d/50-landscape-sysinfo,/bin/sh /etc/update-motd.d/50-landscape-sysinfo,/,/etc/update-motd.d/50-landscape-sysinfo,/etc/update-motd.d/50-landscape-sysinfo|/bin/sh|/lib64/ld-linux-x86-64.so.2,0,0,1001,27390,27384,(none),174,exec,benign,
1778300647,49909,0.278536,attack_window,20260508_212407_dns_delete_9ci3sG,20260508_212404_scp_nginx_dns_delete_CMzhrV,vandalism/dns_delete,vandalism,scp_then_ssh,execve,yes,0,/usr/bin/find,find,find /var/lib/landscape/landscape-sysinfo.cache -newermt now-1 minutes,find /var/lib/landscape/landscape-sysinfo.cache -newermt now-1 minutes,/,/usr/bin/find,/usr/bin/find|/lib64/ld-linux-x86-64.so.2,0,0,1001,27391,27390,(none),174,exec,benign,
1778300647,49910,0.279536,attack_window,20260508_212407_dns_delete_9ci3sG,20260508_212404_scp_nginx_dns_delete_CMzhrV,vandalism/dns_delete,vandalism,scp_then_ssh,execve,yes,0,/usr/bin/cat,cat,cat /var/lib/landscape/landscape-sysinfo.cache,cat /var/lib/landscape/landscape-sysinfo.cache,/,/usr/bin/cat,/usr/bin/cat|/lib64/ld-linux-x86-64.so.2,0,0,1001,27392,27390,(none),174,exec,benign,
1778300647,49911,0.280535,attack_window,20260508_212407_dns_delete_9ci3sG,20260508_212404_scp_nginx_dns_delete_CMzhrV,vandalism/dns_delete,vandalism,scp_then_ssh,execve,yes,0,/usr/bin/dash,50-motd-news,/bin/sh /etc/update-motd.d/50-motd-news,/bin/sh /etc/update-motd.d/50-motd-news,/,/etc/update-motd.d/50-motd-news,/etc/update-motd.d/50-motd-news|/bin/sh|/lib64/ld-linux-x86-64.so.2,0,0,1001,27393,27384,(none),174,exec,benign,
1778300647,49912,0.281536,attack_window,20260508_212407_dns_delete_9ci3sG,20260508_212404_scp_nginx_dns_delete_CMzhrV,vandalism/dns_delete,vandalism,scp_then_ssh,execve,yes,0,/usr/bin/head,head,head -n 10,head -n 10,/,/usr/bin/head,/usr/bin/head|/lib64/ld-linux-x86-64.so.2,0,0,1001,27395,27393,(none),174,exec,benign,
1778300647,49913,0.281536,attack_window,20260508_212407_dns_delete_9ci3sG,20260508_212404_scp_nginx_dns_delete_CMzhrV,vandalism/dns_delete,vandalism,scp_then_ssh,execve,yes,0,/usr/bin/cut,cut,cut -c -80,cut -c -80,/,/usr/bin/cut,/usr/bin/cut|/lib64/ld-linux-x86-64.so.2,0,0,1001,27397,27393,(none),174,exec,benign,
1778300647,49914,0.282536,attack_window,20260508_212407_dns_delete_9ci3sG,20260508_212404_scp_nginx_dns_delete_CMzhrV,vandalism/dns_delete,vandalism,scp_then_ssh,execve,yes,0,/usr/bin/tr,tr,tr -d \000-\011\013\014\016-\037,tr -d \000-\011\013\014\016-\037,/,/usr/bin/tr,/usr/bin/tr|/lib64/ld-linux-x86-64.so.2,0,0,1001,27396,27393,(none),174,exec,benign,
1778300647,49915,0.282536,attack_window,20260508_212407_dns_delete_9ci3sG,20260508_212404_scp_nginx_dns_delete_CMzhrV,vandalism/dns_delete,vandalism,scp_then_ssh,execve,yes,0,/usr/bin/cat,cat,cat /var/cache/motd-news,cat /var/cache/motd-news,/,/usr/bin/cat,/usr/bin/cat|/lib64/ld-linux-x86-64.so.2,0,0,1001,27394,27393,(none),174,exec,benign,
1778300647,49916,0.289536,attack_window,20260508_212407_dns_delete_9ci3sG,20260508_212404_scp_nginx_dns_delete_CMzhrV,vandalism/dns_delete,vandalism,scp_then_ssh,execve,yes,0,/usr/bin/dash,85-fwupd,/bin/sh /etc/update-motd.d/85-fwupd,/bin/sh /etc/update-motd.d/85-fwupd,/,/etc/update-motd.d/85-fwupd,/etc/update-motd.d/85-fwupd|/bin/sh|/lib64/ld-linux-x86-64.so.2,0,0,1001,27398,27384,(none),174,exec,benign,
1778300647,49917,0.291536,attack_window,20260508_212407_dns_delete_9ci3sG,20260508_212404_scp_nginx_dns_delete_CMzhrV,vandalism/dns_delete,vandalism,scp_then_ssh,execve,yes,0,/usr/bin/cat,cat,cat /run/motd.d/85-fwupd,cat /run/motd.d/85-fwupd,/,/usr/bin/cat,/usr/bin/cat|/lib64/ld-linux-x86-64.so.2,0,0,1001,27399,27398,(none),174,exec,benign,
1778300647,49918,0.292536,attack_window,20260508_212407_dns_delete_9ci3sG,20260508_212404_scp_nginx_dns_delete_CMzhrV,vandalism/dns_delete,vandalism,scp_then_ssh,execve,yes,0,/usr/bin/dash,90-updates-avai,/bin/sh /etc/update-motd.d/90-updates-available,/bin/sh /etc/update-motd.d/90-updates-available,/,/etc/update-motd.d/90-updates-available,/etc/update-motd.d/90-updates-available|/bin/sh|/lib64/ld-linux-x86-64.so.2,0,0,1001,27400,27384,(none),174,exec,benign,
1778300647,49919,0.293535,attack_window,20260508_212407_dns_delete_9ci3sG,20260508_212404_scp_nginx_dns_delete_CMzhrV,vandalism/dns_delete,vandalism,scp_then_ssh,execve,yes,0,/usr/bin/cat,cat,cat /var/lib/update-notifier/updates-available,cat /var/lib/update-notifier/updates-available,/,/usr/bin/cat,/usr/bin/cat|/lib64/ld-linux-x86-64.so.2,0,0,1001,27401,27400,(none),174,exec,benign,
1778300647,49920,0.294536,attack_window,20260508_212407_dns_delete_9ci3sG,20260508_212404_scp_nginx_dns_delete_CMzhrV,vandalism/dns_delete,vandalism,scp_then_ssh,execve,yes,0,/usr/bin/find,find,find /var/lib/update-notifier/updates-available -newermt now-7 days,find /var/lib/update-notifier/updates-available -newermt now-7 days,/,/usr/bin/find,/usr/bin/find|/lib64/ld-linux-x86-64.so.2,0,0,1001,27402,27400,(none),174,exec,benign,
1778300647,49921,0.294536,attack_window,20260508_212407_dns_delete_9ci3sG,20260508_212404_scp_nginx_dns_delete_CMzhrV,vandalism/dns_delete,vandalism,scp_then_ssh,execve,yes,0,/usr/bin/grep,grep,grep -q -m 1 .,grep -q -m 1 .,/,/usr/bin/grep,/usr/bin/grep|/lib64/ld-linux-x86-64.so.2,0,0,1001,27403,27400,(none),174,exec,benign,
1778300647,49922,0.296535,attack_window,20260508_212407_dns_delete_9ci3sG,20260508_212404_scp_nginx_dns_delete_CMzhrV,vandalism/dns_delete,vandalism,scp_then_ssh,execve,yes,0,/usr/bin/dash,91-contract-ua-,/bin/sh /etc/update-motd.d/91-contract-ua-esm-status,/bin/sh /etc/update-motd.d/91-contract-ua-esm-status,/,/etc/update-motd.d/91-contract-ua-esm-status,/etc/update-motd.d/91-contract-ua-esm-status|/bin/sh|/lib64/ld-linux-x86-64.so.2,0,0,1001,27404,27384,(none),174,exec,benign,
1778300647,49923,0.297536,attack_window,20260508_212407_dns_delete_9ci3sG,20260508_212404_scp_nginx_dns_delete_CMzhrV,vandalism/dns_delete,vandalism,scp_then_ssh,execve,yes,0,/usr/bin/dash,91-release-upgr,/bin/sh /etc/update-motd.d/91-release-upgrade,/bin/sh /etc/update-motd.d/91-release-upgrade,/,/etc/update-motd.d/91-release-upgrade,/etc/update-motd.d/91-release-upgrade|/bin/sh|/lib64/ld-linux-x86-64.so.2,0,0,1001,27405,27384,(none),174,exec,benign,
1778300647,49924,0.300536,attack_window,20260508_212407_dns_delete_9ci3sG,20260508_212404_scp_nginx_dns_delete_CMzhrV,vandalism/dns_delete,vandalism,scp_then_ssh,execve,yes,0,/usr/bin/cut,cut,cut -d -f4,cut -d -f4,/,/usr/bin/cut,/usr/bin/cut|/lib64/ld-linux-x86-64.so.2,0,0,1001,27408,27406,(none),174,exec,benign,
1778300647,49925,0.301536,attack_window,20260508_212407_dns_delete_9ci3sG,20260508_212404_scp_nginx_dns_delete_CMzhrV,vandalism/dns_delete,vandalism,scp_then_ssh,execve,yes,0,/usr/bin/id,id,id -u,id -u,/,/usr/bin/id,/usr/bin/id|/lib64/ld-linux-x86-64.so.2,0,0,1001,27409,27405,(none),174,exec,benign,
1778300647,49926,0.302536,attack_window,20260508_212407_dns_delete_9ci3sG,20260508_212404_scp_nginx_dns_delete_CMzhrV,vandalism/dns_delete,vandalism,scp_then_ssh,execve,yes,0,/usr/bin/dash,release-upgrade,/bin/sh -e /usr/lib/ubuntu-release-upgrader/release-upgrade-motd,/bin/sh /etc/update-motd.d/91-release-upgrade,/,/usr/lib/ubuntu-release-upgrader/release-upgrade-motd,/usr/lib/ubuntu-release-upgrader/release-upgrade-motd|/bin/sh|/lib64/ld-linux-x86-64.so.2,0,0,1001,27405,27384,(none),174,exec,benign,
1778300647,49927,0.303535,attack_window,20260508_212407_dns_delete_9ci3sG,20260508_212404_scp_nginx_dns_delete_CMzhrV,vandalism/dns_delete,vandalism,scp_then_ssh,execve,yes,0,/usr/bin/date,date,date +%s,date +%s,/,/usr/bin/date,/usr/bin/date|/lib64/ld-linux-x86-64.so.2,0,0,1001,27410,27405,(none),174,exec,benign,
1778300647,49928,0.304536,attack_window,20260508_212407_dns_delete_9ci3sG,20260508_212404_scp_nginx_dns_delete_CMzhrV,vandalism/dns_delete,vandalism,scp_then_ssh,execve,yes,0,/usr/bin/stat,stat,stat -c %Y /var/lib/ubuntu-release-upgrader/release-upgrade-available,stat -c %Y /var/lib/ubuntu-release-upgrader/release-upgrade-available,/,/usr/bin/stat,/usr/bin/stat|/lib64/ld-linux-x86-64.so.2,0,0,1001,27411,27405,(none),174,exec,benign,
1778300647,49929,0.305536,attack_window,20260508_212407_dns_delete_9ci3sG,20260508_212404_scp_nginx_dns_delete_CMzhrV,vandalism/dns_delete,vandalism,scp_then_ssh,execve,yes,0,/usr/bin/expr,expr,expr 1778282941 + 86400,expr 1778282941 + 86400,/,/usr/bin/expr,/usr/bin/expr|/lib64/ld-linux-x86-64.so.2,0,0,1001,27412,27405,(none),174,exec,benign,
1778300647,49930,0.306535,attack_window,20260508_212407_dns_delete_9ci3sG,20260508_212404_scp_nginx_dns_delete_CMzhrV,vandalism/dns_delete,vandalism,scp_then_ssh,execve,yes,0,/usr/bin/dash,92-unattended-u,/bin/sh /etc/update-motd.d/92-unattended-upgrades,/bin/sh /etc/update-motd.d/92-unattended-upgrades,/,/etc/update-motd.d/92-unattended-upgrades,/etc/update-motd.d/92-unattended-upgrades|/bin/sh|/lib64/ld-linux-x86-64.so.2,0,0,1001,27413,27384,(none),174,exec,benign,
1778300647,49931,0.307536,attack_window,20260508_212407_dns_delete_9ci3sG,20260508_212404_scp_nginx_dns_delete_CMzhrV,vandalism/dns_delete,vandalism,scp_then_ssh,execve,yes,0,/usr/bin/dash,update-motd-una,/bin/sh /usr/share/unattended-upgrades/update-motd-unattended-upgrades,/bin/sh /etc/update-motd.d/92-unattended-upgrades,/,/usr/share/unattended-upgrades/update-motd-unattended-upgrades,/usr/share/unattended-upgrades/update-motd-unattended-upgrades|/bin/sh|/lib64/ld-linux-x86-64.so.2,0,0,1001,27413,27384,(none),174,exec,benign,
1778300647,49932,0.308536,attack_window,20260508_212407_dns_delete_9ci3sG,20260508_212404_scp_nginx_dns_delete_CMzhrV,vandalism/dns_delete,vandalism,scp_then_ssh,execve,yes,0,/usr/bin/dash,95-hwe-eol,/bin/sh /etc/update-motd.d/95-hwe-eol,/bin/sh /etc/update-motd.d/95-hwe-eol,/,/etc/update-motd.d/95-hwe-eol,/etc/update-motd.d/95-hwe-eol|/bin/sh|/lib64/ld-linux-x86-64.so.2,0,0,1001,27414,27384,(none),174,exec,benign,
1778300647,49933,0.309536,attack_window,20260508_212407_dns_delete_9ci3sG,20260508_212404_scp_nginx_dns_delete_CMzhrV,vandalism/dns_delete,vandalism,scp_then_ssh,execve,yes,0,/usr/bin/find,find,find /var/lib/update-notifier/hwe-eol -newermt now-1 days,find /var/lib/update-notifier/hwe-eol -newermt now-1 days,/,/usr/bin/find,/usr/bin/find|/lib64/ld-linux-x86-64.so.2,0,0,1001,27415,27414,(none),174,exec,benign,
1778300647,49934,0.310536,attack_window,20260508_212407_dns_delete_9ci3sG,20260508_212404_scp_nginx_dns_delete_CMzhrV,vandalism/dns_delete,vandalism,scp_then_ssh,execve,yes,0,/usr/bin/dash,97-overlayroot,/bin/sh /etc/update-motd.d/97-overlayroot,/bin/sh /etc/update-motd.d/97-overlayroot,/,/etc/update-motd.d/97-overlayroot,/etc/update-motd.d/97-overlayroot|/bin/sh|/lib64/ld-linux-x86-64.so.2,0,0,1001,27416,27384,(none),174,exec,benign,
1778300647,49935,0.311536,attack_window,20260508_212407_dns_delete_9ci3sG,20260508_212404_scp_nginx_dns_delete_CMzhrV,vandalism/dns_delete,vandalism,scp_then_ssh,execve,yes,0,/usr/bin/sort,sort,sort -r,sort -r,/,/usr/bin/sort,/usr/bin/sort|/lib64/ld-linux-x86-64.so.2,0,0,1001,27419,27417,(none),174,exec,benign,
1778300647,49936,0.313535,attack_window,20260508_212407_dns_delete_9ci3sG,20260508_212404_scp_nginx_dns_delete_CMzhrV,vandalism/dns_delete,vandalism,scp_then_ssh,execve,yes,0,/usr/bin/dash,egrep,/bin/sh /usr/bin/egrep overlayroot|/media/root-ro|/media/root-rw /proc/mounts,/bin/sh /usr/bin/egrep overlayroot|/media/root-ro|/media/root-rw /proc/mounts,/,/usr/bin/egrep,/usr/bin/egrep|/bin/sh|/lib64/ld-linux-x86-64.so.2,0,0,1001,27418,27417,(none),174,exec,benign,
1778300647,49937,0.313535,attack_window,20260508_212407_dns_delete_9ci3sG,20260508_212404_scp_nginx_dns_delete_CMzhrV,vandalism/dns_delete,vandalism,scp_then_ssh,execve,no,-2,/usr/bin/dash,egrep,,/bin/sh /usr/bin/egrep overlayroot|/media/root-ro|/media/root-rw /proc/mounts,/,/usr/local/sbin/grep,/usr/local/sbin/grep,0,0,1001,27418,27417,(none),174,exec,benign,
1778300647,49938,0.313535,attack_window,20260508_212407_dns_delete_9ci3sG,20260508_212404_scp_nginx_dns_delete_CMzhrV,vandalism/dns_delete,vandalism,scp_then_ssh,execve,no,-2,/usr/bin/dash,egrep,,/bin/sh /usr/bin/egrep overlayroot|/media/root-ro|/media/root-rw /proc/mounts,/,/usr/local/bin/grep,/usr/local/bin/grep,0,0,1001,27418,27417,(none),174,exec,benign,
1778300647,49939,0.314536,attack_window,20260508_212407_dns_delete_9ci3sG,20260508_212404_scp_nginx_dns_delete_CMzhrV,vandalism/dns_delete,vandalism,scp_then_ssh,execve,no,-2,/usr/bin/dash,egrep,,/bin/sh /usr/bin/egrep overlayroot|/media/root-ro|/media/root-rw /proc/mounts,/,/usr/sbin/grep,/usr/sbin/grep,0,0,1001,27418,27417,(none),174,exec,benign,
1778300647,49940,0.314536,attack_window,20260508_212407_dns_delete_9ci3sG,20260508_212404_scp_nginx_dns_delete_CMzhrV,vandalism/dns_delete,vandalism,scp_then_ssh,execve,yes,0,/usr/bin/grep,grep,grep -E overlayroot|/media/root-ro|/media/root-rw /proc/mounts,/bin/sh /usr/bin/egrep overlayroot|/media/root-ro|/media/root-rw /proc/mounts,/,/usr/bin/grep,/usr/bin/grep|/lib64/ld-linux-x86-64.so.2,0,0,1001,27418,27417,(none),174,exec,benign,
1778300647,49941,0.324536,attack_window,20260508_212407_dns_delete_9ci3sG,20260508_212404_scp_nginx_dns_delete_CMzhrV,vandalism/dns_delete,vandalism,scp_then_ssh,execve,yes,0,/usr/bin/dash,98-fsck-at-rebo,/bin/sh /etc/update-motd.d/98-fsck-at-reboot,/bin/sh /etc/update-motd.d/98-fsck-at-reboot,/,/etc/update-motd.d/98-fsck-at-reboot,/etc/update-motd.d/98-fsck-at-reboot|/bin/sh|/lib64/ld-linux-x86-64.so.2,0,0,1001,27420,27384,(none),174,exec,benign,
1778300647,49942,0.324536,attack_window,20260508_212407_dns_delete_9ci3sG,20260508_212404_scp_nginx_dns_delete_CMzhrV,vandalism/dns_delete,vandalism,scp_then_ssh,execve,yes,0,/usr/bin/dash,update-motd-fsc,/bin/sh /usr/lib/update-notifier/update-motd-fsck-at-reboot,/bin/sh /etc/update-motd.d/98-fsck-at-reboot,/,/usr/lib/update-notifier/update-motd-fsck-at-reboot,/usr/lib/update-notifier/update-motd-fsck-at-reboot|/bin/sh|/lib64/ld-linux-x86-64.so.2,0,0,1001,27420,27384,(none),174,exec,benign,
1778300647,49943,0.325536,attack_window,20260508_212407_dns_delete_9ci3sG,20260508_212404_scp_nginx_dns_delete_CMzhrV,vandalism/dns_delete,vandalism,scp_then_ssh,execve,yes,0,/usr/bin/id,id,id -u,id -u,/,/usr/bin/id,/usr/bin/id|/lib64/ld-linux-x86-64.so.2,0,0,1001,27421,27420,(none),174,exec,benign,
1778300647,49944,0.327536,attack_window,20260508_212407_dns_delete_9ci3sG,20260508_212404_scp_nginx_dns_delete_CMzhrV,vandalism/dns_delete,vandalism,scp_then_ssh,execve,yes,0,/usr/bin/stat,stat,stat -c %Y /var/lib/update-notifier/fsck-at-reboot,stat -c %Y /var/lib/update-notifier/fsck-at-reboot,/,/usr/bin/stat,/usr/bin/stat|/lib64/ld-linux-x86-64.so.2,0,0,1001,27422,27420,(none),174,exec,benign,
1778300647,49945,0.328536,attack_window,20260508_212407_dns_delete_9ci3sG,20260508_212404_scp_nginx_dns_delete_CMzhrV,vandalism/dns_delete,vandalism,scp_then_ssh,execve,yes,0,/usr/bin/gawk,awk,awk {print $1} /proc/uptime,awk {print $1} /proc/uptime,/,/usr/bin/awk,/usr/bin/awk|/lib64/ld-linux-x86-64.so.2,0,0,1001,27424,27423,(none),174,exec,benign,
1778300647,49946,0.329535,attack_window,20260508_212407_dns_delete_9ci3sG,20260508_212404_scp_nginx_dns_delete_CMzhrV,vandalism/dns_delete,vandalism,scp_then_ssh,execve,yes,0,/usr/bin/date,date,date -d now - 2893.36 seconds +%s,date -d now - 2893.36 seconds +%s,/,/usr/bin/date,/usr/bin/date|/lib64/ld-linux-x86-64.so.2,0,0,1001,27423,27420,(none),174,exec,benign,
1778300647,49947,0.330536,attack_window,20260508_212407_dns_delete_9ci3sG,20260508_212404_scp_nginx_dns_delete_CMzhrV,vandalism/dns_delete,vandalism,scp_then_ssh,execve,yes,0,/usr/bin/date,date,date +%s,date +%s,/,/usr/bin/date,/usr/bin/date|/lib64/ld-linux-x86-64.so.2,0,0,1001,27425,27420,(none),174,exec,benign,
1778300647,49948,0.331536,attack_window,20260508_212407_dns_delete_9ci3sG,20260508_212404_scp_nginx_dns_delete_CMzhrV,vandalism/dns_delete,vandalism,scp_then_ssh,execve,yes,0,/usr/bin/cat,cat,cat /var/lib/update-notifier/fsck-at-reboot,cat /var/lib/update-notifier/fsck-at-reboot,/,/usr/bin/cat,/usr/bin/cat|/lib64/ld-linux-x86-64.so.2,0,0,1001,27426,27420,(none),174,exec,benign,
1778300647,49949,0.333536,attack_window,20260508_212407_dns_delete_9ci3sG,20260508_212404_scp_nginx_dns_delete_CMzhrV,vandalism/dns_delete,vandalism,scp_then_ssh,execve,yes,0,/usr/bin/dash,98-reboot-requi,/bin/sh /etc/update-motd.d/98-reboot-required,/bin/sh /etc/update-motd.d/98-reboot-required,/,/etc/update-motd.d/98-reboot-required,/etc/update-motd.d/98-reboot-required|/bin/sh|/lib64/ld-linux-x86-64.so.2,0,0,1001,27427,27384,(none),174,exec,benign,
1778300647,49950,0.333536,attack_window,20260508_212407_dns_delete_9ci3sG,20260508_212404_scp_nginx_dns_delete_CMzhrV,vandalism/dns_delete,vandalism,scp_then_ssh,execve,yes,0,/usr/bin/dash,update-motd-reb,/bin/sh -e /usr/lib/update-notifier/update-motd-reboot-required,/bin/sh /etc/update-motd.d/98-reboot-required,/,/usr/lib/update-notifier/update-motd-reboot-required,/usr/lib/update-notifier/update-motd-reboot-required|/bin/sh|/lib64/ld-linux-x86-64.so.2,0,0,1001,27427,27384,(none),174,exec,benign,
1778300647,49951,0.334536,attack_window,20260508_212407_dns_delete_9ci3sG,20260508_212404_scp_nginx_dns_delete_CMzhrV,vandalism/dns_delete,vandalism,scp_then_ssh,rename,yes,0,/usr/sbin/sshd,sshd,,/usr/sbin/sshd -D -R,/,/run/,/run/|/run/motd.dynamic.new|/run/motd.dynamic,0,0,1001,27381,21008,(none),174,file_destroy,benign,
1778300647,49952,0.335536,attack_window,20260508_212407_dns_delete_9ci3sG,20260508_212404_scp_nginx_dns_delete_CMzhrV,vandalism/dns_delete,vandalism,scp_then_ssh,connect,yes,0,/usr/sbin/sshd,sshd,,/usr/sbin/sshd -D -R,/,/run/systemd/userdb/io.systemd.DynamicUser,/run/systemd/userdb/io.systemd.DynamicUser,0,0,1001,27381,21008,(none),174,network_connect,benign,
1778300647,49953,0.335536,attack_window,20260508_212407_dns_delete_9ci3sG,20260508_212404_scp_nginx_dns_delete_CMzhrV,vandalism/dns_delete,vandalism,scp_then_ssh,connect,yes,0,/usr/sbin/sshd,sshd,,/usr/sbin/sshd -D -R,/,/run/systemd/userdb/io.systemd.DynamicUser,/run/systemd/userdb/io.systemd.DynamicUser,0,0,1001,27381,21008,(none),174,network_connect,benign,
1778300647,49954,0.335536,attack_window,20260508_212407_dns_delete_9ci3sG,20260508_212404_scp_nginx_dns_delete_CMzhrV,vandalism/dns_delete,vandalism,scp_then_ssh,connect,yes,0,/usr/sbin/sshd,sshd,,/usr/sbin/sshd -D -R,/,/run/systemd/userdb/io.systemd.DynamicUser,/run/systemd/userdb/io.systemd.DynamicUser,0,0,1001,27381,21008,(none),174,network_connect,benign,
1778300647,49955,0.335536,attack_window,20260508_212407_dns_delete_9ci3sG,20260508_212404_scp_nginx_dns_delete_CMzhrV,vandalism/dns_delete,vandalism,scp_then_ssh,connect,yes,0,/usr/sbin/sshd,sshd,,/usr/sbin/sshd -D -R,/,/run/systemd/userdb/io.systemd.DynamicUser,/run/systemd/userdb/io.systemd.DynamicUser,0,0,1001,27381,21008,(none),174,network_connect,benign,
1778300647,49956,0.335536,attack_window,20260508_212407_dns_delete_9ci3sG,20260508_212404_scp_nginx_dns_delete_CMzhrV,vandalism/dns_delete,vandalism,scp_then_ssh,connect,yes,0,/usr/sbin/sshd,sshd,,/usr/sbin/sshd -D -R,/,/run/systemd/userdb/io.systemd.DynamicUser,/run/systemd/userdb/io.systemd.DynamicUser,0,0,1001,27381,21008,(none),174,network_connect,benign,
1778300647,49957,0.336535,attack_window,20260508_212407_dns_delete_9ci3sG,20260508_212404_scp_nginx_dns_delete_CMzhrV,vandalism/dns_delete,vandalism,scp_then_ssh,,,,,,,,,,,,,,,,,,,ambiguous,
1778300647,49958,0.337536,attack_window,20260508_212407_dns_delete_9ci3sG,20260508_212404_scp_nginx_dns_delete_CMzhrV,vandalism/dns_delete,vandalism,scp_then_ssh,setgid,yes,0,/usr/sbin/sshd,sshd,,sshd: deploy-rkejw [priv],,,,0,0,1001,27428,27381,(none),174,privilege_transition,benign,
1778300647,49959,0.337536,attack_window,20260508_212407_dns_delete_9ci3sG,20260508_212404_scp_nginx_dns_delete_CMzhrV,vandalism/dns_delete,vandalism,scp_then_ssh,connect,yes,0,/usr/sbin/sshd,sshd,,sshd: deploy-rkejw [priv],/,/run/systemd/userdb/io.systemd.DynamicUser,/run/systemd/userdb/io.systemd.DynamicUser,0,0,1001,27428,27381,(none),174,network_connect,benign,
1778300647,49960,0.337536,attack_window,20260508_212407_dns_delete_9ci3sG,20260508_212404_scp_nginx_dns_delete_CMzhrV,vandalism/dns_delete,vandalism,scp_then_ssh,connect,yes,0,/usr/sbin/sshd,sshd,,sshd: deploy-rkejw [priv],/,/run/systemd/userdb/io.systemd.DynamicUser,/run/systemd/userdb/io.systemd.DynamicUser,0,0,1001,27428,27381,(none),174,network_connect,benign,
1778300647,49961,0.338536,attack_window,20260508_212407_dns_delete_9ci3sG,20260508_212404_scp_nginx_dns_delete_CMzhrV,vandalism/dns_delete,vandalism,scp_then_ssh,126,yes,0,/usr/sbin/sshd,sshd,,sshd: deploy-rkejw [priv],,,,0,0,1001,27428,27381,(none),174,privilege_transition,benign,
1778300647,49962,0.338536,attack_window,20260508_212407_dns_delete_9ci3sG,20260508_212404_scp_nginx_dns_delete_CMzhrV,vandalism/dns_delete,vandalism,scp_then_ssh,,,,,,,,,,,,,,,,,,,ambiguous,
1778300647,49963,0.338536,attack_window,20260508_212407_dns_delete_9ci3sG,20260508_212404_scp_nginx_dns_delete_CMzhrV,vandalism/dns_delete,vandalism,scp_then_ssh,setresgid,yes,0,/usr/sbin/sshd,sshd,,sshd: deploy-rkejw [priv],,,,0,0,1001,27428,27381,(none),174,privilege_transition,benign,
1778300647,49964,0.338536,attack_window,20260508_212407_dns_delete_9ci3sG,20260508_212404_scp_nginx_dns_delete_CMzhrV,vandalism/dns_delete,vandalism,scp_then_ssh,setresuid,yes,0,/usr/sbin/sshd,sshd,,sshd: deploy-rkejw [priv],,,,1001,1001,1001,27428,27381,(none),174,privilege_transition,benign,
1778300647,49965,0.338536,attack_window,20260508_212407_dns_delete_9ci3sG,20260508_212404_scp_nginx_dns_delete_CMzhrV,vandalism/dns_delete,vandalism,scp_then_ssh,setuid,no,-1,/usr/sbin/sshd,sshd,,sshd: deploy-rkejw [priv],,,,1001,1001,1001,27428,27381,(none),174,privilege_transition,benign,
1778300647,49966,0.338536,attack_window,20260508_212407_dns_delete_9ci3sG,20260508_212404_scp_nginx_dns_delete_CMzhrV,vandalism/dns_delete,vandalism,scp_then_ssh,setresuid,no,-1,/usr/sbin/sshd,sshd,,sshd: deploy-rkejw [priv],,,,1001,1001,1001,27428,27381,(none),174,privilege_transition,benign,
1778300647,49967,0.386536,attack_window,20260508_212407_dns_delete_9ci3sG,20260508_212404_scp_nginx_dns_delete_CMzhrV,vandalism/dns_delete,vandalism,scp_then_ssh,execve,yes,0,/usr/bin/bash,bash,bash -c mkdir -p /tmp/.cache/aegis_20260508_212407_dns_delete_9ci3sG,bash -c mkdir -p /tmp/.cache/aegis_20260508_212407_dns_delete_9ci3sG,/home/deploy-rkejw,/bin/bash,/bin/bash|/lib64/ld-linux-x86-64.so.2,1001,1001,1001,27429,27428,(none),174,shell_exec,benign,
1778300647,49968,0.387536,attack_window,20260508_212407_dns_delete_9ci3sG,20260508_212404_scp_nginx_dns_delete_CMzhrV,vandalism/dns_delete,vandalism,scp_then_ssh,execve,yes,0,/usr/bin/mkdir,mkdir,mkdir -p /tmp/.cache/aegis_20260508_212407_dns_delete_9ci3sG,bash -c mkdir -p /tmp/.cache/aegis_20260508_212407_dns_delete_9ci3sG,/home/deploy-rkejw,/usr/bin/mkdir,/usr/bin/mkdir|/lib64/ld-linux-x86-64.so.2,1001,1001,1001,27429,27428,(none),174,exec,benign,
1778300647,49969,0.388535,attack_window,20260508_212407_dns_delete_9ci3sG,20260508_212404_scp_nginx_dns_delete_CMzhrV,vandalism/dns_delete,vandalism,scp_then_ssh,mkdir,no,-17,/usr/bin/mkdir,mkdir,,bash -c mkdir -p /tmp/.cache/aegis_20260508_212407_dns_delete_9ci3sG,/tmp,/tmp,/tmp,1001,1001,1001,27429,27428,(none),174,tmp_activity,benign,
1778300647,49970,0.388535,attack_window,20260508_212407_dns_delete_9ci3sG,20260508_212404_scp_nginx_dns_delete_CMzhrV,vandalism/dns_delete,vandalism,scp_then_ssh,mkdir,no,-17,/usr/bin/mkdir,mkdir,,bash -c mkdir -p /tmp/.cache/aegis_20260508_212407_dns_delete_9ci3sG,/tmp/.cache,/tmp/.cache,/tmp/.cache,1001,1001,1001,27429,27428,(none),174,tmp_activity,benign,
1778300647,49971,0.389536,attack_window,20260508_212407_dns_delete_9ci3sG,20260508_212404_scp_nginx_dns_delete_CMzhrV,vandalism/dns_delete,vandalism,scp_then_ssh,connect,yes,0,/usr/sbin/sshd,sshd,,sshd: deploy-rkejw [priv],/,/dev/log,/dev/log,1001,1001,1001,27428,27381,(none),174,network_connect,benign,
1778300647,49972,0.390536,attack_window,20260508_212407_dns_delete_9ci3sG,20260508_212404_scp_nginx_dns_delete_CMzhrV,vandalism/dns_delete,vandalism,scp_then_ssh,114,yes,0,/usr/sbin/sshd,sshd,,/usr/sbin/sshd -D -R,,,,0,0,1001,27381,21008,(none),174,privilege_transition,benign,
1778300647,49973,0.390536,attack_window,20260508_212407_dns_delete_9ci3sG,20260508_212404_scp_nginx_dns_delete_CMzhrV,vandalism/dns_delete,vandalism,scp_then_ssh,setresuid,yes,0,/usr/sbin/sshd,sshd,,/usr/sbin/sshd -D -R,,,,0,1001,1001,27381,21008,(none),174,privilege_transition,benign,
1778300647,49974,0.390536,attack_window,20260508_212407_dns_delete_9ci3sG,20260508_212404_scp_nginx_dns_delete_CMzhrV,vandalism/dns_delete,vandalism,scp_then_ssh,113,yes,0,/usr/sbin/sshd,sshd,,/usr/sbin/sshd -D -R,,,,0,0,1001,27381,21008,(none),174,privilege_transition,benign,
1778300647,49975,0.390536,attack_window,20260508_212407_dns_delete_9ci3sG,20260508_212404_scp_nginx_dns_delete_CMzhrV,vandalism/dns_delete,vandalism,scp_then_ssh,114,yes,0,/usr/sbin/sshd,sshd,,/usr/sbin/sshd -D -R,,,,0,0,1001,27381,21008,(none),174,privilege_transition,benign,
1778300647,49976,0.390536,attack_window,20260508_212407_dns_delete_9ci3sG,20260508_212404_scp_nginx_dns_delete_CMzhrV,vandalism/dns_delete,vandalism,scp_then_ssh,connect,yes,0,/usr/sbin/sshd,sshd,,/usr/sbin/sshd -D -R,/,/run/dbus/system_bus_socket,/run/dbus/system_bus_socket,0,0,1001,27381,21008,(none),174,network_connect,benign,
1778300647,49977,0.391536,attack_window,20260508_212407_dns_delete_9ci3sG,20260508_212404_scp_nginx_dns_delete_CMzhrV,vandalism/dns_delete,vandalism,scp_then_ssh,,,,,,,,,,,,,,,,,,,ambiguous,
1778300647,49978,0.391536,attack_window,20260508_212407_dns_delete_9ci3sG,20260508_212404_scp_nginx_dns_delete_CMzhrV,vandalism/dns_delete,vandalism,scp_then_ssh,,,,,,,,,,,,,,,,,,,ambiguous,
1778300647,49979,0.391536,attack_window,20260508_212407_dns_delete_9ci3sG,20260508_212404_scp_nginx_dns_delete_CMzhrV,vandalism/dns_delete,vandalism,scp_then_ssh,setresgid,yes,0,/usr/sbin/sshd,sshd,,/usr/sbin/sshd -D -R,,,,0,0,1001,27381,21008,(none),174,privilege_transition,benign,
1778300647,49980,0.391536,attack_window,20260508_212407_dns_delete_9ci3sG,20260508_212404_scp_nginx_dns_delete_CMzhrV,vandalism/dns_delete,vandalism,scp_then_ssh,setresuid,yes,0,/usr/sbin/sshd,sshd,,/usr/sbin/sshd -D -R,,,,0,1001,1001,27381,21008,(none),174,privilege_transition,benign,
1778300647,49981,0.391536,attack_window,20260508_212407_dns_delete_9ci3sG,20260508_212404_scp_nginx_dns_delete_CMzhrV,vandalism/dns_delete,vandalism,scp_then_ssh,setresuid,yes,0,/usr/sbin/sshd,sshd,,/usr/sbin/sshd -D -R,,,,0,0,1001,27381,21008,(none),174,privilege_transition,benign,
1778300647,49982,0.391536,attack_window,20260508_212407_dns_delete_9ci3sG,20260508_212404_scp_nginx_dns_delete_CMzhrV,vandalism/dns_delete,vandalism,scp_then_ssh,setresgid,yes,0,/usr/sbin/sshd,sshd,,/usr/sbin/sshd -D -R,,,,0,0,1001,27381,21008,(none),174,privilege_transition,benign,
1778300647,49983,0.404536,attack_window,20260508_212407_dns_delete_9ci3sG,20260508_212404_scp_nginx_dns_delete_CMzhrV,vandalism/dns_delete,vandalism,scp_then_ssh,execve,yes,0,/usr/sbin/sshd,sshd,/usr/sbin/sshd -D -R,/usr/sbin/sshd -D -R,/,/usr/sbin/sshd,/usr/sbin/sshd|/lib64/ld-linux-x86-64.so.2,0,0,4294967295,27430,21008,(none),4294967295,exec,benign,
1778300647,49984,0.407536,attack_window,20260508_212407_dns_delete_9ci3sG,20260508_212404_scp_nginx_dns_delete_CMzhrV,vandalism/dns_delete,vandalism,scp_then_ssh,connect,no,-2,/usr/sbin/sshd,sshd,,/usr/sbin/sshd -D -R,/,/var/run/nscd/socket,/var/run/nscd/socket,0,0,4294967295,27430,21008,(none),4294967295,network_connect,benign,
1778300647,49985,0.407536,attack_window,20260508_212407_dns_delete_9ci3sG,20260508_212404_scp_nginx_dns_delete_CMzhrV,vandalism/dns_delete,vandalism,scp_then_ssh,connect,yes,0,/usr/sbin/sshd,sshd,,/usr/sbin/sshd -D -R,,,,0,0,4294967295,27430,21008,(none),4294967295,network_connect,benign,
1778300647,49986,0.407536,attack_window,20260508_212407_dns_delete_9ci3sG,20260508_212404_scp_nginx_dns_delete_CMzhrV,vandalism/dns_delete,vandalism,scp_then_ssh,connect,yes,0,/usr/sbin/sshd,sshd,,/usr/sbin/sshd -D -R,,,,0,0,4294967295,27430,21008,(none),4294967295,network_connect,benign,
1778300647,49987,0.407536,attack_window,20260508_212407_dns_delete_9ci3sG,20260508_212404_scp_nginx_dns_delete_CMzhrV,vandalism/dns_delete,vandalism,scp_then_ssh,connect,yes,0,/usr/sbin/sshd,sshd,,/usr/sbin/sshd -D -R,,,,0,0,4294967295,27430,21008,(none),4294967295,network_connect,benign,
1778300647,49988,0.407536,attack_window,20260508_212407_dns_delete_9ci3sG,20260508_212404_scp_nginx_dns_delete_CMzhrV,vandalism/dns_delete,vandalism,scp_then_ssh,connect,no,-2,/usr/sbin/sshd,sshd,,/usr/sbin/sshd -D -R,/,/var/run/nscd/socket,/var/run/nscd/socket,0,0,4294967295,27430,21008,(none),4294967295,network_connect,benign,
1778300647,49989,0.408535,attack_window,20260508_212407_dns_delete_9ci3sG,20260508_212404_scp_nginx_dns_delete_CMzhrV,vandalism/dns_delete,vandalism,scp_then_ssh,connect,no,-2,/usr/sbin/sshd,sshd,,/usr/sbin/sshd -D -R,/,/var/run/nscd/socket,/var/run/nscd/socket,0,0,4294967295,27430,21008,(none),4294967295,network_connect,benign,
1778300647,49990,0.411536,attack_window,20260508_212407_dns_delete_9ci3sG,20260508_212404_scp_nginx_dns_delete_CMzhrV,vandalism/dns_delete,vandalism,scp_then_ssh,setresgid,yes,0,/usr/sbin/sshd,sshd,,sshd: [accepted],,,,0,0,4294967295,27431,27430,(none),4294967295,privilege_transition,benign,
1778300647,49991,0.411536,attack_window,20260508_212407_dns_delete_9ci3sG,20260508_212404_scp_nginx_dns_delete_CMzhrV,vandalism/dns_delete,vandalism,scp_then_ssh,setresuid,yes,0,/usr/sbin/sshd,sshd,,sshd: [accepted],,,,109,109,4294967295,27431,27430,(none),4294967295,privilege_transition,benign,
1778300647,49992,0.411536,attack_window,20260508_212407_dns_delete_9ci3sG,20260508_212404_scp_nginx_dns_delete_CMzhrV,vandalism/dns_delete,vandalism,scp_then_ssh,setgid,no,-1,/usr/sbin/sshd,sshd,,sshd: [accepted],,,,109,109,4294967295,27431,27430,(none),4294967295,privilege_transition,benign,
1778300647,49993,0.411536,attack_window,20260508_212407_dns_delete_9ci3sG,20260508_212404_scp_nginx_dns_delete_CMzhrV,vandalism/dns_delete,vandalism,scp_then_ssh,setresgid,no,-1,/usr/sbin/sshd,sshd,,sshd: [accepted],,,,109,109,4294967295,27431,27430,(none),4294967295,privilege_transition,benign,
1778300647,49994,0.411536,attack_window,20260508_212407_dns_delete_9ci3sG,20260508_212404_scp_nginx_dns_delete_CMzhrV,vandalism/dns_delete,vandalism,scp_then_ssh,setuid,no,-1,/usr/sbin/sshd,sshd,,sshd: [accepted],,,,109,109,4294967295,27431,27430,(none),4294967295,privilege_transition,benign,
1778300647,49995,0.411536,attack_window,20260508_212407_dns_delete_9ci3sG,20260508_212404_scp_nginx_dns_delete_CMzhrV,vandalism/dns_delete,vandalism,scp_then_ssh,setresuid,no,-1,/usr/sbin/sshd,sshd,,sshd: [accepted],,,,109,109,4294967295,27431,27430,(none),4294967295,privilege_transition,benign,
1778300647,49996,0.511536,attack_window,20260508_212407_dns_delete_9ci3sG,20260508_212404_scp_nginx_dns_delete_CMzhrV,vandalism/dns_delete,vandalism,scp_then_ssh,connect,no,-2,/usr/sbin/sshd,sshd,,/usr/sbin/sshd -D -R,/,/var/run/nscd/socket,/var/run/nscd/socket,0,0,4294967295,27430,21008,(none),4294967295,network_connect,benign,
1778300647,49997,0.511536,attack_window,20260508_212407_dns_delete_9ci3sG,20260508_212404_scp_nginx_dns_delete_CMzhrV,vandalism/dns_delete,vandalism,scp_then_ssh,connect,no,-2,/usr/sbin/sshd,sshd,,/usr/sbin/sshd -D -R,/,/var/run/nscd/socket,/var/run/nscd/socket,0,0,4294967295,27430,21008,(none),4294967295,network_connect,benign,
1778300647,49998,0.511536,attack_window,20260508_212407_dns_delete_9ci3sG,20260508_212404_scp_nginx_dns_delete_CMzhrV,vandalism/dns_delete,vandalism,scp_then_ssh,connect,yes,0,/usr/sbin/sshd,sshd,,/usr/sbin/sshd -D -R,/,/run/systemd/userdb/io.systemd.DynamicUser,/run/systemd/userdb/io.systemd.DynamicUser,0,0,4294967295,27430,21008,(none),4294967295,network_connect,benign,
1778300647,49999,0.512536,attack_window,20260508_212407_dns_delete_9ci3sG,20260508_212404_scp_nginx_dns_delete_CMzhrV,vandalism/dns_delete,vandalism,scp_then_ssh,setresgid,yes,0,/usr/sbin/sshd,sshd,,/usr/sbin/sshd -D -R,,,,0,0,4294967295,27430,21008,(none),4294967295,privilege_transition,benign,
1778300647,50000,0.512536,attack_window,20260508_212407_dns_delete_9ci3sG,20260508_212404_scp_nginx_dns_delete_CMzhrV,vandalism/dns_delete,vandalism,scp_then_ssh,setresuid,yes,0,/usr/sbin/sshd,sshd,,/usr/sbin/sshd -D -R,,,,0,1001,4294967295,27430,21008,(none),4294967295,privilege_transition,benign,
1778300647,50001,0.512536,attack_window,20260508_212407_dns_delete_9ci3sG,20260508_212404_scp_nginx_dns_delete_CMzhrV,vandalism/dns_delete,vandalism,scp_then_ssh,setresuid,yes,0,/usr/sbin/sshd,sshd,,/usr/sbin/sshd -D -R,,,,0,0,4294967295,27430,21008,(none),4294967295,privilege_transition,benign,
1778300647,50002,0.512536,attack_window,20260508_212407_dns_delete_9ci3sG,20260508_212404_scp_nginx_dns_delete_CMzhrV,vandalism/dns_delete,vandalism,scp_then_ssh,setresgid,yes,0,/usr/sbin/sshd,sshd,,/usr/sbin/sshd -D -R,,,,0,0,4294967295,27430,21008,(none),4294967295,privilege_transition,benign,
1778300647,50003,0.512536,attack_window,20260508_212407_dns_delete_9ci3sG,20260508_212404_scp_nginx_dns_delete_CMzhrV,vandalism/dns_delete,vandalism,scp_then_ssh,setresgid,yes,0,/usr/sbin/sshd,sshd,,/usr/sbin/sshd -D -R,,,,0,0,4294967295,27430,21008,(none),4294967295,privilege_transition,benign,
1778300647,50004,0.512536,attack_window,20260508_212407_dns_delete_9ci3sG,20260508_212404_scp_nginx_dns_delete_CMzhrV,vandalism/dns_delete,vandalism,scp_then_ssh,setresuid,yes,0,/usr/sbin/sshd,sshd,,/usr/sbin/sshd -D -R,,,,0,1001,4294967295,27430,21008,(none),4294967295,privilege_transition,benign,
1778300647,50005,0.512536,attack_window,20260508_212407_dns_delete_9ci3sG,20260508_212404_scp_nginx_dns_delete_CMzhrV,vandalism/dns_delete,vandalism,scp_then_ssh,connect,yes,0,/usr/sbin/sshd,sshd,,/usr/sbin/sshd -D -R,/,/dev/log,/dev/log,0,1001,4294967295,27430,21008,(none),4294967295,network_connect,benign,
1778300647,50006,0.512536,attack_window,20260508_212407_dns_delete_9ci3sG,20260508_212404_scp_nginx_dns_delete_CMzhrV,vandalism/dns_delete,vandalism,scp_then_ssh,setresuid,yes,0,/usr/sbin/sshd,sshd,,/usr/sbin/sshd -D -R,,,,0,0,4294967295,27430,21008,(none),4294967295,privilege_transition,benign,
1778300647,50007,0.512536,attack_window,20260508_212407_dns_delete_9ci3sG,20260508_212404_scp_nginx_dns_delete_CMzhrV,vandalism/dns_delete,vandalism,scp_then_ssh,setresgid,yes,0,/usr/sbin/sshd,sshd,,/usr/sbin/sshd -D -R,,,,0,0,4294967295,27430,21008,(none),4294967295,privilege_transition,benign,
1778300647,50008,0.512536,attack_window,20260508_212407_dns_delete_9ci3sG,20260508_212404_scp_nginx_dns_delete_CMzhrV,vandalism/dns_delete,vandalism,scp_then_ssh,,,,,,,,,,,,,,,,,,,ambiguous,
1778300647,50009,0.518536,attack_window,20260508_212407_dns_delete_9ci3sG,20260508_212404_scp_nginx_dns_delete_CMzhrV,vandalism/dns_delete,vandalism,scp_then_ssh,setresgid,yes,0,/usr/sbin/sshd,sshd,,/usr/sbin/sshd -D -R,,,,0,0,4294967295,27430,21008,(none),4294967295,privilege_transition,benign,
1778300647,50010,0.518536,attack_window,20260508_212407_dns_delete_9ci3sG,20260508_212404_scp_nginx_dns_delete_CMzhrV,vandalism/dns_delete,vandalism,scp_then_ssh,setresuid,yes,0,/usr/sbin/sshd,sshd,,/usr/sbin/sshd -D -R,,,,0,1001,4294967295,27430,21008,(none),4294967295,privilege_transition,benign,
1778300647,50011,0.518536,attack_window,20260508_212407_dns_delete_9ci3sG,20260508_212404_scp_nginx_dns_delete_CMzhrV,vandalism/dns_delete,vandalism,scp_then_ssh,setresuid,yes,0,/usr/sbin/sshd,sshd,,/usr/sbin/sshd -D -R,,,,0,0,4294967295,27430,21008,(none),4294967295,privilege_transition,benign,
1778300647,50012,0.518536,attack_window,20260508_212407_dns_delete_9ci3sG,20260508_212404_scp_nginx_dns_delete_CMzhrV,vandalism/dns_delete,vandalism,scp_then_ssh,setresgid,yes,0,/usr/sbin/sshd,sshd,,/usr/sbin/sshd -D -R,,,,0,0,4294967295,27430,21008,(none),4294967295,privilege_transition,benign,
1778300647,50013,0.518536,attack_window,20260508_212407_dns_delete_9ci3sG,20260508_212404_scp_nginx_dns_delete_CMzhrV,vandalism/dns_delete,vandalism,scp_then_ssh,setresgid,yes,0,/usr/sbin/sshd,sshd,,/usr/sbin/sshd -D -R,,,,0,0,4294967295,27430,21008,(none),4294967295,privilege_transition,benign,
1778300647,50014,0.518536,attack_window,20260508_212407_dns_delete_9ci3sG,20260508_212404_scp_nginx_dns_delete_CMzhrV,vandalism/dns_delete,vandalism,scp_then_ssh,setresuid,yes,0,/usr/sbin/sshd,sshd,,/usr/sbin/sshd -D -R,,,,0,1001,4294967295,27430,21008,(none),4294967295,privilege_transition,benign,
1778300647,50015,0.518536,attack_window,20260508_212407_dns_delete_9ci3sG,20260508_212404_scp_nginx_dns_delete_CMzhrV,vandalism/dns_delete,vandalism,scp_then_ssh,connect,yes,0,/usr/sbin/sshd,sshd,,/usr/sbin/sshd -D -R,/,/dev/log,/dev/log,0,1001,4294967295,27430,21008,(none),4294967295,network_connect,benign,
1778300647,50016,0.518536,attack_window,20260508_212407_dns_delete_9ci3sG,20260508_212404_scp_nginx_dns_delete_CMzhrV,vandalism/dns_delete,vandalism,scp_then_ssh,setresuid,yes,0,/usr/sbin/sshd,sshd,,/usr/sbin/sshd -D -R,,,,0,0,4294967295,27430,21008,(none),4294967295,privilege_transition,benign,
1778300647,50017,0.518536,attack_window,20260508_212407_dns_delete_9ci3sG,20260508_212404_scp_nginx_dns_delete_CMzhrV,vandalism/dns_delete,vandalism,scp_then_ssh,setresgid,yes,0,/usr/sbin/sshd,sshd,,/usr/sbin/sshd -D -R,,,,0,0,4294967295,27430,21008,(none),4294967295,privilege_transition,benign,
1778300647,50018,0.518536,attack_window,20260508_212407_dns_delete_9ci3sG,20260508_212404_scp_nginx_dns_delete_CMzhrV,vandalism/dns_delete,vandalism,scp_then_ssh,,,,,,,,,,,,,,,,,,,ambiguous,
1778300647,50019,0.545536,attack_window,20260508_212407_dns_delete_9ci3sG,20260508_212404_scp_nginx_dns_delete_CMzhrV,vandalism/dns_delete,vandalism,scp_then_ssh,connect,yes,0,/usr/sbin/sshd,sshd,,/usr/sbin/sshd -D -R,/,/run/systemd/userdb/io.systemd.DynamicUser,/run/systemd/userdb/io.systemd.DynamicUser,0,0,4294967295,27430,21008,(none),4294967295,network_connect,benign,
1778300647,50020,0.545536,attack_window,20260508_212407_dns_delete_9ci3sG,20260508_212404_scp_nginx_dns_delete_CMzhrV,vandalism/dns_delete,vandalism,scp_then_ssh,,,,,,,,,,,,,,,,,,,ambiguous,
1778300647,50021,0.550536,attack_window,20260508_212407_dns_delete_9ci3sG,20260508_212404_scp_nginx_dns_delete_CMzhrV,vandalism/dns_delete,vandalism,scp_then_ssh,,,,,,,,,,,,,,,,,,,ambiguous,
1778300647,50022,0.550536,attack_window,20260508_212407_dns_delete_9ci3sG,20260508_212404_scp_nginx_dns_delete_CMzhrV,vandalism/dns_delete,vandalism,scp_then_ssh,connect,yes,0,/usr/sbin/sshd,sshd,,/usr/sbin/sshd -D -R,/,/dev/log,/dev/log,0,0,4294967295,27430,21008,(none),4294967295,network_connect,benign,
1778300647,50023,0.551536,attack_window,20260508_212407_dns_delete_9ci3sG,20260508_212404_scp_nginx_dns_delete_CMzhrV,vandalism/dns_delete,vandalism,scp_then_ssh,connect,yes,0,/usr/sbin/sshd,sshd,,/usr/sbin/sshd -D -R,/,/run/systemd/userdb/io.systemd.DynamicUser,/run/systemd/userdb/io.systemd.DynamicUser,0,0,4294967295,27430,21008,(none),4294967295,network_connect,benign,
1778300647,50024,0.551536,attack_window,20260508_212407_dns_delete_9ci3sG,20260508_212404_scp_nginx_dns_delete_CMzhrV,vandalism/dns_delete,vandalism,scp_then_ssh,126,yes,0,/usr/sbin/sshd,sshd,,/usr/sbin/sshd -D -R,,,,0,0,4294967295,27430,21008,(none),4294967295,privilege_transition,benign,
1778300647,50025,0.551536,attack_window,20260508_212407_dns_delete_9ci3sG,20260508_212404_scp_nginx_dns_delete_CMzhrV,vandalism/dns_delete,vandalism,scp_then_ssh,,,,,,,,,,,,,,,,,,,ambiguous,
1778300647,50026,0.551536,attack_window,20260508_212407_dns_delete_9ci3sG,20260508_212404_scp_nginx_dns_delete_CMzhrV,vandalism/dns_delete,vandalism,scp_then_ssh,77,yes,0,/usr/sbin/sshd,sshd,,/usr/sbin/sshd -D -R,,,,0,0,4294967295,27430,21008,(none),4294967295,file_destroy,benign,
1778300647,50027,0.551536,attack_window,20260508_212407_dns_delete_9ci3sG,20260508_212404_scp_nginx_dns_delete_CMzhrV,vandalism/dns_delete,vandalism,scp_then_ssh,write,yes,4,/usr/sbin/sshd,sshd,,/usr/sbin/sshd -D -R,,,,0,0,1001,27430,21008,(none),175,(null),benign,
1778300647,50028,0.551536,attack_window,20260508_212407_dns_delete_9ci3sG,20260508_212404_scp_nginx_dns_delete_CMzhrV,vandalism/dns_delete,vandalism,scp_then_ssh,114,yes,0,/usr/sbin/sshd,sshd,,/usr/sbin/sshd -D -R,,,,0,0,1001,27430,21008,(none),175,privilege_transition,benign,
1778300647,50029,0.551536,attack_window,20260508_212407_dns_delete_9ci3sG,20260508_212404_scp_nginx_dns_delete_CMzhrV,vandalism/dns_delete,vandalism,scp_then_ssh,113,yes,0,/usr/sbin/sshd,sshd,,/usr/sbin/sshd -D -R,,,,1001,0,1001,27430,21008,(none),175,privilege_transition,benign,
1778300647,50030,0.551536,attack_window,20260508_212407_dns_delete_9ci3sG,20260508_212404_scp_nginx_dns_delete_CMzhrV,vandalism/dns_delete,vandalism,scp_then_ssh,113,yes,0,/usr/sbin/sshd,sshd,,/usr/sbin/sshd -D -R,,,,0,0,1001,27430,21008,(none),175,privilege_transition,benign,
1778300647,50031,0.551536,attack_window,20260508_212407_dns_delete_9ci3sG,20260508_212404_scp_nginx_dns_delete_CMzhrV,vandalism/dns_delete,vandalism,scp_then_ssh,114,yes,0,/usr/sbin/sshd,sshd,,/usr/sbin/sshd -D -R,,,,0,0,1001,27430,21008,(none),175,privilege_transition,benign,
1778300647,50032,0.551536,attack_window,20260508_212407_dns_delete_9ci3sG,20260508_212404_scp_nginx_dns_delete_CMzhrV,vandalism/dns_delete,vandalism,scp_then_ssh,connect,yes,0,/usr/sbin/sshd,sshd,,/usr/sbin/sshd -D -R,/,/dev/log,/dev/log,0,0,1001,27430,21008,(none),175,network_connect,benign,
1778300647,50033,0.551536,attack_window,20260508_212407_dns_delete_9ci3sG,20260508_212404_scp_nginx_dns_delete_CMzhrV,vandalism/dns_delete,vandalism,scp_then_ssh,connect,no,-2,/usr/sbin/sshd,sshd,,/usr/sbin/sshd -D -R,/,/run/systemd/userdb/io.systemd.Multiplexer,/run/systemd/userdb/io.systemd.Multiplexer,0,0,1001,27430,21008,(none),175,network_connect,benign,
1778300647,50034,0.551536,attack_window,20260508_212407_dns_delete_9ci3sG,20260508_212404_scp_nginx_dns_delete_CMzhrV,vandalism/dns_delete,vandalism,scp_then_ssh,connect,yes,0,/usr/sbin/sshd,sshd,,/usr/sbin/sshd -D -R,/,/run/systemd/userdb/io.systemd.DynamicUser,/run/systemd/userdb/io.systemd.DynamicUser,0,0,1001,27430,21008,(none),175,network_connect,benign,
1778300647,50035,0.553535,attack_window,20260508_212407_dns_delete_9ci3sG,20260508_212404_scp_nginx_dns_delete_CMzhrV,vandalism/dns_delete,vandalism,scp_then_ssh,connect,yes,0,/usr/sbin/sshd,sshd,,/usr/sbin/sshd -D -R,/,/run/dbus/system_bus_socket,/run/dbus/system_bus_socket,0,0,1001,27430,21008,(none),175,network_connect,benign,
1778300647,50036,0.562536,attack_window,20260508_212407_dns_delete_9ci3sG,20260508_212404_scp_nginx_dns_delete_CMzhrV,vandalism/dns_delete,vandalism,scp_then_ssh,execve,yes,0,/usr/bin/dash,sh,sh -c -- /usr/bin/env -i PATH=/usr/local/sbin:/usr/local/bin:/usr/sbin:/usr/bin:/sbin:/bin run-parts --lsbsysinit /etc/update-motd.d > /run/motd.dynamic.new,sh -c -- /usr/bin/env -i PATH=/usr/local/sbin:/usr/local/bin:/usr/sbin:/usr/bin:/sbin:/bin run-parts --lsbsysinit /etc/update-mo,/,/bin/sh,/bin/sh|/lib64/ld-linux-x86-64.so.2,0,0,1001,27432,27430,(none),175,exec,benign,
1778300647,50037,0.563535,attack_window,20260508_212407_dns_delete_9ci3sG,20260508_212404_scp_nginx_dns_delete_CMzhrV,vandalism/dns_delete,vandalism,scp_then_ssh,execve,yes,0,/usr/bin/env,env,/usr/bin/env -i PATH=/usr/local/sbin:/usr/local/bin:/usr/sbin:/usr/bin:/sbin:/bin run-parts --lsbsysinit /etc/update-motd.d,/usr/bin/env -i PATH=/usr/local/sbin:/usr/local/bin:/usr/sbin:/usr/bin:/sbin:/bin run-parts --lsbsysinit /etc/update-motd.d,/,/usr/bin/env,/usr/bin/env|/lib64/ld-linux-x86-64.so.2,0,0,1001,27433,27432,(none),175,exec,benign,
1778300647,50038,0.565536,attack_window,20260508_212407_dns_delete_9ci3sG,20260508_212404_scp_nginx_dns_delete_CMzhrV,vandalism/dns_delete,vandalism,scp_then_ssh,execve,no,-2,/usr/bin/env,env,,/usr/bin/env -i PATH=/usr/local/sbin:/usr/local/bin:/usr/sbin:/usr/bin:/sbin:/bin run-parts --lsbsysinit /etc/update-motd.d,/,/usr/local/sbin/run-parts,/usr/local/sbin/run-parts,0,0,1001,27433,27432,(none),175,exec,benign,
1778300647,50039,0.565536,attack_window,20260508_212407_dns_delete_9ci3sG,20260508_212404_scp_nginx_dns_delete_CMzhrV,vandalism/dns_delete,vandalism,scp_then_ssh,execve,no,-2,/usr/bin/env,env,,/usr/bin/env -i PATH=/usr/local/sbin:/usr/local/bin:/usr/sbin:/usr/bin:/sbin:/bin run-parts --lsbsysinit /etc/update-motd.d,/,/usr/local/bin/run-parts,/usr/local/bin/run-parts,0,0,1001,27433,27432,(none),175,exec,benign,
1778300647,50040,0.565536,attack_window,20260508_212407_dns_delete_9ci3sG,20260508_212404_scp_nginx_dns_delete_CMzhrV,vandalism/dns_delete,vandalism,scp_then_ssh,execve,no,-2,/usr/bin/env,env,,/usr/bin/env -i PATH=/usr/local/sbin:/usr/local/bin:/usr/sbin:/usr/bin:/sbin:/bin run-parts --lsbsysinit /etc/update-motd.d,/,/usr/sbin/run-parts,/usr/sbin/run-parts,0,0,1001,27433,27432,(none),175,exec,benign,
1778300647,50041,0.565536,attack_window,20260508_212407_dns_delete_9ci3sG,20260508_212404_scp_nginx_dns_delete_CMzhrV,vandalism/dns_delete,vandalism,scp_then_ssh,execve,yes,0,/usr/bin/run-parts,run-parts,run-parts --lsbsysinit /etc/update-motd.d,/usr/bin/env -i PATH=/usr/local/sbin:/usr/local/bin:/usr/sbin:/usr/bin:/sbin:/bin run-parts --lsbsysinit /etc/update-motd.d,/,/usr/bin/run-parts,/usr/bin/run-parts|/lib64/ld-linux-x86-64.so.2,0,0,1001,27433,27432,(none),175,exec,benign,
1778300647,50042,0.568536,attack_window,20260508_212407_dns_delete_9ci3sG,20260508_212404_scp_nginx_dns_delete_CMzhrV,vandalism/dns_delete,vandalism,scp_then_ssh,execve,yes,0,/usr/bin/dash,00-header,/bin/sh /etc/update-motd.d/00-header,/bin/sh /etc/update-motd.d/00-header,/,/etc/update-motd.d/00-header,/etc/update-motd.d/00-header|/bin/sh|/lib64/ld-linux-x86-64.so.2,0,0,1001,27434,27433,(none),175,exec,benign,
1778300647,50043,0.569535,attack_window,20260508_212407_dns_delete_9ci3sG,20260508_212404_scp_nginx_dns_delete_CMzhrV,vandalism/dns_delete,vandalism,scp_then_ssh,execve,yes,0,/usr/bin/uname,uname,uname -o,uname -o,/,/usr/bin/uname,/usr/bin/uname|/lib64/ld-linux-x86-64.so.2,0,0,1001,27435,27434,(none),175,exec,benign,
1778300647,50044,0.570536,attack_window,20260508_212407_dns_delete_9ci3sG,20260508_212404_scp_nginx_dns_delete_CMzhrV,vandalism/dns_delete,vandalism,scp_then_ssh,execve,yes,0,/usr/bin/uname,uname,uname -r,uname -r,/,/usr/bin/uname,/usr/bin/uname|/lib64/ld-linux-x86-64.so.2,0,0,1001,27436,27434,(none),175,exec,benign,
1778300647,50045,0.571536,attack_window,20260508_212407_dns_delete_9ci3sG,20260508_212404_scp_nginx_dns_delete_CMzhrV,vandalism/dns_delete,vandalism,scp_then_ssh,execve,yes,0,/usr/bin/uname,uname,uname -m,uname -m,/,/usr/bin/uname,/usr/bin/uname|/lib64/ld-linux-x86-64.so.2,0,0,1001,27437,27434,(none),175,exec,benign,
1778300647,50046,0.572536,attack_window,20260508_212407_dns_delete_9ci3sG,20260508_212404_scp_nginx_dns_delete_CMzhrV,vandalism/dns_delete,vandalism,scp_then_ssh,execve,yes,0,/usr/bin/dash,10-help-text,/bin/sh /etc/update-motd.d/10-help-text,/bin/sh /etc/update-motd.d/10-help-text,/,/etc/update-motd.d/10-help-text,/etc/update-motd.d/10-help-text|/bin/sh|/lib64/ld-linux-x86-64.so.2,0,0,1001,27438,27433,(none),175,exec,benign,
1778300647,50047,0.576535,attack_window,20260508_212407_dns_delete_9ci3sG,20260508_212404_scp_nginx_dns_delete_CMzhrV,vandalism/dns_delete,vandalism,scp_then_ssh,execve,yes,0,/usr/bin/dash,50-landscape-sy,/bin/sh /etc/update-motd.d/50-landscape-sysinfo,/bin/sh /etc/update-motd.d/50-landscape-sysinfo,/,/etc/update-motd.d/50-landscape-sysinfo,/etc/update-motd.d/50-landscape-sysinfo|/bin/sh|/lib64/ld-linux-x86-64.so.2,0,0,1001,27439,27433,(none),175,exec,benign,
1778300647,50048,0.577536,attack_window,20260508_212407_dns_delete_9ci3sG,20260508_212404_scp_nginx_dns_delete_CMzhrV,vandalism/dns_delete,vandalism,scp_then_ssh,execve,yes,0,/usr/bin/find,find,find /var/lib/landscape/landscape-sysinfo.cache -newermt now-1 minutes,find /var/lib/landscape/landscape-sysinfo.cache -newermt now-1 minutes,/,/usr/bin/find,/usr/bin/find|/lib64/ld-linux-x86-64.so.2,0,0,1001,27440,27439,(none),175,exec,benign,
1778300647,50049,0.579535,attack_window,20260508_212407_dns_delete_9ci3sG,20260508_212404_scp_nginx_dns_delete_CMzhrV,vandalism/dns_delete,vandalism,scp_then_ssh,execve,yes,0,/usr/bin/cat,cat,cat /var/lib/landscape/landscape-sysinfo.cache,cat /var/lib/landscape/landscape-sysinfo.cache,/,/usr/bin/cat,/usr/bin/cat|/lib64/ld-linux-x86-64.so.2,0,0,1001,27441,27439,(none),175,exec,benign,
1778300647,50050,0.580536,attack_window,20260508_212407_dns_delete_9ci3sG,20260508_212404_scp_nginx_dns_delete_CMzhrV,vandalism/dns_delete,vandalism,scp_then_ssh,execve,yes,0,/usr/bin/dash,50-motd-news,/bin/sh /etc/update-motd.d/50-motd-news,/bin/sh /etc/update-motd.d/50-motd-news,/,/etc/update-motd.d/50-motd-news,/etc/update-motd.d/50-motd-news|/bin/sh|/lib64/ld-linux-x86-64.so.2,0,0,1001,27442,27433,(none),175,exec,benign,
1778300647,50051,0.581536,attack_window,20260508_212407_dns_delete_9ci3sG,20260508_212404_scp_nginx_dns_delete_CMzhrV,vandalism/dns_delete,vandalism,scp_then_ssh,execve,yes,0,/usr/bin/cat,cat,cat /var/cache/motd-news,cat /var/cache/motd-news,/,/usr/bin/cat,/usr/bin/cat|/lib64/ld-linux-x86-64.so.2,0,0,1001,27443,27442,(none),175,exec,benign,
1778300647,50052,0.581536,attack_window,20260508_212407_dns_delete_9ci3sG,20260508_212404_scp_nginx_dns_delete_CMzhrV,vandalism/dns_delete,vandalism,scp_then_ssh,execve,yes,0,/usr/bin/tr,tr,tr -d \000-\011\013\014\016-\037,tr -d \000-\011\013\014\016-\037,/,/usr/bin/tr,/usr/bin/tr|/lib64/ld-linux-x86-64.so.2,0,0,1001,27445,27442,(none),175,exec,benign,
1778300647,50053,0.581536,attack_window,20260508_212407_dns_delete_9ci3sG,20260508_212404_scp_nginx_dns_delete_CMzhrV,vandalism/dns_delete,vandalism,scp_then_ssh,execve,yes,0,/usr/bin/head,head,head -n 10,head -n 10,/,/usr/bin/head,/usr/bin/head|/lib64/ld-linux-x86-64.so.2,0,0,1001,27444,27442,(none),175,exec,benign,
1778300647,50054,0.582536,attack_window,20260508_212407_dns_delete_9ci3sG,20260508_212404_scp_nginx_dns_delete_CMzhrV,vandalism/dns_delete,vandalism,scp_then_ssh,execve,yes,0,/usr/bin/cut,cut,cut -c -80,cut -c -80,/,/usr/bin/cut,/usr/bin/cut|/lib64/ld-linux-x86-64.so.2,0,0,1001,27446,27442,(none),175,exec,benign,
1778300647,50055,0.585536,attack_window,20260508_212407_dns_delete_9ci3sG,20260508_212404_scp_nginx_dns_delete_CMzhrV,vandalism/dns_delete,vandalism,scp_then_ssh,execve,yes,0,/usr/bin/dash,85-fwupd,/bin/sh /etc/update-motd.d/85-fwupd,/bin/sh /etc/update-motd.d/85-fwupd,/,/etc/update-motd.d/85-fwupd,/etc/update-motd.d/85-fwupd|/bin/sh|/lib64/ld-linux-x86-64.so.2,0,0,1001,27447,27433,(none),175,exec,benign,
1778300647,50056,0.585536,attack_window,20260508_212407_dns_delete_9ci3sG,20260508_212404_scp_nginx_dns_delete_CMzhrV,vandalism/dns_delete,vandalism,scp_then_ssh,execve,yes,0,/usr/bin/cat,cat,cat /run/motd.d/85-fwupd,cat /run/motd.d/85-fwupd,/,/usr/bin/cat,/usr/bin/cat|/lib64/ld-linux-x86-64.so.2,0,0,1001,27448,27447,(none),175,exec,benign,
1778300647,50057,0.587536,attack_window,20260508_212407_dns_delete_9ci3sG,20260508_212404_scp_nginx_dns_delete_CMzhrV,vandalism/dns_delete,vandalism,scp_then_ssh,execve,yes,0,/usr/bin/dash,90-updates-avai,/bin/sh /etc/update-motd.d/90-updates-available,/bin/sh /etc/update-motd.d/90-updates-available,/,/etc/update-motd.d/90-updates-available,/etc/update-motd.d/90-updates-available|/bin/sh|/lib64/ld-linux-x86-64.so.2,0,0,1001,27449,27433,(none),175,exec,benign,
1778300647,50058,0.588536,attack_window,20260508_212407_dns_delete_9ci3sG,20260508_212404_scp_nginx_dns_delete_CMzhrV,vandalism/dns_delete,vandalism,scp_then_ssh,execve,yes,0,/usr/bin/cat,cat,cat /var/lib/update-notifier/updates-available,cat /var/lib/update-notifier/updates-available,/,/usr/bin/cat,/usr/bin/cat|/lib64/ld-linux-x86-64.so.2,0,0,1001,27450,27449,(none),175,exec,benign,
1778300647,50059,0.589535,attack_window,20260508_212407_dns_delete_9ci3sG,20260508_212404_scp_nginx_dns_delete_CMzhrV,vandalism/dns_delete,vandalism,scp_then_ssh,execve,yes,0,/usr/bin/find,find,find /var/lib/update-notifier/updates-available -newermt now-7 days,find /var/lib/update-notifier/updates-available -newermt now-7 days,/,/usr/bin/find,/usr/bin/find|/lib64/ld-linux-x86-64.so.2,0,0,1001,27451,27449,(none),175,exec,benign,
1778300647,50060,0.590536,attack_window,20260508_212407_dns_delete_9ci3sG,20260508_212404_scp_nginx_dns_delete_CMzhrV,vandalism/dns_delete,vandalism,scp_then_ssh,execve,yes,0,/usr/bin/grep,grep,grep -q -m 1 .,grep -q -m 1 .,/,/usr/bin/grep,/usr/bin/grep|/lib64/ld-linux-x86-64.so.2,0,0,1001,27452,27449,(none),175,exec,benign,
1778300647,50061,0.591536,attack_window,20260508_212407_dns_delete_9ci3sG,20260508_212404_scp_nginx_dns_delete_CMzhrV,vandalism/dns_delete,vandalism,scp_then_ssh,execve,yes,0,/usr/bin/dash,91-contract-ua-,/bin/sh /etc/update-motd.d/91-contract-ua-esm-status,/bin/sh /etc/update-motd.d/91-contract-ua-esm-status,/,/etc/update-motd.d/91-contract-ua-esm-status,/etc/update-motd.d/91-contract-ua-esm-status|/bin/sh|/lib64/ld-linux-x86-64.so.2,0,0,1001,27453,27433,(none),175,exec,benign,
1778300647,50062,0.592535,attack_window,20260508_212407_dns_delete_9ci3sG,20260508_212404_scp_nginx_dns_delete_CMzhrV,vandalism/dns_delete,vandalism,scp_then_ssh,execve,yes,0,/usr/bin/dash,91-release-upgr,/bin/sh /etc/update-motd.d/91-release-upgrade,/bin/sh /etc/update-motd.d/91-release-upgrade,/,/etc/update-motd.d/91-release-upgrade,/etc/update-motd.d/91-release-upgrade|/bin/sh|/lib64/ld-linux-x86-64.so.2,0,0,1001,27454,27433,(none),175,exec,benign,
1778300647,50063,0.595536,attack_window,20260508_212407_dns_delete_9ci3sG,20260508_212404_scp_nginx_dns_delete_CMzhrV,vandalism/dns_delete,vandalism,scp_then_ssh,execve,yes,0,/usr/bin/cut,cut,cut -d -f4,cut -d -f4,/,/usr/bin/cut,/usr/bin/cut|/lib64/ld-linux-x86-64.so.2,0,0,1001,27457,27455,(none),175,exec,benign,
1778300647,50064,0.596536,attack_window,20260508_212407_dns_delete_9ci3sG,20260508_212404_scp_nginx_dns_delete_CMzhrV,vandalism/dns_delete,vandalism,scp_then_ssh,execve,yes,0,/usr/bin/id,id,id -u,id -u,/,/usr/bin/id,/usr/bin/id|/lib64/ld-linux-x86-64.so.2,0,0,1001,27458,27454,(none),175,exec,benign,
1778300647,50065,0.598536,attack_window,20260508_212407_dns_delete_9ci3sG,20260508_212404_scp_nginx_dns_delete_CMzhrV,vandalism/dns_delete,vandalism,scp_then_ssh,execve,yes,0,/usr/bin/dash,release-upgrade,/bin/sh -e /usr/lib/ubuntu-release-upgrader/release-upgrade-motd,/bin/sh /etc/update-motd.d/91-release-upgrade,/,/usr/lib/ubuntu-release-upgrader/release-upgrade-motd,/usr/lib/ubuntu-release-upgrader/release-upgrade-motd|/bin/sh|/lib64/ld-linux-x86-64.so.2,0,0,1001,27454,27433,(none),175,exec,benign,
1778300647,50066,0.599535,attack_window,20260508_212407_dns_delete_9ci3sG,20260508_212404_scp_nginx_dns_delete_CMzhrV,vandalism/dns_delete,vandalism,scp_then_ssh,execve,yes,0,/usr/bin/date,date,date +%s,date +%s,/,/usr/bin/date,/usr/bin/date|/lib64/ld-linux-x86-64.so.2,0,0,1001,27459,27454,(none),175,exec,benign,
1778300647,50067,0.600536,attack_window,20260508_212407_dns_delete_9ci3sG,20260508_212404_scp_nginx_dns_delete_CMzhrV,vandalism/dns_delete,vandalism,scp_then_ssh,execve,yes,0,/usr/bin/stat,stat,stat -c %Y /var/lib/ubuntu-release-upgrader/release-upgrade-available,stat -c %Y /var/lib/ubuntu-release-upgrader/release-upgrade-available,/,/usr/bin/stat,/usr/bin/stat|/lib64/ld-linux-x86-64.so.2,0,0,1001,27460,27454,(none),175,exec,benign,
1778300647,50068,0.601536,attack_window,20260508_212407_dns_delete_9ci3sG,20260508_212404_scp_nginx_dns_delete_CMzhrV,vandalism/dns_delete,vandalism,scp_then_ssh,execve,yes,0,/usr/bin/expr,expr,expr 1778282941 + 86400,expr 1778282941 + 86400,/,/usr/bin/expr,/usr/bin/expr|/lib64/ld-linux-x86-64.so.2,0,0,1001,27461,27454,(none),175,exec,benign,
1778300647,50069,0.602535,attack_window,20260508_212407_dns_delete_9ci3sG,20260508_212404_scp_nginx_dns_delete_CMzhrV,vandalism/dns_delete,vandalism,scp_then_ssh,execve,yes,0,/usr/bin/dash,92-unattended-u,/bin/sh /etc/update-motd.d/92-unattended-upgrades,/bin/sh /etc/update-motd.d/92-unattended-upgrades,/,/etc/update-motd.d/92-unattended-upgrades,/etc/update-motd.d/92-unattended-upgrades|/bin/sh|/lib64/ld-linux-x86-64.so.2,0,0,1001,27462,27433,(none),175,exec,benign,
1778300647,50070,0.603536,attack_window,20260508_212407_dns_delete_9ci3sG,20260508_212404_scp_nginx_dns_delete_CMzhrV,vandalism/dns_delete,vandalism,scp_then_ssh,execve,yes,0,/usr/bin/dash,update-motd-una,/bin/sh /usr/share/unattended-upgrades/update-motd-unattended-upgrades,/bin/sh /etc/update-motd.d/92-unattended-upgrades,/,/usr/share/unattended-upgrades/update-motd-unattended-upgrades,/usr/share/unattended-upgrades/update-motd-unattended-upgrades|/bin/sh|/lib64/ld-linux-x86-64.so.2,0,0,1001,27462,27433,(none),175,exec,benign,
1778300647,50071,0.604536,attack_window,20260508_212407_dns_delete_9ci3sG,20260508_212404_scp_nginx_dns_delete_CMzhrV,vandalism/dns_delete,vandalism,scp_then_ssh,execve,yes,0,/usr/bin/dash,95-hwe-eol,/bin/sh /etc/update-motd.d/95-hwe-eol,/bin/sh /etc/update-motd.d/95-hwe-eol,/,/etc/update-motd.d/95-hwe-eol,/etc/update-motd.d/95-hwe-eol|/bin/sh|/lib64/ld-linux-x86-64.so.2,0,0,1001,27463,27433,(none),175,exec,benign,
1778300647,50072,0.605536,attack_window,20260508_212407_dns_delete_9ci3sG,20260508_212404_scp_nginx_dns_delete_CMzhrV,vandalism/dns_delete,vandalism,scp_then_ssh,execve,yes,0,/usr/bin/find,find,find /var/lib/update-notifier/hwe-eol -newermt now-1 days,find /var/lib/update-notifier/hwe-eol -newermt now-1 days,/,/usr/bin/find,/usr/bin/find|/lib64/ld-linux-x86-64.so.2,0,0,1001,27464,27463,(none),175,exec,benign,
1778300647,50073,0.606536,attack_window,20260508_212407_dns_delete_9ci3sG,20260508_212404_scp_nginx_dns_delete_CMzhrV,vandalism/dns_delete,vandalism,scp_then_ssh,execve,yes,0,/usr/bin/dash,97-overlayroot,/bin/sh /etc/update-motd.d/97-overlayroot,/bin/sh /etc/update-motd.d/97-overlayroot,/,/etc/update-motd.d/97-overlayroot,/etc/update-motd.d/97-overlayroot|/bin/sh|/lib64/ld-linux-x86-64.so.2,0,0,1001,27465,27433,(none),175,exec,benign,
1778300647,50074,0.608536,attack_window,20260508_212407_dns_delete_9ci3sG,20260508_212404_scp_nginx_dns_delete_CMzhrV,vandalism/dns_delete,vandalism,scp_then_ssh,execve,yes,0,/usr/bin/dash,egrep,/bin/sh /usr/bin/egrep overlayroot|/media/root-ro|/media/root-rw /proc/mounts,/bin/sh /usr/bin/egrep overlayroot|/media/root-ro|/media/root-rw /proc/mounts,/,/usr/bin/egrep,/usr/bin/egrep|/bin/sh|/lib64/ld-linux-x86-64.so.2,0,0,1001,27467,27466,(none),175,exec,benign,
1778300647,50075,0.608536,attack_window,20260508_212407_dns_delete_9ci3sG,20260508_212404_scp_nginx_dns_delete_CMzhrV,vandalism/dns_delete,vandalism,scp_then_ssh,execve,no,-2,/usr/bin/dash,egrep,,/bin/sh /usr/bin/egrep overlayroot|/media/root-ro|/media/root-rw /proc/mounts,/,/usr/local/sbin/grep,/usr/local/sbin/grep,0,0,1001,27467,27466,(none),175,exec,benign,
1778300647,50076,0.608536,attack_window,20260508_212407_dns_delete_9ci3sG,20260508_212404_scp_nginx_dns_delete_CMzhrV,vandalism/dns_delete,vandalism,scp_then_ssh,execve,no,-2,/usr/bin/dash,egrep,,/bin/sh /usr/bin/egrep overlayroot|/media/root-ro|/media/root-rw /proc/mounts,/,/usr/local/bin/grep,/usr/local/bin/grep,0,0,1001,27467,27466,(none),175,exec,benign,
1778300647,50077,0.608536,attack_window,20260508_212407_dns_delete_9ci3sG,20260508_212404_scp_nginx_dns_delete_CMzhrV,vandalism/dns_delete,vandalism,scp_then_ssh,execve,no,-2,/usr/bin/dash,egrep,,/bin/sh /usr/bin/egrep overlayroot|/media/root-ro|/media/root-rw /proc/mounts,/,/usr/sbin/grep,/usr/sbin/grep,0,0,1001,27467,27466,(none),175,exec,benign,
1778300647,50078,0.608536,attack_window,20260508_212407_dns_delete_9ci3sG,20260508_212404_scp_nginx_dns_delete_CMzhrV,vandalism/dns_delete,vandalism,scp_then_ssh,execve,yes,0,/usr/bin/sort,sort,sort -r,sort -r,/,/usr/bin/sort,/usr/bin/sort|/lib64/ld-linux-x86-64.so.2,0,0,1001,27468,27466,(none),175,exec,benign,
1778300647,50079,0.608536,attack_window,20260508_212407_dns_delete_9ci3sG,20260508_212404_scp_nginx_dns_delete_CMzhrV,vandalism/dns_delete,vandalism,scp_then_ssh,execve,yes,0,/usr/bin/grep,grep,grep -E overlayroot|/media/root-ro|/media/root-rw /proc/mounts,/bin/sh /usr/bin/egrep overlayroot|/media/root-ro|/media/root-rw /proc/mounts,/,/usr/bin/grep,/usr/bin/grep|/lib64/ld-linux-x86-64.so.2,0,0,1001,27467,27466,(none),175,exec,benign,
1778300647,50080,0.611536,attack_window,20260508_212407_dns_delete_9ci3sG,20260508_212404_scp_nginx_dns_delete_CMzhrV,vandalism/dns_delete,vandalism,scp_then_ssh,execve,yes,0,/usr/bin/dash,98-fsck-at-rebo,/bin/sh /etc/update-motd.d/98-fsck-at-reboot,/bin/sh /etc/update-motd.d/98-fsck-at-reboot,/,/etc/update-motd.d/98-fsck-at-reboot,/etc/update-motd.d/98-fsck-at-reboot|/bin/sh|/lib64/ld-linux-x86-64.so.2,0,0,1001,27469,27433,(none),175,exec,benign,
1778300647,50081,0.612535,attack_window,20260508_212407_dns_delete_9ci3sG,20260508_212404_scp_nginx_dns_delete_CMzhrV,vandalism/dns_delete,vandalism,scp_then_ssh,execve,yes,0,/usr/bin/dash,update-motd-fsc,/bin/sh /usr/lib/update-notifier/update-motd-fsck-at-reboot,/bin/sh /etc/update-motd.d/98-fsck-at-reboot,/,/usr/lib/update-notifier/update-motd-fsck-at-reboot,/usr/lib/update-notifier/update-motd-fsck-at-reboot|/bin/sh|/lib64/ld-linux-x86-64.so.2,0,0,1001,27469,27433,(none),175,exec,benign,
1778300647,50082,0.613536,attack_window,20260508_212407_dns_delete_9ci3sG,20260508_212404_scp_nginx_dns_delete_CMzhrV,vandalism/dns_delete,vandalism,scp_then_ssh,execve,yes,0,/usr/bin/id,id,id -u,id -u,/,/usr/bin/id,/usr/bin/id|/lib64/ld-linux-x86-64.so.2,0,0,1001,27470,27469,(none),175,exec,benign,
1778300647,50083,0.614536,attack_window,20260508_212407_dns_delete_9ci3sG,20260508_212404_scp_nginx_dns_delete_CMzhrV,vandalism/dns_delete,vandalism,scp_then_ssh,execve,yes,0,/usr/bin/stat,stat,stat -c %Y /var/lib/update-notifier/fsck-at-reboot,stat -c %Y /var/lib/update-notifier/fsck-at-reboot,/,/usr/bin/stat,/usr/bin/stat|/lib64/ld-linux-x86-64.so.2,0,0,1001,27471,27469,(none),175,exec,benign,
1778300647,50084,0.615535,attack_window,20260508_212407_dns_delete_9ci3sG,20260508_212404_scp_nginx_dns_delete_CMzhrV,vandalism/dns_delete,vandalism,scp_then_ssh,execve,yes,0,/usr/bin/gawk,awk,awk {print $1} /proc/uptime,awk {print $1} /proc/uptime,/,/usr/bin/awk,/usr/bin/awk|/lib64/ld-linux-x86-64.so.2,0,0,1001,27473,27472,(none),175,exec,benign,
1778300647,50085,0.617536,attack_window,20260508_212407_dns_delete_9ci3sG,20260508_212404_scp_nginx_dns_delete_CMzhrV,vandalism/dns_delete,vandalism,scp_then_ssh,execve,yes,0,/usr/bin/date,date,date -d now - 2893.65 seconds +%s,date -d now - 2893.65 seconds +%s,/,/usr/bin/date,/usr/bin/date|/lib64/ld-linux-x86-64.so.2,0,0,1001,27472,27469,(none),175,exec,benign,
1778300647,50086,0.618536,attack_window,20260508_212407_dns_delete_9ci3sG,20260508_212404_scp_nginx_dns_delete_CMzhrV,vandalism/dns_delete,vandalism,scp_then_ssh,execve,yes,0,/usr/bin/date,date,date +%s,date +%s,/,/usr/bin/date,/usr/bin/date|/lib64/ld-linux-x86-64.so.2,0,0,1001,27474,27469,(none),175,exec,benign,
1778300647,50087,0.618536,attack_window,20260508_212407_dns_delete_9ci3sG,20260508_212404_scp_nginx_dns_delete_CMzhrV,vandalism/dns_delete,vandalism,scp_then_ssh,execve,yes,0,/usr/bin/cat,cat,cat /var/lib/update-notifier/fsck-at-reboot,cat /var/lib/update-notifier/fsck-at-reboot,/,/usr/bin/cat,/usr/bin/cat|/lib64/ld-linux-x86-64.so.2,0,0,1001,27475,27469,(none),175,exec,benign,
1778300647,50088,0.619536,attack_window,20260508_212407_dns_delete_9ci3sG,20260508_212404_scp_nginx_dns_delete_CMzhrV,vandalism/dns_delete,vandalism,scp_then_ssh,execve,yes,0,/usr/bin/dash,98-reboot-requi,/bin/sh /etc/update-motd.d/98-reboot-required,/bin/sh /etc/update-motd.d/98-reboot-required,/,/etc/update-motd.d/98-reboot-required,/etc/update-motd.d/98-reboot-required|/bin/sh|/lib64/ld-linux-x86-64.so.2,0,0,1001,27476,27433,(none),175,exec,benign,
1778300647,50089,0.621536,attack_window,20260508_212407_dns_delete_9ci3sG,20260508_212404_scp_nginx_dns_delete_CMzhrV,vandalism/dns_delete,vandalism,scp_then_ssh,execve,yes,0,/usr/bin/dash,update-motd-reb,/bin/sh -e /usr/lib/update-notifier/update-motd-reboot-required,/bin/sh /etc/update-motd.d/98-reboot-required,/,/usr/lib/update-notifier/update-motd-reboot-required,/usr/lib/update-notifier/update-motd-reboot-required|/bin/sh|/lib64/ld-linux-x86-64.so.2,0,0,1001,27476,27433,(none),175,exec,benign,
1778300647,50090,0.622535,attack_window,20260508_212407_dns_delete_9ci3sG,20260508_212404_scp_nginx_dns_delete_CMzhrV,vandalism/dns_delete,vandalism,scp_then_ssh,rename,yes,0,/usr/sbin/sshd,sshd,,/usr/sbin/sshd -D -R,/,/run/,/run/|/run/motd.dynamic.new|/run/motd.dynamic,0,0,1001,27430,21008,(none),175,file_destroy,benign,
1778300647,50091,0.623536,attack_window,20260508_212407_dns_delete_9ci3sG,20260508_212404_scp_nginx_dns_delete_CMzhrV,vandalism/dns_delete,vandalism,scp_then_ssh,connect,yes,0,/usr/sbin/sshd,sshd,,/usr/sbin/sshd -D -R,/,/run/systemd/userdb/io.systemd.DynamicUser,/run/systemd/userdb/io.systemd.DynamicUser,0,0,1001,27430,21008,(none),175,network_connect,benign,
1778300647,50092,0.623536,attack_window,20260508_212407_dns_delete_9ci3sG,20260508_212404_scp_nginx_dns_delete_CMzhrV,vandalism/dns_delete,vandalism,scp_then_ssh,connect,yes,0,/usr/sbin/sshd,sshd,,/usr/sbin/sshd -D -R,/,/run/systemd/userdb/io.systemd.DynamicUser,/run/systemd/userdb/io.systemd.DynamicUser,0,0,1001,27430,21008,(none),175,network_connect,benign,
1778300647,50093,0.623536,attack_window,20260508_212407_dns_delete_9ci3sG,20260508_212404_scp_nginx_dns_delete_CMzhrV,vandalism/dns_delete,vandalism,scp_then_ssh,connect,yes,0,/usr/sbin/sshd,sshd,,/usr/sbin/sshd -D -R,/,/run/systemd/userdb/io.systemd.DynamicUser,/run/systemd/userdb/io.systemd.DynamicUser,0,0,1001,27430,21008,(none),175,network_connect,benign,
1778300647,50094,0.624536,attack_window,20260508_212407_dns_delete_9ci3sG,20260508_212404_scp_nginx_dns_delete_CMzhrV,vandalism/dns_delete,vandalism,scp_then_ssh,connect,yes,0,/usr/sbin/sshd,sshd,,/usr/sbin/sshd -D -R,/,/run/systemd/userdb/io.systemd.DynamicUser,/run/systemd/userdb/io.systemd.DynamicUser,0,0,1001,27430,21008,(none),175,network_connect,benign,
1778300647,50095,0.624536,attack_window,20260508_212407_dns_delete_9ci3sG,20260508_212404_scp_nginx_dns_delete_CMzhrV,vandalism/dns_delete,vandalism,scp_then_ssh,connect,yes,0,/usr/sbin/sshd,sshd,,/usr/sbin/sshd -D -R,/,/run/systemd/userdb/io.systemd.DynamicUser,/run/systemd/userdb/io.systemd.DynamicUser,0,0,1001,27430,21008,(none),175,network_connect,benign,
1778300647,50096,0.624536,attack_window,20260508_212407_dns_delete_9ci3sG,20260508_212404_scp_nginx_dns_delete_CMzhrV,vandalism/dns_delete,vandalism,scp_then_ssh,,,,,,,,,,,,,,,,,,,ambiguous,
1778300647,50097,0.625535,attack_window,20260508_212407_dns_delete_9ci3sG,20260508_212404_scp_nginx_dns_delete_CMzhrV,vandalism/dns_delete,vandalism,scp_then_ssh,setgid,yes,0,/usr/sbin/sshd,sshd,,sshd: deploy-rkejw [priv],,,,0,0,1001,27477,27430,(none),175,privilege_transition,benign,
1778300647,50098,0.625535,attack_window,20260508_212407_dns_delete_9ci3sG,20260508_212404_scp_nginx_dns_delete_CMzhrV,vandalism/dns_delete,vandalism,scp_then_ssh,connect,yes,0,/usr/sbin/sshd,sshd,,sshd: deploy-rkejw [priv],/,/run/systemd/userdb/io.systemd.DynamicUser,/run/systemd/userdb/io.systemd.DynamicUser,0,0,1001,27477,27430,(none),175,network_connect,benign,
1778300647,50099,0.625535,attack_window,20260508_212407_dns_delete_9ci3sG,20260508_212404_scp_nginx_dns_delete_CMzhrV,vandalism/dns_delete,vandalism,scp_then_ssh,connect,yes,0,/usr/sbin/sshd,sshd,,sshd: deploy-rkejw [priv],/,/run/systemd/userdb/io.systemd.DynamicUser,/run/systemd/userdb/io.systemd.DynamicUser,0,0,1001,27477,27430,(none),175,network_connect,benign,
1778300647,50100,0.627536,attack_window,20260508_212407_dns_delete_9ci3sG,20260508_212404_scp_nginx_dns_delete_CMzhrV,vandalism/dns_delete,vandalism,scp_then_ssh,126,yes,0,/usr/sbin/sshd,sshd,,sshd: deploy-rkejw [priv],,,,0,0,1001,27477,27430,(none),175,privilege_transition,benign,
1778300647,50101,0.627536,attack_window,20260508_212407_dns_delete_9ci3sG,20260508_212404_scp_nginx_dns_delete_CMzhrV,vandalism/dns_delete,vandalism,scp_then_ssh,,,,,,,,,,,,,,,,,,,ambiguous,
1778300647,50102,0.627536,attack_window,20260508_212407_dns_delete_9ci3sG,20260508_212404_scp_nginx_dns_delete_CMzhrV,vandalism/dns_delete,vandalism,scp_then_ssh,setresgid,yes,0,/usr/sbin/sshd,sshd,,sshd: deploy-rkejw [priv],,,,0,0,1001,27477,27430,(none),175,privilege_transition,benign,
1778300647,50103,0.627536,attack_window,20260508_212407_dns_delete_9ci3sG,20260508_212404_scp_nginx_dns_delete_CMzhrV,vandalism/dns_delete,vandalism,scp_then_ssh,setresuid,yes,0,/usr/sbin/sshd,sshd,,sshd: deploy-rkejw [priv],,,,1001,1001,1001,27477,27430,(none),175,privilege_transition,benign,
1778300647,50104,0.627536,attack_window,20260508_212407_dns_delete_9ci3sG,20260508_212404_scp_nginx_dns_delete_CMzhrV,vandalism/dns_delete,vandalism,scp_then_ssh,setuid,no,-1,/usr/sbin/sshd,sshd,,sshd: deploy-rkejw [priv],,,,1001,1001,1001,27477,27430,(none),175,privilege_transition,benign,
1778300647,50105,0.627536,attack_window,20260508_212407_dns_delete_9ci3sG,20260508_212404_scp_nginx_dns_delete_CMzhrV,vandalism/dns_delete,vandalism,scp_then_ssh,setresuid,no,-1,/usr/sbin/sshd,sshd,,sshd: deploy-rkejw [priv],,,,1001,1001,1001,27477,27430,(none),175,privilege_transition,benign,
1778300647,50106,0.683536,attack_window,20260508_212407_dns_delete_9ci3sG,20260508_212404_scp_nginx_dns_delete_CMzhrV,vandalism/dns_delete,vandalism,scp_then_ssh,execve,yes,0,/usr/bin/bash,bash,bash -c /usr/lib/openssh/sftp-server,bash -c /usr/lib/openssh/sftp-server,/home/deploy-rkejw,/bin/bash,/bin/bash|/lib64/ld-linux-x86-64.so.2,1001,1001,1001,27478,27477,(none),175,shell_exec,benign,
1778300647,50107,0.684536,attack_window,20260508_212407_dns_delete_9ci3sG,20260508_212404_scp_nginx_dns_delete_CMzhrV,vandalism/dns_delete,vandalism,scp_then_ssh,execve,yes,0,/usr/lib/openssh/sftp-server,sftp-server,/usr/lib/openssh/sftp-server,bash -c /usr/lib/openssh/sftp-server,/home/deploy-rkejw,/usr/lib/openssh/sftp-server,/usr/lib/openssh/sftp-server|/lib64/ld-linux-x86-64.so.2,1001,1001,1001,27478,27477,(none),175,exec,benign,
1778300647,50108,0.685536,attack_window,20260508_212407_dns_delete_9ci3sG,20260508_212404_scp_nginx_dns_delete_CMzhrV,vandalism/dns_delete,vandalism,scp_then_ssh,connect,no,-2,/usr/lib/openssh/sftp-server,sftp-server,,bash -c /usr/lib/openssh/sftp-server,/home/deploy-rkejw,/var/run/nscd/socket,/var/run/nscd/socket,1001,1001,1001,27478,27477,(none),175,network_connect,benign,
1778300647,50109,0.685536,attack_window,20260508_212407_dns_delete_9ci3sG,20260508_212404_scp_nginx_dns_delete_CMzhrV,vandalism/dns_delete,vandalism,scp_then_ssh,connect,no,-2,/usr/lib/openssh/sftp-server,sftp-server,,bash -c /usr/lib/openssh/sftp-server,/home/deploy-rkejw,/var/run/nscd/socket,/var/run/nscd/socket,1001,1001,1001,27478,27477,(none),175,network_connect,benign,
1778300647,50110,0.687536,attack_window,20260508_212407_dns_delete_9ci3sG,20260508_212404_scp_nginx_dns_delete_CMzhrV,vandalism/dns_delete,vandalism,scp_then_ssh,openat,yes,3,/usr/lib/openssh/sftp-server,sftp-server,,bash -c /usr/lib/openssh/sftp-server,/home/deploy-rkejw,/tmp/.cache/aegis_20260508_212407_dns_delete_9ci3sG/,/tmp/.cache/aegis_20260508_212407_dns_delete_9ci3sG/|/tmp/.cache/aegis_20260508_212407_dns_delete_9ci3sG/runtime.sh,1001,1001,1001,27478,27477,(none),175,tmp_activity,benign,
1778300647,50111,0.689536,attack_window,20260508_212407_dns_delete_9ci3sG,20260508_212404_scp_nginx_dns_delete_CMzhrV,vandalism/dns_delete,vandalism,scp_then_ssh,77,yes,0,/usr/lib/openssh/sftp-server,sftp-server,,bash -c /usr/lib/openssh/sftp-server,,,,1001,1001,1001,27478,27477,(none),175,file_destroy,benign,
1778300647,50112,0.691535,attack_window,20260508_212407_dns_delete_9ci3sG,20260508_212404_scp_nginx_dns_delete_CMzhrV,vandalism/dns_delete,vandalism,scp_then_ssh,connect,yes,0,/usr/sbin/sshd,sshd,,sshd: deploy-rkejw [priv],/,/dev/log,/dev/log,1001,1001,1001,27477,27430,(none),175,network_connect,benign,
1778300647,50113,0.692536,attack_window,20260508_212407_dns_delete_9ci3sG,20260508_212404_scp_nginx_dns_delete_CMzhrV,vandalism/dns_delete,vandalism,scp_then_ssh,114,yes,0,/usr/sbin/sshd,sshd,,/usr/sbin/sshd -D -R,,,,0,0,1001,27430,21008,(none),175,privilege_transition,benign,
1778300647,50114,0.692536,attack_window,20260508_212407_dns_delete_9ci3sG,20260508_212404_scp_nginx_dns_delete_CMzhrV,vandalism/dns_delete,vandalism,scp_then_ssh,setresuid,yes,0,/usr/sbin/sshd,sshd,,/usr/sbin/sshd -D -R,,,,0,1001,1001,27430,21008,(none),175,privilege_transition,benign,
1778300647,50115,0.692536,attack_window,20260508_212407_dns_delete_9ci3sG,20260508_212404_scp_nginx_dns_delete_CMzhrV,vandalism/dns_delete,vandalism,scp_then_ssh,113,yes,0,/usr/sbin/sshd,sshd,,/usr/sbin/sshd -D -R,,,,0,0,1001,27430,21008,(none),175,privilege_transition,benign,
1778300647,50116,0.692536,attack_window,20260508_212407_dns_delete_9ci3sG,20260508_212404_scp_nginx_dns_delete_CMzhrV,vandalism/dns_delete,vandalism,scp_then_ssh,114,yes,0,/usr/sbin/sshd,sshd,,/usr/sbin/sshd -D -R,,,,0,0,1001,27430,21008,(none),175,privilege_transition,benign,
1778300647,50117,0.692536,attack_window,20260508_212407_dns_delete_9ci3sG,20260508_212404_scp_nginx_dns_delete_CMzhrV,vandalism/dns_delete,vandalism,scp_then_ssh,connect,yes,0,/usr/sbin/sshd,sshd,,/usr/sbin/sshd -D -R,/,/run/dbus/system_bus_socket,/run/dbus/system_bus_socket,0,0,1001,27430,21008,(none),175,network_connect,benign,
1778300647,50118,0.693536,attack_window,20260508_212407_dns_delete_9ci3sG,20260508_212404_scp_nginx_dns_delete_CMzhrV,vandalism/dns_delete,vandalism,scp_then_ssh,,,,,,,,,,,,,,,,,,,ambiguous,
1778300647,50119,0.693536,attack_window,20260508_212407_dns_delete_9ci3sG,20260508_212404_scp_nginx_dns_delete_CMzhrV,vandalism/dns_delete,vandalism,scp_then_ssh,,,,,,,,,,,,,,,,,,,ambiguous,
1778300647,50120,0.693536,attack_window,20260508_212407_dns_delete_9ci3sG,20260508_212404_scp_nginx_dns_delete_CMzhrV,vandalism/dns_delete,vandalism,scp_then_ssh,setresgid,yes,0,/usr/sbin/sshd,sshd,,/usr/sbin/sshd -D -R,,,,0,0,1001,27430,21008,(none),175,privilege_transition,benign,
1778300647,50121,0.693536,attack_window,20260508_212407_dns_delete_9ci3sG,20260508_212404_scp_nginx_dns_delete_CMzhrV,vandalism/dns_delete,vandalism,scp_then_ssh,setresuid,yes,0,/usr/sbin/sshd,sshd,,/usr/sbin/sshd -D -R,,,,0,1001,1001,27430,21008,(none),175,privilege_transition,benign,
1778300647,50122,0.693536,attack_window,20260508_212407_dns_delete_9ci3sG,20260508_212404_scp_nginx_dns_delete_CMzhrV,vandalism/dns_delete,vandalism,scp_then_ssh,setresuid,yes,0,/usr/sbin/sshd,sshd,,/usr/sbin/sshd -D -R,,,,0,0,1001,27430,21008,(none),175,privilege_transition,benign,
1778300647,50123,0.693536,attack_window,20260508_212407_dns_delete_9ci3sG,20260508_212404_scp_nginx_dns_delete_CMzhrV,vandalism/dns_delete,vandalism,scp_then_ssh,setresgid,yes,0,/usr/sbin/sshd,sshd,,/usr/sbin/sshd -D -R,,,,0,0,1001,27430,21008,(none),175,privilege_transition,benign,
1778300647,50124,0.704535,attack_window,20260508_212407_dns_delete_9ci3sG,20260508_212404_scp_nginx_dns_delete_CMzhrV,vandalism/dns_delete,vandalism,scp_then_ssh,execve,yes,0,/usr/sbin/sshd,sshd,/usr/sbin/sshd -D -R,/usr/sbin/sshd -D -R,/,/usr/sbin/sshd,/usr/sbin/sshd|/lib64/ld-linux-x86-64.so.2,0,0,4294967295,27479,21008,(none),4294967295,exec,benign,
1778300647,50125,0.706536,attack_window,20260508_212407_dns_delete_9ci3sG,20260508_212404_scp_nginx_dns_delete_CMzhrV,vandalism/dns_delete,vandalism,scp_then_ssh,connect,no,-2,/usr/sbin/sshd,sshd,,/usr/sbin/sshd -D -R,/,/var/run/nscd/socket,/var/run/nscd/socket,0,0,4294967295,27479,21008,(none),4294967295,network_connect,benign,
1778300647,50126,0.706536,attack_window,20260508_212407_dns_delete_9ci3sG,20260508_212404_scp_nginx_dns_delete_CMzhrV,vandalism/dns_delete,vandalism,scp_then_ssh,connect,yes,0,/usr/sbin/sshd,sshd,,/usr/sbin/sshd -D -R,,,,0,0,4294967295,27479,21008,(none),4294967295,network_connect,benign,
1778300647,50127,0.706536,attack_window,20260508_212407_dns_delete_9ci3sG,20260508_212404_scp_nginx_dns_delete_CMzhrV,vandalism/dns_delete,vandalism,scp_then_ssh,connect,yes,0,/usr/sbin/sshd,sshd,,/usr/sbin/sshd -D -R,,,,0,0,4294967295,27479,21008,(none),4294967295,network_connect,benign,
1778300647,50128,0.706536,attack_window,20260508_212407_dns_delete_9ci3sG,20260508_212404_scp_nginx_dns_delete_CMzhrV,vandalism/dns_delete,vandalism,scp_then_ssh,connect,yes,0,/usr/sbin/sshd,sshd,,/usr/sbin/sshd -D -R,,,,0,0,4294967295,27479,21008,(none),4294967295,network_connect,benign,
1778300647,50129,0.707536,attack_window,20260508_212407_dns_delete_9ci3sG,20260508_212404_scp_nginx_dns_delete_CMzhrV,vandalism/dns_delete,vandalism,scp_then_ssh,connect,no,-2,/usr/sbin/sshd,sshd,,/usr/sbin/sshd -D -R,/,/var/run/nscd/socket,/var/run/nscd/socket,0,0,4294967295,27479,21008,(none),4294967295,network_connect,benign,
1778300647,50130,0.707536,attack_window,20260508_212407_dns_delete_9ci3sG,20260508_212404_scp_nginx_dns_delete_CMzhrV,vandalism/dns_delete,vandalism,scp_then_ssh,connect,no,-2,/usr/sbin/sshd,sshd,,/usr/sbin/sshd -D -R,/,/var/run/nscd/socket,/var/run/nscd/socket,0,0,4294967295,27479,21008,(none),4294967295,network_connect,benign,
1778300647,50131,0.709536,attack_window,20260508_212407_dns_delete_9ci3sG,20260508_212404_scp_nginx_dns_delete_CMzhrV,vandalism/dns_delete,vandalism,scp_then_ssh,setresgid,yes,0,/usr/sbin/sshd,sshd,,sshd: [accepted],,,,0,0,4294967295,27480,27479,(none),4294967295,privilege_transition,benign,
1778300647,50132,0.709536,attack_window,20260508_212407_dns_delete_9ci3sG,20260508_212404_scp_nginx_dns_delete_CMzhrV,vandalism/dns_delete,vandalism,scp_then_ssh,setresuid,yes,0,/usr/sbin/sshd,sshd,,sshd: [accepted],,,,109,109,4294967295,27480,27479,(none),4294967295,privilege_transition,benign,
1778300647,50133,0.709536,attack_window,20260508_212407_dns_delete_9ci3sG,20260508_212404_scp_nginx_dns_delete_CMzhrV,vandalism/dns_delete,vandalism,scp_then_ssh,setgid,no,-1,/usr/sbin/sshd,sshd,,sshd: [accepted],,,,109,109,4294967295,27480,27479,(none),4294967295,privilege_transition,benign,
1778300647,50134,0.709536,attack_window,20260508_212407_dns_delete_9ci3sG,20260508_212404_scp_nginx_dns_delete_CMzhrV,vandalism/dns_delete,vandalism,scp_then_ssh,setresgid,no,-1,/usr/sbin/sshd,sshd,,sshd: [accepted],,,,109,109,4294967295,27480,27479,(none),4294967295,privilege_transition,benign,
1778300647,50135,0.709536,attack_window,20260508_212407_dns_delete_9ci3sG,20260508_212404_scp_nginx_dns_delete_CMzhrV,vandalism/dns_delete,vandalism,scp_then_ssh,setuid,no,-1,/usr/sbin/sshd,sshd,,sshd: [accepted],,,,109,109,4294967295,27480,27479,(none),4294967295,privilege_transition,benign,
1778300647,50136,0.709536,attack_window,20260508_212407_dns_delete_9ci3sG,20260508_212404_scp_nginx_dns_delete_CMzhrV,vandalism/dns_delete,vandalism,scp_then_ssh,setresuid,no,-1,/usr/sbin/sshd,sshd,,sshd: [accepted],,,,109,109,4294967295,27480,27479,(none),4294967295,privilege_transition,benign,
1778300647,50137,0.733536,attack_window,20260508_212407_dns_delete_9ci3sG,20260508_212404_scp_nginx_dns_delete_CMzhrV,vandalism/dns_delete,vandalism,scp_then_ssh,execve,yes,0,/usr/bin/mkdir,mkdir,mkdir -p projects/project_11/src projects/project_11/data projects/project_11/notes projects/project_11/reports projects/project_11/config docs scripts downloads temp archive logs,mkdir -p projects/project_11/src projects/project_11/data projects/project_11/notes projects/project_11/reports projects/project,/home/analyst/baseline_workload/run_20260509_041538,/usr/bin/mkdir,/usr/bin/mkdir|/lib64/ld-linux-x86-64.so.2,1000,1000,1000,27481,15400,(none),25,exec,benign,
1778300647,50138,0.734535,attack_window,20260508_212407_dns_delete_9ci3sG,20260508_212404_scp_nginx_dns_delete_CMzhrV,vandalism/dns_delete,vandalism,scp_then_ssh,mkdir,no,-17,/usr/bin/mkdir,mkdir,,mkdir -p projects/project_11/src projects/project_11/data projects/project_11/notes projects/project_11/reports projects/project,/home/analyst/baseline_workload/run_20260509_041538,/home/analyst/baseline_workload/run_20260509_041538,/home/analyst/baseline_workload/run_20260509_041538,1000,1000,1000,27481,15400,(none),25,home_activity,benign,
1778300647,50139,0.734535,attack_window,20260508_212407_dns_delete_9ci3sG,20260508_212404_scp_nginx_dns_delete_CMzhrV,vandalism/dns_delete,vandalism,scp_then_ssh,mkdir,no,-17,/usr/bin/mkdir,mkdir,,mkdir -p projects/project_11/src projects/project_11/data projects/project_11/notes projects/project_11/reports projects/project,/home/analyst/baseline_workload/run_20260509_041538/projects,/home/analyst/baseline_workload/run_20260509_041538/projects,/home/analyst/baseline_workload/run_20260509_041538/projects,1000,1000,1000,27481,15400,(none),25,home_activity,benign,
1778300647,50140,0.734535,attack_window,20260508_212407_dns_delete_9ci3sG,20260508_212404_scp_nginx_dns_delete_CMzhrV,vandalism/dns_delete,vandalism,scp_then_ssh,mkdir,no,-17,/usr/bin/mkdir,mkdir,,mkdir -p projects/project_11/src projects/project_11/data projects/project_11/notes projects/project_11/reports projects/project,/home/analyst/baseline_workload/run_20260509_041538/projects/project_11,/home/analyst/baseline_workload/run_20260509_041538/projects/project_11,/home/analyst/baseline_workload/run_20260509_041538/projects/project_11,1000,1000,1000,27481,15400,(none),25,home_activity,benign,
1778300647,50141,0.734535,attack_window,20260508_212407_dns_delete_9ci3sG,20260508_212404_scp_nginx_dns_delete_CMzhrV,vandalism/dns_delete,vandalism,scp_then_ssh,mkdir,no,-17,/usr/bin/mkdir,mkdir,,mkdir -p projects/project_11/src projects/project_11/data projects/project_11/notes projects/project_11/reports projects/project,/home/analyst/baseline_workload/run_20260509_041538,/home/analyst/baseline_workload/run_20260509_041538,/home/analyst/baseline_workload/run_20260509_041538,1000,1000,1000,27481,15400,(none),25,home_activity,benign,
1778300647,50142,0.734535,attack_window,20260508_212407_dns_delete_9ci3sG,20260508_212404_scp_nginx_dns_delete_CMzhrV,vandalism/dns_delete,vandalism,scp_then_ssh,mkdir,no,-17,/usr/bin/mkdir,mkdir,,mkdir -p projects/project_11/src projects/project_11/data projects/project_11/notes projects/project_11/reports projects/project,/home/analyst/baseline_workload/run_20260509_041538/projects,/home/analyst/baseline_workload/run_20260509_041538/projects,/home/analyst/baseline_workload/run_20260509_041538/projects,1000,1000,1000,27481,15400,(none),25,home_activity,benign,
1778300647,50143,0.734535,attack_window,20260508_212407_dns_delete_9ci3sG,20260508_212404_scp_nginx_dns_delete_CMzhrV,vandalism/dns_delete,vandalism,scp_then_ssh,mkdir,no,-17,/usr/bin/mkdir,mkdir,,mkdir -p projects/project_11/src projects/project_11/data projects/project_11/notes projects/project_11/reports projects/project,/home/analyst/baseline_workload/run_20260509_041538/projects/project_11,/home/analyst/baseline_workload/run_20260509_041538/projects/project_11,/home/analyst/baseline_workload/run_20260509_041538/projects/project_11,1000,1000,1000,27481,15400,(none),25,home_activity,benign,
1778300647,50144,0.734535,attack_window,20260508_212407_dns_delete_9ci3sG,20260508_212404_scp_nginx_dns_delete_CMzhrV,vandalism/dns_delete,vandalism,scp_then_ssh,mkdir,no,-17,/usr/bin/mkdir,mkdir,,mkdir -p projects/project_11/src projects/project_11/data projects/project_11/notes projects/project_11/reports projects/project,/home/analyst/baseline_workload/run_20260509_041538,/home/analyst/baseline_workload/run_20260509_041538,/home/analyst/baseline_workload/run_20260509_041538,1000,1000,1000,27481,15400,(none),25,home_activity,benign,
1778300647,50145,0.734535,attack_window,20260508_212407_dns_delete_9ci3sG,20260508_212404_scp_nginx_dns_delete_CMzhrV,vandalism/dns_delete,vandalism,scp_then_ssh,mkdir,no,-17,/usr/bin/mkdir,mkdir,,mkdir -p projects/project_11/src projects/project_11/data projects/project_11/notes projects/project_11/reports projects/project,/home/analyst/baseline_workload/run_20260509_041538/projects,/home/analyst/baseline_workload/run_20260509_041538/projects,/home/analyst/baseline_workload/run_20260509_041538/projects,1000,1000,1000,27481,15400,(none),25,home_activity,benign,
1778300647,50146,0.734535,attack_window,20260508_212407_dns_delete_9ci3sG,20260508_212404_scp_nginx_dns_delete_CMzhrV,vandalism/dns_delete,vandalism,scp_then_ssh,mkdir,no,-17,/usr/bin/mkdir,mkdir,,mkdir -p projects/project_11/src projects/project_11/data projects/project_11/notes projects/project_11/reports projects/project,/home/analyst/baseline_workload/run_20260509_041538/projects/project_11,/home/analyst/baseline_workload/run_20260509_041538/projects/project_11,/home/analyst/baseline_workload/run_20260509_041538/projects/project_11,1000,1000,1000,27481,15400,(none),25,home_activity,benign,
1778300647,50147,0.734535,attack_window,20260508_212407_dns_delete_9ci3sG,20260508_212404_scp_nginx_dns_delete_CMzhrV,vandalism/dns_delete,vandalism,scp_then_ssh,mkdir,no,-17,/usr/bin/mkdir,mkdir,,mkdir -p projects/project_11/src projects/project_11/data projects/project_11/notes projects/project_11/reports projects/project,/home/analyst/baseline_workload/run_20260509_041538,/home/analyst/baseline_workload/run_20260509_041538,/home/analyst/baseline_workload/run_20260509_041538,1000,1000,1000,27481,15400,(none),25,home_activity,benign,
1778300647,50148,0.734535,attack_window,20260508_212407_dns_delete_9ci3sG,20260508_212404_scp_nginx_dns_delete_CMzhrV,vandalism/dns_delete,vandalism,scp_then_ssh,mkdir,no,-17,/usr/bin/mkdir,mkdir,,mkdir -p projects/project_11/src projects/project_11/data projects/project_11/notes projects/project_11/reports projects/project,/home/analyst/baseline_workload/run_20260509_041538/projects,/home/analyst/baseline_workload/run_20260509_041538/projects,/home/analyst/baseline_workload/run_20260509_041538/projects,1000,1000,1000,27481,15400,(none),25,home_activity,benign,
1778300647,50149,0.734535,attack_window,20260508_212407_dns_delete_9ci3sG,20260508_212404_scp_nginx_dns_delete_CMzhrV,vandalism/dns_delete,vandalism,scp_then_ssh,mkdir,no,-17,/usr/bin/mkdir,mkdir,,mkdir -p projects/project_11/src projects/project_11/data projects/project_11/notes projects/project_11/reports projects/project,/home/analyst/baseline_workload/run_20260509_041538/projects/project_11,/home/analyst/baseline_workload/run_20260509_041538/projects/project_11,/home/analyst/baseline_workload/run_20260509_041538/projects/project_11,1000,1000,1000,27481,15400,(none),25,home_activity,benign,
1778300647,50150,0.734535,attack_window,20260508_212407_dns_delete_9ci3sG,20260508_212404_scp_nginx_dns_delete_CMzhrV,vandalism/dns_delete,vandalism,scp_then_ssh,mkdir,no,-17,/usr/bin/mkdir,mkdir,,mkdir -p projects/project_11/src projects/project_11/data projects/project_11/notes projects/project_11/reports projects/project,/home/analyst/baseline_workload/run_20260509_041538,/home/analyst/baseline_workload/run_20260509_041538,/home/analyst/baseline_workload/run_20260509_041538,1000,1000,1000,27481,15400,(none),25,home_activity,benign,
1778300647,50151,0.734535,attack_window,20260508_212407_dns_delete_9ci3sG,20260508_212404_scp_nginx_dns_delete_CMzhrV,vandalism/dns_delete,vandalism,scp_then_ssh,mkdir,no,-17,/usr/bin/mkdir,mkdir,,mkdir -p projects/project_11/src projects/project_11/data projects/project_11/notes projects/project_11/reports projects/project,/home/analyst/baseline_workload/run_20260509_041538/projects,/home/analyst/baseline_workload/run_20260509_041538/projects,/home/analyst/baseline_workload/run_20260509_041538/projects,1000,1000,1000,27481,15400,(none),25,home_activity,benign,
1778300647,50152,0.734535,attack_window,20260508_212407_dns_delete_9ci3sG,20260508_212404_scp_nginx_dns_delete_CMzhrV,vandalism/dns_delete,vandalism,scp_then_ssh,mkdir,no,-17,/usr/bin/mkdir,mkdir,,mkdir -p projects/project_11/src projects/project_11/data projects/project_11/notes projects/project_11/reports projects/project,/home/analyst/baseline_workload/run_20260509_041538/projects/project_11,/home/analyst/baseline_workload/run_20260509_041538/projects/project_11,/home/analyst/baseline_workload/run_20260509_041538/projects/project_11,1000,1000,1000,27481,15400,(none),25,home_activity,benign,
1778300647,50153,0.734535,attack_window,20260508_212407_dns_delete_9ci3sG,20260508_212404_scp_nginx_dns_delete_CMzhrV,vandalism/dns_delete,vandalism,scp_then_ssh,mkdir,no,-17,/usr/bin/mkdir,mkdir,,mkdir -p projects/project_11/src projects/project_11/data projects/project_11/notes projects/project_11/reports projects/project,/home/analyst/baseline_workload/run_20260509_041538,/home/analyst/baseline_workload/run_20260509_041538,/home/analyst/baseline_workload/run_20260509_041538,1000,1000,1000,27481,15400,(none),25,home_activity,benign,
1778300647,50154,0.734535,attack_window,20260508_212407_dns_delete_9ci3sG,20260508_212404_scp_nginx_dns_delete_CMzhrV,vandalism/dns_delete,vandalism,scp_then_ssh,mkdir,no,-17,/usr/bin/mkdir,mkdir,,mkdir -p projects/project_11/src projects/project_11/data projects/project_11/notes projects/project_11/reports projects/project,/home/analyst/baseline_workload/run_20260509_041538,/home/analyst/baseline_workload/run_20260509_041538,/home/analyst/baseline_workload/run_20260509_041538,1000,1000,1000,27481,15400,(none),25,home_activity,benign,
1778300647,50155,0.734535,attack_window,20260508_212407_dns_delete_9ci3sG,20260508_212404_scp_nginx_dns_delete_CMzhrV,vandalism/dns_delete,vandalism,scp_then_ssh,mkdir,no,-17,/usr/bin/mkdir,mkdir,,mkdir -p projects/project_11/src projects/project_11/data projects/project_11/notes projects/project_11/reports projects/project,/home/analyst/baseline_workload/run_20260509_041538,/home/analyst/baseline_workload/run_20260509_041538,/home/analyst/baseline_workload/run_20260509_041538,1000,1000,1000,27481,15400,(none),25,home_activity,benign,
1778300647,50156,0.734535,attack_window,20260508_212407_dns_delete_9ci3sG,20260508_212404_scp_nginx_dns_delete_CMzhrV,vandalism/dns_delete,vandalism,scp_then_ssh,mkdir,no,-17,/usr/bin/mkdir,mkdir,,mkdir -p projects/project_11/src projects/project_11/data projects/project_11/notes projects/project_11/reports projects/project,/home/analyst/baseline_workload/run_20260509_041538,/home/analyst/baseline_workload/run_20260509_041538,/home/analyst/baseline_workload/run_20260509_041538,1000,1000,1000,27481,15400,(none),25,home_activity,benign,
1778300647,50157,0.734535,attack_window,20260508_212407_dns_delete_9ci3sG,20260508_212404_scp_nginx_dns_delete_CMzhrV,vandalism/dns_delete,vandalism,scp_then_ssh,mkdir,no,-17,/usr/bin/mkdir,mkdir,,mkdir -p projects/project_11/src projects/project_11/data projects/project_11/notes projects/project_11/reports projects/project,/home/analyst/baseline_workload/run_20260509_041538,/home/analyst/baseline_workload/run_20260509_041538,/home/analyst/baseline_workload/run_20260509_041538,1000,1000,1000,27481,15400,(none),25,home_activity,benign,
1778300647,50158,0.734535,attack_window,20260508_212407_dns_delete_9ci3sG,20260508_212404_scp_nginx_dns_delete_CMzhrV,vandalism/dns_delete,vandalism,scp_then_ssh,mkdir,no,-17,/usr/bin/mkdir,mkdir,,mkdir -p projects/project_11/src projects/project_11/data projects/project_11/notes projects/project_11/reports projects/project,/home/analyst/baseline_workload/run_20260509_041538,/home/analyst/baseline_workload/run_20260509_041538,/home/analyst/baseline_workload/run_20260509_041538,1000,1000,1000,27481,15400,(none),25,home_activity,benign,
1778300647,50159,0.735536,attack_window,20260508_212407_dns_delete_9ci3sG,20260508_212404_scp_nginx_dns_delete_CMzhrV,vandalism/dns_delete,vandalism,scp_then_ssh,execve,yes,0,/usr/bin/mkdir,mkdir,mkdir -p /home/analyst/Documents/aegis_baseline /home/analyst/Downloads/aegis_baseline,mkdir -p /home/analyst/Documents/aegis_baseline /home/analyst/Downloads/aegis_baseline,/home/analyst/baseline_workload/run_20260509_041538,/usr/bin/mkdir,/usr/bin/mkdir|/lib64/ld-linux-x86-64.so.2,1000,1000,1000,27482,15400,(none),25,exec,benign,
1778300647,50160,0.736536,attack_window,20260508_212407_dns_delete_9ci3sG,20260508_212404_scp_nginx_dns_delete_CMzhrV,vandalism/dns_delete,vandalism,scp_then_ssh,mkdir,no,-17,/usr/bin/mkdir,mkdir,,mkdir -p /home/analyst/Documents/aegis_baseline /home/analyst/Downloads/aegis_baseline,/home,/home,/home,1000,1000,1000,27482,15400,(none),25,home_activity,benign,
1778300647,50161,0.736536,attack_window,20260508_212407_dns_delete_9ci3sG,20260508_212404_scp_nginx_dns_delete_CMzhrV,vandalism/dns_delete,vandalism,scp_then_ssh,mkdir,no,-17,/usr/bin/mkdir,mkdir,,mkdir -p /home/analyst/Documents/aegis_baseline /home/analyst/Downloads/aegis_baseline,/home/analyst,/home/analyst,/home/analyst,1000,1000,1000,27482,15400,(none),25,home_activity,benign,
1778300647,50162,0.736536,attack_window,20260508_212407_dns_delete_9ci3sG,20260508_212404_scp_nginx_dns_delete_CMzhrV,vandalism/dns_delete,vandalism,scp_then_ssh,mkdir,no,-17,/usr/bin/mkdir,mkdir,,mkdir -p /home/analyst/Documents/aegis_baseline /home/analyst/Downloads/aegis_baseline,/home/analyst/Documents,/home/analyst/Documents,/home/analyst/Documents,1000,1000,1000,27482,15400,(none),25,home_activity,benign,
1778300647,50163,0.736536,attack_window,20260508_212407_dns_delete_9ci3sG,20260508_212404_scp_nginx_dns_delete_CMzhrV,vandalism/dns_delete,vandalism,scp_then_ssh,mkdir,no,-17,/usr/bin/mkdir,mkdir,,mkdir -p /home/analyst/Documents/aegis_baseline /home/analyst/Downloads/aegis_baseline,/home,/home,/home,1000,1000,1000,27482,15400,(none),25,home_activity,benign,
1778300647,50164,0.736536,attack_window,20260508_212407_dns_delete_9ci3sG,20260508_212404_scp_nginx_dns_delete_CMzhrV,vandalism/dns_delete,vandalism,scp_then_ssh,mkdir,no,-17,/usr/bin/mkdir,mkdir,,mkdir -p /home/analyst/Documents/aegis_baseline /home/analyst/Downloads/aegis_baseline,/home/analyst,/home/analyst,/home/analyst,1000,1000,1000,27482,15400,(none),25,home_activity,benign,
1778300647,50165,0.736536,attack_window,20260508_212407_dns_delete_9ci3sG,20260508_212404_scp_nginx_dns_delete_CMzhrV,vandalism/dns_delete,vandalism,scp_then_ssh,mkdir,no,-17,/usr/bin/mkdir,mkdir,,mkdir -p /home/analyst/Documents/aegis_baseline /home/analyst/Downloads/aegis_baseline,/home/analyst/Downloads,/home/analyst/Downloads,/home/analyst/Downloads,1000,1000,1000,27482,15400,(none),25,home_activity,benign,
1778300647,50166,0.737535,attack_window,20260508_212407_dns_delete_9ci3sG,20260508_212404_scp_nginx_dns_delete_CMzhrV,vandalism/dns_delete,vandalism,scp_then_ssh,execve,yes,0,/usr/bin/tar,tar,tar -czf archive/docs_11_32029.tar.gz docs/,tar -czf archive/docs_11_32029.tar.gz docs/,/home/analyst/baseline_workload/run_20260509_041538,/usr/bin/tar,/usr/bin/tar|/lib64/ld-linux-x86-64.so.2,1000,1000,1000,27483,15400,(none),25,exec,benign,
1778300647,50167,0.738536,attack_window,20260508_212407_dns_delete_9ci3sG,20260508_212404_scp_nginx_dns_delete_CMzhrV,vandalism/dns_delete,vandalism,scp_then_ssh,connect,no,-2,/usr/bin/tar,tar,,tar -czf archive/docs_11_32029.tar.gz docs/,/home/analyst/baseline_workload/run_20260509_041538,/var/run/nscd/socket,/var/run/nscd/socket,1000,1000,1000,27483,15400,(none),25,network_connect,benign,
1778300647,50168,0.738536,attack_window,20260508_212407_dns_delete_9ci3sG,20260508_212404_scp_nginx_dns_delete_CMzhrV,vandalism/dns_delete,vandalism,scp_then_ssh,connect,no,-2,/usr/bin/tar,tar,,tar -czf archive/docs_11_32029.tar.gz docs/,/home/analyst/baseline_workload/run_20260509_041538,/var/run/nscd/socket,/var/run/nscd/socket,1000,1000,1000,27483,15400,(none),25,network_connect,benign,
1778300647,50169,0.738536,attack_window,20260508_212407_dns_delete_9ci3sG,20260508_212404_scp_nginx_dns_delete_CMzhrV,vandalism/dns_delete,vandalism,scp_then_ssh,connect,no,-2,/usr/bin/tar,tar,,tar -czf archive/docs_11_32029.tar.gz docs/,/home/analyst/baseline_workload/run_20260509_041538,/var/run/nscd/socket,/var/run/nscd/socket,1000,1000,1000,27483,15400,(none),25,network_connect,benign,
1778300647,50170,0.738536,attack_window,20260508_212407_dns_delete_9ci3sG,20260508_212404_scp_nginx_dns_delete_CMzhrV,vandalism/dns_delete,vandalism,scp_then_ssh,connect,no,-2,/usr/bin/tar,tar,,tar -czf archive/docs_11_32029.tar.gz docs/,/home/analyst/baseline_workload/run_20260509_041538,/var/run/nscd/socket,/var/run/nscd/socket,1000,1000,1000,27483,15400,(none),25,network_connect,benign,
1778300647,50171,0.739536,attack_window,20260508_212407_dns_delete_9ci3sG,20260508_212404_scp_nginx_dns_delete_CMzhrV,vandalism/dns_delete,vandalism,scp_then_ssh,85,yes,3,/usr/bin/tar,tar,,tar -czf archive/docs_11_32029.tar.gz docs/,/home/analyst/baseline_workload/run_20260509_041538,archive/,archive/|archive/docs_11_32029.tar.gz,1000,1000,1000,27484,27483,(none),25,home_activity,benign,
1778300647,50172,0.739536,attack_window,20260508_212407_dns_delete_9ci3sG,20260508_212404_scp_nginx_dns_delete_CMzhrV,vandalism/dns_delete,vandalism,scp_then_ssh,execve,yes,0,/usr/bin/dash,sh,/bin/sh -c gzip,tar -czf archive/docs_11_32029.tar.gz docs/,/home/analyst/baseline_workload/run_20260509_041538,/bin/sh,/bin/sh|/lib64/ld-linux-x86-64.so.2,1000,1000,1000,27484,27483,(none),25,exec,benign,
1778300647,50173,0.740535,attack_window,20260508_212407_dns_delete_9ci3sG,20260508_212404_scp_nginx_dns_delete_CMzhrV,vandalism/dns_delete,vandalism,scp_then_ssh,execve,yes,0,/usr/bin/gzip,gzip,gzip,gzip,/home/analyst/baseline_workload/run_20260509_041538,/usr/bin/gzip,/usr/bin/gzip|/lib64/ld-linux-x86-64.so.2,1000,1000,1000,27485,27484,(none),25,exec,benign,
1778300647,50174,0.752536,attack_window,20260508_212407_dns_delete_9ci3sG,20260508_212404_scp_nginx_dns_delete_CMzhrV,vandalism/dns_delete,vandalism,scp_then_ssh,openat,yes,3,/usr/bin/bash,bash,,bash ./baseline_workload.sh worker 20260509_041538,/home/analyst/baseline_workload/run_20260509_041538,archive/,archive/|archive/ls_11_29254.log.gz,1000,1000,1000,27486,15400,(none),25,home_activity,benign,
1778300647,50175,0.752536,attack_window,20260508_212407_dns_delete_9ci3sG,20260508_212404_scp_nginx_dns_delete_CMzhrV,vandalism/dns_delete,vandalism,scp_then_ssh,execve,yes,0,/usr/bin/gzip,gzip,gzip -c logs/ls_11.log,bash ./baseline_workload.sh worker 20260509_041538,/home/analyst/baseline_workload/run_20260509_041538,/usr/bin/gzip,/usr/bin/gzip|/lib64/ld-linux-x86-64.so.2,1000,1000,1000,27486,15400,(none),25,exec,benign,
1778300647,50176,0.753536,attack_window,20260508_212407_dns_delete_9ci3sG,20260508_212404_scp_nginx_dns_delete_CMzhrV,vandalism/dns_delete,vandalism,scp_then_ssh,execve,yes,0,/usr/bin/sleep,sleep,sleep 3,sleep 3,/home/analyst/baseline_workload/run_20260509_041538,/usr/bin/sleep,/usr/bin/sleep|/lib64/ld-linux-x86-64.so.2,1000,1000,1000,27487,15400,(none),25,exec,benign,
1778300647,50177,0.811536,attack_window,20260508_212407_dns_delete_9ci3sG,20260508_212404_scp_nginx_dns_delete_CMzhrV,vandalism/dns_delete,vandalism,scp_then_ssh,connect,no,-2,/usr/sbin/sshd,sshd,,/usr/sbin/sshd -D -R,/,/var/run/nscd/socket,/var/run/nscd/socket,0,0,4294967295,27479,21008,(none),4294967295,network_connect,benign,
1778300647,50178,0.811536,attack_window,20260508_212407_dns_delete_9ci3sG,20260508_212404_scp_nginx_dns_delete_CMzhrV,vandalism/dns_delete,vandalism,scp_then_ssh,connect,no,-2,/usr/sbin/sshd,sshd,,/usr/sbin/sshd -D -R,/,/var/run/nscd/socket,/var/run/nscd/socket,0,0,4294967295,27479,21008,(none),4294967295,network_connect,benign,
1778300647,50179,0.811536,attack_window,20260508_212407_dns_delete_9ci3sG,20260508_212404_scp_nginx_dns_delete_CMzhrV,vandalism/dns_delete,vandalism,scp_then_ssh,connect,yes,0,/usr/sbin/sshd,sshd,,/usr/sbin/sshd -D -R,/,/run/systemd/userdb/io.systemd.DynamicUser,/run/systemd/userdb/io.systemd.DynamicUser,0,0,4294967295,27479,21008,(none),4294967295,network_connect,benign,
1778300647,50180,0.812536,attack_window,20260508_212407_dns_delete_9ci3sG,20260508_212404_scp_nginx_dns_delete_CMzhrV,vandalism/dns_delete,vandalism,scp_then_ssh,setresgid,yes,0,/usr/sbin/sshd,sshd,,/usr/sbin/sshd -D -R,,,,0,0,4294967295,27479,21008,(none),4294967295,privilege_transition,benign,
1778300647,50181,0.812536,attack_window,20260508_212407_dns_delete_9ci3sG,20260508_212404_scp_nginx_dns_delete_CMzhrV,vandalism/dns_delete,vandalism,scp_then_ssh,setresuid,yes,0,/usr/sbin/sshd,sshd,,/usr/sbin/sshd -D -R,,,,0,1001,4294967295,27479,21008,(none),4294967295,privilege_transition,benign,
1778300647,50182,0.812536,attack_window,20260508_212407_dns_delete_9ci3sG,20260508_212404_scp_nginx_dns_delete_CMzhrV,vandalism/dns_delete,vandalism,scp_then_ssh,setresuid,yes,0,/usr/sbin/sshd,sshd,,/usr/sbin/sshd -D -R,,,,0,0,4294967295,27479,21008,(none),4294967295,privilege_transition,benign,
1778300647,50183,0.812536,attack_window,20260508_212407_dns_delete_9ci3sG,20260508_212404_scp_nginx_dns_delete_CMzhrV,vandalism/dns_delete,vandalism,scp_then_ssh,setresgid,yes,0,/usr/sbin/sshd,sshd,,/usr/sbin/sshd -D -R,,,,0,0,4294967295,27479,21008,(none),4294967295,privilege_transition,benign,
1778300647,50184,0.812536,attack_window,20260508_212407_dns_delete_9ci3sG,20260508_212404_scp_nginx_dns_delete_CMzhrV,vandalism/dns_delete,vandalism,scp_then_ssh,setresgid,yes,0,/usr/sbin/sshd,sshd,,/usr/sbin/sshd -D -R,,,,0,0,4294967295,27479,21008,(none),4294967295,privilege_transition,benign,
1778300647,50185,0.812536,attack_window,20260508_212407_dns_delete_9ci3sG,20260508_212404_scp_nginx_dns_delete_CMzhrV,vandalism/dns_delete,vandalism,scp_then_ssh,setresuid,yes,0,/usr/sbin/sshd,sshd,,/usr/sbin/sshd -D -R,,,,0,1001,4294967295,27479,21008,(none),4294967295,privilege_transition,benign,
1778300647,50186,0.812536,attack_window,20260508_212407_dns_delete_9ci3sG,20260508_212404_scp_nginx_dns_delete_CMzhrV,vandalism/dns_delete,vandalism,scp_then_ssh,connect,yes,0,/usr/sbin/sshd,sshd,,/usr/sbin/sshd -D -R,/,/dev/log,/dev/log,0,1001,4294967295,27479,21008,(none),4294967295,network_connect,benign,
1778300647,50187,0.812536,attack_window,20260508_212407_dns_delete_9ci3sG,20260508_212404_scp_nginx_dns_delete_CMzhrV,vandalism/dns_delete,vandalism,scp_then_ssh,setresuid,yes,0,/usr/sbin/sshd,sshd,,/usr/sbin/sshd -D -R,,,,0,0,4294967295,27479,21008,(none),4294967295,privilege_transition,benign,
1778300647,50188,0.812536,attack_window,20260508_212407_dns_delete_9ci3sG,20260508_212404_scp_nginx_dns_delete_CMzhrV,vandalism/dns_delete,vandalism,scp_then_ssh,setresgid,yes,0,/usr/sbin/sshd,sshd,,/usr/sbin/sshd -D -R,,,,0,0,4294967295,27479,21008,(none),4294967295,privilege_transition,benign,
1778300647,50189,0.812536,attack_window,20260508_212407_dns_delete_9ci3sG,20260508_212404_scp_nginx_dns_delete_CMzhrV,vandalism/dns_delete,vandalism,scp_then_ssh,,,,,,,,,,,,,,,,,,,ambiguous,
1778300648,50190,0.818536,attack_window,20260508_212407_dns_delete_9ci3sG,20260508_212404_scp_nginx_dns_delete_CMzhrV,vandalism/dns_delete,vandalism,scp_then_ssh,setresgid,yes,0,/usr/sbin/sshd,sshd,,/usr/sbin/sshd -D -R,,,,0,0,4294967295,27479,21008,(none),4294967295,privilege_transition,benign,
1778300648,50191,0.818536,attack_window,20260508_212407_dns_delete_9ci3sG,20260508_212404_scp_nginx_dns_delete_CMzhrV,vandalism/dns_delete,vandalism,scp_then_ssh,setresuid,yes,0,/usr/sbin/sshd,sshd,,/usr/sbin/sshd -D -R,,,,0,1001,4294967295,27479,21008,(none),4294967295,privilege_transition,benign,
1778300648,50192,0.818536,attack_window,20260508_212407_dns_delete_9ci3sG,20260508_212404_scp_nginx_dns_delete_CMzhrV,vandalism/dns_delete,vandalism,scp_then_ssh,setresuid,yes,0,/usr/sbin/sshd,sshd,,/usr/sbin/sshd -D -R,,,,0,0,4294967295,27479,21008,(none),4294967295,privilege_transition,benign,
1778300648,50193,0.818536,attack_window,20260508_212407_dns_delete_9ci3sG,20260508_212404_scp_nginx_dns_delete_CMzhrV,vandalism/dns_delete,vandalism,scp_then_ssh,setresgid,yes,0,/usr/sbin/sshd,sshd,,/usr/sbin/sshd -D -R,,,,0,0,4294967295,27479,21008,(none),4294967295,privilege_transition,benign,
1778300648,50194,0.818536,attack_window,20260508_212407_dns_delete_9ci3sG,20260508_212404_scp_nginx_dns_delete_CMzhrV,vandalism/dns_delete,vandalism,scp_then_ssh,setresgid,yes,0,/usr/sbin/sshd,sshd,,/usr/sbin/sshd -D -R,,,,0,0,4294967295,27479,21008,(none),4294967295,privilege_transition,benign,
1778300648,50195,0.818536,attack_window,20260508_212407_dns_delete_9ci3sG,20260508_212404_scp_nginx_dns_delete_CMzhrV,vandalism/dns_delete,vandalism,scp_then_ssh,setresuid,yes,0,/usr/sbin/sshd,sshd,,/usr/sbin/sshd -D -R,,,,0,1001,4294967295,27479,21008,(none),4294967295,privilege_transition,benign,
1778300648,50196,0.818536,attack_window,20260508_212407_dns_delete_9ci3sG,20260508_212404_scp_nginx_dns_delete_CMzhrV,vandalism/dns_delete,vandalism,scp_then_ssh,connect,yes,0,/usr/sbin/sshd,sshd,,/usr/sbin/sshd -D -R,/,/dev/log,/dev/log,0,1001,4294967295,27479,21008,(none),4294967295,network_connect,benign,
1778300648,50197,0.818536,attack_window,20260508_212407_dns_delete_9ci3sG,20260508_212404_scp_nginx_dns_delete_CMzhrV,vandalism/dns_delete,vandalism,scp_then_ssh,setresuid,yes,0,/usr/sbin/sshd,sshd,,/usr/sbin/sshd -D -R,,,,0,0,4294967295,27479,21008,(none),4294967295,privilege_transition,benign,
1778300648,50198,0.818536,attack_window,20260508_212407_dns_delete_9ci3sG,20260508_212404_scp_nginx_dns_delete_CMzhrV,vandalism/dns_delete,vandalism,scp_then_ssh,setresgid,yes,0,/usr/sbin/sshd,sshd,,/usr/sbin/sshd -D -R,,,,0,0,4294967295,27479,21008,(none),4294967295,privilege_transition,benign,
1778300648,50199,0.818536,attack_window,20260508_212407_dns_delete_9ci3sG,20260508_212404_scp_nginx_dns_delete_CMzhrV,vandalism/dns_delete,vandalism,scp_then_ssh,,,,,,,,,,,,,,,,,,,ambiguous,
1778300648,50200,0.845536,attack_window,20260508_212407_dns_delete_9ci3sG,20260508_212404_scp_nginx_dns_delete_CMzhrV,vandalism/dns_delete,vandalism,scp_then_ssh,connect,yes,0,/usr/sbin/sshd,sshd,,/usr/sbin/sshd -D -R,/,/run/systemd/userdb/io.systemd.DynamicUser,/run/systemd/userdb/io.systemd.DynamicUser,0,0,4294967295,27479,21008,(none),4294967295,network_connect,benign,
1778300648,50201,0.846536,attack_window,20260508_212407_dns_delete_9ci3sG,20260508_212404_scp_nginx_dns_delete_CMzhrV,vandalism/dns_delete,vandalism,scp_then_ssh,,,,,,,,,,,,,,,,,,,ambiguous,
1778300648,50202,0.850536,attack_window,20260508_212407_dns_delete_9ci3sG,20260508_212404_scp_nginx_dns_delete_CMzhrV,vandalism/dns_delete,vandalism,scp_then_ssh,,,,,,,,,,,,,,,,,,,ambiguous,
1778300648,50203,0.850536,attack_window,20260508_212407_dns_delete_9ci3sG,20260508_212404_scp_nginx_dns_delete_CMzhrV,vandalism/dns_delete,vandalism,scp_then_ssh,connect,yes,0,/usr/sbin/sshd,sshd,,/usr/sbin/sshd -D -R,/,/dev/log,/dev/log,0,0,4294967295,27479,21008,(none),4294967295,network_connect,benign,
1778300648,50204,0.851536,attack_window,20260508_212407_dns_delete_9ci3sG,20260508_212404_scp_nginx_dns_delete_CMzhrV,vandalism/dns_delete,vandalism,scp_then_ssh,connect,yes,0,/usr/sbin/sshd,sshd,,/usr/sbin/sshd -D -R,/,/run/systemd/userdb/io.systemd.DynamicUser,/run/systemd/userdb/io.systemd.DynamicUser,0,0,4294967295,27479,21008,(none),4294967295,network_connect,benign,
1778300648,50205,0.851536,attack_window,20260508_212407_dns_delete_9ci3sG,20260508_212404_scp_nginx_dns_delete_CMzhrV,vandalism/dns_delete,vandalism,scp_then_ssh,126,yes,0,/usr/sbin/sshd,sshd,,/usr/sbin/sshd -D -R,,,,0,0,4294967295,27479,21008,(none),4294967295,privilege_transition,benign,
1778300648,50206,0.851536,attack_window,20260508_212407_dns_delete_9ci3sG,20260508_212404_scp_nginx_dns_delete_CMzhrV,vandalism/dns_delete,vandalism,scp_then_ssh,,,,,,,,,,,,,,,,,,,ambiguous,
1778300648,50207,0.851536,attack_window,20260508_212407_dns_delete_9ci3sG,20260508_212404_scp_nginx_dns_delete_CMzhrV,vandalism/dns_delete,vandalism,scp_then_ssh,77,yes,0,/usr/sbin/sshd,sshd,,/usr/sbin/sshd -D -R,,,,0,0,4294967295,27479,21008,(none),4294967295,file_destroy,benign,
1778300648,50208,0.851536,attack_window,20260508_212407_dns_delete_9ci3sG,20260508_212404_scp_nginx_dns_delete_CMzhrV,vandalism/dns_delete,vandalism,scp_then_ssh,write,yes,4,/usr/sbin/sshd,sshd,,/usr/sbin/sshd -D -R,,,,0,0,1001,27479,21008,(none),176,(null),benign,
1778300648,50209,0.852535,attack_window,20260508_212407_dns_delete_9ci3sG,20260508_212404_scp_nginx_dns_delete_CMzhrV,vandalism/dns_delete,vandalism,scp_then_ssh,114,yes,0,/usr/sbin/sshd,sshd,,/usr/sbin/sshd -D -R,,,,0,0,1001,27479,21008,(none),176,privilege_transition,benign,
1778300648,50210,0.852535,attack_window,20260508_212407_dns_delete_9ci3sG,20260508_212404_scp_nginx_dns_delete_CMzhrV,vandalism/dns_delete,vandalism,scp_then_ssh,113,yes,0,/usr/sbin/sshd,sshd,,/usr/sbin/sshd -D -R,,,,1001,0,1001,27479,21008,(none),176,privilege_transition,benign,
1778300648,50211,0.852535,attack_window,20260508_212407_dns_delete_9ci3sG,20260508_212404_scp_nginx_dns_delete_CMzhrV,vandalism/dns_delete,vandalism,scp_then_ssh,113,yes,0,/usr/sbin/sshd,sshd,,/usr/sbin/sshd -D -R,,,,0,0,1001,27479,21008,(none),176,privilege_transition,benign,
1778300648,50212,0.852535,attack_window,20260508_212407_dns_delete_9ci3sG,20260508_212404_scp_nginx_dns_delete_CMzhrV,vandalism/dns_delete,vandalism,scp_then_ssh,114,yes,0,/usr/sbin/sshd,sshd,,/usr/sbin/sshd -D -R,,,,0,0,1001,27479,21008,(none),176,privilege_transition,benign,
1778300648,50213,0.852535,attack_window,20260508_212407_dns_delete_9ci3sG,20260508_212404_scp_nginx_dns_delete_CMzhrV,vandalism/dns_delete,vandalism,scp_then_ssh,connect,yes,0,/usr/sbin/sshd,sshd,,/usr/sbin/sshd -D -R,/,/dev/log,/dev/log,0,0,1001,27479,21008,(none),176,network_connect,benign,
1778300648,50214,0.852535,attack_window,20260508_212407_dns_delete_9ci3sG,20260508_212404_scp_nginx_dns_delete_CMzhrV,vandalism/dns_delete,vandalism,scp_then_ssh,connect,no,-2,/usr/sbin/sshd,sshd,,/usr/sbin/sshd -D -R,/,/run/systemd/userdb/io.systemd.Multiplexer,/run/systemd/userdb/io.systemd.Multiplexer,0,0,1001,27479,21008,(none),176,network_connect,benign,
1778300648,50215,0.852535,attack_window,20260508_212407_dns_delete_9ci3sG,20260508_212404_scp_nginx_dns_delete_CMzhrV,vandalism/dns_delete,vandalism,scp_then_ssh,connect,yes,0,/usr/sbin/sshd,sshd,,/usr/sbin/sshd -D -R,/,/run/systemd/userdb/io.systemd.DynamicUser,/run/systemd/userdb/io.systemd.DynamicUser,0,0,1001,27479,21008,(none),176,network_connect,benign,
1778300648,50216,0.853536,attack_window,20260508_212407_dns_delete_9ci3sG,20260508_212404_scp_nginx_dns_delete_CMzhrV,vandalism/dns_delete,vandalism,scp_then_ssh,connect,yes,0,/usr/sbin/sshd,sshd,,/usr/sbin/sshd -D -R,/,/run/dbus/system_bus_socket,/run/dbus/system_bus_socket,0,0,1001,27479,21008,(none),176,network_connect,benign,
1778300648,50217,0.862535,attack_window,20260508_212407_dns_delete_9ci3sG,20260508_212404_scp_nginx_dns_delete_CMzhrV,vandalism/dns_delete,vandalism,scp_then_ssh,execve,yes,0,/usr/bin/dash,sh,sh -c -- /usr/bin/env -i PATH=/usr/local/sbin:/usr/local/bin:/usr/sbin:/usr/bin:/sbin:/bin run-parts --lsbsysinit /etc/update-motd.d > /run/motd.dynamic.new,sh -c -- /usr/bin/env -i PATH=/usr/local/sbin:/usr/local/bin:/usr/sbin:/usr/bin:/sbin:/bin run-parts --lsbsysinit /etc/update-mo,/,/bin/sh,/bin/sh|/lib64/ld-linux-x86-64.so.2,0,0,1001,27488,27479,(none),176,exec,benign,
1778300648,50218,0.864536,attack_window,20260508_212407_dns_delete_9ci3sG,20260508_212404_scp_nginx_dns_delete_CMzhrV,vandalism/dns_delete,vandalism,scp_then_ssh,execve,yes,0,/usr/bin/env,env,/usr/bin/env -i PATH=/usr/local/sbin:/usr/local/bin:/usr/sbin:/usr/bin:/sbin:/bin run-parts --lsbsysinit /etc/update-motd.d,/usr/bin/env -i PATH=/usr/local/sbin:/usr/local/bin:/usr/sbin:/usr/bin:/sbin:/bin run-parts --lsbsysinit /etc/update-motd.d,/,/usr/bin/env,/usr/bin/env|/lib64/ld-linux-x86-64.so.2,0,0,1001,27489,27488,(none),176,exec,benign,
1778300648,50219,0.865535,attack_window,20260508_212407_dns_delete_9ci3sG,20260508_212404_scp_nginx_dns_delete_CMzhrV,vandalism/dns_delete,vandalism,scp_then_ssh,execve,no,-2,/usr/bin/env,env,,/usr/bin/env -i PATH=/usr/local/sbin:/usr/local/bin:/usr/sbin:/usr/bin:/sbin:/bin run-parts --lsbsysinit /etc/update-motd.d,/,/usr/local/sbin/run-parts,/usr/local/sbin/run-parts,0,0,1001,27489,27488,(none),176,exec,benign,
1778300648,50220,0.865535,attack_window,20260508_212407_dns_delete_9ci3sG,20260508_212404_scp_nginx_dns_delete_CMzhrV,vandalism/dns_delete,vandalism,scp_then_ssh,execve,no,-2,/usr/bin/env,env,,/usr/bin/env -i PATH=/usr/local/sbin:/usr/local/bin:/usr/sbin:/usr/bin:/sbin:/bin run-parts --lsbsysinit /etc/update-motd.d,/,/usr/local/bin/run-parts,/usr/local/bin/run-parts,0,0,1001,27489,27488,(none),176,exec,benign,
1778300648,50221,0.865535,attack_window,20260508_212407_dns_delete_9ci3sG,20260508_212404_scp_nginx_dns_delete_CMzhrV,vandalism/dns_delete,vandalism,scp_then_ssh,execve,no,-2,/usr/bin/env,env,,/usr/bin/env -i PATH=/usr/local/sbin:/usr/local/bin:/usr/sbin:/usr/bin:/sbin:/bin run-parts --lsbsysinit /etc/update-motd.d,/,/usr/sbin/run-parts,/usr/sbin/run-parts,0,0,1001,27489,27488,(none),176,exec,benign,
1778300648,50222,0.865535,attack_window,20260508_212407_dns_delete_9ci3sG,20260508_212404_scp_nginx_dns_delete_CMzhrV,vandalism/dns_delete,vandalism,scp_then_ssh,execve,yes,0,/usr/bin/run-parts,run-parts,run-parts --lsbsysinit /etc/update-motd.d,/usr/bin/env -i PATH=/usr/local/sbin:/usr/local/bin:/usr/sbin:/usr/bin:/sbin:/bin run-parts --lsbsysinit /etc/update-motd.d,/,/usr/bin/run-parts,/usr/bin/run-parts|/lib64/ld-linux-x86-64.so.2,0,0,1001,27489,27488,(none),176,exec,benign,
1778300648,50223,0.868536,attack_window,20260508_212407_dns_delete_9ci3sG,20260508_212404_scp_nginx_dns_delete_CMzhrV,vandalism/dns_delete,vandalism,scp_then_ssh,execve,yes,0,/usr/bin/dash,00-header,/bin/sh /etc/update-motd.d/00-header,/bin/sh /etc/update-motd.d/00-header,/,/etc/update-motd.d/00-header,/etc/update-motd.d/00-header|/bin/sh|/lib64/ld-linux-x86-64.so.2,0,0,1001,27490,27489,(none),176,exec,benign,
1778300648,50224,0.869536,attack_window,20260508_212407_dns_delete_9ci3sG,20260508_212404_scp_nginx_dns_delete_CMzhrV,vandalism/dns_delete,vandalism,scp_then_ssh,execve,yes,0,/usr/bin/uname,uname,uname -o,uname -o,/,/usr/bin/uname,/usr/bin/uname|/lib64/ld-linux-x86-64.so.2,0,0,1001,27491,27490,(none),176,exec,benign,
1778300648,50225,0.870536,attack_window,20260508_212407_dns_delete_9ci3sG,20260508_212404_scp_nginx_dns_delete_CMzhrV,vandalism/dns_delete,vandalism,scp_then_ssh,execve,yes,0,/usr/bin/uname,uname,uname -r,uname -r,/,/usr/bin/uname,/usr/bin/uname|/lib64/ld-linux-x86-64.so.2,0,0,1001,27492,27490,(none),176,exec,benign,
1778300648,50226,0.872535,attack_window,20260508_212407_dns_delete_9ci3sG,20260508_212404_scp_nginx_dns_delete_CMzhrV,vandalism/dns_delete,vandalism,scp_then_ssh,execve,yes,0,/usr/bin/uname,uname,uname -m,uname -m,/,/usr/bin/uname,/usr/bin/uname|/lib64/ld-linux-x86-64.so.2,0,0,1001,27493,27490,(none),176,exec,benign,
1778300648,50227,0.874536,attack_window,20260508_212407_dns_delete_9ci3sG,20260508_212404_scp_nginx_dns_delete_CMzhrV,vandalism/dns_delete,vandalism,scp_then_ssh,execve,yes,0,/usr/bin/dash,10-help-text,/bin/sh /etc/update-motd.d/10-help-text,/bin/sh /etc/update-motd.d/10-help-text,/,/etc/update-motd.d/10-help-text,/etc/update-motd.d/10-help-text|/bin/sh|/lib64/ld-linux-x86-64.so.2,0,0,1001,27494,27489,(none),176,exec,benign,
1778300648,50228,0.875535,attack_window,20260508_212407_dns_delete_9ci3sG,20260508_212404_scp_nginx_dns_delete_CMzhrV,vandalism/dns_delete,vandalism,scp_then_ssh,execve,yes,0,/usr/bin/dash,50-landscape-sy,/bin/sh /etc/update-motd.d/50-landscape-sysinfo,/bin/sh /etc/update-motd.d/50-landscape-sysinfo,/,/etc/update-motd.d/50-landscape-sysinfo,/etc/update-motd.d/50-landscape-sysinfo|/bin/sh|/lib64/ld-linux-x86-64.so.2,0,0,1001,27495,27489,(none),176,exec,benign,
1778300648,50229,0.876536,attack_window,20260508_212407_dns_delete_9ci3sG,20260508_212404_scp_nginx_dns_delete_CMzhrV,vandalism/dns_delete,vandalism,scp_then_ssh,execve,yes,0,/usr/bin/find,find,find /var/lib/landscape/landscape-sysinfo.cache -newermt now-1 minutes,find /var/lib/landscape/landscape-sysinfo.cache -newermt now-1 minutes,/,/usr/bin/find,/usr/bin/find|/lib64/ld-linux-x86-64.so.2,0,0,1001,27496,27495,(none),176,exec,benign,
1778300648,50230,0.877536,attack_window,20260508_212407_dns_delete_9ci3sG,20260508_212404_scp_nginx_dns_delete_CMzhrV,vandalism/dns_delete,vandalism,scp_then_ssh,execve,yes,0,/usr/bin/cat,cat,cat /var/lib/landscape/landscape-sysinfo.cache,cat /var/lib/landscape/landscape-sysinfo.cache,/,/usr/bin/cat,/usr/bin/cat|/lib64/ld-linux-x86-64.so.2,0,0,1001,27497,27495,(none),176,exec,benign,
1778300648,50231,0.879536,attack_window,20260508_212407_dns_delete_9ci3sG,20260508_212404_scp_nginx_dns_delete_CMzhrV,vandalism/dns_delete,vandalism,scp_then_ssh,execve,yes,0,/usr/bin/dash,50-motd-news,/bin/sh /etc/update-motd.d/50-motd-news,/bin/sh /etc/update-motd.d/50-motd-news,/,/etc/update-motd.d/50-motd-news,/etc/update-motd.d/50-motd-news|/bin/sh|/lib64/ld-linux-x86-64.so.2,0,0,1001,27498,27489,(none),176,exec,benign,
1778300648,50232,0.880536,attack_window,20260508_212407_dns_delete_9ci3sG,20260508_212404_scp_nginx_dns_delete_CMzhrV,vandalism/dns_delete,vandalism,scp_then_ssh,execve,yes,0,/usr/bin/head,head,head -n 10,head -n 10,/,/usr/bin/head,/usr/bin/head|/lib64/ld-linux-x86-64.so.2,0,0,1001,27500,27498,(none),176,exec,benign,
1778300648,50233,0.880536,attack_window,20260508_212407_dns_delete_9ci3sG,20260508_212404_scp_nginx_dns_delete_CMzhrV,vandalism/dns_delete,vandalism,scp_then_ssh,execve,yes,0,/usr/bin/tr,tr,tr -d \000-\011\013\014\016-\037,tr -d \000-\011\013\014\016-\037,/,/usr/bin/tr,/usr/bin/tr|/lib64/ld-linux-x86-64.so.2,0,0,1001,27501,27498,(none),176,exec,benign,
1778300648,50234,0.880536,attack_window,20260508_212407_dns_delete_9ci3sG,20260508_212404_scp_nginx_dns_delete_CMzhrV,vandalism/dns_delete,vandalism,scp_then_ssh,execve,yes,0,/usr/bin/cat,cat,cat /var/cache/motd-news,cat /var/cache/motd-news,/,/usr/bin/cat,/usr/bin/cat|/lib64/ld-linux-x86-64.so.2,0,0,1001,27499,27498,(none),176,exec,benign,
1778300648,50235,0.881536,attack_window,20260508_212407_dns_delete_9ci3sG,20260508_212404_scp_nginx_dns_delete_CMzhrV,vandalism/dns_delete,vandalism,scp_then_ssh,execve,yes,0,/usr/bin/cut,cut,cut -c -80,cut -c -80,/,/usr/bin/cut,/usr/bin/cut|/lib64/ld-linux-x86-64.so.2,0,0,1001,27502,27498,(none),176,exec,benign,
1778300648,50236,0.889536,attack_window,20260508_212407_dns_delete_9ci3sG,20260508_212404_scp_nginx_dns_delete_CMzhrV,vandalism/dns_delete,vandalism,scp_then_ssh,execve,yes,0,/usr/bin/dash,85-fwupd,/bin/sh /etc/update-motd.d/85-fwupd,/bin/sh /etc/update-motd.d/85-fwupd,/,/etc/update-motd.d/85-fwupd,/etc/update-motd.d/85-fwupd|/bin/sh|/lib64/ld-linux-x86-64.so.2,0,0,1001,27503,27489,(none),176,exec,benign,
1778300648,50237,0.889536,attack_window,20260508_212407_dns_delete_9ci3sG,20260508_212404_scp_nginx_dns_delete_CMzhrV,vandalism/dns_delete,vandalism,scp_then_ssh,execve,yes,0,/usr/bin/cat,cat,cat /run/motd.d/85-fwupd,cat /run/motd.d/85-fwupd,/,/usr/bin/cat,/usr/bin/cat|/lib64/ld-linux-x86-64.so.2,0,0,1001,27504,27503,(none),176,exec,benign,
1778300648,50238,0.891536,attack_window,20260508_212407_dns_delete_9ci3sG,20260508_212404_scp_nginx_dns_delete_CMzhrV,vandalism/dns_delete,vandalism,scp_then_ssh,execve,yes,0,/usr/bin/dash,90-updates-avai,/bin/sh /etc/update-motd.d/90-updates-available,/bin/sh /etc/update-motd.d/90-updates-available,/,/etc/update-motd.d/90-updates-available,/etc/update-motd.d/90-updates-available|/bin/sh|/lib64/ld-linux-x86-64.so.2,0,0,1001,27505,27489,(none),176,exec,benign,
1778300648,50239,0.891536,attack_window,20260508_212407_dns_delete_9ci3sG,20260508_212404_scp_nginx_dns_delete_CMzhrV,vandalism/dns_delete,vandalism,scp_then_ssh,execve,yes,0,/usr/bin/cat,cat,cat /var/lib/update-notifier/updates-available,cat /var/lib/update-notifier/updates-available,/,/usr/bin/cat,/usr/bin/cat|/lib64/ld-linux-x86-64.so.2,0,0,1001,27506,27505,(none),176,exec,benign,
1778300648,50240,0.892535,attack_window,20260508_212407_dns_delete_9ci3sG,20260508_212404_scp_nginx_dns_delete_CMzhrV,vandalism/dns_delete,vandalism,scp_then_ssh,execve,yes,0,/usr/bin/find,find,find /var/lib/update-notifier/updates-available -newermt now-7 days,find /var/lib/update-notifier/updates-available -newermt now-7 days,/,/usr/bin/find,/usr/bin/find|/lib64/ld-linux-x86-64.so.2,0,0,1001,27507,27505,(none),176,exec,benign,
1778300648,50241,0.892535,attack_window,20260508_212407_dns_delete_9ci3sG,20260508_212404_scp_nginx_dns_delete_CMzhrV,vandalism/dns_delete,vandalism,scp_then_ssh,execve,yes,0,/usr/bin/grep,grep,grep -q -m 1 .,grep -q -m 1 .,/,/usr/bin/grep,/usr/bin/grep|/lib64/ld-linux-x86-64.so.2,0,0,1001,27508,27505,(none),176,exec,benign,
1778300648,50242,0.895535,attack_window,20260508_212407_dns_delete_9ci3sG,20260508_212404_scp_nginx_dns_delete_CMzhrV,vandalism/dns_delete,vandalism,scp_then_ssh,execve,yes,0,/usr/bin/dash,91-contract-ua-,/bin/sh /etc/update-motd.d/91-contract-ua-esm-status,/bin/sh /etc/update-motd.d/91-contract-ua-esm-status,/,/etc/update-motd.d/91-contract-ua-esm-status,/etc/update-motd.d/91-contract-ua-esm-status|/bin/sh|/lib64/ld-linux-x86-64.so.2,0,0,1001,27509,27489,(none),176,exec,benign,
1778300648,50243,0.896536,attack_window,20260508_212407_dns_delete_9ci3sG,20260508_212404_scp_nginx_dns_delete_CMzhrV,vandalism/dns_delete,vandalism,scp_then_ssh,execve,yes,0,/usr/bin/dash,91-release-upgr,/bin/sh /etc/update-motd.d/91-release-upgrade,/bin/sh /etc/update-motd.d/91-release-upgrade,/,/etc/update-motd.d/91-release-upgrade,/etc/update-motd.d/91-release-upgrade|/bin/sh|/lib64/ld-linux-x86-64.so.2,0,0,1001,27510,27489,(none),176,exec,benign,
1778300648,50244,0.897536,attack_window,20260508_212407_dns_delete_9ci3sG,20260508_212404_scp_nginx_dns_delete_CMzhrV,vandalism/dns_delete,vandalism,scp_then_ssh,execve,yes,0,/usr/bin/cut,cut,cut -d -f4,cut -d -f4,/,/usr/bin/cut,/usr/bin/cut|/lib64/ld-linux-x86-64.so.2,0,0,1001,27513,27511,(none),176,exec,benign,
1778300648,50245,0.898535,attack_window,20260508_212407_dns_delete_9ci3sG,20260508_212404_scp_nginx_dns_delete_CMzhrV,vandalism/dns_delete,vandalism,scp_then_ssh,execve,yes,0,/usr/bin/id,id,id -u,id -u,/,/usr/bin/id,/usr/bin/id|/lib64/ld-linux-x86-64.so.2,0,0,1001,27514,27510,(none),176,exec,benign,
1778300648,50246,0.899536,attack_window,20260508_212407_dns_delete_9ci3sG,20260508_212404_scp_nginx_dns_delete_CMzhrV,vandalism/dns_delete,vandalism,scp_then_ssh,execve,yes,0,/usr/bin/dash,release-upgrade,/bin/sh -e /usr/lib/ubuntu-release-upgrader/release-upgrade-motd,/bin/sh /etc/update-motd.d/91-release-upgrade,/,/usr/lib/ubuntu-release-upgrader/release-upgrade-motd,/usr/lib/ubuntu-release-upgrader/release-upgrade-motd|/bin/sh|/lib64/ld-linux-x86-64.so.2,0,0,1001,27510,27489,(none),176,exec,benign,
1778300648,50247,0.899536,attack_window,20260508_212407_dns_delete_9ci3sG,20260508_212404_scp_nginx_dns_delete_CMzhrV,vandalism/dns_delete,vandalism,scp_then_ssh,execve,yes,0,/usr/bin/date,date,date +%s,date +%s,/,/usr/bin/date,/usr/bin/date|/lib64/ld-linux-x86-64.so.2,0,0,1001,27515,27510,(none),176,exec,benign,
1778300648,50248,0.900536,attack_window,20260508_212407_dns_delete_9ci3sG,20260508_212404_scp_nginx_dns_delete_CMzhrV,vandalism/dns_delete,vandalism,scp_then_ssh,execve,yes,0,/usr/bin/stat,stat,stat -c %Y /var/lib/ubuntu-release-upgrader/release-upgrade-available,stat -c %Y /var/lib/ubuntu-release-upgrader/release-upgrade-available,/,/usr/bin/stat,/usr/bin/stat|/lib64/ld-linux-x86-64.so.2,0,0,1001,27516,27510,(none),176,exec,benign,
1778300648,50249,0.901536,attack_window,20260508_212407_dns_delete_9ci3sG,20260508_212404_scp_nginx_dns_delete_CMzhrV,vandalism/dns_delete,vandalism,scp_then_ssh,execve,yes,0,/usr/bin/expr,expr,expr 1778282941 + 86400,expr 1778282941 + 86400,/,/usr/bin/expr,/usr/bin/expr|/lib64/ld-linux-x86-64.so.2,0,0,1001,27517,27510,(none),176,exec,benign,
1778300648,50250,0.903536,attack_window,20260508_212407_dns_delete_9ci3sG,20260508_212404_scp_nginx_dns_delete_CMzhrV,vandalism/dns_delete,vandalism,scp_then_ssh,execve,yes,0,/usr/bin/dash,92-unattended-u,/bin/sh /etc/update-motd.d/92-unattended-upgrades,/bin/sh /etc/update-motd.d/92-unattended-upgrades,/,/etc/update-motd.d/92-unattended-upgrades,/etc/update-motd.d/92-unattended-upgrades|/bin/sh|/lib64/ld-linux-x86-64.so.2,0,0,1001,27518,27489,(none),176,exec,benign,
1778300648,50251,0.904536,attack_window,20260508_212407_dns_delete_9ci3sG,20260508_212404_scp_nginx_dns_delete_CMzhrV,vandalism/dns_delete,vandalism,scp_then_ssh,execve,yes,0,/usr/bin/dash,update-motd-una,/bin/sh /usr/share/unattended-upgrades/update-motd-unattended-upgrades,/bin/sh /etc/update-motd.d/92-unattended-upgrades,/,/usr/share/unattended-upgrades/update-motd-unattended-upgrades,/usr/share/unattended-upgrades/update-motd-unattended-upgrades|/bin/sh|/lib64/ld-linux-x86-64.so.2,0,0,1001,27518,27489,(none),176,exec,benign,
1778300648,50252,0.905535,attack_window,20260508_212407_dns_delete_9ci3sG,20260508_212404_scp_nginx_dns_delete_CMzhrV,vandalism/dns_delete,vandalism,scp_then_ssh,execve,yes,0,/usr/bin/dash,95-hwe-eol,/bin/sh /etc/update-motd.d/95-hwe-eol,/bin/sh /etc/update-motd.d/95-hwe-eol,/,/etc/update-motd.d/95-hwe-eol,/etc/update-motd.d/95-hwe-eol|/bin/sh|/lib64/ld-linux-x86-64.so.2,0,0,1001,27519,27489,(none),176,exec,benign,
1778300648,50253,0.906536,attack_window,20260508_212407_dns_delete_9ci3sG,20260508_212404_scp_nginx_dns_delete_CMzhrV,vandalism/dns_delete,vandalism,scp_then_ssh,execve,yes,0,/usr/bin/find,find,find /var/lib/update-notifier/hwe-eol -newermt now-1 days,find /var/lib/update-notifier/hwe-eol -newermt now-1 days,/,/usr/bin/find,/usr/bin/find|/lib64/ld-linux-x86-64.so.2,0,0,1001,27520,27519,(none),176,exec,benign,
1778300648,50254,0.907536,attack_window,20260508_212407_dns_delete_9ci3sG,20260508_212404_scp_nginx_dns_delete_CMzhrV,vandalism/dns_delete,vandalism,scp_then_ssh,execve,yes,0,/usr/bin/dash,97-overlayroot,/bin/sh /etc/update-motd.d/97-overlayroot,/bin/sh /etc/update-motd.d/97-overlayroot,/,/etc/update-motd.d/97-overlayroot,/etc/update-motd.d/97-overlayroot|/bin/sh|/lib64/ld-linux-x86-64.so.2,0,0,1001,27521,27489,(none),176,exec,benign,
1778300648,50255,0.908535,attack_window,20260508_212407_dns_delete_9ci3sG,20260508_212404_scp_nginx_dns_delete_CMzhrV,vandalism/dns_delete,vandalism,scp_then_ssh,execve,yes,0,/usr/bin/dash,egrep,/bin/sh /usr/bin/egrep overlayroot|/media/root-ro|/media/root-rw /proc/mounts,/bin/sh /usr/bin/egrep overlayroot|/media/root-ro|/media/root-rw /proc/mounts,/,/usr/bin/egrep,/usr/bin/egrep|/bin/sh|/lib64/ld-linux-x86-64.so.2,0,0,1001,27523,27522,(none),176,exec,benign,
1778300648,50256,0.908535,attack_window,20260508_212407_dns_delete_9ci3sG,20260508_212404_scp_nginx_dns_delete_CMzhrV,vandalism/dns_delete,vandalism,scp_then_ssh,execve,yes,0,/usr/bin/sort,sort,sort -r,sort -r,/,/usr/bin/sort,/usr/bin/sort|/lib64/ld-linux-x86-64.so.2,0,0,1001,27524,27522,(none),176,exec,benign,
1778300648,50257,0.910536,attack_window,20260508_212407_dns_delete_9ci3sG,20260508_212404_scp_nginx_dns_delete_CMzhrV,vandalism/dns_delete,vandalism,scp_then_ssh,execve,no,-2,/usr/bin/dash,egrep,,/bin/sh /usr/bin/egrep overlayroot|/media/root-ro|/media/root-rw /proc/mounts,/,/usr/local/sbin/grep,/usr/local/sbin/grep,0,0,1001,27523,27522,(none),176,exec,benign,
1778300648,50258,0.910536,attack_window,20260508_212407_dns_delete_9ci3sG,20260508_212404_scp_nginx_dns_delete_CMzhrV,vandalism/dns_delete,vandalism,scp_then_ssh,execve,no,-2,/usr/bin/dash,egrep,,/bin/sh /usr/bin/egrep overlayroot|/media/root-ro|/media/root-rw /proc/mounts,/,/usr/local/bin/grep,/usr/local/bin/grep,0,0,1001,27523,27522,(none),176,exec,benign,
1778300648,50259,0.910536,attack_window,20260508_212407_dns_delete_9ci3sG,20260508_212404_scp_nginx_dns_delete_CMzhrV,vandalism/dns_delete,vandalism,scp_then_ssh,execve,no,-2,/usr/bin/dash,egrep,,/bin/sh /usr/bin/egrep overlayroot|/media/root-ro|/media/root-rw /proc/mounts,/,/usr/sbin/grep,/usr/sbin/grep,0,0,1001,27523,27522,(none),176,exec,benign,
1778300648,50260,0.910536,attack_window,20260508_212407_dns_delete_9ci3sG,20260508_212404_scp_nginx_dns_delete_CMzhrV,vandalism/dns_delete,vandalism,scp_then_ssh,execve,yes,0,/usr/bin/grep,grep,grep -E overlayroot|/media/root-ro|/media/root-rw /proc/mounts,/bin/sh /usr/bin/egrep overlayroot|/media/root-ro|/media/root-rw /proc/mounts,/,/usr/bin/grep,/usr/bin/grep|/lib64/ld-linux-x86-64.so.2,0,0,1001,27523,27522,(none),176,exec,benign,
1778300648,50261,0.912536,attack_window,20260508_212407_dns_delete_9ci3sG,20260508_212404_scp_nginx_dns_delete_CMzhrV,vandalism/dns_delete,vandalism,scp_then_ssh,execve,yes,0,/usr/bin/dash,98-fsck-at-rebo,/bin/sh /etc/update-motd.d/98-fsck-at-reboot,/bin/sh /etc/update-motd.d/98-fsck-at-reboot,/,/etc/update-motd.d/98-fsck-at-reboot,/etc/update-motd.d/98-fsck-at-reboot|/bin/sh|/lib64/ld-linux-x86-64.so.2,0,0,1001,27525,27489,(none),176,exec,benign,
1778300648,50262,0.912536,attack_window,20260508_212407_dns_delete_9ci3sG,20260508_212404_scp_nginx_dns_delete_CMzhrV,vandalism/dns_delete,vandalism,scp_then_ssh,execve,yes,0,/usr/bin/dash,update-motd-fsc,/bin/sh /usr/lib/update-notifier/update-motd-fsck-at-reboot,/bin/sh /etc/update-motd.d/98-fsck-at-reboot,/,/usr/lib/update-notifier/update-motd-fsck-at-reboot,/usr/lib/update-notifier/update-motd-fsck-at-reboot|/bin/sh|/lib64/ld-linux-x86-64.so.2,0,0,1001,27525,27489,(none),176,exec,benign,
1778300648,50263,0.914536,attack_window,20260508_212407_dns_delete_9ci3sG,20260508_212404_scp_nginx_dns_delete_CMzhrV,vandalism/dns_delete,vandalism,scp_then_ssh,execve,yes,0,/usr/bin/id,id,id -u,id -u,/,/usr/bin/id,/usr/bin/id|/lib64/ld-linux-x86-64.so.2,0,0,1001,27526,27525,(none),176,exec,benign,
1778300648,50264,0.915535,attack_window,20260508_212407_dns_delete_9ci3sG,20260508_212404_scp_nginx_dns_delete_CMzhrV,vandalism/dns_delete,vandalism,scp_then_ssh,execve,yes,0,/usr/bin/stat,stat,stat -c %Y /var/lib/update-notifier/fsck-at-reboot,stat -c %Y /var/lib/update-notifier/fsck-at-reboot,/,/usr/bin/stat,/usr/bin/stat|/lib64/ld-linux-x86-64.so.2,0,0,1001,27527,27525,(none),176,exec,benign,
1778300648,50265,0.916536,attack_window,20260508_212407_dns_delete_9ci3sG,20260508_212404_scp_nginx_dns_delete_CMzhrV,vandalism/dns_delete,vandalism,scp_then_ssh,execve,yes,0,/usr/bin/gawk,awk,awk {print $1} /proc/uptime,awk {print $1} /proc/uptime,/,/usr/bin/awk,/usr/bin/awk|/lib64/ld-linux-x86-64.so.2,0,0,1001,27529,27528,(none),176,exec,benign,
1778300648,50266,0.917536,attack_window,20260508_212407_dns_delete_9ci3sG,20260508_212404_scp_nginx_dns_delete_CMzhrV,vandalism/dns_delete,vandalism,scp_then_ssh,execve,yes,0,/usr/bin/date,date,date -d now - 2893.95 seconds +%s,date -d now - 2893.95 seconds +%s,/,/usr/bin/date,/usr/bin/date|/lib64/ld-linux-x86-64.so.2,0,0,1001,27528,27525,(none),176,exec,benign,
1778300648,50267,0.919536,attack_window,20260508_212407_dns_delete_9ci3sG,20260508_212404_scp_nginx_dns_delete_CMzhrV,vandalism/dns_delete,vandalism,scp_then_ssh,execve,yes,0,/usr/bin/date,date,date +%s,date +%s,/,/usr/bin/date,/usr/bin/date|/lib64/ld-linux-x86-64.so.2,0,0,1001,27530,27525,(none),176,exec,benign,
1778300648,50268,0.920536,attack_window,20260508_212407_dns_delete_9ci3sG,20260508_212404_scp_nginx_dns_delete_CMzhrV,vandalism/dns_delete,vandalism,scp_then_ssh,execve,yes,0,/usr/bin/cat,cat,cat /var/lib/update-notifier/fsck-at-reboot,cat /var/lib/update-notifier/fsck-at-reboot,/,/usr/bin/cat,/usr/bin/cat|/lib64/ld-linux-x86-64.so.2,0,0,1001,27531,27525,(none),176,exec,benign,
1778300648,50269,0.921535,attack_window,20260508_212407_dns_delete_9ci3sG,20260508_212404_scp_nginx_dns_delete_CMzhrV,vandalism/dns_delete,vandalism,scp_then_ssh,execve,yes,0,/usr/bin/dash,98-reboot-requi,/bin/sh /etc/update-motd.d/98-reboot-required,/bin/sh /etc/update-motd.d/98-reboot-required,/,/etc/update-motd.d/98-reboot-required,/etc/update-motd.d/98-reboot-required|/bin/sh|/lib64/ld-linux-x86-64.so.2,0,0,1001,27532,27489,(none),176,exec,benign,
1778300648,50270,0.922536,attack_window,20260508_212407_dns_delete_9ci3sG,20260508_212404_scp_nginx_dns_delete_CMzhrV,vandalism/dns_delete,vandalism,scp_then_ssh,execve,yes,0,/usr/bin/dash,update-motd-reb,/bin/sh -e /usr/lib/update-notifier/update-motd-reboot-required,/bin/sh /etc/update-motd.d/98-reboot-required,/,/usr/lib/update-notifier/update-motd-reboot-required,/usr/lib/update-notifier/update-motd-reboot-required|/bin/sh|/lib64/ld-linux-x86-64.so.2,0,0,1001,27532,27489,(none),176,exec,benign,
1778300648,50271,0.924536,attack_window,20260508_212407_dns_delete_9ci3sG,20260508_212404_scp_nginx_dns_delete_CMzhrV,vandalism/dns_delete,vandalism,scp_then_ssh,rename,yes,0,/usr/sbin/sshd,sshd,,/usr/sbin/sshd -D -R,/,/run/,/run/|/run/motd.dynamic.new|/run/motd.dynamic,0,0,1001,27479,21008,(none),176,file_destroy,benign,
1778300648,50272,0.924536,attack_window,20260508_212407_dns_delete_9ci3sG,20260508_212404_scp_nginx_dns_delete_CMzhrV,vandalism/dns_delete,vandalism,scp_then_ssh,connect,yes,0,/usr/sbin/sshd,sshd,,/usr/sbin/sshd -D -R,/,/run/systemd/userdb/io.systemd.DynamicUser,/run/systemd/userdb/io.systemd.DynamicUser,0,0,1001,27479,21008,(none),176,network_connect,benign,
1778300648,50273,0.925536,attack_window,20260508_212407_dns_delete_9ci3sG,20260508_212404_scp_nginx_dns_delete_CMzhrV,vandalism/dns_delete,vandalism,scp_then_ssh,connect,yes,0,/usr/sbin/sshd,sshd,,/usr/sbin/sshd -D -R,/,/run/systemd/userdb/io.systemd.DynamicUser,/run/systemd/userdb/io.systemd.DynamicUser,0,0,1001,27479,21008,(none),176,network_connect,benign,
1778300648,50274,0.925536,attack_window,20260508_212407_dns_delete_9ci3sG,20260508_212404_scp_nginx_dns_delete_CMzhrV,vandalism/dns_delete,vandalism,scp_then_ssh,connect,yes,0,/usr/sbin/sshd,sshd,,/usr/sbin/sshd -D -R,/,/run/systemd/userdb/io.systemd.DynamicUser,/run/systemd/userdb/io.systemd.DynamicUser,0,0,1001,27479,21008,(none),176,network_connect,benign,
1778300648,50275,0.925536,attack_window,20260508_212407_dns_delete_9ci3sG,20260508_212404_scp_nginx_dns_delete_CMzhrV,vandalism/dns_delete,vandalism,scp_then_ssh,connect,yes,0,/usr/sbin/sshd,sshd,,/usr/sbin/sshd -D -R,/,/run/systemd/userdb/io.systemd.DynamicUser,/run/systemd/userdb/io.systemd.DynamicUser,0,0,1001,27479,21008,(none),176,network_connect,benign,
1778300648,50276,0.925536,attack_window,20260508_212407_dns_delete_9ci3sG,20260508_212404_scp_nginx_dns_delete_CMzhrV,vandalism/dns_delete,vandalism,scp_then_ssh,connect,yes,0,/usr/sbin/sshd,sshd,,/usr/sbin/sshd -D -R,/,/run/systemd/userdb/io.systemd.DynamicUser,/run/systemd/userdb/io.systemd.DynamicUser,0,0,1001,27479,21008,(none),176,network_connect,benign,
1778300648,50277,0.925536,attack_window,20260508_212407_dns_delete_9ci3sG,20260508_212404_scp_nginx_dns_delete_CMzhrV,vandalism/dns_delete,vandalism,scp_then_ssh,,,,,,,,,,,,,,,,,,,ambiguous,
1778300648,50278,0.926536,attack_window,20260508_212407_dns_delete_9ci3sG,20260508_212404_scp_nginx_dns_delete_CMzhrV,vandalism/dns_delete,vandalism,scp_then_ssh,setgid,yes,0,/usr/sbin/sshd,sshd,,sshd: deploy-rkejw [priv],,,,0,0,1001,27533,27479,(none),176,privilege_transition,benign,
1778300648,50279,0.926536,attack_window,20260508_212407_dns_delete_9ci3sG,20260508_212404_scp_nginx_dns_delete_CMzhrV,vandalism/dns_delete,vandalism,scp_then_ssh,connect,yes,0,/usr/sbin/sshd,sshd,,sshd: deploy-rkejw [priv],/,/run/systemd/userdb/io.systemd.DynamicUser,/run/systemd/userdb/io.systemd.DynamicUser,0,0,1001,27533,27479,(none),176,network_connect,benign,
1778300648,50280,0.926536,attack_window,20260508_212407_dns_delete_9ci3sG,20260508_212404_scp_nginx_dns_delete_CMzhrV,vandalism/dns_delete,vandalism,scp_then_ssh,connect,yes,0,/usr/sbin/sshd,sshd,,sshd: deploy-rkejw [priv],/,/run/systemd/userdb/io.systemd.DynamicUser,/run/systemd/userdb/io.systemd.DynamicUser,0,0,1001,27533,27479,(none),176,network_connect,benign,
1778300648,50281,0.926536,attack_window,20260508_212407_dns_delete_9ci3sG,20260508_212404_scp_nginx_dns_delete_CMzhrV,vandalism/dns_delete,vandalism,scp_then_ssh,126,yes,0,/usr/sbin/sshd,sshd,,sshd: deploy-rkejw [priv],,,,0,0,1001,27533,27479,(none),176,privilege_transition,benign,
1778300648,50282,0.926536,attack_window,20260508_212407_dns_delete_9ci3sG,20260508_212404_scp_nginx_dns_delete_CMzhrV,vandalism/dns_delete,vandalism,scp_then_ssh,,,,,,,,,,,,,,,,,,,ambiguous,
1778300648,50283,0.926536,attack_window,20260508_212407_dns_delete_9ci3sG,20260508_212404_scp_nginx_dns_delete_CMzhrV,vandalism/dns_delete,vandalism,scp_then_ssh,setresgid,yes,0,/usr/sbin/sshd,sshd,,sshd: deploy-rkejw [priv],,,,0,0,1001,27533,27479,(none),176,privilege_transition,benign,
1778300648,50284,0.926536,attack_window,20260508_212407_dns_delete_9ci3sG,20260508_212404_scp_nginx_dns_delete_CMzhrV,vandalism/dns_delete,vandalism,scp_then_ssh,setresuid,yes,0,/usr/sbin/sshd,sshd,,sshd: deploy-rkejw [priv],,,,1001,1001,1001,27533,27479,(none),176,privilege_transition,benign,
1778300648,50285,0.926536,attack_window,20260508_212407_dns_delete_9ci3sG,20260508_212404_scp_nginx_dns_delete_CMzhrV,vandalism/dns_delete,vandalism,scp_then_ssh,setuid,no,-1,/usr/sbin/sshd,sshd,,sshd: deploy-rkejw [priv],,,,1001,1001,1001,27533,27479,(none),176,privilege_transition,benign,
1778300648,50286,0.926536,attack_window,20260508_212407_dns_delete_9ci3sG,20260508_212404_scp_nginx_dns_delete_CMzhrV,vandalism/dns_delete,vandalism,scp_then_ssh,setresuid,no,-1,/usr/sbin/sshd,sshd,,sshd: deploy-rkejw [priv],,,,1001,1001,1001,27533,27479,(none),176,privilege_transition,benign,
1778300648,50287,0.983536,attack_window,20260508_212407_dns_delete_9ci3sG,20260508_212404_scp_nginx_dns_delete_CMzhrV,vandalism/dns_delete,vandalism,scp_then_ssh,execve,yes,0,/usr/bin/bash,bash,bash -c chmod +x /tmp/.cache/aegis_20260508_212407_dns_delete_9ci3sG/runtime.sh bash /tmp/.cache/aegis_20260508_212407_dns_delete_9ci3sG/runtime.sh,bash -c chmod +x /tmp/.cache/aegis_20260508_212407_dns_delete_9ci3sG/runtime.sh bash /tmp/.cache/aegis_20260508,/home/deploy-rkejw,/bin/bash,/bin/bash|/lib64/ld-linux-x86-64.so.2,1001,1001,1001,27534,27533,(none),176,shell_exec,malicious,
1778300648,50288,0.985536,attack_window,20260508_212407_dns_delete_9ci3sG,20260508_212404_scp_nginx_dns_delete_CMzhrV,vandalism/dns_delete,vandalism,scp_then_ssh,execve,yes,0,/usr/bin/chmod,chmod,chmod +x /tmp/.cache/aegis_20260508_212407_dns_delete_9ci3sG/runtime.sh,chmod +x /tmp/.cache/aegis_20260508_212407_dns_delete_9ci3sG/runtime.sh,/home/deploy-rkejw,/usr/bin/chmod,/usr/bin/chmod|/lib64/ld-linux-x86-64.so.2,1001,1001,1001,27535,27534,(none),176,exec,malicious,
1778300648,50289,0.986536,attack_window,20260508_212407_dns_delete_9ci3sG,20260508_212404_scp_nginx_dns_delete_CMzhrV,vandalism/dns_delete,vandalism,scp_then_ssh,fchmodat,yes,0,/usr/bin/chmod,chmod,,chmod +x /tmp/.cache/aegis_20260508_212407_dns_delete_9ci3sG/runtime.sh,/home/deploy-rkejw,/tmp/.cache/aegis_20260508_212407_dns_delete_9ci3sG/runtime.sh,/tmp/.cache/aegis_20260508_212407_dns_delete_9ci3sG/runtime.sh,1001,1001,1001,27535,27534,(none),176,tmp_activity,malicious,
1778300648,50290,0.988536,attack_window,20260508_212407_dns_delete_9ci3sG,20260508_212404_scp_nginx_dns_delete_CMzhrV,vandalism/dns_delete,vandalism,scp_then_ssh,execve,yes,0,/usr/bin/bash,bash,bash /tmp/.cache/aegis_20260508_212407_dns_delete_9ci3sG/runtime.sh,bash /tmp/.cache/aegis_20260508_212407_dns_delete_9ci3sG/runtime.sh,/home/deploy-rkejw,/usr/bin/bash,/usr/bin/bash|/lib64/ld-linux-x86-64.so.2,1001,1001,1001,27536,27534,(none),176,shell_exec,malicious,
1778300648,50291,0.990535,attack_window,20260508_212407_dns_delete_9ci3sG,20260508_212404_scp_nginx_dns_delete_CMzhrV,vandalism/dns_delete,vandalism,scp_then_ssh,execve,yes,0,/usr/bin/cat,cat,cat,cat,/home/deploy-rkejw,/usr/bin/cat,/usr/bin/cat|/lib64/ld-linux-x86-64.so.2,1001,1001,1001,27538,27537,(none),176,exec,benign,
1778300648,50292,0.991536,attack_window,20260508_212407_dns_delete_9ci3sG,20260508_212404_scp_nginx_dns_delete_CMzhrV,vandalism/dns_delete,vandalism,scp_then_ssh,execve,yes,0,/usr/bin/cat,cat,cat,cat,/home/deploy-rkejw,/usr/bin/cat,/usr/bin/cat|/lib64/ld-linux-x86-64.so.2,1001,1001,1001,27540,27539,(none),176,exec,benign,
1778300648,50293,0.992536,attack_window,20260508_212407_dns_delete_9ci3sG,20260508_212404_scp_nginx_dns_delete_CMzhrV,vandalism/dns_delete,vandalism,scp_then_ssh,execve,yes,0,/usr/bin/cat,cat,cat,cat,/home/deploy-rkejw,/usr/bin/cat,/usr/bin/cat|/lib64/ld-linux-x86-64.so.2,1001,1001,1001,27542,27541,(none),176,exec,benign,
1778300648,50294,0.993536,attack_window,20260508_212407_dns_delete_9ci3sG,20260508_212404_scp_nginx_dns_delete_CMzhrV,vandalism/dns_delete,vandalism,scp_then_ssh,execve,yes,0,/usr/bin/cat,cat,cat,cat,/home/deploy-rkejw,/usr/bin/cat,/usr/bin/cat|/lib64/ld-linux-x86-64.so.2,1001,1001,1001,27544,27543,(none),176,exec,benign,
1778300648,50295,0.994536,attack_window,20260508_212407_dns_delete_9ci3sG,20260508_212404_scp_nginx_dns_delete_CMzhrV,vandalism/dns_delete,vandalism,scp_then_ssh,execve,yes,0,/usr/bin/cat,cat,cat,cat,/home/deploy-rkejw,/usr/bin/cat,/usr/bin/cat|/lib64/ld-linux-x86-64.so.2,1001,1001,1001,27546,27545,(none),176,exec,benign,
1778300648,50296,0.996536,attack_window,20260508_212407_dns_delete_9ci3sG,20260508_212404_scp_nginx_dns_delete_CMzhrV,vandalism/dns_delete,vandalism,scp_then_ssh,execve,yes,0,/usr/bin/cat,cat,cat,cat,/home/deploy-rkejw,/usr/bin/cat,/usr/bin/cat|/lib64/ld-linux-x86-64.so.2,1001,1001,1001,27548,27547,(none),176,exec,benign,
1778300648,50297,0.998536,attack_window,20260508_212407_dns_delete_9ci3sG,20260508_212404_scp_nginx_dns_delete_CMzhrV,vandalism/dns_delete,vandalism,scp_then_ssh,execve,yes,0,/usr/bin/dirname,dirname,dirname /tmp/.cache/aegis_20260508_212407_dns_delete_9ci3sG/metadata.txt,dirname /tmp/.cache/aegis_20260508_212407_dns_delete_9ci3sG/metadata.txt,/home/deploy-rkejw,/usr/bin/dirname,/usr/bin/dirname|/lib64/ld-linux-x86-64.so.2,1001,1001,1001,27549,27536,(none),176,exec,benign,
1778300648,50298,0.999536,attack_window,20260508_212407_dns_delete_9ci3sG,20260508_212404_scp_nginx_dns_delete_CMzhrV,vandalism/dns_delete,vandalism,scp_then_ssh,execve,yes,0,/usr/bin/mkdir,mkdir,mkdir -p /tmp/.cache/aegis_20260508_212407_dns_delete_9ci3sG,mkdir -p /tmp/.cache/aegis_20260508_212407_dns_delete_9ci3sG,/home/deploy-rkejw,/usr/bin/mkdir,/usr/bin/mkdir|/lib64/ld-linux-x86-64.so.2,1001,1001,1001,27550,27536,(none),176,exec,benign,
1778300648,50299,1.000535,attack_window,20260508_212407_dns_delete_9ci3sG,20260508_212404_scp_nginx_dns_delete_CMzhrV,vandalism/dns_delete,vandalism,scp_then_ssh,mkdir,no,-17,/usr/bin/mkdir,mkdir,,mkdir -p /tmp/.cache/aegis_20260508_212407_dns_delete_9ci3sG,/tmp,/tmp,/tmp,1001,1001,1001,27550,27536,(none),176,tmp_activity,benign,
1778300648,50300,1.000535,attack_window,20260508_212407_dns_delete_9ci3sG,20260508_212404_scp_nginx_dns_delete_CMzhrV,vandalism/dns_delete,vandalism,scp_then_ssh,mkdir,no,-17,/usr/bin/mkdir,mkdir,,mkdir -p /tmp/.cache/aegis_20260508_212407_dns_delete_9ci3sG,/tmp/.cache,/tmp/.cache,/tmp/.cache,1001,1001,1001,27550,27536,(none),176,tmp_activity,benign,
1778300648,50301,1.001536,attack_window,20260508_212407_dns_delete_9ci3sG,20260508_212404_scp_nginx_dns_delete_CMzhrV,vandalism/dns_delete,vandalism,scp_then_ssh,execve,yes,0,/usr/bin/dirname,dirname,dirname /tmp/.cache/aegis_20260508_212407_dns_delete_9ci3sG/metadata.json,dirname /tmp/.cache/aegis_20260508_212407_dns_delete_9ci3sG/metadata.json,/home/deploy-rkejw,/usr/bin/dirname,/usr/bin/dirname|/lib64/ld-linux-x86-64.so.2,1001,1001,1001,27551,27536,(none),176,exec,benign,
1778300648,50302,1.002536,attack_window,20260508_212407_dns_delete_9ci3sG,20260508_212404_scp_nginx_dns_delete_CMzhrV,vandalism/dns_delete,vandalism,scp_then_ssh,execve,yes,0,/usr/bin/mkdir,mkdir,mkdir -p /tmp/.cache/aegis_20260508_212407_dns_delete_9ci3sG,mkdir -p /tmp/.cache/aegis_20260508_212407_dns_delete_9ci3sG,/home/deploy-rkejw,/usr/bin/mkdir,/usr/bin/mkdir|/lib64/ld-linux-x86-64.so.2,1001,1001,1001,27552,27536,(none),176,exec,benign,
1778300648,50303,1.003536,attack_window,20260508_212407_dns_delete_9ci3sG,20260508_212404_scp_nginx_dns_delete_CMzhrV,vandalism/dns_delete,vandalism,scp_then_ssh,mkdir,no,-17,/usr/bin/mkdir,mkdir,,mkdir -p /tmp/.cache/aegis_20260508_212407_dns_delete_9ci3sG,/tmp,/tmp,/tmp,1001,1001,1001,27552,27536,(none),176,tmp_activity,benign,
1778300648,50304,1.003536,attack_window,20260508_212407_dns_delete_9ci3sG,20260508_212404_scp_nginx_dns_delete_CMzhrV,vandalism/dns_delete,vandalism,scp_then_ssh,mkdir,no,-17,/usr/bin/mkdir,mkdir,,mkdir -p /tmp/.cache/aegis_20260508_212407_dns_delete_9ci3sG,/tmp/.cache,/tmp/.cache,/tmp/.cache,1001,1001,1001,27552,27536,(none),176,tmp_activity,benign,
1778300648,50305,1.003536,attack_window,20260508_212407_dns_delete_9ci3sG,20260508_212404_scp_nginx_dns_delete_CMzhrV,vandalism/dns_delete,vandalism,scp_then_ssh,openat,yes,3,/usr/bin/bash,bash,,bash /tmp/.cache/aegis_20260508_212407_dns_delete_9ci3sG/runtime.sh,/home/deploy-rkejw,/tmp/.cache/aegis_20260508_212407_dns_delete_9ci3sG/,/tmp/.cache/aegis_20260508_212407_dns_delete_9ci3sG/|/tmp/.cache/aegis_20260508_212407_dns_delete_9ci3sG/metadata.txt,1001,1001,1001,27536,27534,(none),176,tmp_activity,benign,
1778300648,50306,1.003536,attack_window,20260508_212407_dns_delete_9ci3sG,20260508_212404_scp_nginx_dns_delete_CMzhrV,vandalism/dns_delete,vandalism,scp_then_ssh,openat,yes,3,/usr/bin/bash,bash,,bash /tmp/.cache/aegis_20260508_212407_dns_delete_9ci3sG/runtime.sh,/home/deploy-rkejw,/tmp/.cache/aegis_20260508_212407_dns_delete_9ci3sG/,/tmp/.cache/aegis_20260508_212407_dns_delete_9ci3sG/|/tmp/.cache/aegis_20260508_212407_dns_delete_9ci3sG/metadata.json,1001,1001,1001,27536,27534,(none),176,tmp_activity,benign,
1778300648,50307,1.003536,attack_window,20260508_212407_dns_delete_9ci3sG,20260508_212404_scp_nginx_dns_delete_CMzhrV,vandalism/dns_delete,vandalism,scp_then_ssh,openat,yes,3,/usr/bin/bash,bash,,bash /tmp/.cache/aegis_20260508_212407_dns_delete_9ci3sG/runtime.sh,/home/deploy-rkejw,/tmp/.cache/aegis_20260508_212407_dns_delete_9ci3sG/,/tmp/.cache/aegis_20260508_212407_dns_delete_9ci3sG/|/tmp/.cache/aegis_20260508_212407_dns_delete_9ci3sG/metadata.json,1001,1001,1001,27536,27534,(none),176,tmp_activity,benign,
1778300648,50308,1.005536,attack_window,20260508_212407_dns_delete_9ci3sG,20260508_212404_scp_nginx_dns_delete_CMzhrV,vandalism/dns_delete,vandalism,scp_then_ssh,execve,yes,0,/usr/bin/id,id,id -u,id -u,/home/deploy-rkejw,/usr/bin/id,/usr/bin/id|/lib64/ld-linux-x86-64.so.2,1001,1001,1001,27553,27536,(none),176,exec,benign,
1778300648,50309,1.006536,attack_window,20260508_212407_dns_delete_9ci3sG,20260508_212404_scp_nginx_dns_delete_CMzhrV,vandalism/dns_delete,vandalism,scp_then_ssh,execve,yes,0,/usr/bin/sudo,sudo,sudo -n -- true,sudo -n -- true,/home/deploy-rkejw,/usr/bin/sudo,/usr/bin/sudo|/lib64/ld-linux-x86-64.so.2,1001,0,1001,27554,27536,(none),176,exec,benign,
1778300648,50310,1.007535,attack_window,20260508_212407_dns_delete_9ci3sG,20260508_212404_scp_nginx_dns_delete_CMzhrV,vandalism/dns_delete,vandalism,scp_then_ssh,connect,no,-2,/usr/bin/sudo,sudo,,sudo -n -- true,/home/deploy-rkejw,/var/run/nscd/socket,/var/run/nscd/socket,1001,0,1001,27554,27536,(none),176,network_connect,benign,
1778300648,50311,1.007535,attack_window,20260508_212407_dns_delete_9ci3sG,20260508_212404_scp_nginx_dns_delete_CMzhrV,vandalism/dns_delete,vandalism,scp_then_ssh,connect,no,-2,/usr/bin/sudo,sudo,,sudo -n -- true,/home/deploy-rkejw,/var/run/nscd/socket,/var/run/nscd/socket,1001,0,1001,27554,27536,(none),176,network_connect,benign,
1778300648,50312,1.008536,attack_window,20260508_212407_dns_delete_9ci3sG,20260508_212404_scp_nginx_dns_delete_CMzhrV,vandalism/dns_delete,vandalism,scp_then_ssh,setresuid,yes,0,/usr/bin/sudo,sudo,,sudo -n -- true,,,,0,0,1001,27554,27536,(none),176,privilege_transition,benign,
1778300648,50313,1.008536,attack_window,20260508_212407_dns_delete_9ci3sG,20260508_212404_scp_nginx_dns_delete_CMzhrV,vandalism/dns_delete,vandalism,scp_then_ssh,setresgid,yes,0,/usr/bin/sudo,sudo,,sudo -n -- true,,,,0,0,1001,27554,27536,(none),176,privilege_transition,benign,
1778300648,50314,1.008536,attack_window,20260508_212407_dns_delete_9ci3sG,20260508_212404_scp_nginx_dns_delete_CMzhrV,vandalism/dns_delete,vandalism,scp_then_ssh,setresuid,yes,0,/usr/bin/sudo,sudo,,sudo -n -- true,,,,0,1,1001,27554,27536,(none),176,privilege_transition,benign,
1778300648,50315,1.008536,attack_window,20260508_212407_dns_delete_9ci3sG,20260508_212404_scp_nginx_dns_delete_CMzhrV,vandalism/dns_delete,vandalism,scp_then_ssh,setresuid,yes,0,/usr/bin/sudo,sudo,,sudo -n -- true,,,,0,0,1001,27554,27536,(none),176,privilege_transition,benign,
1778300648,50316,1.008536,attack_window,20260508_212407_dns_delete_9ci3sG,20260508_212404_scp_nginx_dns_delete_CMzhrV,vandalism/dns_delete,vandalism,scp_then_ssh,setresgid,yes,0,/usr/bin/sudo,sudo,,sudo -n -- true,,,,0,0,1001,27554,27536,(none),176,privilege_transition,benign,
1778300648,50317,1.008536,attack_window,20260508_212407_dns_delete_9ci3sG,20260508_212404_scp_nginx_dns_delete_CMzhrV,vandalism/dns_delete,vandalism,scp_then_ssh,setresuid,yes,0,/usr/bin/sudo,sudo,,sudo -n -- true,,,,0,0,1001,27554,27536,(none),176,privilege_transition,benign,
1778300648,50318,1.008536,attack_window,20260508_212407_dns_delete_9ci3sG,20260508_212404_scp_nginx_dns_delete_CMzhrV,vandalism/dns_delete,vandalism,scp_then_ssh,setresuid,yes,0,/usr/bin/sudo,sudo,,sudo -n -- true,,,,0,1,1001,27554,27536,(none),176,privilege_transition,benign,
1778300648,50319,1.008536,attack_window,20260508_212407_dns_delete_9ci3sG,20260508_212404_scp_nginx_dns_delete_CMzhrV,vandalism/dns_delete,vandalism,scp_then_ssh,setresuid,yes,0,/usr/bin/sudo,sudo,,sudo -n -- true,,,,0,0,1001,27554,27536,(none),176,privilege_transition,benign,
1778300648,50320,1.008536,attack_window,20260508_212407_dns_delete_9ci3sG,20260508_212404_scp_nginx_dns_delete_CMzhrV,vandalism/dns_delete,vandalism,scp_then_ssh,setresgid,yes,0,/usr/bin/sudo,sudo,,sudo -n -- true,,,,0,0,1001,27554,27536,(none),176,privilege_transition,benign,
1778300648,50321,1.008536,attack_window,20260508_212407_dns_delete_9ci3sG,20260508_212404_scp_nginx_dns_delete_CMzhrV,vandalism/dns_delete,vandalism,scp_then_ssh,setresuid,yes,0,/usr/bin/sudo,sudo,,sudo -n -- true,,,,0,0,1001,27554,27536,(none),176,privilege_transition,benign,
1778300648,50322,1.008536,attack_window,20260508_212407_dns_delete_9ci3sG,20260508_212404_scp_nginx_dns_delete_CMzhrV,vandalism/dns_delete,vandalism,scp_then_ssh,setresuid,yes,0,/usr/bin/sudo,sudo,,sudo -n -- true,,,,0,1,1001,27554,27536,(none),176,privilege_transition,benign,
1778300648,50323,1.008536,attack_window,20260508_212407_dns_delete_9ci3sG,20260508_212404_scp_nginx_dns_delete_CMzhrV,vandalism/dns_delete,vandalism,scp_then_ssh,setresuid,yes,0,/usr/bin/sudo,sudo,,sudo -n -- true,,,,0,0,1001,27554,27536,(none),176,privilege_transition,benign,
1778300648,50324,1.008536,attack_window,20260508_212407_dns_delete_9ci3sG,20260508_212404_scp_nginx_dns_delete_CMzhrV,vandalism/dns_delete,vandalism,scp_then_ssh,setresgid,yes,0,/usr/bin/sudo,sudo,,sudo -n -- true,,,,0,0,1001,27554,27536,(none),176,privilege_transition,benign,
1778300648,50325,1.008536,attack_window,20260508_212407_dns_delete_9ci3sG,20260508_212404_scp_nginx_dns_delete_CMzhrV,vandalism/dns_delete,vandalism,scp_then_ssh,setresuid,yes,0,/usr/bin/sudo,sudo,,sudo -n -- true,,,,0,0,1001,27554,27536,(none),176,privilege_transition,benign,
1778300648,50326,1.008536,attack_window,20260508_212407_dns_delete_9ci3sG,20260508_212404_scp_nginx_dns_delete_CMzhrV,vandalism/dns_delete,vandalism,scp_then_ssh,setresuid,yes,0,/usr/bin/sudo,sudo,,sudo -n -- true,,,,0,1,1001,27554,27536,(none),176,privilege_transition,benign,
1778300648,50327,1.009536,attack_window,20260508_212407_dns_delete_9ci3sG,20260508_212404_scp_nginx_dns_delete_CMzhrV,vandalism/dns_delete,vandalism,scp_then_ssh,setresuid,yes,0,/usr/bin/sudo,sudo,,sudo -n -- true,,,,0,0,1001,27554,27536,(none),176,privilege_transition,benign,
1778300648,50328,1.009536,attack_window,20260508_212407_dns_delete_9ci3sG,20260508_212404_scp_nginx_dns_delete_CMzhrV,vandalism/dns_delete,vandalism,scp_then_ssh,setresgid,yes,0,/usr/bin/sudo,sudo,,sudo -n -- true,,,,0,0,1001,27554,27536,(none),176,privilege_transition,benign,
1778300648,50329,1.009536,attack_window,20260508_212407_dns_delete_9ci3sG,20260508_212404_scp_nginx_dns_delete_CMzhrV,vandalism/dns_delete,vandalism,scp_then_ssh,setresuid,yes,0,/usr/bin/sudo,sudo,,sudo -n -- true,,,,0,0,1001,27554,27536,(none),176,privilege_transition,benign,
1778300648,50330,1.009536,attack_window,20260508_212407_dns_delete_9ci3sG,20260508_212404_scp_nginx_dns_delete_CMzhrV,vandalism/dns_delete,vandalism,scp_then_ssh,connect,no,-2,/usr/bin/sudo,sudo,,sudo -n -- true,/home/deploy-rkejw,/var/run/nscd/socket,/var/run/nscd/socket,0,0,1001,27554,27536,(none),176,network_connect,benign,
1778300648,50331,1.009536,attack_window,20260508_212407_dns_delete_9ci3sG,20260508_212404_scp_nginx_dns_delete_CMzhrV,vandalism/dns_delete,vandalism,scp_then_ssh,connect,no,-2,/usr/bin/sudo,sudo,,sudo -n -- true,/home/deploy-rkejw,/var/run/nscd/socket,/var/run/nscd/socket,0,0,1001,27554,27536,(none),176,network_connect,benign,
1778300648,50332,1.009536,attack_window,20260508_212407_dns_delete_9ci3sG,20260508_212404_scp_nginx_dns_delete_CMzhrV,vandalism/dns_delete,vandalism,scp_then_ssh,connect,yes,0,/usr/bin/sudo,sudo,,sudo -n -- true,,,,0,0,1001,27554,27536,(none),176,network_connect,benign,
1778300648,50333,1.009536,attack_window,20260508_212407_dns_delete_9ci3sG,20260508_212404_scp_nginx_dns_delete_CMzhrV,vandalism/dns_delete,vandalism,scp_then_ssh,connect,yes,0,/usr/bin/sudo,sudo,,sudo -n -- true,,,,0,0,1001,27554,27536,(none),176,network_connect,benign,
1778300648,50334,1.009536,attack_window,20260508_212407_dns_delete_9ci3sG,20260508_212404_scp_nginx_dns_delete_CMzhrV,vandalism/dns_delete,vandalism,scp_then_ssh,connect,yes,0,/usr/bin/sudo,sudo,,sudo -n -- true,,,,0,0,1001,27554,27536,(none),176,network_connect,benign,
1778300648,50335,1.010535,attack_window,20260508_212407_dns_delete_9ci3sG,20260508_212404_scp_nginx_dns_delete_CMzhrV,vandalism/dns_delete,vandalism,scp_then_ssh,connect,yes,0,/usr/bin/sudo,sudo,,sudo -n -- true,,,,0,0,1001,27554,27536,(none),176,network_connect,benign,
1778300648,50336,1.010535,attack_window,20260508_212407_dns_delete_9ci3sG,20260508_212404_scp_nginx_dns_delete_CMzhrV,vandalism/dns_delete,vandalism,scp_then_ssh,connect,no,-2,/usr/bin/sudo,sudo,,sudo -n -- true,/home/deploy-rkejw,/var/run/nscd/socket,/var/run/nscd/socket,0,0,1001,27554,27536,(none),176,network_connect,benign,
1778300648,50337,1.010535,attack_window,20260508_212407_dns_delete_9ci3sG,20260508_212404_scp_nginx_dns_delete_CMzhrV,vandalism/dns_delete,vandalism,scp_then_ssh,connect,no,-2,/usr/bin/sudo,sudo,,sudo -n -- true,/home/deploy-rkejw,/var/run/nscd/socket,/var/run/nscd/socket,0,0,1001,27554,27536,(none),176,network_connect,benign,
1778300648,50338,1.010535,attack_window,20260508_212407_dns_delete_9ci3sG,20260508_212404_scp_nginx_dns_delete_CMzhrV,vandalism/dns_delete,vandalism,scp_then_ssh,connect,yes,0,/usr/bin/sudo,sudo,,sudo -n -- true,/home/deploy-rkejw,/dev/log,/dev/log,0,0,1001,27554,27536,(none),176,network_connect,benign,
1778300648,50339,1.011536,attack_window,20260508_212407_dns_delete_9ci3sG,20260508_212404_scp_nginx_dns_delete_CMzhrV,vandalism/dns_delete,vandalism,scp_then_ssh,setresgid,yes,0,/usr/bin/sudo,sudo,,sudo -n -- true,,,,0,0,1001,27554,27536,(none),176,privilege_transition,benign,
1778300648,50340,1.011536,attack_window,20260508_212407_dns_delete_9ci3sG,20260508_212404_scp_nginx_dns_delete_CMzhrV,vandalism/dns_delete,vandalism,scp_then_ssh,setresuid,yes,0,/usr/bin/sudo,sudo,,sudo -n -- true,,,,1001,0,1001,27554,27536,(none),176,privilege_transition,benign,
1778300648,50341,1.011536,attack_window,20260508_212407_dns_delete_9ci3sG,20260508_212404_scp_nginx_dns_delete_CMzhrV,vandalism/dns_delete,vandalism,scp_then_ssh,setresgid,yes,0,/usr/bin/sudo,sudo,,sudo -n -- true,,,,1001,0,1001,27554,27536,(none),176,privilege_transition,benign,
1778300648,50342,1.011536,attack_window,20260508_212407_dns_delete_9ci3sG,20260508_212404_scp_nginx_dns_delete_CMzhrV,vandalism/dns_delete,vandalism,scp_then_ssh,setresgid,yes,0,/usr/bin/sudo,sudo,,sudo -n -- true,,,,1001,0,1001,27554,27536,(none),176,privilege_transition,benign,
1778300648,50343,1.012536,attack_window,20260508_212407_dns_delete_9ci3sG,20260508_212404_scp_nginx_dns_delete_CMzhrV,vandalism/dns_delete,vandalism,scp_then_ssh,setresuid,yes,0,/usr/bin/sudo,sudo,,sudo -n -- true,,,,1001,0,1001,27554,27536,(none),176,privilege_transition,benign,
1778300648,50344,1.012536,attack_window,20260508_212407_dns_delete_9ci3sG,20260508_212404_scp_nginx_dns_delete_CMzhrV,vandalism/dns_delete,vandalism,scp_then_ssh,setresgid,yes,0,/usr/bin/sudo,sudo,,sudo -n -- true,,,,1001,0,1001,27554,27536,(none),176,privilege_transition,benign,
1778300648,50345,1.012536,attack_window,20260508_212407_dns_delete_9ci3sG,20260508_212404_scp_nginx_dns_delete_CMzhrV,vandalism/dns_delete,vandalism,scp_then_ssh,setresgid,yes,0,/usr/bin/sudo,sudo,,sudo -n -- true,,,,1001,0,1001,27554,27536,(none),176,privilege_transition,benign,
1778300648,50346,1.012536,attack_window,20260508_212407_dns_delete_9ci3sG,20260508_212404_scp_nginx_dns_delete_CMzhrV,vandalism/dns_delete,vandalism,scp_then_ssh,setresuid,yes,0,/usr/bin/sudo,sudo,,sudo -n -- true,,,,1001,0,1001,27554,27536,(none),176,privilege_transition,benign,
1778300648,50347,1.012536,attack_window,20260508_212407_dns_delete_9ci3sG,20260508_212404_scp_nginx_dns_delete_CMzhrV,vandalism/dns_delete,vandalism,scp_then_ssh,,,,,,,,,,,,,,,,,,,ambiguous,
1778300648,50348,1.013535,attack_window,20260508_212407_dns_delete_9ci3sG,20260508_212404_scp_nginx_dns_delete_CMzhrV,vandalism/dns_delete,vandalism,scp_then_ssh,,,,,,,,,,,,,,,,,,,ambiguous,
1778300648,50349,1.013535,attack_window,20260508_212407_dns_delete_9ci3sG,20260508_212404_scp_nginx_dns_delete_CMzhrV,vandalism/dns_delete,vandalism,scp_then_ssh,setgid,yes,0,/usr/bin/sudo,sudo,,sudo -n -- true,,,,1001,0,1001,27554,27536,(none),176,privilege_transition,benign,
1778300648,50350,1.013535,attack_window,20260508_212407_dns_delete_9ci3sG,20260508_212404_scp_nginx_dns_delete_CMzhrV,vandalism/dns_delete,vandalism,scp_then_ssh,126,yes,0,/usr/bin/sudo,sudo,,sudo -n -- true,,,,1001,0,1001,27554,27536,(none),176,privilege_transition,benign,
1778300648,50351,1.013535,attack_window,20260508_212407_dns_delete_9ci3sG,20260508_212404_scp_nginx_dns_delete_CMzhrV,vandalism/dns_delete,vandalism,scp_then_ssh,,,,,,,,,,,,,,,,,,,ambiguous,
1778300648,50352,1.014536,attack_window,20260508_212407_dns_delete_9ci3sG,20260508_212404_scp_nginx_dns_delete_CMzhrV,vandalism/dns_delete,vandalism,scp_then_ssh,,,,,,,,,,,,,,,,,,,ambiguous,
1778300648,50353,1.014536,attack_window,20260508_212407_dns_delete_9ci3sG,20260508_212404_scp_nginx_dns_delete_CMzhrV,vandalism/dns_delete,vandalism,scp_then_ssh,setresuid,yes,0,/usr/bin/sudo,sudo,,sudo -n -- true,,,,0,0,1001,27555,27554,(none),176,privilege_transition,benign,
1778300648,50354,1.014536,attack_window,20260508_212407_dns_delete_9ci3sG,20260508_212404_scp_nginx_dns_delete_CMzhrV,vandalism/dns_delete,vandalism,scp_then_ssh,execve,yes,0,/usr/bin/true,TRUE,TRUE,sudo -n -- true,/home/deploy-rkejw,/usr/bin/true,/usr/bin/true|/lib64/ld-linux-x86-64.so.2,0,0,1001,27555,27554,(none),176,exec,benign,
1778300648,50355,1.015536,attack_window,20260508_212407_dns_delete_9ci3sG,20260508_212404_scp_nginx_dns_delete_CMzhrV,vandalism/dns_delete,vandalism,scp_then_ssh,,,,,,,,,,,,,,,,,,,ambiguous,
1778300648,50356,1.015536,attack_window,20260508_212407_dns_delete_9ci3sG,20260508_212404_scp_nginx_dns_delete_CMzhrV,vandalism/dns_delete,vandalism,scp_then_ssh,,,,,,,,,,,,,,,,,,,ambiguous,
1778300648,50357,1.016536,attack_window,20260508_212407_dns_delete_9ci3sG,20260508_212404_scp_nginx_dns_delete_CMzhrV,vandalism/dns_delete,vandalism,scp_then_ssh,openat,yes,3,/usr/bin/bash,bash,,bash /tmp/.cache/aegis_20260508_212407_dns_delete_9ci3sG/runtime.sh,/home/deploy-rkejw,/tmp/.cache/aegis_20260508_212407_dns_delete_9ci3sG/,/tmp/.cache/aegis_20260508_212407_dns_delete_9ci3sG/|/tmp/.cache/aegis_20260508_212407_dns_delete_9ci3sG/metadata.txt,1001,1001,1001,27536,27534,(none),176,tmp_activity,malicious,
1778300648,50358,1.017535,attack_window,20260508_212407_dns_delete_9ci3sG,20260508_212404_scp_nginx_dns_delete_CMzhrV,vandalism/dns_delete,vandalism,scp_then_ssh,openat,yes,3,/usr/bin/bash,bash,,bash /tmp/.cache/aegis_20260508_212407_dns_delete_9ci3sG/runtime.sh,/home/deploy-rkejw,/tmp/.cache/aegis_20260508_212407_dns_delete_9ci3sG/,/tmp/.cache/aegis_20260508_212407_dns_delete_9ci3sG/|/tmp/.cache/aegis_20260508_212407_dns_delete_9ci3sG/metadata.json,1001,1001,1001,27536,27534,(none),176,tmp_activity,malicious,
1778300648,50359,1.017535,attack_window,20260508_212407_dns_delete_9ci3sG,20260508_212404_scp_nginx_dns_delete_CMzhrV,vandalism/dns_delete,vandalism,scp_then_ssh,openat,yes,3,/usr/bin/bash,bash,,bash /tmp/.cache/aegis_20260508_212407_dns_delete_9ci3sG/runtime.sh,/home/deploy-rkejw,/tmp/.cache/aegis_20260508_212407_dns_delete_9ci3sG/,/tmp/.cache/aegis_20260508_212407_dns_delete_9ci3sG/|/tmp/.cache/aegis_20260508_212407_dns_delete_9ci3sG/metadata.txt,1001,1001,1001,27536,27534,(none),176,tmp_activity,malicious,
1778300648,50360,1.018536,attack_window,20260508_212407_dns_delete_9ci3sG,20260508_212404_scp_nginx_dns_delete_CMzhrV,vandalism/dns_delete,vandalism,scp_then_ssh,openat,yes,3,/usr/bin/bash,bash,,bash /tmp/.cache/aegis_20260508_212407_dns_delete_9ci3sG/runtime.sh,/home/deploy-rkejw,/tmp/.cache/aegis_20260508_212407_dns_delete_9ci3sG/,/tmp/.cache/aegis_20260508_212407_dns_delete_9ci3sG/|/tmp/.cache/aegis_20260508_212407_dns_delete_9ci3sG/metadata.json,1001,1001,1001,27536,27534,(none),176,tmp_activity,malicious,
1778300648,50361,1.018536,attack_window,20260508_212407_dns_delete_9ci3sG,20260508_212404_scp_nginx_dns_delete_CMzhrV,vandalism/dns_delete,vandalism,scp_then_ssh,execve,yes,0,/usr/bin/id,id,id -u,id -u,/home/deploy-rkejw,/usr/bin/id,/usr/bin/id|/lib64/ld-linux-x86-64.so.2,1001,1001,1001,27560,27536,(none),176,exec,benign,
1778300648,50362,1.019536,attack_window,20260508_212407_dns_delete_9ci3sG,20260508_212404_scp_nginx_dns_delete_CMzhrV,vandalism/dns_delete,vandalism,scp_then_ssh,execve,yes,0,/usr/bin/sudo,sudo,sudo -n -- bash -lc test -e '/etc/resolv.conf',sudo -n -- bash -lc test -e '/etc/resolv.conf',/home/deploy-rkejw,/usr/bin/sudo,/usr/bin/sudo|/lib64/ld-linux-x86-64.so.2,1001,0,1001,27561,27536,(none),176,exec,malicious,
1778300648,50363,1.020535,attack_window,20260508_212407_dns_delete_9ci3sG,20260508_212404_scp_nginx_dns_delete_CMzhrV,vandalism/dns_delete,vandalism,scp_then_ssh,connect,no,-2,/usr/bin/sudo,sudo,,sudo -n -- bash -lc test -e '/etc/resolv.conf',/home/deploy-rkejw,/var/run/nscd/socket,/var/run/nscd/socket,1001,0,1001,27561,27536,(none),176,network_connect,malicious,
1778300648,50364,1.021536,attack_window,20260508_212407_dns_delete_9ci3sG,20260508_212404_scp_nginx_dns_delete_CMzhrV,vandalism/dns_delete,vandalism,scp_then_ssh,connect,no,-2,/usr/bin/sudo,sudo,,sudo -n -- bash -lc test -e '/etc/resolv.conf',/home/deploy-rkejw,/var/run/nscd/socket,/var/run/nscd/socket,1001,0,1001,27561,27536,(none),176,network_connect,malicious,
1778300648,50365,1.021536,attack_window,20260508_212407_dns_delete_9ci3sG,20260508_212404_scp_nginx_dns_delete_CMzhrV,vandalism/dns_delete,vandalism,scp_then_ssh,setresuid,yes,0,/usr/bin/sudo,sudo,,sudo -n -- bash -lc test -e '/etc/resolv.conf',,,,0,0,1001,27561,27536,(none),176,privilege_transition,malicious,
1778300648,50366,1.021536,attack_window,20260508_212407_dns_delete_9ci3sG,20260508_212404_scp_nginx_dns_delete_CMzhrV,vandalism/dns_delete,vandalism,scp_then_ssh,setresgid,yes,0,/usr/bin/sudo,sudo,,sudo -n -- bash -lc test -e '/etc/resolv.conf',,,,0,0,1001,27561,27536,(none),176,privilege_transition,malicious,
1778300648,50367,1.021536,attack_window,20260508_212407_dns_delete_9ci3sG,20260508_212404_scp_nginx_dns_delete_CMzhrV,vandalism/dns_delete,vandalism,scp_then_ssh,setresuid,yes,0,/usr/bin/sudo,sudo,,sudo -n -- bash -lc test -e '/etc/resolv.conf',,,,0,1,1001,27561,27536,(none),176,privilege_transition,malicious,
1778300648,50368,1.021536,attack_window,20260508_212407_dns_delete_9ci3sG,20260508_212404_scp_nginx_dns_delete_CMzhrV,vandalism/dns_delete,vandalism,scp_then_ssh,setresuid,yes,0,/usr/bin/sudo,sudo,,sudo -n -- bash -lc test -e '/etc/resolv.conf',,,,0,0,1001,27561,27536,(none),176,privilege_transition,malicious,
1778300648,50369,1.021536,attack_window,20260508_212407_dns_delete_9ci3sG,20260508_212404_scp_nginx_dns_delete_CMzhrV,vandalism/dns_delete,vandalism,scp_then_ssh,setresgid,yes,0,/usr/bin/sudo,sudo,,sudo -n -- bash -lc test -e '/etc/resolv.conf',,,,0,0,1001,27561,27536,(none),176,privilege_transition,malicious,
1778300648,50370,1.021536,attack_window,20260508_212407_dns_delete_9ci3sG,20260508_212404_scp_nginx_dns_delete_CMzhrV,vandalism/dns_delete,vandalism,scp_then_ssh,setresuid,yes,0,/usr/bin/sudo,sudo,,sudo -n -- bash -lc test -e '/etc/resolv.conf',,,,0,0,1001,27561,27536,(none),176,privilege_transition,malicious,
1778300648,50371,1.022536,attack_window,20260508_212407_dns_delete_9ci3sG,20260508_212404_scp_nginx_dns_delete_CMzhrV,vandalism/dns_delete,vandalism,scp_then_ssh,setresuid,yes,0,/usr/bin/sudo,sudo,,sudo -n -- bash -lc test -e '/etc/resolv.conf',,,,0,1,1001,27561,27536,(none),176,privilege_transition,malicious,
1778300648,50372,1.022536,attack_window,20260508_212407_dns_delete_9ci3sG,20260508_212404_scp_nginx_dns_delete_CMzhrV,vandalism/dns_delete,vandalism,scp_then_ssh,setresuid,yes,0,/usr/bin/sudo,sudo,,sudo -n -- bash -lc test -e '/etc/resolv.conf',,,,0,0,1001,27561,27536,(none),176,privilege_transition,malicious,
1778300648,50373,1.022536,attack_window,20260508_212407_dns_delete_9ci3sG,20260508_212404_scp_nginx_dns_delete_CMzhrV,vandalism/dns_delete,vandalism,scp_then_ssh,setresgid,yes,0,/usr/bin/sudo,sudo,,sudo -n -- bash -lc test -e '/etc/resolv.conf',,,,0,0,1001,27561,27536,(none),176,privilege_transition,malicious,
1778300648,50374,1.022536,attack_window,20260508_212407_dns_delete_9ci3sG,20260508_212404_scp_nginx_dns_delete_CMzhrV,vandalism/dns_delete,vandalism,scp_then_ssh,setresuid,yes,0,/usr/bin/sudo,sudo,,sudo -n -- bash -lc test -e '/etc/resolv.conf',,,,0,0,1001,27561,27536,(none),176,privilege_transition,malicious,
1778300648,50375,1.022536,attack_window,20260508_212407_dns_delete_9ci3sG,20260508_212404_scp_nginx_dns_delete_CMzhrV,vandalism/dns_delete,vandalism,scp_then_ssh,setresuid,yes,0,/usr/bin/sudo,sudo,,sudo -n -- bash -lc test -e '/etc/resolv.conf',,,,0,1,1001,27561,27536,(none),176,privilege_transition,malicious,
1778300648,50376,1.022536,attack_window,20260508_212407_dns_delete_9ci3sG,20260508_212404_scp_nginx_dns_delete_CMzhrV,vandalism/dns_delete,vandalism,scp_then_ssh,setresuid,yes,0,/usr/bin/sudo,sudo,,sudo -n -- bash -lc test -e '/etc/resolv.conf',,,,0,0,1001,27561,27536,(none),176,privilege_transition,malicious,
1778300648,50377,1.022536,attack_window,20260508_212407_dns_delete_9ci3sG,20260508_212404_scp_nginx_dns_delete_CMzhrV,vandalism/dns_delete,vandalism,scp_then_ssh,setresgid,yes,0,/usr/bin/sudo,sudo,,sudo -n -- bash -lc test -e '/etc/resolv.conf',,,,0,0,1001,27561,27536,(none),176,privilege_transition,malicious,
1778300648,50378,1.022536,attack_window,20260508_212407_dns_delete_9ci3sG,20260508_212404_scp_nginx_dns_delete_CMzhrV,vandalism/dns_delete,vandalism,scp_then_ssh,setresuid,yes,0,/usr/bin/sudo,sudo,,sudo -n -- bash -lc test -e '/etc/resolv.conf',,,,0,0,1001,27561,27536,(none),176,privilege_transition,malicious,
1778300648,50379,1.022536,attack_window,20260508_212407_dns_delete_9ci3sG,20260508_212404_scp_nginx_dns_delete_CMzhrV,vandalism/dns_delete,vandalism,scp_then_ssh,setresuid,yes,0,/usr/bin/sudo,sudo,,sudo -n -- bash -lc test -e '/etc/resolv.conf',,,,0,1,1001,27561,27536,(none),176,privilege_transition,malicious,
1778300648,50380,1.022536,attack_window,20260508_212407_dns_delete_9ci3sG,20260508_212404_scp_nginx_dns_delete_CMzhrV,vandalism/dns_delete,vandalism,scp_then_ssh,setresuid,yes,0,/usr/bin/sudo,sudo,,sudo -n -- bash -lc test -e '/etc/resolv.conf',,,,0,0,1001,27561,27536,(none),176,privilege_transition,malicious,
1778300648,50381,1.022536,attack_window,20260508_212407_dns_delete_9ci3sG,20260508_212404_scp_nginx_dns_delete_CMzhrV,vandalism/dns_delete,vandalism,scp_then_ssh,setresgid,yes,0,/usr/bin/sudo,sudo,,sudo -n -- bash -lc test -e '/etc/resolv.conf',,,,0,0,1001,27561,27536,(none),176,privilege_transition,malicious,
1778300648,50382,1.022536,attack_window,20260508_212407_dns_delete_9ci3sG,20260508_212404_scp_nginx_dns_delete_CMzhrV,vandalism/dns_delete,vandalism,scp_then_ssh,setresuid,yes,0,/usr/bin/sudo,sudo,,sudo -n -- bash -lc test -e '/etc/resolv.conf',,,,0,0,1001,27561,27536,(none),176,privilege_transition,malicious,
1778300648,50383,1.022536,attack_window,20260508_212407_dns_delete_9ci3sG,20260508_212404_scp_nginx_dns_delete_CMzhrV,vandalism/dns_delete,vandalism,scp_then_ssh,connect,no,-2,/usr/bin/sudo,sudo,,sudo -n -- bash -lc test -e '/etc/resolv.conf',/home/deploy-rkejw,/var/run/nscd/socket,/var/run/nscd/socket,0,0,1001,27561,27536,(none),176,network_connect,malicious,
1778300648,50384,1.022536,attack_window,20260508_212407_dns_delete_9ci3sG,20260508_212404_scp_nginx_dns_delete_CMzhrV,vandalism/dns_delete,vandalism,scp_then_ssh,connect,no,-2,/usr/bin/sudo,sudo,,sudo -n -- bash -lc test -e '/etc/resolv.conf',/home/deploy-rkejw,/var/run/nscd/socket,/var/run/nscd/socket,0,0,1001,27561,27536,(none),176,network_connect,malicious,
1778300648,50385,1.023535,attack_window,20260508_212407_dns_delete_9ci3sG,20260508_212404_scp_nginx_dns_delete_CMzhrV,vandalism/dns_delete,vandalism,scp_then_ssh,connect,yes,0,/usr/bin/sudo,sudo,,sudo -n -- bash -lc test -e '/etc/resolv.conf',,,,0,0,1001,27561,27536,(none),176,network_connect,malicious,
1778300648,50386,1.023535,attack_window,20260508_212407_dns_delete_9ci3sG,20260508_212404_scp_nginx_dns_delete_CMzhrV,vandalism/dns_delete,vandalism,scp_then_ssh,connect,yes,0,/usr/bin/sudo,sudo,,sudo -n -- bash -lc test -e '/etc/resolv.conf',,,,0,0,1001,27561,27536,(none),176,network_connect,malicious,
1778300648,50387,1.023535,attack_window,20260508_212407_dns_delete_9ci3sG,20260508_212404_scp_nginx_dns_delete_CMzhrV,vandalism/dns_delete,vandalism,scp_then_ssh,connect,yes,0,/usr/bin/sudo,sudo,,sudo -n -- bash -lc test -e '/etc/resolv.conf',,,,0,0,1001,27561,27536,(none),176,network_connect,malicious,
1778300648,50388,1.023535,attack_window,20260508_212407_dns_delete_9ci3sG,20260508_212404_scp_nginx_dns_delete_CMzhrV,vandalism/dns_delete,vandalism,scp_then_ssh,connect,yes,0,/usr/bin/sudo,sudo,,sudo -n -- bash -lc test -e '/etc/resolv.conf',,,,0,0,1001,27561,27536,(none),176,network_connect,malicious,
1778300648,50389,1.023535,attack_window,20260508_212407_dns_delete_9ci3sG,20260508_212404_scp_nginx_dns_delete_CMzhrV,vandalism/dns_delete,vandalism,scp_then_ssh,connect,no,-2,/usr/bin/sudo,sudo,,sudo -n -- bash -lc test -e '/etc/resolv.conf',/home/deploy-rkejw,/var/run/nscd/socket,/var/run/nscd/socket,0,0,1001,27561,27536,(none),176,network_connect,malicious,
1778300648,50390,1.023535,attack_window,20260508_212407_dns_delete_9ci3sG,20260508_212404_scp_nginx_dns_delete_CMzhrV,vandalism/dns_delete,vandalism,scp_then_ssh,connect,no,-2,/usr/bin/sudo,sudo,,sudo -n -- bash -lc test -e '/etc/resolv.conf',/home/deploy-rkejw,/var/run/nscd/socket,/var/run/nscd/socket,0,0,1001,27561,27536,(none),176,network_connect,malicious,
1778300648,50391,1.023535,attack_window,20260508_212407_dns_delete_9ci3sG,20260508_212404_scp_nginx_dns_delete_CMzhrV,vandalism/dns_delete,vandalism,scp_then_ssh,connect,yes,0,/usr/bin/sudo,sudo,,sudo -n -- bash -lc test -e '/etc/resolv.conf',/home/deploy-rkejw,/dev/log,/dev/log,0,0,1001,27561,27536,(none),176,network_connect,malicious,
1778300648,50392,1.024536,attack_window,20260508_212407_dns_delete_9ci3sG,20260508_212404_scp_nginx_dns_delete_CMzhrV,vandalism/dns_delete,vandalism,scp_then_ssh,setresgid,yes,0,/usr/bin/sudo,sudo,,sudo -n -- bash -lc test -e '/etc/resolv.conf',,,,0,0,1001,27561,27536,(none),176,privilege_transition,malicious,
1778300648,50393,1.024536,attack_window,20260508_212407_dns_delete_9ci3sG,20260508_212404_scp_nginx_dns_delete_CMzhrV,vandalism/dns_delete,vandalism,scp_then_ssh,setresuid,yes,0,/usr/bin/sudo,sudo,,sudo -n -- bash -lc test -e '/etc/resolv.conf',,,,1001,0,1001,27561,27536,(none),176,privilege_transition,malicious,
1778300648,50394,1.024536,attack_window,20260508_212407_dns_delete_9ci3sG,20260508_212404_scp_nginx_dns_delete_CMzhrV,vandalism/dns_delete,vandalism,scp_then_ssh,setresgid,yes,0,/usr/bin/sudo,sudo,,sudo -n -- bash -lc test -e '/etc/resolv.conf',,,,1001,0,1001,27561,27536,(none),176,privilege_transition,malicious,
1778300648,50395,1.024536,attack_window,20260508_212407_dns_delete_9ci3sG,20260508_212404_scp_nginx_dns_delete_CMzhrV,vandalism/dns_delete,vandalism,scp_then_ssh,setresgid,yes,0,/usr/bin/sudo,sudo,,sudo -n -- bash -lc test -e '/etc/resolv.conf',,,,1001,0,1001,27561,27536,(none),176,privilege_transition,malicious,
1778300648,50396,1.024536,attack_window,20260508_212407_dns_delete_9ci3sG,20260508_212404_scp_nginx_dns_delete_CMzhrV,vandalism/dns_delete,vandalism,scp_then_ssh,setresuid,yes,0,/usr/bin/sudo,sudo,,sudo -n -- bash -lc test -e '/etc/resolv.conf',,,,1001,0,1001,27561,27536,(none),176,privilege_transition,malicious,
1778300648,50397,1.024536,attack_window,20260508_212407_dns_delete_9ci3sG,20260508_212404_scp_nginx_dns_delete_CMzhrV,vandalism/dns_delete,vandalism,scp_then_ssh,setresgid,yes,0,/usr/bin/sudo,sudo,,sudo -n -- bash -lc test -e '/etc/resolv.conf',,,,1001,0,1001,27561,27536,(none),176,privilege_transition,malicious,
1778300648,50398,1.024536,attack_window,20260508_212407_dns_delete_9ci3sG,20260508_212404_scp_nginx_dns_delete_CMzhrV,vandalism/dns_delete,vandalism,scp_then_ssh,setresgid,yes,0,/usr/bin/sudo,sudo,,sudo -n -- bash -lc test -e '/etc/resolv.conf',,,,1001,0,1001,27561,27536,(none),176,privilege_transition,malicious,
1778300648,50399,1.024536,attack_window,20260508_212407_dns_delete_9ci3sG,20260508_212404_scp_nginx_dns_delete_CMzhrV,vandalism/dns_delete,vandalism,scp_then_ssh,setresuid,yes,0,/usr/bin/sudo,sudo,,sudo -n -- bash -lc test -e '/etc/resolv.conf',,,,1001,0,1001,27561,27536,(none),176,privilege_transition,malicious,
1778300648,50400,1.025536,attack_window,20260508_212407_dns_delete_9ci3sG,20260508_212404_scp_nginx_dns_delete_CMzhrV,vandalism/dns_delete,vandalism,scp_then_ssh,,,,,,,,,,,,,,,,,,,ambiguous,
1778300648,50401,1.025536,attack_window,20260508_212407_dns_delete_9ci3sG,20260508_212404_scp_nginx_dns_delete_CMzhrV,vandalism/dns_delete,vandalism,scp_then_ssh,,,,,,,,,,,,,,,,,,,ambiguous,
1778300648,50402,1.025536,attack_window,20260508_212407_dns_delete_9ci3sG,20260508_212404_scp_nginx_dns_delete_CMzhrV,vandalism/dns_delete,vandalism,scp_then_ssh,setgid,yes,0,/usr/bin/sudo,sudo,,sudo -n -- bash -lc test -e '/etc/resolv.conf',,,,1001,0,1001,27561,27536,(none),176,privilege_transition,malicious,
1778300648,50403,1.026536,attack_window,20260508_212407_dns_delete_9ci3sG,20260508_212404_scp_nginx_dns_delete_CMzhrV,vandalism/dns_delete,vandalism,scp_then_ssh,126,yes,0,/usr/bin/sudo,sudo,,sudo -n -- bash -lc test -e '/etc/resolv.conf',,,,1001,0,1001,27561,27536,(none),176,privilege_transition,malicious,
1778300648,50404,1.026536,attack_window,20260508_212407_dns_delete_9ci3sG,20260508_212404_scp_nginx_dns_delete_CMzhrV,vandalism/dns_delete,vandalism,scp_then_ssh,,,,,,,,,,,,,,,,,,,ambiguous,
1778300648,50405,1.026536,attack_window,20260508_212407_dns_delete_9ci3sG,20260508_212404_scp_nginx_dns_delete_CMzhrV,vandalism/dns_delete,vandalism,scp_then_ssh,,,,,,,,,,,,,,,,,,,ambiguous,
1778300648,50406,1.026536,attack_window,20260508_212407_dns_delete_9ci3sG,20260508_212404_scp_nginx_dns_delete_CMzhrV,vandalism/dns_delete,vandalism,scp_then_ssh,setresuid,yes,0,/usr/bin/sudo,sudo,,sudo -n -- bash -lc test -e '/etc/resolv.conf',,,,0,0,1001,27562,27561,(none),176,privilege_transition,malicious,
1778300648,50407,1.026536,attack_window,20260508_212407_dns_delete_9ci3sG,20260508_212404_scp_nginx_dns_delete_CMzhrV,vandalism/dns_delete,vandalism,scp_then_ssh,execve,yes,0,/usr/bin/bash,bash,bash -lc test -e '/etc/resolv.conf',sudo -n -- bash -lc test -e '/etc/resolv.conf',/home/deploy-rkejw,/usr/bin/bash,/usr/bin/bash|/lib64/ld-linux-x86-64.so.2,0,0,1001,27562,27561,(none),176,shell_exec,malicious,
1778300648,50408,1.029536,attack_window,20260508_212407_dns_delete_9ci3sG,20260508_212404_scp_nginx_dns_delete_CMzhrV,vandalism/dns_delete,vandalism,scp_then_ssh,execve,yes,0,/usr/bin/locale-check,locale-check,/usr/bin/locale-check C.UTF-8,/usr/bin/locale-check C.UTF-8,/home/deploy-rkejw,/usr/bin/locale-check,/usr/bin/locale-check|/lib64/ld-linux-x86-64.so.2,0,0,1001,27563,27562,(none),176,exec,benign,
1778300648,50409,1.030535,attack_window,20260508_212407_dns_delete_9ci3sG,20260508_212404_scp_nginx_dns_delete_CMzhrV,vandalism/dns_delete,vandalism,scp_then_ssh,execve,yes,0,/usr/bin/locale,locale,locale,locale,/home/deploy-rkejw,/usr/bin/locale,/usr/bin/locale|/lib64/ld-linux-x86-64.so.2,0,0,1001,27564,27562,(none),176,exec,benign,
1778300648,50410,1.034536,attack_window,20260508_212407_dns_delete_9ci3sG,20260508_212404_scp_nginx_dns_delete_CMzhrV,vandalism/dns_delete,vandalism,scp_then_ssh,execve,yes,0,/usr/bin/mesg,mesg,mesg n,mesg n,/home/deploy-rkejw,/usr/bin/mesg,/usr/bin/mesg|/lib64/ld-linux-x86-64.so.2,0,0,1001,27566,27562,(none),176,exec,benign,
1778300648,50411,1.035536,attack_window,20260508_212407_dns_delete_9ci3sG,20260508_212404_scp_nginx_dns_delete_CMzhrV,vandalism/dns_delete,vandalism,scp_then_ssh,,,,,,,,,,,,,,,,,,,ambiguous,
1778300648,50412,1.036536,attack_window,20260508_212407_dns_delete_9ci3sG,20260508_212404_scp_nginx_dns_delete_CMzhrV,vandalism/dns_delete,vandalism,scp_then_ssh,,,,,,,,,,,,,,,,,,,ambiguous,
1778300648,50413,1.036536,attack_window,20260508_212407_dns_delete_9ci3sG,20260508_212404_scp_nginx_dns_delete_CMzhrV,vandalism/dns_delete,vandalism,scp_then_ssh,execve,yes,0,/usr/bin/id,id,id -u,id -u,/home/deploy-rkejw,/usr/bin/id,/usr/bin/id|/lib64/ld-linux-x86-64.so.2,1001,1001,1001,27567,27536,(none),176,exec,benign,
1778300648,50414,1.038536,attack_window,20260508_212407_dns_delete_9ci3sG,20260508_212404_scp_nginx_dns_delete_CMzhrV,vandalism/dns_delete,vandalism,scp_then_ssh,execve,yes,0,/usr/bin/sudo,sudo,sudo -n -- bash -lc rm -rf '/etc/resolv.conf',sudo -n -- bash -lc rm -rf '/etc/resolv.conf',/home/deploy-rkejw,/usr/bin/sudo,/usr/bin/sudo|/lib64/ld-linux-x86-64.so.2,1001,0,1001,27568,27536,(none),176,exec,malicious,
1778300648,50415,1.039536,attack_window,20260508_212407_dns_delete_9ci3sG,20260508_212404_scp_nginx_dns_delete_CMzhrV,vandalism/dns_delete,vandalism,scp_then_ssh,connect,no,-2,/usr/bin/sudo,sudo,,sudo -n -- bash -lc rm -rf '/etc/resolv.conf',/home/deploy-rkejw,/var/run/nscd/socket,/var/run/nscd/socket,1001,0,1001,27568,27536,(none),176,network_connect,malicious,
1778300648,50416,1.039536,attack_window,20260508_212407_dns_delete_9ci3sG,20260508_212404_scp_nginx_dns_delete_CMzhrV,vandalism/dns_delete,vandalism,scp_then_ssh,connect,no,-2,/usr/bin/sudo,sudo,,sudo -n -- bash -lc rm -rf '/etc/resolv.conf',/home/deploy-rkejw,/var/run/nscd/socket,/var/run/nscd/socket,1001,0,1001,27568,27536,(none),176,network_connect,malicious,
1778300648,50417,1.040535,attack_window,20260508_212407_dns_delete_9ci3sG,20260508_212404_scp_nginx_dns_delete_CMzhrV,vandalism/dns_delete,vandalism,scp_then_ssh,setresuid,yes,0,/usr/bin/sudo,sudo,,sudo -n -- bash -lc rm -rf '/etc/resolv.conf',,,,0,0,1001,27568,27536,(none),176,privilege_transition,malicious,
1778300648,50418,1.040535,attack_window,20260508_212407_dns_delete_9ci3sG,20260508_212404_scp_nginx_dns_delete_CMzhrV,vandalism/dns_delete,vandalism,scp_then_ssh,setresgid,yes,0,/usr/bin/sudo,sudo,,sudo -n -- bash -lc rm -rf '/etc/resolv.conf',,,,0,0,1001,27568,27536,(none),176,privilege_transition,malicious,
1778300648,50419,1.040535,attack_window,20260508_212407_dns_delete_9ci3sG,20260508_212404_scp_nginx_dns_delete_CMzhrV,vandalism/dns_delete,vandalism,scp_then_ssh,setresuid,yes,0,/usr/bin/sudo,sudo,,sudo -n -- bash -lc rm -rf '/etc/resolv.conf',,,,0,1,1001,27568,27536,(none),176,privilege_transition,malicious,
1778300648,50420,1.040535,attack_window,20260508_212407_dns_delete_9ci3sG,20260508_212404_scp_nginx_dns_delete_CMzhrV,vandalism/dns_delete,vandalism,scp_then_ssh,setresuid,yes,0,/usr/bin/sudo,sudo,,sudo -n -- bash -lc rm -rf '/etc/resolv.conf',,,,0,0,1001,27568,27536,(none),176,privilege_transition,malicious,
1778300648,50421,1.040535,attack_window,20260508_212407_dns_delete_9ci3sG,20260508_212404_scp_nginx_dns_delete_CMzhrV,vandalism/dns_delete,vandalism,scp_then_ssh,setresgid,yes,0,/usr/bin/sudo,sudo,,sudo -n -- bash -lc rm -rf '/etc/resolv.conf',,,,0,0,1001,27568,27536,(none),176,privilege_transition,malicious,
1778300648,50422,1.040535,attack_window,20260508_212407_dns_delete_9ci3sG,20260508_212404_scp_nginx_dns_delete_CMzhrV,vandalism/dns_delete,vandalism,scp_then_ssh,setresuid,yes,0,/usr/bin/sudo,sudo,,sudo -n -- bash -lc rm -rf '/etc/resolv.conf',,,,0,0,1001,27568,27536,(none),176,privilege_transition,malicious,
1778300648,50423,1.040535,attack_window,20260508_212407_dns_delete_9ci3sG,20260508_212404_scp_nginx_dns_delete_CMzhrV,vandalism/dns_delete,vandalism,scp_then_ssh,setresuid,yes,0,/usr/bin/sudo,sudo,,sudo -n -- bash -lc rm -rf '/etc/resolv.conf',,,,0,1,1001,27568,27536,(none),176,privilege_transition,malicious,
1778300648,50424,1.040535,attack_window,20260508_212407_dns_delete_9ci3sG,20260508_212404_scp_nginx_dns_delete_CMzhrV,vandalism/dns_delete,vandalism,scp_then_ssh,setresuid,yes,0,/usr/bin/sudo,sudo,,sudo -n -- bash -lc rm -rf '/etc/resolv.conf',,,,0,0,1001,27568,27536,(none),176,privilege_transition,malicious,
1778300648,50425,1.040535,attack_window,20260508_212407_dns_delete_9ci3sG,20260508_212404_scp_nginx_dns_delete_CMzhrV,vandalism/dns_delete,vandalism,scp_then_ssh,setresgid,yes,0,/usr/bin/sudo,sudo,,sudo -n -- bash -lc rm -rf '/etc/resolv.conf',,,,0,0,1001,27568,27536,(none),176,privilege_transition,malicious,
1778300648,50426,1.040535,attack_window,20260508_212407_dns_delete_9ci3sG,20260508_212404_scp_nginx_dns_delete_CMzhrV,vandalism/dns_delete,vandalism,scp_then_ssh,setresuid,yes,0,/usr/bin/sudo,sudo,,sudo -n -- bash -lc rm -rf '/etc/resolv.conf',,,,0,0,1001,27568,27536,(none),176,privilege_transition,malicious,
1778300648,50427,1.040535,attack_window,20260508_212407_dns_delete_9ci3sG,20260508_212404_scp_nginx_dns_delete_CMzhrV,vandalism/dns_delete,vandalism,scp_then_ssh,setresuid,yes,0,/usr/bin/sudo,sudo,,sudo -n -- bash -lc rm -rf '/etc/resolv.conf',,,,0,1,1001,27568,27536,(none),176,privilege_transition,malicious,
1778300648,50428,1.040535,attack_window,20260508_212407_dns_delete_9ci3sG,20260508_212404_scp_nginx_dns_delete_CMzhrV,vandalism/dns_delete,vandalism,scp_then_ssh,setresuid,yes,0,/usr/bin/sudo,sudo,,sudo -n -- bash -lc rm -rf '/etc/resolv.conf',,,,0,0,1001,27568,27536,(none),176,privilege_transition,malicious,
1778300648,50429,1.040535,attack_window,20260508_212407_dns_delete_9ci3sG,20260508_212404_scp_nginx_dns_delete_CMzhrV,vandalism/dns_delete,vandalism,scp_then_ssh,setresgid,yes,0,/usr/bin/sudo,sudo,,sudo -n -- bash -lc rm -rf '/etc/resolv.conf',,,,0,0,1001,27568,27536,(none),176,privilege_transition,malicious,
1778300648,50430,1.040535,attack_window,20260508_212407_dns_delete_9ci3sG,20260508_212404_scp_nginx_dns_delete_CMzhrV,vandalism/dns_delete,vandalism,scp_then_ssh,setresuid,yes,0,/usr/bin/sudo,sudo,,sudo -n -- bash -lc rm -rf '/etc/resolv.conf',,,,0,0,1001,27568,27536,(none),176,privilege_transition,malicious,
1778300648,50431,1.040535,attack_window,20260508_212407_dns_delete_9ci3sG,20260508_212404_scp_nginx_dns_delete_CMzhrV,vandalism/dns_delete,vandalism,scp_then_ssh,setresuid,yes,0,/usr/bin/sudo,sudo,,sudo -n -- bash -lc rm -rf '/etc/resolv.conf',,,,0,1,1001,27568,27536,(none),176,privilege_transition,malicious,
1778300648,50432,1.040535,attack_window,20260508_212407_dns_delete_9ci3sG,20260508_212404_scp_nginx_dns_delete_CMzhrV,vandalism/dns_delete,vandalism,scp_then_ssh,setresuid,yes,0,/usr/bin/sudo,sudo,,sudo -n -- bash -lc rm -rf '/etc/resolv.conf',,,,0,0,1001,27568,27536,(none),176,privilege_transition,malicious,
1778300648,50433,1.040535,attack_window,20260508_212407_dns_delete_9ci3sG,20260508_212404_scp_nginx_dns_delete_CMzhrV,vandalism/dns_delete,vandalism,scp_then_ssh,setresgid,yes,0,/usr/bin/sudo,sudo,,sudo -n -- bash -lc rm -rf '/etc/resolv.conf',,,,0,0,1001,27568,27536,(none),176,privilege_transition,malicious,
1778300648,50434,1.040535,attack_window,20260508_212407_dns_delete_9ci3sG,20260508_212404_scp_nginx_dns_delete_CMzhrV,vandalism/dns_delete,vandalism,scp_then_ssh,setresuid,yes,0,/usr/bin/sudo,sudo,,sudo -n -- bash -lc rm -rf '/etc/resolv.conf',,,,0,0,1001,27568,27536,(none),176,privilege_transition,malicious,
1778300648,50435,1.041536,attack_window,20260508_212407_dns_delete_9ci3sG,20260508_212404_scp_nginx_dns_delete_CMzhrV,vandalism/dns_delete,vandalism,scp_then_ssh,connect,no,-2,/usr/bin/sudo,sudo,,sudo -n -- bash -lc rm -rf '/etc/resolv.conf',/home/deploy-rkejw,/var/run/nscd/socket,/var/run/nscd/socket,0,0,1001,27568,27536,(none),176,network_connect,malicious,
1778300648,50436,1.041536,attack_window,20260508_212407_dns_delete_9ci3sG,20260508_212404_scp_nginx_dns_delete_CMzhrV,vandalism/dns_delete,vandalism,scp_then_ssh,connect,no,-2,/usr/bin/sudo,sudo,,sudo -n -- bash -lc rm -rf '/etc/resolv.conf',/home/deploy-rkejw,/var/run/nscd/socket,/var/run/nscd/socket,0,0,1001,27568,27536,(none),176,network_connect,malicious,
1778300648,50437,1.042536,attack_window,20260508_212407_dns_delete_9ci3sG,20260508_212404_scp_nginx_dns_delete_CMzhrV,vandalism/dns_delete,vandalism,scp_then_ssh,connect,yes,0,/usr/bin/sudo,sudo,,sudo -n -- bash -lc rm -rf '/etc/resolv.conf',,,,0,0,1001,27568,27536,(none),176,network_connect,malicious,
1778300648,50438,1.042536,attack_window,20260508_212407_dns_delete_9ci3sG,20260508_212404_scp_nginx_dns_delete_CMzhrV,vandalism/dns_delete,vandalism,scp_then_ssh,connect,yes,0,/usr/bin/sudo,sudo,,sudo -n -- bash -lc rm -rf '/etc/resolv.conf',,,,0,0,1001,27568,27536,(none),176,network_connect,malicious,
1778300648,50439,1.042536,attack_window,20260508_212407_dns_delete_9ci3sG,20260508_212404_scp_nginx_dns_delete_CMzhrV,vandalism/dns_delete,vandalism,scp_then_ssh,connect,yes,0,/usr/bin/sudo,sudo,,sudo -n -- bash -lc rm -rf '/etc/resolv.conf',,,,0,0,1001,27568,27536,(none),176,network_connect,malicious,
1778300648,50440,1.043535,attack_window,20260508_212407_dns_delete_9ci3sG,20260508_212404_scp_nginx_dns_delete_CMzhrV,vandalism/dns_delete,vandalism,scp_then_ssh,connect,yes,0,/usr/bin/sudo,sudo,,sudo -n -- bash -lc rm -rf '/etc/resolv.conf',,,,0,0,1001,27568,27536,(none),176,network_connect,malicious,
1778300648,50441,1.043535,attack_window,20260508_212407_dns_delete_9ci3sG,20260508_212404_scp_nginx_dns_delete_CMzhrV,vandalism/dns_delete,vandalism,scp_then_ssh,connect,no,-2,/usr/bin/sudo,sudo,,sudo -n -- bash -lc rm -rf '/etc/resolv.conf',/home/deploy-rkejw,/var/run/nscd/socket,/var/run/nscd/socket,0,0,1001,27568,27536,(none),176,network_connect,malicious,
1778300648,50442,1.043535,attack_window,20260508_212407_dns_delete_9ci3sG,20260508_212404_scp_nginx_dns_delete_CMzhrV,vandalism/dns_delete,vandalism,scp_then_ssh,connect,no,-2,/usr/bin/sudo,sudo,,sudo -n -- bash -lc rm -rf '/etc/resolv.conf',/home/deploy-rkejw,/var/run/nscd/socket,/var/run/nscd/socket,0,0,1001,27568,27536,(none),176,network_connect,malicious,
1778300648,50443,1.043535,attack_window,20260508_212407_dns_delete_9ci3sG,20260508_212404_scp_nginx_dns_delete_CMzhrV,vandalism/dns_delete,vandalism,scp_then_ssh,connect,yes,0,/usr/bin/sudo,sudo,,sudo -n -- bash -lc rm -rf '/etc/resolv.conf',/home/deploy-rkejw,/dev/log,/dev/log,0,0,1001,27568,27536,(none),176,network_connect,malicious,
1778300648,50444,1.044536,attack_window,20260508_212407_dns_delete_9ci3sG,20260508_212404_scp_nginx_dns_delete_CMzhrV,vandalism/dns_delete,vandalism,scp_then_ssh,setresgid,yes,0,/usr/bin/sudo,sudo,,sudo -n -- bash -lc rm -rf '/etc/resolv.conf',,,,0,0,1001,27568,27536,(none),176,privilege_transition,malicious,
1778300648,50445,1.044536,attack_window,20260508_212407_dns_delete_9ci3sG,20260508_212404_scp_nginx_dns_delete_CMzhrV,vandalism/dns_delete,vandalism,scp_then_ssh,setresuid,yes,0,/usr/bin/sudo,sudo,,sudo -n -- bash -lc rm -rf '/etc/resolv.conf',,,,1001,0,1001,27568,27536,(none),176,privilege_transition,malicious,
1778300648,50446,1.044536,attack_window,20260508_212407_dns_delete_9ci3sG,20260508_212404_scp_nginx_dns_delete_CMzhrV,vandalism/dns_delete,vandalism,scp_then_ssh,setresgid,yes,0,/usr/bin/sudo,sudo,,sudo -n -- bash -lc rm -rf '/etc/resolv.conf',,,,1001,0,1001,27568,27536,(none),176,privilege_transition,malicious,
1778300648,50447,1.044536,attack_window,20260508_212407_dns_delete_9ci3sG,20260508_212404_scp_nginx_dns_delete_CMzhrV,vandalism/dns_delete,vandalism,scp_then_ssh,setresgid,yes,0,/usr/bin/sudo,sudo,,sudo -n -- bash -lc rm -rf '/etc/resolv.conf',,,,1001,0,1001,27568,27536,(none),176,privilege_transition,malicious,
1778300648,50448,1.044536,attack_window,20260508_212407_dns_delete_9ci3sG,20260508_212404_scp_nginx_dns_delete_CMzhrV,vandalism/dns_delete,vandalism,scp_then_ssh,setresuid,yes,0,/usr/bin/sudo,sudo,,sudo -n -- bash -lc rm -rf '/etc/resolv.conf',,,,1001,0,1001,27568,27536,(none),176,privilege_transition,malicious,
1778300648,50449,1.044536,attack_window,20260508_212407_dns_delete_9ci3sG,20260508_212404_scp_nginx_dns_delete_CMzhrV,vandalism/dns_delete,vandalism,scp_then_ssh,setresgid,yes,0,/usr/bin/sudo,sudo,,sudo -n -- bash -lc rm -rf '/etc/resolv.conf',,,,1001,0,1001,27568,27536,(none),176,privilege_transition,malicious,
1778300648,50450,1.044536,attack_window,20260508_212407_dns_delete_9ci3sG,20260508_212404_scp_nginx_dns_delete_CMzhrV,vandalism/dns_delete,vandalism,scp_then_ssh,setresgid,yes,0,/usr/bin/sudo,sudo,,sudo -n -- bash -lc rm -rf '/etc/resolv.conf',,,,1001,0,1001,27568,27536,(none),176,privilege_transition,malicious,
1778300648,50451,1.044536,attack_window,20260508_212407_dns_delete_9ci3sG,20260508_212404_scp_nginx_dns_delete_CMzhrV,vandalism/dns_delete,vandalism,scp_then_ssh,setresuid,yes,0,/usr/bin/sudo,sudo,,sudo -n -- bash -lc rm -rf '/etc/resolv.conf',,,,1001,0,1001,27568,27536,(none),176,privilege_transition,malicious,
1778300648,50452,1.045536,attack_window,20260508_212407_dns_delete_9ci3sG,20260508_212404_scp_nginx_dns_delete_CMzhrV,vandalism/dns_delete,vandalism,scp_then_ssh,,,,,,,,,,,,,,,,,,,ambiguous,
1778300648,50453,1.045536,attack_window,20260508_212407_dns_delete_9ci3sG,20260508_212404_scp_nginx_dns_delete_CMzhrV,vandalism/dns_delete,vandalism,scp_then_ssh,,,,,,,,,,,,,,,,,,,ambiguous,
1778300648,50454,1.045536,attack_window,20260508_212407_dns_delete_9ci3sG,20260508_212404_scp_nginx_dns_delete_CMzhrV,vandalism/dns_delete,vandalism,scp_then_ssh,setgid,yes,0,/usr/bin/sudo,sudo,,sudo -n -- bash -lc rm -rf '/etc/resolv.conf',,,,1001,0,1001,27568,27536,(none),176,privilege_transition,malicious,
1778300648,50455,1.046535,attack_window,20260508_212407_dns_delete_9ci3sG,20260508_212404_scp_nginx_dns_delete_CMzhrV,vandalism/dns_delete,vandalism,scp_then_ssh,126,yes,0,/usr/bin/sudo,sudo,,sudo -n -- bash -lc rm -rf '/etc/resolv.conf',,,,1001,0,1001,27568,27536,(none),176,privilege_transition,malicious,
1778300648,50456,1.046535,attack_window,20260508_212407_dns_delete_9ci3sG,20260508_212404_scp_nginx_dns_delete_CMzhrV,vandalism/dns_delete,vandalism,scp_then_ssh,,,,,,,,,,,,,,,,,,,ambiguous,
1778300648,50457,1.046535,attack_window,20260508_212407_dns_delete_9ci3sG,20260508_212404_scp_nginx_dns_delete_CMzhrV,vandalism/dns_delete,vandalism,scp_then_ssh,,,,,,,,,,,,,,,,,,,ambiguous,
1778300648,50458,1.047536,attack_window,20260508_212407_dns_delete_9ci3sG,20260508_212404_scp_nginx_dns_delete_CMzhrV,vandalism/dns_delete,vandalism,scp_then_ssh,setresuid,yes,0,/usr/bin/sudo,sudo,,sudo -n -- bash -lc rm -rf '/etc/resolv.conf',,,,0,0,1001,27569,27568,(none),176,privilege_transition,malicious,
1778300648,50459,1.047536,attack_window,20260508_212407_dns_delete_9ci3sG,20260508_212404_scp_nginx_dns_delete_CMzhrV,vandalism/dns_delete,vandalism,scp_then_ssh,execve,yes,0,/usr/bin/bash,bash,bash -lc rm -rf '/etc/resolv.conf',sudo -n -- bash -lc rm -rf '/etc/resolv.conf',/home/deploy-rkejw,/usr/bin/bash,/usr/bin/bash|/lib64/ld-linux-x86-64.so.2,0,0,1001,27569,27568,(none),176,shell_exec,malicious,
1778300648,50460,1.048536,attack_window,20260508_212407_dns_delete_9ci3sG,20260508_212404_scp_nginx_dns_delete_CMzhrV,vandalism/dns_delete,vandalism,scp_then_ssh,execve,yes,0,/usr/bin/locale-check,locale-check,/usr/bin/locale-check C.UTF-8,/usr/bin/locale-check C.UTF-8,/home/deploy-rkejw,/usr/bin/locale-check,/usr/bin/locale-check|/lib64/ld-linux-x86-64.so.2,0,0,1001,27570,27569,(none),176,exec,benign,
1778300648,50461,1.050536,attack_window,20260508_212407_dns_delete_9ci3sG,20260508_212404_scp_nginx_dns_delete_CMzhrV,vandalism/dns_delete,vandalism,scp_then_ssh,execve,yes,0,/usr/bin/locale,locale,locale,locale,/home/deploy-rkejw,/usr/bin/locale,/usr/bin/locale|/lib64/ld-linux-x86-64.so.2,0,0,1001,27571,27569,(none),176,exec,benign,
1778300648,50462,1.054536,attack_window,20260508_212407_dns_delete_9ci3sG,20260508_212404_scp_nginx_dns_delete_CMzhrV,vandalism/dns_delete,vandalism,scp_then_ssh,execve,yes,0,/usr/bin/mesg,mesg,mesg n,mesg n,/home/deploy-rkejw,/usr/bin/mesg,/usr/bin/mesg|/lib64/ld-linux-x86-64.so.2,0,0,1001,27573,27569,(none),176,exec,benign,
1778300648,50463,1.055536,attack_window,20260508_212407_dns_delete_9ci3sG,20260508_212404_scp_nginx_dns_delete_CMzhrV,vandalism/dns_delete,vandalism,scp_then_ssh,execve,yes,0,/usr/bin/rm,rm,rm -rf /etc/resolv.conf,sudo -n -- bash -lc rm -rf '/etc/resolv.conf',/home/deploy-rkejw,/usr/bin/rm,/usr/bin/rm|/lib64/ld-linux-x86-64.so.2,0,0,1001,27569,27568,(none),176,exec,malicious,
1778300648,50464,1.056535,attack_window,20260508_212407_dns_delete_9ci3sG,20260508_212404_scp_nginx_dns_delete_CMzhrV,vandalism/dns_delete,vandalism,scp_then_ssh,unlinkat,yes,0,/usr/bin/rm,rm,,sudo -n -- bash -lc rm -rf '/etc/resolv.conf',/home/deploy-rkejw,/etc/,/etc/|/etc/resolv.conf,0,0,1001,27569,27568,(none),176,etc_changes,malicious,
1778300648,50465,1.057536,attack_window,20260508_212407_dns_delete_9ci3sG,20260508_212404_scp_nginx_dns_delete_CMzhrV,vandalism/dns_delete,vandalism,scp_then_ssh,,,,,,,,,,,,,,,,,,,ambiguous,
1778300648,50466,1.057536,attack_window,20260508_212407_dns_delete_9ci3sG,20260508_212404_scp_nginx_dns_delete_CMzhrV,vandalism/dns_delete,vandalism,scp_then_ssh,,,,,,,,,,,,,,,,,,,ambiguous,
1778300648,50467,1.057536,attack_window,20260508_212407_dns_delete_9ci3sG,20260508_212404_scp_nginx_dns_delete_CMzhrV,vandalism/dns_delete,vandalism,scp_then_ssh,execve,yes,0,/usr/bin/id,id,id -u,id -u,/home/deploy-rkejw,/usr/bin/id,/usr/bin/id|/lib64/ld-linux-x86-64.so.2,1001,1001,1001,27574,27536,(none),176,exec,benign,
1778300648,50468,1.059536,attack_window,20260508_212407_dns_delete_9ci3sG,20260508_212404_scp_nginx_dns_delete_CMzhrV,vandalism/dns_delete,vandalism,scp_then_ssh,execve,yes,0,/usr/bin/sudo,sudo,sudo -n -- bash -lc test -e '/etc/resolv.conf',sudo -n -- bash -lc test -e '/etc/resolv.conf',/home/deploy-rkejw,/usr/bin/sudo,/usr/bin/sudo|/lib64/ld-linux-x86-64.so.2,1001,0,1001,27575,27536,(none),176,exec,malicious,
1778300648,50469,1.060536,attack_window,20260508_212407_dns_delete_9ci3sG,20260508_212404_scp_nginx_dns_delete_CMzhrV,vandalism/dns_delete,vandalism,scp_then_ssh,connect,no,-2,/usr/bin/sudo,sudo,,sudo -n -- bash -lc test -e '/etc/resolv.conf',/home/deploy-rkejw,/var/run/nscd/socket,/var/run/nscd/socket,1001,0,1001,27575,27536,(none),176,network_connect,malicious,
1778300648,50470,1.060536,attack_window,20260508_212407_dns_delete_9ci3sG,20260508_212404_scp_nginx_dns_delete_CMzhrV,vandalism/dns_delete,vandalism,scp_then_ssh,connect,no,-2,/usr/bin/sudo,sudo,,sudo -n -- bash -lc test -e '/etc/resolv.conf',/home/deploy-rkejw,/var/run/nscd/socket,/var/run/nscd/socket,1001,0,1001,27575,27536,(none),176,network_connect,malicious,
1778300648,50471,1.061536,attack_window,20260508_212407_dns_delete_9ci3sG,20260508_212404_scp_nginx_dns_delete_CMzhrV,vandalism/dns_delete,vandalism,scp_then_ssh,setresuid,yes,0,/usr/bin/sudo,sudo,,sudo -n -- bash -lc test -e '/etc/resolv.conf',,,,0,0,1001,27575,27536,(none),176,privilege_transition,malicious,
1778300648,50472,1.061536,attack_window,20260508_212407_dns_delete_9ci3sG,20260508_212404_scp_nginx_dns_delete_CMzhrV,vandalism/dns_delete,vandalism,scp_then_ssh,setresgid,yes,0,/usr/bin/sudo,sudo,,sudo -n -- bash -lc test -e '/etc/resolv.conf',,,,0,0,1001,27575,27536,(none),176,privilege_transition,malicious,
1778300648,50473,1.061536,attack_window,20260508_212407_dns_delete_9ci3sG,20260508_212404_scp_nginx_dns_delete_CMzhrV,vandalism/dns_delete,vandalism,scp_then_ssh,setresuid,yes,0,/usr/bin/sudo,sudo,,sudo -n -- bash -lc test -e '/etc/resolv.conf',,,,0,1,1001,27575,27536,(none),176,privilege_transition,malicious,
1778300648,50474,1.061536,attack_window,20260508_212407_dns_delete_9ci3sG,20260508_212404_scp_nginx_dns_delete_CMzhrV,vandalism/dns_delete,vandalism,scp_then_ssh,setresuid,yes,0,/usr/bin/sudo,sudo,,sudo -n -- bash -lc test -e '/etc/resolv.conf',,,,0,0,1001,27575,27536,(none),176,privilege_transition,malicious,
1778300648,50475,1.061536,attack_window,20260508_212407_dns_delete_9ci3sG,20260508_212404_scp_nginx_dns_delete_CMzhrV,vandalism/dns_delete,vandalism,scp_then_ssh,setresgid,yes,0,/usr/bin/sudo,sudo,,sudo -n -- bash -lc test -e '/etc/resolv.conf',,,,0,0,1001,27575,27536,(none),176,privilege_transition,malicious,
1778300648,50476,1.061536,attack_window,20260508_212407_dns_delete_9ci3sG,20260508_212404_scp_nginx_dns_delete_CMzhrV,vandalism/dns_delete,vandalism,scp_then_ssh,setresuid,yes,0,/usr/bin/sudo,sudo,,sudo -n -- bash -lc test -e '/etc/resolv.conf',,,,0,0,1001,27575,27536,(none),176,privilege_transition,malicious,
1778300648,50477,1.061536,attack_window,20260508_212407_dns_delete_9ci3sG,20260508_212404_scp_nginx_dns_delete_CMzhrV,vandalism/dns_delete,vandalism,scp_then_ssh,setresuid,yes,0,/usr/bin/sudo,sudo,,sudo -n -- bash -lc test -e '/etc/resolv.conf',,,,0,1,1001,27575,27536,(none),176,privilege_transition,malicious,
1778300648,50478,1.061536,attack_window,20260508_212407_dns_delete_9ci3sG,20260508_212404_scp_nginx_dns_delete_CMzhrV,vandalism/dns_delete,vandalism,scp_then_ssh,setresuid,yes,0,/usr/bin/sudo,sudo,,sudo -n -- bash -lc test -e '/etc/resolv.conf',,,,0,0,1001,27575,27536,(none),176,privilege_transition,malicious,
1778300648,50479,1.061536,attack_window,20260508_212407_dns_delete_9ci3sG,20260508_212404_scp_nginx_dns_delete_CMzhrV,vandalism/dns_delete,vandalism,scp_then_ssh,setresgid,yes,0,/usr/bin/sudo,sudo,,sudo -n -- bash -lc test -e '/etc/resolv.conf',,,,0,0,1001,27575,27536,(none),176,privilege_transition,malicious,
1778300648,50480,1.061536,attack_window,20260508_212407_dns_delete_9ci3sG,20260508_212404_scp_nginx_dns_delete_CMzhrV,vandalism/dns_delete,vandalism,scp_then_ssh,setresuid,yes,0,/usr/bin/sudo,sudo,,sudo -n -- bash -lc test -e '/etc/resolv.conf',,,,0,0,1001,27575,27536,(none),176,privilege_transition,malicious,
1778300648,50481,1.061536,attack_window,20260508_212407_dns_delete_9ci3sG,20260508_212404_scp_nginx_dns_delete_CMzhrV,vandalism/dns_delete,vandalism,scp_then_ssh,setresuid,yes,0,/usr/bin/sudo,sudo,,sudo -n -- bash -lc test -e '/etc/resolv.conf',,,,0,1,1001,27575,27536,(none),176,privilege_transition,malicious,
1778300648,50482,1.061536,attack_window,20260508_212407_dns_delete_9ci3sG,20260508_212404_scp_nginx_dns_delete_CMzhrV,vandalism/dns_delete,vandalism,scp_then_ssh,setresuid,yes,0,/usr/bin/sudo,sudo,,sudo -n -- bash -lc test -e '/etc/resolv.conf',,,,0,0,1001,27575,27536,(none),176,privilege_transition,malicious,
1778300648,50483,1.061536,attack_window,20260508_212407_dns_delete_9ci3sG,20260508_212404_scp_nginx_dns_delete_CMzhrV,vandalism/dns_delete,vandalism,scp_then_ssh,setresgid,yes,0,/usr/bin/sudo,sudo,,sudo -n -- bash -lc test -e '/etc/resolv.conf',,,,0,0,1001,27575,27536,(none),176,privilege_transition,malicious,
1778300648,50484,1.061536,attack_window,20260508_212407_dns_delete_9ci3sG,20260508_212404_scp_nginx_dns_delete_CMzhrV,vandalism/dns_delete,vandalism,scp_then_ssh,setresuid,yes,0,/usr/bin/sudo,sudo,,sudo -n -- bash -lc test -e '/etc/resolv.conf',,,,0,0,1001,27575,27536,(none),176,privilege_transition,malicious,
1778300648,50485,1.061536,attack_window,20260508_212407_dns_delete_9ci3sG,20260508_212404_scp_nginx_dns_delete_CMzhrV,vandalism/dns_delete,vandalism,scp_then_ssh,setresuid,yes,0,/usr/bin/sudo,sudo,,sudo -n -- bash -lc test -e '/etc/resolv.conf',,,,0,1,1001,27575,27536,(none),176,privilege_transition,malicious,
1778300648,50486,1.061536,attack_window,20260508_212407_dns_delete_9ci3sG,20260508_212404_scp_nginx_dns_delete_CMzhrV,vandalism/dns_delete,vandalism,scp_then_ssh,setresuid,yes,0,/usr/bin/sudo,sudo,,sudo -n -- bash -lc test -e '/etc/resolv.conf',,,,0,0,1001,27575,27536,(none),176,privilege_transition,malicious,
1778300648,50487,1.061536,attack_window,20260508_212407_dns_delete_9ci3sG,20260508_212404_scp_nginx_dns_delete_CMzhrV,vandalism/dns_delete,vandalism,scp_then_ssh,setresgid,yes,0,/usr/bin/sudo,sudo,,sudo -n -- bash -lc test -e '/etc/resolv.conf',,,,0,0,1001,27575,27536,(none),176,privilege_transition,malicious,
1778300648,50488,1.061536,attack_window,20260508_212407_dns_delete_9ci3sG,20260508_212404_scp_nginx_dns_delete_CMzhrV,vandalism/dns_delete,vandalism,scp_then_ssh,setresuid,yes,0,/usr/bin/sudo,sudo,,sudo -n -- bash -lc test -e '/etc/resolv.conf',,,,0,0,1001,27575,27536,(none),176,privilege_transition,malicious,
1778300648,50489,1.061536,attack_window,20260508_212407_dns_delete_9ci3sG,20260508_212404_scp_nginx_dns_delete_CMzhrV,vandalism/dns_delete,vandalism,scp_then_ssh,connect,no,-2,/usr/bin/sudo,sudo,,sudo -n -- bash -lc test -e '/etc/resolv.conf',/home/deploy-rkejw,/var/run/nscd/socket,/var/run/nscd/socket,0,0,1001,27575,27536,(none),176,network_connect,malicious,
1778300648,50490,1.062536,attack_window,20260508_212407_dns_delete_9ci3sG,20260508_212404_scp_nginx_dns_delete_CMzhrV,vandalism/dns_delete,vandalism,scp_then_ssh,connect,no,-2,/usr/bin/sudo,sudo,,sudo -n -- bash -lc test -e '/etc/resolv.conf',/home/deploy-rkejw,/var/run/nscd/socket,/var/run/nscd/socket,0,0,1001,27575,27536,(none),176,network_connect,malicious,
1778300648,50491,1.062536,attack_window,20260508_212407_dns_delete_9ci3sG,20260508_212404_scp_nginx_dns_delete_CMzhrV,vandalism/dns_delete,vandalism,scp_then_ssh,connect,yes,0,/usr/bin/sudo,sudo,,sudo -n -- bash -lc test -e '/etc/resolv.conf',,,,0,0,1001,27575,27536,(none),176,network_connect,malicious,
1778300648,50492,1.062536,attack_window,20260508_212407_dns_delete_9ci3sG,20260508_212404_scp_nginx_dns_delete_CMzhrV,vandalism/dns_delete,vandalism,scp_then_ssh,connect,yes,0,/usr/bin/sudo,sudo,,sudo -n -- bash -lc test -e '/etc/resolv.conf',,,,0,0,1001,27575,27536,(none),176,network_connect,malicious,
1778300648,50493,1.062536,attack_window,20260508_212407_dns_delete_9ci3sG,20260508_212404_scp_nginx_dns_delete_CMzhrV,vandalism/dns_delete,vandalism,scp_then_ssh,connect,yes,0,/usr/bin/sudo,sudo,,sudo -n -- bash -lc test -e '/etc/resolv.conf',,,,0,0,1001,27575,27536,(none),176,network_connect,malicious,
1778300648,50494,1.062536,attack_window,20260508_212407_dns_delete_9ci3sG,20260508_212404_scp_nginx_dns_delete_CMzhrV,vandalism/dns_delete,vandalism,scp_then_ssh,connect,yes,0,/usr/bin/sudo,sudo,,sudo -n -- bash -lc test -e '/etc/resolv.conf',,,,0,0,1001,27575,27536,(none),176,network_connect,malicious,
1778300648,50495,1.063535,attack_window,20260508_212407_dns_delete_9ci3sG,20260508_212404_scp_nginx_dns_delete_CMzhrV,vandalism/dns_delete,vandalism,scp_then_ssh,connect,no,-2,/usr/bin/sudo,sudo,,sudo -n -- bash -lc test -e '/etc/resolv.conf',/home/deploy-rkejw,/var/run/nscd/socket,/var/run/nscd/socket,0,0,1001,27575,27536,(none),176,network_connect,malicious,
1778300648,50496,1.063535,attack_window,20260508_212407_dns_delete_9ci3sG,20260508_212404_scp_nginx_dns_delete_CMzhrV,vandalism/dns_delete,vandalism,scp_then_ssh,connect,no,-2,/usr/bin/sudo,sudo,,sudo -n -- bash -lc test -e '/etc/resolv.conf',/home/deploy-rkejw,/var/run/nscd/socket,/var/run/nscd/socket,0,0,1001,27575,27536,(none),176,network_connect,malicious,
1778300648,50497,1.063535,attack_window,20260508_212407_dns_delete_9ci3sG,20260508_212404_scp_nginx_dns_delete_CMzhrV,vandalism/dns_delete,vandalism,scp_then_ssh,connect,yes,0,/usr/bin/sudo,sudo,,sudo -n -- bash -lc test -e '/etc/resolv.conf',/home/deploy-rkejw,/dev/log,/dev/log,0,0,1001,27575,27536,(none),176,network_connect,malicious,
1778300648,50498,1.064536,attack_window,20260508_212407_dns_delete_9ci3sG,20260508_212404_scp_nginx_dns_delete_CMzhrV,vandalism/dns_delete,vandalism,scp_then_ssh,setresgid,yes,0,/usr/bin/sudo,sudo,,sudo -n -- bash -lc test -e '/etc/resolv.conf',,,,0,0,1001,27575,27536,(none),176,privilege_transition,malicious,
1778300648,50499,1.064536,attack_window,20260508_212407_dns_delete_9ci3sG,20260508_212404_scp_nginx_dns_delete_CMzhrV,vandalism/dns_delete,vandalism,scp_then_ssh,setresuid,yes,0,/usr/bin/sudo,sudo,,sudo -n -- bash -lc test -e '/etc/resolv.conf',,,,1001,0,1001,27575,27536,(none),176,privilege_transition,malicious,
1778300648,50500,1.064536,attack_window,20260508_212407_dns_delete_9ci3sG,20260508_212404_scp_nginx_dns_delete_CMzhrV,vandalism/dns_delete,vandalism,scp_then_ssh,setresgid,yes,0,/usr/bin/sudo,sudo,,sudo -n -- bash -lc test -e '/etc/resolv.conf',,,,1001,0,1001,27575,27536,(none),176,privilege_transition,malicious,
1778300648,50501,1.064536,attack_window,20260508_212407_dns_delete_9ci3sG,20260508_212404_scp_nginx_dns_delete_CMzhrV,vandalism/dns_delete,vandalism,scp_then_ssh,setresgid,yes,0,/usr/bin/sudo,sudo,,sudo -n -- bash -lc test -e '/etc/resolv.conf',,,,1001,0,1001,27575,27536,(none),176,privilege_transition,malicious,
1778300648,50502,1.064536,attack_window,20260508_212407_dns_delete_9ci3sG,20260508_212404_scp_nginx_dns_delete_CMzhrV,vandalism/dns_delete,vandalism,scp_then_ssh,setresuid,yes,0,/usr/bin/sudo,sudo,,sudo -n -- bash -lc test -e '/etc/resolv.conf',,,,1001,0,1001,27575,27536,(none),176,privilege_transition,malicious,
1778300648,50503,1.064536,attack_window,20260508_212407_dns_delete_9ci3sG,20260508_212404_scp_nginx_dns_delete_CMzhrV,vandalism/dns_delete,vandalism,scp_then_ssh,setresgid,yes,0,/usr/bin/sudo,sudo,,sudo -n -- bash -lc test -e '/etc/resolv.conf',,,,1001,0,1001,27575,27536,(none),176,privilege_transition,malicious,
1778300648,50504,1.064536,attack_window,20260508_212407_dns_delete_9ci3sG,20260508_212404_scp_nginx_dns_delete_CMzhrV,vandalism/dns_delete,vandalism,scp_then_ssh,setresgid,yes,0,/usr/bin/sudo,sudo,,sudo -n -- bash -lc test -e '/etc/resolv.conf',,,,1001,0,1001,27575,27536,(none),176,privilege_transition,malicious,
1778300648,50505,1.064536,attack_window,20260508_212407_dns_delete_9ci3sG,20260508_212404_scp_nginx_dns_delete_CMzhrV,vandalism/dns_delete,vandalism,scp_then_ssh,setresuid,yes,0,/usr/bin/sudo,sudo,,sudo -n -- bash -lc test -e '/etc/resolv.conf',,,,1001,0,1001,27575,27536,(none),176,privilege_transition,malicious,
1778300648,50506,1.065536,attack_window,20260508_212407_dns_delete_9ci3sG,20260508_212404_scp_nginx_dns_delete_CMzhrV,vandalism/dns_delete,vandalism,scp_then_ssh,,,,,,,,,,,,,,,,,,,ambiguous,
1778300648,50507,1.065536,attack_window,20260508_212407_dns_delete_9ci3sG,20260508_212404_scp_nginx_dns_delete_CMzhrV,vandalism/dns_delete,vandalism,scp_then_ssh,,,,,,,,,,,,,,,,,,,ambiguous,
1778300648,50508,1.065536,attack_window,20260508_212407_dns_delete_9ci3sG,20260508_212404_scp_nginx_dns_delete_CMzhrV,vandalism/dns_delete,vandalism,scp_then_ssh,setgid,yes,0,/usr/bin/sudo,sudo,,sudo -n -- bash -lc test -e '/etc/resolv.conf',,,,1001,0,1001,27575,27536,(none),176,privilege_transition,malicious,
1778300648,50509,1.066535,attack_window,20260508_212407_dns_delete_9ci3sG,20260508_212404_scp_nginx_dns_delete_CMzhrV,vandalism/dns_delete,vandalism,scp_then_ssh,126,yes,0,/usr/bin/sudo,sudo,,sudo -n -- bash -lc test -e '/etc/resolv.conf',,,,1001,0,1001,27575,27536,(none),176,privilege_transition,malicious,
1778300648,50510,1.066535,attack_window,20260508_212407_dns_delete_9ci3sG,20260508_212404_scp_nginx_dns_delete_CMzhrV,vandalism/dns_delete,vandalism,scp_then_ssh,,,,,,,,,,,,,,,,,,,ambiguous,
1778300648,50511,1.066535,attack_window,20260508_212407_dns_delete_9ci3sG,20260508_212404_scp_nginx_dns_delete_CMzhrV,vandalism/dns_delete,vandalism,scp_then_ssh,,,,,,,,,,,,,,,,,,,ambiguous,
1778300648,50512,1.066535,attack_window,20260508_212407_dns_delete_9ci3sG,20260508_212404_scp_nginx_dns_delete_CMzhrV,vandalism/dns_delete,vandalism,scp_then_ssh,setresuid,yes,0,/usr/bin/sudo,sudo,,sudo -n -- bash -lc test -e '/etc/resolv.conf',,,,0,0,1001,27576,27575,(none),176,privilege_transition,malicious,
1778300648,50513,1.066535,attack_window,20260508_212407_dns_delete_9ci3sG,20260508_212404_scp_nginx_dns_delete_CMzhrV,vandalism/dns_delete,vandalism,scp_then_ssh,execve,yes,0,/usr/bin/bash,bash,bash -lc test -e '/etc/resolv.conf',sudo -n -- bash -lc test -e '/etc/resolv.conf',/home/deploy-rkejw,/usr/bin/bash,/usr/bin/bash|/lib64/ld-linux-x86-64.so.2,0,0,1001,27576,27575,(none),176,shell_exec,malicious,
1778300648,50514,1.068536,attack_window,20260508_212407_dns_delete_9ci3sG,20260508_212404_scp_nginx_dns_delete_CMzhrV,vandalism/dns_delete,vandalism,scp_then_ssh,execve,yes,0,/usr/bin/locale-check,locale-check,/usr/bin/locale-check C.UTF-8,/usr/bin/locale-check C.UTF-8,/home/deploy-rkejw,/usr/bin/locale-check,/usr/bin/locale-check|/lib64/ld-linux-x86-64.so.2,0,0,1001,27577,27576,(none),176,exec,benign,
1778300648,50515,1.071536,attack_window,20260508_212407_dns_delete_9ci3sG,20260508_212404_scp_nginx_dns_delete_CMzhrV,vandalism/dns_delete,vandalism,scp_then_ssh,execve,yes,0,/usr/bin/locale,locale,locale,locale,/home/deploy-rkejw,/usr/bin/locale,/usr/bin/locale|/lib64/ld-linux-x86-64.so.2,0,0,1001,27578,27576,(none),176,exec,benign,
1778300648,50516,1.073536,attack_window,20260508_212407_dns_delete_9ci3sG,20260508_212404_scp_nginx_dns_delete_CMzhrV,vandalism/dns_delete,vandalism,scp_then_ssh,execve,yes,0,/usr/bin/mesg,mesg,mesg n,mesg n,/home/deploy-rkejw,/usr/bin/mesg,/usr/bin/mesg|/lib64/ld-linux-x86-64.so.2,0,0,1001,27580,27576,(none),176,exec,benign,
1778300648,50517,1.074536,attack_window,20260508_212407_dns_delete_9ci3sG,20260508_212404_scp_nginx_dns_delete_CMzhrV,vandalism/dns_delete,vandalism,scp_then_ssh,,,,,,,,,,,,,,,,,,,ambiguous,
1778300648,50518,1.074536,attack_window,20260508_212407_dns_delete_9ci3sG,20260508_212404_scp_nginx_dns_delete_CMzhrV,vandalism/dns_delete,vandalism,scp_then_ssh,,,,,,,,,,,,,,,,,,,ambiguous,
1778300648,50519,1.075536,attack_window,20260508_212407_dns_delete_9ci3sG,20260508_212404_scp_nginx_dns_delete_CMzhrV,vandalism/dns_delete,vandalism,scp_then_ssh,openat,yes,3,/usr/bin/bash,bash,,bash /tmp/.cache/aegis_20260508_212407_dns_delete_9ci3sG/runtime.sh,/home/deploy-rkejw,/tmp/.cache/aegis_20260508_212407_dns_delete_9ci3sG/,/tmp/.cache/aegis_20260508_212407_dns_delete_9ci3sG/|/tmp/.cache/aegis_20260508_212407_dns_delete_9ci3sG/metadata.txt,1001,1001,1001,27536,27534,(none),176,tmp_activity,malicious,
1778300648,50520,1.075536,attack_window,20260508_212407_dns_delete_9ci3sG,20260508_212404_scp_nginx_dns_delete_CMzhrV,vandalism/dns_delete,vandalism,scp_then_ssh,openat,yes,3,/usr/bin/bash,bash,,bash /tmp/.cache/aegis_20260508_212407_dns_delete_9ci3sG/runtime.sh,/home/deploy-rkejw,/tmp/.cache/aegis_20260508_212407_dns_delete_9ci3sG/,/tmp/.cache/aegis_20260508_212407_dns_delete_9ci3sG/|/tmp/.cache/aegis_20260508_212407_dns_delete_9ci3sG/metadata.json,1001,1001,1001,27536,27534,(none),176,tmp_activity,malicious,
1778300648,50521,1.077536,attack_window,20260508_212407_dns_delete_9ci3sG,20260508_212404_scp_nginx_dns_delete_CMzhrV,vandalism/dns_delete,vandalism,scp_then_ssh,connect,yes,0,/usr/sbin/sshd,sshd,,sshd: deploy-rkejw [priv],/,/dev/log,/dev/log,1001,1001,1001,27533,27479,(none),176,network_connect,benign,
1778300648,50522,1.078536,attack_window,20260508_212407_dns_delete_9ci3sG,20260508_212404_scp_nginx_dns_delete_CMzhrV,vandalism/dns_delete,vandalism,scp_then_ssh,114,yes,0,/usr/sbin/sshd,sshd,,/usr/sbin/sshd -D -R,,,,0,0,1001,27479,21008,(none),176,privilege_transition,benign,
1778300648,50523,1.078536,attack_window,20260508_212407_dns_delete_9ci3sG,20260508_212404_scp_nginx_dns_delete_CMzhrV,vandalism/dns_delete,vandalism,scp_then_ssh,setresuid,yes,0,/usr/sbin/sshd,sshd,,/usr/sbin/sshd -D -R,,,,0,1001,1001,27479,21008,(none),176,privilege_transition,benign,
1778300648,50524,1.078536,attack_window,20260508_212407_dns_delete_9ci3sG,20260508_212404_scp_nginx_dns_delete_CMzhrV,vandalism/dns_delete,vandalism,scp_then_ssh,113,yes,0,/usr/sbin/sshd,sshd,,/usr/sbin/sshd -D -R,,,,0,0,1001,27479,21008,(none),176,privilege_transition,benign,
1778300648,50525,1.078536,attack_window,20260508_212407_dns_delete_9ci3sG,20260508_212404_scp_nginx_dns_delete_CMzhrV,vandalism/dns_delete,vandalism,scp_then_ssh,114,yes,0,/usr/sbin/sshd,sshd,,/usr/sbin/sshd -D -R,,,,0,0,1001,27479,21008,(none),176,privilege_transition,benign,
1778300648,50526,1.078536,attack_window,20260508_212407_dns_delete_9ci3sG,20260508_212404_scp_nginx_dns_delete_CMzhrV,vandalism/dns_delete,vandalism,scp_then_ssh,connect,yes,0,/usr/sbin/sshd,sshd,,/usr/sbin/sshd -D -R,/,/run/dbus/system_bus_socket,/run/dbus/system_bus_socket,0,0,1001,27479,21008,(none),176,network_connect,benign,
1778300648,50527,1.079535,attack_window,20260508_212407_dns_delete_9ci3sG,20260508_212404_scp_nginx_dns_delete_CMzhrV,vandalism/dns_delete,vandalism,scp_then_ssh,,,,,,,,,,,,,,,,,,,ambiguous,
1778300648,50528,1.079535,attack_window,20260508_212407_dns_delete_9ci3sG,20260508_212404_scp_nginx_dns_delete_CMzhrV,vandalism/dns_delete,vandalism,scp_then_ssh,,,,,,,,,,,,,,,,,,,ambiguous,
1778300648,50529,1.080536,attack_window,20260508_212407_dns_delete_9ci3sG,20260508_212404_scp_nginx_dns_delete_CMzhrV,vandalism/dns_delete,vandalism,scp_then_ssh,setresgid,yes,0,/usr/sbin/sshd,sshd,,/usr/sbin/sshd -D -R,,,,0,0,1001,27479,21008,(none),176,privilege_transition,benign,
1778300648,50530,1.080536,attack_window,20260508_212407_dns_delete_9ci3sG,20260508_212404_scp_nginx_dns_delete_CMzhrV,vandalism/dns_delete,vandalism,scp_then_ssh,setresuid,yes,0,/usr/sbin/sshd,sshd,,/usr/sbin/sshd -D -R,,,,0,1001,1001,27479,21008,(none),176,privilege_transition,benign,
1778300648,50531,1.080536,attack_window,20260508_212407_dns_delete_9ci3sG,20260508_212404_scp_nginx_dns_delete_CMzhrV,vandalism/dns_delete,vandalism,scp_then_ssh,setresuid,yes,0,/usr/sbin/sshd,sshd,,/usr/sbin/sshd -D -R,,,,0,0,1001,27479,21008,(none),176,privilege_transition,benign,
1778300648,50532,1.080536,attack_window,20260508_212407_dns_delete_9ci3sG,20260508_212404_scp_nginx_dns_delete_CMzhrV,vandalism/dns_delete,vandalism,scp_then_ssh,setresgid,yes,0,/usr/sbin/sshd,sshd,,/usr/sbin/sshd -D -R,,,,0,0,1001,27479,21008,(none),176,privilege_transition,benign,
1778300648,50533,1.093536,attack_window,20260508_212407_dns_delete_9ci3sG,20260508_212404_scp_nginx_dns_delete_CMzhrV,vandalism/dns_delete,vandalism,scp_then_ssh,execve,yes,0,/usr/sbin/sshd,sshd,/usr/sbin/sshd -D -R,/usr/sbin/sshd -D -R,/,/usr/sbin/sshd,/usr/sbin/sshd|/lib64/ld-linux-x86-64.so.2,0,0,4294967295,27583,21008,(none),4294967295,exec,benign,
1778300648,50534,1.096536,attack_window,20260508_212407_dns_delete_9ci3sG,20260508_212404_scp_nginx_dns_delete_CMzhrV,vandalism/dns_delete,vandalism,scp_then_ssh,connect,no,-2,/usr/sbin/sshd,sshd,,/usr/sbin/sshd -D -R,/,/var/run/nscd/socket,/var/run/nscd/socket,0,0,4294967295,27583,21008,(none),4294967295,network_connect,benign,
1778300648,50535,1.096536,attack_window,20260508_212407_dns_delete_9ci3sG,20260508_212404_scp_nginx_dns_delete_CMzhrV,vandalism/dns_delete,vandalism,scp_then_ssh,connect,yes,0,/usr/sbin/sshd,sshd,,/usr/sbin/sshd -D -R,,,,0,0,4294967295,27583,21008,(none),4294967295,network_connect,benign,
1778300648,50536,1.096536,attack_window,20260508_212407_dns_delete_9ci3sG,20260508_212404_scp_nginx_dns_delete_CMzhrV,vandalism/dns_delete,vandalism,scp_then_ssh,connect,yes,0,/usr/sbin/sshd,sshd,,/usr/sbin/sshd -D -R,,,,0,0,4294967295,27583,21008,(none),4294967295,network_connect,benign,
1778300648,50537,1.096536,attack_window,20260508_212407_dns_delete_9ci3sG,20260508_212404_scp_nginx_dns_delete_CMzhrV,vandalism/dns_delete,vandalism,scp_then_ssh,connect,yes,0,/usr/sbin/sshd,sshd,,/usr/sbin/sshd -D -R,,,,0,0,4294967295,27583,21008,(none),4294967295,network_connect,benign,
1778300648,50538,1.096536,attack_window,20260508_212407_dns_delete_9ci3sG,20260508_212404_scp_nginx_dns_delete_CMzhrV,vandalism/dns_delete,vandalism,scp_then_ssh,connect,no,-2,/usr/sbin/sshd,sshd,,/usr/sbin/sshd -D -R,/,/var/run/nscd/socket,/var/run/nscd/socket,0,0,4294967295,27583,21008,(none),4294967295,network_connect,benign,
1778300648,50539,1.096536,attack_window,20260508_212407_dns_delete_9ci3sG,20260508_212404_scp_nginx_dns_delete_CMzhrV,vandalism/dns_delete,vandalism,scp_then_ssh,connect,no,-2,/usr/sbin/sshd,sshd,,/usr/sbin/sshd -D -R,/,/var/run/nscd/socket,/var/run/nscd/socket,0,0,4294967295,27583,21008,(none),4294967295,network_connect,benign,
1778300648,50540,1.098536,attack_window,20260508_212407_dns_delete_9ci3sG,20260508_212404_scp_nginx_dns_delete_CMzhrV,vandalism/dns_delete,vandalism,scp_then_ssh,setresgid,yes,0,/usr/sbin/sshd,sshd,,sshd: [accepted],,,,0,0,4294967295,27584,27583,(none),4294967295,privilege_transition,benign,
1778300648,50541,1.099535,attack_window,20260508_212407_dns_delete_9ci3sG,20260508_212404_scp_nginx_dns_delete_CMzhrV,vandalism/dns_delete,vandalism,scp_then_ssh,setresuid,yes,0,/usr/sbin/sshd,sshd,,sshd: [accepted],,,,109,109,4294967295,27584,27583,(none),4294967295,privilege_transition,benign,
1778300648,50542,1.099535,attack_window,20260508_212407_dns_delete_9ci3sG,20260508_212404_scp_nginx_dns_delete_CMzhrV,vandalism/dns_delete,vandalism,scp_then_ssh,setgid,no,-1,/usr/sbin/sshd,sshd,,sshd: [accepted],,,,109,109,4294967295,27584,27583,(none),4294967295,privilege_transition,benign,
1778300648,50543,1.099535,attack_window,20260508_212407_dns_delete_9ci3sG,20260508_212404_scp_nginx_dns_delete_CMzhrV,vandalism/dns_delete,vandalism,scp_then_ssh,setresgid,no,-1,/usr/sbin/sshd,sshd,,sshd: [accepted],,,,109,109,4294967295,27584,27583,(none),4294967295,privilege_transition,benign,
1778300648,50544,1.099535,attack_window,20260508_212407_dns_delete_9ci3sG,20260508_212404_scp_nginx_dns_delete_CMzhrV,vandalism/dns_delete,vandalism,scp_then_ssh,setuid,no,-1,/usr/sbin/sshd,sshd,,sshd: [accepted],,,,109,109,4294967295,27584,27583,(none),4294967295,privilege_transition,benign,
1778300648,50545,1.099535,attack_window,20260508_212407_dns_delete_9ci3sG,20260508_212404_scp_nginx_dns_delete_CMzhrV,vandalism/dns_delete,vandalism,scp_then_ssh,setresuid,no,-1,/usr/sbin/sshd,sshd,,sshd: [accepted],,,,109,109,4294967295,27584,27583,(none),4294967295,privilege_transition,benign,
1778300648,50546,1.200536,attack_window,20260508_212407_dns_delete_9ci3sG,20260508_212404_scp_nginx_dns_delete_CMzhrV,vandalism/dns_delete,vandalism,scp_then_ssh,connect,no,-2,/usr/sbin/sshd,sshd,,/usr/sbin/sshd -D -R,/,/var/run/nscd/socket,/var/run/nscd/socket,0,0,4294967295,27583,21008,(none),4294967295,network_connect,benign,
1778300648,50547,1.200536,attack_window,20260508_212407_dns_delete_9ci3sG,20260508_212404_scp_nginx_dns_delete_CMzhrV,vandalism/dns_delete,vandalism,scp_then_ssh,connect,no,-2,/usr/sbin/sshd,sshd,,/usr/sbin/sshd -D -R,/,/var/run/nscd/socket,/var/run/nscd/socket,0,0,4294967295,27583,21008,(none),4294967295,network_connect,benign,
1778300648,50548,1.200536,attack_window,20260508_212407_dns_delete_9ci3sG,20260508_212404_scp_nginx_dns_delete_CMzhrV,vandalism/dns_delete,vandalism,scp_then_ssh,connect,yes,0,/usr/sbin/sshd,sshd,,/usr/sbin/sshd -D -R,/,/run/systemd/userdb/io.systemd.DynamicUser,/run/systemd/userdb/io.systemd.DynamicUser,0,0,4294967295,27583,21008,(none),4294967295,network_connect,benign,
1778300648,50549,1.201535,attack_window,20260508_212407_dns_delete_9ci3sG,20260508_212404_scp_nginx_dns_delete_CMzhrV,vandalism/dns_delete,vandalism,scp_then_ssh,setresgid,yes,0,/usr/sbin/sshd,sshd,,/usr/sbin/sshd -D -R,,,,0,0,4294967295,27583,21008,(none),4294967295,privilege_transition,benign,
1778300648,50550,1.201535,attack_window,20260508_212407_dns_delete_9ci3sG,20260508_212404_scp_nginx_dns_delete_CMzhrV,vandalism/dns_delete,vandalism,scp_then_ssh,setresuid,yes,0,/usr/sbin/sshd,sshd,,/usr/sbin/sshd -D -R,,,,0,1001,4294967295,27583,21008,(none),4294967295,privilege_transition,benign,
1778300648,50551,1.201535,attack_window,20260508_212407_dns_delete_9ci3sG,20260508_212404_scp_nginx_dns_delete_CMzhrV,vandalism/dns_delete,vandalism,scp_then_ssh,setresuid,yes,0,/usr/sbin/sshd,sshd,,/usr/sbin/sshd -D -R,,,,0,0,4294967295,27583,21008,(none),4294967295,privilege_transition,benign,
1778300648,50552,1.201535,attack_window,20260508_212407_dns_delete_9ci3sG,20260508_212404_scp_nginx_dns_delete_CMzhrV,vandalism/dns_delete,vandalism,scp_then_ssh,setresgid,yes,0,/usr/sbin/sshd,sshd,,/usr/sbin/sshd -D -R,,,,0,0,4294967295,27583,21008,(none),4294967295,privilege_transition,benign,
1778300648,50553,1.201535,attack_window,20260508_212407_dns_delete_9ci3sG,20260508_212404_scp_nginx_dns_delete_CMzhrV,vandalism/dns_delete,vandalism,scp_then_ssh,setresgid,yes,0,/usr/sbin/sshd,sshd,,/usr/sbin/sshd -D -R,,,,0,0,4294967295,27583,21008,(none),4294967295,privilege_transition,benign,
1778300648,50554,1.201535,attack_window,20260508_212407_dns_delete_9ci3sG,20260508_212404_scp_nginx_dns_delete_CMzhrV,vandalism/dns_delete,vandalism,scp_then_ssh,setresuid,yes,0,/usr/sbin/sshd,sshd,,/usr/sbin/sshd -D -R,,,,0,1001,4294967295,27583,21008,(none),4294967295,privilege_transition,benign,
1778300648,50555,1.201535,attack_window,20260508_212407_dns_delete_9ci3sG,20260508_212404_scp_nginx_dns_delete_CMzhrV,vandalism/dns_delete,vandalism,scp_then_ssh,connect,yes,0,/usr/sbin/sshd,sshd,,/usr/sbin/sshd -D -R,/,/dev/log,/dev/log,0,1001,4294967295,27583,21008,(none),4294967295,network_connect,benign,
1778300648,50556,1.202536,attack_window,20260508_212407_dns_delete_9ci3sG,20260508_212404_scp_nginx_dns_delete_CMzhrV,vandalism/dns_delete,vandalism,scp_then_ssh,setresuid,yes,0,/usr/sbin/sshd,sshd,,/usr/sbin/sshd -D -R,,,,0,0,4294967295,27583,21008,(none),4294967295,privilege_transition,benign,
1778300648,50557,1.202536,attack_window,20260508_212407_dns_delete_9ci3sG,20260508_212404_scp_nginx_dns_delete_CMzhrV,vandalism/dns_delete,vandalism,scp_then_ssh,setresgid,yes,0,/usr/sbin/sshd,sshd,,/usr/sbin/sshd -D -R,,,,0,0,4294967295,27583,21008,(none),4294967295,privilege_transition,benign,
1778300648,50558,1.202536,attack_window,20260508_212407_dns_delete_9ci3sG,20260508_212404_scp_nginx_dns_delete_CMzhrV,vandalism/dns_delete,vandalism,scp_then_ssh,,,,,,,,,,,,,,,,,,,ambiguous,
1778300648,50559,1.207536,attack_window,20260508_212407_dns_delete_9ci3sG,20260508_212404_scp_nginx_dns_delete_CMzhrV,vandalism/dns_delete,vandalism,scp_then_ssh,setresgid,yes,0,/usr/sbin/sshd,sshd,,/usr/sbin/sshd -D -R,,,,0,0,4294967295,27583,21008,(none),4294967295,privilege_transition,benign,
1778300648,50560,1.207536,attack_window,20260508_212407_dns_delete_9ci3sG,20260508_212404_scp_nginx_dns_delete_CMzhrV,vandalism/dns_delete,vandalism,scp_then_ssh,setresuid,yes,0,/usr/sbin/sshd,sshd,,/usr/sbin/sshd -D -R,,,,0,1001,4294967295,27583,21008,(none),4294967295,privilege_transition,benign,
1778300648,50561,1.207536,attack_window,20260508_212407_dns_delete_9ci3sG,20260508_212404_scp_nginx_dns_delete_CMzhrV,vandalism/dns_delete,vandalism,scp_then_ssh,setresuid,yes,0,/usr/sbin/sshd,sshd,,/usr/sbin/sshd -D -R,,,,0,0,4294967295,27583,21008,(none),4294967295,privilege_transition,benign,
1778300648,50562,1.207536,attack_window,20260508_212407_dns_delete_9ci3sG,20260508_212404_scp_nginx_dns_delete_CMzhrV,vandalism/dns_delete,vandalism,scp_then_ssh,setresgid,yes,0,/usr/sbin/sshd,sshd,,/usr/sbin/sshd -D -R,,,,0,0,4294967295,27583,21008,(none),4294967295,privilege_transition,benign,
1778300648,50563,1.207536,attack_window,20260508_212407_dns_delete_9ci3sG,20260508_212404_scp_nginx_dns_delete_CMzhrV,vandalism/dns_delete,vandalism,scp_then_ssh,setresgid,yes,0,/usr/sbin/sshd,sshd,,/usr/sbin/sshd -D -R,,,,0,0,4294967295,27583,21008,(none),4294967295,privilege_transition,benign,
1778300648,50564,1.207536,attack_window,20260508_212407_dns_delete_9ci3sG,20260508_212404_scp_nginx_dns_delete_CMzhrV,vandalism/dns_delete,vandalism,scp_then_ssh,setresuid,yes,0,/usr/sbin/sshd,sshd,,/usr/sbin/sshd -D -R,,,,0,1001,4294967295,27583,21008,(none),4294967295,privilege_transition,benign,
1778300648,50565,1.207536,attack_window,20260508_212407_dns_delete_9ci3sG,20260508_212404_scp_nginx_dns_delete_CMzhrV,vandalism/dns_delete,vandalism,scp_then_ssh,connect,yes,0,/usr/sbin/sshd,sshd,,/usr/sbin/sshd -D -R,/,/dev/log,/dev/log,0,1001,4294967295,27583,21008,(none),4294967295,network_connect,benign,
1778300648,50566,1.207536,attack_window,20260508_212407_dns_delete_9ci3sG,20260508_212404_scp_nginx_dns_delete_CMzhrV,vandalism/dns_delete,vandalism,scp_then_ssh,setresuid,yes,0,/usr/sbin/sshd,sshd,,/usr/sbin/sshd -D -R,,,,0,0,4294967295,27583,21008,(none),4294967295,privilege_transition,benign,
1778300648,50567,1.207536,attack_window,20260508_212407_dns_delete_9ci3sG,20260508_212404_scp_nginx_dns_delete_CMzhrV,vandalism/dns_delete,vandalism,scp_then_ssh,setresgid,yes,0,/usr/sbin/sshd,sshd,,/usr/sbin/sshd -D -R,,,,0,0,4294967295,27583,21008,(none),4294967295,privilege_transition,benign,
1778300648,50568,1.207536,attack_window,20260508_212407_dns_delete_9ci3sG,20260508_212404_scp_nginx_dns_delete_CMzhrV,vandalism/dns_delete,vandalism,scp_then_ssh,,,,,,,,,,,,,,,,,,,ambiguous,
1778300648,50569,1.239536,attack_window,20260508_212407_dns_delete_9ci3sG,20260508_212404_scp_nginx_dns_delete_CMzhrV,vandalism/dns_delete,vandalism,scp_then_ssh,connect,yes,0,/usr/sbin/sshd,sshd,,/usr/sbin/sshd -D -R,/,/run/systemd/userdb/io.systemd.DynamicUser,/run/systemd/userdb/io.systemd.DynamicUser,0,0,4294967295,27583,21008,(none),4294967295,network_connect,benign,
1778300648,50570,1.239536,attack_window,20260508_212407_dns_delete_9ci3sG,20260508_212404_scp_nginx_dns_delete_CMzhrV,vandalism/dns_delete,vandalism,scp_then_ssh,,,,,,,,,,,,,,,,,,,ambiguous,
1778300648,50571,1.264536,attack_window,20260508_212407_dns_delete_9ci3sG,20260508_212404_scp_nginx_dns_delete_CMzhrV,vandalism/dns_delete,vandalism,scp_then_ssh,,,,,,,,,,,,,,,,,,,ambiguous,
1778300648,50572,1.264536,attack_window,20260508_212407_dns_delete_9ci3sG,20260508_212404_scp_nginx_dns_delete_CMzhrV,vandalism/dns_delete,vandalism,scp_then_ssh,connect,yes,0,/usr/sbin/sshd,sshd,,/usr/sbin/sshd -D -R,/,/dev/log,/dev/log,0,0,4294967295,27583,21008,(none),4294967295,network_connect,benign,
1778300648,50573,1.264536,attack_window,20260508_212407_dns_delete_9ci3sG,20260508_212404_scp_nginx_dns_delete_CMzhrV,vandalism/dns_delete,vandalism,scp_then_ssh,connect,yes,0,/usr/sbin/sshd,sshd,,/usr/sbin/sshd -D -R,/,/run/systemd/userdb/io.systemd.DynamicUser,/run/systemd/userdb/io.systemd.DynamicUser,0,0,4294967295,27583,21008,(none),4294967295,network_connect,benign,
1778300648,50574,1.266536,attack_window,20260508_212407_dns_delete_9ci3sG,20260508_212404_scp_nginx_dns_delete_CMzhrV,vandalism/dns_delete,vandalism,scp_then_ssh,126,yes,0,/usr/sbin/sshd,sshd,,/usr/sbin/sshd -D -R,,,,0,0,4294967295,27583,21008,(none),4294967295,privilege_transition,benign,
1778300648,50575,1.266536,attack_window,20260508_212407_dns_delete_9ci3sG,20260508_212404_scp_nginx_dns_delete_CMzhrV,vandalism/dns_delete,vandalism,scp_then_ssh,,,,,,,,,,,,,,,,,,,ambiguous,
1778300648,50576,1.266536,attack_window,20260508_212407_dns_delete_9ci3sG,20260508_212404_scp_nginx_dns_delete_CMzhrV,vandalism/dns_delete,vandalism,scp_then_ssh,77,yes,0,/usr/sbin/sshd,sshd,,/usr/sbin/sshd -D -R,,,,0,0,4294967295,27583,21008,(none),4294967295,file_destroy,benign,
1778300648,50577,1.266536,attack_window,20260508_212407_dns_delete_9ci3sG,20260508_212404_scp_nginx_dns_delete_CMzhrV,vandalism/dns_delete,vandalism,scp_then_ssh,write,yes,4,/usr/sbin/sshd,sshd,,/usr/sbin/sshd -D -R,,,,0,0,1001,27583,21008,(none),177,(null),benign,
1778300648,50578,1.266536,attack_window,20260508_212407_dns_delete_9ci3sG,20260508_212404_scp_nginx_dns_delete_CMzhrV,vandalism/dns_delete,vandalism,scp_then_ssh,114,yes,0,/usr/sbin/sshd,sshd,,/usr/sbin/sshd -D -R,,,,0,0,1001,27583,21008,(none),177,privilege_transition,benign,
1778300648,50579,1.266536,attack_window,20260508_212407_dns_delete_9ci3sG,20260508_212404_scp_nginx_dns_delete_CMzhrV,vandalism/dns_delete,vandalism,scp_then_ssh,113,yes,0,/usr/sbin/sshd,sshd,,/usr/sbin/sshd -D -R,,,,1001,0,1001,27583,21008,(none),177,privilege_transition,benign,
1778300648,50580,1.266536,attack_window,20260508_212407_dns_delete_9ci3sG,20260508_212404_scp_nginx_dns_delete_CMzhrV,vandalism/dns_delete,vandalism,scp_then_ssh,113,yes,0,/usr/sbin/sshd,sshd,,/usr/sbin/sshd -D -R,,,,0,0,1001,27583,21008,(none),177,privilege_transition,benign,
1778300648,50581,1.266536,attack_window,20260508_212407_dns_delete_9ci3sG,20260508_212404_scp_nginx_dns_delete_CMzhrV,vandalism/dns_delete,vandalism,scp_then_ssh,114,yes,0,/usr/sbin/sshd,sshd,,/usr/sbin/sshd -D -R,,,,0,0,1001,27583,21008,(none),177,privilege_transition,benign,
1778300648,50582,1.266536,attack_window,20260508_212407_dns_delete_9ci3sG,20260508_212404_scp_nginx_dns_delete_CMzhrV,vandalism/dns_delete,vandalism,scp_then_ssh,connect,yes,0,/usr/sbin/sshd,sshd,,/usr/sbin/sshd -D -R,/,/dev/log,/dev/log,0,0,1001,27583,21008,(none),177,network_connect,benign,
1778300648,50583,1.266536,attack_window,20260508_212407_dns_delete_9ci3sG,20260508_212404_scp_nginx_dns_delete_CMzhrV,vandalism/dns_delete,vandalism,scp_then_ssh,connect,no,-2,/usr/sbin/sshd,sshd,,/usr/sbin/sshd -D -R,/,/run/systemd/userdb/io.systemd.Multiplexer,/run/systemd/userdb/io.systemd.Multiplexer,0,0,1001,27583,21008,(none),177,network_connect,benign,
1778300648,50584,1.267535,attack_window,20260508_212407_dns_delete_9ci3sG,20260508_212404_scp_nginx_dns_delete_CMzhrV,vandalism/dns_delete,vandalism,scp_then_ssh,connect,yes,0,/usr/sbin/sshd,sshd,,/usr/sbin/sshd -D -R,/,/run/systemd/userdb/io.systemd.DynamicUser,/run/systemd/userdb/io.systemd.DynamicUser,0,0,1001,27583,21008,(none),177,network_connect,benign,
1778300648,50585,1.268536,attack_window,20260508_212407_dns_delete_9ci3sG,20260508_212404_scp_nginx_dns_delete_CMzhrV,vandalism/dns_delete,vandalism,scp_then_ssh,connect,yes,0,/usr/sbin/sshd,sshd,,/usr/sbin/sshd -D -R,/,/run/dbus/system_bus_socket,/run/dbus/system_bus_socket,0,0,1001,27583,21008,(none),177,network_connect,benign,
1778300648,50586,1.276536,attack_window,20260508_212407_dns_delete_9ci3sG,20260508_212404_scp_nginx_dns_delete_CMzhrV,vandalism/dns_delete,vandalism,scp_then_ssh,execve,yes,0,/usr/bin/dash,sh,sh -c -- /usr/bin/env -i PATH=/usr/local/sbin:/usr/local/bin:/usr/sbin:/usr/bin:/sbin:/bin run-parts --lsbsysinit /etc/update-motd.d > /run/motd.dynamic.new,sh -c -- /usr/bin/env -i PATH=/usr/local/sbin:/usr/local/bin:/usr/sbin:/usr/bin:/sbin:/bin run-parts --lsbsysinit /etc/update-mo,/,/bin/sh,/bin/sh|/lib64/ld-linux-x86-64.so.2,0,0,1001,27585,27583,(none),177,exec,benign,
1778300648,50587,1.277536,attack_window,20260508_212407_dns_delete_9ci3sG,20260508_212404_scp_nginx_dns_delete_CMzhrV,vandalism/dns_delete,vandalism,scp_then_ssh,execve,yes,0,/usr/bin/env,env,/usr/bin/env -i PATH=/usr/local/sbin:/usr/local/bin:/usr/sbin:/usr/bin:/sbin:/bin run-parts --lsbsysinit /etc/update-motd.d,/usr/bin/env -i PATH=/usr/local/sbin:/usr/local/bin:/usr/sbin:/usr/bin:/sbin:/bin run-parts --lsbsysinit /etc/update-motd.d,/,/usr/bin/env,/usr/bin/env|/lib64/ld-linux-x86-64.so.2,0,0,1001,27586,27585,(none),177,exec,benign,
1778300648,50588,1.279536,attack_window,20260508_212407_dns_delete_9ci3sG,20260508_212404_scp_nginx_dns_delete_CMzhrV,vandalism/dns_delete,vandalism,scp_then_ssh,execve,no,-2,/usr/bin/env,env,,/usr/bin/env -i PATH=/usr/local/sbin:/usr/local/bin:/usr/sbin:/usr/bin:/sbin:/bin run-parts --lsbsysinit /etc/update-motd.d,/,/usr/local/sbin/run-parts,/usr/local/sbin/run-parts,0,0,1001,27586,27585,(none),177,exec,benign,
1778300648,50589,1.279536,attack_window,20260508_212407_dns_delete_9ci3sG,20260508_212404_scp_nginx_dns_delete_CMzhrV,vandalism/dns_delete,vandalism,scp_then_ssh,execve,no,-2,/usr/bin/env,env,,/usr/bin/env -i PATH=/usr/local/sbin:/usr/local/bin:/usr/sbin:/usr/bin:/sbin:/bin run-parts --lsbsysinit /etc/update-motd.d,/,/usr/local/bin/run-parts,/usr/local/bin/run-parts,0,0,1001,27586,27585,(none),177,exec,benign,
1778300648,50590,1.279536,attack_window,20260508_212407_dns_delete_9ci3sG,20260508_212404_scp_nginx_dns_delete_CMzhrV,vandalism/dns_delete,vandalism,scp_then_ssh,execve,no,-2,/usr/bin/env,env,,/usr/bin/env -i PATH=/usr/local/sbin:/usr/local/bin:/usr/sbin:/usr/bin:/sbin:/bin run-parts --lsbsysinit /etc/update-motd.d,/,/usr/sbin/run-parts,/usr/sbin/run-parts,0,0,1001,27586,27585,(none),177,exec,benign,
1778300648,50591,1.279536,attack_window,20260508_212407_dns_delete_9ci3sG,20260508_212404_scp_nginx_dns_delete_CMzhrV,vandalism/dns_delete,vandalism,scp_then_ssh,execve,yes,0,/usr/bin/run-parts,run-parts,run-parts --lsbsysinit /etc/update-motd.d,/usr/bin/env -i PATH=/usr/local/sbin:/usr/local/bin:/usr/sbin:/usr/bin:/sbin:/bin run-parts --lsbsysinit /etc/update-motd.d,/,/usr/bin/run-parts,/usr/bin/run-parts|/lib64/ld-linux-x86-64.so.2,0,0,1001,27586,27585,(none),177,exec,benign,
1778300648,50592,1.281536,attack_window,20260508_212407_dns_delete_9ci3sG,20260508_212404_scp_nginx_dns_delete_CMzhrV,vandalism/dns_delete,vandalism,scp_then_ssh,execve,yes,0,/usr/bin/dash,00-header,/bin/sh /etc/update-motd.d/00-header,/bin/sh /etc/update-motd.d/00-header,/,/etc/update-motd.d/00-header,/etc/update-motd.d/00-header|/bin/sh|/lib64/ld-linux-x86-64.so.2,0,0,1001,27587,27586,(none),177,exec,benign,
1778300648,50593,1.282536,attack_window,20260508_212407_dns_delete_9ci3sG,20260508_212404_scp_nginx_dns_delete_CMzhrV,vandalism/dns_delete,vandalism,scp_then_ssh,execve,yes,0,/usr/bin/uname,uname,uname -o,uname -o,/,/usr/bin/uname,/usr/bin/uname|/lib64/ld-linux-x86-64.so.2,0,0,1001,27588,27587,(none),177,exec,benign,
1778300648,50594,1.284536,attack_window,20260508_212407_dns_delete_9ci3sG,20260508_212404_scp_nginx_dns_delete_CMzhrV,vandalism/dns_delete,vandalism,scp_then_ssh,execve,yes,0,/usr/bin/uname,uname,uname -r,uname -r,/,/usr/bin/uname,/usr/bin/uname|/lib64/ld-linux-x86-64.so.2,0,0,1001,27589,27587,(none),177,exec,benign,
1778300648,50595,1.286536,attack_window,20260508_212407_dns_delete_9ci3sG,20260508_212404_scp_nginx_dns_delete_CMzhrV,vandalism/dns_delete,vandalism,scp_then_ssh,execve,yes,0,/usr/bin/uname,uname,uname -m,uname -m,/,/usr/bin/uname,/usr/bin/uname|/lib64/ld-linux-x86-64.so.2,0,0,1001,27590,27587,(none),177,exec,benign,
1778300648,50596,1.287536,attack_window,20260508_212407_dns_delete_9ci3sG,20260508_212404_scp_nginx_dns_delete_CMzhrV,vandalism/dns_delete,vandalism,scp_then_ssh,execve,yes,0,/usr/bin/dash,10-help-text,/bin/sh /etc/update-motd.d/10-help-text,/bin/sh /etc/update-motd.d/10-help-text,/,/etc/update-motd.d/10-help-text,/etc/update-motd.d/10-help-text|/bin/sh|/lib64/ld-linux-x86-64.so.2,0,0,1001,27591,27586,(none),177,exec,benign,
1778300648,50597,1.290535,attack_window,20260508_212407_dns_delete_9ci3sG,20260508_212404_scp_nginx_dns_delete_CMzhrV,vandalism/dns_delete,vandalism,scp_then_ssh,execve,yes,0,/usr/bin/dash,50-landscape-sy,/bin/sh /etc/update-motd.d/50-landscape-sysinfo,/bin/sh /etc/update-motd.d/50-landscape-sysinfo,/,/etc/update-motd.d/50-landscape-sysinfo,/etc/update-motd.d/50-landscape-sysinfo|/bin/sh|/lib64/ld-linux-x86-64.so.2,0,0,1001,27592,27586,(none),177,exec,benign,
1778300648,50598,1.291536,attack_window,20260508_212407_dns_delete_9ci3sG,20260508_212404_scp_nginx_dns_delete_CMzhrV,vandalism/dns_delete,vandalism,scp_then_ssh,execve,yes,0,/usr/bin/find,find,find /var/lib/landscape/landscape-sysinfo.cache -newermt now-1 minutes,find /var/lib/landscape/landscape-sysinfo.cache -newermt now-1 minutes,/,/usr/bin/find,/usr/bin/find|/lib64/ld-linux-x86-64.so.2,0,0,1001,27593,27592,(none),177,exec,benign,
1778300648,50599,1.292536,attack_window,20260508_212407_dns_delete_9ci3sG,20260508_212404_scp_nginx_dns_delete_CMzhrV,vandalism/dns_delete,vandalism,scp_then_ssh,execve,yes,0,/usr/bin/cat,cat,cat /var/lib/landscape/landscape-sysinfo.cache,cat /var/lib/landscape/landscape-sysinfo.cache,/,/usr/bin/cat,/usr/bin/cat|/lib64/ld-linux-x86-64.so.2,0,0,1001,27594,27592,(none),177,exec,benign,
1778300648,50600,1.293535,attack_window,20260508_212407_dns_delete_9ci3sG,20260508_212404_scp_nginx_dns_delete_CMzhrV,vandalism/dns_delete,vandalism,scp_then_ssh,execve,yes,0,/usr/bin/dash,50-motd-news,/bin/sh /etc/update-motd.d/50-motd-news,/bin/sh /etc/update-motd.d/50-motd-news,/,/etc/update-motd.d/50-motd-news,/etc/update-motd.d/50-motd-news|/bin/sh|/lib64/ld-linux-x86-64.so.2,0,0,1001,27595,27586,(none),177,exec,benign,
1778300648,50601,1.295536,attack_window,20260508_212407_dns_delete_9ci3sG,20260508_212404_scp_nginx_dns_delete_CMzhrV,vandalism/dns_delete,vandalism,scp_then_ssh,execve,yes,0,/usr/bin/cat,cat,cat /var/cache/motd-news,cat /var/cache/motd-news,/,/usr/bin/cat,/usr/bin/cat|/lib64/ld-linux-x86-64.so.2,0,0,1001,27596,27595,(none),177,exec,benign,
1778300648,50602,1.295536,attack_window,20260508_212407_dns_delete_9ci3sG,20260508_212404_scp_nginx_dns_delete_CMzhrV,vandalism/dns_delete,vandalism,scp_then_ssh,execve,yes,0,/usr/bin/head,head,head -n 10,head -n 10,/,/usr/bin/head,/usr/bin/head|/lib64/ld-linux-x86-64.so.2,0,0,1001,27597,27595,(none),177,exec,benign,
1778300648,50603,1.296535,attack_window,20260508_212407_dns_delete_9ci3sG,20260508_212404_scp_nginx_dns_delete_CMzhrV,vandalism/dns_delete,vandalism,scp_then_ssh,execve,yes,0,/usr/bin/tr,tr,tr -d \000-\011\013\014\016-\037,tr -d \000-\011\013\014\016-\037,/,/usr/bin/tr,/usr/bin/tr|/lib64/ld-linux-x86-64.so.2,0,0,1001,27598,27595,(none),177,exec,benign,
1778300648,50604,1.297536,attack_window,20260508_212407_dns_delete_9ci3sG,20260508_212404_scp_nginx_dns_delete_CMzhrV,vandalism/dns_delete,vandalism,scp_then_ssh,execve,yes,0,/usr/bin/cut,cut,cut -c -80,cut -c -80,/,/usr/bin/cut,/usr/bin/cut|/lib64/ld-linux-x86-64.so.2,0,0,1001,27599,27595,(none),177,exec,benign,
1778300648,50605,1.298536,attack_window,20260508_212407_dns_delete_9ci3sG,20260508_212404_scp_nginx_dns_delete_CMzhrV,vandalism/dns_delete,vandalism,scp_then_ssh,execve,yes,0,/usr/bin/dash,85-fwupd,/bin/sh /etc/update-motd.d/85-fwupd,/bin/sh /etc/update-motd.d/85-fwupd,/,/etc/update-motd.d/85-fwupd,/etc/update-motd.d/85-fwupd|/bin/sh|/lib64/ld-linux-x86-64.so.2,0,0,1001,27600,27586,(none),177,exec,benign,
1778300648,50606,1.300536,attack_window,20260508_212407_dns_delete_9ci3sG,20260508_212404_scp_nginx_dns_delete_CMzhrV,vandalism/dns_delete,vandalism,scp_then_ssh,execve,yes,0,/usr/bin/cat,cat,cat /run/motd.d/85-fwupd,cat /run/motd.d/85-fwupd,/,/usr/bin/cat,/usr/bin/cat|/lib64/ld-linux-x86-64.so.2,0,0,1001,27601,27600,(none),177,exec,benign,
1778300648,50607,1.301536,attack_window,20260508_212407_dns_delete_9ci3sG,20260508_212404_scp_nginx_dns_delete_CMzhrV,vandalism/dns_delete,vandalism,scp_then_ssh,execve,yes,0,/usr/bin/dash,90-updates-avai,/bin/sh /etc/update-motd.d/90-updates-available,/bin/sh /etc/update-motd.d/90-updates-available,/,/etc/update-motd.d/90-updates-available,/etc/update-motd.d/90-updates-available|/bin/sh|/lib64/ld-linux-x86-64.so.2,0,0,1001,27602,27586,(none),177,exec,benign,
1778300648,50608,1.302536,attack_window,20260508_212407_dns_delete_9ci3sG,20260508_212404_scp_nginx_dns_delete_CMzhrV,vandalism/dns_delete,vandalism,scp_then_ssh,execve,yes,0,/usr/bin/cat,cat,cat /var/lib/update-notifier/updates-available,cat /var/lib/update-notifier/updates-available,/,/usr/bin/cat,/usr/bin/cat|/lib64/ld-linux-x86-64.so.2,0,0,1001,27603,27602,(none),177,exec,benign,
1778300648,50609,1.303535,attack_window,20260508_212407_dns_delete_9ci3sG,20260508_212404_scp_nginx_dns_delete_CMzhrV,vandalism/dns_delete,vandalism,scp_then_ssh,execve,yes,0,/usr/bin/find,find,find /var/lib/update-notifier/updates-available -newermt now-7 days,find /var/lib/update-notifier/updates-available -newermt now-7 days,/,/usr/bin/find,/usr/bin/find|/lib64/ld-linux-x86-64.so.2,0,0,1001,27604,27602,(none),177,exec,benign,
1778300648,50610,1.305536,attack_window,20260508_212407_dns_delete_9ci3sG,20260508_212404_scp_nginx_dns_delete_CMzhrV,vandalism/dns_delete,vandalism,scp_then_ssh,execve,yes,0,/usr/bin/grep,grep,grep -q -m 1 .,grep -q -m 1 .,/,/usr/bin/grep,/usr/bin/grep|/lib64/ld-linux-x86-64.so.2,0,0,1001,27605,27602,(none),177,exec,benign,
1778300648,50611,1.306535,attack_window,20260508_212407_dns_delete_9ci3sG,20260508_212404_scp_nginx_dns_delete_CMzhrV,vandalism/dns_delete,vandalism,scp_then_ssh,execve,yes,0,/usr/bin/dash,91-contract-ua-,/bin/sh /etc/update-motd.d/91-contract-ua-esm-status,/bin/sh /etc/update-motd.d/91-contract-ua-esm-status,/,/etc/update-motd.d/91-contract-ua-esm-status,/etc/update-motd.d/91-contract-ua-esm-status|/bin/sh|/lib64/ld-linux-x86-64.so.2,0,0,1001,27606,27586,(none),177,exec,benign,
1778300648,50612,1.307536,attack_window,20260508_212407_dns_delete_9ci3sG,20260508_212404_scp_nginx_dns_delete_CMzhrV,vandalism/dns_delete,vandalism,scp_then_ssh,execve,yes,0,/usr/bin/dash,91-release-upgr,/bin/sh /etc/update-motd.d/91-release-upgrade,/bin/sh /etc/update-motd.d/91-release-upgrade,/,/etc/update-motd.d/91-release-upgrade,/etc/update-motd.d/91-release-upgrade|/bin/sh|/lib64/ld-linux-x86-64.so.2,0,0,1001,27607,27586,(none),177,exec,benign,
1778300648,50613,1.307536,attack_window,20260508_212407_dns_delete_9ci3sG,20260508_212404_scp_nginx_dns_delete_CMzhrV,vandalism/dns_delete,vandalism,scp_then_ssh,execve,yes,0,/usr/bin/cut,cut,cut -d -f4,cut -d -f4,/,/usr/bin/cut,/usr/bin/cut|/lib64/ld-linux-x86-64.so.2,0,0,1001,27610,27608,(none),177,exec,benign,
1778300648,50614,1.309536,attack_window,20260508_212407_dns_delete_9ci3sG,20260508_212404_scp_nginx_dns_delete_CMzhrV,vandalism/dns_delete,vandalism,scp_then_ssh,execve,yes,0,/usr/bin/id,id,id -u,id -u,/,/usr/bin/id,/usr/bin/id|/lib64/ld-linux-x86-64.so.2,0,0,1001,27611,27607,(none),177,exec,benign,
1778300648,50615,1.310536,attack_window,20260508_212407_dns_delete_9ci3sG,20260508_212404_scp_nginx_dns_delete_CMzhrV,vandalism/dns_delete,vandalism,scp_then_ssh,execve,yes,0,/usr/bin/dash,release-upgrade,/bin/sh -e /usr/lib/ubuntu-release-upgrader/release-upgrade-motd,/bin/sh /etc/update-motd.d/91-release-upgrade,/,/usr/lib/ubuntu-release-upgrader/release-upgrade-motd,/usr/lib/ubuntu-release-upgrader/release-upgrade-motd|/bin/sh|/lib64/ld-linux-x86-64.so.2,0,0,1001,27607,27586,(none),177,exec,benign,
1778300648,50616,1.311536,attack_window,20260508_212407_dns_delete_9ci3sG,20260508_212404_scp_nginx_dns_delete_CMzhrV,vandalism/dns_delete,vandalism,scp_then_ssh,execve,yes,0,/usr/bin/date,date,date +%s,date +%s,/,/usr/bin/date,/usr/bin/date|/lib64/ld-linux-x86-64.so.2,0,0,1001,27612,27607,(none),177,exec,benign,
1778300648,50617,1.312536,attack_window,20260508_212407_dns_delete_9ci3sG,20260508_212404_scp_nginx_dns_delete_CMzhrV,vandalism/dns_delete,vandalism,scp_then_ssh,execve,yes,0,/usr/bin/stat,stat,stat -c %Y /var/lib/ubuntu-release-upgrader/release-upgrade-available,stat -c %Y /var/lib/ubuntu-release-upgrader/release-upgrade-available,/,/usr/bin/stat,/usr/bin/stat|/lib64/ld-linux-x86-64.so.2,0,0,1001,27613,27607,(none),177,exec,benign,
1778300648,50618,1.314536,attack_window,20260508_212407_dns_delete_9ci3sG,20260508_212404_scp_nginx_dns_delete_CMzhrV,vandalism/dns_delete,vandalism,scp_then_ssh,execve,yes,0,/usr/bin/expr,expr,expr 1778282941 + 86400,expr 1778282941 + 86400,/,/usr/bin/expr,/usr/bin/expr|/lib64/ld-linux-x86-64.so.2,0,0,1001,27614,27607,(none),177,exec,benign,
1778300648,50619,1.315536,attack_window,20260508_212407_dns_delete_9ci3sG,20260508_212404_scp_nginx_dns_delete_CMzhrV,vandalism/dns_delete,vandalism,scp_then_ssh,execve,yes,0,/usr/bin/dash,92-unattended-u,/bin/sh /etc/update-motd.d/92-unattended-upgrades,/bin/sh /etc/update-motd.d/92-unattended-upgrades,/,/etc/update-motd.d/92-unattended-upgrades,/etc/update-motd.d/92-unattended-upgrades|/bin/sh|/lib64/ld-linux-x86-64.so.2,0,0,1001,27615,27586,(none),177,exec,benign,
1778300648,50620,1.316535,attack_window,20260508_212407_dns_delete_9ci3sG,20260508_212404_scp_nginx_dns_delete_CMzhrV,vandalism/dns_delete,vandalism,scp_then_ssh,execve,yes,0,/usr/bin/dash,update-motd-una,/bin/sh /usr/share/unattended-upgrades/update-motd-unattended-upgrades,/bin/sh /etc/update-motd.d/92-unattended-upgrades,/,/usr/share/unattended-upgrades/update-motd-unattended-upgrades,/usr/share/unattended-upgrades/update-motd-unattended-upgrades|/bin/sh|/lib64/ld-linux-x86-64.so.2,0,0,1001,27615,27586,(none),177,exec,benign,
1778300648,50621,1.317536,attack_window,20260508_212407_dns_delete_9ci3sG,20260508_212404_scp_nginx_dns_delete_CMzhrV,vandalism/dns_delete,vandalism,scp_then_ssh,execve,yes,0,/usr/bin/dash,95-hwe-eol,/bin/sh /etc/update-motd.d/95-hwe-eol,/bin/sh /etc/update-motd.d/95-hwe-eol,/,/etc/update-motd.d/95-hwe-eol,/etc/update-motd.d/95-hwe-eol|/bin/sh|/lib64/ld-linux-x86-64.so.2,0,0,1001,27616,27586,(none),177,exec,benign,
1778300648,50622,1.318536,attack_window,20260508_212407_dns_delete_9ci3sG,20260508_212404_scp_nginx_dns_delete_CMzhrV,vandalism/dns_delete,vandalism,scp_then_ssh,execve,yes,0,/usr/bin/find,find,find /var/lib/update-notifier/hwe-eol -newermt now-1 days,find /var/lib/update-notifier/hwe-eol -newermt now-1 days,/,/usr/bin/find,/usr/bin/find|/lib64/ld-linux-x86-64.so.2,0,0,1001,27617,27616,(none),177,exec,benign,
1778300648,50623,1.319535,attack_window,20260508_212407_dns_delete_9ci3sG,20260508_212404_scp_nginx_dns_delete_CMzhrV,vandalism/dns_delete,vandalism,scp_then_ssh,execve,yes,0,/usr/bin/dash,97-overlayroot,/bin/sh /etc/update-motd.d/97-overlayroot,/bin/sh /etc/update-motd.d/97-overlayroot,/,/etc/update-motd.d/97-overlayroot,/etc/update-motd.d/97-overlayroot|/bin/sh|/lib64/ld-linux-x86-64.so.2,0,0,1001,27618,27586,(none),177,exec,benign,
1778300648,50624,1.320536,attack_window,20260508_212407_dns_delete_9ci3sG,20260508_212404_scp_nginx_dns_delete_CMzhrV,vandalism/dns_delete,vandalism,scp_then_ssh,execve,yes,0,/usr/bin/dash,egrep,/bin/sh /usr/bin/egrep overlayroot|/media/root-ro|/media/root-rw /proc/mounts,/bin/sh /usr/bin/egrep overlayroot|/media/root-ro|/media/root-rw /proc/mounts,/,/usr/bin/egrep,/usr/bin/egrep|/bin/sh|/lib64/ld-linux-x86-64.so.2,0,0,1001,27620,27619,(none),177,exec,benign,
1778300648,50625,1.321536,attack_window,20260508_212407_dns_delete_9ci3sG,20260508_212404_scp_nginx_dns_delete_CMzhrV,vandalism/dns_delete,vandalism,scp_then_ssh,execve,no,-2,/usr/bin/dash,egrep,,/bin/sh /usr/bin/egrep overlayroot|/media/root-ro|/media/root-rw /proc/mounts,/,/usr/local/sbin/grep,/usr/local/sbin/grep,0,0,1001,27620,27619,(none),177,exec,benign,
1778300648,50626,1.321536,attack_window,20260508_212407_dns_delete_9ci3sG,20260508_212404_scp_nginx_dns_delete_CMzhrV,vandalism/dns_delete,vandalism,scp_then_ssh,execve,no,-2,/usr/bin/dash,egrep,,/bin/sh /usr/bin/egrep overlayroot|/media/root-ro|/media/root-rw /proc/mounts,/,/usr/local/bin/grep,/usr/local/bin/grep,0,0,1001,27620,27619,(none),177,exec,benign,
1778300648,50627,1.321536,attack_window,20260508_212407_dns_delete_9ci3sG,20260508_212404_scp_nginx_dns_delete_CMzhrV,vandalism/dns_delete,vandalism,scp_then_ssh,execve,no,-2,/usr/bin/dash,egrep,,/bin/sh /usr/bin/egrep overlayroot|/media/root-ro|/media/root-rw /proc/mounts,/,/usr/sbin/grep,/usr/sbin/grep,0,0,1001,27620,27619,(none),177,exec,benign,
1778300648,50628,1.321536,attack_window,20260508_212407_dns_delete_9ci3sG,20260508_212404_scp_nginx_dns_delete_CMzhrV,vandalism/dns_delete,vandalism,scp_then_ssh,execve,yes,0,/usr/bin/sort,sort,sort -r,sort -r,/,/usr/bin/sort,/usr/bin/sort|/lib64/ld-linux-x86-64.so.2,0,0,1001,27621,27619,(none),177,exec,benign,
1778300648,50629,1.321536,attack_window,20260508_212407_dns_delete_9ci3sG,20260508_212404_scp_nginx_dns_delete_CMzhrV,vandalism/dns_delete,vandalism,scp_then_ssh,execve,yes,0,/usr/bin/grep,grep,grep -E overlayroot|/media/root-ro|/media/root-rw /proc/mounts,/bin/sh /usr/bin/egrep overlayroot|/media/root-ro|/media/root-rw /proc/mounts,/,/usr/bin/grep,/usr/bin/grep|/lib64/ld-linux-x86-64.so.2,0,0,1001,27620,27619,(none),177,exec,benign,
1778300648,50630,1.325536,attack_window,20260508_212407_dns_delete_9ci3sG,20260508_212404_scp_nginx_dns_delete_CMzhrV,vandalism/dns_delete,vandalism,scp_then_ssh,execve,yes,0,/usr/bin/dash,98-fsck-at-rebo,/bin/sh /etc/update-motd.d/98-fsck-at-reboot,/bin/sh /etc/update-motd.d/98-fsck-at-reboot,/,/etc/update-motd.d/98-fsck-at-reboot,/etc/update-motd.d/98-fsck-at-reboot|/bin/sh|/lib64/ld-linux-x86-64.so.2,0,0,1001,27622,27586,(none),177,exec,benign,
1778300648,50631,1.326535,attack_window,20260508_212407_dns_delete_9ci3sG,20260508_212404_scp_nginx_dns_delete_CMzhrV,vandalism/dns_delete,vandalism,scp_then_ssh,execve,yes,0,/usr/bin/dash,update-motd-fsc,/bin/sh /usr/lib/update-notifier/update-motd-fsck-at-reboot,/bin/sh /etc/update-motd.d/98-fsck-at-reboot,/,/usr/lib/update-notifier/update-motd-fsck-at-reboot,/usr/lib/update-notifier/update-motd-fsck-at-reboot|/bin/sh|/lib64/ld-linux-x86-64.so.2,0,0,1001,27622,27586,(none),177,exec,benign,
1778300648,50632,1.327536,attack_window,20260508_212407_dns_delete_9ci3sG,20260508_212404_scp_nginx_dns_delete_CMzhrV,vandalism/dns_delete,vandalism,scp_then_ssh,execve,yes,0,/usr/bin/id,id,id -u,id -u,/,/usr/bin/id,/usr/bin/id|/lib64/ld-linux-x86-64.so.2,0,0,1001,27623,27622,(none),177,exec,benign,
1778300648,50633,1.330536,attack_window,20260508_212407_dns_delete_9ci3sG,20260508_212404_scp_nginx_dns_delete_CMzhrV,vandalism/dns_delete,vandalism,scp_then_ssh,execve,yes,0,/usr/bin/stat,stat,stat -c %Y /var/lib/update-notifier/fsck-at-reboot,stat -c %Y /var/lib/update-notifier/fsck-at-reboot,/,/usr/bin/stat,/usr/bin/stat|/lib64/ld-linux-x86-64.so.2,0,0,1001,27624,27622,(none),177,exec,benign,
1778300648,50634,1.331536,attack_window,20260508_212407_dns_delete_9ci3sG,20260508_212404_scp_nginx_dns_delete_CMzhrV,vandalism/dns_delete,vandalism,scp_then_ssh,execve,yes,0,/usr/bin/gawk,awk,awk {print $1} /proc/uptime,awk {print $1} /proc/uptime,/,/usr/bin/awk,/usr/bin/awk|/lib64/ld-linux-x86-64.so.2,0,0,1001,27626,27625,(none),177,exec,benign,
1778300648,50635,1.333536,attack_window,20260508_212407_dns_delete_9ci3sG,20260508_212404_scp_nginx_dns_delete_CMzhrV,vandalism/dns_delete,vandalism,scp_then_ssh,execve,yes,0,/usr/bin/date,date,date -d now - 2894.36 seconds +%s,date -d now - 2894.36 seconds +%s,/,/usr/bin/date,/usr/bin/date|/lib64/ld-linux-x86-64.so.2,0,0,1001,27625,27622,(none),177,exec,benign,
1778300648,50636,1.334536,attack_window,20260508_212407_dns_delete_9ci3sG,20260508_212404_scp_nginx_dns_delete_CMzhrV,vandalism/dns_delete,vandalism,scp_then_ssh,execve,yes,0,/usr/bin/date,date,date +%s,date +%s,/,/usr/bin/date,/usr/bin/date|/lib64/ld-linux-x86-64.so.2,0,0,1001,27627,27622,(none),177,exec,benign,
1778300648,50637,1.335536,attack_window,20260508_212407_dns_delete_9ci3sG,20260508_212404_scp_nginx_dns_delete_CMzhrV,vandalism/dns_delete,vandalism,scp_then_ssh,execve,yes,0,/usr/bin/cat,cat,cat /var/lib/update-notifier/fsck-at-reboot,cat /var/lib/update-notifier/fsck-at-reboot,/,/usr/bin/cat,/usr/bin/cat|/lib64/ld-linux-x86-64.so.2,0,0,1001,27628,27622,(none),177,exec,benign,
1778300648,50638,1.336535,attack_window,20260508_212407_dns_delete_9ci3sG,20260508_212404_scp_nginx_dns_delete_CMzhrV,vandalism/dns_delete,vandalism,scp_then_ssh,execve,yes,0,/usr/bin/dash,98-reboot-requi,/bin/sh /etc/update-motd.d/98-reboot-required,/bin/sh /etc/update-motd.d/98-reboot-required,/,/etc/update-motd.d/98-reboot-required,/etc/update-motd.d/98-reboot-required|/bin/sh|/lib64/ld-linux-x86-64.so.2,0,0,1001,27629,27586,(none),177,exec,benign,
1778300648,50639,1.337536,attack_window,20260508_212407_dns_delete_9ci3sG,20260508_212404_scp_nginx_dns_delete_CMzhrV,vandalism/dns_delete,vandalism,scp_then_ssh,execve,yes,0,/usr/bin/dash,update-motd-reb,/bin/sh -e /usr/lib/update-notifier/update-motd-reboot-required,/bin/sh /etc/update-motd.d/98-reboot-required,/,/usr/lib/update-notifier/update-motd-reboot-required,/usr/lib/update-notifier/update-motd-reboot-required|/bin/sh|/lib64/ld-linux-x86-64.so.2,0,0,1001,27629,27586,(none),177,exec,benign,
1778300648,50640,1.338536,attack_window,20260508_212407_dns_delete_9ci3sG,20260508_212404_scp_nginx_dns_delete_CMzhrV,vandalism/dns_delete,vandalism,scp_then_ssh,rename,yes,0,/usr/sbin/sshd,sshd,,/usr/sbin/sshd -D -R,/,/run/,/run/|/run/motd.dynamic.new|/run/motd.dynamic,0,0,1001,27583,21008,(none),177,file_destroy,benign,
1778300648,50641,1.338536,attack_window,20260508_212407_dns_delete_9ci3sG,20260508_212404_scp_nginx_dns_delete_CMzhrV,vandalism/dns_delete,vandalism,scp_then_ssh,connect,yes,0,/usr/sbin/sshd,sshd,,/usr/sbin/sshd -D -R,/,/run/systemd/userdb/io.systemd.DynamicUser,/run/systemd/userdb/io.systemd.DynamicUser,0,0,1001,27583,21008,(none),177,network_connect,benign,
1778300648,50642,1.339535,attack_window,20260508_212407_dns_delete_9ci3sG,20260508_212404_scp_nginx_dns_delete_CMzhrV,vandalism/dns_delete,vandalism,scp_then_ssh,connect,yes,0,/usr/sbin/sshd,sshd,,/usr/sbin/sshd -D -R,/,/run/systemd/userdb/io.systemd.DynamicUser,/run/systemd/userdb/io.systemd.DynamicUser,0,0,1001,27583,21008,(none),177,network_connect,benign,
1778300648,50643,1.339535,attack_window,20260508_212407_dns_delete_9ci3sG,20260508_212404_scp_nginx_dns_delete_CMzhrV,vandalism/dns_delete,vandalism,scp_then_ssh,connect,yes,0,/usr/sbin/sshd,sshd,,/usr/sbin/sshd -D -R,/,/run/systemd/userdb/io.systemd.DynamicUser,/run/systemd/userdb/io.systemd.DynamicUser,0,0,1001,27583,21008,(none),177,network_connect,benign,
1778300648,50644,1.340536,attack_window,20260508_212407_dns_delete_9ci3sG,20260508_212404_scp_nginx_dns_delete_CMzhrV,vandalism/dns_delete,vandalism,scp_then_ssh,connect,yes,0,/usr/sbin/sshd,sshd,,/usr/sbin/sshd -D -R,/,/run/systemd/userdb/io.systemd.DynamicUser,/run/systemd/userdb/io.systemd.DynamicUser,0,0,1001,27583,21008,(none),177,network_connect,benign,
1778300648,50645,1.340536,attack_window,20260508_212407_dns_delete_9ci3sG,20260508_212404_scp_nginx_dns_delete_CMzhrV,vandalism/dns_delete,vandalism,scp_then_ssh,connect,yes,0,/usr/sbin/sshd,sshd,,/usr/sbin/sshd -D -R,/,/run/systemd/userdb/io.systemd.DynamicUser,/run/systemd/userdb/io.systemd.DynamicUser,0,0,1001,27583,21008,(none),177,network_connect,benign,
1778300648,50646,1.340536,attack_window,20260508_212407_dns_delete_9ci3sG,20260508_212404_scp_nginx_dns_delete_CMzhrV,vandalism/dns_delete,vandalism,scp_then_ssh,,,,,,,,,,,,,,,,,,,ambiguous,
1778300648,50647,1.341536,attack_window,20260508_212407_dns_delete_9ci3sG,20260508_212404_scp_nginx_dns_delete_CMzhrV,vandalism/dns_delete,vandalism,scp_then_ssh,setgid,yes,0,/usr/sbin/sshd,sshd,,sshd: deploy-rkejw [priv],,,,0,0,1001,27630,27583,(none),177,privilege_transition,benign,
1778300648,50648,1.341536,attack_window,20260508_212407_dns_delete_9ci3sG,20260508_212404_scp_nginx_dns_delete_CMzhrV,vandalism/dns_delete,vandalism,scp_then_ssh,connect,yes,0,/usr/sbin/sshd,sshd,,sshd: deploy-rkejw [priv],/,/run/systemd/userdb/io.systemd.DynamicUser,/run/systemd/userdb/io.systemd.DynamicUser,0,0,1001,27630,27583,(none),177,network_connect,benign,
1778300648,50649,1.342535,attack_window,20260508_212407_dns_delete_9ci3sG,20260508_212404_scp_nginx_dns_delete_CMzhrV,vandalism/dns_delete,vandalism,scp_then_ssh,connect,yes,0,/usr/sbin/sshd,sshd,,sshd: deploy-rkejw [priv],/,/run/systemd/userdb/io.systemd.DynamicUser,/run/systemd/userdb/io.systemd.DynamicUser,0,0,1001,27630,27583,(none),177,network_connect,benign,
1778300648,50650,1.342535,attack_window,20260508_212407_dns_delete_9ci3sG,20260508_212404_scp_nginx_dns_delete_CMzhrV,vandalism/dns_delete,vandalism,scp_then_ssh,126,yes,0,/usr/sbin/sshd,sshd,,sshd: deploy-rkejw [priv],,,,0,0,1001,27630,27583,(none),177,privilege_transition,benign,
1778300648,50651,1.342535,attack_window,20260508_212407_dns_delete_9ci3sG,20260508_212404_scp_nginx_dns_delete_CMzhrV,vandalism/dns_delete,vandalism,scp_then_ssh,,,,,,,,,,,,,,,,,,,ambiguous,
1778300648,50652,1.342535,attack_window,20260508_212407_dns_delete_9ci3sG,20260508_212404_scp_nginx_dns_delete_CMzhrV,vandalism/dns_delete,vandalism,scp_then_ssh,setresgid,yes,0,/usr/sbin/sshd,sshd,,sshd: deploy-rkejw [priv],,,,0,0,1001,27630,27583,(none),177,privilege_transition,benign,
1778300648,50653,1.342535,attack_window,20260508_212407_dns_delete_9ci3sG,20260508_212404_scp_nginx_dns_delete_CMzhrV,vandalism/dns_delete,vandalism,scp_then_ssh,setresuid,yes,0,/usr/sbin/sshd,sshd,,sshd: deploy-rkejw [priv],,,,1001,1001,1001,27630,27583,(none),177,privilege_transition,benign,
1778300648,50654,1.342535,attack_window,20260508_212407_dns_delete_9ci3sG,20260508_212404_scp_nginx_dns_delete_CMzhrV,vandalism/dns_delete,vandalism,scp_then_ssh,setuid,no,-1,/usr/sbin/sshd,sshd,,sshd: deploy-rkejw [priv],,,,1001,1001,1001,27630,27583,(none),177,privilege_transition,benign,
1778300648,50655,1.342535,attack_window,20260508_212407_dns_delete_9ci3sG,20260508_212404_scp_nginx_dns_delete_CMzhrV,vandalism/dns_delete,vandalism,scp_then_ssh,setresuid,no,-1,/usr/sbin/sshd,sshd,,sshd: deploy-rkejw [priv],,,,1001,1001,1001,27630,27583,(none),177,privilege_transition,benign,
1778300648,50656,1.392535,attack_window,20260508_212407_dns_delete_9ci3sG,20260508_212404_scp_nginx_dns_delete_CMzhrV,vandalism/dns_delete,vandalism,scp_then_ssh,execve,yes,0,/usr/bin/bash,bash,bash -c /usr/lib/openssh/sftp-server,bash -c /usr/lib/openssh/sftp-server,/home/deploy-rkejw,/bin/bash,/bin/bash|/lib64/ld-linux-x86-64.so.2,1001,1001,1001,27631,27630,(none),177,shell_exec,benign,
1778300648,50657,1.393536,attack_window,20260508_212407_dns_delete_9ci3sG,20260508_212404_scp_nginx_dns_delete_CMzhrV,vandalism/dns_delete,vandalism,scp_then_ssh,execve,yes,0,/usr/lib/openssh/sftp-server,sftp-server,/usr/lib/openssh/sftp-server,bash -c /usr/lib/openssh/sftp-server,/home/deploy-rkejw,/usr/lib/openssh/sftp-server,/usr/lib/openssh/sftp-server|/lib64/ld-linux-x86-64.so.2,1001,1001,1001,27631,27630,(none),177,exec,benign,
1778300648,50658,1.395535,attack_window,20260508_212407_dns_delete_9ci3sG,20260508_212404_scp_nginx_dns_delete_CMzhrV,vandalism/dns_delete,vandalism,scp_then_ssh,connect,no,-2,/usr/lib/openssh/sftp-server,sftp-server,,bash -c /usr/lib/openssh/sftp-server,/home/deploy-rkejw,/var/run/nscd/socket,/var/run/nscd/socket,1001,1001,1001,27631,27630,(none),177,network_connect,benign,
1778300648,50659,1.395535,attack_window,20260508_212407_dns_delete_9ci3sG,20260508_212404_scp_nginx_dns_delete_CMzhrV,vandalism/dns_delete,vandalism,scp_then_ssh,connect,no,-2,/usr/lib/openssh/sftp-server,sftp-server,,bash -c /usr/lib/openssh/sftp-server,/home/deploy-rkejw,/var/run/nscd/socket,/var/run/nscd/socket,1001,1001,1001,27631,27630,(none),177,network_connect,benign,
1778300648,50660,1.401536,attack_window,20260508_212407_dns_delete_9ci3sG,20260508_212404_scp_nginx_dns_delete_CMzhrV,vandalism/dns_delete,vandalism,scp_then_ssh,connect,yes,0,/usr/sbin/sshd,sshd,,sshd: deploy-rkejw [priv],/,/dev/log,/dev/log,1001,1001,1001,27630,27583,(none),177,network_connect,benign,
1778300648,50661,1.401536,attack_window,20260508_212407_dns_delete_9ci3sG,20260508_212404_scp_nginx_dns_delete_CMzhrV,vandalism/dns_delete,vandalism,scp_then_ssh,114,yes,0,/usr/sbin/sshd,sshd,,/usr/sbin/sshd -D -R,,,,0,0,1001,27583,21008,(none),177,privilege_transition,benign,
1778300648,50662,1.401536,attack_window,20260508_212407_dns_delete_9ci3sG,20260508_212404_scp_nginx_dns_delete_CMzhrV,vandalism/dns_delete,vandalism,scp_then_ssh,setresuid,yes,0,/usr/sbin/sshd,sshd,,/usr/sbin/sshd -D -R,,,,0,1001,1001,27583,21008,(none),177,privilege_transition,benign,
1778300648,50663,1.401536,attack_window,20260508_212407_dns_delete_9ci3sG,20260508_212404_scp_nginx_dns_delete_CMzhrV,vandalism/dns_delete,vandalism,scp_then_ssh,113,yes,0,/usr/sbin/sshd,sshd,,/usr/sbin/sshd -D -R,,,,0,0,1001,27583,21008,(none),177,privilege_transition,benign,
1778300648,50664,1.401536,attack_window,20260508_212407_dns_delete_9ci3sG,20260508_212404_scp_nginx_dns_delete_CMzhrV,vandalism/dns_delete,vandalism,scp_then_ssh,114,yes,0,/usr/sbin/sshd,sshd,,/usr/sbin/sshd -D -R,,,,0,0,1001,27583,21008,(none),177,privilege_transition,benign,
1778300648,50665,1.401536,attack_window,20260508_212407_dns_delete_9ci3sG,20260508_212404_scp_nginx_dns_delete_CMzhrV,vandalism/dns_delete,vandalism,scp_then_ssh,connect,yes,0,/usr/sbin/sshd,sshd,,/usr/sbin/sshd -D -R,/,/run/dbus/system_bus_socket,/run/dbus/system_bus_socket,0,0,1001,27583,21008,(none),177,network_connect,benign,
1778300648,50666,1.402536,attack_window,20260508_212407_dns_delete_9ci3sG,20260508_212404_scp_nginx_dns_delete_CMzhrV,vandalism/dns_delete,vandalism,scp_then_ssh,,,,,,,,,,,,,,,,,,,ambiguous,
1778300648,50667,1.402536,attack_window,20260508_212407_dns_delete_9ci3sG,20260508_212404_scp_nginx_dns_delete_CMzhrV,vandalism/dns_delete,vandalism,scp_then_ssh,,,,,,,,,,,,,,,,,,,ambiguous,
1778300648,50668,1.403536,attack_window,20260508_212407_dns_delete_9ci3sG,20260508_212404_scp_nginx_dns_delete_CMzhrV,vandalism/dns_delete,vandalism,scp_then_ssh,setresgid,yes,0,/usr/sbin/sshd,sshd,,/usr/sbin/sshd -D -R,,,,0,0,1001,27583,21008,(none),177,privilege_transition,benign,
1778300648,50669,1.403536,attack_window,20260508_212407_dns_delete_9ci3sG,20260508_212404_scp_nginx_dns_delete_CMzhrV,vandalism/dns_delete,vandalism,scp_then_ssh,setresuid,yes,0,/usr/sbin/sshd,sshd,,/usr/sbin/sshd -D -R,,,,0,1001,1001,27583,21008,(none),177,privilege_transition,benign,
1778300648,50670,1.403536,attack_window,20260508_212407_dns_delete_9ci3sG,20260508_212404_scp_nginx_dns_delete_CMzhrV,vandalism/dns_delete,vandalism,scp_then_ssh,setresuid,yes,0,/usr/sbin/sshd,sshd,,/usr/sbin/sshd -D -R,,,,0,0,1001,27583,21008,(none),177,privilege_transition,benign,
1778300648,50671,1.403536,attack_window,20260508_212407_dns_delete_9ci3sG,20260508_212404_scp_nginx_dns_delete_CMzhrV,vandalism/dns_delete,vandalism,scp_then_ssh,setresgid,yes,0,/usr/sbin/sshd,sshd,,/usr/sbin/sshd -D -R,,,,0,0,1001,27583,21008,(none),177,privilege_transition,benign,
1778300648,50672,1.416536,attack_window,20260508_212407_dns_delete_9ci3sG,20260508_212404_scp_nginx_dns_delete_CMzhrV,vandalism/dns_delete,vandalism,scp_then_ssh,execve,yes,0,/usr/sbin/sshd,sshd,/usr/sbin/sshd -D -R,/usr/sbin/sshd -D -R,/,/usr/sbin/sshd,/usr/sbin/sshd|/lib64/ld-linux-x86-64.so.2,0,0,4294967295,27632,21008,(none),4294967295,exec,benign,
1778300648,50673,1.419536,attack_window,20260508_212407_dns_delete_9ci3sG,20260508_212404_scp_nginx_dns_delete_CMzhrV,vandalism/dns_delete,vandalism,scp_then_ssh,connect,no,-2,/usr/sbin/sshd,sshd,,/usr/sbin/sshd -D -R,/,/var/run/nscd/socket,/var/run/nscd/socket,0,0,4294967295,27632,21008,(none),4294967295,network_connect,benign,
1778300648,50674,1.419536,attack_window,20260508_212407_dns_delete_9ci3sG,20260508_212404_scp_nginx_dns_delete_CMzhrV,vandalism/dns_delete,vandalism,scp_then_ssh,connect,yes,0,/usr/sbin/sshd,sshd,,/usr/sbin/sshd -D -R,,,,0,0,4294967295,27632,21008,(none),4294967295,network_connect,benign,
1778300648,50675,1.419536,attack_window,20260508_212407_dns_delete_9ci3sG,20260508_212404_scp_nginx_dns_delete_CMzhrV,vandalism/dns_delete,vandalism,scp_then_ssh,connect,yes,0,/usr/sbin/sshd,sshd,,/usr/sbin/sshd -D -R,,,,0,0,4294967295,27632,21008,(none),4294967295,network_connect,benign,
1778300648,50676,1.419536,attack_window,20260508_212407_dns_delete_9ci3sG,20260508_212404_scp_nginx_dns_delete_CMzhrV,vandalism/dns_delete,vandalism,scp_then_ssh,connect,yes,0,/usr/sbin/sshd,sshd,,/usr/sbin/sshd -D -R,,,,0,0,4294967295,27632,21008,(none),4294967295,network_connect,benign,
1778300648,50677,1.420536,attack_window,20260508_212407_dns_delete_9ci3sG,20260508_212404_scp_nginx_dns_delete_CMzhrV,vandalism/dns_delete,vandalism,scp_then_ssh,connect,no,-2,/usr/sbin/sshd,sshd,,/usr/sbin/sshd -D -R,/,/var/run/nscd/socket,/var/run/nscd/socket,0,0,4294967295,27632,21008,(none),4294967295,network_connect,benign,
1778300648,50678,1.420536,attack_window,20260508_212407_dns_delete_9ci3sG,20260508_212404_scp_nginx_dns_delete_CMzhrV,vandalism/dns_delete,vandalism,scp_then_ssh,connect,no,-2,/usr/sbin/sshd,sshd,,/usr/sbin/sshd -D -R,/,/var/run/nscd/socket,/var/run/nscd/socket,0,0,4294967295,27632,21008,(none),4294967295,network_connect,benign,
1778300648,50679,1.422536,attack_window,20260508_212407_dns_delete_9ci3sG,20260508_212404_scp_nginx_dns_delete_CMzhrV,vandalism/dns_delete,vandalism,scp_then_ssh,setresgid,yes,0,/usr/sbin/sshd,sshd,,sshd: [accepted],,,,0,0,4294967295,27633,27632,(none),4294967295,privilege_transition,benign,
1778300648,50680,1.422536,attack_window,20260508_212407_dns_delete_9ci3sG,20260508_212404_scp_nginx_dns_delete_CMzhrV,vandalism/dns_delete,vandalism,scp_then_ssh,setresuid,yes,0,/usr/sbin/sshd,sshd,,sshd: [accepted],,,,109,109,4294967295,27633,27632,(none),4294967295,privilege_transition,benign,
1778300648,50681,1.422536,attack_window,20260508_212407_dns_delete_9ci3sG,20260508_212404_scp_nginx_dns_delete_CMzhrV,vandalism/dns_delete,vandalism,scp_then_ssh,setgid,no,-1,/usr/sbin/sshd,sshd,,sshd: [accepted],,,,109,109,4294967295,27633,27632,(none),4294967295,privilege_transition,benign,
1778300648,50682,1.422536,attack_window,20260508_212407_dns_delete_9ci3sG,20260508_212404_scp_nginx_dns_delete_CMzhrV,vandalism/dns_delete,vandalism,scp_then_ssh,setresgid,no,-1,/usr/sbin/sshd,sshd,,sshd: [accepted],,,,109,109,4294967295,27633,27632,(none),4294967295,privilege_transition,benign,
1778300648,50683,1.422536,attack_window,20260508_212407_dns_delete_9ci3sG,20260508_212404_scp_nginx_dns_delete_CMzhrV,vandalism/dns_delete,vandalism,scp_then_ssh,setuid,no,-1,/usr/sbin/sshd,sshd,,sshd: [accepted],,,,109,109,4294967295,27633,27632,(none),4294967295,privilege_transition,benign,
1778300648,50684,1.422536,attack_window,20260508_212407_dns_delete_9ci3sG,20260508_212404_scp_nginx_dns_delete_CMzhrV,vandalism/dns_delete,vandalism,scp_then_ssh,setresuid,no,-1,/usr/sbin/sshd,sshd,,sshd: [accepted],,,,109,109,4294967295,27633,27632,(none),4294967295,privilege_transition,benign,
1778300648,50685,1.523535,attack_window,20260508_212407_dns_delete_9ci3sG,20260508_212404_scp_nginx_dns_delete_CMzhrV,vandalism/dns_delete,vandalism,scp_then_ssh,connect,no,-2,/usr/sbin/sshd,sshd,,/usr/sbin/sshd -D -R,/,/var/run/nscd/socket,/var/run/nscd/socket,0,0,4294967295,27632,21008,(none),4294967295,network_connect,benign,
1778300648,50686,1.523535,attack_window,20260508_212407_dns_delete_9ci3sG,20260508_212404_scp_nginx_dns_delete_CMzhrV,vandalism/dns_delete,vandalism,scp_then_ssh,connect,no,-2,/usr/sbin/sshd,sshd,,/usr/sbin/sshd -D -R,/,/var/run/nscd/socket,/var/run/nscd/socket,0,0,4294967295,27632,21008,(none),4294967295,network_connect,benign,
1778300648,50687,1.523535,attack_window,20260508_212407_dns_delete_9ci3sG,20260508_212404_scp_nginx_dns_delete_CMzhrV,vandalism/dns_delete,vandalism,scp_then_ssh,connect,yes,0,/usr/sbin/sshd,sshd,,/usr/sbin/sshd -D -R,/,/run/systemd/userdb/io.systemd.DynamicUser,/run/systemd/userdb/io.systemd.DynamicUser,0,0,4294967295,27632,21008,(none),4294967295,network_connect,benign,
1778300648,50688,1.524536,attack_window,20260508_212407_dns_delete_9ci3sG,20260508_212404_scp_nginx_dns_delete_CMzhrV,vandalism/dns_delete,vandalism,scp_then_ssh,setresgid,yes,0,/usr/sbin/sshd,sshd,,/usr/sbin/sshd -D -R,,,,0,0,4294967295,27632,21008,(none),4294967295,privilege_transition,benign,
1778300648,50689,1.524536,attack_window,20260508_212407_dns_delete_9ci3sG,20260508_212404_scp_nginx_dns_delete_CMzhrV,vandalism/dns_delete,vandalism,scp_then_ssh,setresuid,yes,0,/usr/sbin/sshd,sshd,,/usr/sbin/sshd -D -R,,,,0,1001,4294967295,27632,21008,(none),4294967295,privilege_transition,benign,
1778300648,50690,1.524536,attack_window,20260508_212407_dns_delete_9ci3sG,20260508_212404_scp_nginx_dns_delete_CMzhrV,vandalism/dns_delete,vandalism,scp_then_ssh,setresuid,yes,0,/usr/sbin/sshd,sshd,,/usr/sbin/sshd -D -R,,,,0,0,4294967295,27632,21008,(none),4294967295,privilege_transition,benign,
1778300648,50691,1.524536,attack_window,20260508_212407_dns_delete_9ci3sG,20260508_212404_scp_nginx_dns_delete_CMzhrV,vandalism/dns_delete,vandalism,scp_then_ssh,setresgid,yes,0,/usr/sbin/sshd,sshd,,/usr/sbin/sshd -D -R,,,,0,0,4294967295,27632,21008,(none),4294967295,privilege_transition,benign,
1778300648,50692,1.524536,attack_window,20260508_212407_dns_delete_9ci3sG,20260508_212404_scp_nginx_dns_delete_CMzhrV,vandalism/dns_delete,vandalism,scp_then_ssh,setresgid,yes,0,/usr/sbin/sshd,sshd,,/usr/sbin/sshd -D -R,,,,0,0,4294967295,27632,21008,(none),4294967295,privilege_transition,benign,
1778300648,50693,1.524536,attack_window,20260508_212407_dns_delete_9ci3sG,20260508_212404_scp_nginx_dns_delete_CMzhrV,vandalism/dns_delete,vandalism,scp_then_ssh,setresuid,yes,0,/usr/sbin/sshd,sshd,,/usr/sbin/sshd -D -R,,,,0,1001,4294967295,27632,21008,(none),4294967295,privilege_transition,benign,
1778300648,50694,1.524536,attack_window,20260508_212407_dns_delete_9ci3sG,20260508_212404_scp_nginx_dns_delete_CMzhrV,vandalism/dns_delete,vandalism,scp_then_ssh,connect,yes,0,/usr/sbin/sshd,sshd,,/usr/sbin/sshd -D -R,/,/dev/log,/dev/log,0,1001,4294967295,27632,21008,(none),4294967295,network_connect,benign,
1778300648,50695,1.524536,attack_window,20260508_212407_dns_delete_9ci3sG,20260508_212404_scp_nginx_dns_delete_CMzhrV,vandalism/dns_delete,vandalism,scp_then_ssh,setresuid,yes,0,/usr/sbin/sshd,sshd,,/usr/sbin/sshd -D -R,,,,0,0,4294967295,27632,21008,(none),4294967295,privilege_transition,benign,
1778300648,50696,1.524536,attack_window,20260508_212407_dns_delete_9ci3sG,20260508_212404_scp_nginx_dns_delete_CMzhrV,vandalism/dns_delete,vandalism,scp_then_ssh,setresgid,yes,0,/usr/sbin/sshd,sshd,,/usr/sbin/sshd -D -R,,,,0,0,4294967295,27632,21008,(none),4294967295,privilege_transition,benign,
1778300648,50697,1.525536,attack_window,20260508_212407_dns_delete_9ci3sG,20260508_212404_scp_nginx_dns_delete_CMzhrV,vandalism/dns_delete,vandalism,scp_then_ssh,,,,,,,,,,,,,,,,,,,ambiguous,
1778300648,50698,1.530535,attack_window,20260508_212407_dns_delete_9ci3sG,20260508_212404_scp_nginx_dns_delete_CMzhrV,vandalism/dns_delete,vandalism,scp_then_ssh,setresgid,yes,0,/usr/sbin/sshd,sshd,,/usr/sbin/sshd -D -R,,,,0,0,4294967295,27632,21008,(none),4294967295,privilege_transition,benign,
1778300648,50699,1.530535,attack_window,20260508_212407_dns_delete_9ci3sG,20260508_212404_scp_nginx_dns_delete_CMzhrV,vandalism/dns_delete,vandalism,scp_then_ssh,setresuid,yes,0,/usr/sbin/sshd,sshd,,/usr/sbin/sshd -D -R,,,,0,1001,4294967295,27632,21008,(none),4294967295,privilege_transition,benign,
1778300648,50700,1.530535,attack_window,20260508_212407_dns_delete_9ci3sG,20260508_212404_scp_nginx_dns_delete_CMzhrV,vandalism/dns_delete,vandalism,scp_then_ssh,setresuid,yes,0,/usr/sbin/sshd,sshd,,/usr/sbin/sshd -D -R,,,,0,0,4294967295,27632,21008,(none),4294967295,privilege_transition,benign,
1778300648,50701,1.530535,attack_window,20260508_212407_dns_delete_9ci3sG,20260508_212404_scp_nginx_dns_delete_CMzhrV,vandalism/dns_delete,vandalism,scp_then_ssh,setresgid,yes,0,/usr/sbin/sshd,sshd,,/usr/sbin/sshd -D -R,,,,0,0,4294967295,27632,21008,(none),4294967295,privilege_transition,benign,
1778300648,50702,1.530535,attack_window,20260508_212407_dns_delete_9ci3sG,20260508_212404_scp_nginx_dns_delete_CMzhrV,vandalism/dns_delete,vandalism,scp_then_ssh,setresgid,yes,0,/usr/sbin/sshd,sshd,,/usr/sbin/sshd -D -R,,,,0,0,4294967295,27632,21008,(none),4294967295,privilege_transition,benign,
1778300648,50703,1.530535,attack_window,20260508_212407_dns_delete_9ci3sG,20260508_212404_scp_nginx_dns_delete_CMzhrV,vandalism/dns_delete,vandalism,scp_then_ssh,setresuid,yes,0,/usr/sbin/sshd,sshd,,/usr/sbin/sshd -D -R,,,,0,1001,4294967295,27632,21008,(none),4294967295,privilege_transition,benign,
1778300648,50704,1.530535,attack_window,20260508_212407_dns_delete_9ci3sG,20260508_212404_scp_nginx_dns_delete_CMzhrV,vandalism/dns_delete,vandalism,scp_then_ssh,connect,yes,0,/usr/sbin/sshd,sshd,,/usr/sbin/sshd -D -R,/,/dev/log,/dev/log,0,1001,4294967295,27632,21008,(none),4294967295,network_connect,benign,
1778300648,50705,1.530535,attack_window,20260508_212407_dns_delete_9ci3sG,20260508_212404_scp_nginx_dns_delete_CMzhrV,vandalism/dns_delete,vandalism,scp_then_ssh,setresuid,yes,0,/usr/sbin/sshd,sshd,,/usr/sbin/sshd -D -R,,,,0,0,4294967295,27632,21008,(none),4294967295,privilege_transition,benign,
1778300648,50706,1.530535,attack_window,20260508_212407_dns_delete_9ci3sG,20260508_212404_scp_nginx_dns_delete_CMzhrV,vandalism/dns_delete,vandalism,scp_then_ssh,setresgid,yes,0,/usr/sbin/sshd,sshd,,/usr/sbin/sshd -D -R,,,,0,0,4294967295,27632,21008,(none),4294967295,privilege_transition,benign,
1778300648,50707,1.530535,attack_window,20260508_212407_dns_delete_9ci3sG,20260508_212404_scp_nginx_dns_delete_CMzhrV,vandalism/dns_delete,vandalism,scp_then_ssh,,,,,,,,,,,,,,,,,,,ambiguous,
1778300648,50708,1.557536,attack_window,20260508_212407_dns_delete_9ci3sG,20260508_212404_scp_nginx_dns_delete_CMzhrV,vandalism/dns_delete,vandalism,scp_then_ssh,connect,yes,0,/usr/sbin/sshd,sshd,,/usr/sbin/sshd -D -R,/,/run/systemd/userdb/io.systemd.DynamicUser,/run/systemd/userdb/io.systemd.DynamicUser,0,0,4294967295,27632,21008,(none),4294967295,network_connect,benign,
1778300648,50709,1.557536,attack_window,20260508_212407_dns_delete_9ci3sG,20260508_212404_scp_nginx_dns_delete_CMzhrV,vandalism/dns_delete,vandalism,scp_then_ssh,,,,,,,,,,,,,,,,,,,ambiguous,
1778300648,50710,1.562536,attack_window,20260508_212407_dns_delete_9ci3sG,20260508_212404_scp_nginx_dns_delete_CMzhrV,vandalism/dns_delete,vandalism,scp_then_ssh,,,,,,,,,,,,,,,,,,,ambiguous,
1778300648,50711,1.562536,attack_window,20260508_212407_dns_delete_9ci3sG,20260508_212404_scp_nginx_dns_delete_CMzhrV,vandalism/dns_delete,vandalism,scp_then_ssh,connect,yes,0,/usr/sbin/sshd,sshd,,/usr/sbin/sshd -D -R,/,/dev/log,/dev/log,0,0,4294967295,27632,21008,(none),4294967295,network_connect,benign,
1778300648,50712,1.563535,attack_window,20260508_212407_dns_delete_9ci3sG,20260508_212404_scp_nginx_dns_delete_CMzhrV,vandalism/dns_delete,vandalism,scp_then_ssh,connect,yes,0,/usr/sbin/sshd,sshd,,/usr/sbin/sshd -D -R,/,/run/systemd/userdb/io.systemd.DynamicUser,/run/systemd/userdb/io.systemd.DynamicUser,0,0,4294967295,27632,21008,(none),4294967295,network_connect,benign,
1778300648,50713,1.563535,attack_window,20260508_212407_dns_delete_9ci3sG,20260508_212404_scp_nginx_dns_delete_CMzhrV,vandalism/dns_delete,vandalism,scp_then_ssh,126,yes,0,/usr/sbin/sshd,sshd,,/usr/sbin/sshd -D -R,,,,0,0,4294967295,27632,21008,(none),4294967295,privilege_transition,benign,
1778300648,50714,1.564536,attack_window,20260508_212407_dns_delete_9ci3sG,20260508_212404_scp_nginx_dns_delete_CMzhrV,vandalism/dns_delete,vandalism,scp_then_ssh,,,,,,,,,,,,,,,,,,,ambiguous,
1778300648,50715,1.564536,attack_window,20260508_212407_dns_delete_9ci3sG,20260508_212404_scp_nginx_dns_delete_CMzhrV,vandalism/dns_delete,vandalism,scp_then_ssh,77,yes,0,/usr/sbin/sshd,sshd,,/usr/sbin/sshd -D -R,,,,0,0,4294967295,27632,21008,(none),4294967295,file_destroy,benign,
1778300648,50716,1.564536,attack_window,20260508_212407_dns_delete_9ci3sG,20260508_212404_scp_nginx_dns_delete_CMzhrV,vandalism/dns_delete,vandalism,scp_then_ssh,write,yes,4,/usr/sbin/sshd,sshd,,/usr/sbin/sshd -D -R,,,,0,0,1001,27632,21008,(none),178,(null),benign,
1778300648,50717,1.564536,attack_window,20260508_212407_dns_delete_9ci3sG,20260508_212404_scp_nginx_dns_delete_CMzhrV,vandalism/dns_delete,vandalism,scp_then_ssh,114,yes,0,/usr/sbin/sshd,sshd,,/usr/sbin/sshd -D -R,,,,0,0,1001,27632,21008,(none),178,privilege_transition,benign,
1778300648,50718,1.564536,attack_window,20260508_212407_dns_delete_9ci3sG,20260508_212404_scp_nginx_dns_delete_CMzhrV,vandalism/dns_delete,vandalism,scp_then_ssh,113,yes,0,/usr/sbin/sshd,sshd,,/usr/sbin/sshd -D -R,,,,1001,0,1001,27632,21008,(none),178,privilege_transition,benign,
1778300648,50719,1.564536,attack_window,20260508_212407_dns_delete_9ci3sG,20260508_212404_scp_nginx_dns_delete_CMzhrV,vandalism/dns_delete,vandalism,scp_then_ssh,113,yes,0,/usr/sbin/sshd,sshd,,/usr/sbin/sshd -D -R,,,,0,0,1001,27632,21008,(none),178,privilege_transition,benign,
1778300648,50720,1.564536,attack_window,20260508_212407_dns_delete_9ci3sG,20260508_212404_scp_nginx_dns_delete_CMzhrV,vandalism/dns_delete,vandalism,scp_then_ssh,114,yes,0,/usr/sbin/sshd,sshd,,/usr/sbin/sshd -D -R,,,,0,0,1001,27632,21008,(none),178,privilege_transition,benign,
1778300648,50721,1.564536,attack_window,20260508_212407_dns_delete_9ci3sG,20260508_212404_scp_nginx_dns_delete_CMzhrV,vandalism/dns_delete,vandalism,scp_then_ssh,connect,yes,0,/usr/sbin/sshd,sshd,,/usr/sbin/sshd -D -R,/,/dev/log,/dev/log,0,0,1001,27632,21008,(none),178,network_connect,benign,
1778300648,50722,1.564536,attack_window,20260508_212407_dns_delete_9ci3sG,20260508_212404_scp_nginx_dns_delete_CMzhrV,vandalism/dns_delete,vandalism,scp_then_ssh,connect,no,-2,/usr/sbin/sshd,sshd,,/usr/sbin/sshd -D -R,/,/run/systemd/userdb/io.systemd.Multiplexer,/run/systemd/userdb/io.systemd.Multiplexer,0,0,1001,27632,21008,(none),178,network_connect,benign,
1778300648,50723,1.564536,attack_window,20260508_212407_dns_delete_9ci3sG,20260508_212404_scp_nginx_dns_delete_CMzhrV,vandalism/dns_delete,vandalism,scp_then_ssh,connect,yes,0,/usr/sbin/sshd,sshd,,/usr/sbin/sshd -D -R,/,/run/systemd/userdb/io.systemd.DynamicUser,/run/systemd/userdb/io.systemd.DynamicUser,0,0,1001,27632,21008,(none),178,network_connect,benign,
1778300648,50724,1.565536,attack_window,20260508_212407_dns_delete_9ci3sG,20260508_212404_scp_nginx_dns_delete_CMzhrV,vandalism/dns_delete,vandalism,scp_then_ssh,connect,yes,0,/usr/sbin/sshd,sshd,,/usr/sbin/sshd -D -R,/,/run/dbus/system_bus_socket,/run/dbus/system_bus_socket,0,0,1001,27632,21008,(none),178,network_connect,benign,
1778300648,50725,1.576535,attack_window,20260508_212407_dns_delete_9ci3sG,20260508_212404_scp_nginx_dns_delete_CMzhrV,vandalism/dns_delete,vandalism,scp_then_ssh,execve,yes,0,/usr/bin/dash,sh,sh -c -- /usr/bin/env -i PATH=/usr/local/sbin:/usr/local/bin:/usr/sbin:/usr/bin:/sbin:/bin run-parts --lsbsysinit /etc/update-motd.d > /run/motd.dynamic.new,sh -c -- /usr/bin/env -i PATH=/usr/local/sbin:/usr/local/bin:/usr/sbin:/usr/bin:/sbin:/bin run-parts --lsbsysinit /etc/update-mo,/,/bin/sh,/bin/sh|/lib64/ld-linux-x86-64.so.2,0,0,1001,27634,27632,(none),178,exec,benign,
1778300648,50726,1.577536,attack_window,20260508_212407_dns_delete_9ci3sG,20260508_212404_scp_nginx_dns_delete_CMzhrV,vandalism/dns_delete,vandalism,scp_then_ssh,execve,yes,0,/usr/bin/env,env,/usr/bin/env -i PATH=/usr/local/sbin:/usr/local/bin:/usr/sbin:/usr/bin:/sbin:/bin run-parts --lsbsysinit /etc/update-motd.d,/usr/bin/env -i PATH=/usr/local/sbin:/usr/local/bin:/usr/sbin:/usr/bin:/sbin:/bin run-parts --lsbsysinit /etc/update-motd.d,/,/usr/bin/env,/usr/bin/env|/lib64/ld-linux-x86-64.so.2,0,0,1001,27635,27634,(none),178,exec,benign,
1778300648,50727,1.578536,attack_window,20260508_212407_dns_delete_9ci3sG,20260508_212404_scp_nginx_dns_delete_CMzhrV,vandalism/dns_delete,vandalism,scp_then_ssh,execve,no,-2,/usr/bin/env,env,,/usr/bin/env -i PATH=/usr/local/sbin:/usr/local/bin:/usr/sbin:/usr/bin:/sbin:/bin run-parts --lsbsysinit /etc/update-motd.d,/,/usr/local/sbin/run-parts,/usr/local/sbin/run-parts,0,0,1001,27635,27634,(none),178,exec,benign,
1778300648,50728,1.578536,attack_window,20260508_212407_dns_delete_9ci3sG,20260508_212404_scp_nginx_dns_delete_CMzhrV,vandalism/dns_delete,vandalism,scp_then_ssh,execve,no,-2,/usr/bin/env,env,,/usr/bin/env -i PATH=/usr/local/sbin:/usr/local/bin:/usr/sbin:/usr/bin:/sbin:/bin run-parts --lsbsysinit /etc/update-motd.d,/,/usr/local/bin/run-parts,/usr/local/bin/run-parts,0,0,1001,27635,27634,(none),178,exec,benign,
1778300648,50729,1.578536,attack_window,20260508_212407_dns_delete_9ci3sG,20260508_212404_scp_nginx_dns_delete_CMzhrV,vandalism/dns_delete,vandalism,scp_then_ssh,execve,no,-2,/usr/bin/env,env,,/usr/bin/env -i PATH=/usr/local/sbin:/usr/local/bin:/usr/sbin:/usr/bin:/sbin:/bin run-parts --lsbsysinit /etc/update-motd.d,/,/usr/sbin/run-parts,/usr/sbin/run-parts,0,0,1001,27635,27634,(none),178,exec,benign,
1778300648,50730,1.578536,attack_window,20260508_212407_dns_delete_9ci3sG,20260508_212404_scp_nginx_dns_delete_CMzhrV,vandalism/dns_delete,vandalism,scp_then_ssh,execve,yes,0,/usr/bin/run-parts,run-parts,run-parts --lsbsysinit /etc/update-motd.d,/usr/bin/env -i PATH=/usr/local/sbin:/usr/local/bin:/usr/sbin:/usr/bin:/sbin:/bin run-parts --lsbsysinit /etc/update-motd.d,/,/usr/bin/run-parts,/usr/bin/run-parts|/lib64/ld-linux-x86-64.so.2,0,0,1001,27635,27634,(none),178,exec,benign,
1778300648,50731,1.579535,attack_window,20260508_212407_dns_delete_9ci3sG,20260508_212404_scp_nginx_dns_delete_CMzhrV,vandalism/dns_delete,vandalism,scp_then_ssh,execve,yes,0,/usr/bin/dash,00-header,/bin/sh /etc/update-motd.d/00-header,/bin/sh /etc/update-motd.d/00-header,/,/etc/update-motd.d/00-header,/etc/update-motd.d/00-header|/bin/sh|/lib64/ld-linux-x86-64.so.2,0,0,1001,27636,27635,(none),178,exec,benign,
1778300648,50732,1.580536,attack_window,20260508_212407_dns_delete_9ci3sG,20260508_212404_scp_nginx_dns_delete_CMzhrV,vandalism/dns_delete,vandalism,scp_then_ssh,execve,yes,0,/usr/bin/uname,uname,uname -o,uname -o,/,/usr/bin/uname,/usr/bin/uname|/lib64/ld-linux-x86-64.so.2,0,0,1001,27637,27636,(none),178,exec,benign,
1778300648,50733,1.581536,attack_window,20260508_212407_dns_delete_9ci3sG,20260508_212404_scp_nginx_dns_delete_CMzhrV,vandalism/dns_delete,vandalism,scp_then_ssh,execve,yes,0,/usr/bin/uname,uname,uname -r,uname -r,/,/usr/bin/uname,/usr/bin/uname|/lib64/ld-linux-x86-64.so.2,0,0,1001,27638,27636,(none),178,exec,benign,
1778300648,50734,1.585536,attack_window,20260508_212407_dns_delete_9ci3sG,20260508_212404_scp_nginx_dns_delete_CMzhrV,vandalism/dns_delete,vandalism,scp_then_ssh,execve,yes,0,/usr/bin/uname,uname,uname -m,uname -m,/,/usr/bin/uname,/usr/bin/uname|/lib64/ld-linux-x86-64.so.2,0,0,1001,27639,27636,(none),178,exec,benign,
1778300648,50735,1.586535,attack_window,20260508_212407_dns_delete_9ci3sG,20260508_212404_scp_nginx_dns_delete_CMzhrV,vandalism/dns_delete,vandalism,scp_then_ssh,execve,yes,0,/usr/bin/dash,10-help-text,/bin/sh /etc/update-motd.d/10-help-text,/bin/sh /etc/update-motd.d/10-help-text,/,/etc/update-motd.d/10-help-text,/etc/update-motd.d/10-help-text|/bin/sh|/lib64/ld-linux-x86-64.so.2,0,0,1001,27640,27635,(none),178,exec,benign,
1778300648,50736,1.588536,attack_window,20260508_212407_dns_delete_9ci3sG,20260508_212404_scp_nginx_dns_delete_CMzhrV,vandalism/dns_delete,vandalism,scp_then_ssh,execve,yes,0,/usr/bin/dash,50-landscape-sy,/bin/sh /etc/update-motd.d/50-landscape-sysinfo,/bin/sh /etc/update-motd.d/50-landscape-sysinfo,/,/etc/update-motd.d/50-landscape-sysinfo,/etc/update-motd.d/50-landscape-sysinfo|/bin/sh|/lib64/ld-linux-x86-64.so.2,0,0,1001,27641,27635,(none),178,exec,benign,
1778300648,50737,1.589535,attack_window,20260508_212407_dns_delete_9ci3sG,20260508_212404_scp_nginx_dns_delete_CMzhrV,vandalism/dns_delete,vandalism,scp_then_ssh,execve,yes,0,/usr/bin/find,find,find /var/lib/landscape/landscape-sysinfo.cache -newermt now-1 minutes,find /var/lib/landscape/landscape-sysinfo.cache -newermt now-1 minutes,/,/usr/bin/find,/usr/bin/find|/lib64/ld-linux-x86-64.so.2,0,0,1001,27642,27641,(none),178,exec,benign,
1778300648,50738,1.591536,attack_window,20260508_212407_dns_delete_9ci3sG,20260508_212404_scp_nginx_dns_delete_CMzhrV,vandalism/dns_delete,vandalism,scp_then_ssh,execve,yes,0,/usr/bin/cat,cat,cat /var/lib/landscape/landscape-sysinfo.cache,cat /var/lib/landscape/landscape-sysinfo.cache,/,/usr/bin/cat,/usr/bin/cat|/lib64/ld-linux-x86-64.so.2,0,0,1001,27643,27641,(none),178,exec,benign,
1778300648,50739,1.592535,attack_window,20260508_212407_dns_delete_9ci3sG,20260508_212404_scp_nginx_dns_delete_CMzhrV,vandalism/dns_delete,vandalism,scp_then_ssh,execve,yes,0,/usr/bin/dash,50-motd-news,/bin/sh /etc/update-motd.d/50-motd-news,/bin/sh /etc/update-motd.d/50-motd-news,/,/etc/update-motd.d/50-motd-news,/etc/update-motd.d/50-motd-news|/bin/sh|/lib64/ld-linux-x86-64.so.2,0,0,1001,27644,27635,(none),178,exec,benign,
1778300648,50740,1.593536,attack_window,20260508_212407_dns_delete_9ci3sG,20260508_212404_scp_nginx_dns_delete_CMzhrV,vandalism/dns_delete,vandalism,scp_then_ssh,execve,yes,0,/usr/bin/cat,cat,cat /var/cache/motd-news,cat /var/cache/motd-news,/,/usr/bin/cat,/usr/bin/cat|/lib64/ld-linux-x86-64.so.2,0,0,1001,27645,27644,(none),178,exec,benign,
1778300648,50741,1.593536,attack_window,20260508_212407_dns_delete_9ci3sG,20260508_212404_scp_nginx_dns_delete_CMzhrV,vandalism/dns_delete,vandalism,scp_then_ssh,execve,yes,0,/usr/bin/cut,cut,cut -c -80,cut -c -80,/,/usr/bin/cut,/usr/bin/cut|/lib64/ld-linux-x86-64.so.2,0,0,1001,27648,27644,(none),178,exec,benign,
1778300648,50742,1.593536,attack_window,20260508_212407_dns_delete_9ci3sG,20260508_212404_scp_nginx_dns_delete_CMzhrV,vandalism/dns_delete,vandalism,scp_then_ssh,execve,yes,0,/usr/bin/head,head,head -n 10,head -n 10,/,/usr/bin/head,/usr/bin/head|/lib64/ld-linux-x86-64.so.2,0,0,1001,27646,27644,(none),178,exec,benign,
1778300648,50743,1.594536,attack_window,20260508_212407_dns_delete_9ci3sG,20260508_212404_scp_nginx_dns_delete_CMzhrV,vandalism/dns_delete,vandalism,scp_then_ssh,execve,yes,0,/usr/bin/tr,tr,tr -d \000-\011\013\014\016-\037,tr -d \000-\011\013\014\016-\037,/,/usr/bin/tr,/usr/bin/tr|/lib64/ld-linux-x86-64.so.2,0,0,1001,27647,27644,(none),178,exec,benign,
1778300648,50744,1.600536,attack_window,20260508_212407_dns_delete_9ci3sG,20260508_212404_scp_nginx_dns_delete_CMzhrV,vandalism/dns_delete,vandalism,scp_then_ssh,execve,yes,0,/usr/bin/dash,85-fwupd,/bin/sh /etc/update-motd.d/85-fwupd,/bin/sh /etc/update-motd.d/85-fwupd,/,/etc/update-motd.d/85-fwupd,/etc/update-motd.d/85-fwupd|/bin/sh|/lib64/ld-linux-x86-64.so.2,0,0,1001,27649,27635,(none),178,exec,benign,
1778300648,50745,1.600536,attack_window,20260508_212407_dns_delete_9ci3sG,20260508_212404_scp_nginx_dns_delete_CMzhrV,vandalism/dns_delete,vandalism,scp_then_ssh,execve,yes,0,/usr/bin/cat,cat,cat /run/motd.d/85-fwupd,cat /run/motd.d/85-fwupd,/,/usr/bin/cat,/usr/bin/cat|/lib64/ld-linux-x86-64.so.2,0,0,1001,27650,27649,(none),178,exec,benign,
1778300648,50746,1.601536,attack_window,20260508_212407_dns_delete_9ci3sG,20260508_212404_scp_nginx_dns_delete_CMzhrV,vandalism/dns_delete,vandalism,scp_then_ssh,execve,yes,0,/usr/bin/dash,90-updates-avai,/bin/sh /etc/update-motd.d/90-updates-available,/bin/sh /etc/update-motd.d/90-updates-available,/,/etc/update-motd.d/90-updates-available,/etc/update-motd.d/90-updates-available|/bin/sh|/lib64/ld-linux-x86-64.so.2,0,0,1001,27651,27635,(none),178,exec,benign,
1778300648,50747,1.602535,attack_window,20260508_212407_dns_delete_9ci3sG,20260508_212404_scp_nginx_dns_delete_CMzhrV,vandalism/dns_delete,vandalism,scp_then_ssh,execve,yes,0,/usr/bin/cat,cat,cat /var/lib/update-notifier/updates-available,cat /var/lib/update-notifier/updates-available,/,/usr/bin/cat,/usr/bin/cat|/lib64/ld-linux-x86-64.so.2,0,0,1001,27652,27651,(none),178,exec,benign,
1778300648,50748,1.604536,attack_window,20260508_212407_dns_delete_9ci3sG,20260508_212404_scp_nginx_dns_delete_CMzhrV,vandalism/dns_delete,vandalism,scp_then_ssh,execve,yes,0,/usr/bin/find,find,find /var/lib/update-notifier/updates-available -newermt now-7 days,find /var/lib/update-notifier/updates-available -newermt now-7 days,/,/usr/bin/find,/usr/bin/find|/lib64/ld-linux-x86-64.so.2,0,0,1001,27653,27651,(none),178,exec,benign,
1778300648,50749,1.604536,attack_window,20260508_212407_dns_delete_9ci3sG,20260508_212404_scp_nginx_dns_delete_CMzhrV,vandalism/dns_delete,vandalism,scp_then_ssh,execve,yes,0,/usr/bin/grep,grep,grep -q -m 1 .,grep -q -m 1 .,/,/usr/bin/grep,/usr/bin/grep|/lib64/ld-linux-x86-64.so.2,0,0,1001,27654,27651,(none),178,exec,benign,
1778300648,50750,1.606536,attack_window,20260508_212407_dns_delete_9ci3sG,20260508_212404_scp_nginx_dns_delete_CMzhrV,vandalism/dns_delete,vandalism,scp_then_ssh,execve,yes,0,/usr/bin/dash,91-contract-ua-,/bin/sh /etc/update-motd.d/91-contract-ua-esm-status,/bin/sh /etc/update-motd.d/91-contract-ua-esm-status,/,/etc/update-motd.d/91-contract-ua-esm-status,/etc/update-motd.d/91-contract-ua-esm-status|/bin/sh|/lib64/ld-linux-x86-64.so.2,0,0,1001,27655,27635,(none),178,exec,benign,
1778300648,50751,1.607536,attack_window,20260508_212407_dns_delete_9ci3sG,20260508_212404_scp_nginx_dns_delete_CMzhrV,vandalism/dns_delete,vandalism,scp_then_ssh,execve,yes,0,/usr/bin/dash,91-release-upgr,/bin/sh /etc/update-motd.d/91-release-upgrade,/bin/sh /etc/update-motd.d/91-release-upgrade,/,/etc/update-motd.d/91-release-upgrade,/etc/update-motd.d/91-release-upgrade|/bin/sh|/lib64/ld-linux-x86-64.so.2,0,0,1001,27656,27635,(none),178,exec,benign,
1778300648,50752,1.608536,attack_window,20260508_212407_dns_delete_9ci3sG,20260508_212404_scp_nginx_dns_delete_CMzhrV,vandalism/dns_delete,vandalism,scp_then_ssh,execve,yes,0,/usr/bin/cut,cut,cut -d -f4,cut -d -f4,/,/usr/bin/cut,/usr/bin/cut|/lib64/ld-linux-x86-64.so.2,0,0,1001,27659,27657,(none),178,exec,benign,
1778300648,50753,1.609535,attack_window,20260508_212407_dns_delete_9ci3sG,20260508_212404_scp_nginx_dns_delete_CMzhrV,vandalism/dns_delete,vandalism,scp_then_ssh,execve,yes,0,/usr/bin/id,id,id -u,id -u,/,/usr/bin/id,/usr/bin/id|/lib64/ld-linux-x86-64.so.2,0,0,1001,27660,27656,(none),178,exec,benign,
1778300648,50754,1.610536,attack_window,20260508_212407_dns_delete_9ci3sG,20260508_212404_scp_nginx_dns_delete_CMzhrV,vandalism/dns_delete,vandalism,scp_then_ssh,execve,yes,0,/usr/bin/dash,release-upgrade,/bin/sh -e /usr/lib/ubuntu-release-upgrader/release-upgrade-motd,/bin/sh /etc/update-motd.d/91-release-upgrade,/,/usr/lib/ubuntu-release-upgrader/release-upgrade-motd,/usr/lib/ubuntu-release-upgrader/release-upgrade-motd|/bin/sh|/lib64/ld-linux-x86-64.so.2,0,0,1001,27656,27635,(none),178,exec,benign,
1778300648,50755,1.611536,attack_window,20260508_212407_dns_delete_9ci3sG,20260508_212404_scp_nginx_dns_delete_CMzhrV,vandalism/dns_delete,vandalism,scp_then_ssh,execve,yes,0,/usr/bin/date,date,date +%s,date +%s,/,/usr/bin/date,/usr/bin/date|/lib64/ld-linux-x86-64.so.2,0,0,1001,27661,27656,(none),178,exec,benign,
1778300648,50756,1.612535,attack_window,20260508_212407_dns_delete_9ci3sG,20260508_212404_scp_nginx_dns_delete_CMzhrV,vandalism/dns_delete,vandalism,scp_then_ssh,execve,yes,0,/usr/bin/stat,stat,stat -c %Y /var/lib/ubuntu-release-upgrader/release-upgrade-available,stat -c %Y /var/lib/ubuntu-release-upgrader/release-upgrade-available,/,/usr/bin/stat,/usr/bin/stat|/lib64/ld-linux-x86-64.so.2,0,0,1001,27662,27656,(none),178,exec,benign,
1778300648,50757,1.613536,attack_window,20260508_212407_dns_delete_9ci3sG,20260508_212404_scp_nginx_dns_delete_CMzhrV,vandalism/dns_delete,vandalism,scp_then_ssh,execve,yes,0,/usr/bin/expr,expr,expr 1778282941 + 86400,expr 1778282941 + 86400,/,/usr/bin/expr,/usr/bin/expr|/lib64/ld-linux-x86-64.so.2,0,0,1001,27663,27656,(none),178,exec,benign,
1778300648,50758,1.614536,attack_window,20260508_212407_dns_delete_9ci3sG,20260508_212404_scp_nginx_dns_delete_CMzhrV,vandalism/dns_delete,vandalism,scp_then_ssh,execve,yes,0,/usr/bin/dash,92-unattended-u,/bin/sh /etc/update-motd.d/92-unattended-upgrades,/bin/sh /etc/update-motd.d/92-unattended-upgrades,/,/etc/update-motd.d/92-unattended-upgrades,/etc/update-motd.d/92-unattended-upgrades|/bin/sh|/lib64/ld-linux-x86-64.so.2,0,0,1001,27664,27635,(none),178,exec,benign,
1778300648,50759,1.615535,attack_window,20260508_212407_dns_delete_9ci3sG,20260508_212404_scp_nginx_dns_delete_CMzhrV,vandalism/dns_delete,vandalism,scp_then_ssh,execve,yes,0,/usr/bin/dash,update-motd-una,/bin/sh /usr/share/unattended-upgrades/update-motd-unattended-upgrades,/bin/sh /etc/update-motd.d/92-unattended-upgrades,/,/usr/share/unattended-upgrades/update-motd-unattended-upgrades,/usr/share/unattended-upgrades/update-motd-unattended-upgrades|/bin/sh|/lib64/ld-linux-x86-64.so.2,0,0,1001,27664,27635,(none),178,exec,benign,
1778300648,50760,1.616536,attack_window,20260508_212407_dns_delete_9ci3sG,20260508_212404_scp_nginx_dns_delete_CMzhrV,vandalism/dns_delete,vandalism,scp_then_ssh,execve,yes,0,/usr/bin/dash,95-hwe-eol,/bin/sh /etc/update-motd.d/95-hwe-eol,/bin/sh /etc/update-motd.d/95-hwe-eol,/,/etc/update-motd.d/95-hwe-eol,/etc/update-motd.d/95-hwe-eol|/bin/sh|/lib64/ld-linux-x86-64.so.2,0,0,1001,27665,27635,(none),178,exec,benign,
1778300648,50761,1.617536,attack_window,20260508_212407_dns_delete_9ci3sG,20260508_212404_scp_nginx_dns_delete_CMzhrV,vandalism/dns_delete,vandalism,scp_then_ssh,execve,yes,0,/usr/bin/find,find,find /var/lib/update-notifier/hwe-eol -newermt now-1 days,find /var/lib/update-notifier/hwe-eol -newermt now-1 days,/,/usr/bin/find,/usr/bin/find|/lib64/ld-linux-x86-64.so.2,0,0,1001,27666,27665,(none),178,exec,benign,
1778300648,50762,1.618536,attack_window,20260508_212407_dns_delete_9ci3sG,20260508_212404_scp_nginx_dns_delete_CMzhrV,vandalism/dns_delete,vandalism,scp_then_ssh,execve,yes,0,/usr/bin/dash,97-overlayroot,/bin/sh /etc/update-motd.d/97-overlayroot,/bin/sh /etc/update-motd.d/97-overlayroot,/,/etc/update-motd.d/97-overlayroot,/etc/update-motd.d/97-overlayroot|/bin/sh|/lib64/ld-linux-x86-64.so.2,0,0,1001,27667,27635,(none),178,exec,benign,
1778300648,50763,1.619536,attack_window,20260508_212407_dns_delete_9ci3sG,20260508_212404_scp_nginx_dns_delete_CMzhrV,vandalism/dns_delete,vandalism,scp_then_ssh,execve,yes,0,/usr/bin/dash,egrep,/bin/sh /usr/bin/egrep overlayroot|/media/root-ro|/media/root-rw /proc/mounts,/bin/sh /usr/bin/egrep overlayroot|/media/root-ro|/media/root-rw /proc/mounts,/,/usr/bin/egrep,/usr/bin/egrep|/bin/sh|/lib64/ld-linux-x86-64.so.2,0,0,1001,27669,27668,(none),178,exec,benign,
1778300648,50764,1.619536,attack_window,20260508_212407_dns_delete_9ci3sG,20260508_212404_scp_nginx_dns_delete_CMzhrV,vandalism/dns_delete,vandalism,scp_then_ssh,execve,yes,0,/usr/bin/sort,sort,sort -r,sort -r,/,/usr/bin/sort,/usr/bin/sort|/lib64/ld-linux-x86-64.so.2,0,0,1001,27670,27668,(none),178,exec,benign,
1778300648,50765,1.622535,attack_window,20260508_212407_dns_delete_9ci3sG,20260508_212404_scp_nginx_dns_delete_CMzhrV,vandalism/dns_delete,vandalism,scp_then_ssh,execve,no,-2,/usr/bin/dash,egrep,,/bin/sh /usr/bin/egrep overlayroot|/media/root-ro|/media/root-rw /proc/mounts,/,/usr/local/sbin/grep,/usr/local/sbin/grep,0,0,1001,27669,27668,(none),178,exec,benign,
1778300648,50766,1.622535,attack_window,20260508_212407_dns_delete_9ci3sG,20260508_212404_scp_nginx_dns_delete_CMzhrV,vandalism/dns_delete,vandalism,scp_then_ssh,execve,no,-2,/usr/bin/dash,egrep,,/bin/sh /usr/bin/egrep overlayroot|/media/root-ro|/media/root-rw /proc/mounts,/,/usr/local/bin/grep,/usr/local/bin/grep,0,0,1001,27669,27668,(none),178,exec,benign,
1778300648,50767,1.622535,attack_window,20260508_212407_dns_delete_9ci3sG,20260508_212404_scp_nginx_dns_delete_CMzhrV,vandalism/dns_delete,vandalism,scp_then_ssh,execve,no,-2,/usr/bin/dash,egrep,,/bin/sh /usr/bin/egrep overlayroot|/media/root-ro|/media/root-rw /proc/mounts,/,/usr/sbin/grep,/usr/sbin/grep,0,0,1001,27669,27668,(none),178,exec,benign,
1778300648,50768,1.622535,attack_window,20260508_212407_dns_delete_9ci3sG,20260508_212404_scp_nginx_dns_delete_CMzhrV,vandalism/dns_delete,vandalism,scp_then_ssh,execve,yes,0,/usr/bin/grep,grep,grep -E overlayroot|/media/root-ro|/media/root-rw /proc/mounts,/bin/sh /usr/bin/egrep overlayroot|/media/root-ro|/media/root-rw /proc/mounts,/,/usr/bin/grep,/usr/bin/grep|/lib64/ld-linux-x86-64.so.2,0,0,1001,27669,27668,(none),178,exec,benign,
1778300648,50769,1.623536,attack_window,20260508_212407_dns_delete_9ci3sG,20260508_212404_scp_nginx_dns_delete_CMzhrV,vandalism/dns_delete,vandalism,scp_then_ssh,execve,yes,0,/usr/bin/dash,98-fsck-at-rebo,/bin/sh /etc/update-motd.d/98-fsck-at-reboot,/bin/sh /etc/update-motd.d/98-fsck-at-reboot,/,/etc/update-motd.d/98-fsck-at-reboot,/etc/update-motd.d/98-fsck-at-reboot|/bin/sh|/lib64/ld-linux-x86-64.so.2,0,0,1001,27671,27635,(none),178,exec,benign,
1778300648,50770,1.624536,attack_window,20260508_212407_dns_delete_9ci3sG,20260508_212404_scp_nginx_dns_delete_CMzhrV,vandalism/dns_delete,vandalism,scp_then_ssh,execve,yes,0,/usr/bin/dash,update-motd-fsc,/bin/sh /usr/lib/update-notifier/update-motd-fsck-at-reboot,/bin/sh /etc/update-motd.d/98-fsck-at-reboot,/,/usr/lib/update-notifier/update-motd-fsck-at-reboot,/usr/lib/update-notifier/update-motd-fsck-at-reboot|/bin/sh|/lib64/ld-linux-x86-64.so.2,0,0,1001,27671,27635,(none),178,exec,benign,
1778300648,50771,1.625535,attack_window,20260508_212407_dns_delete_9ci3sG,20260508_212404_scp_nginx_dns_delete_CMzhrV,vandalism/dns_delete,vandalism,scp_then_ssh,execve,yes,0,/usr/bin/id,id,id -u,id -u,/,/usr/bin/id,/usr/bin/id|/lib64/ld-linux-x86-64.so.2,0,0,1001,27672,27671,(none),178,exec,benign,
1778300648,50772,1.626536,attack_window,20260508_212407_dns_delete_9ci3sG,20260508_212404_scp_nginx_dns_delete_CMzhrV,vandalism/dns_delete,vandalism,scp_then_ssh,execve,yes,0,/usr/bin/stat,stat,stat -c %Y /var/lib/update-notifier/fsck-at-reboot,stat -c %Y /var/lib/update-notifier/fsck-at-reboot,/,/usr/bin/stat,/usr/bin/stat|/lib64/ld-linux-x86-64.so.2,0,0,1001,27673,27671,(none),178,exec,benign,
1778300648,50773,1.627536,attack_window,20260508_212407_dns_delete_9ci3sG,20260508_212404_scp_nginx_dns_delete_CMzhrV,vandalism/dns_delete,vandalism,scp_then_ssh,execve,yes,0,/usr/bin/gawk,awk,awk {print $1} /proc/uptime,awk {print $1} /proc/uptime,/,/usr/bin/awk,/usr/bin/awk|/lib64/ld-linux-x86-64.so.2,0,0,1001,27675,27674,(none),178,exec,benign,
1778300648,50774,1.628536,attack_window,20260508_212407_dns_delete_9ci3sG,20260508_212404_scp_nginx_dns_delete_CMzhrV,vandalism/dns_delete,vandalism,scp_then_ssh,execve,yes,0,/usr/bin/date,date,date -d now - 2894.66 seconds +%s,date -d now - 2894.66 seconds +%s,/,/usr/bin/date,/usr/bin/date|/lib64/ld-linux-x86-64.so.2,0,0,1001,27674,27671,(none),178,exec,benign,
1778300648,50775,1.629536,attack_window,20260508_212407_dns_delete_9ci3sG,20260508_212404_scp_nginx_dns_delete_CMzhrV,vandalism/dns_delete,vandalism,scp_then_ssh,execve,yes,0,/usr/bin/date,date,date +%s,date +%s,/,/usr/bin/date,/usr/bin/date|/lib64/ld-linux-x86-64.so.2,0,0,1001,27676,27671,(none),178,exec,benign,
1778300648,50776,1.630536,attack_window,20260508_212407_dns_delete_9ci3sG,20260508_212404_scp_nginx_dns_delete_CMzhrV,vandalism/dns_delete,vandalism,scp_then_ssh,execve,yes,0,/usr/bin/cat,cat,cat /var/lib/update-notifier/fsck-at-reboot,cat /var/lib/update-notifier/fsck-at-reboot,/,/usr/bin/cat,/usr/bin/cat|/lib64/ld-linux-x86-64.so.2,0,0,1001,27677,27671,(none),178,exec,benign,
1778300648,50777,1.631536,attack_window,20260508_212407_dns_delete_9ci3sG,20260508_212404_scp_nginx_dns_delete_CMzhrV,vandalism/dns_delete,vandalism,scp_then_ssh,execve,yes,0,/usr/bin/dash,98-reboot-requi,/bin/sh /etc/update-motd.d/98-reboot-required,/bin/sh /etc/update-motd.d/98-reboot-required,/,/etc/update-motd.d/98-reboot-required,/etc/update-motd.d/98-reboot-required|/bin/sh|/lib64/ld-linux-x86-64.so.2,0,0,1001,27678,27635,(none),178,exec,benign,
1778300648,50778,1.632535,attack_window,20260508_212407_dns_delete_9ci3sG,20260508_212404_scp_nginx_dns_delete_CMzhrV,vandalism/dns_delete,vandalism,scp_then_ssh,execve,yes,0,/usr/bin/dash,update-motd-reb,/bin/sh -e /usr/lib/update-notifier/update-motd-reboot-required,/bin/sh /etc/update-motd.d/98-reboot-required,/,/usr/lib/update-notifier/update-motd-reboot-required,/usr/lib/update-notifier/update-motd-reboot-required|/bin/sh|/lib64/ld-linux-x86-64.so.2,0,0,1001,27678,27635,(none),178,exec,benign,
1778300648,50779,1.634536,attack_window,20260508_212407_dns_delete_9ci3sG,20260508_212404_scp_nginx_dns_delete_CMzhrV,vandalism/dns_delete,vandalism,scp_then_ssh,rename,yes,0,/usr/sbin/sshd,sshd,,/usr/sbin/sshd -D -R,/,/run/,/run/|/run/motd.dynamic.new|/run/motd.dynamic,0,0,1001,27632,21008,(none),178,file_destroy,benign,
1778300648,50780,1.634536,attack_window,20260508_212407_dns_delete_9ci3sG,20260508_212404_scp_nginx_dns_delete_CMzhrV,vandalism/dns_delete,vandalism,scp_then_ssh,connect,yes,0,/usr/sbin/sshd,sshd,,/usr/sbin/sshd -D -R,/,/run/systemd/userdb/io.systemd.DynamicUser,/run/systemd/userdb/io.systemd.DynamicUser,0,0,1001,27632,21008,(none),178,network_connect,benign,
1778300648,50781,1.634536,attack_window,20260508_212407_dns_delete_9ci3sG,20260508_212404_scp_nginx_dns_delete_CMzhrV,vandalism/dns_delete,vandalism,scp_then_ssh,connect,yes,0,/usr/sbin/sshd,sshd,,/usr/sbin/sshd -D -R,/,/run/systemd/userdb/io.systemd.DynamicUser,/run/systemd/userdb/io.systemd.DynamicUser,0,0,1001,27632,21008,(none),178,network_connect,benign,
1778300648,50782,1.636536,attack_window,20260508_212407_dns_delete_9ci3sG,20260508_212404_scp_nginx_dns_delete_CMzhrV,vandalism/dns_delete,vandalism,scp_then_ssh,connect,yes,0,/usr/sbin/sshd,sshd,,/usr/sbin/sshd -D -R,/,/run/systemd/userdb/io.systemd.DynamicUser,/run/systemd/userdb/io.systemd.DynamicUser,0,0,1001,27632,21008,(none),178,network_connect,benign,
1778300648,50783,1.636536,attack_window,20260508_212407_dns_delete_9ci3sG,20260508_212404_scp_nginx_dns_delete_CMzhrV,vandalism/dns_delete,vandalism,scp_then_ssh,connect,yes,0,/usr/sbin/sshd,sshd,,/usr/sbin/sshd -D -R,/,/run/systemd/userdb/io.systemd.DynamicUser,/run/systemd/userdb/io.systemd.DynamicUser,0,0,1001,27632,21008,(none),178,network_connect,benign,
1778300648,50784,1.640536,attack_window,20260508_212407_dns_delete_9ci3sG,20260508_212404_scp_nginx_dns_delete_CMzhrV,vandalism/dns_delete,vandalism,scp_then_ssh,connect,yes,0,/usr/sbin/sshd,sshd,,/usr/sbin/sshd -D -R,/,/run/systemd/userdb/io.systemd.DynamicUser,/run/systemd/userdb/io.systemd.DynamicUser,0,0,1001,27632,21008,(none),178,network_connect,benign,
1778300648,50785,1.640536,attack_window,20260508_212407_dns_delete_9ci3sG,20260508_212404_scp_nginx_dns_delete_CMzhrV,vandalism/dns_delete,vandalism,scp_then_ssh,,,,,,,,,,,,,,,,,,,ambiguous,
1778300648,50786,1.640536,attack_window,20260508_212407_dns_delete_9ci3sG,20260508_212404_scp_nginx_dns_delete_CMzhrV,vandalism/dns_delete,vandalism,scp_then_ssh,setgid,yes,0,/usr/sbin/sshd,sshd,,sshd: deploy-rkejw [priv],,,,0,0,1001,27679,27632,(none),178,privilege_transition,benign,
1778300648,50787,1.640536,attack_window,20260508_212407_dns_delete_9ci3sG,20260508_212404_scp_nginx_dns_delete_CMzhrV,vandalism/dns_delete,vandalism,scp_then_ssh,connect,yes,0,/usr/sbin/sshd,sshd,,sshd: deploy-rkejw [priv],/,/run/systemd/userdb/io.systemd.DynamicUser,/run/systemd/userdb/io.systemd.DynamicUser,0,0,1001,27679,27632,(none),178,network_connect,benign,
1778300648,50788,1.641536,attack_window,20260508_212407_dns_delete_9ci3sG,20260508_212404_scp_nginx_dns_delete_CMzhrV,vandalism/dns_delete,vandalism,scp_then_ssh,connect,yes,0,/usr/sbin/sshd,sshd,,sshd: deploy-rkejw [priv],/,/run/systemd/userdb/io.systemd.DynamicUser,/run/systemd/userdb/io.systemd.DynamicUser,0,0,1001,27679,27632,(none),178,network_connect,benign,
1778300648,50789,1.641536,attack_window,20260508_212407_dns_delete_9ci3sG,20260508_212404_scp_nginx_dns_delete_CMzhrV,vandalism/dns_delete,vandalism,scp_then_ssh,126,yes,0,/usr/sbin/sshd,sshd,,sshd: deploy-rkejw [priv],,,,0,0,1001,27679,27632,(none),178,privilege_transition,benign,
1778300648,50790,1.641536,attack_window,20260508_212407_dns_delete_9ci3sG,20260508_212404_scp_nginx_dns_delete_CMzhrV,vandalism/dns_delete,vandalism,scp_then_ssh,,,,,,,,,,,,,,,,,,,ambiguous,
1778300648,50791,1.642535,attack_window,20260508_212407_dns_delete_9ci3sG,20260508_212404_scp_nginx_dns_delete_CMzhrV,vandalism/dns_delete,vandalism,scp_then_ssh,setresgid,yes,0,/usr/sbin/sshd,sshd,,sshd: deploy-rkejw [priv],,,,0,0,1001,27679,27632,(none),178,privilege_transition,benign,
1778300648,50792,1.642535,attack_window,20260508_212407_dns_delete_9ci3sG,20260508_212404_scp_nginx_dns_delete_CMzhrV,vandalism/dns_delete,vandalism,scp_then_ssh,setresuid,yes,0,/usr/sbin/sshd,sshd,,sshd: deploy-rkejw [priv],,,,1001,1001,1001,27679,27632,(none),178,privilege_transition,benign,
1778300648,50793,1.642535,attack_window,20260508_212407_dns_delete_9ci3sG,20260508_212404_scp_nginx_dns_delete_CMzhrV,vandalism/dns_delete,vandalism,scp_then_ssh,setuid,no,-1,/usr/sbin/sshd,sshd,,sshd: deploy-rkejw [priv],,,,1001,1001,1001,27679,27632,(none),178,privilege_transition,benign,
1778300648,50794,1.642535,attack_window,20260508_212407_dns_delete_9ci3sG,20260508_212404_scp_nginx_dns_delete_CMzhrV,vandalism/dns_delete,vandalism,scp_then_ssh,setresuid,no,-1,/usr/sbin/sshd,sshd,,sshd: deploy-rkejw [priv],,,,1001,1001,1001,27679,27632,(none),178,privilege_transition,benign,
1778300648,50795,1.690536,attack_window,20260508_212407_dns_delete_9ci3sG,20260508_212404_scp_nginx_dns_delete_CMzhrV,vandalism/dns_delete,vandalism,scp_then_ssh,execve,yes,0,/usr/bin/bash,bash,bash -c /usr/lib/openssh/sftp-server,bash -c /usr/lib/openssh/sftp-server,/home/deploy-rkejw,/bin/bash,/bin/bash|/lib64/ld-linux-x86-64.so.2,1001,1001,1001,27680,27679,(none),178,shell_exec,benign,
1778300648,50796,1.691535,attack_window,20260508_212407_dns_delete_9ci3sG,20260508_212404_scp_nginx_dns_delete_CMzhrV,vandalism/dns_delete,vandalism,scp_then_ssh,execve,yes,0,/usr/lib/openssh/sftp-server,sftp-server,/usr/lib/openssh/sftp-server,bash -c /usr/lib/openssh/sftp-server,/home/deploy-rkejw,/usr/lib/openssh/sftp-server,/usr/lib/openssh/sftp-server|/lib64/ld-linux-x86-64.so.2,1001,1001,1001,27680,27679,(none),178,exec,benign,
1778300648,50797,1.693536,attack_window,20260508_212407_dns_delete_9ci3sG,20260508_212404_scp_nginx_dns_delete_CMzhrV,vandalism/dns_delete,vandalism,scp_then_ssh,connect,no,-2,/usr/lib/openssh/sftp-server,sftp-server,,bash -c /usr/lib/openssh/sftp-server,/home/deploy-rkejw,/var/run/nscd/socket,/var/run/nscd/socket,1001,1001,1001,27680,27679,(none),178,network_connect,benign,
1778300648,50798,1.693536,attack_window,20260508_212407_dns_delete_9ci3sG,20260508_212404_scp_nginx_dns_delete_CMzhrV,vandalism/dns_delete,vandalism,scp_then_ssh,connect,no,-2,/usr/lib/openssh/sftp-server,sftp-server,,bash -c /usr/lib/openssh/sftp-server,/home/deploy-rkejw,/var/run/nscd/socket,/var/run/nscd/socket,1001,1001,1001,27680,27679,(none),178,network_connect,benign,
1778300648,50799,1.698536,attack_window,20260508_212407_dns_delete_9ci3sG,20260508_212404_scp_nginx_dns_delete_CMzhrV,vandalism/dns_delete,vandalism,scp_then_ssh,connect,yes,0,/usr/sbin/sshd,sshd,,sshd: deploy-rkejw [priv],/,/dev/log,/dev/log,1001,1001,1001,27679,27632,(none),178,network_connect,benign,
1778300648,50800,1.698536,attack_window,20260508_212407_dns_delete_9ci3sG,20260508_212404_scp_nginx_dns_delete_CMzhrV,vandalism/dns_delete,vandalism,scp_then_ssh,114,yes,0,/usr/sbin/sshd,sshd,,/usr/sbin/sshd -D -R,,,,0,0,1001,27632,21008,(none),178,privilege_transition,benign,
1778300648,50801,1.698536,attack_window,20260508_212407_dns_delete_9ci3sG,20260508_212404_scp_nginx_dns_delete_CMzhrV,vandalism/dns_delete,vandalism,scp_then_ssh,setresuid,yes,0,/usr/sbin/sshd,sshd,,/usr/sbin/sshd -D -R,,,,0,1001,1001,27632,21008,(none),178,privilege_transition,benign,
1778300648,50802,1.698536,attack_window,20260508_212407_dns_delete_9ci3sG,20260508_212404_scp_nginx_dns_delete_CMzhrV,vandalism/dns_delete,vandalism,scp_then_ssh,113,yes,0,/usr/sbin/sshd,sshd,,/usr/sbin/sshd -D -R,,,,0,0,1001,27632,21008,(none),178,privilege_transition,benign,
1778300648,50803,1.698536,attack_window,20260508_212407_dns_delete_9ci3sG,20260508_212404_scp_nginx_dns_delete_CMzhrV,vandalism/dns_delete,vandalism,scp_then_ssh,114,yes,0,/usr/sbin/sshd,sshd,,/usr/sbin/sshd -D -R,,,,0,0,1001,27632,21008,(none),178,privilege_transition,benign,
1778300648,50804,1.698536,attack_window,20260508_212407_dns_delete_9ci3sG,20260508_212404_scp_nginx_dns_delete_CMzhrV,vandalism/dns_delete,vandalism,scp_then_ssh,connect,yes,0,/usr/sbin/sshd,sshd,,/usr/sbin/sshd -D -R,/,/run/dbus/system_bus_socket,/run/dbus/system_bus_socket,0,0,1001,27632,21008,(none),178,network_connect,benign,
1778300648,50805,1.700536,attack_window,20260508_212407_dns_delete_9ci3sG,20260508_212404_scp_nginx_dns_delete_CMzhrV,vandalism/dns_delete,vandalism,scp_then_ssh,,,,,,,,,,,,,,,,,,,ambiguous,
1778300648,50806,1.700536,attack_window,20260508_212407_dns_delete_9ci3sG,20260508_212404_scp_nginx_dns_delete_CMzhrV,vandalism/dns_delete,vandalism,scp_then_ssh,,,,,,,,,,,,,,,,,,,ambiguous,
1778300648,50807,1.700536,attack_window,20260508_212407_dns_delete_9ci3sG,20260508_212404_scp_nginx_dns_delete_CMzhrV,vandalism/dns_delete,vandalism,scp_then_ssh,setresgid,yes,0,/usr/sbin/sshd,sshd,,/usr/sbin/sshd -D -R,,,,0,0,1001,27632,21008,(none),178,privilege_transition,benign,
1778300648,50808,1.700536,attack_window,20260508_212407_dns_delete_9ci3sG,20260508_212404_scp_nginx_dns_delete_CMzhrV,vandalism/dns_delete,vandalism,scp_then_ssh,setresuid,yes,0,/usr/sbin/sshd,sshd,,/usr/sbin/sshd -D -R,,,,0,1001,1001,27632,21008,(none),178,privilege_transition,benign,
1778300648,50809,1.700536,attack_window,20260508_212407_dns_delete_9ci3sG,20260508_212404_scp_nginx_dns_delete_CMzhrV,vandalism/dns_delete,vandalism,scp_then_ssh,setresuid,yes,0,/usr/sbin/sshd,sshd,,/usr/sbin/sshd -D -R,,,,0,0,1001,27632,21008,(none),178,privilege_transition,benign,
1778300648,50810,1.700536,attack_window,20260508_212407_dns_delete_9ci3sG,20260508_212404_scp_nginx_dns_delete_CMzhrV,vandalism/dns_delete,vandalism,scp_then_ssh,setresgid,yes,0,/usr/sbin/sshd,sshd,,/usr/sbin/sshd -D -R,,,,0,0,1001,27632,21008,(none),178,privilege_transition,benign,
1778300648,50811,1.714535,attack_window,20260508_212407_dns_delete_9ci3sG,20260508_212404_scp_nginx_dns_delete_CMzhrV,vandalism/dns_delete,vandalism,scp_then_ssh,execve,yes,0,/usr/sbin/sshd,sshd,/usr/sbin/sshd -D -R,/usr/sbin/sshd -D -R,/,/usr/sbin/sshd,/usr/sbin/sshd|/lib64/ld-linux-x86-64.so.2,0,0,4294967295,27681,21008,(none),4294967295,exec,benign,
1778300648,50812,1.716536,attack_window,20260508_212407_dns_delete_9ci3sG,20260508_212404_scp_nginx_dns_delete_CMzhrV,vandalism/dns_delete,vandalism,scp_then_ssh,connect,no,-2,/usr/sbin/sshd,sshd,,/usr/sbin/sshd -D -R,/,/var/run/nscd/socket,/var/run/nscd/socket,0,0,4294967295,27681,21008,(none),4294967295,network_connect,benign,
1778300648,50813,1.717535,attack_window,20260508_212407_dns_delete_9ci3sG,20260508_212404_scp_nginx_dns_delete_CMzhrV,vandalism/dns_delete,vandalism,scp_then_ssh,connect,yes,0,/usr/sbin/sshd,sshd,,/usr/sbin/sshd -D -R,,,,0,0,4294967295,27681,21008,(none),4294967295,network_connect,benign,
1778300648,50814,1.717535,attack_window,20260508_212407_dns_delete_9ci3sG,20260508_212404_scp_nginx_dns_delete_CMzhrV,vandalism/dns_delete,vandalism,scp_then_ssh,connect,yes,0,/usr/sbin/sshd,sshd,,/usr/sbin/sshd -D -R,,,,0,0,4294967295,27681,21008,(none),4294967295,network_connect,benign,
1778300648,50815,1.717535,attack_window,20260508_212407_dns_delete_9ci3sG,20260508_212404_scp_nginx_dns_delete_CMzhrV,vandalism/dns_delete,vandalism,scp_then_ssh,connect,yes,0,/usr/sbin/sshd,sshd,,/usr/sbin/sshd -D -R,,,,0,0,4294967295,27681,21008,(none),4294967295,network_connect,benign,
1778300648,50816,1.717535,attack_window,20260508_212407_dns_delete_9ci3sG,20260508_212404_scp_nginx_dns_delete_CMzhrV,vandalism/dns_delete,vandalism,scp_then_ssh,connect,no,-2,/usr/sbin/sshd,sshd,,/usr/sbin/sshd -D -R,/,/var/run/nscd/socket,/var/run/nscd/socket,0,0,4294967295,27681,21008,(none),4294967295,network_connect,benign,
1778300648,50817,1.717535,attack_window,20260508_212407_dns_delete_9ci3sG,20260508_212404_scp_nginx_dns_delete_CMzhrV,vandalism/dns_delete,vandalism,scp_then_ssh,connect,no,-2,/usr/sbin/sshd,sshd,,/usr/sbin/sshd -D -R,/,/var/run/nscd/socket,/var/run/nscd/socket,0,0,4294967295,27681,21008,(none),4294967295,network_connect,benign,
1778300648,50818,1.719536,attack_window,20260508_212407_dns_delete_9ci3sG,20260508_212404_scp_nginx_dns_delete_CMzhrV,vandalism/dns_delete,vandalism,scp_then_ssh,setresgid,yes,0,/usr/sbin/sshd,sshd,,sshd: [accepted],,,,0,0,4294967295,27682,27681,(none),4294967295,privilege_transition,benign,
1778300648,50819,1.719536,attack_window,20260508_212407_dns_delete_9ci3sG,20260508_212404_scp_nginx_dns_delete_CMzhrV,vandalism/dns_delete,vandalism,scp_then_ssh,setresuid,yes,0,/usr/sbin/sshd,sshd,,sshd: [accepted],,,,109,109,4294967295,27682,27681,(none),4294967295,privilege_transition,benign,
1778300648,50820,1.720536,attack_window,20260508_212407_dns_delete_9ci3sG,20260508_212404_scp_nginx_dns_delete_CMzhrV,vandalism/dns_delete,vandalism,scp_then_ssh,setgid,no,-1,/usr/sbin/sshd,sshd,,sshd: [accepted],,,,109,109,4294967295,27682,27681,(none),4294967295,privilege_transition,benign,
1778300648,50821,1.720536,attack_window,20260508_212407_dns_delete_9ci3sG,20260508_212404_scp_nginx_dns_delete_CMzhrV,vandalism/dns_delete,vandalism,scp_then_ssh,setresgid,no,-1,/usr/sbin/sshd,sshd,,sshd: [accepted],,,,109,109,4294967295,27682,27681,(none),4294967295,privilege_transition,benign,
1778300648,50822,1.720536,attack_window,20260508_212407_dns_delete_9ci3sG,20260508_212404_scp_nginx_dns_delete_CMzhrV,vandalism/dns_delete,vandalism,scp_then_ssh,setuid,no,-1,/usr/sbin/sshd,sshd,,sshd: [accepted],,,,109,109,4294967295,27682,27681,(none),4294967295,privilege_transition,benign,
1778300648,50823,1.720536,attack_window,20260508_212407_dns_delete_9ci3sG,20260508_212404_scp_nginx_dns_delete_CMzhrV,vandalism/dns_delete,vandalism,scp_then_ssh,setresuid,no,-1,/usr/sbin/sshd,sshd,,sshd: [accepted],,,,109,109,4294967295,27682,27681,(none),4294967295,privilege_transition,benign,
1778300649,50824,1.826535,attack_window,20260508_212407_dns_delete_9ci3sG,20260508_212404_scp_nginx_dns_delete_CMzhrV,vandalism/dns_delete,vandalism,scp_then_ssh,connect,no,-2,/usr/sbin/sshd,sshd,,/usr/sbin/sshd -D -R,/,/var/run/nscd/socket,/var/run/nscd/socket,0,0,4294967295,27681,21008,(none),4294967295,network_connect,benign,
1778300649,50825,1.826535,attack_window,20260508_212407_dns_delete_9ci3sG,20260508_212404_scp_nginx_dns_delete_CMzhrV,vandalism/dns_delete,vandalism,scp_then_ssh,connect,no,-2,/usr/sbin/sshd,sshd,,/usr/sbin/sshd -D -R,/,/var/run/nscd/socket,/var/run/nscd/socket,0,0,4294967295,27681,21008,(none),4294967295,network_connect,benign,
1778300649,50826,1.826535,attack_window,20260508_212407_dns_delete_9ci3sG,20260508_212404_scp_nginx_dns_delete_CMzhrV,vandalism/dns_delete,vandalism,scp_then_ssh,connect,yes,0,/usr/sbin/sshd,sshd,,/usr/sbin/sshd -D -R,/,/run/systemd/userdb/io.systemd.DynamicUser,/run/systemd/userdb/io.systemd.DynamicUser,0,0,4294967295,27681,21008,(none),4294967295,network_connect,benign,
1778300649,50827,1.826535,attack_window,20260508_212407_dns_delete_9ci3sG,20260508_212404_scp_nginx_dns_delete_CMzhrV,vandalism/dns_delete,vandalism,scp_then_ssh,setresgid,yes,0,/usr/sbin/sshd,sshd,,/usr/sbin/sshd -D -R,,,,0,0,4294967295,27681,21008,(none),4294967295,privilege_transition,benign,
1778300649,50828,1.826535,attack_window,20260508_212407_dns_delete_9ci3sG,20260508_212404_scp_nginx_dns_delete_CMzhrV,vandalism/dns_delete,vandalism,scp_then_ssh,setresuid,yes,0,/usr/sbin/sshd,sshd,,/usr/sbin/sshd -D -R,,,,0,1001,4294967295,27681,21008,(none),4294967295,privilege_transition,benign,
1778300649,50829,1.826535,attack_window,20260508_212407_dns_delete_9ci3sG,20260508_212404_scp_nginx_dns_delete_CMzhrV,vandalism/dns_delete,vandalism,scp_then_ssh,setresuid,yes,0,/usr/sbin/sshd,sshd,,/usr/sbin/sshd -D -R,,,,0,0,4294967295,27681,21008,(none),4294967295,privilege_transition,benign,
1778300649,50830,1.826535,attack_window,20260508_212407_dns_delete_9ci3sG,20260508_212404_scp_nginx_dns_delete_CMzhrV,vandalism/dns_delete,vandalism,scp_then_ssh,setresgid,yes,0,/usr/sbin/sshd,sshd,,/usr/sbin/sshd -D -R,,,,0,0,4294967295,27681,21008,(none),4294967295,privilege_transition,benign,
1778300649,50831,1.826535,attack_window,20260508_212407_dns_delete_9ci3sG,20260508_212404_scp_nginx_dns_delete_CMzhrV,vandalism/dns_delete,vandalism,scp_then_ssh,setresgid,yes,0,/usr/sbin/sshd,sshd,,/usr/sbin/sshd -D -R,,,,0,0,4294967295,27681,21008,(none),4294967295,privilege_transition,benign,
1778300649,50832,1.826535,attack_window,20260508_212407_dns_delete_9ci3sG,20260508_212404_scp_nginx_dns_delete_CMzhrV,vandalism/dns_delete,vandalism,scp_then_ssh,setresuid,yes,0,/usr/sbin/sshd,sshd,,/usr/sbin/sshd -D -R,,,,0,1001,4294967295,27681,21008,(none),4294967295,privilege_transition,benign,
1778300649,50833,1.827536,attack_window,20260508_212407_dns_delete_9ci3sG,20260508_212404_scp_nginx_dns_delete_CMzhrV,vandalism/dns_delete,vandalism,scp_then_ssh,connect,yes,0,/usr/sbin/sshd,sshd,,/usr/sbin/sshd -D -R,/,/dev/log,/dev/log,0,1001,4294967295,27681,21008,(none),4294967295,network_connect,benign,
1778300649,50834,1.827536,attack_window,20260508_212407_dns_delete_9ci3sG,20260508_212404_scp_nginx_dns_delete_CMzhrV,vandalism/dns_delete,vandalism,scp_then_ssh,setresuid,yes,0,/usr/sbin/sshd,sshd,,/usr/sbin/sshd -D -R,,,,0,0,4294967295,27681,21008,(none),4294967295,privilege_transition,benign,
1778300649,50835,1.827536,attack_window,20260508_212407_dns_delete_9ci3sG,20260508_212404_scp_nginx_dns_delete_CMzhrV,vandalism/dns_delete,vandalism,scp_then_ssh,setresgid,yes,0,/usr/sbin/sshd,sshd,,/usr/sbin/sshd -D -R,,,,0,0,4294967295,27681,21008,(none),4294967295,privilege_transition,benign,
1778300649,50836,1.827536,attack_window,20260508_212407_dns_delete_9ci3sG,20260508_212404_scp_nginx_dns_delete_CMzhrV,vandalism/dns_delete,vandalism,scp_then_ssh,,,,,,,,,,,,,,,,,,,ambiguous,
1778300649,50837,1.833536,attack_window,20260508_212407_dns_delete_9ci3sG,20260508_212404_scp_nginx_dns_delete_CMzhrV,vandalism/dns_delete,vandalism,scp_then_ssh,setresgid,yes,0,/usr/sbin/sshd,sshd,,/usr/sbin/sshd -D -R,,,,0,0,4294967295,27681,21008,(none),4294967295,privilege_transition,benign,
1778300649,50838,1.833536,attack_window,20260508_212407_dns_delete_9ci3sG,20260508_212404_scp_nginx_dns_delete_CMzhrV,vandalism/dns_delete,vandalism,scp_then_ssh,setresuid,yes,0,/usr/sbin/sshd,sshd,,/usr/sbin/sshd -D -R,,,,0,1001,4294967295,27681,21008,(none),4294967295,privilege_transition,benign,
1778300649,50839,1.833536,attack_window,20260508_212407_dns_delete_9ci3sG,20260508_212404_scp_nginx_dns_delete_CMzhrV,vandalism/dns_delete,vandalism,scp_then_ssh,setresuid,yes,0,/usr/sbin/sshd,sshd,,/usr/sbin/sshd -D -R,,,,0,0,4294967295,27681,21008,(none),4294967295,privilege_transition,benign,
1778300649,50840,1.833536,attack_window,20260508_212407_dns_delete_9ci3sG,20260508_212404_scp_nginx_dns_delete_CMzhrV,vandalism/dns_delete,vandalism,scp_then_ssh,setresgid,yes,0,/usr/sbin/sshd,sshd,,/usr/sbin/sshd -D -R,,,,0,0,4294967295,27681,21008,(none),4294967295,privilege_transition,benign,
1778300649,50841,1.833536,attack_window,20260508_212407_dns_delete_9ci3sG,20260508_212404_scp_nginx_dns_delete_CMzhrV,vandalism/dns_delete,vandalism,scp_then_ssh,setresgid,yes,0,/usr/sbin/sshd,sshd,,/usr/sbin/sshd -D -R,,,,0,0,4294967295,27681,21008,(none),4294967295,privilege_transition,benign,
1778300649,50842,1.833536,attack_window,20260508_212407_dns_delete_9ci3sG,20260508_212404_scp_nginx_dns_delete_CMzhrV,vandalism/dns_delete,vandalism,scp_then_ssh,setresuid,yes,0,/usr/sbin/sshd,sshd,,/usr/sbin/sshd -D -R,,,,0,1001,4294967295,27681,21008,(none),4294967295,privilege_transition,benign,
1778300649,50843,1.833536,attack_window,20260508_212407_dns_delete_9ci3sG,20260508_212404_scp_nginx_dns_delete_CMzhrV,vandalism/dns_delete,vandalism,scp_then_ssh,connect,yes,0,/usr/sbin/sshd,sshd,,/usr/sbin/sshd -D -R,/,/dev/log,/dev/log,0,1001,4294967295,27681,21008,(none),4294967295,network_connect,benign,
1778300649,50844,1.833536,attack_window,20260508_212407_dns_delete_9ci3sG,20260508_212404_scp_nginx_dns_delete_CMzhrV,vandalism/dns_delete,vandalism,scp_then_ssh,setresuid,yes,0,/usr/sbin/sshd,sshd,,/usr/sbin/sshd -D -R,,,,0,0,4294967295,27681,21008,(none),4294967295,privilege_transition,benign,
1778300649,50845,1.833536,attack_window,20260508_212407_dns_delete_9ci3sG,20260508_212404_scp_nginx_dns_delete_CMzhrV,vandalism/dns_delete,vandalism,scp_then_ssh,setresgid,yes,0,/usr/sbin/sshd,sshd,,/usr/sbin/sshd -D -R,,,,0,0,4294967295,27681,21008,(none),4294967295,privilege_transition,benign,
1778300649,50846,1.833536,attack_window,20260508_212407_dns_delete_9ci3sG,20260508_212404_scp_nginx_dns_delete_CMzhrV,vandalism/dns_delete,vandalism,scp_then_ssh,,,,,,,,,,,,,,,,,,,ambiguous,
1778300649,50847,1.886536,attack_window,20260508_212407_dns_delete_9ci3sG,20260508_212404_scp_nginx_dns_delete_CMzhrV,vandalism/dns_delete,vandalism,scp_then_ssh,connect,yes,0,/usr/sbin/sshd,sshd,,/usr/sbin/sshd -D -R,/,/run/systemd/userdb/io.systemd.DynamicUser,/run/systemd/userdb/io.systemd.DynamicUser,0,0,4294967295,27681,21008,(none),4294967295,network_connect,benign,
1778300649,50848,1.887536,attack_window,20260508_212407_dns_delete_9ci3sG,20260508_212404_scp_nginx_dns_delete_CMzhrV,vandalism/dns_delete,vandalism,scp_then_ssh,,,,,,,,,,,,,,,,,,,ambiguous,
1778300649,50849,1.889536,attack_window,20260508_212407_dns_delete_9ci3sG,20260508_212404_scp_nginx_dns_delete_CMzhrV,vandalism/dns_delete,vandalism,scp_then_ssh,,,,,,,,,,,,,,,,,,,ambiguous,
1778300649,50850,1.889536,attack_window,20260508_212407_dns_delete_9ci3sG,20260508_212404_scp_nginx_dns_delete_CMzhrV,vandalism/dns_delete,vandalism,scp_then_ssh,connect,yes,0,/usr/sbin/sshd,sshd,,/usr/sbin/sshd -D -R,/,/dev/log,/dev/log,0,0,4294967295,27681,21008,(none),4294967295,network_connect,benign,
1778300649,50851,1.890536,attack_window,20260508_212407_dns_delete_9ci3sG,20260508_212404_scp_nginx_dns_delete_CMzhrV,vandalism/dns_delete,vandalism,scp_then_ssh,connect,yes,0,/usr/sbin/sshd,sshd,,/usr/sbin/sshd -D -R,/,/run/systemd/userdb/io.systemd.DynamicUser,/run/systemd/userdb/io.systemd.DynamicUser,0,0,4294967295,27681,21008,(none),4294967295,network_connect,benign,
1778300649,50852,1.891536,attack_window,20260508_212407_dns_delete_9ci3sG,20260508_212404_scp_nginx_dns_delete_CMzhrV,vandalism/dns_delete,vandalism,scp_then_ssh,126,yes,0,/usr/sbin/sshd,sshd,,/usr/sbin/sshd -D -R,,,,0,0,4294967295,27681,21008,(none),4294967295,privilege_transition,benign,
1778300649,50853,1.891536,attack_window,20260508_212407_dns_delete_9ci3sG,20260508_212404_scp_nginx_dns_delete_CMzhrV,vandalism/dns_delete,vandalism,scp_then_ssh,,,,,,,,,,,,,,,,,,,ambiguous,
1778300649,50854,1.891536,attack_window,20260508_212407_dns_delete_9ci3sG,20260508_212404_scp_nginx_dns_delete_CMzhrV,vandalism/dns_delete,vandalism,scp_then_ssh,77,yes,0,/usr/sbin/sshd,sshd,,/usr/sbin/sshd -D -R,,,,0,0,4294967295,27681,21008,(none),4294967295,file_destroy,benign,
1778300649,50855,1.891536,attack_window,20260508_212407_dns_delete_9ci3sG,20260508_212404_scp_nginx_dns_delete_CMzhrV,vandalism/dns_delete,vandalism,scp_then_ssh,write,yes,4,/usr/sbin/sshd,sshd,,/usr/sbin/sshd -D -R,,,,0,0,1001,27681,21008,(none),179,(null),benign,
1778300649,50856,1.891536,attack_window,20260508_212407_dns_delete_9ci3sG,20260508_212404_scp_nginx_dns_delete_CMzhrV,vandalism/dns_delete,vandalism,scp_then_ssh,114,yes,0,/usr/sbin/sshd,sshd,,/usr/sbin/sshd -D -R,,,,0,0,1001,27681,21008,(none),179,privilege_transition,benign,
1778300649,50857,1.891536,attack_window,20260508_212407_dns_delete_9ci3sG,20260508_212404_scp_nginx_dns_delete_CMzhrV,vandalism/dns_delete,vandalism,scp_then_ssh,113,yes,0,/usr/sbin/sshd,sshd,,/usr/sbin/sshd -D -R,,,,1001,0,1001,27681,21008,(none),179,privilege_transition,benign,
1778300649,50858,1.891536,attack_window,20260508_212407_dns_delete_9ci3sG,20260508_212404_scp_nginx_dns_delete_CMzhrV,vandalism/dns_delete,vandalism,scp_then_ssh,113,yes,0,/usr/sbin/sshd,sshd,,/usr/sbin/sshd -D -R,,,,0,0,1001,27681,21008,(none),179,privilege_transition,benign,
1778300649,50859,1.891536,attack_window,20260508_212407_dns_delete_9ci3sG,20260508_212404_scp_nginx_dns_delete_CMzhrV,vandalism/dns_delete,vandalism,scp_then_ssh,114,yes,0,/usr/sbin/sshd,sshd,,/usr/sbin/sshd -D -R,,,,0,0,1001,27681,21008,(none),179,privilege_transition,benign,
1778300649,50860,1.891536,attack_window,20260508_212407_dns_delete_9ci3sG,20260508_212404_scp_nginx_dns_delete_CMzhrV,vandalism/dns_delete,vandalism,scp_then_ssh,connect,yes,0,/usr/sbin/sshd,sshd,,/usr/sbin/sshd -D -R,/,/dev/log,/dev/log,0,0,1001,27681,21008,(none),179,network_connect,benign,
1778300649,50861,1.891536,attack_window,20260508_212407_dns_delete_9ci3sG,20260508_212404_scp_nginx_dns_delete_CMzhrV,vandalism/dns_delete,vandalism,scp_then_ssh,connect,no,-2,/usr/sbin/sshd,sshd,,/usr/sbin/sshd -D -R,/,/run/systemd/userdb/io.systemd.Multiplexer,/run/systemd/userdb/io.systemd.Multiplexer,0,0,1001,27681,21008,(none),179,network_connect,benign,
1778300649,50862,1.891536,attack_window,20260508_212407_dns_delete_9ci3sG,20260508_212404_scp_nginx_dns_delete_CMzhrV,vandalism/dns_delete,vandalism,scp_then_ssh,connect,yes,0,/usr/sbin/sshd,sshd,,/usr/sbin/sshd -D -R,/,/run/systemd/userdb/io.systemd.DynamicUser,/run/systemd/userdb/io.systemd.DynamicUser,0,0,1001,27681,21008,(none),179,network_connect,benign,
1778300649,50863,1.891536,attack_window,20260508_212407_dns_delete_9ci3sG,20260508_212404_scp_nginx_dns_delete_CMzhrV,vandalism/dns_delete,vandalism,scp_then_ssh,connect,yes,0,/usr/sbin/sshd,sshd,,/usr/sbin/sshd -D -R,/,/run/dbus/system_bus_socket,/run/dbus/system_bus_socket,0,0,1001,27681,21008,(none),179,network_connect,benign,
1778300649,50864,1.899536,attack_window,20260508_212407_dns_delete_9ci3sG,20260508_212404_scp_nginx_dns_delete_CMzhrV,vandalism/dns_delete,vandalism,scp_then_ssh,execve,yes,0,/usr/bin/dash,sh,sh -c -- /usr/bin/env -i PATH=/usr/local/sbin:/usr/local/bin:/usr/sbin:/usr/bin:/sbin:/bin run-parts --lsbsysinit /etc/update-motd.d > /run/motd.dynamic.new,sh -c -- /usr/bin/env -i PATH=/usr/local/sbin:/usr/local/bin:/usr/sbin:/usr/bin:/sbin:/bin run-parts --lsbsysinit /etc/update-mo,/,/bin/sh,/bin/sh|/lib64/ld-linux-x86-64.so.2,0,0,1001,27683,27681,(none),179,exec,benign,
1778300649,50865,1.901536,attack_window,20260508_212407_dns_delete_9ci3sG,20260508_212404_scp_nginx_dns_delete_CMzhrV,vandalism/dns_delete,vandalism,scp_then_ssh,execve,yes,0,/usr/bin/env,env,/usr/bin/env -i PATH=/usr/local/sbin:/usr/local/bin:/usr/sbin:/usr/bin:/sbin:/bin run-parts --lsbsysinit /etc/update-motd.d,/usr/bin/env -i PATH=/usr/local/sbin:/usr/local/bin:/usr/sbin:/usr/bin:/sbin:/bin run-parts --lsbsysinit /etc/update-motd.d,/,/usr/bin/env,/usr/bin/env|/lib64/ld-linux-x86-64.so.2,0,0,1001,27684,27683,(none),179,exec,benign,
1778300649,50866,1.902536,attack_window,20260508_212407_dns_delete_9ci3sG,20260508_212404_scp_nginx_dns_delete_CMzhrV,vandalism/dns_delete,vandalism,scp_then_ssh,execve,no,-2,/usr/bin/env,env,,/usr/bin/env -i PATH=/usr/local/sbin:/usr/local/bin:/usr/sbin:/usr/bin:/sbin:/bin run-parts --lsbsysinit /etc/update-motd.d,/,/usr/local/sbin/run-parts,/usr/local/sbin/run-parts,0,0,1001,27684,27683,(none),179,exec,benign,
1778300649,50867,1.902536,attack_window,20260508_212407_dns_delete_9ci3sG,20260508_212404_scp_nginx_dns_delete_CMzhrV,vandalism/dns_delete,vandalism,scp_then_ssh,execve,no,-2,/usr/bin/env,env,,/usr/bin/env -i PATH=/usr/local/sbin:/usr/local/bin:/usr/sbin:/usr/bin:/sbin:/bin run-parts --lsbsysinit /etc/update-motd.d,/,/usr/local/bin/run-parts,/usr/local/bin/run-parts,0,0,1001,27684,27683,(none),179,exec,benign,
1778300649,50868,1.902536,attack_window,20260508_212407_dns_delete_9ci3sG,20260508_212404_scp_nginx_dns_delete_CMzhrV,vandalism/dns_delete,vandalism,scp_then_ssh,execve,no,-2,/usr/bin/env,env,,/usr/bin/env -i PATH=/usr/local/sbin:/usr/local/bin:/usr/sbin:/usr/bin:/sbin:/bin run-parts --lsbsysinit /etc/update-motd.d,/,/usr/sbin/run-parts,/usr/sbin/run-parts,0,0,1001,27684,27683,(none),179,exec,benign,
1778300649,50869,1.902536,attack_window,20260508_212407_dns_delete_9ci3sG,20260508_212404_scp_nginx_dns_delete_CMzhrV,vandalism/dns_delete,vandalism,scp_then_ssh,execve,yes,0,/usr/bin/run-parts,run-parts,run-parts --lsbsysinit /etc/update-motd.d,/usr/bin/env -i PATH=/usr/local/sbin:/usr/local/bin:/usr/sbin:/usr/bin:/sbin:/bin run-parts --lsbsysinit /etc/update-motd.d,/,/usr/bin/run-parts,/usr/bin/run-parts|/lib64/ld-linux-x86-64.so.2,0,0,1001,27684,27683,(none),179,exec,benign,
1778300649,50870,1.906536,attack_window,20260508_212407_dns_delete_9ci3sG,20260508_212404_scp_nginx_dns_delete_CMzhrV,vandalism/dns_delete,vandalism,scp_then_ssh,execve,yes,0,/usr/bin/dash,00-header,/bin/sh /etc/update-motd.d/00-header,/bin/sh /etc/update-motd.d/00-header,/,/etc/update-motd.d/00-header,/etc/update-motd.d/00-header|/bin/sh|/lib64/ld-linux-x86-64.so.2,0,0,1001,27685,27684,(none),179,exec,benign,
1778300649,50871,1.907536,attack_window,20260508_212407_dns_delete_9ci3sG,20260508_212404_scp_nginx_dns_delete_CMzhrV,vandalism/dns_delete,vandalism,scp_then_ssh,execve,yes,0,/usr/bin/uname,uname,uname -o,uname -o,/,/usr/bin/uname,/usr/bin/uname|/lib64/ld-linux-x86-64.so.2,0,0,1001,27686,27685,(none),179,exec,benign,
1778300649,50872,1.908535,attack_window,20260508_212407_dns_delete_9ci3sG,20260508_212404_scp_nginx_dns_delete_CMzhrV,vandalism/dns_delete,vandalism,scp_then_ssh,execve,yes,0,/usr/bin/uname,uname,uname -r,uname -r,/,/usr/bin/uname,/usr/bin/uname|/lib64/ld-linux-x86-64.so.2,0,0,1001,27687,27685,(none),179,exec,benign,
1778300649,50873,1.909536,attack_window,20260508_212407_dns_delete_9ci3sG,20260508_212404_scp_nginx_dns_delete_CMzhrV,vandalism/dns_delete,vandalism,scp_then_ssh,execve,yes,0,/usr/bin/uname,uname,uname -m,uname -m,/,/usr/bin/uname,/usr/bin/uname|/lib64/ld-linux-x86-64.so.2,0,0,1001,27688,27685,(none),179,exec,benign,
1778300649,50874,1.910536,attack_window,20260508_212407_dns_delete_9ci3sG,20260508_212404_scp_nginx_dns_delete_CMzhrV,vandalism/dns_delete,vandalism,scp_then_ssh,execve,yes,0,/usr/bin/dash,10-help-text,/bin/sh /etc/update-motd.d/10-help-text,/bin/sh /etc/update-motd.d/10-help-text,/,/etc/update-motd.d/10-help-text,/etc/update-motd.d/10-help-text|/bin/sh|/lib64/ld-linux-x86-64.so.2,0,0,1001,27689,27684,(none),179,exec,benign,
1778300649,50875,1.912536,attack_window,20260508_212407_dns_delete_9ci3sG,20260508_212404_scp_nginx_dns_delete_CMzhrV,vandalism/dns_delete,vandalism,scp_then_ssh,execve,yes,0,/usr/bin/dash,50-landscape-sy,/bin/sh /etc/update-motd.d/50-landscape-sysinfo,/bin/sh /etc/update-motd.d/50-landscape-sysinfo,/,/etc/update-motd.d/50-landscape-sysinfo,/etc/update-motd.d/50-landscape-sysinfo|/bin/sh|/lib64/ld-linux-x86-64.so.2,0,0,1001,27690,27684,(none),179,exec,benign,
1778300649,50876,1.913536,attack_window,20260508_212407_dns_delete_9ci3sG,20260508_212404_scp_nginx_dns_delete_CMzhrV,vandalism/dns_delete,vandalism,scp_then_ssh,execve,yes,0,/usr/bin/find,find,find /var/lib/landscape/landscape-sysinfo.cache -newermt now-1 minutes,find /var/lib/landscape/landscape-sysinfo.cache -newermt now-1 minutes,/,/usr/bin/find,/usr/bin/find|/lib64/ld-linux-x86-64.so.2,0,0,1001,27691,27690,(none),179,exec,benign,
1778300649,50877,1.915535,attack_window,20260508_212407_dns_delete_9ci3sG,20260508_212404_scp_nginx_dns_delete_CMzhrV,vandalism/dns_delete,vandalism,scp_then_ssh,execve,yes,0,/usr/bin/cat,cat,cat /var/lib/landscape/landscape-sysinfo.cache,cat /var/lib/landscape/landscape-sysinfo.cache,/,/usr/bin/cat,/usr/bin/cat|/lib64/ld-linux-x86-64.so.2,0,0,1001,27692,27690,(none),179,exec,benign,
1778300649,50878,1.916536,attack_window,20260508_212407_dns_delete_9ci3sG,20260508_212404_scp_nginx_dns_delete_CMzhrV,vandalism/dns_delete,vandalism,scp_then_ssh,execve,yes,0,/usr/bin/dash,50-motd-news,/bin/sh /etc/update-motd.d/50-motd-news,/bin/sh /etc/update-motd.d/50-motd-news,/,/etc/update-motd.d/50-motd-news,/etc/update-motd.d/50-motd-news|/bin/sh|/lib64/ld-linux-x86-64.so.2,0,0,1001,27693,27684,(none),179,exec,benign,
1778300649,50879,1.917536,attack_window,20260508_212407_dns_delete_9ci3sG,20260508_212404_scp_nginx_dns_delete_CMzhrV,vandalism/dns_delete,vandalism,scp_then_ssh,execve,yes,0,/usr/bin/head,head,head -n 10,head -n 10,/,/usr/bin/head,/usr/bin/head|/lib64/ld-linux-x86-64.so.2,0,0,1001,27695,27693,(none),179,exec,benign,
1778300649,50880,1.917536,attack_window,20260508_212407_dns_delete_9ci3sG,20260508_212404_scp_nginx_dns_delete_CMzhrV,vandalism/dns_delete,vandalism,scp_then_ssh,execve,yes,0,/usr/bin/tr,tr,tr -d \000-\011\013\014\016-\037,tr -d \000-\011\013\014\016-\037,/,/usr/bin/tr,/usr/bin/tr|/lib64/ld-linux-x86-64.so.2,0,0,1001,27696,27693,(none),179,exec,benign,
1778300649,50881,1.918535,attack_window,20260508_212407_dns_delete_9ci3sG,20260508_212404_scp_nginx_dns_delete_CMzhrV,vandalism/dns_delete,vandalism,scp_then_ssh,execve,yes,0,/usr/bin/cut,cut,cut -c -80,cut -c -80,/,/usr/bin/cut,/usr/bin/cut|/lib64/ld-linux-x86-64.so.2,0,0,1001,27697,27693,(none),179,exec,benign,
1778300649,50882,1.919536,attack_window,20260508_212407_dns_delete_9ci3sG,20260508_212404_scp_nginx_dns_delete_CMzhrV,vandalism/dns_delete,vandalism,scp_then_ssh,execve,yes,0,/usr/bin/cat,cat,cat /var/cache/motd-news,cat /var/cache/motd-news,/,/usr/bin/cat,/usr/bin/cat|/lib64/ld-linux-x86-64.so.2,0,0,1001,27694,27693,(none),179,exec,benign,
1778300649,50883,1.921535,attack_window,20260508_212407_dns_delete_9ci3sG,20260508_212404_scp_nginx_dns_delete_CMzhrV,vandalism/dns_delete,vandalism,scp_then_ssh,execve,yes,0,/usr/bin/dash,85-fwupd,/bin/sh /etc/update-motd.d/85-fwupd,/bin/sh /etc/update-motd.d/85-fwupd,/,/etc/update-motd.d/85-fwupd,/etc/update-motd.d/85-fwupd|/bin/sh|/lib64/ld-linux-x86-64.so.2,0,0,1001,27698,27684,(none),179,exec,benign,
1778300649,50884,1.922536,attack_window,20260508_212407_dns_delete_9ci3sG,20260508_212404_scp_nginx_dns_delete_CMzhrV,vandalism/dns_delete,vandalism,scp_then_ssh,execve,yes,0,/usr/bin/cat,cat,cat /run/motd.d/85-fwupd,cat /run/motd.d/85-fwupd,/,/usr/bin/cat,/usr/bin/cat|/lib64/ld-linux-x86-64.so.2,0,0,1001,27699,27698,(none),179,exec,benign,
1778300649,50885,1.926536,attack_window,20260508_212407_dns_delete_9ci3sG,20260508_212404_scp_nginx_dns_delete_CMzhrV,vandalism/dns_delete,vandalism,scp_then_ssh,execve,yes,0,/usr/bin/dash,90-updates-avai,/bin/sh /etc/update-motd.d/90-updates-available,/bin/sh /etc/update-motd.d/90-updates-available,/,/etc/update-motd.d/90-updates-available,/etc/update-motd.d/90-updates-available|/bin/sh|/lib64/ld-linux-x86-64.so.2,0,0,1001,27700,27684,(none),179,exec,benign,
1778300649,50886,1.927536,attack_window,20260508_212407_dns_delete_9ci3sG,20260508_212404_scp_nginx_dns_delete_CMzhrV,vandalism/dns_delete,vandalism,scp_then_ssh,execve,yes,0,/usr/bin/cat,cat,cat /var/lib/update-notifier/updates-available,cat /var/lib/update-notifier/updates-available,/,/usr/bin/cat,/usr/bin/cat|/lib64/ld-linux-x86-64.so.2,0,0,1001,27701,27700,(none),179,exec,benign,
1778300649,50887,1.928535,attack_window,20260508_212407_dns_delete_9ci3sG,20260508_212404_scp_nginx_dns_delete_CMzhrV,vandalism/dns_delete,vandalism,scp_then_ssh,execve,yes,0,/usr/bin/find,find,find /var/lib/update-notifier/updates-available -newermt now-7 days,find /var/lib/update-notifier/updates-available -newermt now-7 days,/,/usr/bin/find,/usr/bin/find|/lib64/ld-linux-x86-64.so.2,0,0,1001,27702,27700,(none),179,exec,benign,
1778300649,50888,1.928535,attack_window,20260508_212407_dns_delete_9ci3sG,20260508_212404_scp_nginx_dns_delete_CMzhrV,vandalism/dns_delete,vandalism,scp_then_ssh,execve,yes,0,/usr/bin/grep,grep,grep -q -m 1 .,grep -q -m 1 .,/,/usr/bin/grep,/usr/bin/grep|/lib64/ld-linux-x86-64.so.2,0,0,1001,27703,27700,(none),179,exec,benign,
1778300649,50889,1.930536,attack_window,20260508_212407_dns_delete_9ci3sG,20260508_212404_scp_nginx_dns_delete_CMzhrV,vandalism/dns_delete,vandalism,scp_then_ssh,execve,yes,0,/usr/bin/dash,91-contract-ua-,/bin/sh /etc/update-motd.d/91-contract-ua-esm-status,/bin/sh /etc/update-motd.d/91-contract-ua-esm-status,/,/etc/update-motd.d/91-contract-ua-esm-status,/etc/update-motd.d/91-contract-ua-esm-status|/bin/sh|/lib64/ld-linux-x86-64.so.2,0,0,1001,27704,27684,(none),179,exec,benign,
1778300649,50890,1.931535,attack_window,20260508_212407_dns_delete_9ci3sG,20260508_212404_scp_nginx_dns_delete_CMzhrV,vandalism/dns_delete,vandalism,scp_then_ssh,execve,yes,0,/usr/bin/dash,91-release-upgr,/bin/sh /etc/update-motd.d/91-release-upgrade,/bin/sh /etc/update-motd.d/91-release-upgrade,/,/etc/update-motd.d/91-release-upgrade,/etc/update-motd.d/91-release-upgrade|/bin/sh|/lib64/ld-linux-x86-64.so.2,0,0,1001,27705,27684,(none),179,exec,benign,
1778300649,50891,1.933536,attack_window,20260508_212407_dns_delete_9ci3sG,20260508_212404_scp_nginx_dns_delete_CMzhrV,vandalism/dns_delete,vandalism,scp_then_ssh,execve,yes,0,/usr/bin/cut,cut,cut -d -f4,cut -d -f4,/,/usr/bin/cut,/usr/bin/cut|/lib64/ld-linux-x86-64.so.2,0,0,1001,27708,27706,(none),179,exec,benign,
1778300649,50892,1.933536,attack_window,20260508_212407_dns_delete_9ci3sG,20260508_212404_scp_nginx_dns_delete_CMzhrV,vandalism/dns_delete,vandalism,scp_then_ssh,execve,yes,0,/usr/bin/id,id,id -u,id -u,/,/usr/bin/id,/usr/bin/id|/lib64/ld-linux-x86-64.so.2,0,0,1001,27709,27705,(none),179,exec,benign,
1778300649,50893,1.934536,attack_window,20260508_212407_dns_delete_9ci3sG,20260508_212404_scp_nginx_dns_delete_CMzhrV,vandalism/dns_delete,vandalism,scp_then_ssh,execve,yes,0,/usr/bin/dash,release-upgrade,/bin/sh -e /usr/lib/ubuntu-release-upgrader/release-upgrade-motd,/bin/sh /etc/update-motd.d/91-release-upgrade,/,/usr/lib/ubuntu-release-upgrader/release-upgrade-motd,/usr/lib/ubuntu-release-upgrader/release-upgrade-motd|/bin/sh|/lib64/ld-linux-x86-64.so.2,0,0,1001,27705,27684,(none),179,exec,benign,
1778300649,50894,1.936536,attack_window,20260508_212407_dns_delete_9ci3sG,20260508_212404_scp_nginx_dns_delete_CMzhrV,vandalism/dns_delete,vandalism,scp_then_ssh,execve,yes,0,/usr/bin/date,date,date +%s,date +%s,/,/usr/bin/date,/usr/bin/date|/lib64/ld-linux-x86-64.so.2,0,0,1001,27710,27705,(none),179,exec,benign,
1778300649,50895,1.937536,attack_window,20260508_212407_dns_delete_9ci3sG,20260508_212404_scp_nginx_dns_delete_CMzhrV,vandalism/dns_delete,vandalism,scp_then_ssh,execve,yes,0,/usr/bin/stat,stat,stat -c %Y /var/lib/ubuntu-release-upgrader/release-upgrade-available,stat -c %Y /var/lib/ubuntu-release-upgrader/release-upgrade-available,/,/usr/bin/stat,/usr/bin/stat|/lib64/ld-linux-x86-64.so.2,0,0,1001,27711,27705,(none),179,exec,benign,
1778300649,50896,1.938535,attack_window,20260508_212407_dns_delete_9ci3sG,20260508_212404_scp_nginx_dns_delete_CMzhrV,vandalism/dns_delete,vandalism,scp_then_ssh,execve,yes,0,/usr/bin/expr,expr,expr 1778282941 + 86400,expr 1778282941 + 86400,/,/usr/bin/expr,/usr/bin/expr|/lib64/ld-linux-x86-64.so.2,0,0,1001,27712,27705,(none),179,exec,benign,
1778300649,50897,1.940536,attack_window,20260508_212407_dns_delete_9ci3sG,20260508_212404_scp_nginx_dns_delete_CMzhrV,vandalism/dns_delete,vandalism,scp_then_ssh,execve,yes,0,/usr/bin/dash,92-unattended-u,/bin/sh /etc/update-motd.d/92-unattended-upgrades,/bin/sh /etc/update-motd.d/92-unattended-upgrades,/,/etc/update-motd.d/92-unattended-upgrades,/etc/update-motd.d/92-unattended-upgrades|/bin/sh|/lib64/ld-linux-x86-64.so.2,0,0,1001,27713,27684,(none),179,exec,benign,
1778300649,50898,1.941535,attack_window,20260508_212407_dns_delete_9ci3sG,20260508_212404_scp_nginx_dns_delete_CMzhrV,vandalism/dns_delete,vandalism,scp_then_ssh,execve,yes,0,/usr/bin/dash,update-motd-una,/bin/sh /usr/share/unattended-upgrades/update-motd-unattended-upgrades,/bin/sh /etc/update-motd.d/92-unattended-upgrades,/,/usr/share/unattended-upgrades/update-motd-unattended-upgrades,/usr/share/unattended-upgrades/update-motd-unattended-upgrades|/bin/sh|/lib64/ld-linux-x86-64.so.2,0,0,1001,27713,27684,(none),179,exec,benign,
1778300649,50899,1.942536,attack_window,20260508_212407_dns_delete_9ci3sG,20260508_212404_scp_nginx_dns_delete_CMzhrV,vandalism/dns_delete,vandalism,scp_then_ssh,execve,yes,0,/usr/bin/dash,95-hwe-eol,/bin/sh /etc/update-motd.d/95-hwe-eol,/bin/sh /etc/update-motd.d/95-hwe-eol,/,/etc/update-motd.d/95-hwe-eol,/etc/update-motd.d/95-hwe-eol|/bin/sh|/lib64/ld-linux-x86-64.so.2,0,0,1001,27714,27684,(none),179,exec,benign,
1778300649,50900,1.942536,attack_window,20260508_212407_dns_delete_9ci3sG,20260508_212404_scp_nginx_dns_delete_CMzhrV,vandalism/dns_delete,vandalism,scp_then_ssh,execve,yes,0,/usr/bin/find,find,find /var/lib/update-notifier/hwe-eol -newermt now-1 days,find /var/lib/update-notifier/hwe-eol -newermt now-1 days,/,/usr/bin/find,/usr/bin/find|/lib64/ld-linux-x86-64.so.2,0,0,1001,27715,27714,(none),179,exec,benign,
1778300649,50901,1.944535,attack_window,20260508_212407_dns_delete_9ci3sG,20260508_212404_scp_nginx_dns_delete_CMzhrV,vandalism/dns_delete,vandalism,scp_then_ssh,execve,yes,0,/usr/bin/dash,97-overlayroot,/bin/sh /etc/update-motd.d/97-overlayroot,/bin/sh /etc/update-motd.d/97-overlayroot,/,/etc/update-motd.d/97-overlayroot,/etc/update-motd.d/97-overlayroot|/bin/sh|/lib64/ld-linux-x86-64.so.2,0,0,1001,27716,27684,(none),179,exec,benign,
1778300649,50902,1.945536,attack_window,20260508_212407_dns_delete_9ci3sG,20260508_212404_scp_nginx_dns_delete_CMzhrV,vandalism/dns_delete,vandalism,scp_then_ssh,execve,yes,0,/usr/bin/dash,egrep,/bin/sh /usr/bin/egrep overlayroot|/media/root-ro|/media/root-rw /proc/mounts,/bin/sh /usr/bin/egrep overlayroot|/media/root-ro|/media/root-rw /proc/mounts,/,/usr/bin/egrep,/usr/bin/egrep|/bin/sh|/lib64/ld-linux-x86-64.so.2,0,0,1001,27718,27717,(none),179,exec,benign,
1778300649,50903,1.945536,attack_window,20260508_212407_dns_delete_9ci3sG,20260508_212404_scp_nginx_dns_delete_CMzhrV,vandalism/dns_delete,vandalism,scp_then_ssh,execve,yes,0,/usr/bin/sort,sort,sort -r,sort -r,/,/usr/bin/sort,/usr/bin/sort|/lib64/ld-linux-x86-64.so.2,0,0,1001,27719,27717,(none),179,exec,benign,
1778300649,50904,1.947536,attack_window,20260508_212407_dns_delete_9ci3sG,20260508_212404_scp_nginx_dns_delete_CMzhrV,vandalism/dns_delete,vandalism,scp_then_ssh,execve,no,-2,/usr/bin/dash,egrep,,/bin/sh /usr/bin/egrep overlayroot|/media/root-ro|/media/root-rw /proc/mounts,/,/usr/local/sbin/grep,/usr/local/sbin/grep,0,0,1001,27718,27717,(none),179,exec,benign,
1778300649,50905,1.947536,attack_window,20260508_212407_dns_delete_9ci3sG,20260508_212404_scp_nginx_dns_delete_CMzhrV,vandalism/dns_delete,vandalism,scp_then_ssh,execve,no,-2,/usr/bin/dash,egrep,,/bin/sh /usr/bin/egrep overlayroot|/media/root-ro|/media/root-rw /proc/mounts,/,/usr/local/bin/grep,/usr/local/bin/grep,0,0,1001,27718,27717,(none),179,exec,benign,
1778300649,50906,1.947536,attack_window,20260508_212407_dns_delete_9ci3sG,20260508_212404_scp_nginx_dns_delete_CMzhrV,vandalism/dns_delete,vandalism,scp_then_ssh,execve,no,-2,/usr/bin/dash,egrep,,/bin/sh /usr/bin/egrep overlayroot|/media/root-ro|/media/root-rw /proc/mounts,/,/usr/sbin/grep,/usr/sbin/grep,0,0,1001,27718,27717,(none),179,exec,benign,
1778300649,50907,1.947536,attack_window,20260508_212407_dns_delete_9ci3sG,20260508_212404_scp_nginx_dns_delete_CMzhrV,vandalism/dns_delete,vandalism,scp_then_ssh,execve,yes,0,/usr/bin/grep,grep,grep -E overlayroot|/media/root-ro|/media/root-rw /proc/mounts,/bin/sh /usr/bin/egrep overlayroot|/media/root-ro|/media/root-rw /proc/mounts,/,/usr/bin/grep,/usr/bin/grep|/lib64/ld-linux-x86-64.so.2,0,0,1001,27718,27717,(none),179,exec,benign,
1778300649,50908,1.949536,attack_window,20260508_212407_dns_delete_9ci3sG,20260508_212404_scp_nginx_dns_delete_CMzhrV,vandalism/dns_delete,vandalism,scp_then_ssh,execve,yes,0,/usr/bin/dash,98-fsck-at-rebo,/bin/sh /etc/update-motd.d/98-fsck-at-reboot,/bin/sh /etc/update-motd.d/98-fsck-at-reboot,/,/etc/update-motd.d/98-fsck-at-reboot,/etc/update-motd.d/98-fsck-at-reboot|/bin/sh|/lib64/ld-linux-x86-64.so.2,0,0,1001,27720,27684,(none),179,exec,benign,
1778300649,50909,1.949536,attack_window,20260508_212407_dns_delete_9ci3sG,20260508_212404_scp_nginx_dns_delete_CMzhrV,vandalism/dns_delete,vandalism,scp_then_ssh,execve,yes,0,/usr/bin/dash,update-motd-fsc,/bin/sh /usr/lib/update-notifier/update-motd-fsck-at-reboot,/bin/sh /etc/update-motd.d/98-fsck-at-reboot,/,/usr/lib/update-notifier/update-motd-fsck-at-reboot,/usr/lib/update-notifier/update-motd-fsck-at-reboot|/bin/sh|/lib64/ld-linux-x86-64.so.2,0,0,1001,27720,27684,(none),179,exec,benign,
1778300649,50910,1.950536,attack_window,20260508_212407_dns_delete_9ci3sG,20260508_212404_scp_nginx_dns_delete_CMzhrV,vandalism/dns_delete,vandalism,scp_then_ssh,execve,yes,0,/usr/bin/id,id,id -u,id -u,/,/usr/bin/id,/usr/bin/id|/lib64/ld-linux-x86-64.so.2,0,0,1001,27721,27720,(none),179,exec,benign,
1778300649,50911,1.953536,attack_window,20260508_212407_dns_delete_9ci3sG,20260508_212404_scp_nginx_dns_delete_CMzhrV,vandalism/dns_delete,vandalism,scp_then_ssh,execve,yes,0,/usr/bin/stat,stat,stat -c %Y /var/lib/update-notifier/fsck-at-reboot,stat -c %Y /var/lib/update-notifier/fsck-at-reboot,/,/usr/bin/stat,/usr/bin/stat|/lib64/ld-linux-x86-64.so.2,0,0,1001,27722,27720,(none),179,exec,benign,
1778300649,50912,1.954535,attack_window,20260508_212407_dns_delete_9ci3sG,20260508_212404_scp_nginx_dns_delete_CMzhrV,vandalism/dns_delete,vandalism,scp_then_ssh,execve,yes,0,/usr/bin/gawk,awk,awk {print $1} /proc/uptime,awk {print $1} /proc/uptime,/,/usr/bin/awk,/usr/bin/awk|/lib64/ld-linux-x86-64.so.2,0,0,1001,27724,27723,(none),179,exec,benign,
1778300649,50913,1.955536,attack_window,20260508_212407_dns_delete_9ci3sG,20260508_212404_scp_nginx_dns_delete_CMzhrV,vandalism/dns_delete,vandalism,scp_then_ssh,execve,yes,0,/usr/bin/date,date,date -d now - 2894.98 seconds +%s,date -d now - 2894.98 seconds +%s,/,/usr/bin/date,/usr/bin/date|/lib64/ld-linux-x86-64.so.2,0,0,1001,27723,27720,(none),179,exec,benign,
1778300649,50914,1.956536,attack_window,20260508_212407_dns_delete_9ci3sG,20260508_212404_scp_nginx_dns_delete_CMzhrV,vandalism/dns_delete,vandalism,scp_then_ssh,execve,yes,0,/usr/bin/date,date,date +%s,date +%s,/,/usr/bin/date,/usr/bin/date|/lib64/ld-linux-x86-64.so.2,0,0,1001,27725,27720,(none),179,exec,benign,
1778300649,50915,1.957536,attack_window,20260508_212407_dns_delete_9ci3sG,20260508_212404_scp_nginx_dns_delete_CMzhrV,vandalism/dns_delete,vandalism,scp_then_ssh,execve,yes,0,/usr/bin/cat,cat,cat /var/lib/update-notifier/fsck-at-reboot,cat /var/lib/update-notifier/fsck-at-reboot,/,/usr/bin/cat,/usr/bin/cat|/lib64/ld-linux-x86-64.so.2,0,0,1001,27726,27720,(none),179,exec,benign,
1778300649,50916,1.959536,attack_window,20260508_212407_dns_delete_9ci3sG,20260508_212404_scp_nginx_dns_delete_CMzhrV,vandalism/dns_delete,vandalism,scp_then_ssh,execve,yes,0,/usr/bin/dash,98-reboot-requi,/bin/sh /etc/update-motd.d/98-reboot-required,/bin/sh /etc/update-motd.d/98-reboot-required,/,/etc/update-motd.d/98-reboot-required,/etc/update-motd.d/98-reboot-required|/bin/sh|/lib64/ld-linux-x86-64.so.2,0,0,1001,27727,27684,(none),179,exec,benign,
1778300649,50917,1.959536,attack_window,20260508_212407_dns_delete_9ci3sG,20260508_212404_scp_nginx_dns_delete_CMzhrV,vandalism/dns_delete,vandalism,scp_then_ssh,execve,yes,0,/usr/bin/dash,update-motd-reb,/bin/sh -e /usr/lib/update-notifier/update-motd-reboot-required,/bin/sh /etc/update-motd.d/98-reboot-required,/,/usr/lib/update-notifier/update-motd-reboot-required,/usr/lib/update-notifier/update-motd-reboot-required|/bin/sh|/lib64/ld-linux-x86-64.so.2,0,0,1001,27727,27684,(none),179,exec,benign,
1778300649,50918,1.960536,attack_window,20260508_212407_dns_delete_9ci3sG,20260508_212404_scp_nginx_dns_delete_CMzhrV,vandalism/dns_delete,vandalism,scp_then_ssh,rename,yes,0,/usr/sbin/sshd,sshd,,/usr/sbin/sshd -D -R,/,/run/,/run/|/run/motd.dynamic.new|/run/motd.dynamic,0,0,1001,27681,21008,(none),179,file_destroy,benign,
1778300649,50919,1.960536,attack_window,20260508_212407_dns_delete_9ci3sG,20260508_212404_scp_nginx_dns_delete_CMzhrV,vandalism/dns_delete,vandalism,scp_then_ssh,connect,yes,0,/usr/sbin/sshd,sshd,,/usr/sbin/sshd -D -R,/,/run/systemd/userdb/io.systemd.DynamicUser,/run/systemd/userdb/io.systemd.DynamicUser,0,0,1001,27681,21008,(none),179,network_connect,benign,
1778300649,50920,1.961535,attack_window,20260508_212407_dns_delete_9ci3sG,20260508_212404_scp_nginx_dns_delete_CMzhrV,vandalism/dns_delete,vandalism,scp_then_ssh,connect,yes,0,/usr/sbin/sshd,sshd,,/usr/sbin/sshd -D -R,/,/run/systemd/userdb/io.systemd.DynamicUser,/run/systemd/userdb/io.systemd.DynamicUser,0,0,1001,27681,21008,(none),179,network_connect,benign,
1778300649,50921,1.962536,attack_window,20260508_212407_dns_delete_9ci3sG,20260508_212404_scp_nginx_dns_delete_CMzhrV,vandalism/dns_delete,vandalism,scp_then_ssh,connect,yes,0,/usr/sbin/sshd,sshd,,/usr/sbin/sshd -D -R,/,/run/systemd/userdb/io.systemd.DynamicUser,/run/systemd/userdb/io.systemd.DynamicUser,0,0,1001,27681,21008,(none),179,network_connect,benign,
1778300649,50922,1.962536,attack_window,20260508_212407_dns_delete_9ci3sG,20260508_212404_scp_nginx_dns_delete_CMzhrV,vandalism/dns_delete,vandalism,scp_then_ssh,connect,yes,0,/usr/sbin/sshd,sshd,,/usr/sbin/sshd -D -R,/,/run/systemd/userdb/io.systemd.DynamicUser,/run/systemd/userdb/io.systemd.DynamicUser,0,0,1001,27681,21008,(none),179,network_connect,benign,
1778300649,50923,1.962536,attack_window,20260508_212407_dns_delete_9ci3sG,20260508_212404_scp_nginx_dns_delete_CMzhrV,vandalism/dns_delete,vandalism,scp_then_ssh,connect,yes,0,/usr/sbin/sshd,sshd,,/usr/sbin/sshd -D -R,/,/run/systemd/userdb/io.systemd.DynamicUser,/run/systemd/userdb/io.systemd.DynamicUser,0,0,1001,27681,21008,(none),179,network_connect,benign,
1778300649,50924,1.963536,attack_window,20260508_212407_dns_delete_9ci3sG,20260508_212404_scp_nginx_dns_delete_CMzhrV,vandalism/dns_delete,vandalism,scp_then_ssh,,,,,,,,,,,,,,,,,,,ambiguous,
1778300649,50925,1.963536,attack_window,20260508_212407_dns_delete_9ci3sG,20260508_212404_scp_nginx_dns_delete_CMzhrV,vandalism/dns_delete,vandalism,scp_then_ssh,setgid,yes,0,/usr/sbin/sshd,sshd,,sshd: deploy-rkejw [priv],,,,0,0,1001,27728,27681,(none),179,privilege_transition,benign,
1778300649,50926,1.963536,attack_window,20260508_212407_dns_delete_9ci3sG,20260508_212404_scp_nginx_dns_delete_CMzhrV,vandalism/dns_delete,vandalism,scp_then_ssh,connect,yes,0,/usr/sbin/sshd,sshd,,sshd: deploy-rkejw [priv],/,/run/systemd/userdb/io.systemd.DynamicUser,/run/systemd/userdb/io.systemd.DynamicUser,0,0,1001,27728,27681,(none),179,network_connect,benign,
1778300649,50927,1.964535,attack_window,20260508_212407_dns_delete_9ci3sG,20260508_212404_scp_nginx_dns_delete_CMzhrV,vandalism/dns_delete,vandalism,scp_then_ssh,connect,yes,0,/usr/sbin/sshd,sshd,,sshd: deploy-rkejw [priv],/,/run/systemd/userdb/io.systemd.DynamicUser,/run/systemd/userdb/io.systemd.DynamicUser,0,0,1001,27728,27681,(none),179,network_connect,benign,
1778300649,50928,1.964535,attack_window,20260508_212407_dns_delete_9ci3sG,20260508_212404_scp_nginx_dns_delete_CMzhrV,vandalism/dns_delete,vandalism,scp_then_ssh,126,yes,0,/usr/sbin/sshd,sshd,,sshd: deploy-rkejw [priv],,,,0,0,1001,27728,27681,(none),179,privilege_transition,benign,
1778300649,50929,1.964535,attack_window,20260508_212407_dns_delete_9ci3sG,20260508_212404_scp_nginx_dns_delete_CMzhrV,vandalism/dns_delete,vandalism,scp_then_ssh,,,,,,,,,,,,,,,,,,,ambiguous,
1778300649,50930,1.964535,attack_window,20260508_212407_dns_delete_9ci3sG,20260508_212404_scp_nginx_dns_delete_CMzhrV,vandalism/dns_delete,vandalism,scp_then_ssh,setresgid,yes,0,/usr/sbin/sshd,sshd,,sshd: deploy-rkejw [priv],,,,0,0,1001,27728,27681,(none),179,privilege_transition,benign,
1778300649,50931,1.964535,attack_window,20260508_212407_dns_delete_9ci3sG,20260508_212404_scp_nginx_dns_delete_CMzhrV,vandalism/dns_delete,vandalism,scp_then_ssh,setresuid,yes,0,/usr/sbin/sshd,sshd,,sshd: deploy-rkejw [priv],,,,1001,1001,1001,27728,27681,(none),179,privilege_transition,benign,
1778300649,50932,1.964535,attack_window,20260508_212407_dns_delete_9ci3sG,20260508_212404_scp_nginx_dns_delete_CMzhrV,vandalism/dns_delete,vandalism,scp_then_ssh,setuid,no,-1,/usr/sbin/sshd,sshd,,sshd: deploy-rkejw [priv],,,,1001,1001,1001,27728,27681,(none),179,privilege_transition,benign,
1778300649,50933,1.964535,attack_window,20260508_212407_dns_delete_9ci3sG,20260508_212404_scp_nginx_dns_delete_CMzhrV,vandalism/dns_delete,vandalism,scp_then_ssh,setresuid,no,-1,/usr/sbin/sshd,sshd,,sshd: deploy-rkejw [priv],,,,1001,1001,1001,27728,27681,(none),179,privilege_transition,benign,
1778300649,50934,2.019536,attack_window,20260508_212407_dns_delete_9ci3sG,20260508_212404_scp_nginx_dns_delete_CMzhrV,vandalism/dns_delete,vandalism,scp_then_ssh,execve,yes,0,/usr/bin/bash,bash,"bash -c epoch=$(date +%s.%N) iso=$(date -Is) marker=END\ run_id=20260508_212407_dns_delete_9ci3sG\ chain_id=20260508_212404_scp_nginx_dns_delete_CMzhrV\ delivery=scp_then_ssh\ payload=vandalism/dns_delete\ category=vandalism\ success=true marker=""$marker epoch=$epoch iso=$iso"" logger -t aegis_attack_marker -- ""$marker"" printf 'target_epoch=%s\n' ""$epoch"" printf 'target_iso=%s\n' ""$iso""",bash -c epoch=$(date +%s.%N) iso=$(date -Is) marker=END\ run_id=20260508_212407_dns_delete_9ci3sG\ chai,/home/deploy-rkejw,/bin/bash,/bin/bash|/lib64/ld-linux-x86-64.so.2,1001,1001,1001,27729,27728,(none),179,shell_exec,benign,
1778300649,50935,2.020535,attack_window,20260508_212407_dns_delete_9ci3sG,20260508_212404_scp_nginx_dns_delete_CMzhrV,vandalism/dns_delete,vandalism,scp_then_ssh,execve,yes,0,/usr/bin/date,date,date +%s.%N,date +%s.%N,/home/deploy-rkejw,/usr/bin/date,/usr/bin/date|/lib64/ld-linux-x86-64.so.2,1001,1001,1001,27730,27729,(none),179,exec,benign,
1778300649,50936,2.021536,attack_window,20260508_212407_dns_delete_9ci3sG,20260508_212404_scp_nginx_dns_delete_CMzhrV,vandalism/dns_delete,vandalism,scp_then_ssh,execve,yes,0,/usr/bin/date,date,date -Is,date -Is,/home/deploy-rkejw,/usr/bin/date,/usr/bin/date|/lib64/ld-linux-x86-64.so.2,1001,1001,1001,27731,27729,(none),179,exec,benign,
1778300649,50937,2.023535,attack_window,20260508_212407_dns_delete_9ci3sG,20260508_212404_scp_nginx_dns_delete_CMzhrV,vandalism/dns_delete,vandalism,scp_then_ssh,execve,yes,0,/usr/bin/logger,logger,logger -t aegis_attack_marker -- END run_id=20260508_212407_dns_delete_9ci3sG chain_id=20260508_212404_scp_nginx_dns_delete_CMzhrV delivery=scp_then_ssh payload=vandalism/dns_delete category=vandalism success=true epoch=1778300648.705233441 iso=2026-05-09T04:24:08+00:00,logger -t aegis_attack_marker -- END run_id=20260508_212407_dns_delete_9ci3sG chain_id=20260508_212404_scp_nginx_dns_delete_CMzh,/home/deploy-rkejw,/usr/bin/logger,/usr/bin/logger|/lib64/ld-linux-x86-64.so.2,1001,1001,1001,27732,27729,(none),179,exec,benign,
1778300649,50938,2.024536,post_context,20260508_212407_dns_delete_9ci3sG,20260508_212404_scp_nginx_dns_delete_CMzhrV,vandalism/dns_delete,vandalism,scp_then_ssh,connect,yes,0,/usr/bin/logger,logger,,logger -t aegis_attack_marker -- END run_id=20260508_212407_dns_delete_9ci3sG chain_id=20260508_212404_scp_nginx_dns_delete_CMzh,/home/deploy-rkejw,/dev/log,/dev/log,1001,1001,1001,27732,27729,(none),179,network_connect,benign,
1778300649,50939,2.026536,post_context,20260508_212407_dns_delete_9ci3sG,20260508_212404_scp_nginx_dns_delete_CMzhrV,vandalism/dns_delete,vandalism,scp_then_ssh,connect,yes,0,/usr/sbin/sshd,sshd,,sshd: deploy-rkejw [priv],/,/dev/log,/dev/log,1001,1001,1001,27728,27681,(none),179,network_connect,benign,
1778300649,50940,2.026536,post_context,20260508_212407_dns_delete_9ci3sG,20260508_212404_scp_nginx_dns_delete_CMzhrV,vandalism/dns_delete,vandalism,scp_then_ssh,114,yes,0,/usr/sbin/sshd,sshd,,/usr/sbin/sshd -D -R,,,,0,0,1001,27681,21008,(none),179,privilege_transition,benign,
1778300649,50941,2.026536,post_context,20260508_212407_dns_delete_9ci3sG,20260508_212404_scp_nginx_dns_delete_CMzhrV,vandalism/dns_delete,vandalism,scp_then_ssh,setresuid,yes,0,/usr/sbin/sshd,sshd,,/usr/sbin/sshd -D -R,,,,0,1001,1001,27681,21008,(none),179,privilege_transition,benign,
1778300649,50942,2.026536,post_context,20260508_212407_dns_delete_9ci3sG,20260508_212404_scp_nginx_dns_delete_CMzhrV,vandalism/dns_delete,vandalism,scp_then_ssh,113,yes,0,/usr/sbin/sshd,sshd,,/usr/sbin/sshd -D -R,,,,0,0,1001,27681,21008,(none),179,privilege_transition,benign,
1778300649,50943,2.026536,post_context,20260508_212407_dns_delete_9ci3sG,20260508_212404_scp_nginx_dns_delete_CMzhrV,vandalism/dns_delete,vandalism,scp_then_ssh,114,yes,0,/usr/sbin/sshd,sshd,,/usr/sbin/sshd -D -R,,,,0,0,1001,27681,21008,(none),179,privilege_transition,benign,
1778300649,50944,2.026536,post_context,20260508_212407_dns_delete_9ci3sG,20260508_212404_scp_nginx_dns_delete_CMzhrV,vandalism/dns_delete,vandalism,scp_then_ssh,connect,yes,0,/usr/sbin/sshd,sshd,,/usr/sbin/sshd -D -R,/,/run/dbus/system_bus_socket,/run/dbus/system_bus_socket,0,0,1001,27681,21008,(none),179,network_connect,benign,
1778300649,50945,2.027536,post_context,20260508_212407_dns_delete_9ci3sG,20260508_212404_scp_nginx_dns_delete_CMzhrV,vandalism/dns_delete,vandalism,scp_then_ssh,,,,,,,,,,,,,,,,,,,benign,
1778300649,50946,2.027536,post_context,20260508_212407_dns_delete_9ci3sG,20260508_212404_scp_nginx_dns_delete_CMzhrV,vandalism/dns_delete,vandalism,scp_then_ssh,,,,,,,,,,,,,,,,,,,benign,
1778300649,50947,2.028536,post_context,20260508_212407_dns_delete_9ci3sG,20260508_212404_scp_nginx_dns_delete_CMzhrV,vandalism/dns_delete,vandalism,scp_then_ssh,setresgid,yes,0,/usr/sbin/sshd,sshd,,/usr/sbin/sshd -D -R,,,,0,0,1001,27681,21008,(none),179,privilege_transition,benign,
1778300649,50948,2.028536,post_context,20260508_212407_dns_delete_9ci3sG,20260508_212404_scp_nginx_dns_delete_CMzhrV,vandalism/dns_delete,vandalism,scp_then_ssh,setresuid,yes,0,/usr/sbin/sshd,sshd,,/usr/sbin/sshd -D -R,,,,0,1001,1001,27681,21008,(none),179,privilege_transition,benign,
1778300649,50949,2.028536,post_context,20260508_212407_dns_delete_9ci3sG,20260508_212404_scp_nginx_dns_delete_CMzhrV,vandalism/dns_delete,vandalism,scp_then_ssh,setresuid,yes,0,/usr/sbin/sshd,sshd,,/usr/sbin/sshd -D -R,,,,0,0,1001,27681,21008,(none),179,privilege_transition,benign,
1778300649,50950,2.028536,post_context,20260508_212407_dns_delete_9ci3sG,20260508_212404_scp_nginx_dns_delete_CMzhrV,vandalism/dns_delete,vandalism,scp_then_ssh,setresgid,yes,0,/usr/sbin/sshd,sshd,,/usr/sbin/sshd -D -R,,,,0,0,1001,27681,21008,(none),179,privilege_transition,benign,
1778300649,50951,2.068536,post_context,20260508_212407_dns_delete_9ci3sG,20260508_212404_scp_nginx_dns_delete_CMzhrV,vandalism/dns_delete,vandalism,scp_then_ssh,execve,yes,0,/usr/sbin/sshd,sshd,/usr/sbin/sshd -D -R,/usr/sbin/sshd -D -R,/,/usr/sbin/sshd,/usr/sbin/sshd|/lib64/ld-linux-x86-64.so.2,0,0,4294967295,27733,21008,(none),4294967295,exec,benign,
1778300649,50952,2.071536,post_context,20260508_212407_dns_delete_9ci3sG,20260508_212404_scp_nginx_dns_delete_CMzhrV,vandalism/dns_delete,vandalism,scp_then_ssh,connect,no,-2,/usr/sbin/sshd,sshd,,/usr/sbin/sshd -D -R,/,/var/run/nscd/socket,/var/run/nscd/socket,0,0,4294967295,27733,21008,(none),4294967295,network_connect,benign,
1778300649,50953,2.071536,post_context,20260508_212407_dns_delete_9ci3sG,20260508_212404_scp_nginx_dns_delete_CMzhrV,vandalism/dns_delete,vandalism,scp_then_ssh,connect,yes,0,/usr/sbin/sshd,sshd,,/usr/sbin/sshd -D -R,,,,0,0,4294967295,27733,21008,(none),4294967295,network_connect,benign,
1778300649,50954,2.072536,post_context,20260508_212407_dns_delete_9ci3sG,20260508_212404_scp_nginx_dns_delete_CMzhrV,vandalism/dns_delete,vandalism,scp_then_ssh,connect,yes,0,/usr/sbin/sshd,sshd,,/usr/sbin/sshd -D -R,,,,0,0,4294967295,27733,21008,(none),4294967295,network_connect,benign,
1778300649,50955,2.072536,post_context,20260508_212407_dns_delete_9ci3sG,20260508_212404_scp_nginx_dns_delete_CMzhrV,vandalism/dns_delete,vandalism,scp_then_ssh,connect,yes,0,/usr/sbin/sshd,sshd,,/usr/sbin/sshd -D -R,,,,0,0,4294967295,27733,21008,(none),4294967295,network_connect,benign,
1778300649,50956,2.072536,post_context,20260508_212407_dns_delete_9ci3sG,20260508_212404_scp_nginx_dns_delete_CMzhrV,vandalism/dns_delete,vandalism,scp_then_ssh,connect,no,-2,/usr/sbin/sshd,sshd,,/usr/sbin/sshd -D -R,/,/var/run/nscd/socket,/var/run/nscd/socket,0,0,4294967295,27733,21008,(none),4294967295,network_connect,benign,
1778300649,50957,2.072536,post_context,20260508_212407_dns_delete_9ci3sG,20260508_212404_scp_nginx_dns_delete_CMzhrV,vandalism/dns_delete,vandalism,scp_then_ssh,connect,no,-2,/usr/sbin/sshd,sshd,,/usr/sbin/sshd -D -R,/,/var/run/nscd/socket,/var/run/nscd/socket,0,0,4294967295,27733,21008,(none),4294967295,network_connect,benign,
1778300649,50958,2.074536,post_context,20260508_212407_dns_delete_9ci3sG,20260508_212404_scp_nginx_dns_delete_CMzhrV,vandalism/dns_delete,vandalism,scp_then_ssh,setresgid,yes,0,/usr/sbin/sshd,sshd,,sshd: [accepted],,,,0,0,4294967295,27734,27733,(none),4294967295,privilege_transition,benign,
1778300649,50959,2.074536,post_context,20260508_212407_dns_delete_9ci3sG,20260508_212404_scp_nginx_dns_delete_CMzhrV,vandalism/dns_delete,vandalism,scp_then_ssh,setresuid,yes,0,/usr/sbin/sshd,sshd,,sshd: [accepted],,,,109,109,4294967295,27734,27733,(none),4294967295,privilege_transition,benign,
1778300649,50960,2.074536,post_context,20260508_212407_dns_delete_9ci3sG,20260508_212404_scp_nginx_dns_delete_CMzhrV,vandalism/dns_delete,vandalism,scp_then_ssh,setgid,no,-1,/usr/sbin/sshd,sshd,,sshd: [accepted],,,,109,109,4294967295,27734,27733,(none),4294967295,privilege_transition,benign,
1778300649,50961,2.074536,post_context,20260508_212407_dns_delete_9ci3sG,20260508_212404_scp_nginx_dns_delete_CMzhrV,vandalism/dns_delete,vandalism,scp_then_ssh,setresgid,no,-1,/usr/sbin/sshd,sshd,,sshd: [accepted],,,,109,109,4294967295,27734,27733,(none),4294967295,privilege_transition,benign,
1778300649,50962,2.074536,post_context,20260508_212407_dns_delete_9ci3sG,20260508_212404_scp_nginx_dns_delete_CMzhrV,vandalism/dns_delete,vandalism,scp_then_ssh,setuid,no,-1,/usr/sbin/sshd,sshd,,sshd: [accepted],,,,109,109,4294967295,27734,27733,(none),4294967295,privilege_transition,benign,
1778300649,50963,2.074536,post_context,20260508_212407_dns_delete_9ci3sG,20260508_212404_scp_nginx_dns_delete_CMzhrV,vandalism/dns_delete,vandalism,scp_then_ssh,setresuid,no,-1,/usr/sbin/sshd,sshd,,sshd: [accepted],,,,109,109,4294967295,27734,27733,(none),4294967295,privilege_transition,benign,
1778300649,50964,2.178535,post_context,20260508_212407_dns_delete_9ci3sG,20260508_212404_scp_nginx_dns_delete_CMzhrV,vandalism/dns_delete,vandalism,scp_then_ssh,connect,no,-2,/usr/sbin/sshd,sshd,,/usr/sbin/sshd -D -R,/,/var/run/nscd/socket,/var/run/nscd/socket,0,0,4294967295,27733,21008,(none),4294967295,network_connect,benign,
1778300649,50965,2.178535,post_context,20260508_212407_dns_delete_9ci3sG,20260508_212404_scp_nginx_dns_delete_CMzhrV,vandalism/dns_delete,vandalism,scp_then_ssh,connect,no,-2,/usr/sbin/sshd,sshd,,/usr/sbin/sshd -D -R,/,/var/run/nscd/socket,/var/run/nscd/socket,0,0,4294967295,27733,21008,(none),4294967295,network_connect,benign,
1778300649,50966,2.179536,post_context,20260508_212407_dns_delete_9ci3sG,20260508_212404_scp_nginx_dns_delete_CMzhrV,vandalism/dns_delete,vandalism,scp_then_ssh,connect,yes,0,/usr/sbin/sshd,sshd,,/usr/sbin/sshd -D -R,/,/run/systemd/userdb/io.systemd.DynamicUser,/run/systemd/userdb/io.systemd.DynamicUser,0,0,4294967295,27733,21008,(none),4294967295,network_connect,benign,
1778300649,50967,2.179536,post_context,20260508_212407_dns_delete_9ci3sG,20260508_212404_scp_nginx_dns_delete_CMzhrV,vandalism/dns_delete,vandalism,scp_then_ssh,setresgid,yes,0,/usr/sbin/sshd,sshd,,/usr/sbin/sshd -D -R,,,,0,0,4294967295,27733,21008,(none),4294967295,privilege_transition,benign,
1778300649,50968,2.179536,post_context,20260508_212407_dns_delete_9ci3sG,20260508_212404_scp_nginx_dns_delete_CMzhrV,vandalism/dns_delete,vandalism,scp_then_ssh,setresuid,yes,0,/usr/sbin/sshd,sshd,,/usr/sbin/sshd -D -R,,,,0,1001,4294967295,27733,21008,(none),4294967295,privilege_transition,benign,
1778300649,50969,2.179536,post_context,20260508_212407_dns_delete_9ci3sG,20260508_212404_scp_nginx_dns_delete_CMzhrV,vandalism/dns_delete,vandalism,scp_then_ssh,setresuid,yes,0,/usr/sbin/sshd,sshd,,/usr/sbin/sshd -D -R,,,,0,0,4294967295,27733,21008,(none),4294967295,privilege_transition,benign,
1778300649,50970,2.179536,post_context,20260508_212407_dns_delete_9ci3sG,20260508_212404_scp_nginx_dns_delete_CMzhrV,vandalism/dns_delete,vandalism,scp_then_ssh,setresgid,yes,0,/usr/sbin/sshd,sshd,,/usr/sbin/sshd -D -R,,,,0,0,4294967295,27733,21008,(none),4294967295,privilege_transition,benign,
1778300649,50971,2.179536,post_context,20260508_212407_dns_delete_9ci3sG,20260508_212404_scp_nginx_dns_delete_CMzhrV,vandalism/dns_delete,vandalism,scp_then_ssh,setresgid,yes,0,/usr/sbin/sshd,sshd,,/usr/sbin/sshd -D -R,,,,0,0,4294967295,27733,21008,(none),4294967295,privilege_transition,benign,
1778300649,50972,2.179536,post_context,20260508_212407_dns_delete_9ci3sG,20260508_212404_scp_nginx_dns_delete_CMzhrV,vandalism/dns_delete,vandalism,scp_then_ssh,setresuid,yes,0,/usr/sbin/sshd,sshd,,/usr/sbin/sshd -D -R,,,,0,1001,4294967295,27733,21008,(none),4294967295,privilege_transition,benign,
1778300649,50973,2.179536,post_context,20260508_212407_dns_delete_9ci3sG,20260508_212404_scp_nginx_dns_delete_CMzhrV,vandalism/dns_delete,vandalism,scp_then_ssh,connect,yes,0,/usr/sbin/sshd,sshd,,/usr/sbin/sshd -D -R,/,/dev/log,/dev/log,0,1001,4294967295,27733,21008,(none),4294967295,network_connect,benign,
1778300649,50974,2.179536,post_context,20260508_212407_dns_delete_9ci3sG,20260508_212404_scp_nginx_dns_delete_CMzhrV,vandalism/dns_delete,vandalism,scp_then_ssh,setresuid,yes,0,/usr/sbin/sshd,sshd,,/usr/sbin/sshd -D -R,,,,0,0,4294967295,27733,21008,(none),4294967295,privilege_transition,benign,
1778300649,50975,2.179536,post_context,20260508_212407_dns_delete_9ci3sG,20260508_212404_scp_nginx_dns_delete_CMzhrV,vandalism/dns_delete,vandalism,scp_then_ssh,setresgid,yes,0,/usr/sbin/sshd,sshd,,/usr/sbin/sshd -D -R,,,,0,0,4294967295,27733,21008,(none),4294967295,privilege_transition,benign,
1778300649,50976,2.179536,post_context,20260508_212407_dns_delete_9ci3sG,20260508_212404_scp_nginx_dns_delete_CMzhrV,vandalism/dns_delete,vandalism,scp_then_ssh,,,,,,,,,,,,,,,,,,,benign,
1778300649,50977,2.185536,post_context,20260508_212407_dns_delete_9ci3sG,20260508_212404_scp_nginx_dns_delete_CMzhrV,vandalism/dns_delete,vandalism,scp_then_ssh,setresgid,yes,0,/usr/sbin/sshd,sshd,,/usr/sbin/sshd -D -R,,,,0,0,4294967295,27733,21008,(none),4294967295,privilege_transition,benign,
1778300649,50978,2.185536,post_context,20260508_212407_dns_delete_9ci3sG,20260508_212404_scp_nginx_dns_delete_CMzhrV,vandalism/dns_delete,vandalism,scp_then_ssh,setresuid,yes,0,/usr/sbin/sshd,sshd,,/usr/sbin/sshd -D -R,,,,0,1001,4294967295,27733,21008,(none),4294967295,privilege_transition,benign,
1778300649,50979,2.185536,post_context,20260508_212407_dns_delete_9ci3sG,20260508_212404_scp_nginx_dns_delete_CMzhrV,vandalism/dns_delete,vandalism,scp_then_ssh,setresuid,yes,0,/usr/sbin/sshd,sshd,,/usr/sbin/sshd -D -R,,,,0,0,4294967295,27733,21008,(none),4294967295,privilege_transition,benign,
1778300649,50980,2.185536,post_context,20260508_212407_dns_delete_9ci3sG,20260508_212404_scp_nginx_dns_delete_CMzhrV,vandalism/dns_delete,vandalism,scp_then_ssh,setresgid,yes,0,/usr/sbin/sshd,sshd,,/usr/sbin/sshd -D -R,,,,0,0,4294967295,27733,21008,(none),4294967295,privilege_transition,benign,
1778300649,50981,2.185536,post_context,20260508_212407_dns_delete_9ci3sG,20260508_212404_scp_nginx_dns_delete_CMzhrV,vandalism/dns_delete,vandalism,scp_then_ssh,setresgid,yes,0,/usr/sbin/sshd,sshd,,/usr/sbin/sshd -D -R,,,,0,0,4294967295,27733,21008,(none),4294967295,privilege_transition,benign,
1778300649,50982,2.185536,post_context,20260508_212407_dns_delete_9ci3sG,20260508_212404_scp_nginx_dns_delete_CMzhrV,vandalism/dns_delete,vandalism,scp_then_ssh,setresuid,yes,0,/usr/sbin/sshd,sshd,,/usr/sbin/sshd -D -R,,,,0,1001,4294967295,27733,21008,(none),4294967295,privilege_transition,benign,
1778300649,50983,2.185536,post_context,20260508_212407_dns_delete_9ci3sG,20260508_212404_scp_nginx_dns_delete_CMzhrV,vandalism/dns_delete,vandalism,scp_then_ssh,connect,yes,0,/usr/sbin/sshd,sshd,,/usr/sbin/sshd -D -R,/,/dev/log,/dev/log,0,1001,4294967295,27733,21008,(none),4294967295,network_connect,benign,
1778300649,50984,2.185536,post_context,20260508_212407_dns_delete_9ci3sG,20260508_212404_scp_nginx_dns_delete_CMzhrV,vandalism/dns_delete,vandalism,scp_then_ssh,setresuid,yes,0,/usr/sbin/sshd,sshd,,/usr/sbin/sshd -D -R,,,,0,0,4294967295,27733,21008,(none),4294967295,privilege_transition,benign,
1778300649,50985,2.185536,post_context,20260508_212407_dns_delete_9ci3sG,20260508_212404_scp_nginx_dns_delete_CMzhrV,vandalism/dns_delete,vandalism,scp_then_ssh,setresgid,yes,0,/usr/sbin/sshd,sshd,,/usr/sbin/sshd -D -R,,,,0,0,4294967295,27733,21008,(none),4294967295,privilege_transition,benign,
1778300649,50986,2.185536,post_context,20260508_212407_dns_delete_9ci3sG,20260508_212404_scp_nginx_dns_delete_CMzhrV,vandalism/dns_delete,vandalism,scp_then_ssh,,,,,,,,,,,,,,,,,,,benign,
1778300649,50987,2.211535,post_context,20260508_212407_dns_delete_9ci3sG,20260508_212404_scp_nginx_dns_delete_CMzhrV,vandalism/dns_delete,vandalism,scp_then_ssh,connect,yes,0,/usr/sbin/sshd,sshd,,/usr/sbin/sshd -D -R,/,/run/systemd/userdb/io.systemd.DynamicUser,/run/systemd/userdb/io.systemd.DynamicUser,0,0,4294967295,27733,21008,(none),4294967295,network_connect,benign,
1778300649,50988,2.212536,post_context,20260508_212407_dns_delete_9ci3sG,20260508_212404_scp_nginx_dns_delete_CMzhrV,vandalism/dns_delete,vandalism,scp_then_ssh,,,,,,,,,,,,,,,,,,,benign,
1778300649,50989,2.217535,post_context,20260508_212407_dns_delete_9ci3sG,20260508_212404_scp_nginx_dns_delete_CMzhrV,vandalism/dns_delete,vandalism,scp_then_ssh,,,,,,,,,,,,,,,,,,,benign,
1778300649,50990,2.218536,post_context,20260508_212407_dns_delete_9ci3sG,20260508_212404_scp_nginx_dns_delete_CMzhrV,vandalism/dns_delete,vandalism,scp_then_ssh,connect,yes,0,/usr/sbin/sshd,sshd,,/usr/sbin/sshd -D -R,/,/dev/log,/dev/log,0,0,4294967295,27733,21008,(none),4294967295,network_connect,benign,
1778300649,50991,2.218536,post_context,20260508_212407_dns_delete_9ci3sG,20260508_212404_scp_nginx_dns_delete_CMzhrV,vandalism/dns_delete,vandalism,scp_then_ssh,connect,yes,0,/usr/sbin/sshd,sshd,,/usr/sbin/sshd -D -R,/,/run/systemd/userdb/io.systemd.DynamicUser,/run/systemd/userdb/io.systemd.DynamicUser,0,0,4294967295,27733,21008,(none),4294967295,network_connect,benign,
1778300649,50992,2.219536,post_context,20260508_212407_dns_delete_9ci3sG,20260508_212404_scp_nginx_dns_delete_CMzhrV,vandalism/dns_delete,vandalism,scp_then_ssh,126,yes,0,/usr/sbin/sshd,sshd,,/usr/sbin/sshd -D -R,,,,0,0,4294967295,27733,21008,(none),4294967295,privilege_transition,benign,
1778300649,50993,2.219536,post_context,20260508_212407_dns_delete_9ci3sG,20260508_212404_scp_nginx_dns_delete_CMzhrV,vandalism/dns_delete,vandalism,scp_then_ssh,,,,,,,,,,,,,,,,,,,benign,
1778300649,50994,2.219536,post_context,20260508_212407_dns_delete_9ci3sG,20260508_212404_scp_nginx_dns_delete_CMzhrV,vandalism/dns_delete,vandalism,scp_then_ssh,77,yes,0,/usr/sbin/sshd,sshd,,/usr/sbin/sshd -D -R,,,,0,0,4294967295,27733,21008,(none),4294967295,file_destroy,benign,
1778300649,50995,2.219536,post_context,20260508_212407_dns_delete_9ci3sG,20260508_212404_scp_nginx_dns_delete_CMzhrV,vandalism/dns_delete,vandalism,scp_then_ssh,write,yes,4,/usr/sbin/sshd,sshd,,/usr/sbin/sshd -D -R,,,,0,0,1001,27733,21008,(none),180,(null),benign,
1778300649,50996,2.219536,post_context,20260508_212407_dns_delete_9ci3sG,20260508_212404_scp_nginx_dns_delete_CMzhrV,vandalism/dns_delete,vandalism,scp_then_ssh,114,yes,0,/usr/sbin/sshd,sshd,,/usr/sbin/sshd -D -R,,,,0,0,1001,27733,21008,(none),180,privilege_transition,benign,
1778300649,50997,2.219536,post_context,20260508_212407_dns_delete_9ci3sG,20260508_212404_scp_nginx_dns_delete_CMzhrV,vandalism/dns_delete,vandalism,scp_then_ssh,113,yes,0,/usr/sbin/sshd,sshd,,/usr/sbin/sshd -D -R,,,,1001,0,1001,27733,21008,(none),180,privilege_transition,benign,
1778300649,50998,2.219536,post_context,20260508_212407_dns_delete_9ci3sG,20260508_212404_scp_nginx_dns_delete_CMzhrV,vandalism/dns_delete,vandalism,scp_then_ssh,113,yes,0,/usr/sbin/sshd,sshd,,/usr/sbin/sshd -D -R,,,,0,0,1001,27733,21008,(none),180,privilege_transition,benign,
1778300649,50999,2.219536,post_context,20260508_212407_dns_delete_9ci3sG,20260508_212404_scp_nginx_dns_delete_CMzhrV,vandalism/dns_delete,vandalism,scp_then_ssh,114,yes,0,/usr/sbin/sshd,sshd,,/usr/sbin/sshd -D -R,,,,0,0,1001,27733,21008,(none),180,privilege_transition,benign,
1778300649,51000,2.219536,post_context,20260508_212407_dns_delete_9ci3sG,20260508_212404_scp_nginx_dns_delete_CMzhrV,vandalism/dns_delete,vandalism,scp_then_ssh,connect,yes,0,/usr/sbin/sshd,sshd,,/usr/sbin/sshd -D -R,/,/dev/log,/dev/log,0,0,1001,27733,21008,(none),180,network_connect,benign,
1778300649,51001,2.219536,post_context,20260508_212407_dns_delete_9ci3sG,20260508_212404_scp_nginx_dns_delete_CMzhrV,vandalism/dns_delete,vandalism,scp_then_ssh,connect,no,-2,/usr/sbin/sshd,sshd,,/usr/sbin/sshd -D -R,/,/run/systemd/userdb/io.systemd.Multiplexer,/run/systemd/userdb/io.systemd.Multiplexer,0,0,1001,27733,21008,(none),180,network_connect,benign,
1778300649,51002,2.219536,post_context,20260508_212407_dns_delete_9ci3sG,20260508_212404_scp_nginx_dns_delete_CMzhrV,vandalism/dns_delete,vandalism,scp_then_ssh,connect,yes,0,/usr/sbin/sshd,sshd,,/usr/sbin/sshd -D -R,/,/run/systemd/userdb/io.systemd.DynamicUser,/run/systemd/userdb/io.systemd.DynamicUser,0,0,1001,27733,21008,(none),180,network_connect,benign,
1778300649,51003,2.220536,post_context,20260508_212407_dns_delete_9ci3sG,20260508_212404_scp_nginx_dns_delete_CMzhrV,vandalism/dns_delete,vandalism,scp_then_ssh,connect,yes,0,/usr/sbin/sshd,sshd,,/usr/sbin/sshd -D -R,/,/run/dbus/system_bus_socket,/run/dbus/system_bus_socket,0,0,1001,27733,21008,(none),180,network_connect,benign,
1778300649,51004,2.227535,post_context,20260508_212407_dns_delete_9ci3sG,20260508_212404_scp_nginx_dns_delete_CMzhrV,vandalism/dns_delete,vandalism,scp_then_ssh,execve,yes,0,/usr/bin/dash,sh,sh -c -- /usr/bin/env -i PATH=/usr/local/sbin:/usr/local/bin:/usr/sbin:/usr/bin:/sbin:/bin run-parts --lsbsysinit /etc/update-motd.d > /run/motd.dynamic.new,sh -c -- /usr/bin/env -i PATH=/usr/local/sbin:/usr/local/bin:/usr/sbin:/usr/bin:/sbin:/bin run-parts --lsbsysinit /etc/update-mo,/,/bin/sh,/bin/sh|/lib64/ld-linux-x86-64.so.2,0,0,1001,27735,27733,(none),180,exec,benign,
1778300649,51005,2.229536,post_context,20260508_212407_dns_delete_9ci3sG,20260508_212404_scp_nginx_dns_delete_CMzhrV,vandalism/dns_delete,vandalism,scp_then_ssh,execve,yes,0,/usr/bin/env,env,/usr/bin/env -i PATH=/usr/local/sbin:/usr/local/bin:/usr/sbin:/usr/bin:/sbin:/bin run-parts --lsbsysinit /etc/update-motd.d,/usr/bin/env -i PATH=/usr/local/sbin:/usr/local/bin:/usr/sbin:/usr/bin:/sbin:/bin run-parts --lsbsysinit /etc/update-motd.d,/,/usr/bin/env,/usr/bin/env|/lib64/ld-linux-x86-64.so.2,0,0,1001,27736,27735,(none),180,exec,benign,
1778300649,51006,2.230536,post_context,20260508_212407_dns_delete_9ci3sG,20260508_212404_scp_nginx_dns_delete_CMzhrV,vandalism/dns_delete,vandalism,scp_then_ssh,execve,no,-2,/usr/bin/env,env,,/usr/bin/env -i PATH=/usr/local/sbin:/usr/local/bin:/usr/sbin:/usr/bin:/sbin:/bin run-parts --lsbsysinit /etc/update-motd.d,/,/usr/local/sbin/run-parts,/usr/local/sbin/run-parts,0,0,1001,27736,27735,(none),180,exec,benign,
1778300649,51007,2.230536,post_context,20260508_212407_dns_delete_9ci3sG,20260508_212404_scp_nginx_dns_delete_CMzhrV,vandalism/dns_delete,vandalism,scp_then_ssh,execve,no,-2,/usr/bin/env,env,,/usr/bin/env -i PATH=/usr/local/sbin:/usr/local/bin:/usr/sbin:/usr/bin:/sbin:/bin run-parts --lsbsysinit /etc/update-motd.d,/,/usr/local/bin/run-parts,/usr/local/bin/run-parts,0,0,1001,27736,27735,(none),180,exec,benign,
1778300649,51008,2.230536,post_context,20260508_212407_dns_delete_9ci3sG,20260508_212404_scp_nginx_dns_delete_CMzhrV,vandalism/dns_delete,vandalism,scp_then_ssh,execve,no,-2,/usr/bin/env,env,,/usr/bin/env -i PATH=/usr/local/sbin:/usr/local/bin:/usr/sbin:/usr/bin:/sbin:/bin run-parts --lsbsysinit /etc/update-motd.d,/,/usr/sbin/run-parts,/usr/sbin/run-parts,0,0,1001,27736,27735,(none),180,exec,benign,
1778300649,51009,2.230536,post_context,20260508_212407_dns_delete_9ci3sG,20260508_212404_scp_nginx_dns_delete_CMzhrV,vandalism/dns_delete,vandalism,scp_then_ssh,execve,yes,0,/usr/bin/run-parts,run-parts,run-parts --lsbsysinit /etc/update-motd.d,/usr/bin/env -i PATH=/usr/local/sbin:/usr/local/bin:/usr/sbin:/usr/bin:/sbin:/bin run-parts --lsbsysinit /etc/update-motd.d,/,/usr/bin/run-parts,/usr/bin/run-parts|/lib64/ld-linux-x86-64.so.2,0,0,1001,27736,27735,(none),180,exec,benign,
1778300649,51010,2.231536,post_context,20260508_212407_dns_delete_9ci3sG,20260508_212404_scp_nginx_dns_delete_CMzhrV,vandalism/dns_delete,vandalism,scp_then_ssh,execve,yes,0,/usr/bin/dash,00-header,/bin/sh /etc/update-motd.d/00-header,/bin/sh /etc/update-motd.d/00-header,/,/etc/update-motd.d/00-header,/etc/update-motd.d/00-header|/bin/sh|/lib64/ld-linux-x86-64.so.2,0,0,1001,27737,27736,(none),180,exec,benign,
1778300649,51011,2.233536,post_context,20260508_212407_dns_delete_9ci3sG,20260508_212404_scp_nginx_dns_delete_CMzhrV,vandalism/dns_delete,vandalism,scp_then_ssh,execve,yes,0,/usr/bin/uname,uname,uname -o,uname -o,/,/usr/bin/uname,/usr/bin/uname|/lib64/ld-linux-x86-64.so.2,0,0,1001,27738,27737,(none),180,exec,benign,
1778300649,51012,2.233536,post_context,20260508_212407_dns_delete_9ci3sG,20260508_212404_scp_nginx_dns_delete_CMzhrV,vandalism/dns_delete,vandalism,scp_then_ssh,execve,yes,0,/usr/bin/uname,uname,uname -r,uname -r,/,/usr/bin/uname,/usr/bin/uname|/lib64/ld-linux-x86-64.so.2,0,0,1001,27739,27737,(none),180,exec,benign,
1778300649,51013,2.236536,post_context,20260508_212407_dns_delete_9ci3sG,20260508_212404_scp_nginx_dns_delete_CMzhrV,vandalism/dns_delete,vandalism,scp_then_ssh,execve,yes,0,/usr/bin/uname,uname,uname -m,uname -m,/,/usr/bin/uname,/usr/bin/uname|/lib64/ld-linux-x86-64.so.2,0,0,1001,27740,27737,(none),180,exec,benign,
1778300649,51014,2.237535,post_context,20260508_212407_dns_delete_9ci3sG,20260508_212404_scp_nginx_dns_delete_CMzhrV,vandalism/dns_delete,vandalism,scp_then_ssh,execve,yes,0,/usr/bin/dash,10-help-text,/bin/sh /etc/update-motd.d/10-help-text,/bin/sh /etc/update-motd.d/10-help-text,/,/etc/update-motd.d/10-help-text,/etc/update-motd.d/10-help-text|/bin/sh|/lib64/ld-linux-x86-64.so.2,0,0,1001,27741,27736,(none),180,exec,benign,
1778300649,51015,2.239536,post_context,20260508_212407_dns_delete_9ci3sG,20260508_212404_scp_nginx_dns_delete_CMzhrV,vandalism/dns_delete,vandalism,scp_then_ssh,execve,yes,0,/usr/bin/dash,50-landscape-sy,/bin/sh /etc/update-motd.d/50-landscape-sysinfo,/bin/sh /etc/update-motd.d/50-landscape-sysinfo,/,/etc/update-motd.d/50-landscape-sysinfo,/etc/update-motd.d/50-landscape-sysinfo|/bin/sh|/lib64/ld-linux-x86-64.so.2,0,0,1001,27742,27736,(none),180,exec,benign,
1778300649,51016,2.240535,post_context,20260508_212407_dns_delete_9ci3sG,20260508_212404_scp_nginx_dns_delete_CMzhrV,vandalism/dns_delete,vandalism,scp_then_ssh,execve,yes,0,/usr/bin/find,find,find /var/lib/landscape/landscape-sysinfo.cache -newermt now-1 minutes,find /var/lib/landscape/landscape-sysinfo.cache -newermt now-1 minutes,/,/usr/bin/find,/usr/bin/find|/lib64/ld-linux-x86-64.so.2,0,0,1001,27743,27742,(none),180,exec,benign,
1778300649,51017,2.242536,post_context,20260508_212407_dns_delete_9ci3sG,20260508_212404_scp_nginx_dns_delete_CMzhrV,vandalism/dns_delete,vandalism,scp_then_ssh,execve,yes,0,/usr/bin/cat,cat,cat /var/lib/landscape/landscape-sysinfo.cache,cat /var/lib/landscape/landscape-sysinfo.cache,/,/usr/bin/cat,/usr/bin/cat|/lib64/ld-linux-x86-64.so.2,0,0,1001,27744,27742,(none),180,exec,benign,
1778300649,51018,2.243536,post_context,20260508_212407_dns_delete_9ci3sG,20260508_212404_scp_nginx_dns_delete_CMzhrV,vandalism/dns_delete,vandalism,scp_then_ssh,execve,yes,0,/usr/bin/dash,50-motd-news,/bin/sh /etc/update-motd.d/50-motd-news,/bin/sh /etc/update-motd.d/50-motd-news,/,/etc/update-motd.d/50-motd-news,/etc/update-motd.d/50-motd-news|/bin/sh|/lib64/ld-linux-x86-64.so.2,0,0,1001,27745,27736,(none),180,exec,benign,
1778300649,51019,2.245536,post_context,20260508_212407_dns_delete_9ci3sG,20260508_212404_scp_nginx_dns_delete_CMzhrV,vandalism/dns_delete,vandalism,scp_then_ssh,execve,yes,0,/usr/bin/head,head,head -n 10,head -n 10,/,/usr/bin/head,/usr/bin/head|/lib64/ld-linux-x86-64.so.2,0,0,1001,27747,27745,(none),180,exec,benign,
1778300649,51020,2.245536,post_context,20260508_212407_dns_delete_9ci3sG,20260508_212404_scp_nginx_dns_delete_CMzhrV,vandalism/dns_delete,vandalism,scp_then_ssh,execve,yes,0,/usr/bin/tr,tr,tr -d \000-\011\013\014\016-\037,tr -d \000-\011\013\014\016-\037,/,/usr/bin/tr,/usr/bin/tr|/lib64/ld-linux-x86-64.so.2,0,0,1001,27748,27745,(none),180,exec,benign,
1778300649,51021,2.245536,post_context,20260508_212407_dns_delete_9ci3sG,20260508_212404_scp_nginx_dns_delete_CMzhrV,vandalism/dns_delete,vandalism,scp_then_ssh,execve,yes,0,/usr/bin/cat,cat,cat /var/cache/motd-news,cat /var/cache/motd-news,/,/usr/bin/cat,/usr/bin/cat|/lib64/ld-linux-x86-64.so.2,0,0,1001,27746,27745,(none),180,exec,benign,
1778300649,51022,2.247535,post_context,20260508_212407_dns_delete_9ci3sG,20260508_212404_scp_nginx_dns_delete_CMzhrV,vandalism/dns_delete,vandalism,scp_then_ssh,execve,yes,0,/usr/bin/cut,cut,cut -c -80,cut -c -80,/,/usr/bin/cut,/usr/bin/cut|/lib64/ld-linux-x86-64.so.2,0,0,1001,27749,27745,(none),180,exec,benign,
1778300649,51023,2.251536,post_context,20260508_212407_dns_delete_9ci3sG,20260508_212404_scp_nginx_dns_delete_CMzhrV,vandalism/dns_delete,vandalism,scp_then_ssh,execve,yes,0,/usr/bin/dash,85-fwupd,/bin/sh /etc/update-motd.d/85-fwupd,/bin/sh /etc/update-motd.d/85-fwupd,/,/etc/update-motd.d/85-fwupd,/etc/update-motd.d/85-fwupd|/bin/sh|/lib64/ld-linux-x86-64.so.2,0,0,1001,27750,27736,(none),180,exec,benign,
1778300649,51024,2.252536,post_context,20260508_212407_dns_delete_9ci3sG,20260508_212404_scp_nginx_dns_delete_CMzhrV,vandalism/dns_delete,vandalism,scp_then_ssh,execve,yes,0,/usr/bin/cat,cat,cat /run/motd.d/85-fwupd,cat /run/motd.d/85-fwupd,/,/usr/bin/cat,/usr/bin/cat|/lib64/ld-linux-x86-64.so.2,0,0,1001,27751,27750,(none),180,exec,benign,
1778300649,51025,2.253536,post_context,20260508_212407_dns_delete_9ci3sG,20260508_212404_scp_nginx_dns_delete_CMzhrV,vandalism/dns_delete,vandalism,scp_then_ssh,execve,yes,0,/usr/bin/dash,90-updates-avai,/bin/sh /etc/update-motd.d/90-updates-available,/bin/sh /etc/update-motd.d/90-updates-available,/,/etc/update-motd.d/90-updates-available,/etc/update-motd.d/90-updates-available|/bin/sh|/lib64/ld-linux-x86-64.so.2,0,0,1001,27752,27736,(none),180,exec,benign,
1778300649,51026,2.253536,post_context,20260508_212407_dns_delete_9ci3sG,20260508_212404_scp_nginx_dns_delete_CMzhrV,vandalism/dns_delete,vandalism,scp_then_ssh,execve,yes,0,/usr/bin/cat,cat,cat /var/lib/update-notifier/updates-available,cat /var/lib/update-notifier/updates-available,/,/usr/bin/cat,/usr/bin/cat|/lib64/ld-linux-x86-64.so.2,0,0,1001,27753,27752,(none),180,exec,benign,
1778300649,51027,2.254536,post_context,20260508_212407_dns_delete_9ci3sG,20260508_212404_scp_nginx_dns_delete_CMzhrV,vandalism/dns_delete,vandalism,scp_then_ssh,execve,yes,0,/usr/bin/find,find,find /var/lib/update-notifier/updates-available -newermt now-7 days,find /var/lib/update-notifier/updates-available -newermt now-7 days,/,/usr/bin/find,/usr/bin/find|/lib64/ld-linux-x86-64.so.2,0,0,1001,27754,27752,(none),180,exec,benign,
1778300649,51028,2.255536,post_context,20260508_212407_dns_delete_9ci3sG,20260508_212404_scp_nginx_dns_delete_CMzhrV,vandalism/dns_delete,vandalism,scp_then_ssh,execve,yes,0,/usr/bin/grep,grep,grep -q -m 1 .,grep -q -m 1 .,/,/usr/bin/grep,/usr/bin/grep|/lib64/ld-linux-x86-64.so.2,0,0,1001,27755,27752,(none),180,exec,benign,
1778300649,51029,2.257535,post_context,20260508_212407_dns_delete_9ci3sG,20260508_212404_scp_nginx_dns_delete_CMzhrV,vandalism/dns_delete,vandalism,scp_then_ssh,execve,yes,0,/usr/bin/dash,91-contract-ua-,/bin/sh /etc/update-motd.d/91-contract-ua-esm-status,/bin/sh /etc/update-motd.d/91-contract-ua-esm-status,/,/etc/update-motd.d/91-contract-ua-esm-status,/etc/update-motd.d/91-contract-ua-esm-status|/bin/sh|/lib64/ld-linux-x86-64.so.2,0,0,1001,27756,27736,(none),180,exec,benign,
1778300649,51030,2.258536,post_context,20260508_212407_dns_delete_9ci3sG,20260508_212404_scp_nginx_dns_delete_CMzhrV,vandalism/dns_delete,vandalism,scp_then_ssh,execve,yes,0,/usr/bin/dash,91-release-upgr,/bin/sh /etc/update-motd.d/91-release-upgrade,/bin/sh /etc/update-motd.d/91-release-upgrade,/,/etc/update-motd.d/91-release-upgrade,/etc/update-motd.d/91-release-upgrade|/bin/sh|/lib64/ld-linux-x86-64.so.2,0,0,1001,27757,27736,(none),180,exec,benign,
1778300649,51031,2.259536,post_context,20260508_212407_dns_delete_9ci3sG,20260508_212404_scp_nginx_dns_delete_CMzhrV,vandalism/dns_delete,vandalism,scp_then_ssh,execve,yes,0,/usr/bin/cut,cut,cut -d -f4,cut -d -f4,/,/usr/bin/cut,/usr/bin/cut|/lib64/ld-linux-x86-64.so.2,0,0,1001,27760,27758,(none),180,exec,benign,
1778300649,51032,2.260535,post_context,20260508_212407_dns_delete_9ci3sG,20260508_212404_scp_nginx_dns_delete_CMzhrV,vandalism/dns_delete,vandalism,scp_then_ssh,execve,yes,0,/usr/bin/id,id,id -u,id -u,/,/usr/bin/id,/usr/bin/id|/lib64/ld-linux-x86-64.so.2,0,0,1001,27761,27757,(none),180,exec,benign,
1778300649,51033,2.261536,post_context,20260508_212407_dns_delete_9ci3sG,20260508_212404_scp_nginx_dns_delete_CMzhrV,vandalism/dns_delete,vandalism,scp_then_ssh,execve,yes,0,/usr/bin/dash,release-upgrade,/bin/sh -e /usr/lib/ubuntu-release-upgrader/release-upgrade-motd,/bin/sh /etc/update-motd.d/91-release-upgrade,/,/usr/lib/ubuntu-release-upgrader/release-upgrade-motd,/usr/lib/ubuntu-release-upgrader/release-upgrade-motd|/bin/sh|/lib64/ld-linux-x86-64.so.2,0,0,1001,27757,27736,(none),180,exec,benign,
1778300649,51034,2.262536,post_context,20260508_212407_dns_delete_9ci3sG,20260508_212404_scp_nginx_dns_delete_CMzhrV,vandalism/dns_delete,vandalism,scp_then_ssh,execve,yes,0,/usr/bin/date,date,date +%s,date +%s,/,/usr/bin/date,/usr/bin/date|/lib64/ld-linux-x86-64.so.2,0,0,1001,27762,27757,(none),180,exec,benign,
1778300649,51035,2.263535,post_context,20260508_212407_dns_delete_9ci3sG,20260508_212404_scp_nginx_dns_delete_CMzhrV,vandalism/dns_delete,vandalism,scp_then_ssh,execve,yes,0,/usr/bin/stat,stat,stat -c %Y /var/lib/ubuntu-release-upgrader/release-upgrade-available,stat -c %Y /var/lib/ubuntu-release-upgrader/release-upgrade-available,/,/usr/bin/stat,/usr/bin/stat|/lib64/ld-linux-x86-64.so.2,0,0,1001,27763,27757,(none),180,exec,benign,
1778300649,51036,2.264536,post_context,20260508_212407_dns_delete_9ci3sG,20260508_212404_scp_nginx_dns_delete_CMzhrV,vandalism/dns_delete,vandalism,scp_then_ssh,execve,yes,0,/usr/bin/expr,expr,expr 1778282941 + 86400,expr 1778282941 + 86400,/,/usr/bin/expr,/usr/bin/expr|/lib64/ld-linux-x86-64.so.2,0,0,1001,27764,27757,(none),180,exec,benign,
1778300649,51037,2.266536,post_context,20260508_212407_dns_delete_9ci3sG,20260508_212404_scp_nginx_dns_delete_CMzhrV,vandalism/dns_delete,vandalism,scp_then_ssh,execve,yes,0,/usr/bin/dash,92-unattended-u,/bin/sh /etc/update-motd.d/92-unattended-upgrades,/bin/sh /etc/update-motd.d/92-unattended-upgrades,/,/etc/update-motd.d/92-unattended-upgrades,/etc/update-motd.d/92-unattended-upgrades|/bin/sh|/lib64/ld-linux-x86-64.so.2,0,0,1001,27765,27736,(none),180,exec,benign,
1778300649,51038,2.267535,post_context,20260508_212407_dns_delete_9ci3sG,20260508_212404_scp_nginx_dns_delete_CMzhrV,vandalism/dns_delete,vandalism,scp_then_ssh,execve,yes,0,/usr/bin/dash,update-motd-una,/bin/sh /usr/share/unattended-upgrades/update-motd-unattended-upgrades,/bin/sh /etc/update-motd.d/92-unattended-upgrades,/,/usr/share/unattended-upgrades/update-motd-unattended-upgrades,/usr/share/unattended-upgrades/update-motd-unattended-upgrades|/bin/sh|/lib64/ld-linux-x86-64.so.2,0,0,1001,27765,27736,(none),180,exec,benign,
1778300649,51039,2.268536,post_context,20260508_212407_dns_delete_9ci3sG,20260508_212404_scp_nginx_dns_delete_CMzhrV,vandalism/dns_delete,vandalism,scp_then_ssh,execve,yes,0,/usr/bin/dash,95-hwe-eol,/bin/sh /etc/update-motd.d/95-hwe-eol,/bin/sh /etc/update-motd.d/95-hwe-eol,/,/etc/update-motd.d/95-hwe-eol,/etc/update-motd.d/95-hwe-eol|/bin/sh|/lib64/ld-linux-x86-64.so.2,0,0,1001,27766,27736,(none),180,exec,benign,
1778300649,51040,2.269536,post_context,20260508_212407_dns_delete_9ci3sG,20260508_212404_scp_nginx_dns_delete_CMzhrV,vandalism/dns_delete,vandalism,scp_then_ssh,execve,yes,0,/usr/bin/find,find,find /var/lib/update-notifier/hwe-eol -newermt now-1 days,find /var/lib/update-notifier/hwe-eol -newermt now-1 days,/,/usr/bin/find,/usr/bin/find|/lib64/ld-linux-x86-64.so.2,0,0,1001,27767,27766,(none),180,exec,benign,
1778300649,51041,2.270535,post_context,20260508_212407_dns_delete_9ci3sG,20260508_212404_scp_nginx_dns_delete_CMzhrV,vandalism/dns_delete,vandalism,scp_then_ssh,execve,yes,0,/usr/bin/dash,97-overlayroot,/bin/sh /etc/update-motd.d/97-overlayroot,/bin/sh /etc/update-motd.d/97-overlayroot,/,/etc/update-motd.d/97-overlayroot,/etc/update-motd.d/97-overlayroot|/bin/sh|/lib64/ld-linux-x86-64.so.2,0,0,1001,27768,27736,(none),180,exec,benign,
1778300649,51042,2.271536,post_context,20260508_212407_dns_delete_9ci3sG,20260508_212404_scp_nginx_dns_delete_CMzhrV,vandalism/dns_delete,vandalism,scp_then_ssh,execve,yes,0,/usr/bin/dash,egrep,/bin/sh /usr/bin/egrep overlayroot|/media/root-ro|/media/root-rw /proc/mounts,/bin/sh /usr/bin/egrep overlayroot|/media/root-ro|/media/root-rw /proc/mounts,/,/usr/bin/egrep,/usr/bin/egrep|/bin/sh|/lib64/ld-linux-x86-64.so.2,0,0,1001,27770,27769,(none),180,exec,benign,
1778300649,51043,2.271536,post_context,20260508_212407_dns_delete_9ci3sG,20260508_212404_scp_nginx_dns_delete_CMzhrV,vandalism/dns_delete,vandalism,scp_then_ssh,execve,no,-2,/usr/bin/dash,egrep,,/bin/sh /usr/bin/egrep overlayroot|/media/root-ro|/media/root-rw /proc/mounts,/,/usr/local/sbin/grep,/usr/local/sbin/grep,0,0,1001,27770,27769,(none),180,exec,benign,
1778300649,51044,2.271536,post_context,20260508_212407_dns_delete_9ci3sG,20260508_212404_scp_nginx_dns_delete_CMzhrV,vandalism/dns_delete,vandalism,scp_then_ssh,execve,yes,0,/usr/bin/sort,sort,sort -r,sort -r,/,/usr/bin/sort,/usr/bin/sort|/lib64/ld-linux-x86-64.so.2,0,0,1001,27771,27769,(none),180,exec,benign,
1778300649,51045,2.272536,post_context,20260508_212407_dns_delete_9ci3sG,20260508_212404_scp_nginx_dns_delete_CMzhrV,vandalism/dns_delete,vandalism,scp_then_ssh,execve,no,-2,/usr/bin/dash,egrep,,/bin/sh /usr/bin/egrep overlayroot|/media/root-ro|/media/root-rw /proc/mounts,/,/usr/local/bin/grep,/usr/local/bin/grep,0,0,1001,27770,27769,(none),180,exec,benign,
1778300649,51046,2.272536,post_context,20260508_212407_dns_delete_9ci3sG,20260508_212404_scp_nginx_dns_delete_CMzhrV,vandalism/dns_delete,vandalism,scp_then_ssh,execve,no,-2,/usr/bin/dash,egrep,,/bin/sh /usr/bin/egrep overlayroot|/media/root-ro|/media/root-rw /proc/mounts,/,/usr/sbin/grep,/usr/sbin/grep,0,0,1001,27770,27769,(none),180,exec,benign,
1778300649,51047,2.272536,post_context,20260508_212407_dns_delete_9ci3sG,20260508_212404_scp_nginx_dns_delete_CMzhrV,vandalism/dns_delete,vandalism,scp_then_ssh,execve,yes,0,/usr/bin/grep,grep,grep -E overlayroot|/media/root-ro|/media/root-rw /proc/mounts,/bin/sh /usr/bin/egrep overlayroot|/media/root-ro|/media/root-rw /proc/mounts,/,/usr/bin/grep,/usr/bin/grep|/lib64/ld-linux-x86-64.so.2,0,0,1001,27770,27769,(none),180,exec,benign,
1778300649,51048,2.275536,post_context,20260508_212407_dns_delete_9ci3sG,20260508_212404_scp_nginx_dns_delete_CMzhrV,vandalism/dns_delete,vandalism,scp_then_ssh,execve,yes,0,/usr/bin/dash,98-fsck-at-rebo,/bin/sh /etc/update-motd.d/98-fsck-at-reboot,/bin/sh /etc/update-motd.d/98-fsck-at-reboot,/,/etc/update-motd.d/98-fsck-at-reboot,/etc/update-motd.d/98-fsck-at-reboot|/bin/sh|/lib64/ld-linux-x86-64.so.2,0,0,1001,27772,27736,(none),180,exec,benign,
1778300649,51049,2.275536,post_context,20260508_212407_dns_delete_9ci3sG,20260508_212404_scp_nginx_dns_delete_CMzhrV,vandalism/dns_delete,vandalism,scp_then_ssh,execve,yes,0,/usr/bin/dash,update-motd-fsc,/bin/sh /usr/lib/update-notifier/update-motd-fsck-at-reboot,/bin/sh /etc/update-motd.d/98-fsck-at-reboot,/,/usr/lib/update-notifier/update-motd-fsck-at-reboot,/usr/lib/update-notifier/update-motd-fsck-at-reboot|/bin/sh|/lib64/ld-linux-x86-64.so.2,0,0,1001,27772,27736,(none),180,exec,benign,
1778300649,51050,2.276536,post_context,20260508_212407_dns_delete_9ci3sG,20260508_212404_scp_nginx_dns_delete_CMzhrV,vandalism/dns_delete,vandalism,scp_then_ssh,execve,yes,0,/usr/bin/id,id,id -u,id -u,/,/usr/bin/id,/usr/bin/id|/lib64/ld-linux-x86-64.so.2,0,0,1001,27773,27772,(none),180,exec,benign,
1778300649,51051,2.277536,post_context,20260508_212407_dns_delete_9ci3sG,20260508_212404_scp_nginx_dns_delete_CMzhrV,vandalism/dns_delete,vandalism,scp_then_ssh,execve,yes,0,/usr/bin/stat,stat,stat -c %Y /var/lib/update-notifier/fsck-at-reboot,stat -c %Y /var/lib/update-notifier/fsck-at-reboot,/,/usr/bin/stat,/usr/bin/stat|/lib64/ld-linux-x86-64.so.2,0,0,1001,27774,27772,(none),180,exec,benign,
1778300649,51052,2.278536,post_context,20260508_212407_dns_delete_9ci3sG,20260508_212404_scp_nginx_dns_delete_CMzhrV,vandalism/dns_delete,vandalism,scp_then_ssh,execve,yes,0,/usr/bin/gawk,awk,awk {print $1} /proc/uptime,awk {print $1} /proc/uptime,/,/usr/bin/awk,/usr/bin/awk|/lib64/ld-linux-x86-64.so.2,0,0,1001,27776,27775,(none),180,exec,benign,
1778300649,51053,2.280535,post_context,20260508_212407_dns_delete_9ci3sG,20260508_212404_scp_nginx_dns_delete_CMzhrV,vandalism/dns_delete,vandalism,scp_then_ssh,execve,yes,0,/usr/bin/date,date,date -d now - 2895.31 seconds +%s,date -d now - 2895.31 seconds +%s,/,/usr/bin/date,/usr/bin/date|/lib64/ld-linux-x86-64.so.2,0,0,1001,27775,27772,(none),180,exec,benign,
1778300649,51054,2.281536,post_context,20260508_212407_dns_delete_9ci3sG,20260508_212404_scp_nginx_dns_delete_CMzhrV,vandalism/dns_delete,vandalism,scp_then_ssh,execve,yes,0,/usr/bin/date,date,date +%s,date +%s,/,/usr/bin/date,/usr/bin/date|/lib64/ld-linux-x86-64.so.2,0,0,1001,27777,27772,(none),180,exec,benign,
1778300649,51055,2.282536,post_context,20260508_212407_dns_delete_9ci3sG,20260508_212404_scp_nginx_dns_delete_CMzhrV,vandalism/dns_delete,vandalism,scp_then_ssh,execve,yes,0,/usr/bin/cat,cat,cat /var/lib/update-notifier/fsck-at-reboot,cat /var/lib/update-notifier/fsck-at-reboot,/,/usr/bin/cat,/usr/bin/cat|/lib64/ld-linux-x86-64.so.2,0,0,1001,27778,27772,(none),180,exec,benign,
1778300649,51056,2.284536,post_context,20260508_212407_dns_delete_9ci3sG,20260508_212404_scp_nginx_dns_delete_CMzhrV,vandalism/dns_delete,vandalism,scp_then_ssh,execve,yes,0,/usr/bin/dash,98-reboot-requi,/bin/sh /etc/update-motd.d/98-reboot-required,/bin/sh /etc/update-motd.d/98-reboot-required,/,/etc/update-motd.d/98-reboot-required,/etc/update-motd.d/98-reboot-required|/bin/sh|/lib64/ld-linux-x86-64.so.2,0,0,1001,27779,27736,(none),180,exec,benign,
1778300649,51057,2.284536,post_context,20260508_212407_dns_delete_9ci3sG,20260508_212404_scp_nginx_dns_delete_CMzhrV,vandalism/dns_delete,vandalism,scp_then_ssh,execve,yes,0,/usr/bin/dash,update-motd-reb,/bin/sh -e /usr/lib/update-notifier/update-motd-reboot-required,/bin/sh /etc/update-motd.d/98-reboot-required,/,/usr/lib/update-notifier/update-motd-reboot-required,/usr/lib/update-notifier/update-motd-reboot-required|/bin/sh|/lib64/ld-linux-x86-64.so.2,0,0,1001,27779,27736,(none),180,exec,benign,
1778300649,51058,2.285536,post_context,20260508_212407_dns_delete_9ci3sG,20260508_212404_scp_nginx_dns_delete_CMzhrV,vandalism/dns_delete,vandalism,scp_then_ssh,rename,yes,0,/usr/sbin/sshd,sshd,,/usr/sbin/sshd -D -R,/,/run/,/run/|/run/motd.dynamic.new|/run/motd.dynamic,0,0,1001,27733,21008,(none),180,file_destroy,benign,
1778300649,51059,2.285536,post_context,20260508_212407_dns_delete_9ci3sG,20260508_212404_scp_nginx_dns_delete_CMzhrV,vandalism/dns_delete,vandalism,scp_then_ssh,connect,yes,0,/usr/sbin/sshd,sshd,,/usr/sbin/sshd -D -R,/,/run/systemd/userdb/io.systemd.DynamicUser,/run/systemd/userdb/io.systemd.DynamicUser,0,0,1001,27733,21008,(none),180,network_connect,benign,
1778300649,51060,2.286536,post_context,20260508_212407_dns_delete_9ci3sG,20260508_212404_scp_nginx_dns_delete_CMzhrV,vandalism/dns_delete,vandalism,scp_then_ssh,connect,yes,0,/usr/sbin/sshd,sshd,,/usr/sbin/sshd -D -R,/,/run/systemd/userdb/io.systemd.DynamicUser,/run/systemd/userdb/io.systemd.DynamicUser,0,0,1001,27733,21008,(none),180,network_connect,benign,
1778300649,51061,2.286536,post_context,20260508_212407_dns_delete_9ci3sG,20260508_212404_scp_nginx_dns_delete_CMzhrV,vandalism/dns_delete,vandalism,scp_then_ssh,connect,yes,0,/usr/sbin/sshd,sshd,,/usr/sbin/sshd -D -R,/,/run/systemd/userdb/io.systemd.DynamicUser,/run/systemd/userdb/io.systemd.DynamicUser,0,0,1001,27733,21008,(none),180,network_connect,benign,
1778300649,51062,2.286536,post_context,20260508_212407_dns_delete_9ci3sG,20260508_212404_scp_nginx_dns_delete_CMzhrV,vandalism/dns_delete,vandalism,scp_then_ssh,connect,yes,0,/usr/sbin/sshd,sshd,,/usr/sbin/sshd -D -R,/,/run/systemd/userdb/io.systemd.DynamicUser,/run/systemd/userdb/io.systemd.DynamicUser,0,0,1001,27733,21008,(none),180,network_connect,benign,
1778300649,51063,2.287536,post_context,20260508_212407_dns_delete_9ci3sG,20260508_212404_scp_nginx_dns_delete_CMzhrV,vandalism/dns_delete,vandalism,scp_then_ssh,connect,yes,0,/usr/sbin/sshd,sshd,,/usr/sbin/sshd -D -R,/,/run/systemd/userdb/io.systemd.DynamicUser,/run/systemd/userdb/io.systemd.DynamicUser,0,0,1001,27733,21008,(none),180,network_connect,benign,
1778300649,51064,2.287536,post_context,20260508_212407_dns_delete_9ci3sG,20260508_212404_scp_nginx_dns_delete_CMzhrV,vandalism/dns_delete,vandalism,scp_then_ssh,,,,,,,,,,,,,,,,,,,benign,
1778300649,51065,2.288536,post_context,20260508_212407_dns_delete_9ci3sG,20260508_212404_scp_nginx_dns_delete_CMzhrV,vandalism/dns_delete,vandalism,scp_then_ssh,setgid,yes,0,/usr/sbin/sshd,sshd,,sshd: deploy-rkejw [priv],,,,0,0,1001,27780,27733,(none),180,privilege_transition,benign,
1778300649,51066,2.288536,post_context,20260508_212407_dns_delete_9ci3sG,20260508_212404_scp_nginx_dns_delete_CMzhrV,vandalism/dns_delete,vandalism,scp_then_ssh,connect,yes,0,/usr/sbin/sshd,sshd,,sshd: deploy-rkejw [priv],/,/run/systemd/userdb/io.systemd.DynamicUser,/run/systemd/userdb/io.systemd.DynamicUser,0,0,1001,27780,27733,(none),180,network_connect,benign,
1778300649,51067,2.288536,post_context,20260508_212407_dns_delete_9ci3sG,20260508_212404_scp_nginx_dns_delete_CMzhrV,vandalism/dns_delete,vandalism,scp_then_ssh,connect,yes,0,/usr/sbin/sshd,sshd,,sshd: deploy-rkejw [priv],/,/run/systemd/userdb/io.systemd.DynamicUser,/run/systemd/userdb/io.systemd.DynamicUser,0,0,1001,27780,27733,(none),180,network_connect,benign,
1778300649,51068,2.288536,post_context,20260508_212407_dns_delete_9ci3sG,20260508_212404_scp_nginx_dns_delete_CMzhrV,vandalism/dns_delete,vandalism,scp_then_ssh,126,yes,0,/usr/sbin/sshd,sshd,,sshd: deploy-rkejw [priv],,,,0,0,1001,27780,27733,(none),180,privilege_transition,benign,
1778300649,51069,2.288536,post_context,20260508_212407_dns_delete_9ci3sG,20260508_212404_scp_nginx_dns_delete_CMzhrV,vandalism/dns_delete,vandalism,scp_then_ssh,,,,,,,,,,,,,,,,,,,benign,
1778300649,51070,2.288536,post_context,20260508_212407_dns_delete_9ci3sG,20260508_212404_scp_nginx_dns_delete_CMzhrV,vandalism/dns_delete,vandalism,scp_then_ssh,setresgid,yes,0,/usr/sbin/sshd,sshd,,sshd: deploy-rkejw [priv],,,,0,0,1001,27780,27733,(none),180,privilege_transition,benign,
1778300649,51071,2.288536,post_context,20260508_212407_dns_delete_9ci3sG,20260508_212404_scp_nginx_dns_delete_CMzhrV,vandalism/dns_delete,vandalism,scp_then_ssh,setresuid,yes,0,/usr/sbin/sshd,sshd,,sshd: deploy-rkejw [priv],,,,1001,1001,1001,27780,27733,(none),180,privilege_transition,benign,
1778300649,51072,2.288536,post_context,20260508_212407_dns_delete_9ci3sG,20260508_212404_scp_nginx_dns_delete_CMzhrV,vandalism/dns_delete,vandalism,scp_then_ssh,setuid,no,-1,/usr/sbin/sshd,sshd,,sshd: deploy-rkejw [priv],,,,1001,1001,1001,27780,27733,(none),180,privilege_transition,benign,
1778300649,51073,2.288536,post_context,20260508_212407_dns_delete_9ci3sG,20260508_212404_scp_nginx_dns_delete_CMzhrV,vandalism/dns_delete,vandalism,scp_then_ssh,setresuid,no,-1,/usr/sbin/sshd,sshd,,sshd: deploy-rkejw [priv],,,,1001,1001,1001,27780,27733,(none),180,privilege_transition,benign,
1778300649,51074,2.348536,post_context,20260508_212407_dns_delete_9ci3sG,20260508_212404_scp_nginx_dns_delete_CMzhrV,vandalism/dns_delete,vandalism,scp_then_ssh,execve,yes,0,/usr/bin/bash,bash,bash -c rm -rf -- '/tmp/.cache/aegis_20260508_212407_dns_delete_9ci3sG',bash -c rm -rf -- '/tmp/.cache/aegis_20260508_212407_dns_delete_9ci3sG',/home/deploy-rkejw,/bin/bash,/bin/bash|/lib64/ld-linux-x86-64.so.2,1001,1001,1001,27781,27780,(none),180,shell_exec,benign,
1778300649,51075,2.350536,post_context,20260508_212407_dns_delete_9ci3sG,20260508_212404_scp_nginx_dns_delete_CMzhrV,vandalism/dns_delete,vandalism,scp_then_ssh,execve,yes,0,/usr/bin/rm,rm,rm -rf -- /tmp/.cache/aegis_20260508_212407_dns_delete_9ci3sG,bash -c rm -rf -- '/tmp/.cache/aegis_20260508_212407_dns_delete_9ci3sG',/home/deploy-rkejw,/usr/bin/rm,/usr/bin/rm|/lib64/ld-linux-x86-64.so.2,1001,1001,1001,27781,27780,(none),180,exec,benign,
1778300649,51076,2.350536,post_context,20260508_212407_dns_delete_9ci3sG,20260508_212404_scp_nginx_dns_delete_CMzhrV,vandalism/dns_delete,vandalism,scp_then_ssh,unlinkat,yes,0,/usr/bin/rm,rm,,bash -c rm -rf -- '/tmp/.cache/aegis_20260508_212407_dns_delete_9ci3sG',/home/deploy-rkejw,/home/deploy-rkejw,/home/deploy-rkejw|runtime.sh,1001,1001,1001,27781,27780,(none),180,tmp_activity,benign,
1778300649,51077,2.350536,post_context,20260508_212407_dns_delete_9ci3sG,20260508_212404_scp_nginx_dns_delete_CMzhrV,vandalism/dns_delete,vandalism,scp_then_ssh,unlinkat,yes,0,/usr/bin/rm,rm,,bash -c rm -rf -- '/tmp/.cache/aegis_20260508_212407_dns_delete_9ci3sG',/home/deploy-rkejw,/home/deploy-rkejw,/home/deploy-rkejw|metadata.json,1001,1001,1001,27781,27780,(none),180,tmp_activity,benign,
1778300649,51078,2.350536,post_context,20260508_212407_dns_delete_9ci3sG,20260508_212404_scp_nginx_dns_delete_CMzhrV,vandalism/dns_delete,vandalism,scp_then_ssh,unlinkat,yes,0,/usr/bin/rm,rm,,bash -c rm -rf -- '/tmp/.cache/aegis_20260508_212407_dns_delete_9ci3sG',/home/deploy-rkejw,/home/deploy-rkejw,/home/deploy-rkejw|metadata.txt,1001,1001,1001,27781,27780,(none),180,tmp_activity,benign,
1778300649,51079,2.351536,post_context,20260508_212407_dns_delete_9ci3sG,20260508_212404_scp_nginx_dns_delete_CMzhrV,vandalism/dns_delete,vandalism,scp_then_ssh,unlinkat,yes,0,/usr/bin/rm,rm,,bash -c rm -rf -- '/tmp/.cache/aegis_20260508_212407_dns_delete_9ci3sG',/home/deploy-rkejw,/tmp/.cache/,/tmp/.cache/|/tmp/.cache/aegis_20260508_212407_dns_delete_9ci3sG,1001,1001,1001,27781,27780,(none),180,tmp_activity,benign,
1778300649,51080,2.352535,post_context,20260508_212407_dns_delete_9ci3sG,20260508_212404_scp_nginx_dns_delete_CMzhrV,vandalism/dns_delete,vandalism,scp_then_ssh,connect,yes,0,/usr/sbin/sshd,sshd,,sshd: deploy-rkejw [priv],/,/dev/log,/dev/log,1001,1001,1001,27780,27733,(none),180,network_connect,benign,
1778300649,51081,2.352535,post_context,20260508_212407_dns_delete_9ci3sG,20260508_212404_scp_nginx_dns_delete_CMzhrV,vandalism/dns_delete,vandalism,scp_then_ssh,114,yes,0,/usr/sbin/sshd,sshd,,/usr/sbin/sshd -D -R,,,,0,0,1001,27733,21008,(none),180,privilege_transition,benign,
1778300649,51082,2.353536,post_context,20260508_212407_dns_delete_9ci3sG,20260508_212404_scp_nginx_dns_delete_CMzhrV,vandalism/dns_delete,vandalism,scp_then_ssh,setresuid,yes,0,/usr/sbin/sshd,sshd,,/usr/sbin/sshd -D -R,,,,0,1001,1001,27733,21008,(none),180,privilege_transition,benign,
1778300649,51083,2.353536,post_context,20260508_212407_dns_delete_9ci3sG,20260508_212404_scp_nginx_dns_delete_CMzhrV,vandalism/dns_delete,vandalism,scp_then_ssh,113,yes,0,/usr/sbin/sshd,sshd,,/usr/sbin/sshd -D -R,,,,0,0,1001,27733,21008,(none),180,privilege_transition,benign,
1778300649,51084,2.353536,post_context,20260508_212407_dns_delete_9ci3sG,20260508_212404_scp_nginx_dns_delete_CMzhrV,vandalism/dns_delete,vandalism,scp_then_ssh,114,yes,0,/usr/sbin/sshd,sshd,,/usr/sbin/sshd -D -R,,,,0,0,1001,27733,21008,(none),180,privilege_transition,benign,
1778300649,51085,2.353536,post_context,20260508_212407_dns_delete_9ci3sG,20260508_212404_scp_nginx_dns_delete_CMzhrV,vandalism/dns_delete,vandalism,scp_then_ssh,connect,yes,0,/usr/sbin/sshd,sshd,,/usr/sbin/sshd -D -R,/,/run/dbus/system_bus_socket,/run/dbus/system_bus_socket,0,0,1001,27733,21008,(none),180,network_connect,benign,
1778300649,51086,2.353536,post_context,20260508_212407_dns_delete_9ci3sG,20260508_212404_scp_nginx_dns_delete_CMzhrV,vandalism/dns_delete,vandalism,scp_then_ssh,,,,,,,,,,,,,,,,,,,benign,
1778300649,51087,2.353536,post_context,20260508_212407_dns_delete_9ci3sG,20260508_212404_scp_nginx_dns_delete_CMzhrV,vandalism/dns_delete,vandalism,scp_then_ssh,,,,,,,,,,,,,,,,,,,benign,
1778300649,51088,2.354536,post_context,20260508_212407_dns_delete_9ci3sG,20260508_212404_scp_nginx_dns_delete_CMzhrV,vandalism/dns_delete,vandalism,scp_then_ssh,setresgid,yes,0,/usr/sbin/sshd,sshd,,/usr/sbin/sshd -D -R,,,,0,0,1001,27733,21008,(none),180,privilege_transition,benign,
1778300649,51089,2.354536,post_context,20260508_212407_dns_delete_9ci3sG,20260508_212404_scp_nginx_dns_delete_CMzhrV,vandalism/dns_delete,vandalism,scp_then_ssh,setresuid,yes,0,/usr/sbin/sshd,sshd,,/usr/sbin/sshd -D -R,,,,0,1001,1001,27733,21008,(none),180,privilege_transition,benign,
1778300649,51090,2.354536,post_context,20260508_212407_dns_delete_9ci3sG,20260508_212404_scp_nginx_dns_delete_CMzhrV,vandalism/dns_delete,vandalism,scp_then_ssh,setresuid,yes,0,/usr/sbin/sshd,sshd,,/usr/sbin/sshd -D -R,,,,0,0,1001,27733,21008,(none),180,privilege_transition,benign,
1778300649,51091,2.354536,post_context,20260508_212407_dns_delete_9ci3sG,20260508_212404_scp_nginx_dns_delete_CMzhrV,vandalism/dns_delete,vandalism,scp_then_ssh,setresgid,yes,0,/usr/sbin/sshd,sshd,,/usr/sbin/sshd -D -R,,,,0,0,1001,27733,21008,(none),180,privilege_transition,benign,
1778300650,51092,3.755536,post_context,20260508_212407_dns_delete_9ci3sG,20260508_212404_scp_nginx_dns_delete_CMzhrV,vandalism/dns_delete,vandalism,scp_then_ssh,execve,yes,0,/usr/bin/mkdir,mkdir,mkdir -p /home/analyst/.ssh,mkdir -p /home/analyst/.ssh,/home/analyst/baseline_workload/run_20260509_041538,/usr/bin/mkdir,/usr/bin/mkdir|/lib64/ld-linux-x86-64.so.2,1000,1000,1000,27782,15400,(none),25,exec,benign,
1778300650,51093,3.756536,post_context,20260508_212407_dns_delete_9ci3sG,20260508_212404_scp_nginx_dns_delete_CMzhrV,vandalism/dns_delete,vandalism,scp_then_ssh,mkdir,no,-17,/usr/bin/mkdir,mkdir,,mkdir -p /home/analyst/.ssh,/home,/home,/home,1000,1000,1000,27782,15400,(none),25,home_activity,benign,
1778300650,51094,3.756536,post_context,20260508_212407_dns_delete_9ci3sG,20260508_212404_scp_nginx_dns_delete_CMzhrV,vandalism/dns_delete,vandalism,scp_then_ssh,mkdir,no,-17,/usr/bin/mkdir,mkdir,,mkdir -p /home/analyst/.ssh,/home/analyst,/home/analyst,/home/analyst,1000,1000,1000,27782,15400,(none),25,home_activity,benign,
1778300650,51095,3.756536,post_context,20260508_212407_dns_delete_9ci3sG,20260508_212404_scp_nginx_dns_delete_CMzhrV,vandalism/dns_delete,vandalism,scp_then_ssh,execve,yes,0,/usr/bin/chmod,chmod,chmod 700 /home/analyst/.ssh,chmod 700 /home/analyst/.ssh,/home/analyst/baseline_workload/run_20260509_041538,/usr/bin/chmod,/usr/bin/chmod|/lib64/ld-linux-x86-64.so.2,1000,1000,1000,27783,15400,(none),25,exec,benign,
1778300650,51096,3.757535,post_context,20260508_212407_dns_delete_9ci3sG,20260508_212404_scp_nginx_dns_delete_CMzhrV,vandalism/dns_delete,vandalism,scp_then_ssh,fchmodat,yes,0,/usr/bin/chmod,chmod,,chmod 700 /home/analyst/.ssh,/home/analyst/baseline_workload/run_20260509_041538,/home/analyst/.ssh,/home/analyst/.ssh,1000,1000,1000,27783,15400,(none),25,home_activity,benign,
1778300650,51097,3.758536,post_context,20260508_212407_dns_delete_9ci3sG,20260508_212404_scp_nginx_dns_delete_CMzhrV,vandalism/dns_delete,vandalism,scp_then_ssh,openat,yes,3,/usr/bin/bash,bash,,bash ./baseline_workload.sh worker 20260509_041538,/home/analyst/baseline_workload/run_20260509_041538,/home/analyst/.ssh/,/home/analyst/.ssh/|/home/analyst/.ssh/config,1000,1000,1000,27784,15400,(none),25,home_activity,benign,
1778300650,51098,3.758536,post_context,20260508_212407_dns_delete_9ci3sG,20260508_212404_scp_nginx_dns_delete_CMzhrV,vandalism/dns_delete,vandalism,scp_then_ssh,execve,yes,0,/usr/bin/cat,cat,cat,bash ./baseline_workload.sh worker 20260509_041538,/home/analyst/baseline_workload/run_20260509_041538,/usr/bin/cat,/usr/bin/cat|/lib64/ld-linux-x86-64.so.2,1000,1000,1000,27784,15400,(none),25,exec,benign,
1778300650,51099,3.760535,post_context,20260508_212407_dns_delete_9ci3sG,20260508_212404_scp_nginx_dns_delete_CMzhrV,vandalism/dns_delete,vandalism,scp_then_ssh,execve,yes,0,/usr/bin/chmod,chmod,chmod 600 /home/analyst/.ssh/config,chmod 600 /home/analyst/.ssh/config,/home/analyst/baseline_workload/run_20260509_041538,/usr/bin/chmod,/usr/bin/chmod|/lib64/ld-linux-x86-64.so.2,1000,1000,1000,27785,15400,(none),25,exec,benign,
1778300650,51100,3.761536,post_context,20260508_212407_dns_delete_9ci3sG,20260508_212404_scp_nginx_dns_delete_CMzhrV,vandalism/dns_delete,vandalism,scp_then_ssh,fchmodat,yes,0,/usr/bin/chmod,chmod,,chmod 600 /home/analyst/.ssh/config,/home/analyst/baseline_workload/run_20260509_041538,/home/analyst/.ssh/config,/home/analyst/.ssh/config,1000,1000,1000,27785,15400,(none),25,home_activity,benign,
1778300650,51101,3.761536,post_context,20260508_212407_dns_delete_9ci3sG,20260508_212404_scp_nginx_dns_delete_CMzhrV,vandalism/dns_delete,vandalism,scp_then_ssh,execve,yes,0,/usr/bin/touch,touch,touch /home/analyst/.ssh/known_hosts,touch /home/analyst/.ssh/known_hosts,/home/analyst/baseline_workload/run_20260509_041538,/usr/bin/touch,/usr/bin/touch|/lib64/ld-linux-x86-64.so.2,1000,1000,1000,27786,15400,(none),25,exec,benign,
1778300650,51102,3.762536,post_context,20260508_212407_dns_delete_9ci3sG,20260508_212404_scp_nginx_dns_delete_CMzhrV,vandalism/dns_delete,vandalism,scp_then_ssh,openat,yes,3,/usr/bin/touch,touch,,touch /home/analyst/.ssh/known_hosts,/home/analyst/baseline_workload/run_20260509_041538,/home/analyst/.ssh/,/home/analyst/.ssh/|/home/analyst/.ssh/known_hosts,1000,1000,1000,27786,15400,(none),25,home_activity,benign,
1778300650,51103,3.763535,post_context,20260508_212407_dns_delete_9ci3sG,20260508_212404_scp_nginx_dns_delete_CMzhrV,vandalism/dns_delete,vandalism,scp_then_ssh,execve,yes,0,/usr/bin/chmod,chmod,chmod 644 /home/analyst/.ssh/known_hosts,chmod 644 /home/analyst/.ssh/known_hosts,/home/analyst/baseline_workload/run_20260509_041538,/usr/bin/chmod,/usr/bin/chmod|/lib64/ld-linux-x86-64.so.2,1000,1000,1000,27787,15400,(none),25,exec,benign,
1778300650,51104,3.764536,post_context,20260508_212407_dns_delete_9ci3sG,20260508_212404_scp_nginx_dns_delete_CMzhrV,vandalism/dns_delete,vandalism,scp_then_ssh,fchmodat,yes,0,/usr/bin/chmod,chmod,,chmod 644 /home/analyst/.ssh/known_hosts,/home/analyst/baseline_workload/run_20260509_041538,/home/analyst/.ssh/known_hosts,/home/analyst/.ssh/known_hosts,1000,1000,1000,27787,15400,(none),25,home_activity,benign,
1778300650,51105,3.764536,post_context,20260508_212407_dns_delete_9ci3sG,20260508_212404_scp_nginx_dns_delete_CMzhrV,vandalism/dns_delete,vandalism,scp_then_ssh,openat,yes,3,/usr/bin/bash,bash,,bash ./baseline_workload.sh start,/home/analyst/baseline_workload/run_20260509_041538,/home/analyst/.ssh/,/home/analyst/.ssh/|/home/analyst/.ssh/known_hosts,1000,1000,1000,15400,1,(none),25,home_activity,benign,
1778300650,51106,3.764536,post_context,20260508_212407_dns_delete_9ci3sG,20260508_212404_scp_nginx_dns_delete_CMzhrV,vandalism/dns_delete,vandalism,scp_then_ssh,execve,yes,0,/usr/bin/sleep,sleep,sleep 1,sleep 1,/home/analyst/baseline_workload/run_20260509_041538,/usr/bin/sleep,/usr/bin/sleep|/lib64/ld-linux-x86-64.so.2,1000,1000,1000,27788,15400,(none),25,exec,benign,
1778300651,51107,4.767535,post_context,20260508_212407_dns_delete_9ci3sG,20260508_212404_scp_nginx_dns_delete_CMzhrV,vandalism/dns_delete,vandalism,scp_then_ssh,execve,yes,0,/usr/bin/mkdir,mkdir,mkdir -p projects/project_11/src projects/project_11/data projects/project_11/notes projects/project_11/reports projects/project_11/config docs scripts downloads temp archive logs,mkdir -p projects/project_11/src projects/project_11/data projects/project_11/notes projects/project_11/reports projects/project,/home/analyst/baseline_workload/run_20260509_041538,/usr/bin/mkdir,/usr/bin/mkdir|/lib64/ld-linux-x86-64.so.2,1000,1000,1000,27789,15400,(none),25,exec,benign,
1778300651,51108,4.768536,post_context,20260508_212407_dns_delete_9ci3sG,20260508_212404_scp_nginx_dns_delete_CMzhrV,vandalism/dns_delete,vandalism,scp_then_ssh,mkdir,no,-17,/usr/bin/mkdir,mkdir,,mkdir -p projects/project_11/src projects/project_11/data projects/project_11/notes projects/project_11/reports projects/project,/home/analyst/baseline_workload/run_20260509_041538,/home/analyst/baseline_workload/run_20260509_041538,/home/analyst/baseline_workload/run_20260509_041538,1000,1000,1000,27789,15400,(none),25,home_activity,benign,
1778300651,51109,4.768536,post_context,20260508_212407_dns_delete_9ci3sG,20260508_212404_scp_nginx_dns_delete_CMzhrV,vandalism/dns_delete,vandalism,scp_then_ssh,mkdir,no,-17,/usr/bin/mkdir,mkdir,,mkdir -p projects/project_11/src projects/project_11/data projects/project_11/notes projects/project_11/reports projects/project,/home/analyst/baseline_workload/run_20260509_041538/projects,/home/analyst/baseline_workload/run_20260509_041538/projects,/home/analyst/baseline_workload/run_20260509_041538/projects,1000,1000,1000,27789,15400,(none),25,home_activity,benign,
1778300651,51110,4.768536,post_context,20260508_212407_dns_delete_9ci3sG,20260508_212404_scp_nginx_dns_delete_CMzhrV,vandalism/dns_delete,vandalism,scp_then_ssh,mkdir,no,-17,/usr/bin/mkdir,mkdir,,mkdir -p projects/project_11/src projects/project_11/data projects/project_11/notes projects/project_11/reports projects/project,/home/analyst/baseline_workload/run_20260509_041538/projects/project_11,/home/analyst/baseline_workload/run_20260509_041538/projects/project_11,/home/analyst/baseline_workload/run_20260509_041538/projects/project_11,1000,1000,1000,27789,15400,(none),25,home_activity,benign,
1778300651,51111,4.768536,post_context,20260508_212407_dns_delete_9ci3sG,20260508_212404_scp_nginx_dns_delete_CMzhrV,vandalism/dns_delete,vandalism,scp_then_ssh,mkdir,no,-17,/usr/bin/mkdir,mkdir,,mkdir -p projects/project_11/src projects/project_11/data projects/project_11/notes projects/project_11/reports projects/project,/home/analyst/baseline_workload/run_20260509_041538,/home/analyst/baseline_workload/run_20260509_041538,/home/analyst/baseline_workload/run_20260509_041538,1000,1000,1000,27789,15400,(none),25,home_activity,benign,
1778300651,51112,4.768536,post_context,20260508_212407_dns_delete_9ci3sG,20260508_212404_scp_nginx_dns_delete_CMzhrV,vandalism/dns_delete,vandalism,scp_then_ssh,mkdir,no,-17,/usr/bin/mkdir,mkdir,,mkdir -p projects/project_11/src projects/project_11/data projects/project_11/notes projects/project_11/reports projects/project,/home/analyst/baseline_workload/run_20260509_041538/projects,/home/analyst/baseline_workload/run_20260509_041538/projects,/home/analyst/baseline_workload/run_20260509_041538/projects,1000,1000,1000,27789,15400,(none),25,home_activity,benign,
1778300651,51113,4.768536,post_context,20260508_212407_dns_delete_9ci3sG,20260508_212404_scp_nginx_dns_delete_CMzhrV,vandalism/dns_delete,vandalism,scp_then_ssh,mkdir,no,-17,/usr/bin/mkdir,mkdir,,mkdir -p projects/project_11/src projects/project_11/data projects/project_11/notes projects/project_11/reports projects/project,/home/analyst/baseline_workload/run_20260509_041538/projects/project_11,/home/analyst/baseline_workload/run_20260509_041538/projects/project_11,/home/analyst/baseline_workload/run_20260509_041538/projects/project_11,1000,1000,1000,27789,15400,(none),25,home_activity,benign,
1778300651,51114,4.768536,post_context,20260508_212407_dns_delete_9ci3sG,20260508_212404_scp_nginx_dns_delete_CMzhrV,vandalism/dns_delete,vandalism,scp_then_ssh,mkdir,no,-17,/usr/bin/mkdir,mkdir,,mkdir -p projects/project_11/src projects/project_11/data projects/project_11/notes projects/project_11/reports projects/project,/home/analyst/baseline_workload/run_20260509_041538,/home/analyst/baseline_workload/run_20260509_041538,/home/analyst/baseline_workload/run_20260509_041538,1000,1000,1000,27789,15400,(none),25,home_activity,benign,
1778300651,51115,4.768536,post_context,20260508_212407_dns_delete_9ci3sG,20260508_212404_scp_nginx_dns_delete_CMzhrV,vandalism/dns_delete,vandalism,scp_then_ssh,mkdir,no,-17,/usr/bin/mkdir,mkdir,,mkdir -p projects/project_11/src projects/project_11/data projects/project_11/notes projects/project_11/reports projects/project,/home/analyst/baseline_workload/run_20260509_041538/projects,/home/analyst/baseline_workload/run_20260509_041538/projects,/home/analyst/baseline_workload/run_20260509_041538/projects,1000,1000,1000,27789,15400,(none),25,home_activity,benign,
1778300651,51116,4.768536,post_context,20260508_212407_dns_delete_9ci3sG,20260508_212404_scp_nginx_dns_delete_CMzhrV,vandalism/dns_delete,vandalism,scp_then_ssh,mkdir,no,-17,/usr/bin/mkdir,mkdir,,mkdir -p projects/project_11/src projects/project_11/data projects/project_11/notes projects/project_11/reports projects/project,/home/analyst/baseline_workload/run_20260509_041538/projects/project_11,/home/analyst/baseline_workload/run_20260509_041538/projects/project_11,/home/analyst/baseline_workload/run_20260509_041538/projects/project_11,1000,1000,1000,27789,15400,(none),25,home_activity,benign,
1778300651,51117,4.768536,post_context,20260508_212407_dns_delete_9ci3sG,20260508_212404_scp_nginx_dns_delete_CMzhrV,vandalism/dns_delete,vandalism,scp_then_ssh,mkdir,no,-17,/usr/bin/mkdir,mkdir,,mkdir -p projects/project_11/src projects/project_11/data projects/project_11/notes projects/project_11/reports projects/project,/home/analyst/baseline_workload/run_20260509_041538,/home/analyst/baseline_workload/run_20260509_041538,/home/analyst/baseline_workload/run_20260509_041538,1000,1000,1000,27789,15400,(none),25,home_activity,benign,
1778300651,51118,4.768536,post_context,20260508_212407_dns_delete_9ci3sG,20260508_212404_scp_nginx_dns_delete_CMzhrV,vandalism/dns_delete,vandalism,scp_then_ssh,mkdir,no,-17,/usr/bin/mkdir,mkdir,,mkdir -p projects/project_11/src projects/project_11/data projects/project_11/notes projects/project_11/reports projects/project,/home/analyst/baseline_workload/run_20260509_041538/projects,/home/analyst/baseline_workload/run_20260509_041538/projects,/home/analyst/baseline_workload/run_20260509_041538/projects,1000,1000,1000,27789,15400,(none),25,home_activity,benign,
1778300651,51119,4.768536,post_context,20260508_212407_dns_delete_9ci3sG,20260508_212404_scp_nginx_dns_delete_CMzhrV,vandalism/dns_delete,vandalism,scp_then_ssh,mkdir,no,-17,/usr/bin/mkdir,mkdir,,mkdir -p projects/project_11/src projects/project_11/data projects/project_11/notes projects/project_11/reports projects/project,/home/analyst/baseline_workload/run_20260509_041538/projects/project_11,/home/analyst/baseline_workload/run_20260509_041538/projects/project_11,/home/analyst/baseline_workload/run_20260509_041538/projects/project_11,1000,1000,1000,27789,15400,(none),25,home_activity,benign,
1778300651,51120,4.768536,post_context,20260508_212407_dns_delete_9ci3sG,20260508_212404_scp_nginx_dns_delete_CMzhrV,vandalism/dns_delete,vandalism,scp_then_ssh,mkdir,no,-17,/usr/bin/mkdir,mkdir,,mkdir -p projects/project_11/src projects/project_11/data projects/project_11/notes projects/project_11/reports projects/project,/home/analyst/baseline_workload/run_20260509_041538,/home/analyst/baseline_workload/run_20260509_041538,/home/analyst/baseline_workload/run_20260509_041538,1000,1000,1000,27789,15400,(none),25,home_activity,benign,
1778300651,51121,4.768536,post_context,20260508_212407_dns_delete_9ci3sG,20260508_212404_scp_nginx_dns_delete_CMzhrV,vandalism/dns_delete,vandalism,scp_then_ssh,mkdir,no,-17,/usr/bin/mkdir,mkdir,,mkdir -p projects/project_11/src projects/project_11/data projects/project_11/notes projects/project_11/reports projects/project,/home/analyst/baseline_workload/run_20260509_041538/projects,/home/analyst/baseline_workload/run_20260509_041538/projects,/home/analyst/baseline_workload/run_20260509_041538/projects,1000,1000,1000,27789,15400,(none),25,home_activity,benign,
1778300651,51122,4.768536,post_context,20260508_212407_dns_delete_9ci3sG,20260508_212404_scp_nginx_dns_delete_CMzhrV,vandalism/dns_delete,vandalism,scp_then_ssh,mkdir,no,-17,/usr/bin/mkdir,mkdir,,mkdir -p projects/project_11/src projects/project_11/data projects/project_11/notes projects/project_11/reports projects/project,/home/analyst/baseline_workload/run_20260509_041538/projects/project_11,/home/analyst/baseline_workload/run_20260509_041538/projects/project_11,/home/analyst/baseline_workload/run_20260509_041538/projects/project_11,1000,1000,1000,27789,15400,(none),25,home_activity,benign,
1778300651,51123,4.768536,post_context,20260508_212407_dns_delete_9ci3sG,20260508_212404_scp_nginx_dns_delete_CMzhrV,vandalism/dns_delete,vandalism,scp_then_ssh,mkdir,no,-17,/usr/bin/mkdir,mkdir,,mkdir -p projects/project_11/src projects/project_11/data projects/project_11/notes projects/project_11/reports projects/project,/home/analyst/baseline_workload/run_20260509_041538,/home/analyst/baseline_workload/run_20260509_041538,/home/analyst/baseline_workload/run_20260509_041538,1000,1000,1000,27789,15400,(none),25,home_activity,benign,
1778300651,51124,4.768536,post_context,20260508_212407_dns_delete_9ci3sG,20260508_212404_scp_nginx_dns_delete_CMzhrV,vandalism/dns_delete,vandalism,scp_then_ssh,mkdir,no,-17,/usr/bin/mkdir,mkdir,,mkdir -p projects/project_11/src projects/project_11/data projects/project_11/notes projects/project_11/reports projects/project,/home/analyst/baseline_workload/run_20260509_041538,/home/analyst/baseline_workload/run_20260509_041538,/home/analyst/baseline_workload/run_20260509_041538,1000,1000,1000,27789,15400,(none),25,home_activity,benign,
1778300651,51125,4.768536,post_context,20260508_212407_dns_delete_9ci3sG,20260508_212404_scp_nginx_dns_delete_CMzhrV,vandalism/dns_delete,vandalism,scp_then_ssh,mkdir,no,-17,/usr/bin/mkdir,mkdir,,mkdir -p projects/project_11/src projects/project_11/data projects/project_11/notes projects/project_11/reports projects/project,/home/analyst/baseline_workload/run_20260509_041538,/home/analyst/baseline_workload/run_20260509_041538,/home/analyst/baseline_workload/run_20260509_041538,1000,1000,1000,27789,15400,(none),25,home_activity,benign,
1778300651,51126,4.768536,post_context,20260508_212407_dns_delete_9ci3sG,20260508_212404_scp_nginx_dns_delete_CMzhrV,vandalism/dns_delete,vandalism,scp_then_ssh,mkdir,no,-17,/usr/bin/mkdir,mkdir,,mkdir -p projects/project_11/src projects/project_11/data projects/project_11/notes projects/project_11/reports projects/project,/home/analyst/baseline_workload/run_20260509_041538,/home/analyst/baseline_workload/run_20260509_041538,/home/analyst/baseline_workload/run_20260509_041538,1000,1000,1000,27789,15400,(none),25,home_activity,benign,
1778300651,51127,4.768536,post_context,20260508_212407_dns_delete_9ci3sG,20260508_212404_scp_nginx_dns_delete_CMzhrV,vandalism/dns_delete,vandalism,scp_then_ssh,mkdir,no,-17,/usr/bin/mkdir,mkdir,,mkdir -p projects/project_11/src projects/project_11/data projects/project_11/notes projects/project_11/reports projects/project,/home/analyst/baseline_workload/run_20260509_041538,/home/analyst/baseline_workload/run_20260509_041538,/home/analyst/baseline_workload/run_20260509_041538,1000,1000,1000,27789,15400,(none),25,home_activity,benign,
1778300651,51128,4.768536,post_context,20260508_212407_dns_delete_9ci3sG,20260508_212404_scp_nginx_dns_delete_CMzhrV,vandalism/dns_delete,vandalism,scp_then_ssh,mkdir,no,-17,/usr/bin/mkdir,mkdir,,mkdir -p projects/project_11/src projects/project_11/data projects/project_11/notes projects/project_11/reports projects/project,/home/analyst/baseline_workload/run_20260509_041538,/home/analyst/baseline_workload/run_20260509_041538,/home/analyst/baseline_workload/run_20260509_041538,1000,1000,1000,27789,15400,(none),25,home_activity,benign,
1778300651,51129,4.769536,post_context,20260508_212407_dns_delete_9ci3sG,20260508_212404_scp_nginx_dns_delete_CMzhrV,vandalism/dns_delete,vandalism,scp_then_ssh,execve,yes,0,/usr/bin/mkdir,mkdir,mkdir -p /home/analyst/Documents/aegis_baseline /home/analyst/Downloads/aegis_baseline,mkdir -p /home/analyst/Documents/aegis_baseline /home/analyst/Downloads/aegis_baseline,/home/analyst/baseline_workload/run_20260509_041538,/usr/bin/mkdir,/usr/bin/mkdir|/lib64/ld-linux-x86-64.so.2,1000,1000,1000,27790,15400,(none),25,exec,benign,
1778300651,51130,4.770535,post_context,20260508_212407_dns_delete_9ci3sG,20260508_212404_scp_nginx_dns_delete_CMzhrV,vandalism/dns_delete,vandalism,scp_then_ssh,mkdir,no,-17,/usr/bin/mkdir,mkdir,,mkdir -p /home/analyst/Documents/aegis_baseline /home/analyst/Downloads/aegis_baseline,/home,/home,/home,1000,1000,1000,27790,15400,(none),25,home_activity,benign,
1778300651,51131,4.770535,post_context,20260508_212407_dns_delete_9ci3sG,20260508_212404_scp_nginx_dns_delete_CMzhrV,vandalism/dns_delete,vandalism,scp_then_ssh,mkdir,no,-17,/usr/bin/mkdir,mkdir,,mkdir -p /home/analyst/Documents/aegis_baseline /home/analyst/Downloads/aegis_baseline,/home/analyst,/home/analyst,/home/analyst,1000,1000,1000,27790,15400,(none),25,home_activity,benign,
1778300651,51132,4.770535,post_context,20260508_212407_dns_delete_9ci3sG,20260508_212404_scp_nginx_dns_delete_CMzhrV,vandalism/dns_delete,vandalism,scp_then_ssh,mkdir,no,-17,/usr/bin/mkdir,mkdir,,mkdir -p /home/analyst/Documents/aegis_baseline /home/analyst/Downloads/aegis_baseline,/home/analyst/Documents,/home/analyst/Documents,/home/analyst/Documents,1000,1000,1000,27790,15400,(none),25,home_activity,benign,
1778300651,51133,4.770535,post_context,20260508_212407_dns_delete_9ci3sG,20260508_212404_scp_nginx_dns_delete_CMzhrV,vandalism/dns_delete,vandalism,scp_then_ssh,mkdir,no,-17,/usr/bin/mkdir,mkdir,,mkdir -p /home/analyst/Documents/aegis_baseline /home/analyst/Downloads/aegis_baseline,/home,/home,/home,1000,1000,1000,27790,15400,(none),25,home_activity,benign,
1778300651,51134,4.770535,post_context,20260508_212407_dns_delete_9ci3sG,20260508_212404_scp_nginx_dns_delete_CMzhrV,vandalism/dns_delete,vandalism,scp_then_ssh,mkdir,no,-17,/usr/bin/mkdir,mkdir,,mkdir -p /home/analyst/Documents/aegis_baseline /home/analyst/Downloads/aegis_baseline,/home/analyst,/home/analyst,/home/analyst,1000,1000,1000,27790,15400,(none),25,home_activity,benign,
1778300651,51135,4.770535,post_context,20260508_212407_dns_delete_9ci3sG,20260508_212404_scp_nginx_dns_delete_CMzhrV,vandalism/dns_delete,vandalism,scp_then_ssh,mkdir,no,-17,/usr/bin/mkdir,mkdir,,mkdir -p /home/analyst/Documents/aegis_baseline /home/analyst/Downloads/aegis_baseline,/home/analyst/Downloads,/home/analyst/Downloads,/home/analyst/Downloads,1000,1000,1000,27790,15400,(none),25,home_activity,benign,
1778300651,51136,4.771536,post_context,20260508_212407_dns_delete_9ci3sG,20260508_212404_scp_nginx_dns_delete_CMzhrV,vandalism/dns_delete,vandalism,scp_then_ssh,openat,yes,3,/usr/bin/bash,bash,,bash ./baseline_workload.sh worker 20260509_041538,/home/analyst/baseline_workload/run_20260509_041538,logs/,logs/|logs/ls_11.log,1000,1000,1000,27791,15400,(none),25,home_activity,benign,
1778300651,51137,4.771536,post_context,20260508_212407_dns_delete_9ci3sG,20260508_212404_scp_nginx_dns_delete_CMzhrV,vandalism/dns_delete,vandalism,scp_then_ssh,execve,yes,0,/usr/bin/ls,ls,ls -la,bash ./baseline_workload.sh worker 20260509_041538,/home/analyst/baseline_workload/run_20260509_041538,/usr/bin/ls,/usr/bin/ls|/lib64/ld-linux-x86-64.so.2,1000,1000,1000,27791,15400,(none),25,exec,benign,
1778300651,51138,4.772536,post_context,20260508_212407_dns_delete_9ci3sG,20260508_212404_scp_nginx_dns_delete_CMzhrV,vandalism/dns_delete,vandalism,scp_then_ssh,connect,no,-2,/usr/bin/ls,ls,,bash ./baseline_workload.sh worker 20260509_041538,/home/analyst/baseline_workload/run_20260509_041538,/var/run/nscd/socket,/var/run/nscd/socket,1000,1000,1000,27791,15400,(none),25,network_connect,benign,
1778300651,51139,4.772536,post_context,20260508_212407_dns_delete_9ci3sG,20260508_212404_scp_nginx_dns_delete_CMzhrV,vandalism/dns_delete,vandalism,scp_then_ssh,connect,no,-2,/usr/bin/ls,ls,,bash ./baseline_workload.sh worker 20260509_041538,/home/analyst/baseline_workload/run_20260509_041538,/var/run/nscd/socket,/var/run/nscd/socket,1000,1000,1000,27791,15400,(none),25,network_connect,benign,
1778300651,51140,4.772536,post_context,20260508_212407_dns_delete_9ci3sG,20260508_212404_scp_nginx_dns_delete_CMzhrV,vandalism/dns_delete,vandalism,scp_then_ssh,connect,no,-2,/usr/bin/ls,ls,,bash ./baseline_workload.sh worker 20260509_041538,/home/analyst/baseline_workload/run_20260509_041538,/var/run/nscd/socket,/var/run/nscd/socket,1000,1000,1000,27791,15400,(none),25,network_connect,benign,
1778300651,51141,4.773535,post_context,20260508_212407_dns_delete_9ci3sG,20260508_212404_scp_nginx_dns_delete_CMzhrV,vandalism/dns_delete,vandalism,scp_then_ssh,connect,no,-2,/usr/bin/ls,ls,,bash ./baseline_workload.sh worker 20260509_041538,/home/analyst/baseline_workload/run_20260509_041538,/var/run/nscd/socket,/var/run/nscd/socket,1000,1000,1000,27791,15400,(none),25,network_connect,benign,
1778300651,51142,4.774536,post_context,20260508_212407_dns_delete_9ci3sG,20260508_212404_scp_nginx_dns_delete_CMzhrV,vandalism/dns_delete,vandalism,scp_then_ssh,execve,yes,0,/usr/bin/sleep,sleep,sleep 2,sleep 2,/home/analyst/baseline_workload/run_20260509_041538,/usr/bin/sleep,/usr/bin/sleep|/lib64/ld-linux-x86-64.so.2,1000,1000,1000,27792,15400,(none),25,exec,benign,
