timestamp,event_id,seconds_from_attack_start,anchor_phase,attack_run_id,attack_chain_id,attack_payload,attack_category,attack_delivery,syscall,success,exit,exe,comm,command,proctitle,cwd,path,paths,uid,euid,auid,pid,ppid,tty,ses,key,manual_label,manual_note
1778300228,14412,-0.586457,pre_context,20260508_211709_authorized_keys_W9jmSO,20260508_211655_dirtyfrag_root_authorized_keys_X5ChW3,persistence_auth/authorized_keys,persistence_auth,root_session,execve,yes,0,/usr/sbin/sshd,sshd,/usr/sbin/sshd -D -R,/usr/sbin/sshd -D -R,/,/usr/sbin/sshd,/usr/sbin/sshd|/lib64/ld-linux-x86-64.so.2,0,0,4294967295,16845,9653,(none),4294967295,exec,benign,
1778300228,14413,-0.583457,pre_context,20260508_211709_authorized_keys_W9jmSO,20260508_211655_dirtyfrag_root_authorized_keys_X5ChW3,persistence_auth/authorized_keys,persistence_auth,root_session,connect,no,-2,/usr/sbin/sshd,sshd,,/usr/sbin/sshd -D -R,/,/var/run/nscd/socket,/var/run/nscd/socket,0,0,4294967295,16845,9653,(none),4294967295,network_connect,benign,
1778300228,14414,-0.583457,pre_context,20260508_211709_authorized_keys_W9jmSO,20260508_211655_dirtyfrag_root_authorized_keys_X5ChW3,persistence_auth/authorized_keys,persistence_auth,root_session,connect,yes,0,/usr/sbin/sshd,sshd,,/usr/sbin/sshd -D -R,,,,0,0,4294967295,16845,9653,(none),4294967295,network_connect,benign,
1778300228,14415,-0.583457,pre_context,20260508_211709_authorized_keys_W9jmSO,20260508_211655_dirtyfrag_root_authorized_keys_X5ChW3,persistence_auth/authorized_keys,persistence_auth,root_session,connect,yes,0,/usr/sbin/sshd,sshd,,/usr/sbin/sshd -D -R,,,,0,0,4294967295,16845,9653,(none),4294967295,network_connect,benign,
1778300228,14416,-0.583457,pre_context,20260508_211709_authorized_keys_W9jmSO,20260508_211655_dirtyfrag_root_authorized_keys_X5ChW3,persistence_auth/authorized_keys,persistence_auth,root_session,connect,yes,0,/usr/sbin/sshd,sshd,,/usr/sbin/sshd -D -R,,,,0,0,4294967295,16845,9653,(none),4294967295,network_connect,benign,
1778300228,14417,-0.583457,pre_context,20260508_211709_authorized_keys_W9jmSO,20260508_211655_dirtyfrag_root_authorized_keys_X5ChW3,persistence_auth/authorized_keys,persistence_auth,root_session,connect,no,-2,/usr/sbin/sshd,sshd,,/usr/sbin/sshd -D -R,/,/var/run/nscd/socket,/var/run/nscd/socket,0,0,4294967295,16845,9653,(none),4294967295,network_connect,benign,
1778300228,14418,-0.582457,pre_context,20260508_211709_authorized_keys_W9jmSO,20260508_211655_dirtyfrag_root_authorized_keys_X5ChW3,persistence_auth/authorized_keys,persistence_auth,root_session,connect,no,-2,/usr/sbin/sshd,sshd,,/usr/sbin/sshd -D -R,/,/var/run/nscd/socket,/var/run/nscd/socket,0,0,4294967295,16845,9653,(none),4294967295,network_connect,benign,
1778300228,14419,-0.580457,pre_context,20260508_211709_authorized_keys_W9jmSO,20260508_211655_dirtyfrag_root_authorized_keys_X5ChW3,persistence_auth/authorized_keys,persistence_auth,root_session,setresgid,yes,0,/usr/sbin/sshd,sshd,,sshd: [accepted],,,,0,0,4294967295,16846,16845,(none),4294967295,privilege_transition,benign,
1778300228,14420,-0.580457,pre_context,20260508_211709_authorized_keys_W9jmSO,20260508_211655_dirtyfrag_root_authorized_keys_X5ChW3,persistence_auth/authorized_keys,persistence_auth,root_session,setresuid,yes,0,/usr/sbin/sshd,sshd,,sshd: [accepted],,,,109,109,4294967295,16846,16845,(none),4294967295,privilege_transition,benign,
1778300228,14421,-0.580457,pre_context,20260508_211709_authorized_keys_W9jmSO,20260508_211655_dirtyfrag_root_authorized_keys_X5ChW3,persistence_auth/authorized_keys,persistence_auth,root_session,setgid,no,-1,/usr/sbin/sshd,sshd,,sshd: [accepted],,,,109,109,4294967295,16846,16845,(none),4294967295,privilege_transition,benign,
1778300228,14422,-0.580457,pre_context,20260508_211709_authorized_keys_W9jmSO,20260508_211655_dirtyfrag_root_authorized_keys_X5ChW3,persistence_auth/authorized_keys,persistence_auth,root_session,setresgid,no,-1,/usr/sbin/sshd,sshd,,sshd: [accepted],,,,109,109,4294967295,16846,16845,(none),4294967295,privilege_transition,benign,
1778300228,14423,-0.580457,pre_context,20260508_211709_authorized_keys_W9jmSO,20260508_211655_dirtyfrag_root_authorized_keys_X5ChW3,persistence_auth/authorized_keys,persistence_auth,root_session,setuid,no,-1,/usr/sbin/sshd,sshd,,sshd: [accepted],,,,109,109,4294967295,16846,16845,(none),4294967295,privilege_transition,benign,
1778300228,14424,-0.580457,pre_context,20260508_211709_authorized_keys_W9jmSO,20260508_211655_dirtyfrag_root_authorized_keys_X5ChW3,persistence_auth/authorized_keys,persistence_auth,root_session,setresuid,no,-1,/usr/sbin/sshd,sshd,,sshd: [accepted],,,,109,109,4294967295,16846,16845,(none),4294967295,privilege_transition,benign,
1778300228,14425,-0.544457,pre_context,20260508_211709_authorized_keys_W9jmSO,20260508_211655_dirtyfrag_root_authorized_keys_X5ChW3,persistence_auth/authorized_keys,persistence_auth,root_session,execve,yes,0,/usr/bin/mkdir,mkdir,mkdir -p projects/project_2/src projects/project_2/data projects/project_2/notes projects/project_2/reports projects/project_2/config docs scripts downloads temp archive logs,mkdir -p projects/project_2/src projects/project_2/data projects/project_2/notes projects/project_2/reports projects/project_2/c,/home/analyst/baseline_workload/run_20260509_041538,/usr/bin/mkdir,/usr/bin/mkdir|/lib64/ld-linux-x86-64.so.2,1000,1000,1000,16847,15400,(none),25,exec,benign,
1778300228,14426,-0.543457,pre_context,20260508_211709_authorized_keys_W9jmSO,20260508_211655_dirtyfrag_root_authorized_keys_X5ChW3,persistence_auth/authorized_keys,persistence_auth,root_session,mkdir,no,-17,/usr/bin/mkdir,mkdir,,mkdir -p projects/project_2/src projects/project_2/data projects/project_2/notes projects/project_2/reports projects/project_2/c,/home/analyst/baseline_workload/run_20260509_041538,/home/analyst/baseline_workload/run_20260509_041538,/home/analyst/baseline_workload/run_20260509_041538,1000,1000,1000,16847,15400,(none),25,home_activity,benign,
1778300228,14427,-0.543457,pre_context,20260508_211709_authorized_keys_W9jmSO,20260508_211655_dirtyfrag_root_authorized_keys_X5ChW3,persistence_auth/authorized_keys,persistence_auth,root_session,mkdir,no,-17,/usr/bin/mkdir,mkdir,,mkdir -p projects/project_2/src projects/project_2/data projects/project_2/notes projects/project_2/reports projects/project_2/c,/home/analyst/baseline_workload/run_20260509_041538/projects,/home/analyst/baseline_workload/run_20260509_041538/projects,/home/analyst/baseline_workload/run_20260509_041538/projects,1000,1000,1000,16847,15400,(none),25,home_activity,benign,
1778300228,14428,-0.543457,pre_context,20260508_211709_authorized_keys_W9jmSO,20260508_211655_dirtyfrag_root_authorized_keys_X5ChW3,persistence_auth/authorized_keys,persistence_auth,root_session,mkdir,no,-17,/usr/bin/mkdir,mkdir,,mkdir -p projects/project_2/src projects/project_2/data projects/project_2/notes projects/project_2/reports projects/project_2/c,/home/analyst/baseline_workload/run_20260509_041538/projects/project_2,/home/analyst/baseline_workload/run_20260509_041538/projects/project_2,/home/analyst/baseline_workload/run_20260509_041538/projects/project_2,1000,1000,1000,16847,15400,(none),25,home_activity,benign,
1778300228,14429,-0.543457,pre_context,20260508_211709_authorized_keys_W9jmSO,20260508_211655_dirtyfrag_root_authorized_keys_X5ChW3,persistence_auth/authorized_keys,persistence_auth,root_session,mkdir,no,-17,/usr/bin/mkdir,mkdir,,mkdir -p projects/project_2/src projects/project_2/data projects/project_2/notes projects/project_2/reports projects/project_2/c,/home/analyst/baseline_workload/run_20260509_041538,/home/analyst/baseline_workload/run_20260509_041538,/home/analyst/baseline_workload/run_20260509_041538,1000,1000,1000,16847,15400,(none),25,home_activity,benign,
1778300228,14430,-0.543457,pre_context,20260508_211709_authorized_keys_W9jmSO,20260508_211655_dirtyfrag_root_authorized_keys_X5ChW3,persistence_auth/authorized_keys,persistence_auth,root_session,mkdir,no,-17,/usr/bin/mkdir,mkdir,,mkdir -p projects/project_2/src projects/project_2/data projects/project_2/notes projects/project_2/reports projects/project_2/c,/home/analyst/baseline_workload/run_20260509_041538/projects,/home/analyst/baseline_workload/run_20260509_041538/projects,/home/analyst/baseline_workload/run_20260509_041538/projects,1000,1000,1000,16847,15400,(none),25,home_activity,benign,
1778300228,14431,-0.543457,pre_context,20260508_211709_authorized_keys_W9jmSO,20260508_211655_dirtyfrag_root_authorized_keys_X5ChW3,persistence_auth/authorized_keys,persistence_auth,root_session,mkdir,no,-17,/usr/bin/mkdir,mkdir,,mkdir -p projects/project_2/src projects/project_2/data projects/project_2/notes projects/project_2/reports projects/project_2/c,/home/analyst/baseline_workload/run_20260509_041538/projects/project_2,/home/analyst/baseline_workload/run_20260509_041538/projects/project_2,/home/analyst/baseline_workload/run_20260509_041538/projects/project_2,1000,1000,1000,16847,15400,(none),25,home_activity,benign,
1778300228,14432,-0.543457,pre_context,20260508_211709_authorized_keys_W9jmSO,20260508_211655_dirtyfrag_root_authorized_keys_X5ChW3,persistence_auth/authorized_keys,persistence_auth,root_session,mkdir,no,-17,/usr/bin/mkdir,mkdir,,mkdir -p projects/project_2/src projects/project_2/data projects/project_2/notes projects/project_2/reports projects/project_2/c,/home/analyst/baseline_workload/run_20260509_041538,/home/analyst/baseline_workload/run_20260509_041538,/home/analyst/baseline_workload/run_20260509_041538,1000,1000,1000,16847,15400,(none),25,home_activity,benign,
1778300228,14433,-0.543457,pre_context,20260508_211709_authorized_keys_W9jmSO,20260508_211655_dirtyfrag_root_authorized_keys_X5ChW3,persistence_auth/authorized_keys,persistence_auth,root_session,mkdir,no,-17,/usr/bin/mkdir,mkdir,,mkdir -p projects/project_2/src projects/project_2/data projects/project_2/notes projects/project_2/reports projects/project_2/c,/home/analyst/baseline_workload/run_20260509_041538/projects,/home/analyst/baseline_workload/run_20260509_041538/projects,/home/analyst/baseline_workload/run_20260509_041538/projects,1000,1000,1000,16847,15400,(none),25,home_activity,benign,
1778300228,14434,-0.543457,pre_context,20260508_211709_authorized_keys_W9jmSO,20260508_211655_dirtyfrag_root_authorized_keys_X5ChW3,persistence_auth/authorized_keys,persistence_auth,root_session,mkdir,no,-17,/usr/bin/mkdir,mkdir,,mkdir -p projects/project_2/src projects/project_2/data projects/project_2/notes projects/project_2/reports projects/project_2/c,/home/analyst/baseline_workload/run_20260509_041538/projects/project_2,/home/analyst/baseline_workload/run_20260509_041538/projects/project_2,/home/analyst/baseline_workload/run_20260509_041538/projects/project_2,1000,1000,1000,16847,15400,(none),25,home_activity,benign,
1778300228,14435,-0.543457,pre_context,20260508_211709_authorized_keys_W9jmSO,20260508_211655_dirtyfrag_root_authorized_keys_X5ChW3,persistence_auth/authorized_keys,persistence_auth,root_session,mkdir,no,-17,/usr/bin/mkdir,mkdir,,mkdir -p projects/project_2/src projects/project_2/data projects/project_2/notes projects/project_2/reports projects/project_2/c,/home/analyst/baseline_workload/run_20260509_041538,/home/analyst/baseline_workload/run_20260509_041538,/home/analyst/baseline_workload/run_20260509_041538,1000,1000,1000,16847,15400,(none),25,home_activity,benign,
1778300228,14436,-0.543457,pre_context,20260508_211709_authorized_keys_W9jmSO,20260508_211655_dirtyfrag_root_authorized_keys_X5ChW3,persistence_auth/authorized_keys,persistence_auth,root_session,mkdir,no,-17,/usr/bin/mkdir,mkdir,,mkdir -p projects/project_2/src projects/project_2/data projects/project_2/notes projects/project_2/reports projects/project_2/c,/home/analyst/baseline_workload/run_20260509_041538/projects,/home/analyst/baseline_workload/run_20260509_041538/projects,/home/analyst/baseline_workload/run_20260509_041538/projects,1000,1000,1000,16847,15400,(none),25,home_activity,benign,
1778300228,14437,-0.543457,pre_context,20260508_211709_authorized_keys_W9jmSO,20260508_211655_dirtyfrag_root_authorized_keys_X5ChW3,persistence_auth/authorized_keys,persistence_auth,root_session,mkdir,no,-17,/usr/bin/mkdir,mkdir,,mkdir -p projects/project_2/src projects/project_2/data projects/project_2/notes projects/project_2/reports projects/project_2/c,/home/analyst/baseline_workload/run_20260509_041538/projects/project_2,/home/analyst/baseline_workload/run_20260509_041538/projects/project_2,/home/analyst/baseline_workload/run_20260509_041538/projects/project_2,1000,1000,1000,16847,15400,(none),25,home_activity,benign,
1778300228,14438,-0.543457,pre_context,20260508_211709_authorized_keys_W9jmSO,20260508_211655_dirtyfrag_root_authorized_keys_X5ChW3,persistence_auth/authorized_keys,persistence_auth,root_session,mkdir,no,-17,/usr/bin/mkdir,mkdir,,mkdir -p projects/project_2/src projects/project_2/data projects/project_2/notes projects/project_2/reports projects/project_2/c,/home/analyst/baseline_workload/run_20260509_041538,/home/analyst/baseline_workload/run_20260509_041538,/home/analyst/baseline_workload/run_20260509_041538,1000,1000,1000,16847,15400,(none),25,home_activity,benign,
1778300228,14439,-0.543457,pre_context,20260508_211709_authorized_keys_W9jmSO,20260508_211655_dirtyfrag_root_authorized_keys_X5ChW3,persistence_auth/authorized_keys,persistence_auth,root_session,mkdir,no,-17,/usr/bin/mkdir,mkdir,,mkdir -p projects/project_2/src projects/project_2/data projects/project_2/notes projects/project_2/reports projects/project_2/c,/home/analyst/baseline_workload/run_20260509_041538/projects,/home/analyst/baseline_workload/run_20260509_041538/projects,/home/analyst/baseline_workload/run_20260509_041538/projects,1000,1000,1000,16847,15400,(none),25,home_activity,benign,
1778300228,14440,-0.541457,pre_context,20260508_211709_authorized_keys_W9jmSO,20260508_211655_dirtyfrag_root_authorized_keys_X5ChW3,persistence_auth/authorized_keys,persistence_auth,root_session,mkdir,no,-17,/usr/bin/mkdir,mkdir,,mkdir -p projects/project_2/src projects/project_2/data projects/project_2/notes projects/project_2/reports projects/project_2/c,/home/analyst/baseline_workload/run_20260509_041538/projects/project_2,/home/analyst/baseline_workload/run_20260509_041538/projects/project_2,/home/analyst/baseline_workload/run_20260509_041538/projects/project_2,1000,1000,1000,16847,15400,(none),25,home_activity,benign,
1778300228,14441,-0.541457,pre_context,20260508_211709_authorized_keys_W9jmSO,20260508_211655_dirtyfrag_root_authorized_keys_X5ChW3,persistence_auth/authorized_keys,persistence_auth,root_session,mkdir,no,-17,/usr/bin/mkdir,mkdir,,mkdir -p projects/project_2/src projects/project_2/data projects/project_2/notes projects/project_2/reports projects/project_2/c,/home/analyst/baseline_workload/run_20260509_041538,/home/analyst/baseline_workload/run_20260509_041538,/home/analyst/baseline_workload/run_20260509_041538,1000,1000,1000,16847,15400,(none),25,home_activity,benign,
1778300228,14442,-0.541457,pre_context,20260508_211709_authorized_keys_W9jmSO,20260508_211655_dirtyfrag_root_authorized_keys_X5ChW3,persistence_auth/authorized_keys,persistence_auth,root_session,mkdir,no,-17,/usr/bin/mkdir,mkdir,,mkdir -p projects/project_2/src projects/project_2/data projects/project_2/notes projects/project_2/reports projects/project_2/c,/home/analyst/baseline_workload/run_20260509_041538,/home/analyst/baseline_workload/run_20260509_041538,/home/analyst/baseline_workload/run_20260509_041538,1000,1000,1000,16847,15400,(none),25,home_activity,benign,
1778300228,14443,-0.541457,pre_context,20260508_211709_authorized_keys_W9jmSO,20260508_211655_dirtyfrag_root_authorized_keys_X5ChW3,persistence_auth/authorized_keys,persistence_auth,root_session,mkdir,no,-17,/usr/bin/mkdir,mkdir,,mkdir -p projects/project_2/src projects/project_2/data projects/project_2/notes projects/project_2/reports projects/project_2/c,/home/analyst/baseline_workload/run_20260509_041538,/home/analyst/baseline_workload/run_20260509_041538,/home/analyst/baseline_workload/run_20260509_041538,1000,1000,1000,16847,15400,(none),25,home_activity,benign,
1778300228,14444,-0.541457,pre_context,20260508_211709_authorized_keys_W9jmSO,20260508_211655_dirtyfrag_root_authorized_keys_X5ChW3,persistence_auth/authorized_keys,persistence_auth,root_session,mkdir,no,-17,/usr/bin/mkdir,mkdir,,mkdir -p projects/project_2/src projects/project_2/data projects/project_2/notes projects/project_2/reports projects/project_2/c,/home/analyst/baseline_workload/run_20260509_041538,/home/analyst/baseline_workload/run_20260509_041538,/home/analyst/baseline_workload/run_20260509_041538,1000,1000,1000,16847,15400,(none),25,home_activity,benign,
1778300228,14445,-0.541457,pre_context,20260508_211709_authorized_keys_W9jmSO,20260508_211655_dirtyfrag_root_authorized_keys_X5ChW3,persistence_auth/authorized_keys,persistence_auth,root_session,mkdir,no,-17,/usr/bin/mkdir,mkdir,,mkdir -p projects/project_2/src projects/project_2/data projects/project_2/notes projects/project_2/reports projects/project_2/c,/home/analyst/baseline_workload/run_20260509_041538,/home/analyst/baseline_workload/run_20260509_041538,/home/analyst/baseline_workload/run_20260509_041538,1000,1000,1000,16847,15400,(none),25,home_activity,benign,
1778300228,14446,-0.541457,pre_context,20260508_211709_authorized_keys_W9jmSO,20260508_211655_dirtyfrag_root_authorized_keys_X5ChW3,persistence_auth/authorized_keys,persistence_auth,root_session,mkdir,no,-17,/usr/bin/mkdir,mkdir,,mkdir -p projects/project_2/src projects/project_2/data projects/project_2/notes projects/project_2/reports projects/project_2/c,/home/analyst/baseline_workload/run_20260509_041538,/home/analyst/baseline_workload/run_20260509_041538,/home/analyst/baseline_workload/run_20260509_041538,1000,1000,1000,16847,15400,(none),25,home_activity,benign,
1778300228,14447,-0.541457,pre_context,20260508_211709_authorized_keys_W9jmSO,20260508_211655_dirtyfrag_root_authorized_keys_X5ChW3,persistence_auth/authorized_keys,persistence_auth,root_session,execve,yes,0,/usr/bin/mkdir,mkdir,mkdir -p /home/analyst/Documents/aegis_baseline /home/analyst/Downloads/aegis_baseline,mkdir -p /home/analyst/Documents/aegis_baseline /home/analyst/Downloads/aegis_baseline,/home/analyst/baseline_workload/run_20260509_041538,/usr/bin/mkdir,/usr/bin/mkdir|/lib64/ld-linux-x86-64.so.2,1000,1000,1000,16848,15400,(none),25,exec,benign,
1778300228,14448,-0.540457,pre_context,20260508_211709_authorized_keys_W9jmSO,20260508_211655_dirtyfrag_root_authorized_keys_X5ChW3,persistence_auth/authorized_keys,persistence_auth,root_session,mkdir,no,-17,/usr/bin/mkdir,mkdir,,mkdir -p /home/analyst/Documents/aegis_baseline /home/analyst/Downloads/aegis_baseline,/home,/home,/home,1000,1000,1000,16848,15400,(none),25,home_activity,benign,
1778300228,14449,-0.540457,pre_context,20260508_211709_authorized_keys_W9jmSO,20260508_211655_dirtyfrag_root_authorized_keys_X5ChW3,persistence_auth/authorized_keys,persistence_auth,root_session,mkdir,no,-17,/usr/bin/mkdir,mkdir,,mkdir -p /home/analyst/Documents/aegis_baseline /home/analyst/Downloads/aegis_baseline,/home/analyst,/home/analyst,/home/analyst,1000,1000,1000,16848,15400,(none),25,home_activity,benign,
1778300228,14450,-0.540457,pre_context,20260508_211709_authorized_keys_W9jmSO,20260508_211655_dirtyfrag_root_authorized_keys_X5ChW3,persistence_auth/authorized_keys,persistence_auth,root_session,mkdir,no,-17,/usr/bin/mkdir,mkdir,,mkdir -p /home/analyst/Documents/aegis_baseline /home/analyst/Downloads/aegis_baseline,/home/analyst/Documents,/home/analyst/Documents,/home/analyst/Documents,1000,1000,1000,16848,15400,(none),25,home_activity,benign,
1778300228,14451,-0.540457,pre_context,20260508_211709_authorized_keys_W9jmSO,20260508_211655_dirtyfrag_root_authorized_keys_X5ChW3,persistence_auth/authorized_keys,persistence_auth,root_session,mkdir,no,-17,/usr/bin/mkdir,mkdir,,mkdir -p /home/analyst/Documents/aegis_baseline /home/analyst/Downloads/aegis_baseline,/home,/home,/home,1000,1000,1000,16848,15400,(none),25,home_activity,benign,
1778300228,14452,-0.540457,pre_context,20260508_211709_authorized_keys_W9jmSO,20260508_211655_dirtyfrag_root_authorized_keys_X5ChW3,persistence_auth/authorized_keys,persistence_auth,root_session,mkdir,no,-17,/usr/bin/mkdir,mkdir,,mkdir -p /home/analyst/Documents/aegis_baseline /home/analyst/Downloads/aegis_baseline,/home/analyst,/home/analyst,/home/analyst,1000,1000,1000,16848,15400,(none),25,home_activity,benign,
1778300228,14453,-0.540457,pre_context,20260508_211709_authorized_keys_W9jmSO,20260508_211655_dirtyfrag_root_authorized_keys_X5ChW3,persistence_auth/authorized_keys,persistence_auth,root_session,mkdir,no,-17,/usr/bin/mkdir,mkdir,,mkdir -p /home/analyst/Documents/aegis_baseline /home/analyst/Downloads/aegis_baseline,/home/analyst/Downloads,/home/analyst/Downloads,/home/analyst/Downloads,1000,1000,1000,16848,15400,(none),25,home_activity,benign,
1778300228,14454,-0.539457,pre_context,20260508_211709_authorized_keys_W9jmSO,20260508_211655_dirtyfrag_root_authorized_keys_X5ChW3,persistence_auth/authorized_keys,persistence_auth,root_session,execve,yes,0,/usr/bin/mkdir,mkdir,mkdir -p projects/project_2/repo_8517,mkdir -p projects/project_2/repo_8517,/home/analyst/baseline_workload/run_20260509_041538,/usr/bin/mkdir,/usr/bin/mkdir|/lib64/ld-linux-x86-64.so.2,1000,1000,1000,16849,15400,(none),25,exec,benign,
1778300228,14455,-0.538457,pre_context,20260508_211709_authorized_keys_W9jmSO,20260508_211655_dirtyfrag_root_authorized_keys_X5ChW3,persistence_auth/authorized_keys,persistence_auth,root_session,mkdir,no,-17,/usr/bin/mkdir,mkdir,,mkdir -p projects/project_2/repo_8517,/home/analyst/baseline_workload/run_20260509_041538,/home/analyst/baseline_workload/run_20260509_041538,/home/analyst/baseline_workload/run_20260509_041538,1000,1000,1000,16849,15400,(none),25,home_activity,benign,
1778300228,14456,-0.538457,pre_context,20260508_211709_authorized_keys_W9jmSO,20260508_211655_dirtyfrag_root_authorized_keys_X5ChW3,persistence_auth/authorized_keys,persistence_auth,root_session,mkdir,no,-17,/usr/bin/mkdir,mkdir,,mkdir -p projects/project_2/repo_8517,/home/analyst/baseline_workload/run_20260509_041538/projects,/home/analyst/baseline_workload/run_20260509_041538/projects,/home/analyst/baseline_workload/run_20260509_041538/projects,1000,1000,1000,16849,15400,(none),25,home_activity,benign,
1778300228,14457,-0.538457,pre_context,20260508_211709_authorized_keys_W9jmSO,20260508_211655_dirtyfrag_root_authorized_keys_X5ChW3,persistence_auth/authorized_keys,persistence_auth,root_session,mkdir,yes,0,/usr/bin/mkdir,mkdir,,mkdir -p projects/project_2/repo_8517,/home/analyst/baseline_workload/run_20260509_041538/projects/project_2,/home/analyst/baseline_workload/run_20260509_041538/projects/project_2,/home/analyst/baseline_workload/run_20260509_041538/projects/project_2|repo_8517,1000,1000,1000,16849,15400,(none),25,home_activity,benign,
1778300228,14458,-0.537457,pre_context,20260508_211709_authorized_keys_W9jmSO,20260508_211655_dirtyfrag_root_authorized_keys_X5ChW3,persistence_auth/authorized_keys,persistence_auth,root_session,openat,yes,3,/usr/bin/bash,bash,,bash ./baseline_workload.sh worker 20260509_041538,/home/analyst/baseline_workload/run_20260509_041538,logs/,logs/|logs/git_init_2.log,1000,1000,1000,16850,15400,(none),25,home_activity,benign,
1778300228,14459,-0.537457,pre_context,20260508_211709_authorized_keys_W9jmSO,20260508_211655_dirtyfrag_root_authorized_keys_X5ChW3,persistence_auth/authorized_keys,persistence_auth,root_session,execve,yes,0,/usr/bin/git,git,git init projects/project_2/repo_8517,bash ./baseline_workload.sh worker 20260509_041538,/home/analyst/baseline_workload/run_20260509_041538,/usr/bin/git,/usr/bin/git|/lib64/ld-linux-x86-64.so.2,1000,1000,1000,16850,15400,(none),25,download_tool,benign,
1778300228,14460,-0.531457,pre_context,20260508_211709_authorized_keys_W9jmSO,20260508_211655_dirtyfrag_root_authorized_keys_X5ChW3,persistence_auth/authorized_keys,persistence_auth,root_session,mkdir,yes,0,/usr/bin/git,git,,bash ./baseline_workload.sh worker 20260509_041538,/home/analyst/baseline_workload/run_20260509_041538/projects/project_2/repo_8517,/home/analyst/baseline_workload/run_20260509_041538/projects/project_2/repo_8517/,/home/analyst/baseline_workload/run_20260509_041538/projects/project_2/repo_8517/|/home/analyst/baseline_workload/run_20260509_041538/projects/project_2/repo_8517/.git,1000,1000,1000,16850,15400,(none),25,home_activity,benign,
1778300228,14461,-0.530457,pre_context,20260508_211709_authorized_keys_W9jmSO,20260508_211655_dirtyfrag_root_authorized_keys_X5ChW3,persistence_auth/authorized_keys,persistence_auth,root_session,mkdir,no,-17,/usr/bin/git,git,,bash ./baseline_workload.sh worker 20260509_041538,/home/analyst/baseline_workload/run_20260509_041538/projects/project_2/repo_8517,/home/analyst/baseline_workload/run_20260509_041538/projects/project_2/repo_8517/,/home/analyst/baseline_workload/run_20260509_041538/projects/project_2/repo_8517/,1000,1000,1000,16850,15400,(none),25,home_activity,benign,
1778300228,14462,-0.530457,pre_context,20260508_211709_authorized_keys_W9jmSO,20260508_211655_dirtyfrag_root_authorized_keys_X5ChW3,persistence_auth/authorized_keys,persistence_auth,root_session,openat,yes,5,/usr/bin/git,git,,bash ./baseline_workload.sh worker 20260509_041538,/home/analyst/baseline_workload/run_20260509_041538/projects/project_2/repo_8517,/home/analyst/baseline_workload/run_20260509_041538/projects/project_2/repo_8517/.git/,/home/analyst/baseline_workload/run_20260509_041538/projects/project_2/repo_8517/.git/|/home/analyst/baseline_workload/run_20260509_041538/projects/project_2/repo_8517/.git/description,1000,1000,1000,16850,15400,(none),25,home_activity,benign,
1778300228,14463,-0.530457,pre_context,20260508_211709_authorized_keys_W9jmSO,20260508_211655_dirtyfrag_root_authorized_keys_X5ChW3,persistence_auth/authorized_keys,persistence_auth,root_session,mkdir,yes,0,/usr/bin/git,git,,bash ./baseline_workload.sh worker 20260509_041538,/home/analyst/baseline_workload/run_20260509_041538/projects/project_2/repo_8517,/home/analyst/baseline_workload/run_20260509_041538/projects/project_2/repo_8517/.git/,/home/analyst/baseline_workload/run_20260509_041538/projects/project_2/repo_8517/.git/|(null),1000,1000,1000,16850,15400,(none),25,home_activity,benign,
1778300228,14464,-0.529457,pre_context,20260508_211709_authorized_keys_W9jmSO,20260508_211655_dirtyfrag_root_authorized_keys_X5ChW3,persistence_auth/authorized_keys,persistence_auth,root_session,openat,yes,6,/usr/bin/git,git,,bash ./baseline_workload.sh worker 20260509_041538,/home/analyst/baseline_workload/run_20260509_041538/projects/project_2/repo_8517,/home/analyst/baseline_workload/run_20260509_041538/projects/project_2/repo_8517/.git/info/,/home/analyst/baseline_workload/run_20260509_041538/projects/project_2/repo_8517/.git/info/|/home/analyst/baseline_workload/run_20260509_041538/projects/project_2/repo_8517/.git/info/exclude,1000,1000,1000,16850,15400,(none),25,home_activity,benign,
1778300228,14465,-0.529457,pre_context,20260508_211709_authorized_keys_W9jmSO,20260508_211655_dirtyfrag_root_authorized_keys_X5ChW3,persistence_auth/authorized_keys,persistence_auth,root_session,mkdir,yes,0,/usr/bin/git,git,,bash ./baseline_workload.sh worker 20260509_041538,/home/analyst/baseline_workload/run_20260509_041538/projects/project_2/repo_8517,/home/analyst/baseline_workload/run_20260509_041538/projects/project_2/repo_8517/.git/,/home/analyst/baseline_workload/run_20260509_041538/projects/project_2/repo_8517/.git/|(null),1000,1000,1000,16850,15400,(none),25,home_activity,benign,
1778300228,14466,-0.529457,pre_context,20260508_211709_authorized_keys_W9jmSO,20260508_211655_dirtyfrag_root_authorized_keys_X5ChW3,persistence_auth/authorized_keys,persistence_auth,root_session,mkdir,yes,0,/usr/bin/git,git,,bash ./baseline_workload.sh worker 20260509_041538,/home/analyst/baseline_workload/run_20260509_041538/projects/project_2/repo_8517,/home/analyst/baseline_workload/run_20260509_041538/projects/project_2/repo_8517/.git/,/home/analyst/baseline_workload/run_20260509_041538/projects/project_2/repo_8517/.git/|(null),1000,1000,1000,16850,15400,(none),25,home_activity,benign,
1778300228,14467,-0.529457,pre_context,20260508_211709_authorized_keys_W9jmSO,20260508_211655_dirtyfrag_root_authorized_keys_X5ChW3,persistence_auth/authorized_keys,persistence_auth,root_session,openat,yes,6,/usr/bin/git,git,,bash ./baseline_workload.sh worker 20260509_041538,/home/analyst/baseline_workload/run_20260509_041538/projects/project_2/repo_8517,/home/analyst/baseline_workload/run_20260509_041538/projects/project_2/repo_8517/.git/hooks/,/home/analyst/baseline_workload/run_20260509_041538/projects/project_2/repo_8517/.git/hooks/|/home/analyst/baseline_workload/run_20260509_041538/projects/project_2/repo_8517/.git/hooks/commit-msg.sample,1000,1000,1000,16850,15400,(none),25,home_activity,benign,
1778300228,14468,-0.529457,pre_context,20260508_211709_authorized_keys_W9jmSO,20260508_211655_dirtyfrag_root_authorized_keys_X5ChW3,persistence_auth/authorized_keys,persistence_auth,root_session,openat,yes,6,/usr/bin/git,git,,bash ./baseline_workload.sh worker 20260509_041538,/home/analyst/baseline_workload/run_20260509_041538/projects/project_2/repo_8517,/home/analyst/baseline_workload/run_20260509_041538/projects/project_2/repo_8517/.git/hooks/,/home/analyst/baseline_workload/run_20260509_041538/projects/project_2/repo_8517/.git/hooks/|/home/analyst/baseline_workload/run_20260509_041538/projects/project_2/repo_8517/.git/hooks/fsmonitor-watchman.sample,1000,1000,1000,16850,15400,(none),25,home_activity,benign,
1778300228,14469,-0.529457,pre_context,20260508_211709_authorized_keys_W9jmSO,20260508_211655_dirtyfrag_root_authorized_keys_X5ChW3,persistence_auth/authorized_keys,persistence_auth,root_session,openat,yes,6,/usr/bin/git,git,,bash ./baseline_workload.sh worker 20260509_041538,/home/analyst/baseline_workload/run_20260509_041538/projects/project_2/repo_8517,/home/analyst/baseline_workload/run_20260509_041538/projects/project_2/repo_8517/.git/hooks/,/home/analyst/baseline_workload/run_20260509_041538/projects/project_2/repo_8517/.git/hooks/|/home/analyst/baseline_workload/run_20260509_041538/projects/project_2/repo_8517/.git/hooks/prepare-commit-msg.sample,1000,1000,1000,16850,15400,(none),25,home_activity,benign,
1778300228,14470,-0.528457,pre_context,20260508_211709_authorized_keys_W9jmSO,20260508_211655_dirtyfrag_root_authorized_keys_X5ChW3,persistence_auth/authorized_keys,persistence_auth,root_session,openat,yes,6,/usr/bin/git,git,,bash ./baseline_workload.sh worker 20260509_041538,/home/analyst/baseline_workload/run_20260509_041538/projects/project_2/repo_8517,/home/analyst/baseline_workload/run_20260509_041538/projects/project_2/repo_8517/.git/hooks/,/home/analyst/baseline_workload/run_20260509_041538/projects/project_2/repo_8517/.git/hooks/|/home/analyst/baseline_workload/run_20260509_041538/projects/project_2/repo_8517/.git/hooks/pre-commit.sample,1000,1000,1000,16850,15400,(none),25,home_activity,benign,
1778300228,14471,-0.528457,pre_context,20260508_211709_authorized_keys_W9jmSO,20260508_211655_dirtyfrag_root_authorized_keys_X5ChW3,persistence_auth/authorized_keys,persistence_auth,root_session,openat,yes,6,/usr/bin/git,git,,bash ./baseline_workload.sh worker 20260509_041538,/home/analyst/baseline_workload/run_20260509_041538/projects/project_2/repo_8517,/home/analyst/baseline_workload/run_20260509_041538/projects/project_2/repo_8517/.git/hooks/,/home/analyst/baseline_workload/run_20260509_041538/projects/project_2/repo_8517/.git/hooks/|/home/analyst/baseline_workload/run_20260509_041538/projects/project_2/repo_8517/.git/hooks/post-update.sample,1000,1000,1000,16850,15400,(none),25,home_activity,benign,
1778300228,14472,-0.528457,pre_context,20260508_211709_authorized_keys_W9jmSO,20260508_211655_dirtyfrag_root_authorized_keys_X5ChW3,persistence_auth/authorized_keys,persistence_auth,root_session,openat,yes,6,/usr/bin/git,git,,bash ./baseline_workload.sh worker 20260509_041538,/home/analyst/baseline_workload/run_20260509_041538/projects/project_2/repo_8517,/home/analyst/baseline_workload/run_20260509_041538/projects/project_2/repo_8517/.git/hooks/,/home/analyst/baseline_workload/run_20260509_041538/projects/project_2/repo_8517/.git/hooks/|/home/analyst/baseline_workload/run_20260509_041538/projects/project_2/repo_8517/.git/hooks/update.sample,1000,1000,1000,16850,15400,(none),25,home_activity,benign,
1778300228,14473,-0.528457,pre_context,20260508_211709_authorized_keys_W9jmSO,20260508_211655_dirtyfrag_root_authorized_keys_X5ChW3,persistence_auth/authorized_keys,persistence_auth,root_session,openat,yes,6,/usr/bin/git,git,,bash ./baseline_workload.sh worker 20260509_041538,/home/analyst/baseline_workload/run_20260509_041538/projects/project_2/repo_8517,/home/analyst/baseline_workload/run_20260509_041538/projects/project_2/repo_8517/.git/hooks/,/home/analyst/baseline_workload/run_20260509_041538/projects/project_2/repo_8517/.git/hooks/|/home/analyst/baseline_workload/run_20260509_041538/projects/project_2/repo_8517/.git/hooks/pre-receive.sample,1000,1000,1000,16850,15400,(none),25,home_activity,benign,
1778300228,14474,-0.527457,pre_context,20260508_211709_authorized_keys_W9jmSO,20260508_211655_dirtyfrag_root_authorized_keys_X5ChW3,persistence_auth/authorized_keys,persistence_auth,root_session,openat,yes,6,/usr/bin/git,git,,bash ./baseline_workload.sh worker 20260509_041538,/home/analyst/baseline_workload/run_20260509_041538/projects/project_2/repo_8517,/home/analyst/baseline_workload/run_20260509_041538/projects/project_2/repo_8517/.git/hooks/,/home/analyst/baseline_workload/run_20260509_041538/projects/project_2/repo_8517/.git/hooks/|/home/analyst/baseline_workload/run_20260509_041538/projects/project_2/repo_8517/.git/hooks/applypatch-msg.sample,1000,1000,1000,16850,15400,(none),25,home_activity,benign,
1778300228,14475,-0.527457,pre_context,20260508_211709_authorized_keys_W9jmSO,20260508_211655_dirtyfrag_root_authorized_keys_X5ChW3,persistence_auth/authorized_keys,persistence_auth,root_session,openat,yes,6,/usr/bin/git,git,,bash ./baseline_workload.sh worker 20260509_041538,/home/analyst/baseline_workload/run_20260509_041538/projects/project_2/repo_8517,/home/analyst/baseline_workload/run_20260509_041538/projects/project_2/repo_8517/.git/hooks/,/home/analyst/baseline_workload/run_20260509_041538/projects/project_2/repo_8517/.git/hooks/|/home/analyst/baseline_workload/run_20260509_041538/projects/project_2/repo_8517/.git/hooks/pre-applypatch.sample,1000,1000,1000,16850,15400,(none),25,home_activity,benign,
1778300228,14476,-0.527457,pre_context,20260508_211709_authorized_keys_W9jmSO,20260508_211655_dirtyfrag_root_authorized_keys_X5ChW3,persistence_auth/authorized_keys,persistence_auth,root_session,openat,yes,6,/usr/bin/git,git,,bash ./baseline_workload.sh worker 20260509_041538,/home/analyst/baseline_workload/run_20260509_041538/projects/project_2/repo_8517,/home/analyst/baseline_workload/run_20260509_041538/projects/project_2/repo_8517/.git/hooks/,/home/analyst/baseline_workload/run_20260509_041538/projects/project_2/repo_8517/.git/hooks/|/home/analyst/baseline_workload/run_20260509_041538/projects/project_2/repo_8517/.git/hooks/pre-merge-commit.sample,1000,1000,1000,16850,15400,(none),25,home_activity,benign,
1778300228,14477,-0.527457,pre_context,20260508_211709_authorized_keys_W9jmSO,20260508_211655_dirtyfrag_root_authorized_keys_X5ChW3,persistence_auth/authorized_keys,persistence_auth,root_session,openat,yes,6,/usr/bin/git,git,,bash ./baseline_workload.sh worker 20260509_041538,/home/analyst/baseline_workload/run_20260509_041538/projects/project_2/repo_8517,/home/analyst/baseline_workload/run_20260509_041538/projects/project_2/repo_8517/.git/hooks/,/home/analyst/baseline_workload/run_20260509_041538/projects/project_2/repo_8517/.git/hooks/|/home/analyst/baseline_workload/run_20260509_041538/projects/project_2/repo_8517/.git/hooks/pre-push.sample,1000,1000,1000,16850,15400,(none),25,home_activity,benign,
1778300228,14478,-0.527457,pre_context,20260508_211709_authorized_keys_W9jmSO,20260508_211655_dirtyfrag_root_authorized_keys_X5ChW3,persistence_auth/authorized_keys,persistence_auth,root_session,openat,yes,6,/usr/bin/git,git,,bash ./baseline_workload.sh worker 20260509_041538,/home/analyst/baseline_workload/run_20260509_041538/projects/project_2/repo_8517,/home/analyst/baseline_workload/run_20260509_041538/projects/project_2/repo_8517/.git/hooks/,/home/analyst/baseline_workload/run_20260509_041538/projects/project_2/repo_8517/.git/hooks/|/home/analyst/baseline_workload/run_20260509_041538/projects/project_2/repo_8517/.git/hooks/sendemail-validate.sample,1000,1000,1000,16850,15400,(none),25,home_activity,benign,
1778300228,14479,-0.526457,pre_context,20260508_211709_authorized_keys_W9jmSO,20260508_211655_dirtyfrag_root_authorized_keys_X5ChW3,persistence_auth/authorized_keys,persistence_auth,root_session,openat,yes,6,/usr/bin/git,git,,bash ./baseline_workload.sh worker 20260509_041538,/home/analyst/baseline_workload/run_20260509_041538/projects/project_2/repo_8517,/home/analyst/baseline_workload/run_20260509_041538/projects/project_2/repo_8517/.git/hooks/,/home/analyst/baseline_workload/run_20260509_041538/projects/project_2/repo_8517/.git/hooks/|/home/analyst/baseline_workload/run_20260509_041538/projects/project_2/repo_8517/.git/hooks/pre-rebase.sample,1000,1000,1000,16850,15400,(none),25,home_activity,benign,
1778300228,14480,-0.526457,pre_context,20260508_211709_authorized_keys_W9jmSO,20260508_211655_dirtyfrag_root_authorized_keys_X5ChW3,persistence_auth/authorized_keys,persistence_auth,root_session,openat,yes,6,/usr/bin/git,git,,bash ./baseline_workload.sh worker 20260509_041538,/home/analyst/baseline_workload/run_20260509_041538/projects/project_2/repo_8517,/home/analyst/baseline_workload/run_20260509_041538/projects/project_2/repo_8517/.git/hooks/,/home/analyst/baseline_workload/run_20260509_041538/projects/project_2/repo_8517/.git/hooks/|/home/analyst/baseline_workload/run_20260509_041538/projects/project_2/repo_8517/.git/hooks/push-to-checkout.sample,1000,1000,1000,16850,15400,(none),25,home_activity,benign,
1778300228,14481,-0.526457,pre_context,20260508_211709_authorized_keys_W9jmSO,20260508_211655_dirtyfrag_root_authorized_keys_X5ChW3,persistence_auth/authorized_keys,persistence_auth,root_session,mkdir,yes,0,/usr/bin/git,git,,bash ./baseline_workload.sh worker 20260509_041538,/home/analyst/baseline_workload/run_20260509_041538/projects/project_2/repo_8517,/home/analyst/baseline_workload/run_20260509_041538/projects/project_2/repo_8517/.git/,/home/analyst/baseline_workload/run_20260509_041538/projects/project_2/repo_8517/.git/|/home/analyst/baseline_workload/run_20260509_041538/projects/project_2/repo_8517/.git/refs,1000,1000,1000,16850,15400,(none),25,home_activity,benign,
1778300228,14482,-0.526457,pre_context,20260508_211709_authorized_keys_W9jmSO,20260508_211655_dirtyfrag_root_authorized_keys_X5ChW3,persistence_auth/authorized_keys,persistence_auth,root_session,mkdir,yes,0,/usr/bin/git,git,,bash ./baseline_workload.sh worker 20260509_041538,/home/analyst/baseline_workload/run_20260509_041538/projects/project_2/repo_8517,/home/analyst/baseline_workload/run_20260509_041538/projects/project_2/repo_8517/.git/refs/,/home/analyst/baseline_workload/run_20260509_041538/projects/project_2/repo_8517/.git/refs/|/home/analyst/baseline_workload/run_20260509_041538/projects/project_2/repo_8517/.git/refs/heads,1000,1000,1000,16850,15400,(none),25,home_activity,benign,
1778300228,14483,-0.526457,pre_context,20260508_211709_authorized_keys_W9jmSO,20260508_211655_dirtyfrag_root_authorized_keys_X5ChW3,persistence_auth/authorized_keys,persistence_auth,root_session,mkdir,yes,0,/usr/bin/git,git,,bash ./baseline_workload.sh worker 20260509_041538,/home/analyst/baseline_workload/run_20260509_041538/projects/project_2/repo_8517,/home/analyst/baseline_workload/run_20260509_041538/projects/project_2/repo_8517/.git/refs/,/home/analyst/baseline_workload/run_20260509_041538/projects/project_2/repo_8517/.git/refs/|/home/analyst/baseline_workload/run_20260509_041538/projects/project_2/repo_8517/.git/refs/tags,1000,1000,1000,16850,15400,(none),25,home_activity,benign,
1778300228,14484,-0.525457,pre_context,20260508_211709_authorized_keys_W9jmSO,20260508_211655_dirtyfrag_root_authorized_keys_X5ChW3,persistence_auth/authorized_keys,persistence_auth,root_session,openat,yes,3,/usr/bin/git,git,,bash ./baseline_workload.sh worker 20260509_041538,/home/analyst/baseline_workload/run_20260509_041538/projects/project_2/repo_8517,/home/analyst/baseline_workload/run_20260509_041538/projects/project_2/repo_8517/.git/,/home/analyst/baseline_workload/run_20260509_041538/projects/project_2/repo_8517/.git/|/home/analyst/baseline_workload/run_20260509_041538/projects/project_2/repo_8517/.git/HEAD.lock,1000,1000,1000,16850,15400,(none),25,home_activity,benign,
1778300228,14485,-0.525457,pre_context,20260508_211709_authorized_keys_W9jmSO,20260508_211655_dirtyfrag_root_authorized_keys_X5ChW3,persistence_auth/authorized_keys,persistence_auth,root_session,rename,yes,0,/usr/bin/git,git,,bash ./baseline_workload.sh worker 20260509_041538,/home/analyst/baseline_workload/run_20260509_041538/projects/project_2/repo_8517,/home/analyst/baseline_workload/run_20260509_041538/projects/project_2/repo_8517/.git/,/home/analyst/baseline_workload/run_20260509_041538/projects/project_2/repo_8517/.git/|/home/analyst/baseline_workload/run_20260509_041538/projects/project_2/repo_8517/.git/HEAD.lock|/home/analyst/baseline_workload/run_20260509_041538/projects/project_2/repo_8517/.git/HEAD,1000,1000,1000,16850,15400,(none),25,home_activity,benign,
1778300228,14486,-0.525457,pre_context,20260508_211709_authorized_keys_W9jmSO,20260508_211655_dirtyfrag_root_authorized_keys_X5ChW3,persistence_auth/authorized_keys,persistence_auth,root_session,openat,yes,3,/usr/bin/git,git,,bash ./baseline_workload.sh worker 20260509_041538,/home/analyst/baseline_workload/run_20260509_041538/projects/project_2/repo_8517,/home/analyst/baseline_workload/run_20260509_041538/projects/project_2/repo_8517/.git/,/home/analyst/baseline_workload/run_20260509_041538/projects/project_2/repo_8517/.git/|/home/analyst/baseline_workload/run_20260509_041538/projects/project_2/repo_8517/.git/config.lock,1000,1000,1000,16850,15400,(none),25,home_activity,benign,
1778300228,14487,-0.525457,pre_context,20260508_211709_authorized_keys_W9jmSO,20260508_211655_dirtyfrag_root_authorized_keys_X5ChW3,persistence_auth/authorized_keys,persistence_auth,root_session,rename,yes,0,/usr/bin/git,git,,bash ./baseline_workload.sh worker 20260509_041538,/home/analyst/baseline_workload/run_20260509_041538/projects/project_2/repo_8517,/home/analyst/baseline_workload/run_20260509_041538/projects/project_2/repo_8517/.git/,/home/analyst/baseline_workload/run_20260509_041538/projects/project_2/repo_8517/.git/|/home/analyst/baseline_workload/run_20260509_041538/projects/project_2/repo_8517/.git/config.lock|/home/analyst/baseline_workload/run_20260509_041538/projects/project_2/repo_8517/.git/config,1000,1000,1000,16850,15400,(none),25,home_activity,benign,
1778300228,14488,-0.525457,pre_context,20260508_211709_authorized_keys_W9jmSO,20260508_211655_dirtyfrag_root_authorized_keys_X5ChW3,persistence_auth/authorized_keys,persistence_auth,root_session,chmod,yes,0,/usr/bin/git,git,,bash ./baseline_workload.sh worker 20260509_041538,/home/analyst/baseline_workload/run_20260509_041538/projects/project_2/repo_8517,/home/analyst/baseline_workload/run_20260509_041538/projects/project_2/repo_8517/.git/config,/home/analyst/baseline_workload/run_20260509_041538/projects/project_2/repo_8517/.git/config,1000,1000,1000,16850,15400,(none),25,home_activity,benign,
1778300228,14489,-0.525457,pre_context,20260508_211709_authorized_keys_W9jmSO,20260508_211655_dirtyfrag_root_authorized_keys_X5ChW3,persistence_auth/authorized_keys,persistence_auth,root_session,chmod,yes,0,/usr/bin/git,git,,bash ./baseline_workload.sh worker 20260509_041538,/home/analyst/baseline_workload/run_20260509_041538/projects/project_2/repo_8517,/home/analyst/baseline_workload/run_20260509_041538/projects/project_2/repo_8517/.git/config,/home/analyst/baseline_workload/run_20260509_041538/projects/project_2/repo_8517/.git/config,1000,1000,1000,16850,15400,(none),25,home_activity,benign,
1778300228,14490,-0.525457,pre_context,20260508_211709_authorized_keys_W9jmSO,20260508_211655_dirtyfrag_root_authorized_keys_X5ChW3,persistence_auth/authorized_keys,persistence_auth,root_session,openat,yes,3,/usr/bin/git,git,,bash ./baseline_workload.sh worker 20260509_041538,/home/analyst/baseline_workload/run_20260509_041538/projects/project_2/repo_8517,/home/analyst/baseline_workload/run_20260509_041538/projects/project_2/repo_8517/.git/,/home/analyst/baseline_workload/run_20260509_041538/projects/project_2/repo_8517/.git/|/home/analyst/baseline_workload/run_20260509_041538/projects/project_2/repo_8517/.git/config.lock,1000,1000,1000,16850,15400,(none),25,home_activity,benign,
1778300228,14491,-0.525457,pre_context,20260508_211709_authorized_keys_W9jmSO,20260508_211655_dirtyfrag_root_authorized_keys_X5ChW3,persistence_auth/authorized_keys,persistence_auth,root_session,chmod,yes,0,/usr/bin/git,git,,bash ./baseline_workload.sh worker 20260509_041538,/home/analyst/baseline_workload/run_20260509_041538/projects/project_2/repo_8517,/home/analyst/baseline_workload/run_20260509_041538/projects/project_2/repo_8517/.git/config.lock,/home/analyst/baseline_workload/run_20260509_041538/projects/project_2/repo_8517/.git/config.lock,1000,1000,1000,16850,15400,(none),25,home_activity,benign,
1778300228,14492,-0.525457,pre_context,20260508_211709_authorized_keys_W9jmSO,20260508_211655_dirtyfrag_root_authorized_keys_X5ChW3,persistence_auth/authorized_keys,persistence_auth,root_session,rename,yes,0,/usr/bin/git,git,,bash ./baseline_workload.sh worker 20260509_041538,/home/analyst/baseline_workload/run_20260509_041538/projects/project_2/repo_8517,/home/analyst/baseline_workload/run_20260509_041538/projects/project_2/repo_8517/.git/,/home/analyst/baseline_workload/run_20260509_041538/projects/project_2/repo_8517/.git/|/home/analyst/baseline_workload/run_20260509_041538/projects/project_2/repo_8517/.git/config.lock|/home/analyst/baseline_workload/run_20260509_041538/projects/project_2/repo_8517/.git/config,1000,1000,1000,16850,15400,(none),25,home_activity,benign,
1778300228,14493,-0.524457,pre_context,20260508_211709_authorized_keys_W9jmSO,20260508_211655_dirtyfrag_root_authorized_keys_X5ChW3,persistence_auth/authorized_keys,persistence_auth,root_session,openat,yes,3,/usr/bin/git,git,,bash ./baseline_workload.sh worker 20260509_041538,/home/analyst/baseline_workload/run_20260509_041538/projects/project_2/repo_8517,/home/analyst/baseline_workload/run_20260509_041538/projects/project_2/repo_8517/.git/,/home/analyst/baseline_workload/run_20260509_041538/projects/project_2/repo_8517/.git/|/home/analyst/baseline_workload/run_20260509_041538/projects/project_2/repo_8517/.git/config.lock,1000,1000,1000,16850,15400,(none),25,home_activity,benign,
1778300228,14494,-0.524457,pre_context,20260508_211709_authorized_keys_W9jmSO,20260508_211655_dirtyfrag_root_authorized_keys_X5ChW3,persistence_auth/authorized_keys,persistence_auth,root_session,chmod,yes,0,/usr/bin/git,git,,bash ./baseline_workload.sh worker 20260509_041538,/home/analyst/baseline_workload/run_20260509_041538/projects/project_2/repo_8517,/home/analyst/baseline_workload/run_20260509_041538/projects/project_2/repo_8517/.git/config.lock,/home/analyst/baseline_workload/run_20260509_041538/projects/project_2/repo_8517/.git/config.lock,1000,1000,1000,16850,15400,(none),25,home_activity,benign,
1778300228,14495,-0.524457,pre_context,20260508_211709_authorized_keys_W9jmSO,20260508_211655_dirtyfrag_root_authorized_keys_X5ChW3,persistence_auth/authorized_keys,persistence_auth,root_session,rename,yes,0,/usr/bin/git,git,,bash ./baseline_workload.sh worker 20260509_041538,/home/analyst/baseline_workload/run_20260509_041538/projects/project_2/repo_8517,/home/analyst/baseline_workload/run_20260509_041538/projects/project_2/repo_8517/.git/,/home/analyst/baseline_workload/run_20260509_041538/projects/project_2/repo_8517/.git/|/home/analyst/baseline_workload/run_20260509_041538/projects/project_2/repo_8517/.git/config.lock|/home/analyst/baseline_workload/run_20260509_041538/projects/project_2/repo_8517/.git/config,1000,1000,1000,16850,15400,(none),25,home_activity,benign,
1778300228,14496,-0.524457,pre_context,20260508_211709_authorized_keys_W9jmSO,20260508_211655_dirtyfrag_root_authorized_keys_X5ChW3,persistence_auth/authorized_keys,persistence_auth,root_session,openat,yes,3,/usr/bin/git,git,,bash ./baseline_workload.sh worker 20260509_041538,/home/analyst/baseline_workload/run_20260509_041538/projects/project_2/repo_8517,/home/analyst/baseline_workload/run_20260509_041538/projects/project_2/repo_8517/.git/,/home/analyst/baseline_workload/run_20260509_041538/projects/project_2/repo_8517/.git/|/home/analyst/baseline_workload/run_20260509_041538/projects/project_2/repo_8517/.git/config.lock,1000,1000,1000,16850,15400,(none),25,home_activity,benign,
1778300228,14497,-0.524457,pre_context,20260508_211709_authorized_keys_W9jmSO,20260508_211655_dirtyfrag_root_authorized_keys_X5ChW3,persistence_auth/authorized_keys,persistence_auth,root_session,chmod,yes,0,/usr/bin/git,git,,bash ./baseline_workload.sh worker 20260509_041538,/home/analyst/baseline_workload/run_20260509_041538/projects/project_2/repo_8517,/home/analyst/baseline_workload/run_20260509_041538/projects/project_2/repo_8517/.git/config.lock,/home/analyst/baseline_workload/run_20260509_041538/projects/project_2/repo_8517/.git/config.lock,1000,1000,1000,16850,15400,(none),25,home_activity,benign,
1778300228,14498,-0.524457,pre_context,20260508_211709_authorized_keys_W9jmSO,20260508_211655_dirtyfrag_root_authorized_keys_X5ChW3,persistence_auth/authorized_keys,persistence_auth,root_session,rename,yes,0,/usr/bin/git,git,,bash ./baseline_workload.sh worker 20260509_041538,/home/analyst/baseline_workload/run_20260509_041538/projects/project_2/repo_8517,/home/analyst/baseline_workload/run_20260509_041538/projects/project_2/repo_8517/.git/,/home/analyst/baseline_workload/run_20260509_041538/projects/project_2/repo_8517/.git/|/home/analyst/baseline_workload/run_20260509_041538/projects/project_2/repo_8517/.git/config.lock|/home/analyst/baseline_workload/run_20260509_041538/projects/project_2/repo_8517/.git/config,1000,1000,1000,16850,15400,(none),25,home_activity,benign,
1778300228,14499,-0.524457,pre_context,20260508_211709_authorized_keys_W9jmSO,20260508_211655_dirtyfrag_root_authorized_keys_X5ChW3,persistence_auth/authorized_keys,persistence_auth,root_session,openat,yes,3,/usr/bin/git,git,,bash ./baseline_workload.sh worker 20260509_041538,/home/analyst/baseline_workload/run_20260509_041538/projects/project_2/repo_8517,/home/analyst/baseline_workload/run_20260509_041538/projects/project_2/repo_8517/.git/,/home/analyst/baseline_workload/run_20260509_041538/projects/project_2/repo_8517/.git/|/home/analyst/baseline_workload/run_20260509_041538/projects/project_2/repo_8517/.git/tXlwbRo,1000,1000,1000,16850,15400,(none),25,home_activity,benign,
1778300228,14500,-0.524457,pre_context,20260508_211709_authorized_keys_W9jmSO,20260508_211655_dirtyfrag_root_authorized_keys_X5ChW3,persistence_auth/authorized_keys,persistence_auth,root_session,unlink,yes,0,/usr/bin/git,git,,bash ./baseline_workload.sh worker 20260509_041538,/home/analyst/baseline_workload/run_20260509_041538/projects/project_2/repo_8517,/home/analyst/baseline_workload/run_20260509_041538/projects/project_2/repo_8517/.git/,/home/analyst/baseline_workload/run_20260509_041538/projects/project_2/repo_8517/.git/|/home/analyst/baseline_workload/run_20260509_041538/projects/project_2/repo_8517/.git/tXlwbRo,1000,1000,1000,16850,15400,(none),25,home_activity,benign,
1778300228,14501,-0.524457,pre_context,20260508_211709_authorized_keys_W9jmSO,20260508_211655_dirtyfrag_root_authorized_keys_X5ChW3,persistence_auth/authorized_keys,persistence_auth,root_session,88,yes,0,/usr/bin/git,git,,bash ./baseline_workload.sh worker 20260509_041538,/home/analyst/baseline_workload/run_20260509_041538/projects/project_2/repo_8517,/home/analyst/baseline_workload/run_20260509_041538/projects/project_2/repo_8517/.git/,/home/analyst/baseline_workload/run_20260509_041538/projects/project_2/repo_8517/.git/|testing|/home/analyst/baseline_workload/run_20260509_041538/projects/project_2/repo_8517/.git/tXlwbRo,1000,1000,1000,16850,15400,(none),25,home_activity,benign,
1778300228,14502,-0.524457,pre_context,20260508_211709_authorized_keys_W9jmSO,20260508_211655_dirtyfrag_root_authorized_keys_X5ChW3,persistence_auth/authorized_keys,persistence_auth,root_session,unlink,yes,0,/usr/bin/git,git,,bash ./baseline_workload.sh worker 20260509_041538,/home/analyst/baseline_workload/run_20260509_041538/projects/project_2/repo_8517,/home/analyst/baseline_workload/run_20260509_041538/projects/project_2/repo_8517/.git/,/home/analyst/baseline_workload/run_20260509_041538/projects/project_2/repo_8517/.git/|/home/analyst/baseline_workload/run_20260509_041538/projects/project_2/repo_8517/.git/tXlwbRo,1000,1000,1000,16850,15400,(none),25,home_activity,benign,
1778300228,14503,-0.524457,pre_context,20260508_211709_authorized_keys_W9jmSO,20260508_211655_dirtyfrag_root_authorized_keys_X5ChW3,persistence_auth/authorized_keys,persistence_auth,root_session,mkdir,yes,0,/usr/bin/git,git,,bash ./baseline_workload.sh worker 20260509_041538,/home/analyst/baseline_workload/run_20260509_041538/projects/project_2/repo_8517,/home/analyst/baseline_workload/run_20260509_041538/projects/project_2/repo_8517/.git/,/home/analyst/baseline_workload/run_20260509_041538/projects/project_2/repo_8517/.git/|/home/analyst/baseline_workload/run_20260509_041538/projects/project_2/repo_8517/.git/objects,1000,1000,1000,16850,15400,(none),25,home_activity,benign,
1778300228,14504,-0.524457,pre_context,20260508_211709_authorized_keys_W9jmSO,20260508_211655_dirtyfrag_root_authorized_keys_X5ChW3,persistence_auth/authorized_keys,persistence_auth,root_session,mkdir,yes,0,/usr/bin/git,git,,bash ./baseline_workload.sh worker 20260509_041538,/home/analyst/baseline_workload/run_20260509_041538/projects/project_2/repo_8517,/home/analyst/baseline_workload/run_20260509_041538/projects/project_2/repo_8517/.git/objects/,/home/analyst/baseline_workload/run_20260509_041538/projects/project_2/repo_8517/.git/objects/|/home/analyst/baseline_workload/run_20260509_041538/projects/project_2/repo_8517/.git/objects/pack,1000,1000,1000,16850,15400,(none),25,home_activity,benign,
1778300228,14505,-0.524457,pre_context,20260508_211709_authorized_keys_W9jmSO,20260508_211655_dirtyfrag_root_authorized_keys_X5ChW3,persistence_auth/authorized_keys,persistence_auth,root_session,mkdir,yes,0,/usr/bin/git,git,,bash ./baseline_workload.sh worker 20260509_041538,/home/analyst/baseline_workload/run_20260509_041538/projects/project_2/repo_8517,/home/analyst/baseline_workload/run_20260509_041538/projects/project_2/repo_8517/.git/objects/,/home/analyst/baseline_workload/run_20260509_041538/projects/project_2/repo_8517/.git/objects/|/home/analyst/baseline_workload/run_20260509_041538/projects/project_2/repo_8517/.git/objects/info,1000,1000,1000,16850,15400,(none),25,home_activity,benign,
1778300228,14506,-0.523457,pre_context,20260508_211709_authorized_keys_W9jmSO,20260508_211655_dirtyfrag_root_authorized_keys_X5ChW3,persistence_auth/authorized_keys,persistence_auth,root_session,execve,yes,0,/usr/bin/git,git,git config user.email analyst@example.local,git config user.email analyst@example.local,/home/analyst/baseline_workload/run_20260509_041538/projects/project_2/repo_8517,/usr/bin/git,/usr/bin/git|/lib64/ld-linux-x86-64.so.2,1000,1000,1000,16852,16851,(none),25,download_tool,benign,
1778300228,14507,-0.521457,pre_context,20260508_211709_authorized_keys_W9jmSO,20260508_211655_dirtyfrag_root_authorized_keys_X5ChW3,persistence_auth/authorized_keys,persistence_auth,root_session,openat,yes,3,/usr/bin/git,git,,git config user.email analyst@example.local,/home/analyst/baseline_workload/run_20260509_041538/projects/project_2/repo_8517,/home/analyst/baseline_workload/run_20260509_041538/projects/project_2/repo_8517/.git/,/home/analyst/baseline_workload/run_20260509_041538/projects/project_2/repo_8517/.git/|/home/analyst/baseline_workload/run_20260509_041538/projects/project_2/repo_8517/.git/config.lock,1000,1000,1000,16852,16851,(none),25,home_activity,benign,
1778300228,14508,-0.521457,pre_context,20260508_211709_authorized_keys_W9jmSO,20260508_211655_dirtyfrag_root_authorized_keys_X5ChW3,persistence_auth/authorized_keys,persistence_auth,root_session,chmod,yes,0,/usr/bin/git,git,,git config user.email analyst@example.local,/home/analyst/baseline_workload/run_20260509_041538/projects/project_2/repo_8517,/home/analyst/baseline_workload/run_20260509_041538/projects/project_2/repo_8517/.git/config.lock,/home/analyst/baseline_workload/run_20260509_041538/projects/project_2/repo_8517/.git/config.lock,1000,1000,1000,16852,16851,(none),25,home_activity,benign,
1778300228,14509,-0.521457,pre_context,20260508_211709_authorized_keys_W9jmSO,20260508_211655_dirtyfrag_root_authorized_keys_X5ChW3,persistence_auth/authorized_keys,persistence_auth,root_session,rename,yes,0,/usr/bin/git,git,,git config user.email analyst@example.local,/home/analyst/baseline_workload/run_20260509_041538/projects/project_2/repo_8517,/home/analyst/baseline_workload/run_20260509_041538/projects/project_2/repo_8517/.git/,/home/analyst/baseline_workload/run_20260509_041538/projects/project_2/repo_8517/.git/|/home/analyst/baseline_workload/run_20260509_041538/projects/project_2/repo_8517/.git/config.lock|/home/analyst/baseline_workload/run_20260509_041538/projects/project_2/repo_8517/.git/config,1000,1000,1000,16852,16851,(none),25,home_activity,benign,
1778300228,14510,-0.521457,pre_context,20260508_211709_authorized_keys_W9jmSO,20260508_211655_dirtyfrag_root_authorized_keys_X5ChW3,persistence_auth/authorized_keys,persistence_auth,root_session,execve,yes,0,/usr/bin/git,git,git config user.name Analyst,git config user.name Analyst,/home/analyst/baseline_workload/run_20260509_041538/projects/project_2/repo_8517,/usr/bin/git,/usr/bin/git|/lib64/ld-linux-x86-64.so.2,1000,1000,1000,16853,16851,(none),25,download_tool,benign,
1778300228,14511,-0.519457,pre_context,20260508_211709_authorized_keys_W9jmSO,20260508_211655_dirtyfrag_root_authorized_keys_X5ChW3,persistence_auth/authorized_keys,persistence_auth,root_session,openat,yes,3,/usr/bin/git,git,,git config user.name Analyst,/home/analyst/baseline_workload/run_20260509_041538/projects/project_2/repo_8517,/home/analyst/baseline_workload/run_20260509_041538/projects/project_2/repo_8517/.git/,/home/analyst/baseline_workload/run_20260509_041538/projects/project_2/repo_8517/.git/|/home/analyst/baseline_workload/run_20260509_041538/projects/project_2/repo_8517/.git/config.lock,1000,1000,1000,16853,16851,(none),25,home_activity,benign,
1778300228,14512,-0.519457,pre_context,20260508_211709_authorized_keys_W9jmSO,20260508_211655_dirtyfrag_root_authorized_keys_X5ChW3,persistence_auth/authorized_keys,persistence_auth,root_session,chmod,yes,0,/usr/bin/git,git,,git config user.name Analyst,/home/analyst/baseline_workload/run_20260509_041538/projects/project_2/repo_8517,/home/analyst/baseline_workload/run_20260509_041538/projects/project_2/repo_8517/.git/config.lock,/home/analyst/baseline_workload/run_20260509_041538/projects/project_2/repo_8517/.git/config.lock,1000,1000,1000,16853,16851,(none),25,home_activity,benign,
1778300228,14513,-0.519457,pre_context,20260508_211709_authorized_keys_W9jmSO,20260508_211655_dirtyfrag_root_authorized_keys_X5ChW3,persistence_auth/authorized_keys,persistence_auth,root_session,rename,yes,0,/usr/bin/git,git,,git config user.name Analyst,/home/analyst/baseline_workload/run_20260509_041538/projects/project_2/repo_8517,/home/analyst/baseline_workload/run_20260509_041538/projects/project_2/repo_8517/.git/,/home/analyst/baseline_workload/run_20260509_041538/projects/project_2/repo_8517/.git/|/home/analyst/baseline_workload/run_20260509_041538/projects/project_2/repo_8517/.git/config.lock|/home/analyst/baseline_workload/run_20260509_041538/projects/project_2/repo_8517/.git/config,1000,1000,1000,16853,16851,(none),25,home_activity,benign,
1778300228,14514,-0.519457,pre_context,20260508_211709_authorized_keys_W9jmSO,20260508_211655_dirtyfrag_root_authorized_keys_X5ChW3,persistence_auth/authorized_keys,persistence_auth,root_session,openat,yes,3,/usr/bin/bash,bash,,bash ./baseline_workload.sh worker 20260509_041538,/home/analyst/baseline_workload/run_20260509_041538/projects/project_2/repo_8517,/home/analyst/baseline_workload/run_20260509_041538/projects/project_2/repo_8517,/home/analyst/baseline_workload/run_20260509_041538/projects/project_2/repo_8517|README.md,1000,1000,1000,16851,15400,(none),25,home_activity,benign,
1778300228,14515,-0.518457,pre_context,20260508_211709_authorized_keys_W9jmSO,20260508_211655_dirtyfrag_root_authorized_keys_X5ChW3,persistence_auth/authorized_keys,persistence_auth,root_session,execve,yes,0,/usr/bin/date,date,date -Is,date -Is,/home/analyst/baseline_workload/run_20260509_041538/projects/project_2/repo_8517,/usr/bin/date,/usr/bin/date|/lib64/ld-linux-x86-64.so.2,1000,1000,1000,16854,16851,(none),25,exec,benign,
1778300228,14516,-0.517457,pre_context,20260508_211709_authorized_keys_W9jmSO,20260508_211655_dirtyfrag_root_authorized_keys_X5ChW3,persistence_auth/authorized_keys,persistence_auth,root_session,openat,yes,3,/usr/bin/bash,bash,,bash ./baseline_workload.sh worker 20260509_041538,/home/analyst/baseline_workload/run_20260509_041538/projects/project_2/repo_8517,/home/analyst/baseline_workload/run_20260509_041538/projects/project_2/repo_8517,/home/analyst/baseline_workload/run_20260509_041538/projects/project_2/repo_8517|README.md,1000,1000,1000,16851,15400,(none),25,home_activity,benign,
1778300228,14517,-0.517457,pre_context,20260508_211709_authorized_keys_W9jmSO,20260508_211655_dirtyfrag_root_authorized_keys_X5ChW3,persistence_auth/authorized_keys,persistence_auth,root_session,execve,yes,0,/usr/bin/git,git,git add README.md,git add README.md,/home/analyst/baseline_workload/run_20260509_041538/projects/project_2/repo_8517,/usr/bin/git,/usr/bin/git|/lib64/ld-linux-x86-64.so.2,1000,1000,1000,16855,16851,(none),25,download_tool,benign,
1778300228,14518,-0.516457,pre_context,20260508_211709_authorized_keys_W9jmSO,20260508_211655_dirtyfrag_root_authorized_keys_X5ChW3,persistence_auth/authorized_keys,persistence_auth,root_session,openat,yes,3,/usr/bin/git,git,,git add README.md,/home/analyst/baseline_workload/run_20260509_041538/projects/project_2/repo_8517,/home/analyst/baseline_workload/run_20260509_041538/projects/project_2/repo_8517/.git/,/home/analyst/baseline_workload/run_20260509_041538/projects/project_2/repo_8517/.git/|/home/analyst/baseline_workload/run_20260509_041538/projects/project_2/repo_8517/.git/index.lock,1000,1000,1000,16855,16851,(none),25,home_activity,benign,
1778300228,14519,-0.515457,pre_context,20260508_211709_authorized_keys_W9jmSO,20260508_211655_dirtyfrag_root_authorized_keys_X5ChW3,persistence_auth/authorized_keys,persistence_auth,root_session,mkdir,yes,0,/usr/bin/git,git,,git add README.md,/home/analyst/baseline_workload/run_20260509_041538/projects/project_2/repo_8517,.git/objects/,.git/objects/|.git/objects/3d,1000,1000,1000,16855,16851,(none),25,home_activity,benign,
1778300228,14520,-0.515457,pre_context,20260508_211709_authorized_keys_W9jmSO,20260508_211655_dirtyfrag_root_authorized_keys_X5ChW3,persistence_auth/authorized_keys,persistence_auth,root_session,openat,yes,5,/usr/bin/git,git,,git add README.md,/home/analyst/baseline_workload/run_20260509_041538/projects/project_2/repo_8517,.git/objects/3d/,.git/objects/3d/|.git/objects/3d/tmp_obj_58zHV1,1000,1000,1000,16855,16851,(none),25,home_activity,benign,
1778300228,14521,-0.515457,pre_context,20260508_211709_authorized_keys_W9jmSO,20260508_211655_dirtyfrag_root_authorized_keys_X5ChW3,persistence_auth/authorized_keys,persistence_auth,root_session,86,yes,0,/usr/bin/git,git,,git add README.md,/home/analyst/baseline_workload/run_20260509_041538/projects/project_2/repo_8517,.git/objects/3d/,.git/objects/3d/|.git/objects/3d/tmp_obj_58zHV1|.git/objects/3d/b2d3c206ea659a9f1fb3f54ae97360d3a09c1c,1000,1000,1000,16855,16851,(none),25,home_activity,benign,
1778300228,14522,-0.515457,pre_context,20260508_211709_authorized_keys_W9jmSO,20260508_211655_dirtyfrag_root_authorized_keys_X5ChW3,persistence_auth/authorized_keys,persistence_auth,root_session,unlink,yes,0,/usr/bin/git,git,,git add README.md,/home/analyst/baseline_workload/run_20260509_041538/projects/project_2/repo_8517,.git/objects/3d/,.git/objects/3d/|.git/objects/3d/tmp_obj_58zHV1,1000,1000,1000,16855,16851,(none),25,home_activity,benign,
1778300228,14523,-0.515457,pre_context,20260508_211709_authorized_keys_W9jmSO,20260508_211655_dirtyfrag_root_authorized_keys_X5ChW3,persistence_auth/authorized_keys,persistence_auth,root_session,rename,yes,0,/usr/bin/git,git,,git add README.md,/home/analyst/baseline_workload/run_20260509_041538/projects/project_2/repo_8517,/home/analyst/baseline_workload/run_20260509_041538/projects/project_2/repo_8517/.git/,/home/analyst/baseline_workload/run_20260509_041538/projects/project_2/repo_8517/.git/|/home/analyst/baseline_workload/run_20260509_041538/projects/project_2/repo_8517/.git/index.lock|/home/analyst/baseline_workload/run_20260509_041538/projects/project_2/repo_8517/.git/index,1000,1000,1000,16855,16851,(none),25,home_activity,benign,
1778300228,14524,-0.514457,pre_context,20260508_211709_authorized_keys_W9jmSO,20260508_211655_dirtyfrag_root_authorized_keys_X5ChW3,persistence_auth/authorized_keys,persistence_auth,root_session,openat,yes,3,/usr/bin/bash,bash,,bash ./baseline_workload.sh worker 20260509_041538,/home/analyst/baseline_workload/run_20260509_041538/projects/project_2/repo_8517,/home/analyst/baseline_workload/run_20260509_041538/logs/,/home/analyst/baseline_workload/run_20260509_041538/logs/|/home/analyst/baseline_workload/run_20260509_041538/logs/git_commit_2.log,1000,1000,1000,16856,16851,(none),25,home_activity,benign,
1778300228,14525,-0.514457,pre_context,20260508_211709_authorized_keys_W9jmSO,20260508_211655_dirtyfrag_root_authorized_keys_X5ChW3,persistence_auth/authorized_keys,persistence_auth,root_session,execve,yes,0,/usr/bin/git,git,git commit -m baseline commit cycle 2,bash ./baseline_workload.sh worker 20260509_041538,/home/analyst/baseline_workload/run_20260509_041538/projects/project_2/repo_8517,/usr/bin/git,/usr/bin/git|/lib64/ld-linux-x86-64.so.2,1000,1000,1000,16856,16851,(none),25,download_tool,benign,
1778300228,14526,-0.513457,pre_context,20260508_211709_authorized_keys_W9jmSO,20260508_211655_dirtyfrag_root_authorized_keys_X5ChW3,persistence_auth/authorized_keys,persistence_auth,root_session,openat,yes,3,/usr/bin/git,git,,bash ./baseline_workload.sh worker 20260509_041538,/home/analyst/baseline_workload/run_20260509_041538/projects/project_2/repo_8517,/home/analyst/baseline_workload/run_20260509_041538/projects/project_2/repo_8517/.git/,/home/analyst/baseline_workload/run_20260509_041538/projects/project_2/repo_8517/.git/|/home/analyst/baseline_workload/run_20260509_041538/projects/project_2/repo_8517/.git/index.lock,1000,1000,1000,16856,16851,(none),25,home_activity,benign,
1778300228,14527,-0.513457,pre_context,20260508_211709_authorized_keys_W9jmSO,20260508_211655_dirtyfrag_root_authorized_keys_X5ChW3,persistence_auth/authorized_keys,persistence_auth,root_session,mkdir,yes,0,/usr/bin/git,git,,bash ./baseline_workload.sh worker 20260509_041538,/home/analyst/baseline_workload/run_20260509_041538/projects/project_2/repo_8517,.git/objects/,.git/objects/|.git/objects/98,1000,1000,1000,16856,16851,(none),25,home_activity,benign,
1778300228,14528,-0.513457,pre_context,20260508_211709_authorized_keys_W9jmSO,20260508_211655_dirtyfrag_root_authorized_keys_X5ChW3,persistence_auth/authorized_keys,persistence_auth,root_session,openat,yes,4,/usr/bin/git,git,,bash ./baseline_workload.sh worker 20260509_041538,/home/analyst/baseline_workload/run_20260509_041538/projects/project_2/repo_8517,.git/objects/98/,.git/objects/98/|.git/objects/98/tmp_obj_zVufPQ,1000,1000,1000,16856,16851,(none),25,home_activity,benign,
1778300228,14529,-0.513457,pre_context,20260508_211709_authorized_keys_W9jmSO,20260508_211655_dirtyfrag_root_authorized_keys_X5ChW3,persistence_auth/authorized_keys,persistence_auth,root_session,86,yes,0,/usr/bin/git,git,,bash ./baseline_workload.sh worker 20260509_041538,/home/analyst/baseline_workload/run_20260509_041538/projects/project_2/repo_8517,.git/objects/98/,.git/objects/98/|.git/objects/98/tmp_obj_zVufPQ|.git/objects/98/9e9182f3f62888896aa65ba83bbe6c535c6ca6,1000,1000,1000,16856,16851,(none),25,home_activity,benign,
1778300228,14530,-0.513457,pre_context,20260508_211709_authorized_keys_W9jmSO,20260508_211655_dirtyfrag_root_authorized_keys_X5ChW3,persistence_auth/authorized_keys,persistence_auth,root_session,unlink,yes,0,/usr/bin/git,git,,bash ./baseline_workload.sh worker 20260509_041538,/home/analyst/baseline_workload/run_20260509_041538/projects/project_2/repo_8517,.git/objects/98/,.git/objects/98/|.git/objects/98/tmp_obj_zVufPQ,1000,1000,1000,16856,16851,(none),25,home_activity,benign,
1778300228,14531,-0.513457,pre_context,20260508_211709_authorized_keys_W9jmSO,20260508_211655_dirtyfrag_root_authorized_keys_X5ChW3,persistence_auth/authorized_keys,persistence_auth,root_session,rename,yes,0,/usr/bin/git,git,,bash ./baseline_workload.sh worker 20260509_041538,/home/analyst/baseline_workload/run_20260509_041538/projects/project_2/repo_8517,/home/analyst/baseline_workload/run_20260509_041538/projects/project_2/repo_8517/.git/,/home/analyst/baseline_workload/run_20260509_041538/projects/project_2/repo_8517/.git/|/home/analyst/baseline_workload/run_20260509_041538/projects/project_2/repo_8517/.git/index.lock|/home/analyst/baseline_workload/run_20260509_041538/projects/project_2/repo_8517/.git/index,1000,1000,1000,16856,16851,(none),25,home_activity,benign,
1778300228,14532,-0.513457,pre_context,20260508_211709_authorized_keys_W9jmSO,20260508_211655_dirtyfrag_root_authorized_keys_X5ChW3,persistence_auth/authorized_keys,persistence_auth,root_session,openat,yes,3,/usr/bin/git,git,,bash ./baseline_workload.sh worker 20260509_041538,/home/analyst/baseline_workload/run_20260509_041538/projects/project_2/repo_8517,.git/,.git/|.git/COMMIT_EDITMSG,1000,1000,1000,16856,16851,(none),25,home_activity,benign,
1778300228,14533,-0.513457,pre_context,20260508_211709_authorized_keys_W9jmSO,20260508_211655_dirtyfrag_root_authorized_keys_X5ChW3,persistence_auth/authorized_keys,persistence_auth,root_session,mkdir,yes,0,/usr/bin/git,git,,bash ./baseline_workload.sh worker 20260509_041538,/home/analyst/baseline_workload/run_20260509_041538/projects/project_2/repo_8517,.git/objects/,.git/objects/|.git/objects/95,1000,1000,1000,16856,16851,(none),25,home_activity,benign,
1778300228,14534,-0.513457,pre_context,20260508_211709_authorized_keys_W9jmSO,20260508_211655_dirtyfrag_root_authorized_keys_X5ChW3,persistence_auth/authorized_keys,persistence_auth,root_session,openat,yes,3,/usr/bin/git,git,,bash ./baseline_workload.sh worker 20260509_041538,/home/analyst/baseline_workload/run_20260509_041538/projects/project_2/repo_8517,.git/objects/95/,.git/objects/95/|.git/objects/95/tmp_obj_JMQLVe,1000,1000,1000,16856,16851,(none),25,home_activity,benign,
1778300228,14535,-0.512457,pre_context,20260508_211709_authorized_keys_W9jmSO,20260508_211655_dirtyfrag_root_authorized_keys_X5ChW3,persistence_auth/authorized_keys,persistence_auth,root_session,86,yes,0,/usr/bin/git,git,,bash ./baseline_workload.sh worker 20260509_041538,/home/analyst/baseline_workload/run_20260509_041538/projects/project_2/repo_8517,.git/objects/95/,.git/objects/95/|.git/objects/95/tmp_obj_JMQLVe|.git/objects/95/edb7a442cc77edb6051dc2926d1348f0b82936,1000,1000,1000,16856,16851,(none),25,home_activity,benign,
1778300228,14536,-0.512457,pre_context,20260508_211709_authorized_keys_W9jmSO,20260508_211655_dirtyfrag_root_authorized_keys_X5ChW3,persistence_auth/authorized_keys,persistence_auth,root_session,unlink,yes,0,/usr/bin/git,git,,bash ./baseline_workload.sh worker 20260509_041538,/home/analyst/baseline_workload/run_20260509_041538/projects/project_2/repo_8517,.git/objects/95/,.git/objects/95/|.git/objects/95/tmp_obj_JMQLVe,1000,1000,1000,16856,16851,(none),25,home_activity,benign,
1778300228,14537,-0.512457,pre_context,20260508_211709_authorized_keys_W9jmSO,20260508_211655_dirtyfrag_root_authorized_keys_X5ChW3,persistence_auth/authorized_keys,persistence_auth,root_session,openat,yes,3,/usr/bin/git,git,,bash ./baseline_workload.sh worker 20260509_041538,/home/analyst/baseline_workload/run_20260509_041538/projects/project_2/repo_8517,/home/analyst/baseline_workload/run_20260509_041538/projects/project_2/repo_8517/.git/,/home/analyst/baseline_workload/run_20260509_041538/projects/project_2/repo_8517/.git/|/home/analyst/baseline_workload/run_20260509_041538/projects/project_2/repo_8517/.git/HEAD.lock,1000,1000,1000,16856,16851,(none),25,home_activity,benign,
1778300228,14538,-0.512457,pre_context,20260508_211709_authorized_keys_W9jmSO,20260508_211655_dirtyfrag_root_authorized_keys_X5ChW3,persistence_auth/authorized_keys,persistence_auth,root_session,openat,yes,3,/usr/bin/git,git,,bash ./baseline_workload.sh worker 20260509_041538,/home/analyst/baseline_workload/run_20260509_041538/projects/project_2/repo_8517,/home/analyst/baseline_workload/run_20260509_041538/projects/project_2/repo_8517/.git/refs/heads/,/home/analyst/baseline_workload/run_20260509_041538/projects/project_2/repo_8517/.git/refs/heads/|/home/analyst/baseline_workload/run_20260509_041538/projects/project_2/repo_8517/.git/refs/heads/master.lock,1000,1000,1000,16856,16851,(none),25,home_activity,benign,
1778300228,14539,-0.512457,pre_context,20260508_211709_authorized_keys_W9jmSO,20260508_211655_dirtyfrag_root_authorized_keys_X5ChW3,persistence_auth/authorized_keys,persistence_auth,root_session,mkdir,yes,0,/usr/bin/git,git,,bash ./baseline_workload.sh worker 20260509_041538,/home/analyst/baseline_workload/run_20260509_041538/projects/project_2/repo_8517,.git/,.git/|.git/logs,1000,1000,1000,16856,16851,(none),25,home_activity,benign,
1778300228,14540,-0.512457,pre_context,20260508_211709_authorized_keys_W9jmSO,20260508_211655_dirtyfrag_root_authorized_keys_X5ChW3,persistence_auth/authorized_keys,persistence_auth,root_session,openat,yes,3,/usr/bin/git,git,,bash ./baseline_workload.sh worker 20260509_041538,/home/analyst/baseline_workload/run_20260509_041538/projects/project_2/repo_8517,.git/logs/,.git/logs/|.git/logs/HEAD,1000,1000,1000,16856,16851,(none),25,home_activity,benign,
1778300228,14541,-0.512457,pre_context,20260508_211709_authorized_keys_W9jmSO,20260508_211655_dirtyfrag_root_authorized_keys_X5ChW3,persistence_auth/authorized_keys,persistence_auth,root_session,mkdir,yes,0,/usr/bin/git,git,,bash ./baseline_workload.sh worker 20260509_041538,/home/analyst/baseline_workload/run_20260509_041538/projects/project_2/repo_8517,.git/logs/,.git/logs/|.git/logs/refs,1000,1000,1000,16856,16851,(none),25,home_activity,benign,
1778300228,14542,-0.512457,pre_context,20260508_211709_authorized_keys_W9jmSO,20260508_211655_dirtyfrag_root_authorized_keys_X5ChW3,persistence_auth/authorized_keys,persistence_auth,root_session,mkdir,yes,0,/usr/bin/git,git,,bash ./baseline_workload.sh worker 20260509_041538,/home/analyst/baseline_workload/run_20260509_041538/projects/project_2/repo_8517,.git/logs/refs/,.git/logs/refs/|.git/logs/refs/heads,1000,1000,1000,16856,16851,(none),25,home_activity,benign,
1778300228,14543,-0.512457,pre_context,20260508_211709_authorized_keys_W9jmSO,20260508_211655_dirtyfrag_root_authorized_keys_X5ChW3,persistence_auth/authorized_keys,persistence_auth,root_session,openat,yes,3,/usr/bin/git,git,,bash ./baseline_workload.sh worker 20260509_041538,/home/analyst/baseline_workload/run_20260509_041538/projects/project_2/repo_8517,.git/logs/refs/heads/,.git/logs/refs/heads/|.git/logs/refs/heads/master,1000,1000,1000,16856,16851,(none),25,home_activity,benign,
1778300228,14544,-0.512457,pre_context,20260508_211709_authorized_keys_W9jmSO,20260508_211655_dirtyfrag_root_authorized_keys_X5ChW3,persistence_auth/authorized_keys,persistence_auth,root_session,rename,yes,0,/usr/bin/git,git,,bash ./baseline_workload.sh worker 20260509_041538,/home/analyst/baseline_workload/run_20260509_041538/projects/project_2/repo_8517,/home/analyst/baseline_workload/run_20260509_041538/projects/project_2/repo_8517/.git/refs/heads/,/home/analyst/baseline_workload/run_20260509_041538/projects/project_2/repo_8517/.git/refs/heads/|/home/analyst/baseline_workload/run_20260509_041538/projects/project_2/repo_8517/.git/refs/heads/master.lock|/home/analyst/baseline_workload/run_20260509_041538/projects/project_2/repo_8517/.git/refs/heads/master,1000,1000,1000,16856,16851,(none),25,home_activity,benign,
1778300228,14545,-0.512457,pre_context,20260508_211709_authorized_keys_W9jmSO,20260508_211655_dirtyfrag_root_authorized_keys_X5ChW3,persistence_auth/authorized_keys,persistence_auth,root_session,unlink,yes,0,/usr/bin/git,git,,bash ./baseline_workload.sh worker 20260509_041538,/home/analyst/baseline_workload/run_20260509_041538/projects/project_2/repo_8517,/home/analyst/baseline_workload/run_20260509_041538/projects/project_2/repo_8517/.git/,/home/analyst/baseline_workload/run_20260509_041538/projects/project_2/repo_8517/.git/|/home/analyst/baseline_workload/run_20260509_041538/projects/project_2/repo_8517/.git/HEAD.lock,1000,1000,1000,16856,16851,(none),25,home_activity,benign,
1778300228,14546,-0.512457,pre_context,20260508_211709_authorized_keys_W9jmSO,20260508_211655_dirtyfrag_root_authorized_keys_X5ChW3,persistence_auth/authorized_keys,persistence_auth,root_session,unlink,no,-2,/usr/bin/git,git,,bash ./baseline_workload.sh worker 20260509_041538,/home/analyst/baseline_workload/run_20260509_041538/projects/project_2/repo_8517,.git/,.git/,1000,1000,1000,16856,16851,(none),25,home_activity,benign,
1778300228,14547,-0.512457,pre_context,20260508_211709_authorized_keys_W9jmSO,20260508_211655_dirtyfrag_root_authorized_keys_X5ChW3,persistence_auth/authorized_keys,persistence_auth,root_session,unlink,no,-2,/usr/bin/git,git,,bash ./baseline_workload.sh worker 20260509_041538,/home/analyst/baseline_workload/run_20260509_041538/projects/project_2/repo_8517,.git/,.git/,1000,1000,1000,16856,16851,(none),25,home_activity,benign,
1778300228,14548,-0.512457,pre_context,20260508_211709_authorized_keys_W9jmSO,20260508_211655_dirtyfrag_root_authorized_keys_X5ChW3,persistence_auth/authorized_keys,persistence_auth,root_session,unlink,no,-2,/usr/bin/git,git,,bash ./baseline_workload.sh worker 20260509_041538,/home/analyst/baseline_workload/run_20260509_041538/projects/project_2/repo_8517,.git/,.git/,1000,1000,1000,16856,16851,(none),25,home_activity,benign,
1778300228,14549,-0.512457,pre_context,20260508_211709_authorized_keys_W9jmSO,20260508_211655_dirtyfrag_root_authorized_keys_X5ChW3,persistence_auth/authorized_keys,persistence_auth,root_session,unlink,no,-2,/usr/bin/git,git,,bash ./baseline_workload.sh worker 20260509_041538,/home/analyst/baseline_workload/run_20260509_041538/projects/project_2/repo_8517,.git/,.git/,1000,1000,1000,16856,16851,(none),25,home_activity,benign,
1778300228,14550,-0.512457,pre_context,20260508_211709_authorized_keys_W9jmSO,20260508_211655_dirtyfrag_root_authorized_keys_X5ChW3,persistence_auth/authorized_keys,persistence_auth,root_session,unlink,no,-2,/usr/bin/git,git,,bash ./baseline_workload.sh worker 20260509_041538,/home/analyst/baseline_workload/run_20260509_041538/projects/project_2/repo_8517,.git/,.git/,1000,1000,1000,16856,16851,(none),25,home_activity,benign,
1778300228,14551,-0.511457,pre_context,20260508_211709_authorized_keys_W9jmSO,20260508_211655_dirtyfrag_root_authorized_keys_X5ChW3,persistence_auth/authorized_keys,persistence_auth,root_session,execve,yes,0,/usr/lib/git-core/git,git,/usr/lib/git-core/git maintenance run --auto --no-quiet,/usr/lib/git-core/git maintenance run --auto --no-quiet,/home/analyst/baseline_workload/run_20260509_041538/projects/project_2/repo_8517,/usr/lib/git-core/git,/usr/lib/git-core/git|/lib64/ld-linux-x86-64.so.2,1000,1000,1000,16857,16856,(none),25,exec,benign,
1778300228,14552,-0.506457,pre_context,20260508_211709_authorized_keys_W9jmSO,20260508_211655_dirtyfrag_root_authorized_keys_X5ChW3,persistence_auth/authorized_keys,persistence_auth,root_session,openat,yes,3,/usr/lib/git-core/git,git,,/usr/lib/git-core/git maintenance run --auto --no-quiet,/home/analyst/baseline_workload/run_20260509_041538/projects/project_2/repo_8517,/home/analyst/baseline_workload/run_20260509_041538/projects/project_2/repo_8517/.git/objects/,/home/analyst/baseline_workload/run_20260509_041538/projects/project_2/repo_8517/.git/objects/|/home/analyst/baseline_workload/run_20260509_041538/projects/project_2/repo_8517/.git/objects/maintenance.lock,1000,1000,1000,16857,16856,(none),25,home_activity,benign,
1778300228,14553,-0.505457,pre_context,20260508_211709_authorized_keys_W9jmSO,20260508_211655_dirtyfrag_root_authorized_keys_X5ChW3,persistence_auth/authorized_keys,persistence_auth,root_session,unlink,yes,0,/usr/lib/git-core/git,git,,/usr/lib/git-core/git maintenance run --auto --no-quiet,/home/analyst/baseline_workload/run_20260509_041538/projects/project_2/repo_8517,/home/analyst/baseline_workload/run_20260509_041538/projects/project_2/repo_8517/.git/objects/,/home/analyst/baseline_workload/run_20260509_041538/projects/project_2/repo_8517/.git/objects/|/home/analyst/baseline_workload/run_20260509_041538/projects/project_2/repo_8517/.git/objects/maintenance.lock,1000,1000,1000,16857,16856,(none),25,home_activity,benign,
1778300228,14554,-0.505457,pre_context,20260508_211709_authorized_keys_W9jmSO,20260508_211655_dirtyfrag_root_authorized_keys_X5ChW3,persistence_auth/authorized_keys,persistence_auth,root_session,execve,yes,0,/usr/bin/sleep,sleep,sleep 3,sleep 3,/home/analyst/baseline_workload/run_20260509_041538,/usr/bin/sleep,/usr/bin/sleep|/lib64/ld-linux-x86-64.so.2,1000,1000,1000,16858,15400,(none),25,exec,benign,
1778300228,14555,-0.478457,pre_context,20260508_211709_authorized_keys_W9jmSO,20260508_211655_dirtyfrag_root_authorized_keys_X5ChW3,persistence_auth/authorized_keys,persistence_auth,root_session,connect,no,-2,/usr/sbin/sshd,sshd,,/usr/sbin/sshd -D -R,/,/var/run/nscd/socket,/var/run/nscd/socket,0,0,4294967295,16845,9653,(none),4294967295,network_connect,benign,
1778300228,14556,-0.478457,pre_context,20260508_211709_authorized_keys_W9jmSO,20260508_211655_dirtyfrag_root_authorized_keys_X5ChW3,persistence_auth/authorized_keys,persistence_auth,root_session,connect,no,-2,/usr/sbin/sshd,sshd,,/usr/sbin/sshd -D -R,/,/var/run/nscd/socket,/var/run/nscd/socket,0,0,4294967295,16845,9653,(none),4294967295,network_connect,benign,
1778300228,14557,-0.478457,pre_context,20260508_211709_authorized_keys_W9jmSO,20260508_211655_dirtyfrag_root_authorized_keys_X5ChW3,persistence_auth/authorized_keys,persistence_auth,root_session,connect,yes,0,/usr/sbin/sshd,sshd,,/usr/sbin/sshd -D -R,/,/run/systemd/userdb/io.systemd.DynamicUser,/run/systemd/userdb/io.systemd.DynamicUser,0,0,4294967295,16845,9653,(none),4294967295,network_connect,benign,
1778300228,14558,-0.477457,pre_context,20260508_211709_authorized_keys_W9jmSO,20260508_211655_dirtyfrag_root_authorized_keys_X5ChW3,persistence_auth/authorized_keys,persistence_auth,root_session,setresgid,yes,0,/usr/sbin/sshd,sshd,,/usr/sbin/sshd -D -R,,,,0,0,4294967295,16845,9653,(none),4294967295,privilege_transition,benign,
1778300228,14559,-0.477457,pre_context,20260508_211709_authorized_keys_W9jmSO,20260508_211655_dirtyfrag_root_authorized_keys_X5ChW3,persistence_auth/authorized_keys,persistence_auth,root_session,setresuid,yes,0,/usr/sbin/sshd,sshd,,/usr/sbin/sshd -D -R,,,,0,1001,4294967295,16845,9653,(none),4294967295,privilege_transition,benign,
1778300228,14560,-0.477457,pre_context,20260508_211709_authorized_keys_W9jmSO,20260508_211655_dirtyfrag_root_authorized_keys_X5ChW3,persistence_auth/authorized_keys,persistence_auth,root_session,setresuid,yes,0,/usr/sbin/sshd,sshd,,/usr/sbin/sshd -D -R,,,,0,0,4294967295,16845,9653,(none),4294967295,privilege_transition,benign,
1778300228,14561,-0.477457,pre_context,20260508_211709_authorized_keys_W9jmSO,20260508_211655_dirtyfrag_root_authorized_keys_X5ChW3,persistence_auth/authorized_keys,persistence_auth,root_session,setresgid,yes,0,/usr/sbin/sshd,sshd,,/usr/sbin/sshd -D -R,,,,0,0,4294967295,16845,9653,(none),4294967295,privilege_transition,benign,
1778300228,14562,-0.477457,pre_context,20260508_211709_authorized_keys_W9jmSO,20260508_211655_dirtyfrag_root_authorized_keys_X5ChW3,persistence_auth/authorized_keys,persistence_auth,root_session,setresgid,yes,0,/usr/sbin/sshd,sshd,,/usr/sbin/sshd -D -R,,,,0,0,4294967295,16845,9653,(none),4294967295,privilege_transition,benign,
1778300228,14563,-0.477457,pre_context,20260508_211709_authorized_keys_W9jmSO,20260508_211655_dirtyfrag_root_authorized_keys_X5ChW3,persistence_auth/authorized_keys,persistence_auth,root_session,setresuid,yes,0,/usr/sbin/sshd,sshd,,/usr/sbin/sshd -D -R,,,,0,1001,4294967295,16845,9653,(none),4294967295,privilege_transition,benign,
1778300228,14564,-0.477457,pre_context,20260508_211709_authorized_keys_W9jmSO,20260508_211655_dirtyfrag_root_authorized_keys_X5ChW3,persistence_auth/authorized_keys,persistence_auth,root_session,setresuid,yes,0,/usr/sbin/sshd,sshd,,/usr/sbin/sshd -D -R,,,,0,0,4294967295,16845,9653,(none),4294967295,privilege_transition,benign,
1778300228,14565,-0.477457,pre_context,20260508_211709_authorized_keys_W9jmSO,20260508_211655_dirtyfrag_root_authorized_keys_X5ChW3,persistence_auth/authorized_keys,persistence_auth,root_session,setresgid,yes,0,/usr/sbin/sshd,sshd,,/usr/sbin/sshd -D -R,,,,0,0,4294967295,16845,9653,(none),4294967295,privilege_transition,benign,
1778300228,14566,-0.477457,pre_context,20260508_211709_authorized_keys_W9jmSO,20260508_211655_dirtyfrag_root_authorized_keys_X5ChW3,persistence_auth/authorized_keys,persistence_auth,root_session,,,,,,,,,,,,,,,,,,,benign,
1778300228,14567,-0.469457,pre_context,20260508_211709_authorized_keys_W9jmSO,20260508_211655_dirtyfrag_root_authorized_keys_X5ChW3,persistence_auth/authorized_keys,persistence_auth,root_session,setresgid,yes,0,/usr/sbin/sshd,sshd,,/usr/sbin/sshd -D -R,,,,0,0,4294967295,16845,9653,(none),4294967295,privilege_transition,benign,
1778300228,14568,-0.469457,pre_context,20260508_211709_authorized_keys_W9jmSO,20260508_211655_dirtyfrag_root_authorized_keys_X5ChW3,persistence_auth/authorized_keys,persistence_auth,root_session,setresuid,yes,0,/usr/sbin/sshd,sshd,,/usr/sbin/sshd -D -R,,,,0,1001,4294967295,16845,9653,(none),4294967295,privilege_transition,benign,
1778300228,14569,-0.469457,pre_context,20260508_211709_authorized_keys_W9jmSO,20260508_211655_dirtyfrag_root_authorized_keys_X5ChW3,persistence_auth/authorized_keys,persistence_auth,root_session,setresuid,yes,0,/usr/sbin/sshd,sshd,,/usr/sbin/sshd -D -R,,,,0,0,4294967295,16845,9653,(none),4294967295,privilege_transition,benign,
1778300228,14570,-0.469457,pre_context,20260508_211709_authorized_keys_W9jmSO,20260508_211655_dirtyfrag_root_authorized_keys_X5ChW3,persistence_auth/authorized_keys,persistence_auth,root_session,setresgid,yes,0,/usr/sbin/sshd,sshd,,/usr/sbin/sshd -D -R,,,,0,0,4294967295,16845,9653,(none),4294967295,privilege_transition,benign,
1778300228,14571,-0.469457,pre_context,20260508_211709_authorized_keys_W9jmSO,20260508_211655_dirtyfrag_root_authorized_keys_X5ChW3,persistence_auth/authorized_keys,persistence_auth,root_session,setresgid,yes,0,/usr/sbin/sshd,sshd,,/usr/sbin/sshd -D -R,,,,0,0,4294967295,16845,9653,(none),4294967295,privilege_transition,benign,
1778300228,14572,-0.469457,pre_context,20260508_211709_authorized_keys_W9jmSO,20260508_211655_dirtyfrag_root_authorized_keys_X5ChW3,persistence_auth/authorized_keys,persistence_auth,root_session,setresuid,yes,0,/usr/sbin/sshd,sshd,,/usr/sbin/sshd -D -R,,,,0,1001,4294967295,16845,9653,(none),4294967295,privilege_transition,benign,
1778300228,14573,-0.469457,pre_context,20260508_211709_authorized_keys_W9jmSO,20260508_211655_dirtyfrag_root_authorized_keys_X5ChW3,persistence_auth/authorized_keys,persistence_auth,root_session,setresuid,yes,0,/usr/sbin/sshd,sshd,,/usr/sbin/sshd -D -R,,,,0,0,4294967295,16845,9653,(none),4294967295,privilege_transition,benign,
1778300228,14574,-0.469457,pre_context,20260508_211709_authorized_keys_W9jmSO,20260508_211655_dirtyfrag_root_authorized_keys_X5ChW3,persistence_auth/authorized_keys,persistence_auth,root_session,setresgid,yes,0,/usr/sbin/sshd,sshd,,/usr/sbin/sshd -D -R,,,,0,0,4294967295,16845,9653,(none),4294967295,privilege_transition,benign,
1778300228,14575,-0.469457,pre_context,20260508_211709_authorized_keys_W9jmSO,20260508_211655_dirtyfrag_root_authorized_keys_X5ChW3,persistence_auth/authorized_keys,persistence_auth,root_session,,,,,,,,,,,,,,,,,,,benign,
1778300228,14576,-0.436457,pre_context,20260508_211709_authorized_keys_W9jmSO,20260508_211655_dirtyfrag_root_authorized_keys_X5ChW3,persistence_auth/authorized_keys,persistence_auth,root_session,connect,yes,0,/usr/sbin/sshd,sshd,,/usr/sbin/sshd -D -R,/,/run/systemd/userdb/io.systemd.DynamicUser,/run/systemd/userdb/io.systemd.DynamicUser,0,0,4294967295,16845,9653,(none),4294967295,network_connect,benign,
1778300228,14577,-0.436457,pre_context,20260508_211709_authorized_keys_W9jmSO,20260508_211655_dirtyfrag_root_authorized_keys_X5ChW3,persistence_auth/authorized_keys,persistence_auth,root_session,,,,,,,,,,,,,,,,,,,benign,
1778300228,14578,-0.428457,pre_context,20260508_211709_authorized_keys_W9jmSO,20260508_211655_dirtyfrag_root_authorized_keys_X5ChW3,persistence_auth/authorized_keys,persistence_auth,root_session,,,,,,,,,,,,,,,,,,,benign,
1778300228,14579,-0.428457,pre_context,20260508_211709_authorized_keys_W9jmSO,20260508_211655_dirtyfrag_root_authorized_keys_X5ChW3,persistence_auth/authorized_keys,persistence_auth,root_session,connect,yes,0,/usr/sbin/sshd,sshd,,/usr/sbin/sshd -D -R,/,/dev/log,/dev/log,0,0,4294967295,16845,9653,(none),4294967295,network_connect,benign,
1778300228,14580,-0.428457,pre_context,20260508_211709_authorized_keys_W9jmSO,20260508_211655_dirtyfrag_root_authorized_keys_X5ChW3,persistence_auth/authorized_keys,persistence_auth,root_session,connect,yes,0,/usr/sbin/sshd,sshd,,/usr/sbin/sshd -D -R,/,/run/systemd/userdb/io.systemd.DynamicUser,/run/systemd/userdb/io.systemd.DynamicUser,0,0,4294967295,16845,9653,(none),4294967295,network_connect,benign,
1778300228,14581,-0.427457,pre_context,20260508_211709_authorized_keys_W9jmSO,20260508_211655_dirtyfrag_root_authorized_keys_X5ChW3,persistence_auth/authorized_keys,persistence_auth,root_session,126,yes,0,/usr/sbin/sshd,sshd,,/usr/sbin/sshd -D -R,,,,0,0,4294967295,16845,9653,(none),4294967295,privilege_transition,benign,
1778300228,14582,-0.427457,pre_context,20260508_211709_authorized_keys_W9jmSO,20260508_211655_dirtyfrag_root_authorized_keys_X5ChW3,persistence_auth/authorized_keys,persistence_auth,root_session,,,,,,,,,,,,,,,,,,,benign,
1778300228,14583,-0.427457,pre_context,20260508_211709_authorized_keys_W9jmSO,20260508_211655_dirtyfrag_root_authorized_keys_X5ChW3,persistence_auth/authorized_keys,persistence_auth,root_session,77,yes,0,/usr/sbin/sshd,sshd,,/usr/sbin/sshd -D -R,,,,0,0,4294967295,16845,9653,(none),4294967295,file_destroy,benign,
1778300228,14584,-0.427457,pre_context,20260508_211709_authorized_keys_W9jmSO,20260508_211655_dirtyfrag_root_authorized_keys_X5ChW3,persistence_auth/authorized_keys,persistence_auth,root_session,write,yes,4,/usr/sbin/sshd,sshd,,/usr/sbin/sshd -D -R,,,,0,0,1001,16845,9653,(none),43,(null),benign,
1778300228,14585,-0.427457,pre_context,20260508_211709_authorized_keys_W9jmSO,20260508_211655_dirtyfrag_root_authorized_keys_X5ChW3,persistence_auth/authorized_keys,persistence_auth,root_session,114,yes,0,/usr/sbin/sshd,sshd,,/usr/sbin/sshd -D -R,,,,0,0,1001,16845,9653,(none),43,privilege_transition,benign,
1778300228,14586,-0.427457,pre_context,20260508_211709_authorized_keys_W9jmSO,20260508_211655_dirtyfrag_root_authorized_keys_X5ChW3,persistence_auth/authorized_keys,persistence_auth,root_session,113,yes,0,/usr/sbin/sshd,sshd,,/usr/sbin/sshd -D -R,,,,1001,0,1001,16845,9653,(none),43,privilege_transition,benign,
1778300228,14587,-0.427457,pre_context,20260508_211709_authorized_keys_W9jmSO,20260508_211655_dirtyfrag_root_authorized_keys_X5ChW3,persistence_auth/authorized_keys,persistence_auth,root_session,113,yes,0,/usr/sbin/sshd,sshd,,/usr/sbin/sshd -D -R,,,,0,0,1001,16845,9653,(none),43,privilege_transition,benign,
1778300228,14588,-0.427457,pre_context,20260508_211709_authorized_keys_W9jmSO,20260508_211655_dirtyfrag_root_authorized_keys_X5ChW3,persistence_auth/authorized_keys,persistence_auth,root_session,114,yes,0,/usr/sbin/sshd,sshd,,/usr/sbin/sshd -D -R,,,,0,0,1001,16845,9653,(none),43,privilege_transition,benign,
1778300228,14589,-0.427457,pre_context,20260508_211709_authorized_keys_W9jmSO,20260508_211655_dirtyfrag_root_authorized_keys_X5ChW3,persistence_auth/authorized_keys,persistence_auth,root_session,connect,yes,0,/usr/sbin/sshd,sshd,,/usr/sbin/sshd -D -R,/,/dev/log,/dev/log,0,0,1001,16845,9653,(none),43,network_connect,benign,
1778300228,14590,-0.427457,pre_context,20260508_211709_authorized_keys_W9jmSO,20260508_211655_dirtyfrag_root_authorized_keys_X5ChW3,persistence_auth/authorized_keys,persistence_auth,root_session,connect,no,-2,/usr/sbin/sshd,sshd,,/usr/sbin/sshd -D -R,/,/run/systemd/userdb/io.systemd.Multiplexer,/run/systemd/userdb/io.systemd.Multiplexer,0,0,1001,16845,9653,(none),43,network_connect,benign,
1778300228,14591,-0.427457,pre_context,20260508_211709_authorized_keys_W9jmSO,20260508_211655_dirtyfrag_root_authorized_keys_X5ChW3,persistence_auth/authorized_keys,persistence_auth,root_session,connect,yes,0,/usr/sbin/sshd,sshd,,/usr/sbin/sshd -D -R,/,/run/systemd/userdb/io.systemd.DynamicUser,/run/systemd/userdb/io.systemd.DynamicUser,0,0,1001,16845,9653,(none),43,network_connect,benign,
1778300228,14592,-0.427457,pre_context,20260508_211709_authorized_keys_W9jmSO,20260508_211655_dirtyfrag_root_authorized_keys_X5ChW3,persistence_auth/authorized_keys,persistence_auth,root_session,connect,yes,0,/usr/sbin/sshd,sshd,,/usr/sbin/sshd -D -R,/,/run/dbus/system_bus_socket,/run/dbus/system_bus_socket,0,0,1001,16845,9653,(none),43,network_connect,benign,
1778300228,14593,-0.416457,pre_context,20260508_211709_authorized_keys_W9jmSO,20260508_211655_dirtyfrag_root_authorized_keys_X5ChW3,persistence_auth/authorized_keys,persistence_auth,root_session,execve,yes,0,/usr/bin/dash,sh,sh -c -- /usr/bin/env -i PATH=/usr/local/sbin:/usr/local/bin:/usr/sbin:/usr/bin:/sbin:/bin run-parts --lsbsysinit /etc/update-motd.d > /run/motd.dynamic.new,sh -c -- /usr/bin/env -i PATH=/usr/local/sbin:/usr/local/bin:/usr/sbin:/usr/bin:/sbin:/bin run-parts --lsbsysinit /etc/update-mo,/,/bin/sh,/bin/sh|/lib64/ld-linux-x86-64.so.2,0,0,1001,16859,16845,(none),43,exec,benign,
1778300228,14594,-0.416457,pre_context,20260508_211709_authorized_keys_W9jmSO,20260508_211655_dirtyfrag_root_authorized_keys_X5ChW3,persistence_auth/authorized_keys,persistence_auth,root_session,execve,yes,0,/usr/bin/env,env,/usr/bin/env -i PATH=/usr/local/sbin:/usr/local/bin:/usr/sbin:/usr/bin:/sbin:/bin run-parts --lsbsysinit /etc/update-motd.d,/usr/bin/env -i PATH=/usr/local/sbin:/usr/local/bin:/usr/sbin:/usr/bin:/sbin:/bin run-parts --lsbsysinit /etc/update-motd.d,/,/usr/bin/env,/usr/bin/env|/lib64/ld-linux-x86-64.so.2,0,0,1001,16860,16859,(none),43,exec,benign,
1778300228,14595,-0.415457,pre_context,20260508_211709_authorized_keys_W9jmSO,20260508_211655_dirtyfrag_root_authorized_keys_X5ChW3,persistence_auth/authorized_keys,persistence_auth,root_session,execve,no,-2,/usr/bin/env,env,,/usr/bin/env -i PATH=/usr/local/sbin:/usr/local/bin:/usr/sbin:/usr/bin:/sbin:/bin run-parts --lsbsysinit /etc/update-motd.d,/,/usr/local/sbin/run-parts,/usr/local/sbin/run-parts,0,0,1001,16860,16859,(none),43,exec,benign,
1778300228,14596,-0.415457,pre_context,20260508_211709_authorized_keys_W9jmSO,20260508_211655_dirtyfrag_root_authorized_keys_X5ChW3,persistence_auth/authorized_keys,persistence_auth,root_session,execve,no,-2,/usr/bin/env,env,,/usr/bin/env -i PATH=/usr/local/sbin:/usr/local/bin:/usr/sbin:/usr/bin:/sbin:/bin run-parts --lsbsysinit /etc/update-motd.d,/,/usr/local/bin/run-parts,/usr/local/bin/run-parts,0,0,1001,16860,16859,(none),43,exec,benign,
1778300228,14597,-0.415457,pre_context,20260508_211709_authorized_keys_W9jmSO,20260508_211655_dirtyfrag_root_authorized_keys_X5ChW3,persistence_auth/authorized_keys,persistence_auth,root_session,execve,no,-2,/usr/bin/env,env,,/usr/bin/env -i PATH=/usr/local/sbin:/usr/local/bin:/usr/sbin:/usr/bin:/sbin:/bin run-parts --lsbsysinit /etc/update-motd.d,/,/usr/sbin/run-parts,/usr/sbin/run-parts,0,0,1001,16860,16859,(none),43,exec,benign,
1778300228,14598,-0.415457,pre_context,20260508_211709_authorized_keys_W9jmSO,20260508_211655_dirtyfrag_root_authorized_keys_X5ChW3,persistence_auth/authorized_keys,persistence_auth,root_session,execve,yes,0,/usr/bin/run-parts,run-parts,run-parts --lsbsysinit /etc/update-motd.d,/usr/bin/env -i PATH=/usr/local/sbin:/usr/local/bin:/usr/sbin:/usr/bin:/sbin:/bin run-parts --lsbsysinit /etc/update-motd.d,/,/usr/bin/run-parts,/usr/bin/run-parts|/lib64/ld-linux-x86-64.so.2,0,0,1001,16860,16859,(none),43,exec,benign,
1778300228,14599,-0.414457,pre_context,20260508_211709_authorized_keys_W9jmSO,20260508_211655_dirtyfrag_root_authorized_keys_X5ChW3,persistence_auth/authorized_keys,persistence_auth,root_session,execve,yes,0,/usr/bin/dash,00-header,/bin/sh /etc/update-motd.d/00-header,/bin/sh /etc/update-motd.d/00-header,/,/etc/update-motd.d/00-header,/etc/update-motd.d/00-header|/bin/sh|/lib64/ld-linux-x86-64.so.2,0,0,1001,16861,16860,(none),43,exec,benign,
1778300228,14600,-0.411457,pre_context,20260508_211709_authorized_keys_W9jmSO,20260508_211655_dirtyfrag_root_authorized_keys_X5ChW3,persistence_auth/authorized_keys,persistence_auth,root_session,execve,yes,0,/usr/bin/uname,uname,uname -o,uname -o,/,/usr/bin/uname,/usr/bin/uname|/lib64/ld-linux-x86-64.so.2,0,0,1001,16862,16861,(none),43,exec,benign,
1778300228,14601,-0.410457,pre_context,20260508_211709_authorized_keys_W9jmSO,20260508_211655_dirtyfrag_root_authorized_keys_X5ChW3,persistence_auth/authorized_keys,persistence_auth,root_session,execve,yes,0,/usr/bin/uname,uname,uname -r,uname -r,/,/usr/bin/uname,/usr/bin/uname|/lib64/ld-linux-x86-64.so.2,0,0,1001,16863,16861,(none),43,exec,benign,
1778300228,14602,-0.409457,pre_context,20260508_211709_authorized_keys_W9jmSO,20260508_211655_dirtyfrag_root_authorized_keys_X5ChW3,persistence_auth/authorized_keys,persistence_auth,root_session,execve,yes,0,/usr/bin/uname,uname,uname -m,uname -m,/,/usr/bin/uname,/usr/bin/uname|/lib64/ld-linux-x86-64.so.2,0,0,1001,16864,16861,(none),43,exec,benign,
1778300228,14603,-0.408457,pre_context,20260508_211709_authorized_keys_W9jmSO,20260508_211655_dirtyfrag_root_authorized_keys_X5ChW3,persistence_auth/authorized_keys,persistence_auth,root_session,execve,yes,0,/usr/bin/dash,10-help-text,/bin/sh /etc/update-motd.d/10-help-text,/bin/sh /etc/update-motd.d/10-help-text,/,/etc/update-motd.d/10-help-text,/etc/update-motd.d/10-help-text|/bin/sh|/lib64/ld-linux-x86-64.so.2,0,0,1001,16865,16860,(none),43,exec,benign,
1778300228,14604,-0.407457,pre_context,20260508_211709_authorized_keys_W9jmSO,20260508_211655_dirtyfrag_root_authorized_keys_X5ChW3,persistence_auth/authorized_keys,persistence_auth,root_session,execve,yes,0,/usr/bin/dash,50-landscape-sy,/bin/sh /etc/update-motd.d/50-landscape-sysinfo,/bin/sh /etc/update-motd.d/50-landscape-sysinfo,/,/etc/update-motd.d/50-landscape-sysinfo,/etc/update-motd.d/50-landscape-sysinfo|/bin/sh|/lib64/ld-linux-x86-64.so.2,0,0,1001,16866,16860,(none),43,exec,benign,
1778300228,14605,-0.406457,pre_context,20260508_211709_authorized_keys_W9jmSO,20260508_211655_dirtyfrag_root_authorized_keys_X5ChW3,persistence_auth/authorized_keys,persistence_auth,root_session,execve,yes,0,/usr/bin/find,find,find /var/lib/landscape/landscape-sysinfo.cache -newermt now-1 minutes,find /var/lib/landscape/landscape-sysinfo.cache -newermt now-1 minutes,/,/usr/bin/find,/usr/bin/find|/lib64/ld-linux-x86-64.so.2,0,0,1001,16867,16866,(none),43,exec,benign,
1778300228,14606,-0.404457,pre_context,20260508_211709_authorized_keys_W9jmSO,20260508_211655_dirtyfrag_root_authorized_keys_X5ChW3,persistence_auth/authorized_keys,persistence_auth,root_session,execve,yes,0,/usr/bin/cat,cat,cat /var/lib/landscape/landscape-sysinfo.cache,cat /var/lib/landscape/landscape-sysinfo.cache,/,/usr/bin/cat,/usr/bin/cat|/lib64/ld-linux-x86-64.so.2,0,0,1001,16868,16866,(none),43,exec,benign,
1778300228,14607,-0.403457,pre_context,20260508_211709_authorized_keys_W9jmSO,20260508_211655_dirtyfrag_root_authorized_keys_X5ChW3,persistence_auth/authorized_keys,persistence_auth,root_session,execve,yes,0,/usr/bin/dash,50-motd-news,/bin/sh /etc/update-motd.d/50-motd-news,/bin/sh /etc/update-motd.d/50-motd-news,/,/etc/update-motd.d/50-motd-news,/etc/update-motd.d/50-motd-news|/bin/sh|/lib64/ld-linux-x86-64.so.2,0,0,1001,16869,16860,(none),43,exec,benign,
1778300228,14608,-0.402457,pre_context,20260508_211709_authorized_keys_W9jmSO,20260508_211655_dirtyfrag_root_authorized_keys_X5ChW3,persistence_auth/authorized_keys,persistence_auth,root_session,execve,yes,0,/usr/bin/head,head,head -n 10,head -n 10,/,/usr/bin/head,/usr/bin/head|/lib64/ld-linux-x86-64.so.2,0,0,1001,16871,16869,(none),43,exec,benign,
1778300228,14609,-0.402457,pre_context,20260508_211709_authorized_keys_W9jmSO,20260508_211655_dirtyfrag_root_authorized_keys_X5ChW3,persistence_auth/authorized_keys,persistence_auth,root_session,execve,yes,0,/usr/bin/cat,cat,cat /var/cache/motd-news,cat /var/cache/motd-news,/,/usr/bin/cat,/usr/bin/cat|/lib64/ld-linux-x86-64.so.2,0,0,1001,16870,16869,(none),43,exec,benign,
1778300228,14610,-0.401457,pre_context,20260508_211709_authorized_keys_W9jmSO,20260508_211655_dirtyfrag_root_authorized_keys_X5ChW3,persistence_auth/authorized_keys,persistence_auth,root_session,execve,yes,0,/usr/bin/tr,tr,tr -d \000-\011\013\014\016-\037,tr -d \000-\011\013\014\016-\037,/,/usr/bin/tr,/usr/bin/tr|/lib64/ld-linux-x86-64.so.2,0,0,1001,16872,16869,(none),43,exec,benign,
1778300228,14611,-0.401457,pre_context,20260508_211709_authorized_keys_W9jmSO,20260508_211655_dirtyfrag_root_authorized_keys_X5ChW3,persistence_auth/authorized_keys,persistence_auth,root_session,execve,yes,0,/usr/bin/cut,cut,cut -c -80,cut -c -80,/,/usr/bin/cut,/usr/bin/cut|/lib64/ld-linux-x86-64.so.2,0,0,1001,16873,16869,(none),43,exec,benign,
1778300228,14612,-0.399457,pre_context,20260508_211709_authorized_keys_W9jmSO,20260508_211655_dirtyfrag_root_authorized_keys_X5ChW3,persistence_auth/authorized_keys,persistence_auth,root_session,execve,yes,0,/usr/bin/dash,85-fwupd,/bin/sh /etc/update-motd.d/85-fwupd,/bin/sh /etc/update-motd.d/85-fwupd,/,/etc/update-motd.d/85-fwupd,/etc/update-motd.d/85-fwupd|/bin/sh|/lib64/ld-linux-x86-64.so.2,0,0,1001,16874,16860,(none),43,exec,benign,
1778300228,14613,-0.398457,pre_context,20260508_211709_authorized_keys_W9jmSO,20260508_211655_dirtyfrag_root_authorized_keys_X5ChW3,persistence_auth/authorized_keys,persistence_auth,root_session,execve,yes,0,/usr/bin/cat,cat,cat /run/motd.d/85-fwupd,cat /run/motd.d/85-fwupd,/,/usr/bin/cat,/usr/bin/cat|/lib64/ld-linux-x86-64.so.2,0,0,1001,16875,16874,(none),43,exec,benign,
1778300228,14614,-0.396457,pre_context,20260508_211709_authorized_keys_W9jmSO,20260508_211655_dirtyfrag_root_authorized_keys_X5ChW3,persistence_auth/authorized_keys,persistence_auth,root_session,execve,yes,0,/usr/bin/dash,90-updates-avai,/bin/sh /etc/update-motd.d/90-updates-available,/bin/sh /etc/update-motd.d/90-updates-available,/,/etc/update-motd.d/90-updates-available,/etc/update-motd.d/90-updates-available|/bin/sh|/lib64/ld-linux-x86-64.so.2,0,0,1001,16876,16860,(none),43,exec,benign,
1778300228,14615,-0.396457,pre_context,20260508_211709_authorized_keys_W9jmSO,20260508_211655_dirtyfrag_root_authorized_keys_X5ChW3,persistence_auth/authorized_keys,persistence_auth,root_session,execve,yes,0,/usr/bin/cat,cat,cat /var/lib/update-notifier/updates-available,cat /var/lib/update-notifier/updates-available,/,/usr/bin/cat,/usr/bin/cat|/lib64/ld-linux-x86-64.so.2,0,0,1001,16877,16876,(none),43,exec,benign,
1778300228,14616,-0.394457,pre_context,20260508_211709_authorized_keys_W9jmSO,20260508_211655_dirtyfrag_root_authorized_keys_X5ChW3,persistence_auth/authorized_keys,persistence_auth,root_session,execve,yes,0,/usr/bin/find,find,find /var/lib/update-notifier/updates-available -newermt now-7 days,find /var/lib/update-notifier/updates-available -newermt now-7 days,/,/usr/bin/find,/usr/bin/find|/lib64/ld-linux-x86-64.so.2,0,0,1001,16878,16876,(none),43,exec,benign,
1778300228,14617,-0.394457,pre_context,20260508_211709_authorized_keys_W9jmSO,20260508_211655_dirtyfrag_root_authorized_keys_X5ChW3,persistence_auth/authorized_keys,persistence_auth,root_session,execve,yes,0,/usr/bin/grep,grep,grep -q -m 1 .,grep -q -m 1 .,/,/usr/bin/grep,/usr/bin/grep|/lib64/ld-linux-x86-64.so.2,0,0,1001,16879,16876,(none),43,exec,benign,
1778300228,14618,-0.392457,pre_context,20260508_211709_authorized_keys_W9jmSO,20260508_211655_dirtyfrag_root_authorized_keys_X5ChW3,persistence_auth/authorized_keys,persistence_auth,root_session,execve,yes,0,/usr/bin/dash,91-contract-ua-,/bin/sh /etc/update-motd.d/91-contract-ua-esm-status,/bin/sh /etc/update-motd.d/91-contract-ua-esm-status,/,/etc/update-motd.d/91-contract-ua-esm-status,/etc/update-motd.d/91-contract-ua-esm-status|/bin/sh|/lib64/ld-linux-x86-64.so.2,0,0,1001,16880,16860,(none),43,exec,benign,
1778300228,14619,-0.391457,pre_context,20260508_211709_authorized_keys_W9jmSO,20260508_211655_dirtyfrag_root_authorized_keys_X5ChW3,persistence_auth/authorized_keys,persistence_auth,root_session,execve,yes,0,/usr/bin/dash,91-release-upgr,/bin/sh /etc/update-motd.d/91-release-upgrade,/bin/sh /etc/update-motd.d/91-release-upgrade,/,/etc/update-motd.d/91-release-upgrade,/etc/update-motd.d/91-release-upgrade|/bin/sh|/lib64/ld-linux-x86-64.so.2,0,0,1001,16881,16860,(none),43,exec,benign,
1778300228,14620,-0.390457,pre_context,20260508_211709_authorized_keys_W9jmSO,20260508_211655_dirtyfrag_root_authorized_keys_X5ChW3,persistence_auth/authorized_keys,persistence_auth,root_session,execve,yes,0,/usr/bin/cut,cut,cut -d -f4,cut -d -f4,/,/usr/bin/cut,/usr/bin/cut|/lib64/ld-linux-x86-64.so.2,0,0,1001,16884,16882,(none),43,exec,benign,
1778300228,14621,-0.389457,pre_context,20260508_211709_authorized_keys_W9jmSO,20260508_211655_dirtyfrag_root_authorized_keys_X5ChW3,persistence_auth/authorized_keys,persistence_auth,root_session,execve,yes,0,/usr/bin/id,id,id -u,id -u,/,/usr/bin/id,/usr/bin/id|/lib64/ld-linux-x86-64.so.2,0,0,1001,16885,16881,(none),43,exec,benign,
1778300228,14622,-0.388457,pre_context,20260508_211709_authorized_keys_W9jmSO,20260508_211655_dirtyfrag_root_authorized_keys_X5ChW3,persistence_auth/authorized_keys,persistence_auth,root_session,execve,yes,0,/usr/bin/dash,release-upgrade,/bin/sh -e /usr/lib/ubuntu-release-upgrader/release-upgrade-motd,/bin/sh /etc/update-motd.d/91-release-upgrade,/,/usr/lib/ubuntu-release-upgrader/release-upgrade-motd,/usr/lib/ubuntu-release-upgrader/release-upgrade-motd|/bin/sh|/lib64/ld-linux-x86-64.so.2,0,0,1001,16881,16860,(none),43,exec,benign,
1778300228,14623,-0.387457,pre_context,20260508_211709_authorized_keys_W9jmSO,20260508_211655_dirtyfrag_root_authorized_keys_X5ChW3,persistence_auth/authorized_keys,persistence_auth,root_session,execve,yes,0,/usr/bin/date,date,date +%s,date +%s,/,/usr/bin/date,/usr/bin/date|/lib64/ld-linux-x86-64.so.2,0,0,1001,16886,16881,(none),43,exec,benign,
1778300228,14624,-0.385457,pre_context,20260508_211709_authorized_keys_W9jmSO,20260508_211655_dirtyfrag_root_authorized_keys_X5ChW3,persistence_auth/authorized_keys,persistence_auth,root_session,execve,yes,0,/usr/bin/stat,stat,stat -c %Y /var/lib/ubuntu-release-upgrader/release-upgrade-available,stat -c %Y /var/lib/ubuntu-release-upgrader/release-upgrade-available,/,/usr/bin/stat,/usr/bin/stat|/lib64/ld-linux-x86-64.so.2,0,0,1001,16887,16881,(none),43,exec,benign,
1778300228,14625,-0.384457,pre_context,20260508_211709_authorized_keys_W9jmSO,20260508_211655_dirtyfrag_root_authorized_keys_X5ChW3,persistence_auth/authorized_keys,persistence_auth,root_session,execve,yes,0,/usr/bin/expr,expr,expr 1778282941 + 86400,expr 1778282941 + 86400,/,/usr/bin/expr,/usr/bin/expr|/lib64/ld-linux-x86-64.so.2,0,0,1001,16888,16881,(none),43,exec,benign,
1778300228,14626,-0.383457,pre_context,20260508_211709_authorized_keys_W9jmSO,20260508_211655_dirtyfrag_root_authorized_keys_X5ChW3,persistence_auth/authorized_keys,persistence_auth,root_session,execve,yes,0,/usr/bin/dash,92-unattended-u,/bin/sh /etc/update-motd.d/92-unattended-upgrades,/bin/sh /etc/update-motd.d/92-unattended-upgrades,/,/etc/update-motd.d/92-unattended-upgrades,/etc/update-motd.d/92-unattended-upgrades|/bin/sh|/lib64/ld-linux-x86-64.so.2,0,0,1001,16889,16860,(none),43,exec,benign,
1778300228,14627,-0.382457,pre_context,20260508_211709_authorized_keys_W9jmSO,20260508_211655_dirtyfrag_root_authorized_keys_X5ChW3,persistence_auth/authorized_keys,persistence_auth,root_session,execve,yes,0,/usr/bin/dash,update-motd-una,/bin/sh /usr/share/unattended-upgrades/update-motd-unattended-upgrades,/bin/sh /etc/update-motd.d/92-unattended-upgrades,/,/usr/share/unattended-upgrades/update-motd-unattended-upgrades,/usr/share/unattended-upgrades/update-motd-unattended-upgrades|/bin/sh|/lib64/ld-linux-x86-64.so.2,0,0,1001,16889,16860,(none),43,exec,benign,
1778300228,14628,-0.380457,pre_context,20260508_211709_authorized_keys_W9jmSO,20260508_211655_dirtyfrag_root_authorized_keys_X5ChW3,persistence_auth/authorized_keys,persistence_auth,root_session,execve,yes,0,/usr/bin/dash,95-hwe-eol,/bin/sh /etc/update-motd.d/95-hwe-eol,/bin/sh /etc/update-motd.d/95-hwe-eol,/,/etc/update-motd.d/95-hwe-eol,/etc/update-motd.d/95-hwe-eol|/bin/sh|/lib64/ld-linux-x86-64.so.2,0,0,1001,16890,16860,(none),43,exec,benign,
1778300228,14629,-0.380457,pre_context,20260508_211709_authorized_keys_W9jmSO,20260508_211655_dirtyfrag_root_authorized_keys_X5ChW3,persistence_auth/authorized_keys,persistence_auth,root_session,execve,yes,0,/usr/bin/find,find,find /var/lib/update-notifier/hwe-eol -newermt now-1 days,find /var/lib/update-notifier/hwe-eol -newermt now-1 days,/,/usr/bin/find,/usr/bin/find|/lib64/ld-linux-x86-64.so.2,0,0,1001,16891,16890,(none),43,exec,benign,
1778300228,14630,-0.378457,pre_context,20260508_211709_authorized_keys_W9jmSO,20260508_211655_dirtyfrag_root_authorized_keys_X5ChW3,persistence_auth/authorized_keys,persistence_auth,root_session,execve,yes,0,/usr/bin/dash,97-overlayroot,/bin/sh /etc/update-motd.d/97-overlayroot,/bin/sh /etc/update-motd.d/97-overlayroot,/,/etc/update-motd.d/97-overlayroot,/etc/update-motd.d/97-overlayroot|/bin/sh|/lib64/ld-linux-x86-64.so.2,0,0,1001,16892,16860,(none),43,exec,benign,
1778300228,14631,-0.376457,pre_context,20260508_211709_authorized_keys_W9jmSO,20260508_211655_dirtyfrag_root_authorized_keys_X5ChW3,persistence_auth/authorized_keys,persistence_auth,root_session,execve,yes,0,/usr/bin/dash,egrep,/bin/sh /usr/bin/egrep overlayroot|/media/root-ro|/media/root-rw /proc/mounts,/bin/sh /usr/bin/egrep overlayroot|/media/root-ro|/media/root-rw /proc/mounts,/,/usr/bin/egrep,/usr/bin/egrep|/bin/sh|/lib64/ld-linux-x86-64.so.2,0,0,1001,16894,16893,(none),43,exec,benign,
1778300228,14632,-0.376457,pre_context,20260508_211709_authorized_keys_W9jmSO,20260508_211655_dirtyfrag_root_authorized_keys_X5ChW3,persistence_auth/authorized_keys,persistence_auth,root_session,execve,yes,0,/usr/bin/sort,sort,sort -r,sort -r,/,/usr/bin/sort,/usr/bin/sort|/lib64/ld-linux-x86-64.so.2,0,0,1001,16895,16893,(none),43,exec,benign,
1778300228,14633,-0.376457,pre_context,20260508_211709_authorized_keys_W9jmSO,20260508_211655_dirtyfrag_root_authorized_keys_X5ChW3,persistence_auth/authorized_keys,persistence_auth,root_session,execve,no,-2,/usr/bin/dash,egrep,,/bin/sh /usr/bin/egrep overlayroot|/media/root-ro|/media/root-rw /proc/mounts,/,/usr/local/sbin/grep,/usr/local/sbin/grep,0,0,1001,16894,16893,(none),43,exec,benign,
1778300228,14634,-0.376457,pre_context,20260508_211709_authorized_keys_W9jmSO,20260508_211655_dirtyfrag_root_authorized_keys_X5ChW3,persistence_auth/authorized_keys,persistence_auth,root_session,execve,no,-2,/usr/bin/dash,egrep,,/bin/sh /usr/bin/egrep overlayroot|/media/root-ro|/media/root-rw /proc/mounts,/,/usr/local/bin/grep,/usr/local/bin/grep,0,0,1001,16894,16893,(none),43,exec,benign,
1778300228,14635,-0.376457,pre_context,20260508_211709_authorized_keys_W9jmSO,20260508_211655_dirtyfrag_root_authorized_keys_X5ChW3,persistence_auth/authorized_keys,persistence_auth,root_session,execve,no,-2,/usr/bin/dash,egrep,,/bin/sh /usr/bin/egrep overlayroot|/media/root-ro|/media/root-rw /proc/mounts,/,/usr/sbin/grep,/usr/sbin/grep,0,0,1001,16894,16893,(none),43,exec,benign,
1778300228,14636,-0.376457,pre_context,20260508_211709_authorized_keys_W9jmSO,20260508_211655_dirtyfrag_root_authorized_keys_X5ChW3,persistence_auth/authorized_keys,persistence_auth,root_session,execve,yes,0,/usr/bin/grep,grep,grep -E overlayroot|/media/root-ro|/media/root-rw /proc/mounts,/bin/sh /usr/bin/egrep overlayroot|/media/root-ro|/media/root-rw /proc/mounts,/,/usr/bin/grep,/usr/bin/grep|/lib64/ld-linux-x86-64.so.2,0,0,1001,16894,16893,(none),43,exec,benign,
1778300228,14637,-0.374457,pre_context,20260508_211709_authorized_keys_W9jmSO,20260508_211655_dirtyfrag_root_authorized_keys_X5ChW3,persistence_auth/authorized_keys,persistence_auth,root_session,execve,yes,0,/usr/bin/dash,98-fsck-at-rebo,/bin/sh /etc/update-motd.d/98-fsck-at-reboot,/bin/sh /etc/update-motd.d/98-fsck-at-reboot,/,/etc/update-motd.d/98-fsck-at-reboot,/etc/update-motd.d/98-fsck-at-reboot|/bin/sh|/lib64/ld-linux-x86-64.so.2,0,0,1001,16896,16860,(none),43,exec,benign,
1778300228,14638,-0.373457,pre_context,20260508_211709_authorized_keys_W9jmSO,20260508_211655_dirtyfrag_root_authorized_keys_X5ChW3,persistence_auth/authorized_keys,persistence_auth,root_session,execve,yes,0,/usr/bin/dash,update-motd-fsc,/bin/sh /usr/lib/update-notifier/update-motd-fsck-at-reboot,/bin/sh /etc/update-motd.d/98-fsck-at-reboot,/,/usr/lib/update-notifier/update-motd-fsck-at-reboot,/usr/lib/update-notifier/update-motd-fsck-at-reboot|/bin/sh|/lib64/ld-linux-x86-64.so.2,0,0,1001,16896,16860,(none),43,exec,benign,
1778300228,14639,-0.372457,pre_context,20260508_211709_authorized_keys_W9jmSO,20260508_211655_dirtyfrag_root_authorized_keys_X5ChW3,persistence_auth/authorized_keys,persistence_auth,root_session,execve,yes,0,/usr/bin/id,id,id -u,id -u,/,/usr/bin/id,/usr/bin/id|/lib64/ld-linux-x86-64.so.2,0,0,1001,16897,16896,(none),43,exec,benign,
1778300228,14640,-0.371457,pre_context,20260508_211709_authorized_keys_W9jmSO,20260508_211655_dirtyfrag_root_authorized_keys_X5ChW3,persistence_auth/authorized_keys,persistence_auth,root_session,execve,yes,0,/usr/bin/stat,stat,stat -c %Y /var/lib/update-notifier/fsck-at-reboot,stat -c %Y /var/lib/update-notifier/fsck-at-reboot,/,/usr/bin/stat,/usr/bin/stat|/lib64/ld-linux-x86-64.so.2,0,0,1001,16898,16896,(none),43,exec,benign,
1778300228,14641,-0.369457,pre_context,20260508_211709_authorized_keys_W9jmSO,20260508_211655_dirtyfrag_root_authorized_keys_X5ChW3,persistence_auth/authorized_keys,persistence_auth,root_session,execve,yes,0,/usr/bin/gawk,awk,awk {print $1} /proc/uptime,awk {print $1} /proc/uptime,/,/usr/bin/awk,/usr/bin/awk|/lib64/ld-linux-x86-64.so.2,0,0,1001,16900,16899,(none),43,exec,benign,
1778300228,14642,-0.367457,pre_context,20260508_211709_authorized_keys_W9jmSO,20260508_211655_dirtyfrag_root_authorized_keys_X5ChW3,persistence_auth/authorized_keys,persistence_auth,root_session,execve,yes,0,/usr/bin/date,date,date -d now - 2474.19 seconds +%s,date -d now - 2474.19 seconds +%s,/,/usr/bin/date,/usr/bin/date|/lib64/ld-linux-x86-64.so.2,0,0,1001,16899,16896,(none),43,exec,benign,
1778300228,14643,-0.366457,pre_context,20260508_211709_authorized_keys_W9jmSO,20260508_211655_dirtyfrag_root_authorized_keys_X5ChW3,persistence_auth/authorized_keys,persistence_auth,root_session,execve,yes,0,/usr/bin/date,date,date +%s,date +%s,/,/usr/bin/date,/usr/bin/date|/lib64/ld-linux-x86-64.so.2,0,0,1001,16901,16896,(none),43,exec,benign,
1778300228,14644,-0.366457,pre_context,20260508_211709_authorized_keys_W9jmSO,20260508_211655_dirtyfrag_root_authorized_keys_X5ChW3,persistence_auth/authorized_keys,persistence_auth,root_session,execve,yes,0,/usr/bin/cat,cat,cat /var/lib/update-notifier/fsck-at-reboot,cat /var/lib/update-notifier/fsck-at-reboot,/,/usr/bin/cat,/usr/bin/cat|/lib64/ld-linux-x86-64.so.2,0,0,1001,16902,16896,(none),43,exec,benign,
1778300228,14645,-0.364457,pre_context,20260508_211709_authorized_keys_W9jmSO,20260508_211655_dirtyfrag_root_authorized_keys_X5ChW3,persistence_auth/authorized_keys,persistence_auth,root_session,execve,yes,0,/usr/bin/dash,98-reboot-requi,/bin/sh /etc/update-motd.d/98-reboot-required,/bin/sh /etc/update-motd.d/98-reboot-required,/,/etc/update-motd.d/98-reboot-required,/etc/update-motd.d/98-reboot-required|/bin/sh|/lib64/ld-linux-x86-64.so.2,0,0,1001,16903,16860,(none),43,exec,benign,
1778300228,14646,-0.363457,pre_context,20260508_211709_authorized_keys_W9jmSO,20260508_211655_dirtyfrag_root_authorized_keys_X5ChW3,persistence_auth/authorized_keys,persistence_auth,root_session,execve,yes,0,/usr/bin/dash,update-motd-reb,/bin/sh -e /usr/lib/update-notifier/update-motd-reboot-required,/bin/sh /etc/update-motd.d/98-reboot-required,/,/usr/lib/update-notifier/update-motd-reboot-required,/usr/lib/update-notifier/update-motd-reboot-required|/bin/sh|/lib64/ld-linux-x86-64.so.2,0,0,1001,16903,16860,(none),43,exec,benign,
1778300228,14647,-0.362457,pre_context,20260508_211709_authorized_keys_W9jmSO,20260508_211655_dirtyfrag_root_authorized_keys_X5ChW3,persistence_auth/authorized_keys,persistence_auth,root_session,rename,yes,0,/usr/sbin/sshd,sshd,,/usr/sbin/sshd -D -R,/,/run/,/run/|/run/motd.dynamic.new|/run/motd.dynamic,0,0,1001,16845,9653,(none),43,file_destroy,benign,
1778300228,14648,-0.362457,pre_context,20260508_211709_authorized_keys_W9jmSO,20260508_211655_dirtyfrag_root_authorized_keys_X5ChW3,persistence_auth/authorized_keys,persistence_auth,root_session,connect,yes,0,/usr/sbin/sshd,sshd,,/usr/sbin/sshd -D -R,/,/run/systemd/userdb/io.systemd.DynamicUser,/run/systemd/userdb/io.systemd.DynamicUser,0,0,1001,16845,9653,(none),43,network_connect,benign,
1778300228,14649,-0.361457,pre_context,20260508_211709_authorized_keys_W9jmSO,20260508_211655_dirtyfrag_root_authorized_keys_X5ChW3,persistence_auth/authorized_keys,persistence_auth,root_session,connect,yes,0,/usr/sbin/sshd,sshd,,/usr/sbin/sshd -D -R,/,/run/systemd/userdb/io.systemd.DynamicUser,/run/systemd/userdb/io.systemd.DynamicUser,0,0,1001,16845,9653,(none),43,network_connect,benign,
1778300228,14650,-0.361457,pre_context,20260508_211709_authorized_keys_W9jmSO,20260508_211655_dirtyfrag_root_authorized_keys_X5ChW3,persistence_auth/authorized_keys,persistence_auth,root_session,connect,yes,0,/usr/sbin/sshd,sshd,,/usr/sbin/sshd -D -R,/,/run/systemd/userdb/io.systemd.DynamicUser,/run/systemd/userdb/io.systemd.DynamicUser,0,0,1001,16845,9653,(none),43,network_connect,benign,
1778300228,14651,-0.360457,pre_context,20260508_211709_authorized_keys_W9jmSO,20260508_211655_dirtyfrag_root_authorized_keys_X5ChW3,persistence_auth/authorized_keys,persistence_auth,root_session,connect,yes,0,/usr/sbin/sshd,sshd,,/usr/sbin/sshd -D -R,/,/run/systemd/userdb/io.systemd.DynamicUser,/run/systemd/userdb/io.systemd.DynamicUser,0,0,1001,16845,9653,(none),43,network_connect,benign,
1778300228,14652,-0.360457,pre_context,20260508_211709_authorized_keys_W9jmSO,20260508_211655_dirtyfrag_root_authorized_keys_X5ChW3,persistence_auth/authorized_keys,persistence_auth,root_session,connect,yes,0,/usr/sbin/sshd,sshd,,/usr/sbin/sshd -D -R,/,/run/systemd/userdb/io.systemd.DynamicUser,/run/systemd/userdb/io.systemd.DynamicUser,0,0,1001,16845,9653,(none),43,network_connect,benign,
1778300228,14653,-0.360457,pre_context,20260508_211709_authorized_keys_W9jmSO,20260508_211655_dirtyfrag_root_authorized_keys_X5ChW3,persistence_auth/authorized_keys,persistence_auth,root_session,,,,,,,,,,,,,,,,,,,benign,
1778300228,14654,-0.360457,pre_context,20260508_211709_authorized_keys_W9jmSO,20260508_211655_dirtyfrag_root_authorized_keys_X5ChW3,persistence_auth/authorized_keys,persistence_auth,root_session,setgid,yes,0,/usr/sbin/sshd,sshd,,sshd: deploy-rkejw [priv],,,,0,0,1001,16904,16845,(none),43,privilege_transition,benign,
1778300228,14655,-0.359457,pre_context,20260508_211709_authorized_keys_W9jmSO,20260508_211655_dirtyfrag_root_authorized_keys_X5ChW3,persistence_auth/authorized_keys,persistence_auth,root_session,connect,yes,0,/usr/sbin/sshd,sshd,,sshd: deploy-rkejw [priv],/,/run/systemd/userdb/io.systemd.DynamicUser,/run/systemd/userdb/io.systemd.DynamicUser,0,0,1001,16904,16845,(none),43,network_connect,benign,
1778300228,14656,-0.359457,pre_context,20260508_211709_authorized_keys_W9jmSO,20260508_211655_dirtyfrag_root_authorized_keys_X5ChW3,persistence_auth/authorized_keys,persistence_auth,root_session,connect,yes,0,/usr/sbin/sshd,sshd,,sshd: deploy-rkejw [priv],/,/run/systemd/userdb/io.systemd.DynamicUser,/run/systemd/userdb/io.systemd.DynamicUser,0,0,1001,16904,16845,(none),43,network_connect,benign,
1778300228,14657,-0.359457,pre_context,20260508_211709_authorized_keys_W9jmSO,20260508_211655_dirtyfrag_root_authorized_keys_X5ChW3,persistence_auth/authorized_keys,persistence_auth,root_session,126,yes,0,/usr/sbin/sshd,sshd,,sshd: deploy-rkejw [priv],,,,0,0,1001,16904,16845,(none),43,privilege_transition,benign,
1778300228,14658,-0.359457,pre_context,20260508_211709_authorized_keys_W9jmSO,20260508_211655_dirtyfrag_root_authorized_keys_X5ChW3,persistence_auth/authorized_keys,persistence_auth,root_session,,,,,,,,,,,,,,,,,,,benign,
1778300228,14659,-0.359457,pre_context,20260508_211709_authorized_keys_W9jmSO,20260508_211655_dirtyfrag_root_authorized_keys_X5ChW3,persistence_auth/authorized_keys,persistence_auth,root_session,setresgid,yes,0,/usr/sbin/sshd,sshd,,sshd: deploy-rkejw [priv],,,,0,0,1001,16904,16845,(none),43,privilege_transition,benign,
1778300228,14660,-0.359457,pre_context,20260508_211709_authorized_keys_W9jmSO,20260508_211655_dirtyfrag_root_authorized_keys_X5ChW3,persistence_auth/authorized_keys,persistence_auth,root_session,setresuid,yes,0,/usr/sbin/sshd,sshd,,sshd: deploy-rkejw [priv],,,,1001,1001,1001,16904,16845,(none),43,privilege_transition,benign,
1778300228,14661,-0.359457,pre_context,20260508_211709_authorized_keys_W9jmSO,20260508_211655_dirtyfrag_root_authorized_keys_X5ChW3,persistence_auth/authorized_keys,persistence_auth,root_session,setuid,no,-1,/usr/sbin/sshd,sshd,,sshd: deploy-rkejw [priv],,,,1001,1001,1001,16904,16845,(none),43,privilege_transition,benign,
1778300228,14662,-0.359457,pre_context,20260508_211709_authorized_keys_W9jmSO,20260508_211655_dirtyfrag_root_authorized_keys_X5ChW3,persistence_auth/authorized_keys,persistence_auth,root_session,setresuid,no,-1,/usr/sbin/sshd,sshd,,sshd: deploy-rkejw [priv],,,,1001,1001,1001,16904,16845,(none),43,privilege_transition,benign,
1778300228,14663,-0.316457,pre_context,20260508_211709_authorized_keys_W9jmSO,20260508_211655_dirtyfrag_root_authorized_keys_X5ChW3,persistence_auth/authorized_keys,persistence_auth,root_session,execve,yes,0,/usr/bin/bash,bash,bash -c mkdir -p /tmp/.config/aegis_20260508_211709_authorized_keys_W9jmSO && test -d /tmp/.config/aegis_20260508_211709_authorized_keys_W9jmSO && test -w /tmp/.config/aegis_20260508_211709_authorized_keys_W9jmSO,bash -c mkdir -p /tmp/.config/aegis_20260508_211709_authorized_keys_W9jmSO && test -d /tmp/.config/aegis_20260508_211709_authori,/home/deploy-rkejw,/bin/bash,/bin/bash|/lib64/ld-linux-x86-64.so.2,1001,1001,1001,16905,16904,(none),43,shell_exec,benign,
1778300228,14664,-0.315457,pre_context,20260508_211709_authorized_keys_W9jmSO,20260508_211655_dirtyfrag_root_authorized_keys_X5ChW3,persistence_auth/authorized_keys,persistence_auth,root_session,execve,yes,0,/usr/bin/mkdir,mkdir,mkdir -p /tmp/.config/aegis_20260508_211709_authorized_keys_W9jmSO,mkdir -p /tmp/.config/aegis_20260508_211709_authorized_keys_W9jmSO,/home/deploy-rkejw,/usr/bin/mkdir,/usr/bin/mkdir|/lib64/ld-linux-x86-64.so.2,1001,1001,1001,16906,16905,(none),43,exec,benign,
1778300228,14665,-0.313457,pre_context,20260508_211709_authorized_keys_W9jmSO,20260508_211655_dirtyfrag_root_authorized_keys_X5ChW3,persistence_auth/authorized_keys,persistence_auth,root_session,mkdir,yes,0,/usr/bin/mkdir,mkdir,,mkdir -p /tmp/.config/aegis_20260508_211709_authorized_keys_W9jmSO,/tmp,/tmp,/tmp|.config,1001,1001,1001,16906,16905,(none),43,tmp_activity,benign,
1778300228,14666,-0.313457,pre_context,20260508_211709_authorized_keys_W9jmSO,20260508_211655_dirtyfrag_root_authorized_keys_X5ChW3,persistence_auth/authorized_keys,persistence_auth,root_session,mkdir,yes,0,/usr/bin/mkdir,mkdir,,mkdir -p /tmp/.config/aegis_20260508_211709_authorized_keys_W9jmSO,/tmp/.config,/tmp/.config,/tmp/.config|aegis_20260508_211709_authorized_keys_W9jmSO,1001,1001,1001,16906,16905,(none),43,tmp_activity,benign,
1778300228,14667,-0.312457,pre_context,20260508_211709_authorized_keys_W9jmSO,20260508_211655_dirtyfrag_root_authorized_keys_X5ChW3,persistence_auth/authorized_keys,persistence_auth,root_session,connect,yes,0,/usr/sbin/sshd,sshd,,sshd: deploy-rkejw [priv],/,/dev/log,/dev/log,1001,1001,1001,16904,16845,(none),43,network_connect,benign,
1778300228,14668,-0.311457,pre_context,20260508_211709_authorized_keys_W9jmSO,20260508_211655_dirtyfrag_root_authorized_keys_X5ChW3,persistence_auth/authorized_keys,persistence_auth,root_session,114,yes,0,/usr/sbin/sshd,sshd,,/usr/sbin/sshd -D -R,,,,0,0,1001,16845,9653,(none),43,privilege_transition,benign,
1778300228,14669,-0.311457,pre_context,20260508_211709_authorized_keys_W9jmSO,20260508_211655_dirtyfrag_root_authorized_keys_X5ChW3,persistence_auth/authorized_keys,persistence_auth,root_session,setresuid,yes,0,/usr/sbin/sshd,sshd,,/usr/sbin/sshd -D -R,,,,0,1001,1001,16845,9653,(none),43,privilege_transition,benign,
1778300228,14670,-0.311457,pre_context,20260508_211709_authorized_keys_W9jmSO,20260508_211655_dirtyfrag_root_authorized_keys_X5ChW3,persistence_auth/authorized_keys,persistence_auth,root_session,113,yes,0,/usr/sbin/sshd,sshd,,/usr/sbin/sshd -D -R,,,,0,0,1001,16845,9653,(none),43,privilege_transition,benign,
1778300228,14671,-0.311457,pre_context,20260508_211709_authorized_keys_W9jmSO,20260508_211655_dirtyfrag_root_authorized_keys_X5ChW3,persistence_auth/authorized_keys,persistence_auth,root_session,114,yes,0,/usr/sbin/sshd,sshd,,/usr/sbin/sshd -D -R,,,,0,0,1001,16845,9653,(none),43,privilege_transition,benign,
1778300228,14672,-0.311457,pre_context,20260508_211709_authorized_keys_W9jmSO,20260508_211655_dirtyfrag_root_authorized_keys_X5ChW3,persistence_auth/authorized_keys,persistence_auth,root_session,connect,yes,0,/usr/sbin/sshd,sshd,,/usr/sbin/sshd -D -R,/,/run/dbus/system_bus_socket,/run/dbus/system_bus_socket,0,0,1001,16845,9653,(none),43,network_connect,benign,
1778300228,14673,-0.310457,pre_context,20260508_211709_authorized_keys_W9jmSO,20260508_211655_dirtyfrag_root_authorized_keys_X5ChW3,persistence_auth/authorized_keys,persistence_auth,root_session,,,,,,,,,,,,,,,,,,,benign,
1778300228,14674,-0.310457,pre_context,20260508_211709_authorized_keys_W9jmSO,20260508_211655_dirtyfrag_root_authorized_keys_X5ChW3,persistence_auth/authorized_keys,persistence_auth,root_session,,,,,,,,,,,,,,,,,,,benign,
1778300228,14675,-0.310457,pre_context,20260508_211709_authorized_keys_W9jmSO,20260508_211655_dirtyfrag_root_authorized_keys_X5ChW3,persistence_auth/authorized_keys,persistence_auth,root_session,setresgid,yes,0,/usr/sbin/sshd,sshd,,/usr/sbin/sshd -D -R,,,,0,0,1001,16845,9653,(none),43,privilege_transition,benign,
1778300228,14676,-0.310457,pre_context,20260508_211709_authorized_keys_W9jmSO,20260508_211655_dirtyfrag_root_authorized_keys_X5ChW3,persistence_auth/authorized_keys,persistence_auth,root_session,setresuid,yes,0,/usr/sbin/sshd,sshd,,/usr/sbin/sshd -D -R,,,,0,1001,1001,16845,9653,(none),43,privilege_transition,benign,
1778300228,14677,-0.310457,pre_context,20260508_211709_authorized_keys_W9jmSO,20260508_211655_dirtyfrag_root_authorized_keys_X5ChW3,persistence_auth/authorized_keys,persistence_auth,root_session,setresuid,yes,0,/usr/sbin/sshd,sshd,,/usr/sbin/sshd -D -R,,,,0,0,1001,16845,9653,(none),43,privilege_transition,benign,
1778300228,14678,-0.310457,pre_context,20260508_211709_authorized_keys_W9jmSO,20260508_211655_dirtyfrag_root_authorized_keys_X5ChW3,persistence_auth/authorized_keys,persistence_auth,root_session,setresgid,yes,0,/usr/sbin/sshd,sshd,,/usr/sbin/sshd -D -R,,,,0,0,1001,16845,9653,(none),43,privilege_transition,benign,
1778300228,14679,-0.279457,pre_context,20260508_211709_authorized_keys_W9jmSO,20260508_211655_dirtyfrag_root_authorized_keys_X5ChW3,persistence_auth/authorized_keys,persistence_auth,root_session,execve,yes,0,/usr/sbin/sshd,sshd,/usr/sbin/sshd -D -R,/usr/sbin/sshd -D -R,/,/usr/sbin/sshd,/usr/sbin/sshd|/lib64/ld-linux-x86-64.so.2,0,0,4294967295,16907,9653,(none),4294967295,exec,benign,
1778300228,14680,-0.275457,pre_context,20260508_211709_authorized_keys_W9jmSO,20260508_211655_dirtyfrag_root_authorized_keys_X5ChW3,persistence_auth/authorized_keys,persistence_auth,root_session,connect,no,-2,/usr/sbin/sshd,sshd,,/usr/sbin/sshd -D -R,/,/var/run/nscd/socket,/var/run/nscd/socket,0,0,4294967295,16907,9653,(none),4294967295,network_connect,benign,
1778300228,14681,-0.275457,pre_context,20260508_211709_authorized_keys_W9jmSO,20260508_211655_dirtyfrag_root_authorized_keys_X5ChW3,persistence_auth/authorized_keys,persistence_auth,root_session,connect,yes,0,/usr/sbin/sshd,sshd,,/usr/sbin/sshd -D -R,,,,0,0,4294967295,16907,9653,(none),4294967295,network_connect,benign,
1778300228,14682,-0.275457,pre_context,20260508_211709_authorized_keys_W9jmSO,20260508_211655_dirtyfrag_root_authorized_keys_X5ChW3,persistence_auth/authorized_keys,persistence_auth,root_session,connect,yes,0,/usr/sbin/sshd,sshd,,/usr/sbin/sshd -D -R,,,,0,0,4294967295,16907,9653,(none),4294967295,network_connect,benign,
1778300228,14683,-0.275457,pre_context,20260508_211709_authorized_keys_W9jmSO,20260508_211655_dirtyfrag_root_authorized_keys_X5ChW3,persistence_auth/authorized_keys,persistence_auth,root_session,connect,yes,0,/usr/sbin/sshd,sshd,,/usr/sbin/sshd -D -R,,,,0,0,4294967295,16907,9653,(none),4294967295,network_connect,benign,
1778300228,14684,-0.275457,pre_context,20260508_211709_authorized_keys_W9jmSO,20260508_211655_dirtyfrag_root_authorized_keys_X5ChW3,persistence_auth/authorized_keys,persistence_auth,root_session,connect,no,-2,/usr/sbin/sshd,sshd,,/usr/sbin/sshd -D -R,/,/var/run/nscd/socket,/var/run/nscd/socket,0,0,4294967295,16907,9653,(none),4294967295,network_connect,benign,
1778300228,14685,-0.275457,pre_context,20260508_211709_authorized_keys_W9jmSO,20260508_211655_dirtyfrag_root_authorized_keys_X5ChW3,persistence_auth/authorized_keys,persistence_auth,root_session,connect,no,-2,/usr/sbin/sshd,sshd,,/usr/sbin/sshd -D -R,/,/var/run/nscd/socket,/var/run/nscd/socket,0,0,4294967295,16907,9653,(none),4294967295,network_connect,benign,
1778300228,14686,-0.273457,pre_context,20260508_211709_authorized_keys_W9jmSO,20260508_211655_dirtyfrag_root_authorized_keys_X5ChW3,persistence_auth/authorized_keys,persistence_auth,root_session,setresgid,yes,0,/usr/sbin/sshd,sshd,,sshd: [accepted],,,,0,0,4294967295,16908,16907,(none),4294967295,privilege_transition,benign,
1778300228,14687,-0.273457,pre_context,20260508_211709_authorized_keys_W9jmSO,20260508_211655_dirtyfrag_root_authorized_keys_X5ChW3,persistence_auth/authorized_keys,persistence_auth,root_session,setresuid,yes,0,/usr/sbin/sshd,sshd,,sshd: [accepted],,,,109,109,4294967295,16908,16907,(none),4294967295,privilege_transition,benign,
1778300228,14688,-0.273457,pre_context,20260508_211709_authorized_keys_W9jmSO,20260508_211655_dirtyfrag_root_authorized_keys_X5ChW3,persistence_auth/authorized_keys,persistence_auth,root_session,setgid,no,-1,/usr/sbin/sshd,sshd,,sshd: [accepted],,,,109,109,4294967295,16908,16907,(none),4294967295,privilege_transition,benign,
1778300228,14689,-0.273457,pre_context,20260508_211709_authorized_keys_W9jmSO,20260508_211655_dirtyfrag_root_authorized_keys_X5ChW3,persistence_auth/authorized_keys,persistence_auth,root_session,setresgid,no,-1,/usr/sbin/sshd,sshd,,sshd: [accepted],,,,109,109,4294967295,16908,16907,(none),4294967295,privilege_transition,benign,
1778300228,14690,-0.273457,pre_context,20260508_211709_authorized_keys_W9jmSO,20260508_211655_dirtyfrag_root_authorized_keys_X5ChW3,persistence_auth/authorized_keys,persistence_auth,root_session,setuid,no,-1,/usr/sbin/sshd,sshd,,sshd: [accepted],,,,109,109,4294967295,16908,16907,(none),4294967295,privilege_transition,benign,
1778300228,14691,-0.273457,pre_context,20260508_211709_authorized_keys_W9jmSO,20260508_211655_dirtyfrag_root_authorized_keys_X5ChW3,persistence_auth/authorized_keys,persistence_auth,root_session,setresuid,no,-1,/usr/sbin/sshd,sshd,,sshd: [accepted],,,,109,109,4294967295,16908,16907,(none),4294967295,privilege_transition,benign,
1778300228,14692,-0.172457,pre_context,20260508_211709_authorized_keys_W9jmSO,20260508_211655_dirtyfrag_root_authorized_keys_X5ChW3,persistence_auth/authorized_keys,persistence_auth,root_session,connect,no,-2,/usr/sbin/sshd,sshd,,/usr/sbin/sshd -D -R,/,/var/run/nscd/socket,/var/run/nscd/socket,0,0,4294967295,16907,9653,(none),4294967295,network_connect,benign,
1778300228,14693,-0.172457,pre_context,20260508_211709_authorized_keys_W9jmSO,20260508_211655_dirtyfrag_root_authorized_keys_X5ChW3,persistence_auth/authorized_keys,persistence_auth,root_session,connect,no,-2,/usr/sbin/sshd,sshd,,/usr/sbin/sshd -D -R,/,/var/run/nscd/socket,/var/run/nscd/socket,0,0,4294967295,16907,9653,(none),4294967295,network_connect,benign,
1778300228,14694,-0.172457,pre_context,20260508_211709_authorized_keys_W9jmSO,20260508_211655_dirtyfrag_root_authorized_keys_X5ChW3,persistence_auth/authorized_keys,persistence_auth,root_session,connect,yes,0,/usr/sbin/sshd,sshd,,/usr/sbin/sshd -D -R,/,/run/systemd/userdb/io.systemd.DynamicUser,/run/systemd/userdb/io.systemd.DynamicUser,0,0,4294967295,16907,9653,(none),4294967295,network_connect,benign,
1778300228,14695,-0.172457,pre_context,20260508_211709_authorized_keys_W9jmSO,20260508_211655_dirtyfrag_root_authorized_keys_X5ChW3,persistence_auth/authorized_keys,persistence_auth,root_session,setresgid,yes,0,/usr/sbin/sshd,sshd,,/usr/sbin/sshd -D -R,,,,0,0,4294967295,16907,9653,(none),4294967295,privilege_transition,benign,
1778300228,14696,-0.172457,pre_context,20260508_211709_authorized_keys_W9jmSO,20260508_211655_dirtyfrag_root_authorized_keys_X5ChW3,persistence_auth/authorized_keys,persistence_auth,root_session,setresuid,yes,0,/usr/sbin/sshd,sshd,,/usr/sbin/sshd -D -R,,,,0,1001,4294967295,16907,9653,(none),4294967295,privilege_transition,benign,
1778300228,14697,-0.172457,pre_context,20260508_211709_authorized_keys_W9jmSO,20260508_211655_dirtyfrag_root_authorized_keys_X5ChW3,persistence_auth/authorized_keys,persistence_auth,root_session,setresuid,yes,0,/usr/sbin/sshd,sshd,,/usr/sbin/sshd -D -R,,,,0,0,4294967295,16907,9653,(none),4294967295,privilege_transition,benign,
1778300228,14698,-0.172457,pre_context,20260508_211709_authorized_keys_W9jmSO,20260508_211655_dirtyfrag_root_authorized_keys_X5ChW3,persistence_auth/authorized_keys,persistence_auth,root_session,setresgid,yes,0,/usr/sbin/sshd,sshd,,/usr/sbin/sshd -D -R,,,,0,0,4294967295,16907,9653,(none),4294967295,privilege_transition,benign,
1778300228,14699,-0.172457,pre_context,20260508_211709_authorized_keys_W9jmSO,20260508_211655_dirtyfrag_root_authorized_keys_X5ChW3,persistence_auth/authorized_keys,persistence_auth,root_session,setresgid,yes,0,/usr/sbin/sshd,sshd,,/usr/sbin/sshd -D -R,,,,0,0,4294967295,16907,9653,(none),4294967295,privilege_transition,benign,
1778300228,14700,-0.172457,pre_context,20260508_211709_authorized_keys_W9jmSO,20260508_211655_dirtyfrag_root_authorized_keys_X5ChW3,persistence_auth/authorized_keys,persistence_auth,root_session,setresuid,yes,0,/usr/sbin/sshd,sshd,,/usr/sbin/sshd -D -R,,,,0,1001,4294967295,16907,9653,(none),4294967295,privilege_transition,benign,
1778300228,14701,-0.172457,pre_context,20260508_211709_authorized_keys_W9jmSO,20260508_211655_dirtyfrag_root_authorized_keys_X5ChW3,persistence_auth/authorized_keys,persistence_auth,root_session,setresuid,yes,0,/usr/sbin/sshd,sshd,,/usr/sbin/sshd -D -R,,,,0,0,4294967295,16907,9653,(none),4294967295,privilege_transition,benign,
1778300228,14702,-0.172457,pre_context,20260508_211709_authorized_keys_W9jmSO,20260508_211655_dirtyfrag_root_authorized_keys_X5ChW3,persistence_auth/authorized_keys,persistence_auth,root_session,setresgid,yes,0,/usr/sbin/sshd,sshd,,/usr/sbin/sshd -D -R,,,,0,0,4294967295,16907,9653,(none),4294967295,privilege_transition,benign,
1778300228,14703,-0.172457,pre_context,20260508_211709_authorized_keys_W9jmSO,20260508_211655_dirtyfrag_root_authorized_keys_X5ChW3,persistence_auth/authorized_keys,persistence_auth,root_session,,,,,,,,,,,,,,,,,,,benign,
1778300228,14704,-0.163457,pre_context,20260508_211709_authorized_keys_W9jmSO,20260508_211655_dirtyfrag_root_authorized_keys_X5ChW3,persistence_auth/authorized_keys,persistence_auth,root_session,setresgid,yes,0,/usr/sbin/sshd,sshd,,/usr/sbin/sshd -D -R,,,,0,0,4294967295,16907,9653,(none),4294967295,privilege_transition,benign,
1778300228,14705,-0.163457,pre_context,20260508_211709_authorized_keys_W9jmSO,20260508_211655_dirtyfrag_root_authorized_keys_X5ChW3,persistence_auth/authorized_keys,persistence_auth,root_session,setresuid,yes,0,/usr/sbin/sshd,sshd,,/usr/sbin/sshd -D -R,,,,0,1001,4294967295,16907,9653,(none),4294967295,privilege_transition,benign,
1778300228,14706,-0.163457,pre_context,20260508_211709_authorized_keys_W9jmSO,20260508_211655_dirtyfrag_root_authorized_keys_X5ChW3,persistence_auth/authorized_keys,persistence_auth,root_session,setresuid,yes,0,/usr/sbin/sshd,sshd,,/usr/sbin/sshd -D -R,,,,0,0,4294967295,16907,9653,(none),4294967295,privilege_transition,benign,
1778300228,14707,-0.163457,pre_context,20260508_211709_authorized_keys_W9jmSO,20260508_211655_dirtyfrag_root_authorized_keys_X5ChW3,persistence_auth/authorized_keys,persistence_auth,root_session,setresgid,yes,0,/usr/sbin/sshd,sshd,,/usr/sbin/sshd -D -R,,,,0,0,4294967295,16907,9653,(none),4294967295,privilege_transition,benign,
1778300228,14708,-0.163457,pre_context,20260508_211709_authorized_keys_W9jmSO,20260508_211655_dirtyfrag_root_authorized_keys_X5ChW3,persistence_auth/authorized_keys,persistence_auth,root_session,setresgid,yes,0,/usr/sbin/sshd,sshd,,/usr/sbin/sshd -D -R,,,,0,0,4294967295,16907,9653,(none),4294967295,privilege_transition,benign,
1778300228,14709,-0.163457,pre_context,20260508_211709_authorized_keys_W9jmSO,20260508_211655_dirtyfrag_root_authorized_keys_X5ChW3,persistence_auth/authorized_keys,persistence_auth,root_session,setresuid,yes,0,/usr/sbin/sshd,sshd,,/usr/sbin/sshd -D -R,,,,0,1001,4294967295,16907,9653,(none),4294967295,privilege_transition,benign,
1778300228,14710,-0.163457,pre_context,20260508_211709_authorized_keys_W9jmSO,20260508_211655_dirtyfrag_root_authorized_keys_X5ChW3,persistence_auth/authorized_keys,persistence_auth,root_session,setresuid,yes,0,/usr/sbin/sshd,sshd,,/usr/sbin/sshd -D -R,,,,0,0,4294967295,16907,9653,(none),4294967295,privilege_transition,benign,
1778300228,14711,-0.163457,pre_context,20260508_211709_authorized_keys_W9jmSO,20260508_211655_dirtyfrag_root_authorized_keys_X5ChW3,persistence_auth/authorized_keys,persistence_auth,root_session,setresgid,yes,0,/usr/sbin/sshd,sshd,,/usr/sbin/sshd -D -R,,,,0,0,4294967295,16907,9653,(none),4294967295,privilege_transition,benign,
1778300228,14712,-0.163457,pre_context,20260508_211709_authorized_keys_W9jmSO,20260508_211655_dirtyfrag_root_authorized_keys_X5ChW3,persistence_auth/authorized_keys,persistence_auth,root_session,,,,,,,,,,,,,,,,,,,benign,
1778300228,14713,-0.129457,pre_context,20260508_211709_authorized_keys_W9jmSO,20260508_211655_dirtyfrag_root_authorized_keys_X5ChW3,persistence_auth/authorized_keys,persistence_auth,root_session,connect,yes,0,/usr/sbin/sshd,sshd,,/usr/sbin/sshd -D -R,/,/run/systemd/userdb/io.systemd.DynamicUser,/run/systemd/userdb/io.systemd.DynamicUser,0,0,4294967295,16907,9653,(none),4294967295,network_connect,benign,
1778300228,14714,-0.129457,pre_context,20260508_211709_authorized_keys_W9jmSO,20260508_211655_dirtyfrag_root_authorized_keys_X5ChW3,persistence_auth/authorized_keys,persistence_auth,root_session,,,,,,,,,,,,,,,,,,,benign,
1778300228,14715,-0.123457,pre_context,20260508_211709_authorized_keys_W9jmSO,20260508_211655_dirtyfrag_root_authorized_keys_X5ChW3,persistence_auth/authorized_keys,persistence_auth,root_session,,,,,,,,,,,,,,,,,,,benign,
1778300228,14716,-0.123457,pre_context,20260508_211709_authorized_keys_W9jmSO,20260508_211655_dirtyfrag_root_authorized_keys_X5ChW3,persistence_auth/authorized_keys,persistence_auth,root_session,connect,yes,0,/usr/sbin/sshd,sshd,,/usr/sbin/sshd -D -R,/,/dev/log,/dev/log,0,0,4294967295,16907,9653,(none),4294967295,network_connect,benign,
1778300228,14717,-0.122457,pre_context,20260508_211709_authorized_keys_W9jmSO,20260508_211655_dirtyfrag_root_authorized_keys_X5ChW3,persistence_auth/authorized_keys,persistence_auth,root_session,connect,yes,0,/usr/sbin/sshd,sshd,,/usr/sbin/sshd -D -R,/,/run/systemd/userdb/io.systemd.DynamicUser,/run/systemd/userdb/io.systemd.DynamicUser,0,0,4294967295,16907,9653,(none),4294967295,network_connect,benign,
1778300228,14718,-0.122457,pre_context,20260508_211709_authorized_keys_W9jmSO,20260508_211655_dirtyfrag_root_authorized_keys_X5ChW3,persistence_auth/authorized_keys,persistence_auth,root_session,126,yes,0,/usr/sbin/sshd,sshd,,/usr/sbin/sshd -D -R,,,,0,0,4294967295,16907,9653,(none),4294967295,privilege_transition,benign,
1778300228,14719,-0.122457,pre_context,20260508_211709_authorized_keys_W9jmSO,20260508_211655_dirtyfrag_root_authorized_keys_X5ChW3,persistence_auth/authorized_keys,persistence_auth,root_session,,,,,,,,,,,,,,,,,,,benign,
1778300228,14720,-0.122457,pre_context,20260508_211709_authorized_keys_W9jmSO,20260508_211655_dirtyfrag_root_authorized_keys_X5ChW3,persistence_auth/authorized_keys,persistence_auth,root_session,77,yes,0,/usr/sbin/sshd,sshd,,/usr/sbin/sshd -D -R,,,,0,0,4294967295,16907,9653,(none),4294967295,file_destroy,benign,
1778300228,14721,-0.122457,pre_context,20260508_211709_authorized_keys_W9jmSO,20260508_211655_dirtyfrag_root_authorized_keys_X5ChW3,persistence_auth/authorized_keys,persistence_auth,root_session,write,yes,4,/usr/sbin/sshd,sshd,,/usr/sbin/sshd -D -R,,,,0,0,1001,16907,9653,(none),44,(null),benign,
1778300228,14722,-0.122457,pre_context,20260508_211709_authorized_keys_W9jmSO,20260508_211655_dirtyfrag_root_authorized_keys_X5ChW3,persistence_auth/authorized_keys,persistence_auth,root_session,114,yes,0,/usr/sbin/sshd,sshd,,/usr/sbin/sshd -D -R,,,,0,0,1001,16907,9653,(none),44,privilege_transition,benign,
1778300228,14723,-0.122457,pre_context,20260508_211709_authorized_keys_W9jmSO,20260508_211655_dirtyfrag_root_authorized_keys_X5ChW3,persistence_auth/authorized_keys,persistence_auth,root_session,113,yes,0,/usr/sbin/sshd,sshd,,/usr/sbin/sshd -D -R,,,,1001,0,1001,16907,9653,(none),44,privilege_transition,benign,
1778300228,14724,-0.122457,pre_context,20260508_211709_authorized_keys_W9jmSO,20260508_211655_dirtyfrag_root_authorized_keys_X5ChW3,persistence_auth/authorized_keys,persistence_auth,root_session,113,yes,0,/usr/sbin/sshd,sshd,,/usr/sbin/sshd -D -R,,,,0,0,1001,16907,9653,(none),44,privilege_transition,benign,
1778300228,14725,-0.122457,pre_context,20260508_211709_authorized_keys_W9jmSO,20260508_211655_dirtyfrag_root_authorized_keys_X5ChW3,persistence_auth/authorized_keys,persistence_auth,root_session,114,yes,0,/usr/sbin/sshd,sshd,,/usr/sbin/sshd -D -R,,,,0,0,1001,16907,9653,(none),44,privilege_transition,benign,
1778300228,14726,-0.121457,pre_context,20260508_211709_authorized_keys_W9jmSO,20260508_211655_dirtyfrag_root_authorized_keys_X5ChW3,persistence_auth/authorized_keys,persistence_auth,root_session,connect,yes,0,/usr/sbin/sshd,sshd,,/usr/sbin/sshd -D -R,/,/dev/log,/dev/log,0,0,1001,16907,9653,(none),44,network_connect,benign,
1778300228,14727,-0.121457,pre_context,20260508_211709_authorized_keys_W9jmSO,20260508_211655_dirtyfrag_root_authorized_keys_X5ChW3,persistence_auth/authorized_keys,persistence_auth,root_session,connect,no,-2,/usr/sbin/sshd,sshd,,/usr/sbin/sshd -D -R,/,/run/systemd/userdb/io.systemd.Multiplexer,/run/systemd/userdb/io.systemd.Multiplexer,0,0,1001,16907,9653,(none),44,network_connect,benign,
1778300228,14728,-0.121457,pre_context,20260508_211709_authorized_keys_W9jmSO,20260508_211655_dirtyfrag_root_authorized_keys_X5ChW3,persistence_auth/authorized_keys,persistence_auth,root_session,connect,yes,0,/usr/sbin/sshd,sshd,,/usr/sbin/sshd -D -R,/,/run/systemd/userdb/io.systemd.DynamicUser,/run/systemd/userdb/io.systemd.DynamicUser,0,0,1001,16907,9653,(none),44,network_connect,benign,
1778300228,14729,-0.121457,pre_context,20260508_211709_authorized_keys_W9jmSO,20260508_211655_dirtyfrag_root_authorized_keys_X5ChW3,persistence_auth/authorized_keys,persistence_auth,root_session,connect,yes,0,/usr/sbin/sshd,sshd,,/usr/sbin/sshd -D -R,/,/run/dbus/system_bus_socket,/run/dbus/system_bus_socket,0,0,1001,16907,9653,(none),44,network_connect,benign,
1778300228,14730,-0.111457,pre_context,20260508_211709_authorized_keys_W9jmSO,20260508_211655_dirtyfrag_root_authorized_keys_X5ChW3,persistence_auth/authorized_keys,persistence_auth,root_session,execve,yes,0,/usr/bin/dash,sh,sh -c -- /usr/bin/env -i PATH=/usr/local/sbin:/usr/local/bin:/usr/sbin:/usr/bin:/sbin:/bin run-parts --lsbsysinit /etc/update-motd.d > /run/motd.dynamic.new,sh -c -- /usr/bin/env -i PATH=/usr/local/sbin:/usr/local/bin:/usr/sbin:/usr/bin:/sbin:/bin run-parts --lsbsysinit /etc/update-mo,/,/bin/sh,/bin/sh|/lib64/ld-linux-x86-64.so.2,0,0,1001,16909,16907,(none),44,exec,benign,
1778300228,14731,-0.110457,pre_context,20260508_211709_authorized_keys_W9jmSO,20260508_211655_dirtyfrag_root_authorized_keys_X5ChW3,persistence_auth/authorized_keys,persistence_auth,root_session,execve,yes,0,/usr/bin/env,env,/usr/bin/env -i PATH=/usr/local/sbin:/usr/local/bin:/usr/sbin:/usr/bin:/sbin:/bin run-parts --lsbsysinit /etc/update-motd.d,/usr/bin/env -i PATH=/usr/local/sbin:/usr/local/bin:/usr/sbin:/usr/bin:/sbin:/bin run-parts --lsbsysinit /etc/update-motd.d,/,/usr/bin/env,/usr/bin/env|/lib64/ld-linux-x86-64.so.2,0,0,1001,16910,16909,(none),44,exec,benign,
1778300228,14732,-0.109457,pre_context,20260508_211709_authorized_keys_W9jmSO,20260508_211655_dirtyfrag_root_authorized_keys_X5ChW3,persistence_auth/authorized_keys,persistence_auth,root_session,execve,no,-2,/usr/bin/env,env,,/usr/bin/env -i PATH=/usr/local/sbin:/usr/local/bin:/usr/sbin:/usr/bin:/sbin:/bin run-parts --lsbsysinit /etc/update-motd.d,/,/usr/local/sbin/run-parts,/usr/local/sbin/run-parts,0,0,1001,16910,16909,(none),44,exec,benign,
1778300228,14733,-0.109457,pre_context,20260508_211709_authorized_keys_W9jmSO,20260508_211655_dirtyfrag_root_authorized_keys_X5ChW3,persistence_auth/authorized_keys,persistence_auth,root_session,execve,no,-2,/usr/bin/env,env,,/usr/bin/env -i PATH=/usr/local/sbin:/usr/local/bin:/usr/sbin:/usr/bin:/sbin:/bin run-parts --lsbsysinit /etc/update-motd.d,/,/usr/local/bin/run-parts,/usr/local/bin/run-parts,0,0,1001,16910,16909,(none),44,exec,benign,
1778300228,14734,-0.109457,pre_context,20260508_211709_authorized_keys_W9jmSO,20260508_211655_dirtyfrag_root_authorized_keys_X5ChW3,persistence_auth/authorized_keys,persistence_auth,root_session,execve,no,-2,/usr/bin/env,env,,/usr/bin/env -i PATH=/usr/local/sbin:/usr/local/bin:/usr/sbin:/usr/bin:/sbin:/bin run-parts --lsbsysinit /etc/update-motd.d,/,/usr/sbin/run-parts,/usr/sbin/run-parts,0,0,1001,16910,16909,(none),44,exec,benign,
1778300228,14735,-0.109457,pre_context,20260508_211709_authorized_keys_W9jmSO,20260508_211655_dirtyfrag_root_authorized_keys_X5ChW3,persistence_auth/authorized_keys,persistence_auth,root_session,execve,yes,0,/usr/bin/run-parts,run-parts,run-parts --lsbsysinit /etc/update-motd.d,/usr/bin/env -i PATH=/usr/local/sbin:/usr/local/bin:/usr/sbin:/usr/bin:/sbin:/bin run-parts --lsbsysinit /etc/update-motd.d,/,/usr/bin/run-parts,/usr/bin/run-parts|/lib64/ld-linux-x86-64.so.2,0,0,1001,16910,16909,(none),44,exec,benign,
1778300228,14736,-0.108457,pre_context,20260508_211709_authorized_keys_W9jmSO,20260508_211655_dirtyfrag_root_authorized_keys_X5ChW3,persistence_auth/authorized_keys,persistence_auth,root_session,execve,yes,0,/usr/bin/dash,00-header,/bin/sh /etc/update-motd.d/00-header,/bin/sh /etc/update-motd.d/00-header,/,/etc/update-motd.d/00-header,/etc/update-motd.d/00-header|/bin/sh|/lib64/ld-linux-x86-64.so.2,0,0,1001,16911,16910,(none),44,exec,benign,
1778300228,14737,-0.107457,pre_context,20260508_211709_authorized_keys_W9jmSO,20260508_211655_dirtyfrag_root_authorized_keys_X5ChW3,persistence_auth/authorized_keys,persistence_auth,root_session,execve,yes,0,/usr/bin/uname,uname,uname -o,uname -o,/,/usr/bin/uname,/usr/bin/uname|/lib64/ld-linux-x86-64.so.2,0,0,1001,16912,16911,(none),44,exec,benign,
1778300228,14738,-0.106457,pre_context,20260508_211709_authorized_keys_W9jmSO,20260508_211655_dirtyfrag_root_authorized_keys_X5ChW3,persistence_auth/authorized_keys,persistence_auth,root_session,execve,yes,0,/usr/bin/uname,uname,uname -r,uname -r,/,/usr/bin/uname,/usr/bin/uname|/lib64/ld-linux-x86-64.so.2,0,0,1001,16913,16911,(none),44,exec,benign,
1778300228,14739,-0.105457,pre_context,20260508_211709_authorized_keys_W9jmSO,20260508_211655_dirtyfrag_root_authorized_keys_X5ChW3,persistence_auth/authorized_keys,persistence_auth,root_session,execve,yes,0,/usr/bin/uname,uname,uname -m,uname -m,/,/usr/bin/uname,/usr/bin/uname|/lib64/ld-linux-x86-64.so.2,0,0,1001,16914,16911,(none),44,exec,benign,
1778300228,14740,-0.104457,pre_context,20260508_211709_authorized_keys_W9jmSO,20260508_211655_dirtyfrag_root_authorized_keys_X5ChW3,persistence_auth/authorized_keys,persistence_auth,root_session,execve,yes,0,/usr/bin/dash,10-help-text,/bin/sh /etc/update-motd.d/10-help-text,/bin/sh /etc/update-motd.d/10-help-text,/,/etc/update-motd.d/10-help-text,/etc/update-motd.d/10-help-text|/bin/sh|/lib64/ld-linux-x86-64.so.2,0,0,1001,16915,16910,(none),44,exec,benign,
1778300228,14741,-0.103457,pre_context,20260508_211709_authorized_keys_W9jmSO,20260508_211655_dirtyfrag_root_authorized_keys_X5ChW3,persistence_auth/authorized_keys,persistence_auth,root_session,execve,yes,0,/usr/bin/dash,50-landscape-sy,/bin/sh /etc/update-motd.d/50-landscape-sysinfo,/bin/sh /etc/update-motd.d/50-landscape-sysinfo,/,/etc/update-motd.d/50-landscape-sysinfo,/etc/update-motd.d/50-landscape-sysinfo|/bin/sh|/lib64/ld-linux-x86-64.so.2,0,0,1001,16916,16910,(none),44,exec,benign,
1778300228,14742,-0.102457,pre_context,20260508_211709_authorized_keys_W9jmSO,20260508_211655_dirtyfrag_root_authorized_keys_X5ChW3,persistence_auth/authorized_keys,persistence_auth,root_session,execve,yes,0,/usr/bin/find,find,find /var/lib/landscape/landscape-sysinfo.cache -newermt now-1 minutes,find /var/lib/landscape/landscape-sysinfo.cache -newermt now-1 minutes,/,/usr/bin/find,/usr/bin/find|/lib64/ld-linux-x86-64.so.2,0,0,1001,16917,16916,(none),44,exec,benign,
1778300228,14743,-0.101457,pre_context,20260508_211709_authorized_keys_W9jmSO,20260508_211655_dirtyfrag_root_authorized_keys_X5ChW3,persistence_auth/authorized_keys,persistence_auth,root_session,execve,yes,0,/usr/bin/cat,cat,cat /var/lib/landscape/landscape-sysinfo.cache,cat /var/lib/landscape/landscape-sysinfo.cache,/,/usr/bin/cat,/usr/bin/cat|/lib64/ld-linux-x86-64.so.2,0,0,1001,16918,16916,(none),44,exec,benign,
1778300228,14744,-0.099457,pre_context,20260508_211709_authorized_keys_W9jmSO,20260508_211655_dirtyfrag_root_authorized_keys_X5ChW3,persistence_auth/authorized_keys,persistence_auth,root_session,execve,yes,0,/usr/bin/dash,50-motd-news,/bin/sh /etc/update-motd.d/50-motd-news,/bin/sh /etc/update-motd.d/50-motd-news,/,/etc/update-motd.d/50-motd-news,/etc/update-motd.d/50-motd-news|/bin/sh|/lib64/ld-linux-x86-64.so.2,0,0,1001,16919,16910,(none),44,exec,benign,
1778300228,14745,-0.099457,pre_context,20260508_211709_authorized_keys_W9jmSO,20260508_211655_dirtyfrag_root_authorized_keys_X5ChW3,persistence_auth/authorized_keys,persistence_auth,root_session,execve,yes,0,/usr/bin/cat,cat,cat /var/cache/motd-news,cat /var/cache/motd-news,/,/usr/bin/cat,/usr/bin/cat|/lib64/ld-linux-x86-64.so.2,0,0,1001,16920,16919,(none),44,exec,benign,
1778300228,14746,-0.099457,pre_context,20260508_211709_authorized_keys_W9jmSO,20260508_211655_dirtyfrag_root_authorized_keys_X5ChW3,persistence_auth/authorized_keys,persistence_auth,root_session,execve,yes,0,/usr/bin/tr,tr,tr -d \000-\011\013\014\016-\037,tr -d \000-\011\013\014\016-\037,/,/usr/bin/tr,/usr/bin/tr|/lib64/ld-linux-x86-64.so.2,0,0,1001,16922,16919,(none),44,exec,benign,
1778300228,14747,-0.099457,pre_context,20260508_211709_authorized_keys_W9jmSO,20260508_211655_dirtyfrag_root_authorized_keys_X5ChW3,persistence_auth/authorized_keys,persistence_auth,root_session,execve,yes,0,/usr/bin/head,head,head -n 10,head -n 10,/,/usr/bin/head,/usr/bin/head|/lib64/ld-linux-x86-64.so.2,0,0,1001,16921,16919,(none),44,exec,benign,
1778300228,14748,-0.098457,pre_context,20260508_211709_authorized_keys_W9jmSO,20260508_211655_dirtyfrag_root_authorized_keys_X5ChW3,persistence_auth/authorized_keys,persistence_auth,root_session,execve,yes,0,/usr/bin/cut,cut,cut -c -80,cut -c -80,/,/usr/bin/cut,/usr/bin/cut|/lib64/ld-linux-x86-64.so.2,0,0,1001,16923,16919,(none),44,exec,benign,
1778300228,14749,-0.095457,pre_context,20260508_211709_authorized_keys_W9jmSO,20260508_211655_dirtyfrag_root_authorized_keys_X5ChW3,persistence_auth/authorized_keys,persistence_auth,root_session,execve,yes,0,/usr/bin/dash,85-fwupd,/bin/sh /etc/update-motd.d/85-fwupd,/bin/sh /etc/update-motd.d/85-fwupd,/,/etc/update-motd.d/85-fwupd,/etc/update-motd.d/85-fwupd|/bin/sh|/lib64/ld-linux-x86-64.so.2,0,0,1001,16924,16910,(none),44,exec,benign,
1778300228,14750,-0.095457,pre_context,20260508_211709_authorized_keys_W9jmSO,20260508_211655_dirtyfrag_root_authorized_keys_X5ChW3,persistence_auth/authorized_keys,persistence_auth,root_session,execve,yes,0,/usr/bin/cat,cat,cat /run/motd.d/85-fwupd,cat /run/motd.d/85-fwupd,/,/usr/bin/cat,/usr/bin/cat|/lib64/ld-linux-x86-64.so.2,0,0,1001,16925,16924,(none),44,exec,benign,
1778300228,14751,-0.093457,pre_context,20260508_211709_authorized_keys_W9jmSO,20260508_211655_dirtyfrag_root_authorized_keys_X5ChW3,persistence_auth/authorized_keys,persistence_auth,root_session,execve,yes,0,/usr/bin/dash,90-updates-avai,/bin/sh /etc/update-motd.d/90-updates-available,/bin/sh /etc/update-motd.d/90-updates-available,/,/etc/update-motd.d/90-updates-available,/etc/update-motd.d/90-updates-available|/bin/sh|/lib64/ld-linux-x86-64.so.2,0,0,1001,16926,16910,(none),44,exec,benign,
1778300228,14752,-0.093457,pre_context,20260508_211709_authorized_keys_W9jmSO,20260508_211655_dirtyfrag_root_authorized_keys_X5ChW3,persistence_auth/authorized_keys,persistence_auth,root_session,execve,yes,0,/usr/bin/cat,cat,cat /var/lib/update-notifier/updates-available,cat /var/lib/update-notifier/updates-available,/,/usr/bin/cat,/usr/bin/cat|/lib64/ld-linux-x86-64.so.2,0,0,1001,16927,16926,(none),44,exec,benign,
1778300228,14753,-0.091457,pre_context,20260508_211709_authorized_keys_W9jmSO,20260508_211655_dirtyfrag_root_authorized_keys_X5ChW3,persistence_auth/authorized_keys,persistence_auth,root_session,execve,yes,0,/usr/bin/grep,grep,grep -q -m 1 .,grep -q -m 1 .,/,/usr/bin/grep,/usr/bin/grep|/lib64/ld-linux-x86-64.so.2,0,0,1001,16929,16926,(none),44,exec,benign,
1778300228,14754,-0.091457,pre_context,20260508_211709_authorized_keys_W9jmSO,20260508_211655_dirtyfrag_root_authorized_keys_X5ChW3,persistence_auth/authorized_keys,persistence_auth,root_session,execve,yes,0,/usr/bin/find,find,find /var/lib/update-notifier/updates-available -newermt now-7 days,find /var/lib/update-notifier/updates-available -newermt now-7 days,/,/usr/bin/find,/usr/bin/find|/lib64/ld-linux-x86-64.so.2,0,0,1001,16928,16926,(none),44,exec,benign,
1778300228,14755,-0.090457,pre_context,20260508_211709_authorized_keys_W9jmSO,20260508_211655_dirtyfrag_root_authorized_keys_X5ChW3,persistence_auth/authorized_keys,persistence_auth,root_session,execve,yes,0,/usr/bin/dash,91-contract-ua-,/bin/sh /etc/update-motd.d/91-contract-ua-esm-status,/bin/sh /etc/update-motd.d/91-contract-ua-esm-status,/,/etc/update-motd.d/91-contract-ua-esm-status,/etc/update-motd.d/91-contract-ua-esm-status|/bin/sh|/lib64/ld-linux-x86-64.so.2,0,0,1001,16930,16910,(none),44,exec,benign,
1778300228,14756,-0.088457,pre_context,20260508_211709_authorized_keys_W9jmSO,20260508_211655_dirtyfrag_root_authorized_keys_X5ChW3,persistence_auth/authorized_keys,persistence_auth,root_session,execve,yes,0,/usr/bin/dash,91-release-upgr,/bin/sh /etc/update-motd.d/91-release-upgrade,/bin/sh /etc/update-motd.d/91-release-upgrade,/,/etc/update-motd.d/91-release-upgrade,/etc/update-motd.d/91-release-upgrade|/bin/sh|/lib64/ld-linux-x86-64.so.2,0,0,1001,16931,16910,(none),44,exec,benign,
1778300228,14757,-0.087457,pre_context,20260508_211709_authorized_keys_W9jmSO,20260508_211655_dirtyfrag_root_authorized_keys_X5ChW3,persistence_auth/authorized_keys,persistence_auth,root_session,execve,yes,0,/usr/bin/cut,cut,cut -d -f4,cut -d -f4,/,/usr/bin/cut,/usr/bin/cut|/lib64/ld-linux-x86-64.so.2,0,0,1001,16934,16932,(none),44,exec,benign,
1778300228,14758,-0.086457,pre_context,20260508_211709_authorized_keys_W9jmSO,20260508_211655_dirtyfrag_root_authorized_keys_X5ChW3,persistence_auth/authorized_keys,persistence_auth,root_session,execve,yes,0,/usr/bin/id,id,id -u,id -u,/,/usr/bin/id,/usr/bin/id|/lib64/ld-linux-x86-64.so.2,0,0,1001,16935,16931,(none),44,exec,benign,
1778300228,14759,-0.085457,pre_context,20260508_211709_authorized_keys_W9jmSO,20260508_211655_dirtyfrag_root_authorized_keys_X5ChW3,persistence_auth/authorized_keys,persistence_auth,root_session,execve,yes,0,/usr/bin/dash,release-upgrade,/bin/sh -e /usr/lib/ubuntu-release-upgrader/release-upgrade-motd,/bin/sh /etc/update-motd.d/91-release-upgrade,/,/usr/lib/ubuntu-release-upgrader/release-upgrade-motd,/usr/lib/ubuntu-release-upgrader/release-upgrade-motd|/bin/sh|/lib64/ld-linux-x86-64.so.2,0,0,1001,16931,16910,(none),44,exec,benign,
1778300228,14760,-0.084457,pre_context,20260508_211709_authorized_keys_W9jmSO,20260508_211655_dirtyfrag_root_authorized_keys_X5ChW3,persistence_auth/authorized_keys,persistence_auth,root_session,execve,yes,0,/usr/bin/date,date,date +%s,date +%s,/,/usr/bin/date,/usr/bin/date|/lib64/ld-linux-x86-64.so.2,0,0,1001,16936,16931,(none),44,exec,benign,
1778300228,14761,-0.083457,pre_context,20260508_211709_authorized_keys_W9jmSO,20260508_211655_dirtyfrag_root_authorized_keys_X5ChW3,persistence_auth/authorized_keys,persistence_auth,root_session,execve,yes,0,/usr/bin/stat,stat,stat -c %Y /var/lib/ubuntu-release-upgrader/release-upgrade-available,stat -c %Y /var/lib/ubuntu-release-upgrader/release-upgrade-available,/,/usr/bin/stat,/usr/bin/stat|/lib64/ld-linux-x86-64.so.2,0,0,1001,16937,16931,(none),44,exec,benign,
1778300228,14762,-0.081457,pre_context,20260508_211709_authorized_keys_W9jmSO,20260508_211655_dirtyfrag_root_authorized_keys_X5ChW3,persistence_auth/authorized_keys,persistence_auth,root_session,execve,yes,0,/usr/bin/expr,expr,expr 1778282941 + 86400,expr 1778282941 + 86400,/,/usr/bin/expr,/usr/bin/expr|/lib64/ld-linux-x86-64.so.2,0,0,1001,16938,16931,(none),44,exec,benign,
1778300228,14763,-0.080457,pre_context,20260508_211709_authorized_keys_W9jmSO,20260508_211655_dirtyfrag_root_authorized_keys_X5ChW3,persistence_auth/authorized_keys,persistence_auth,root_session,execve,yes,0,/usr/bin/dash,92-unattended-u,/bin/sh /etc/update-motd.d/92-unattended-upgrades,/bin/sh /etc/update-motd.d/92-unattended-upgrades,/,/etc/update-motd.d/92-unattended-upgrades,/etc/update-motd.d/92-unattended-upgrades|/bin/sh|/lib64/ld-linux-x86-64.so.2,0,0,1001,16939,16910,(none),44,exec,benign,
1778300228,14764,-0.080457,pre_context,20260508_211709_authorized_keys_W9jmSO,20260508_211655_dirtyfrag_root_authorized_keys_X5ChW3,persistence_auth/authorized_keys,persistence_auth,root_session,execve,yes,0,/usr/bin/dash,update-motd-una,/bin/sh /usr/share/unattended-upgrades/update-motd-unattended-upgrades,/bin/sh /etc/update-motd.d/92-unattended-upgrades,/,/usr/share/unattended-upgrades/update-motd-unattended-upgrades,/usr/share/unattended-upgrades/update-motd-unattended-upgrades|/bin/sh|/lib64/ld-linux-x86-64.so.2,0,0,1001,16939,16910,(none),44,exec,benign,
1778300228,14765,-0.078457,pre_context,20260508_211709_authorized_keys_W9jmSO,20260508_211655_dirtyfrag_root_authorized_keys_X5ChW3,persistence_auth/authorized_keys,persistence_auth,root_session,execve,yes,0,/usr/bin/dash,95-hwe-eol,/bin/sh /etc/update-motd.d/95-hwe-eol,/bin/sh /etc/update-motd.d/95-hwe-eol,/,/etc/update-motd.d/95-hwe-eol,/etc/update-motd.d/95-hwe-eol|/bin/sh|/lib64/ld-linux-x86-64.so.2,0,0,1001,16940,16910,(none),44,exec,benign,
1778300228,14766,-0.077457,pre_context,20260508_211709_authorized_keys_W9jmSO,20260508_211655_dirtyfrag_root_authorized_keys_X5ChW3,persistence_auth/authorized_keys,persistence_auth,root_session,execve,yes,0,/usr/bin/find,find,find /var/lib/update-notifier/hwe-eol -newermt now-1 days,find /var/lib/update-notifier/hwe-eol -newermt now-1 days,/,/usr/bin/find,/usr/bin/find|/lib64/ld-linux-x86-64.so.2,0,0,1001,16941,16940,(none),44,exec,benign,
1778300228,14767,-0.075457,pre_context,20260508_211709_authorized_keys_W9jmSO,20260508_211655_dirtyfrag_root_authorized_keys_X5ChW3,persistence_auth/authorized_keys,persistence_auth,root_session,execve,yes,0,/usr/bin/dash,97-overlayroot,/bin/sh /etc/update-motd.d/97-overlayroot,/bin/sh /etc/update-motd.d/97-overlayroot,/,/etc/update-motd.d/97-overlayroot,/etc/update-motd.d/97-overlayroot|/bin/sh|/lib64/ld-linux-x86-64.so.2,0,0,1001,16942,16910,(none),44,exec,benign,
1778300228,14768,-0.074457,pre_context,20260508_211709_authorized_keys_W9jmSO,20260508_211655_dirtyfrag_root_authorized_keys_X5ChW3,persistence_auth/authorized_keys,persistence_auth,root_session,execve,yes,0,/usr/bin/dash,egrep,/bin/sh /usr/bin/egrep overlayroot|/media/root-ro|/media/root-rw /proc/mounts,/bin/sh /usr/bin/egrep overlayroot|/media/root-ro|/media/root-rw /proc/mounts,/,/usr/bin/egrep,/usr/bin/egrep|/bin/sh|/lib64/ld-linux-x86-64.so.2,0,0,1001,16944,16943,(none),44,exec,benign,
1778300228,14769,-0.074457,pre_context,20260508_211709_authorized_keys_W9jmSO,20260508_211655_dirtyfrag_root_authorized_keys_X5ChW3,persistence_auth/authorized_keys,persistence_auth,root_session,execve,yes,0,/usr/bin/sort,sort,sort -r,sort -r,/,/usr/bin/sort,/usr/bin/sort|/lib64/ld-linux-x86-64.so.2,0,0,1001,16945,16943,(none),44,exec,benign,
1778300228,14770,-0.074457,pre_context,20260508_211709_authorized_keys_W9jmSO,20260508_211655_dirtyfrag_root_authorized_keys_X5ChW3,persistence_auth/authorized_keys,persistence_auth,root_session,execve,no,-2,/usr/bin/dash,egrep,,/bin/sh /usr/bin/egrep overlayroot|/media/root-ro|/media/root-rw /proc/mounts,/,/usr/local/sbin/grep,/usr/local/sbin/grep,0,0,1001,16944,16943,(none),44,exec,benign,
1778300228,14771,-0.074457,pre_context,20260508_211709_authorized_keys_W9jmSO,20260508_211655_dirtyfrag_root_authorized_keys_X5ChW3,persistence_auth/authorized_keys,persistence_auth,root_session,execve,no,-2,/usr/bin/dash,egrep,,/bin/sh /usr/bin/egrep overlayroot|/media/root-ro|/media/root-rw /proc/mounts,/,/usr/local/bin/grep,/usr/local/bin/grep,0,0,1001,16944,16943,(none),44,exec,benign,
1778300228,14772,-0.074457,pre_context,20260508_211709_authorized_keys_W9jmSO,20260508_211655_dirtyfrag_root_authorized_keys_X5ChW3,persistence_auth/authorized_keys,persistence_auth,root_session,execve,no,-2,/usr/bin/dash,egrep,,/bin/sh /usr/bin/egrep overlayroot|/media/root-ro|/media/root-rw /proc/mounts,/,/usr/sbin/grep,/usr/sbin/grep,0,0,1001,16944,16943,(none),44,exec,benign,
1778300228,14773,-0.074457,pre_context,20260508_211709_authorized_keys_W9jmSO,20260508_211655_dirtyfrag_root_authorized_keys_X5ChW3,persistence_auth/authorized_keys,persistence_auth,root_session,execve,yes,0,/usr/bin/grep,grep,grep -E overlayroot|/media/root-ro|/media/root-rw /proc/mounts,/bin/sh /usr/bin/egrep overlayroot|/media/root-ro|/media/root-rw /proc/mounts,/,/usr/bin/grep,/usr/bin/grep|/lib64/ld-linux-x86-64.so.2,0,0,1001,16944,16943,(none),44,exec,benign,
1778300228,14774,-0.069457,pre_context,20260508_211709_authorized_keys_W9jmSO,20260508_211655_dirtyfrag_root_authorized_keys_X5ChW3,persistence_auth/authorized_keys,persistence_auth,root_session,execve,yes,0,/usr/bin/dash,98-fsck-at-rebo,/bin/sh /etc/update-motd.d/98-fsck-at-reboot,/bin/sh /etc/update-motd.d/98-fsck-at-reboot,/,/etc/update-motd.d/98-fsck-at-reboot,/etc/update-motd.d/98-fsck-at-reboot|/bin/sh|/lib64/ld-linux-x86-64.so.2,0,0,1001,16946,16910,(none),44,exec,benign,
1778300228,14775,-0.069457,pre_context,20260508_211709_authorized_keys_W9jmSO,20260508_211655_dirtyfrag_root_authorized_keys_X5ChW3,persistence_auth/authorized_keys,persistence_auth,root_session,execve,yes,0,/usr/bin/dash,update-motd-fsc,/bin/sh /usr/lib/update-notifier/update-motd-fsck-at-reboot,/bin/sh /etc/update-motd.d/98-fsck-at-reboot,/,/usr/lib/update-notifier/update-motd-fsck-at-reboot,/usr/lib/update-notifier/update-motd-fsck-at-reboot|/bin/sh|/lib64/ld-linux-x86-64.so.2,0,0,1001,16946,16910,(none),44,exec,benign,
1778300228,14776,-0.067457,pre_context,20260508_211709_authorized_keys_W9jmSO,20260508_211655_dirtyfrag_root_authorized_keys_X5ChW3,persistence_auth/authorized_keys,persistence_auth,root_session,execve,yes,0,/usr/bin/id,id,id -u,id -u,/,/usr/bin/id,/usr/bin/id|/lib64/ld-linux-x86-64.so.2,0,0,1001,16947,16946,(none),44,exec,benign,
1778300228,14777,-0.066457,pre_context,20260508_211709_authorized_keys_W9jmSO,20260508_211655_dirtyfrag_root_authorized_keys_X5ChW3,persistence_auth/authorized_keys,persistence_auth,root_session,execve,yes,0,/usr/bin/stat,stat,stat -c %Y /var/lib/update-notifier/fsck-at-reboot,stat -c %Y /var/lib/update-notifier/fsck-at-reboot,/,/usr/bin/stat,/usr/bin/stat|/lib64/ld-linux-x86-64.so.2,0,0,1001,16948,16946,(none),44,exec,benign,
1778300228,14778,-0.065457,pre_context,20260508_211709_authorized_keys_W9jmSO,20260508_211655_dirtyfrag_root_authorized_keys_X5ChW3,persistence_auth/authorized_keys,persistence_auth,root_session,execve,yes,0,/usr/bin/gawk,awk,awk {print $1} /proc/uptime,awk {print $1} /proc/uptime,/,/usr/bin/awk,/usr/bin/awk|/lib64/ld-linux-x86-64.so.2,0,0,1001,16950,16949,(none),44,exec,benign,
1778300228,14779,-0.063457,pre_context,20260508_211709_authorized_keys_W9jmSO,20260508_211655_dirtyfrag_root_authorized_keys_X5ChW3,persistence_auth/authorized_keys,persistence_auth,root_session,execve,yes,0,/usr/bin/date,date,date -d now - 2474.50 seconds +%s,date -d now - 2474.50 seconds +%s,/,/usr/bin/date,/usr/bin/date|/lib64/ld-linux-x86-64.so.2,0,0,1001,16949,16946,(none),44,exec,benign,
1778300228,14780,-0.062457,pre_context,20260508_211709_authorized_keys_W9jmSO,20260508_211655_dirtyfrag_root_authorized_keys_X5ChW3,persistence_auth/authorized_keys,persistence_auth,root_session,execve,yes,0,/usr/bin/date,date,date +%s,date +%s,/,/usr/bin/date,/usr/bin/date|/lib64/ld-linux-x86-64.so.2,0,0,1001,16951,16946,(none),44,exec,benign,
1778300228,14781,-0.061457,pre_context,20260508_211709_authorized_keys_W9jmSO,20260508_211655_dirtyfrag_root_authorized_keys_X5ChW3,persistence_auth/authorized_keys,persistence_auth,root_session,execve,yes,0,/usr/bin/cat,cat,cat /var/lib/update-notifier/fsck-at-reboot,cat /var/lib/update-notifier/fsck-at-reboot,/,/usr/bin/cat,/usr/bin/cat|/lib64/ld-linux-x86-64.so.2,0,0,1001,16952,16946,(none),44,exec,benign,
1778300228,14782,-0.060457,pre_context,20260508_211709_authorized_keys_W9jmSO,20260508_211655_dirtyfrag_root_authorized_keys_X5ChW3,persistence_auth/authorized_keys,persistence_auth,root_session,execve,yes,0,/usr/bin/dash,98-reboot-requi,/bin/sh /etc/update-motd.d/98-reboot-required,/bin/sh /etc/update-motd.d/98-reboot-required,/,/etc/update-motd.d/98-reboot-required,/etc/update-motd.d/98-reboot-required|/bin/sh|/lib64/ld-linux-x86-64.so.2,0,0,1001,16953,16910,(none),44,exec,benign,
1778300228,14783,-0.059457,pre_context,20260508_211709_authorized_keys_W9jmSO,20260508_211655_dirtyfrag_root_authorized_keys_X5ChW3,persistence_auth/authorized_keys,persistence_auth,root_session,execve,yes,0,/usr/bin/dash,update-motd-reb,/bin/sh -e /usr/lib/update-notifier/update-motd-reboot-required,/bin/sh /etc/update-motd.d/98-reboot-required,/,/usr/lib/update-notifier/update-motd-reboot-required,/usr/lib/update-notifier/update-motd-reboot-required|/bin/sh|/lib64/ld-linux-x86-64.so.2,0,0,1001,16953,16910,(none),44,exec,benign,
1778300228,14784,-0.058457,pre_context,20260508_211709_authorized_keys_W9jmSO,20260508_211655_dirtyfrag_root_authorized_keys_X5ChW3,persistence_auth/authorized_keys,persistence_auth,root_session,rename,yes,0,/usr/sbin/sshd,sshd,,/usr/sbin/sshd -D -R,/,/run/,/run/|/run/motd.dynamic.new|/run/motd.dynamic,0,0,1001,16907,9653,(none),44,file_destroy,benign,
1778300228,14785,-0.058457,pre_context,20260508_211709_authorized_keys_W9jmSO,20260508_211655_dirtyfrag_root_authorized_keys_X5ChW3,persistence_auth/authorized_keys,persistence_auth,root_session,connect,yes,0,/usr/sbin/sshd,sshd,,/usr/sbin/sshd -D -R,/,/run/systemd/userdb/io.systemd.DynamicUser,/run/systemd/userdb/io.systemd.DynamicUser,0,0,1001,16907,9653,(none),44,network_connect,benign,
1778300228,14786,-0.058457,pre_context,20260508_211709_authorized_keys_W9jmSO,20260508_211655_dirtyfrag_root_authorized_keys_X5ChW3,persistence_auth/authorized_keys,persistence_auth,root_session,connect,yes,0,/usr/sbin/sshd,sshd,,/usr/sbin/sshd -D -R,/,/run/systemd/userdb/io.systemd.DynamicUser,/run/systemd/userdb/io.systemd.DynamicUser,0,0,1001,16907,9653,(none),44,network_connect,benign,
1778300228,14787,-0.057457,pre_context,20260508_211709_authorized_keys_W9jmSO,20260508_211655_dirtyfrag_root_authorized_keys_X5ChW3,persistence_auth/authorized_keys,persistence_auth,root_session,connect,yes,0,/usr/sbin/sshd,sshd,,/usr/sbin/sshd -D -R,/,/run/systemd/userdb/io.systemd.DynamicUser,/run/systemd/userdb/io.systemd.DynamicUser,0,0,1001,16907,9653,(none),44,network_connect,benign,
1778300228,14788,-0.057457,pre_context,20260508_211709_authorized_keys_W9jmSO,20260508_211655_dirtyfrag_root_authorized_keys_X5ChW3,persistence_auth/authorized_keys,persistence_auth,root_session,connect,yes,0,/usr/sbin/sshd,sshd,,/usr/sbin/sshd -D -R,/,/run/systemd/userdb/io.systemd.DynamicUser,/run/systemd/userdb/io.systemd.DynamicUser,0,0,1001,16907,9653,(none),44,network_connect,benign,
1778300228,14789,-0.057457,pre_context,20260508_211709_authorized_keys_W9jmSO,20260508_211655_dirtyfrag_root_authorized_keys_X5ChW3,persistence_auth/authorized_keys,persistence_auth,root_session,connect,yes,0,/usr/sbin/sshd,sshd,,/usr/sbin/sshd -D -R,/,/run/systemd/userdb/io.systemd.DynamicUser,/run/systemd/userdb/io.systemd.DynamicUser,0,0,1001,16907,9653,(none),44,network_connect,benign,
1778300228,14790,-0.056457,pre_context,20260508_211709_authorized_keys_W9jmSO,20260508_211655_dirtyfrag_root_authorized_keys_X5ChW3,persistence_auth/authorized_keys,persistence_auth,root_session,,,,,,,,,,,,,,,,,,,benign,
1778300228,14791,-0.056457,pre_context,20260508_211709_authorized_keys_W9jmSO,20260508_211655_dirtyfrag_root_authorized_keys_X5ChW3,persistence_auth/authorized_keys,persistence_auth,root_session,setgid,yes,0,/usr/sbin/sshd,sshd,,sshd: deploy-rkejw [priv],,,,0,0,1001,16954,16907,(none),44,privilege_transition,benign,
1778300228,14792,-0.056457,pre_context,20260508_211709_authorized_keys_W9jmSO,20260508_211655_dirtyfrag_root_authorized_keys_X5ChW3,persistence_auth/authorized_keys,persistence_auth,root_session,connect,yes,0,/usr/sbin/sshd,sshd,,sshd: deploy-rkejw [priv],/,/run/systemd/userdb/io.systemd.DynamicUser,/run/systemd/userdb/io.systemd.DynamicUser,0,0,1001,16954,16907,(none),44,network_connect,benign,
1778300228,14793,-0.055457,pre_context,20260508_211709_authorized_keys_W9jmSO,20260508_211655_dirtyfrag_root_authorized_keys_X5ChW3,persistence_auth/authorized_keys,persistence_auth,root_session,connect,yes,0,/usr/sbin/sshd,sshd,,sshd: deploy-rkejw [priv],/,/run/systemd/userdb/io.systemd.DynamicUser,/run/systemd/userdb/io.systemd.DynamicUser,0,0,1001,16954,16907,(none),44,network_connect,benign,
1778300228,14794,-0.055457,pre_context,20260508_211709_authorized_keys_W9jmSO,20260508_211655_dirtyfrag_root_authorized_keys_X5ChW3,persistence_auth/authorized_keys,persistence_auth,root_session,126,yes,0,/usr/sbin/sshd,sshd,,sshd: deploy-rkejw [priv],,,,0,0,1001,16954,16907,(none),44,privilege_transition,benign,
1778300228,14795,-0.055457,pre_context,20260508_211709_authorized_keys_W9jmSO,20260508_211655_dirtyfrag_root_authorized_keys_X5ChW3,persistence_auth/authorized_keys,persistence_auth,root_session,,,,,,,,,,,,,,,,,,,benign,
1778300228,14796,-0.055457,pre_context,20260508_211709_authorized_keys_W9jmSO,20260508_211655_dirtyfrag_root_authorized_keys_X5ChW3,persistence_auth/authorized_keys,persistence_auth,root_session,setresgid,yes,0,/usr/sbin/sshd,sshd,,sshd: deploy-rkejw [priv],,,,0,0,1001,16954,16907,(none),44,privilege_transition,benign,
1778300228,14797,-0.055457,pre_context,20260508_211709_authorized_keys_W9jmSO,20260508_211655_dirtyfrag_root_authorized_keys_X5ChW3,persistence_auth/authorized_keys,persistence_auth,root_session,setresuid,yes,0,/usr/sbin/sshd,sshd,,sshd: deploy-rkejw [priv],,,,1001,1001,1001,16954,16907,(none),44,privilege_transition,benign,
1778300228,14798,-0.055457,pre_context,20260508_211709_authorized_keys_W9jmSO,20260508_211655_dirtyfrag_root_authorized_keys_X5ChW3,persistence_auth/authorized_keys,persistence_auth,root_session,setuid,no,-1,/usr/sbin/sshd,sshd,,sshd: deploy-rkejw [priv],,,,1001,1001,1001,16954,16907,(none),44,privilege_transition,benign,
1778300228,14799,-0.055457,pre_context,20260508_211709_authorized_keys_W9jmSO,20260508_211655_dirtyfrag_root_authorized_keys_X5ChW3,persistence_auth/authorized_keys,persistence_auth,root_session,setresuid,no,-1,/usr/sbin/sshd,sshd,,sshd: deploy-rkejw [priv],,,,1001,1001,1001,16954,16907,(none),44,privilege_transition,benign,
1778300228,14800,-0.004457,pre_context,20260508_211709_authorized_keys_W9jmSO,20260508_211655_dirtyfrag_root_authorized_keys_X5ChW3,persistence_auth/authorized_keys,persistence_auth,root_session,execve,yes,0,/usr/bin/bash,bash,"bash -c epoch=$(date +%s.%N) iso=$(date -Is) marker=START\ run_id=20260508_211709_authorized_keys_W9jmSO\ chain_id=20260508_211655_dirtyfrag_root_authorized_keys_X5ChW3\ delivery=root_session\ payload=persistence_auth/authorized_keys\ category=persistence_auth\ privilege=sudo\ user=alex marker=""$marker epoch=$epoch iso=$iso"" logger -t aegis_attack_marker -- ""$marker"" printf 'target_epoch=%s\n' ""$epoch"" printf 'target_iso=%s\n' ""$iso""",bash -c epoch=$(date +%s.%N) iso=$(date -Is) marker=START\ run_id=20260508_211709_authorized_keys_W9jmS,/home/deploy-rkejw,/bin/bash,/bin/bash|/lib64/ld-linux-x86-64.so.2,1001,1001,1001,16955,16954,(none),44,shell_exec,benign,
1778300228,14801,-0.002457,pre_context,20260508_211709_authorized_keys_W9jmSO,20260508_211655_dirtyfrag_root_authorized_keys_X5ChW3,persistence_auth/authorized_keys,persistence_auth,root_session,execve,yes,0,/usr/bin/date,date,date +%s.%N,date +%s.%N,/home/deploy-rkejw,/usr/bin/date,/usr/bin/date|/lib64/ld-linux-x86-64.so.2,1001,1001,1001,16956,16955,(none),44,exec,benign,
1778300228,14802,-0.001457,pre_context,20260508_211709_authorized_keys_W9jmSO,20260508_211655_dirtyfrag_root_authorized_keys_X5ChW3,persistence_auth/authorized_keys,persistence_auth,root_session,execve,yes,0,/usr/bin/date,date,date -Is,date -Is,/home/deploy-rkejw,/usr/bin/date,/usr/bin/date|/lib64/ld-linux-x86-64.so.2,1001,1001,1001,16957,16955,(none),44,exec,benign,
1778300228,14803,0.000543,attack_window,20260508_211709_authorized_keys_W9jmSO,20260508_211655_dirtyfrag_root_authorized_keys_X5ChW3,persistence_auth/authorized_keys,persistence_auth,root_session,execve,yes,0,/usr/bin/logger,logger,logger -t aegis_attack_marker -- START run_id=20260508_211709_authorized_keys_W9jmSO chain_id=20260508_211655_dirtyfrag_root_authorized_keys_X5ChW3 delivery=root_session payload=persistence_auth/authorized_keys category=persistence_auth privilege=sudo user=alex epoch=1778300228.211456878 iso=2026-05-09T04:17:08+00:00,logger -t aegis_attack_marker -- START run_id=20260508_211709_authorized_keys_W9jmSO chain_id=20260508_211655_dirtyfrag_root_aut,/home/deploy-rkejw,/usr/bin/logger,/usr/bin/logger|/lib64/ld-linux-x86-64.so.2,1001,1001,1001,16958,16955,(none),44,exec,benign,
1778300228,14804,0.001543,attack_window,20260508_211709_authorized_keys_W9jmSO,20260508_211655_dirtyfrag_root_authorized_keys_X5ChW3,persistence_auth/authorized_keys,persistence_auth,root_session,connect,yes,0,/usr/bin/logger,logger,,logger -t aegis_attack_marker -- START run_id=20260508_211709_authorized_keys_W9jmSO chain_id=20260508_211655_dirtyfrag_root_aut,/home/deploy-rkejw,/dev/log,/dev/log,1001,1001,1001,16958,16955,(none),44,network_connect,benign,
1778300228,14805,0.003543,attack_window,20260508_211709_authorized_keys_W9jmSO,20260508_211655_dirtyfrag_root_authorized_keys_X5ChW3,persistence_auth/authorized_keys,persistence_auth,root_session,connect,yes,0,/usr/sbin/sshd,sshd,,sshd: deploy-rkejw [priv],/,/dev/log,/dev/log,1001,1001,1001,16954,16907,(none),44,network_connect,benign,
1778300228,14806,0.003543,attack_window,20260508_211709_authorized_keys_W9jmSO,20260508_211655_dirtyfrag_root_authorized_keys_X5ChW3,persistence_auth/authorized_keys,persistence_auth,root_session,114,yes,0,/usr/sbin/sshd,sshd,,/usr/sbin/sshd -D -R,,,,0,0,1001,16907,9653,(none),44,privilege_transition,benign,
1778300228,14807,0.003543,attack_window,20260508_211709_authorized_keys_W9jmSO,20260508_211655_dirtyfrag_root_authorized_keys_X5ChW3,persistence_auth/authorized_keys,persistence_auth,root_session,setresuid,yes,0,/usr/sbin/sshd,sshd,,/usr/sbin/sshd -D -R,,,,0,1001,1001,16907,9653,(none),44,privilege_transition,benign,
1778300228,14808,0.003543,attack_window,20260508_211709_authorized_keys_W9jmSO,20260508_211655_dirtyfrag_root_authorized_keys_X5ChW3,persistence_auth/authorized_keys,persistence_auth,root_session,113,yes,0,/usr/sbin/sshd,sshd,,/usr/sbin/sshd -D -R,,,,0,0,1001,16907,9653,(none),44,privilege_transition,benign,
1778300228,14809,0.003543,attack_window,20260508_211709_authorized_keys_W9jmSO,20260508_211655_dirtyfrag_root_authorized_keys_X5ChW3,persistence_auth/authorized_keys,persistence_auth,root_session,114,yes,0,/usr/sbin/sshd,sshd,,/usr/sbin/sshd -D -R,,,,0,0,1001,16907,9653,(none),44,privilege_transition,benign,
1778300228,14810,0.003543,attack_window,20260508_211709_authorized_keys_W9jmSO,20260508_211655_dirtyfrag_root_authorized_keys_X5ChW3,persistence_auth/authorized_keys,persistence_auth,root_session,connect,yes,0,/usr/sbin/sshd,sshd,,/usr/sbin/sshd -D -R,/,/run/dbus/system_bus_socket,/run/dbus/system_bus_socket,0,0,1001,16907,9653,(none),44,network_connect,benign,
1778300228,14811,0.004543,attack_window,20260508_211709_authorized_keys_W9jmSO,20260508_211655_dirtyfrag_root_authorized_keys_X5ChW3,persistence_auth/authorized_keys,persistence_auth,root_session,,,,,,,,,,,,,,,,,,,ambiguous,
1778300228,14812,0.004543,attack_window,20260508_211709_authorized_keys_W9jmSO,20260508_211655_dirtyfrag_root_authorized_keys_X5ChW3,persistence_auth/authorized_keys,persistence_auth,root_session,,,,,,,,,,,,,,,,,,,ambiguous,
1778300228,14813,0.004543,attack_window,20260508_211709_authorized_keys_W9jmSO,20260508_211655_dirtyfrag_root_authorized_keys_X5ChW3,persistence_auth/authorized_keys,persistence_auth,root_session,setresgid,yes,0,/usr/sbin/sshd,sshd,,/usr/sbin/sshd -D -R,,,,0,0,1001,16907,9653,(none),44,privilege_transition,benign,
1778300228,14814,0.004543,attack_window,20260508_211709_authorized_keys_W9jmSO,20260508_211655_dirtyfrag_root_authorized_keys_X5ChW3,persistence_auth/authorized_keys,persistence_auth,root_session,setresuid,yes,0,/usr/sbin/sshd,sshd,,/usr/sbin/sshd -D -R,,,,0,1001,1001,16907,9653,(none),44,privilege_transition,benign,
1778300228,14815,0.004543,attack_window,20260508_211709_authorized_keys_W9jmSO,20260508_211655_dirtyfrag_root_authorized_keys_X5ChW3,persistence_auth/authorized_keys,persistence_auth,root_session,setresuid,yes,0,/usr/sbin/sshd,sshd,,/usr/sbin/sshd -D -R,,,,0,0,1001,16907,9653,(none),44,privilege_transition,benign,
1778300228,14816,0.004543,attack_window,20260508_211709_authorized_keys_W9jmSO,20260508_211655_dirtyfrag_root_authorized_keys_X5ChW3,persistence_auth/authorized_keys,persistence_auth,root_session,setresgid,yes,0,/usr/sbin/sshd,sshd,,/usr/sbin/sshd -D -R,,,,0,0,1001,16907,9653,(none),44,privilege_transition,benign,
1778300228,14817,0.107543,attack_window,20260508_211709_authorized_keys_W9jmSO,20260508_211655_dirtyfrag_root_authorized_keys_X5ChW3,persistence_auth/authorized_keys,persistence_auth,root_session,execve,yes,0,/usr/sbin/sshd,sshd,/usr/sbin/sshd -D -R,/usr/sbin/sshd -D -R,/,/usr/sbin/sshd,/usr/sbin/sshd|/lib64/ld-linux-x86-64.so.2,0,0,4294967295,16959,9653,(none),4294967295,exec,benign,
1778300228,14818,0.111543,attack_window,20260508_211709_authorized_keys_W9jmSO,20260508_211655_dirtyfrag_root_authorized_keys_X5ChW3,persistence_auth/authorized_keys,persistence_auth,root_session,connect,no,-2,/usr/sbin/sshd,sshd,,/usr/sbin/sshd -D -R,/,/var/run/nscd/socket,/var/run/nscd/socket,0,0,4294967295,16959,9653,(none),4294967295,network_connect,benign,
1778300228,14819,0.111543,attack_window,20260508_211709_authorized_keys_W9jmSO,20260508_211655_dirtyfrag_root_authorized_keys_X5ChW3,persistence_auth/authorized_keys,persistence_auth,root_session,connect,yes,0,/usr/sbin/sshd,sshd,,/usr/sbin/sshd -D -R,,,,0,0,4294967295,16959,9653,(none),4294967295,network_connect,benign,
1778300228,14820,0.111543,attack_window,20260508_211709_authorized_keys_W9jmSO,20260508_211655_dirtyfrag_root_authorized_keys_X5ChW3,persistence_auth/authorized_keys,persistence_auth,root_session,connect,yes,0,/usr/sbin/sshd,sshd,,/usr/sbin/sshd -D -R,,,,0,0,4294967295,16959,9653,(none),4294967295,network_connect,benign,
1778300228,14821,0.111543,attack_window,20260508_211709_authorized_keys_W9jmSO,20260508_211655_dirtyfrag_root_authorized_keys_X5ChW3,persistence_auth/authorized_keys,persistence_auth,root_session,connect,yes,0,/usr/sbin/sshd,sshd,,/usr/sbin/sshd -D -R,,,,0,0,4294967295,16959,9653,(none),4294967295,network_connect,benign,
1778300228,14822,0.111543,attack_window,20260508_211709_authorized_keys_W9jmSO,20260508_211655_dirtyfrag_root_authorized_keys_X5ChW3,persistence_auth/authorized_keys,persistence_auth,root_session,connect,no,-2,/usr/sbin/sshd,sshd,,/usr/sbin/sshd -D -R,/,/var/run/nscd/socket,/var/run/nscd/socket,0,0,4294967295,16959,9653,(none),4294967295,network_connect,benign,
1778300228,14823,0.112543,attack_window,20260508_211709_authorized_keys_W9jmSO,20260508_211655_dirtyfrag_root_authorized_keys_X5ChW3,persistence_auth/authorized_keys,persistence_auth,root_session,connect,no,-2,/usr/sbin/sshd,sshd,,/usr/sbin/sshd -D -R,/,/var/run/nscd/socket,/var/run/nscd/socket,0,0,4294967295,16959,9653,(none),4294967295,network_connect,benign,
1778300228,14824,0.114543,attack_window,20260508_211709_authorized_keys_W9jmSO,20260508_211655_dirtyfrag_root_authorized_keys_X5ChW3,persistence_auth/authorized_keys,persistence_auth,root_session,setresgid,yes,0,/usr/sbin/sshd,sshd,,sshd: [accepted],,,,0,0,4294967295,16960,16959,(none),4294967295,privilege_transition,benign,
1778300228,14825,0.114543,attack_window,20260508_211709_authorized_keys_W9jmSO,20260508_211655_dirtyfrag_root_authorized_keys_X5ChW3,persistence_auth/authorized_keys,persistence_auth,root_session,setresuid,yes,0,/usr/sbin/sshd,sshd,,sshd: [accepted],,,,109,109,4294967295,16960,16959,(none),4294967295,privilege_transition,benign,
1778300228,14826,0.114543,attack_window,20260508_211709_authorized_keys_W9jmSO,20260508_211655_dirtyfrag_root_authorized_keys_X5ChW3,persistence_auth/authorized_keys,persistence_auth,root_session,setgid,no,-1,/usr/sbin/sshd,sshd,,sshd: [accepted],,,,109,109,4294967295,16960,16959,(none),4294967295,privilege_transition,benign,
1778300228,14827,0.114543,attack_window,20260508_211709_authorized_keys_W9jmSO,20260508_211655_dirtyfrag_root_authorized_keys_X5ChW3,persistence_auth/authorized_keys,persistence_auth,root_session,setresgid,no,-1,/usr/sbin/sshd,sshd,,sshd: [accepted],,,,109,109,4294967295,16960,16959,(none),4294967295,privilege_transition,benign,
1778300228,14828,0.114543,attack_window,20260508_211709_authorized_keys_W9jmSO,20260508_211655_dirtyfrag_root_authorized_keys_X5ChW3,persistence_auth/authorized_keys,persistence_auth,root_session,setuid,no,-1,/usr/sbin/sshd,sshd,,sshd: [accepted],,,,109,109,4294967295,16960,16959,(none),4294967295,privilege_transition,benign,
1778300228,14829,0.114543,attack_window,20260508_211709_authorized_keys_W9jmSO,20260508_211655_dirtyfrag_root_authorized_keys_X5ChW3,persistence_auth/authorized_keys,persistence_auth,root_session,setresuid,no,-1,/usr/sbin/sshd,sshd,,sshd: [accepted],,,,109,109,4294967295,16960,16959,(none),4294967295,privilege_transition,benign,
1778300228,14830,0.219543,attack_window,20260508_211709_authorized_keys_W9jmSO,20260508_211655_dirtyfrag_root_authorized_keys_X5ChW3,persistence_auth/authorized_keys,persistence_auth,root_session,connect,no,-2,/usr/sbin/sshd,sshd,,/usr/sbin/sshd -D -R,/,/var/run/nscd/socket,/var/run/nscd/socket,0,0,4294967295,16959,9653,(none),4294967295,network_connect,benign,
1778300228,14831,0.219543,attack_window,20260508_211709_authorized_keys_W9jmSO,20260508_211655_dirtyfrag_root_authorized_keys_X5ChW3,persistence_auth/authorized_keys,persistence_auth,root_session,connect,no,-2,/usr/sbin/sshd,sshd,,/usr/sbin/sshd -D -R,/,/var/run/nscd/socket,/var/run/nscd/socket,0,0,4294967295,16959,9653,(none),4294967295,network_connect,benign,
1778300228,14832,0.219543,attack_window,20260508_211709_authorized_keys_W9jmSO,20260508_211655_dirtyfrag_root_authorized_keys_X5ChW3,persistence_auth/authorized_keys,persistence_auth,root_session,connect,yes,0,/usr/sbin/sshd,sshd,,/usr/sbin/sshd -D -R,/,/run/systemd/userdb/io.systemd.DynamicUser,/run/systemd/userdb/io.systemd.DynamicUser,0,0,4294967295,16959,9653,(none),4294967295,network_connect,benign,
1778300228,14833,0.219543,attack_window,20260508_211709_authorized_keys_W9jmSO,20260508_211655_dirtyfrag_root_authorized_keys_X5ChW3,persistence_auth/authorized_keys,persistence_auth,root_session,setresgid,yes,0,/usr/sbin/sshd,sshd,,/usr/sbin/sshd -D -R,,,,0,0,4294967295,16959,9653,(none),4294967295,privilege_transition,benign,
1778300228,14834,0.219543,attack_window,20260508_211709_authorized_keys_W9jmSO,20260508_211655_dirtyfrag_root_authorized_keys_X5ChW3,persistence_auth/authorized_keys,persistence_auth,root_session,setresuid,yes,0,/usr/sbin/sshd,sshd,,/usr/sbin/sshd -D -R,,,,0,1001,4294967295,16959,9653,(none),4294967295,privilege_transition,benign,
1778300228,14835,0.220543,attack_window,20260508_211709_authorized_keys_W9jmSO,20260508_211655_dirtyfrag_root_authorized_keys_X5ChW3,persistence_auth/authorized_keys,persistence_auth,root_session,setresuid,yes,0,/usr/sbin/sshd,sshd,,/usr/sbin/sshd -D -R,,,,0,0,4294967295,16959,9653,(none),4294967295,privilege_transition,benign,
1778300228,14836,0.220543,attack_window,20260508_211709_authorized_keys_W9jmSO,20260508_211655_dirtyfrag_root_authorized_keys_X5ChW3,persistence_auth/authorized_keys,persistence_auth,root_session,setresgid,yes,0,/usr/sbin/sshd,sshd,,/usr/sbin/sshd -D -R,,,,0,0,4294967295,16959,9653,(none),4294967295,privilege_transition,benign,
1778300228,14837,0.220543,attack_window,20260508_211709_authorized_keys_W9jmSO,20260508_211655_dirtyfrag_root_authorized_keys_X5ChW3,persistence_auth/authorized_keys,persistence_auth,root_session,setresgid,yes,0,/usr/sbin/sshd,sshd,,/usr/sbin/sshd -D -R,,,,0,0,4294967295,16959,9653,(none),4294967295,privilege_transition,benign,
1778300228,14838,0.220543,attack_window,20260508_211709_authorized_keys_W9jmSO,20260508_211655_dirtyfrag_root_authorized_keys_X5ChW3,persistence_auth/authorized_keys,persistence_auth,root_session,setresuid,yes,0,/usr/sbin/sshd,sshd,,/usr/sbin/sshd -D -R,,,,0,1001,4294967295,16959,9653,(none),4294967295,privilege_transition,benign,
1778300228,14839,0.220543,attack_window,20260508_211709_authorized_keys_W9jmSO,20260508_211655_dirtyfrag_root_authorized_keys_X5ChW3,persistence_auth/authorized_keys,persistence_auth,root_session,setresuid,yes,0,/usr/sbin/sshd,sshd,,/usr/sbin/sshd -D -R,,,,0,0,4294967295,16959,9653,(none),4294967295,privilege_transition,benign,
1778300228,14840,0.220543,attack_window,20260508_211709_authorized_keys_W9jmSO,20260508_211655_dirtyfrag_root_authorized_keys_X5ChW3,persistence_auth/authorized_keys,persistence_auth,root_session,setresgid,yes,0,/usr/sbin/sshd,sshd,,/usr/sbin/sshd -D -R,,,,0,0,4294967295,16959,9653,(none),4294967295,privilege_transition,benign,
1778300228,14841,0.220543,attack_window,20260508_211709_authorized_keys_W9jmSO,20260508_211655_dirtyfrag_root_authorized_keys_X5ChW3,persistence_auth/authorized_keys,persistence_auth,root_session,,,,,,,,,,,,,,,,,,,ambiguous,
1778300228,14842,0.228543,attack_window,20260508_211709_authorized_keys_W9jmSO,20260508_211655_dirtyfrag_root_authorized_keys_X5ChW3,persistence_auth/authorized_keys,persistence_auth,root_session,setresgid,yes,0,/usr/sbin/sshd,sshd,,/usr/sbin/sshd -D -R,,,,0,0,4294967295,16959,9653,(none),4294967295,privilege_transition,benign,
1778300228,14843,0.228543,attack_window,20260508_211709_authorized_keys_W9jmSO,20260508_211655_dirtyfrag_root_authorized_keys_X5ChW3,persistence_auth/authorized_keys,persistence_auth,root_session,setresuid,yes,0,/usr/sbin/sshd,sshd,,/usr/sbin/sshd -D -R,,,,0,1001,4294967295,16959,9653,(none),4294967295,privilege_transition,benign,
1778300228,14844,0.228543,attack_window,20260508_211709_authorized_keys_W9jmSO,20260508_211655_dirtyfrag_root_authorized_keys_X5ChW3,persistence_auth/authorized_keys,persistence_auth,root_session,setresuid,yes,0,/usr/sbin/sshd,sshd,,/usr/sbin/sshd -D -R,,,,0,0,4294967295,16959,9653,(none),4294967295,privilege_transition,benign,
1778300228,14845,0.228543,attack_window,20260508_211709_authorized_keys_W9jmSO,20260508_211655_dirtyfrag_root_authorized_keys_X5ChW3,persistence_auth/authorized_keys,persistence_auth,root_session,setresgid,yes,0,/usr/sbin/sshd,sshd,,/usr/sbin/sshd -D -R,,,,0,0,4294967295,16959,9653,(none),4294967295,privilege_transition,benign,
1778300228,14846,0.228543,attack_window,20260508_211709_authorized_keys_W9jmSO,20260508_211655_dirtyfrag_root_authorized_keys_X5ChW3,persistence_auth/authorized_keys,persistence_auth,root_session,setresgid,yes,0,/usr/sbin/sshd,sshd,,/usr/sbin/sshd -D -R,,,,0,0,4294967295,16959,9653,(none),4294967295,privilege_transition,benign,
1778300228,14847,0.228543,attack_window,20260508_211709_authorized_keys_W9jmSO,20260508_211655_dirtyfrag_root_authorized_keys_X5ChW3,persistence_auth/authorized_keys,persistence_auth,root_session,setresuid,yes,0,/usr/sbin/sshd,sshd,,/usr/sbin/sshd -D -R,,,,0,1001,4294967295,16959,9653,(none),4294967295,privilege_transition,benign,
1778300228,14848,0.228543,attack_window,20260508_211709_authorized_keys_W9jmSO,20260508_211655_dirtyfrag_root_authorized_keys_X5ChW3,persistence_auth/authorized_keys,persistence_auth,root_session,setresuid,yes,0,/usr/sbin/sshd,sshd,,/usr/sbin/sshd -D -R,,,,0,0,4294967295,16959,9653,(none),4294967295,privilege_transition,benign,
1778300228,14849,0.228543,attack_window,20260508_211709_authorized_keys_W9jmSO,20260508_211655_dirtyfrag_root_authorized_keys_X5ChW3,persistence_auth/authorized_keys,persistence_auth,root_session,setresgid,yes,0,/usr/sbin/sshd,sshd,,/usr/sbin/sshd -D -R,,,,0,0,4294967295,16959,9653,(none),4294967295,privilege_transition,benign,
1778300228,14850,0.228543,attack_window,20260508_211709_authorized_keys_W9jmSO,20260508_211655_dirtyfrag_root_authorized_keys_X5ChW3,persistence_auth/authorized_keys,persistence_auth,root_session,,,,,,,,,,,,,,,,,,,ambiguous,
1778300228,14851,0.256543,attack_window,20260508_211709_authorized_keys_W9jmSO,20260508_211655_dirtyfrag_root_authorized_keys_X5ChW3,persistence_auth/authorized_keys,persistence_auth,root_session,connect,yes,0,/usr/sbin/sshd,sshd,,/usr/sbin/sshd -D -R,/,/run/systemd/userdb/io.systemd.DynamicUser,/run/systemd/userdb/io.systemd.DynamicUser,0,0,4294967295,16959,9653,(none),4294967295,network_connect,benign,
1778300228,14852,0.256543,attack_window,20260508_211709_authorized_keys_W9jmSO,20260508_211655_dirtyfrag_root_authorized_keys_X5ChW3,persistence_auth/authorized_keys,persistence_auth,root_session,,,,,,,,,,,,,,,,,,,ambiguous,
1778300228,14853,0.269543,attack_window,20260508_211709_authorized_keys_W9jmSO,20260508_211655_dirtyfrag_root_authorized_keys_X5ChW3,persistence_auth/authorized_keys,persistence_auth,root_session,,,,,,,,,,,,,,,,,,,ambiguous,
1778300228,14854,0.269543,attack_window,20260508_211709_authorized_keys_W9jmSO,20260508_211655_dirtyfrag_root_authorized_keys_X5ChW3,persistence_auth/authorized_keys,persistence_auth,root_session,connect,yes,0,/usr/sbin/sshd,sshd,,/usr/sbin/sshd -D -R,/,/dev/log,/dev/log,0,0,4294967295,16959,9653,(none),4294967295,network_connect,benign,
1778300228,14855,0.269543,attack_window,20260508_211709_authorized_keys_W9jmSO,20260508_211655_dirtyfrag_root_authorized_keys_X5ChW3,persistence_auth/authorized_keys,persistence_auth,root_session,connect,yes,0,/usr/sbin/sshd,sshd,,/usr/sbin/sshd -D -R,/,/run/systemd/userdb/io.systemd.DynamicUser,/run/systemd/userdb/io.systemd.DynamicUser,0,0,4294967295,16959,9653,(none),4294967295,network_connect,benign,
1778300228,14856,0.270543,attack_window,20260508_211709_authorized_keys_W9jmSO,20260508_211655_dirtyfrag_root_authorized_keys_X5ChW3,persistence_auth/authorized_keys,persistence_auth,root_session,126,yes,0,/usr/sbin/sshd,sshd,,/usr/sbin/sshd -D -R,,,,0,0,4294967295,16959,9653,(none),4294967295,privilege_transition,benign,
1778300228,14857,0.270543,attack_window,20260508_211709_authorized_keys_W9jmSO,20260508_211655_dirtyfrag_root_authorized_keys_X5ChW3,persistence_auth/authorized_keys,persistence_auth,root_session,,,,,,,,,,,,,,,,,,,ambiguous,
1778300228,14858,0.270543,attack_window,20260508_211709_authorized_keys_W9jmSO,20260508_211655_dirtyfrag_root_authorized_keys_X5ChW3,persistence_auth/authorized_keys,persistence_auth,root_session,77,yes,0,/usr/sbin/sshd,sshd,,/usr/sbin/sshd -D -R,,,,0,0,4294967295,16959,9653,(none),4294967295,file_destroy,benign,
1778300228,14859,0.270543,attack_window,20260508_211709_authorized_keys_W9jmSO,20260508_211655_dirtyfrag_root_authorized_keys_X5ChW3,persistence_auth/authorized_keys,persistence_auth,root_session,write,yes,4,/usr/sbin/sshd,sshd,,/usr/sbin/sshd -D -R,,,,0,0,1001,16959,9653,(none),45,(null),benign,
1778300228,14860,0.270543,attack_window,20260508_211709_authorized_keys_W9jmSO,20260508_211655_dirtyfrag_root_authorized_keys_X5ChW3,persistence_auth/authorized_keys,persistence_auth,root_session,114,yes,0,/usr/sbin/sshd,sshd,,/usr/sbin/sshd -D -R,,,,0,0,1001,16959,9653,(none),45,privilege_transition,benign,
1778300228,14861,0.270543,attack_window,20260508_211709_authorized_keys_W9jmSO,20260508_211655_dirtyfrag_root_authorized_keys_X5ChW3,persistence_auth/authorized_keys,persistence_auth,root_session,113,yes,0,/usr/sbin/sshd,sshd,,/usr/sbin/sshd -D -R,,,,1001,0,1001,16959,9653,(none),45,privilege_transition,benign,
1778300228,14862,0.270543,attack_window,20260508_211709_authorized_keys_W9jmSO,20260508_211655_dirtyfrag_root_authorized_keys_X5ChW3,persistence_auth/authorized_keys,persistence_auth,root_session,113,yes,0,/usr/sbin/sshd,sshd,,/usr/sbin/sshd -D -R,,,,0,0,1001,16959,9653,(none),45,privilege_transition,benign,
1778300228,14863,0.270543,attack_window,20260508_211709_authorized_keys_W9jmSO,20260508_211655_dirtyfrag_root_authorized_keys_X5ChW3,persistence_auth/authorized_keys,persistence_auth,root_session,114,yes,0,/usr/sbin/sshd,sshd,,/usr/sbin/sshd -D -R,,,,0,0,1001,16959,9653,(none),45,privilege_transition,benign,
1778300228,14864,0.270543,attack_window,20260508_211709_authorized_keys_W9jmSO,20260508_211655_dirtyfrag_root_authorized_keys_X5ChW3,persistence_auth/authorized_keys,persistence_auth,root_session,connect,yes,0,/usr/sbin/sshd,sshd,,/usr/sbin/sshd -D -R,/,/dev/log,/dev/log,0,0,1001,16959,9653,(none),45,network_connect,benign,
1778300228,14865,0.271543,attack_window,20260508_211709_authorized_keys_W9jmSO,20260508_211655_dirtyfrag_root_authorized_keys_X5ChW3,persistence_auth/authorized_keys,persistence_auth,root_session,connect,no,-2,/usr/sbin/sshd,sshd,,/usr/sbin/sshd -D -R,/,/run/systemd/userdb/io.systemd.Multiplexer,/run/systemd/userdb/io.systemd.Multiplexer,0,0,1001,16959,9653,(none),45,network_connect,benign,
1778300228,14866,0.271543,attack_window,20260508_211709_authorized_keys_W9jmSO,20260508_211655_dirtyfrag_root_authorized_keys_X5ChW3,persistence_auth/authorized_keys,persistence_auth,root_session,connect,yes,0,/usr/sbin/sshd,sshd,,/usr/sbin/sshd -D -R,/,/run/systemd/userdb/io.systemd.DynamicUser,/run/systemd/userdb/io.systemd.DynamicUser,0,0,1001,16959,9653,(none),45,network_connect,benign,
1778300228,14867,0.271543,attack_window,20260508_211709_authorized_keys_W9jmSO,20260508_211655_dirtyfrag_root_authorized_keys_X5ChW3,persistence_auth/authorized_keys,persistence_auth,root_session,connect,yes,0,/usr/sbin/sshd,sshd,,/usr/sbin/sshd -D -R,/,/run/dbus/system_bus_socket,/run/dbus/system_bus_socket,0,0,1001,16959,9653,(none),45,network_connect,benign,
1778300228,14868,0.285543,attack_window,20260508_211709_authorized_keys_W9jmSO,20260508_211655_dirtyfrag_root_authorized_keys_X5ChW3,persistence_auth/authorized_keys,persistence_auth,root_session,execve,yes,0,/usr/bin/dash,sh,sh -c -- /usr/bin/env -i PATH=/usr/local/sbin:/usr/local/bin:/usr/sbin:/usr/bin:/sbin:/bin run-parts --lsbsysinit /etc/update-motd.d > /run/motd.dynamic.new,sh -c -- /usr/bin/env -i PATH=/usr/local/sbin:/usr/local/bin:/usr/sbin:/usr/bin:/sbin:/bin run-parts --lsbsysinit /etc/update-mo,/,/bin/sh,/bin/sh|/lib64/ld-linux-x86-64.so.2,0,0,1001,16961,16959,(none),45,exec,benign,
1778300228,14869,0.286543,attack_window,20260508_211709_authorized_keys_W9jmSO,20260508_211655_dirtyfrag_root_authorized_keys_X5ChW3,persistence_auth/authorized_keys,persistence_auth,root_session,execve,yes,0,/usr/bin/env,env,/usr/bin/env -i PATH=/usr/local/sbin:/usr/local/bin:/usr/sbin:/usr/bin:/sbin:/bin run-parts --lsbsysinit /etc/update-motd.d,/usr/bin/env -i PATH=/usr/local/sbin:/usr/local/bin:/usr/sbin:/usr/bin:/sbin:/bin run-parts --lsbsysinit /etc/update-motd.d,/,/usr/bin/env,/usr/bin/env|/lib64/ld-linux-x86-64.so.2,0,0,1001,16962,16961,(none),45,exec,benign,
1778300228,14870,0.286543,attack_window,20260508_211709_authorized_keys_W9jmSO,20260508_211655_dirtyfrag_root_authorized_keys_X5ChW3,persistence_auth/authorized_keys,persistence_auth,root_session,execve,no,-2,/usr/bin/env,env,,/usr/bin/env -i PATH=/usr/local/sbin:/usr/local/bin:/usr/sbin:/usr/bin:/sbin:/bin run-parts --lsbsysinit /etc/update-motd.d,/,/usr/local/sbin/run-parts,/usr/local/sbin/run-parts,0,0,1001,16962,16961,(none),45,exec,benign,
1778300228,14871,0.286543,attack_window,20260508_211709_authorized_keys_W9jmSO,20260508_211655_dirtyfrag_root_authorized_keys_X5ChW3,persistence_auth/authorized_keys,persistence_auth,root_session,execve,no,-2,/usr/bin/env,env,,/usr/bin/env -i PATH=/usr/local/sbin:/usr/local/bin:/usr/sbin:/usr/bin:/sbin:/bin run-parts --lsbsysinit /etc/update-motd.d,/,/usr/local/bin/run-parts,/usr/local/bin/run-parts,0,0,1001,16962,16961,(none),45,exec,benign,
1778300228,14872,0.286543,attack_window,20260508_211709_authorized_keys_W9jmSO,20260508_211655_dirtyfrag_root_authorized_keys_X5ChW3,persistence_auth/authorized_keys,persistence_auth,root_session,execve,no,-2,/usr/bin/env,env,,/usr/bin/env -i PATH=/usr/local/sbin:/usr/local/bin:/usr/sbin:/usr/bin:/sbin:/bin run-parts --lsbsysinit /etc/update-motd.d,/,/usr/sbin/run-parts,/usr/sbin/run-parts,0,0,1001,16962,16961,(none),45,exec,benign,
1778300228,14873,0.286543,attack_window,20260508_211709_authorized_keys_W9jmSO,20260508_211655_dirtyfrag_root_authorized_keys_X5ChW3,persistence_auth/authorized_keys,persistence_auth,root_session,execve,yes,0,/usr/bin/run-parts,run-parts,run-parts --lsbsysinit /etc/update-motd.d,/usr/bin/env -i PATH=/usr/local/sbin:/usr/local/bin:/usr/sbin:/usr/bin:/sbin:/bin run-parts --lsbsysinit /etc/update-motd.d,/,/usr/bin/run-parts,/usr/bin/run-parts|/lib64/ld-linux-x86-64.so.2,0,0,1001,16962,16961,(none),45,exec,benign,
1778300229,14874,0.288543,attack_window,20260508_211709_authorized_keys_W9jmSO,20260508_211655_dirtyfrag_root_authorized_keys_X5ChW3,persistence_auth/authorized_keys,persistence_auth,root_session,execve,yes,0,/usr/bin/dash,00-header,/bin/sh /etc/update-motd.d/00-header,/bin/sh /etc/update-motd.d/00-header,/,/etc/update-motd.d/00-header,/etc/update-motd.d/00-header|/bin/sh|/lib64/ld-linux-x86-64.so.2,0,0,1001,16963,16962,(none),45,exec,benign,
1778300229,14875,0.289543,attack_window,20260508_211709_authorized_keys_W9jmSO,20260508_211655_dirtyfrag_root_authorized_keys_X5ChW3,persistence_auth/authorized_keys,persistence_auth,root_session,execve,yes,0,/usr/bin/uname,uname,uname -o,uname -o,/,/usr/bin/uname,/usr/bin/uname|/lib64/ld-linux-x86-64.so.2,0,0,1001,16964,16963,(none),45,exec,benign,
1778300229,14876,0.290543,attack_window,20260508_211709_authorized_keys_W9jmSO,20260508_211655_dirtyfrag_root_authorized_keys_X5ChW3,persistence_auth/authorized_keys,persistence_auth,root_session,execve,yes,0,/usr/bin/uname,uname,uname -r,uname -r,/,/usr/bin/uname,/usr/bin/uname|/lib64/ld-linux-x86-64.so.2,0,0,1001,16965,16963,(none),45,exec,benign,
1778300229,14877,0.292543,attack_window,20260508_211709_authorized_keys_W9jmSO,20260508_211655_dirtyfrag_root_authorized_keys_X5ChW3,persistence_auth/authorized_keys,persistence_auth,root_session,execve,yes,0,/usr/bin/uname,uname,uname -m,uname -m,/,/usr/bin/uname,/usr/bin/uname|/lib64/ld-linux-x86-64.so.2,0,0,1001,16966,16963,(none),45,exec,benign,
1778300229,14878,0.293543,attack_window,20260508_211709_authorized_keys_W9jmSO,20260508_211655_dirtyfrag_root_authorized_keys_X5ChW3,persistence_auth/authorized_keys,persistence_auth,root_session,execve,yes,0,/usr/bin/dash,10-help-text,/bin/sh /etc/update-motd.d/10-help-text,/bin/sh /etc/update-motd.d/10-help-text,/,/etc/update-motd.d/10-help-text,/etc/update-motd.d/10-help-text|/bin/sh|/lib64/ld-linux-x86-64.so.2,0,0,1001,16967,16962,(none),45,exec,benign,
1778300229,14879,0.294543,attack_window,20260508_211709_authorized_keys_W9jmSO,20260508_211655_dirtyfrag_root_authorized_keys_X5ChW3,persistence_auth/authorized_keys,persistence_auth,root_session,execve,yes,0,/usr/bin/dash,50-landscape-sy,/bin/sh /etc/update-motd.d/50-landscape-sysinfo,/bin/sh /etc/update-motd.d/50-landscape-sysinfo,/,/etc/update-motd.d/50-landscape-sysinfo,/etc/update-motd.d/50-landscape-sysinfo|/bin/sh|/lib64/ld-linux-x86-64.so.2,0,0,1001,16968,16962,(none),45,exec,benign,
1778300229,14880,0.295543,attack_window,20260508_211709_authorized_keys_W9jmSO,20260508_211655_dirtyfrag_root_authorized_keys_X5ChW3,persistence_auth/authorized_keys,persistence_auth,root_session,execve,yes,0,/usr/bin/find,find,find /var/lib/landscape/landscape-sysinfo.cache -newermt now-1 minutes,find /var/lib/landscape/landscape-sysinfo.cache -newermt now-1 minutes,/,/usr/bin/find,/usr/bin/find|/lib64/ld-linux-x86-64.so.2,0,0,1001,16969,16968,(none),45,exec,benign,
1778300229,14881,0.296543,attack_window,20260508_211709_authorized_keys_W9jmSO,20260508_211655_dirtyfrag_root_authorized_keys_X5ChW3,persistence_auth/authorized_keys,persistence_auth,root_session,execve,yes,0,/usr/bin/cat,cat,cat /var/lib/landscape/landscape-sysinfo.cache,cat /var/lib/landscape/landscape-sysinfo.cache,/,/usr/bin/cat,/usr/bin/cat|/lib64/ld-linux-x86-64.so.2,0,0,1001,16970,16968,(none),45,exec,benign,
1778300229,14882,0.298543,attack_window,20260508_211709_authorized_keys_W9jmSO,20260508_211655_dirtyfrag_root_authorized_keys_X5ChW3,persistence_auth/authorized_keys,persistence_auth,root_session,execve,yes,0,/usr/bin/dash,50-motd-news,/bin/sh /etc/update-motd.d/50-motd-news,/bin/sh /etc/update-motd.d/50-motd-news,/,/etc/update-motd.d/50-motd-news,/etc/update-motd.d/50-motd-news|/bin/sh|/lib64/ld-linux-x86-64.so.2,0,0,1001,16971,16962,(none),45,exec,benign,
1778300229,14883,0.298543,attack_window,20260508_211709_authorized_keys_W9jmSO,20260508_211655_dirtyfrag_root_authorized_keys_X5ChW3,persistence_auth/authorized_keys,persistence_auth,root_session,execve,yes,0,/usr/bin/cat,cat,cat /var/cache/motd-news,cat /var/cache/motd-news,/,/usr/bin/cat,/usr/bin/cat|/lib64/ld-linux-x86-64.so.2,0,0,1001,16972,16971,(none),45,exec,benign,
1778300229,14884,0.298543,attack_window,20260508_211709_authorized_keys_W9jmSO,20260508_211655_dirtyfrag_root_authorized_keys_X5ChW3,persistence_auth/authorized_keys,persistence_auth,root_session,execve,yes,0,/usr/bin/head,head,head -n 10,head -n 10,/,/usr/bin/head,/usr/bin/head|/lib64/ld-linux-x86-64.so.2,0,0,1001,16973,16971,(none),45,exec,benign,
1778300229,14885,0.300543,attack_window,20260508_211709_authorized_keys_W9jmSO,20260508_211655_dirtyfrag_root_authorized_keys_X5ChW3,persistence_auth/authorized_keys,persistence_auth,root_session,execve,yes,0,/usr/bin/tr,tr,tr -d \000-\011\013\014\016-\037,tr -d \000-\011\013\014\016-\037,/,/usr/bin/tr,/usr/bin/tr|/lib64/ld-linux-x86-64.so.2,0,0,1001,16974,16971,(none),45,exec,benign,
1778300229,14886,0.300543,attack_window,20260508_211709_authorized_keys_W9jmSO,20260508_211655_dirtyfrag_root_authorized_keys_X5ChW3,persistence_auth/authorized_keys,persistence_auth,root_session,execve,yes,0,/usr/bin/cut,cut,cut -c -80,cut -c -80,/,/usr/bin/cut,/usr/bin/cut|/lib64/ld-linux-x86-64.so.2,0,0,1001,16975,16971,(none),45,exec,benign,
1778300229,14887,0.301543,attack_window,20260508_211709_authorized_keys_W9jmSO,20260508_211655_dirtyfrag_root_authorized_keys_X5ChW3,persistence_auth/authorized_keys,persistence_auth,root_session,execve,yes,0,/usr/bin/dash,85-fwupd,/bin/sh /etc/update-motd.d/85-fwupd,/bin/sh /etc/update-motd.d/85-fwupd,/,/etc/update-motd.d/85-fwupd,/etc/update-motd.d/85-fwupd|/bin/sh|/lib64/ld-linux-x86-64.so.2,0,0,1001,16976,16962,(none),45,exec,benign,
1778300229,14888,0.302543,attack_window,20260508_211709_authorized_keys_W9jmSO,20260508_211655_dirtyfrag_root_authorized_keys_X5ChW3,persistence_auth/authorized_keys,persistence_auth,root_session,execve,yes,0,/usr/bin/cat,cat,cat /run/motd.d/85-fwupd,cat /run/motd.d/85-fwupd,/,/usr/bin/cat,/usr/bin/cat|/lib64/ld-linux-x86-64.so.2,0,0,1001,16977,16976,(none),45,exec,benign,
1778300229,14889,0.303543,attack_window,20260508_211709_authorized_keys_W9jmSO,20260508_211655_dirtyfrag_root_authorized_keys_X5ChW3,persistence_auth/authorized_keys,persistence_auth,root_session,execve,yes,0,/usr/bin/dash,90-updates-avai,/bin/sh /etc/update-motd.d/90-updates-available,/bin/sh /etc/update-motd.d/90-updates-available,/,/etc/update-motd.d/90-updates-available,/etc/update-motd.d/90-updates-available|/bin/sh|/lib64/ld-linux-x86-64.so.2,0,0,1001,16978,16962,(none),45,exec,benign,
1778300229,14890,0.304543,attack_window,20260508_211709_authorized_keys_W9jmSO,20260508_211655_dirtyfrag_root_authorized_keys_X5ChW3,persistence_auth/authorized_keys,persistence_auth,root_session,execve,yes,0,/usr/bin/cat,cat,cat /var/lib/update-notifier/updates-available,cat /var/lib/update-notifier/updates-available,/,/usr/bin/cat,/usr/bin/cat|/lib64/ld-linux-x86-64.so.2,0,0,1001,16979,16978,(none),45,exec,benign,
1778300229,14891,0.306543,attack_window,20260508_211709_authorized_keys_W9jmSO,20260508_211655_dirtyfrag_root_authorized_keys_X5ChW3,persistence_auth/authorized_keys,persistence_auth,root_session,execve,yes,0,/usr/bin/grep,grep,grep -q -m 1 .,grep -q -m 1 .,/,/usr/bin/grep,/usr/bin/grep|/lib64/ld-linux-x86-64.so.2,0,0,1001,16981,16978,(none),45,exec,benign,
1778300229,14892,0.306543,attack_window,20260508_211709_authorized_keys_W9jmSO,20260508_211655_dirtyfrag_root_authorized_keys_X5ChW3,persistence_auth/authorized_keys,persistence_auth,root_session,execve,yes,0,/usr/bin/find,find,find /var/lib/update-notifier/updates-available -newermt now-7 days,find /var/lib/update-notifier/updates-available -newermt now-7 days,/,/usr/bin/find,/usr/bin/find|/lib64/ld-linux-x86-64.so.2,0,0,1001,16980,16978,(none),45,exec,benign,
1778300229,14893,0.307543,attack_window,20260508_211709_authorized_keys_W9jmSO,20260508_211655_dirtyfrag_root_authorized_keys_X5ChW3,persistence_auth/authorized_keys,persistence_auth,root_session,execve,yes,0,/usr/bin/dash,91-contract-ua-,/bin/sh /etc/update-motd.d/91-contract-ua-esm-status,/bin/sh /etc/update-motd.d/91-contract-ua-esm-status,/,/etc/update-motd.d/91-contract-ua-esm-status,/etc/update-motd.d/91-contract-ua-esm-status|/bin/sh|/lib64/ld-linux-x86-64.so.2,0,0,1001,16982,16962,(none),45,exec,benign,
1778300229,14894,0.308543,attack_window,20260508_211709_authorized_keys_W9jmSO,20260508_211655_dirtyfrag_root_authorized_keys_X5ChW3,persistence_auth/authorized_keys,persistence_auth,root_session,execve,yes,0,/usr/bin/dash,91-release-upgr,/bin/sh /etc/update-motd.d/91-release-upgrade,/bin/sh /etc/update-motd.d/91-release-upgrade,/,/etc/update-motd.d/91-release-upgrade,/etc/update-motd.d/91-release-upgrade|/bin/sh|/lib64/ld-linux-x86-64.so.2,0,0,1001,16983,16962,(none),45,exec,benign,
1778300229,14895,0.309543,attack_window,20260508_211709_authorized_keys_W9jmSO,20260508_211655_dirtyfrag_root_authorized_keys_X5ChW3,persistence_auth/authorized_keys,persistence_auth,root_session,execve,yes,0,/usr/bin/cut,cut,cut -d -f4,cut -d -f4,/,/usr/bin/cut,/usr/bin/cut|/lib64/ld-linux-x86-64.so.2,0,0,1001,16986,16984,(none),45,exec,benign,
1778300229,14896,0.311543,attack_window,20260508_211709_authorized_keys_W9jmSO,20260508_211655_dirtyfrag_root_authorized_keys_X5ChW3,persistence_auth/authorized_keys,persistence_auth,root_session,execve,yes,0,/usr/bin/id,id,id -u,id -u,/,/usr/bin/id,/usr/bin/id|/lib64/ld-linux-x86-64.so.2,0,0,1001,16987,16983,(none),45,exec,benign,
1778300229,14897,0.312543,attack_window,20260508_211709_authorized_keys_W9jmSO,20260508_211655_dirtyfrag_root_authorized_keys_X5ChW3,persistence_auth/authorized_keys,persistence_auth,root_session,execve,yes,0,/usr/bin/dash,release-upgrade,/bin/sh -e /usr/lib/ubuntu-release-upgrader/release-upgrade-motd,/bin/sh /etc/update-motd.d/91-release-upgrade,/,/usr/lib/ubuntu-release-upgrader/release-upgrade-motd,/usr/lib/ubuntu-release-upgrader/release-upgrade-motd|/bin/sh|/lib64/ld-linux-x86-64.so.2,0,0,1001,16983,16962,(none),45,exec,benign,
1778300229,14898,0.313543,attack_window,20260508_211709_authorized_keys_W9jmSO,20260508_211655_dirtyfrag_root_authorized_keys_X5ChW3,persistence_auth/authorized_keys,persistence_auth,root_session,execve,yes,0,/usr/bin/date,date,date +%s,date +%s,/,/usr/bin/date,/usr/bin/date|/lib64/ld-linux-x86-64.so.2,0,0,1001,16988,16983,(none),45,exec,benign,
1778300229,14899,0.314543,attack_window,20260508_211709_authorized_keys_W9jmSO,20260508_211655_dirtyfrag_root_authorized_keys_X5ChW3,persistence_auth/authorized_keys,persistence_auth,root_session,execve,yes,0,/usr/bin/stat,stat,stat -c %Y /var/lib/ubuntu-release-upgrader/release-upgrade-available,stat -c %Y /var/lib/ubuntu-release-upgrader/release-upgrade-available,/,/usr/bin/stat,/usr/bin/stat|/lib64/ld-linux-x86-64.so.2,0,0,1001,16989,16983,(none),45,exec,benign,
1778300229,14900,0.315543,attack_window,20260508_211709_authorized_keys_W9jmSO,20260508_211655_dirtyfrag_root_authorized_keys_X5ChW3,persistence_auth/authorized_keys,persistence_auth,root_session,execve,yes,0,/usr/bin/expr,expr,expr 1778282941 + 86400,expr 1778282941 + 86400,/,/usr/bin/expr,/usr/bin/expr|/lib64/ld-linux-x86-64.so.2,0,0,1001,16990,16983,(none),45,exec,benign,
1778300229,14901,0.317543,attack_window,20260508_211709_authorized_keys_W9jmSO,20260508_211655_dirtyfrag_root_authorized_keys_X5ChW3,persistence_auth/authorized_keys,persistence_auth,root_session,execve,yes,0,/usr/bin/dash,92-unattended-u,/bin/sh /etc/update-motd.d/92-unattended-upgrades,/bin/sh /etc/update-motd.d/92-unattended-upgrades,/,/etc/update-motd.d/92-unattended-upgrades,/etc/update-motd.d/92-unattended-upgrades|/bin/sh|/lib64/ld-linux-x86-64.so.2,0,0,1001,16991,16962,(none),45,exec,benign,
1778300229,14902,0.317543,attack_window,20260508_211709_authorized_keys_W9jmSO,20260508_211655_dirtyfrag_root_authorized_keys_X5ChW3,persistence_auth/authorized_keys,persistence_auth,root_session,execve,yes,0,/usr/bin/dash,update-motd-una,/bin/sh /usr/share/unattended-upgrades/update-motd-unattended-upgrades,/bin/sh /etc/update-motd.d/92-unattended-upgrades,/,/usr/share/unattended-upgrades/update-motd-unattended-upgrades,/usr/share/unattended-upgrades/update-motd-unattended-upgrades|/bin/sh|/lib64/ld-linux-x86-64.so.2,0,0,1001,16991,16962,(none),45,exec,benign,
1778300229,14903,0.318543,attack_window,20260508_211709_authorized_keys_W9jmSO,20260508_211655_dirtyfrag_root_authorized_keys_X5ChW3,persistence_auth/authorized_keys,persistence_auth,root_session,execve,yes,0,/usr/bin/dash,95-hwe-eol,/bin/sh /etc/update-motd.d/95-hwe-eol,/bin/sh /etc/update-motd.d/95-hwe-eol,/,/etc/update-motd.d/95-hwe-eol,/etc/update-motd.d/95-hwe-eol|/bin/sh|/lib64/ld-linux-x86-64.so.2,0,0,1001,16992,16962,(none),45,exec,benign,
1778300229,14904,0.320543,attack_window,20260508_211709_authorized_keys_W9jmSO,20260508_211655_dirtyfrag_root_authorized_keys_X5ChW3,persistence_auth/authorized_keys,persistence_auth,root_session,execve,yes,0,/usr/bin/find,find,find /var/lib/update-notifier/hwe-eol -newermt now-1 days,find /var/lib/update-notifier/hwe-eol -newermt now-1 days,/,/usr/bin/find,/usr/bin/find|/lib64/ld-linux-x86-64.so.2,0,0,1001,16993,16992,(none),45,exec,benign,
1778300229,14905,0.322543,attack_window,20260508_211709_authorized_keys_W9jmSO,20260508_211655_dirtyfrag_root_authorized_keys_X5ChW3,persistence_auth/authorized_keys,persistence_auth,root_session,execve,yes,0,/usr/bin/dash,97-overlayroot,/bin/sh /etc/update-motd.d/97-overlayroot,/bin/sh /etc/update-motd.d/97-overlayroot,/,/etc/update-motd.d/97-overlayroot,/etc/update-motd.d/97-overlayroot|/bin/sh|/lib64/ld-linux-x86-64.so.2,0,0,1001,16994,16962,(none),45,exec,benign,
1778300229,14906,0.322543,attack_window,20260508_211709_authorized_keys_W9jmSO,20260508_211655_dirtyfrag_root_authorized_keys_X5ChW3,persistence_auth/authorized_keys,persistence_auth,root_session,execve,yes,0,/usr/bin/dash,egrep,/bin/sh /usr/bin/egrep overlayroot|/media/root-ro|/media/root-rw /proc/mounts,/bin/sh /usr/bin/egrep overlayroot|/media/root-ro|/media/root-rw /proc/mounts,/,/usr/bin/egrep,/usr/bin/egrep|/bin/sh|/lib64/ld-linux-x86-64.so.2,0,0,1001,16996,16995,(none),45,exec,benign,
1778300229,14907,0.322543,attack_window,20260508_211709_authorized_keys_W9jmSO,20260508_211655_dirtyfrag_root_authorized_keys_X5ChW3,persistence_auth/authorized_keys,persistence_auth,root_session,execve,yes,0,/usr/bin/sort,sort,sort -r,sort -r,/,/usr/bin/sort,/usr/bin/sort|/lib64/ld-linux-x86-64.so.2,0,0,1001,16997,16995,(none),45,exec,benign,
1778300229,14908,0.324543,attack_window,20260508_211709_authorized_keys_W9jmSO,20260508_211655_dirtyfrag_root_authorized_keys_X5ChW3,persistence_auth/authorized_keys,persistence_auth,root_session,execve,no,-2,/usr/bin/dash,egrep,,/bin/sh /usr/bin/egrep overlayroot|/media/root-ro|/media/root-rw /proc/mounts,/,/usr/local/sbin/grep,/usr/local/sbin/grep,0,0,1001,16996,16995,(none),45,exec,benign,
1778300229,14909,0.324543,attack_window,20260508_211709_authorized_keys_W9jmSO,20260508_211655_dirtyfrag_root_authorized_keys_X5ChW3,persistence_auth/authorized_keys,persistence_auth,root_session,execve,no,-2,/usr/bin/dash,egrep,,/bin/sh /usr/bin/egrep overlayroot|/media/root-ro|/media/root-rw /proc/mounts,/,/usr/local/bin/grep,/usr/local/bin/grep,0,0,1001,16996,16995,(none),45,exec,benign,
1778300229,14910,0.324543,attack_window,20260508_211709_authorized_keys_W9jmSO,20260508_211655_dirtyfrag_root_authorized_keys_X5ChW3,persistence_auth/authorized_keys,persistence_auth,root_session,execve,no,-2,/usr/bin/dash,egrep,,/bin/sh /usr/bin/egrep overlayroot|/media/root-ro|/media/root-rw /proc/mounts,/,/usr/sbin/grep,/usr/sbin/grep,0,0,1001,16996,16995,(none),45,exec,benign,
1778300229,14911,0.324543,attack_window,20260508_211709_authorized_keys_W9jmSO,20260508_211655_dirtyfrag_root_authorized_keys_X5ChW3,persistence_auth/authorized_keys,persistence_auth,root_session,execve,yes,0,/usr/bin/grep,grep,grep -E overlayroot|/media/root-ro|/media/root-rw /proc/mounts,/bin/sh /usr/bin/egrep overlayroot|/media/root-ro|/media/root-rw /proc/mounts,/,/usr/bin/grep,/usr/bin/grep|/lib64/ld-linux-x86-64.so.2,0,0,1001,16996,16995,(none),45,exec,benign,
1778300229,14912,0.325543,attack_window,20260508_211709_authorized_keys_W9jmSO,20260508_211655_dirtyfrag_root_authorized_keys_X5ChW3,persistence_auth/authorized_keys,persistence_auth,root_session,execve,yes,0,/usr/bin/dash,98-fsck-at-rebo,/bin/sh /etc/update-motd.d/98-fsck-at-reboot,/bin/sh /etc/update-motd.d/98-fsck-at-reboot,/,/etc/update-motd.d/98-fsck-at-reboot,/etc/update-motd.d/98-fsck-at-reboot|/bin/sh|/lib64/ld-linux-x86-64.so.2,0,0,1001,16998,16962,(none),45,exec,benign,
1778300229,14913,0.326543,attack_window,20260508_211709_authorized_keys_W9jmSO,20260508_211655_dirtyfrag_root_authorized_keys_X5ChW3,persistence_auth/authorized_keys,persistence_auth,root_session,execve,yes,0,/usr/bin/dash,update-motd-fsc,/bin/sh /usr/lib/update-notifier/update-motd-fsck-at-reboot,/bin/sh /etc/update-motd.d/98-fsck-at-reboot,/,/usr/lib/update-notifier/update-motd-fsck-at-reboot,/usr/lib/update-notifier/update-motd-fsck-at-reboot|/bin/sh|/lib64/ld-linux-x86-64.so.2,0,0,1001,16998,16962,(none),45,exec,benign,
1778300229,14914,0.326543,attack_window,20260508_211709_authorized_keys_W9jmSO,20260508_211655_dirtyfrag_root_authorized_keys_X5ChW3,persistence_auth/authorized_keys,persistence_auth,root_session,execve,yes,0,/usr/bin/id,id,id -u,id -u,/,/usr/bin/id,/usr/bin/id|/lib64/ld-linux-x86-64.so.2,0,0,1001,16999,16998,(none),45,exec,benign,
1778300229,14915,0.328543,attack_window,20260508_211709_authorized_keys_W9jmSO,20260508_211655_dirtyfrag_root_authorized_keys_X5ChW3,persistence_auth/authorized_keys,persistence_auth,root_session,execve,yes,0,/usr/bin/stat,stat,stat -c %Y /var/lib/update-notifier/fsck-at-reboot,stat -c %Y /var/lib/update-notifier/fsck-at-reboot,/,/usr/bin/stat,/usr/bin/stat|/lib64/ld-linux-x86-64.so.2,0,0,1001,17000,16998,(none),45,exec,benign,
1778300229,14916,0.329543,attack_window,20260508_211709_authorized_keys_W9jmSO,20260508_211655_dirtyfrag_root_authorized_keys_X5ChW3,persistence_auth/authorized_keys,persistence_auth,root_session,execve,yes,0,/usr/bin/gawk,awk,awk {print $1} /proc/uptime,awk {print $1} /proc/uptime,/,/usr/bin/awk,/usr/bin/awk|/lib64/ld-linux-x86-64.so.2,0,0,1001,17002,17001,(none),45,exec,benign,
1778300229,14917,0.331543,attack_window,20260508_211709_authorized_keys_W9jmSO,20260508_211655_dirtyfrag_root_authorized_keys_X5ChW3,persistence_auth/authorized_keys,persistence_auth,root_session,execve,yes,0,/usr/bin/date,date,date -d now - 2474.89 seconds +%s,date -d now - 2474.89 seconds +%s,/,/usr/bin/date,/usr/bin/date|/lib64/ld-linux-x86-64.so.2,0,0,1001,17001,16998,(none),45,exec,benign,
1778300229,14918,0.332543,attack_window,20260508_211709_authorized_keys_W9jmSO,20260508_211655_dirtyfrag_root_authorized_keys_X5ChW3,persistence_auth/authorized_keys,persistence_auth,root_session,execve,yes,0,/usr/bin/date,date,date +%s,date +%s,/,/usr/bin/date,/usr/bin/date|/lib64/ld-linux-x86-64.so.2,0,0,1001,17003,16998,(none),45,exec,benign,
1778300229,14919,0.333543,attack_window,20260508_211709_authorized_keys_W9jmSO,20260508_211655_dirtyfrag_root_authorized_keys_X5ChW3,persistence_auth/authorized_keys,persistence_auth,root_session,execve,yes,0,/usr/bin/cat,cat,cat /var/lib/update-notifier/fsck-at-reboot,cat /var/lib/update-notifier/fsck-at-reboot,/,/usr/bin/cat,/usr/bin/cat|/lib64/ld-linux-x86-64.so.2,0,0,1001,17004,16998,(none),45,exec,benign,
1778300229,14920,0.334543,attack_window,20260508_211709_authorized_keys_W9jmSO,20260508_211655_dirtyfrag_root_authorized_keys_X5ChW3,persistence_auth/authorized_keys,persistence_auth,root_session,execve,yes,0,/usr/bin/dash,98-reboot-requi,/bin/sh /etc/update-motd.d/98-reboot-required,/bin/sh /etc/update-motd.d/98-reboot-required,/,/etc/update-motd.d/98-reboot-required,/etc/update-motd.d/98-reboot-required|/bin/sh|/lib64/ld-linux-x86-64.so.2,0,0,1001,17005,16962,(none),45,exec,benign,
1778300229,14921,0.335543,attack_window,20260508_211709_authorized_keys_W9jmSO,20260508_211655_dirtyfrag_root_authorized_keys_X5ChW3,persistence_auth/authorized_keys,persistence_auth,root_session,execve,yes,0,/usr/bin/dash,update-motd-reb,/bin/sh -e /usr/lib/update-notifier/update-motd-reboot-required,/bin/sh /etc/update-motd.d/98-reboot-required,/,/usr/lib/update-notifier/update-motd-reboot-required,/usr/lib/update-notifier/update-motd-reboot-required|/bin/sh|/lib64/ld-linux-x86-64.so.2,0,0,1001,17005,16962,(none),45,exec,benign,
1778300229,14922,0.337543,attack_window,20260508_211709_authorized_keys_W9jmSO,20260508_211655_dirtyfrag_root_authorized_keys_X5ChW3,persistence_auth/authorized_keys,persistence_auth,root_session,rename,yes,0,/usr/sbin/sshd,sshd,,/usr/sbin/sshd -D -R,/,/run/,/run/|/run/motd.dynamic.new|/run/motd.dynamic,0,0,1001,16959,9653,(none),45,file_destroy,benign,
1778300229,14923,0.337543,attack_window,20260508_211709_authorized_keys_W9jmSO,20260508_211655_dirtyfrag_root_authorized_keys_X5ChW3,persistence_auth/authorized_keys,persistence_auth,root_session,connect,yes,0,/usr/sbin/sshd,sshd,,/usr/sbin/sshd -D -R,/,/run/systemd/userdb/io.systemd.DynamicUser,/run/systemd/userdb/io.systemd.DynamicUser,0,0,1001,16959,9653,(none),45,network_connect,benign,
1778300229,14924,0.337543,attack_window,20260508_211709_authorized_keys_W9jmSO,20260508_211655_dirtyfrag_root_authorized_keys_X5ChW3,persistence_auth/authorized_keys,persistence_auth,root_session,connect,yes,0,/usr/sbin/sshd,sshd,,/usr/sbin/sshd -D -R,/,/run/systemd/userdb/io.systemd.DynamicUser,/run/systemd/userdb/io.systemd.DynamicUser,0,0,1001,16959,9653,(none),45,network_connect,benign,
1778300229,14925,0.337543,attack_window,20260508_211709_authorized_keys_W9jmSO,20260508_211655_dirtyfrag_root_authorized_keys_X5ChW3,persistence_auth/authorized_keys,persistence_auth,root_session,connect,yes,0,/usr/sbin/sshd,sshd,,/usr/sbin/sshd -D -R,/,/run/systemd/userdb/io.systemd.DynamicUser,/run/systemd/userdb/io.systemd.DynamicUser,0,0,1001,16959,9653,(none),45,network_connect,benign,
1778300229,14926,0.337543,attack_window,20260508_211709_authorized_keys_W9jmSO,20260508_211655_dirtyfrag_root_authorized_keys_X5ChW3,persistence_auth/authorized_keys,persistence_auth,root_session,connect,yes,0,/usr/sbin/sshd,sshd,,/usr/sbin/sshd -D -R,/,/run/systemd/userdb/io.systemd.DynamicUser,/run/systemd/userdb/io.systemd.DynamicUser,0,0,1001,16959,9653,(none),45,network_connect,benign,
1778300229,14927,0.337543,attack_window,20260508_211709_authorized_keys_W9jmSO,20260508_211655_dirtyfrag_root_authorized_keys_X5ChW3,persistence_auth/authorized_keys,persistence_auth,root_session,connect,yes,0,/usr/sbin/sshd,sshd,,/usr/sbin/sshd -D -R,/,/run/systemd/userdb/io.systemd.DynamicUser,/run/systemd/userdb/io.systemd.DynamicUser,0,0,1001,16959,9653,(none),45,network_connect,benign,
1778300229,14928,0.337543,attack_window,20260508_211709_authorized_keys_W9jmSO,20260508_211655_dirtyfrag_root_authorized_keys_X5ChW3,persistence_auth/authorized_keys,persistence_auth,root_session,,,,,,,,,,,,,,,,,,,ambiguous,
1778300229,14929,0.338543,attack_window,20260508_211709_authorized_keys_W9jmSO,20260508_211655_dirtyfrag_root_authorized_keys_X5ChW3,persistence_auth/authorized_keys,persistence_auth,root_session,setgid,yes,0,/usr/sbin/sshd,sshd,,sshd: deploy-rkejw [priv],,,,0,0,1001,17006,16959,(none),45,privilege_transition,benign,
1778300229,14930,0.338543,attack_window,20260508_211709_authorized_keys_W9jmSO,20260508_211655_dirtyfrag_root_authorized_keys_X5ChW3,persistence_auth/authorized_keys,persistence_auth,root_session,connect,yes,0,/usr/sbin/sshd,sshd,,sshd: deploy-rkejw [priv],/,/run/systemd/userdb/io.systemd.DynamicUser,/run/systemd/userdb/io.systemd.DynamicUser,0,0,1001,17006,16959,(none),45,network_connect,benign,
1778300229,14931,0.339543,attack_window,20260508_211709_authorized_keys_W9jmSO,20260508_211655_dirtyfrag_root_authorized_keys_X5ChW3,persistence_auth/authorized_keys,persistence_auth,root_session,connect,yes,0,/usr/sbin/sshd,sshd,,sshd: deploy-rkejw [priv],/,/run/systemd/userdb/io.systemd.DynamicUser,/run/systemd/userdb/io.systemd.DynamicUser,0,0,1001,17006,16959,(none),45,network_connect,benign,
1778300229,14932,0.339543,attack_window,20260508_211709_authorized_keys_W9jmSO,20260508_211655_dirtyfrag_root_authorized_keys_X5ChW3,persistence_auth/authorized_keys,persistence_auth,root_session,126,yes,0,/usr/sbin/sshd,sshd,,sshd: deploy-rkejw [priv],,,,0,0,1001,17006,16959,(none),45,privilege_transition,benign,
1778300229,14933,0.339543,attack_window,20260508_211709_authorized_keys_W9jmSO,20260508_211655_dirtyfrag_root_authorized_keys_X5ChW3,persistence_auth/authorized_keys,persistence_auth,root_session,,,,,,,,,,,,,,,,,,,ambiguous,
1778300229,14934,0.339543,attack_window,20260508_211709_authorized_keys_W9jmSO,20260508_211655_dirtyfrag_root_authorized_keys_X5ChW3,persistence_auth/authorized_keys,persistence_auth,root_session,setresgid,yes,0,/usr/sbin/sshd,sshd,,sshd: deploy-rkejw [priv],,,,0,0,1001,17006,16959,(none),45,privilege_transition,benign,
1778300229,14935,0.339543,attack_window,20260508_211709_authorized_keys_W9jmSO,20260508_211655_dirtyfrag_root_authorized_keys_X5ChW3,persistence_auth/authorized_keys,persistence_auth,root_session,setresuid,yes,0,/usr/sbin/sshd,sshd,,sshd: deploy-rkejw [priv],,,,1001,1001,1001,17006,16959,(none),45,privilege_transition,benign,
1778300229,14936,0.339543,attack_window,20260508_211709_authorized_keys_W9jmSO,20260508_211655_dirtyfrag_root_authorized_keys_X5ChW3,persistence_auth/authorized_keys,persistence_auth,root_session,setuid,no,-1,/usr/sbin/sshd,sshd,,sshd: deploy-rkejw [priv],,,,1001,1001,1001,17006,16959,(none),45,privilege_transition,benign,
1778300229,14937,0.339543,attack_window,20260508_211709_authorized_keys_W9jmSO,20260508_211655_dirtyfrag_root_authorized_keys_X5ChW3,persistence_auth/authorized_keys,persistence_auth,root_session,setresuid,no,-1,/usr/sbin/sshd,sshd,,sshd: deploy-rkejw [priv],,,,1001,1001,1001,17006,16959,(none),45,privilege_transition,benign,
1778300229,14938,0.385543,attack_window,20260508_211709_authorized_keys_W9jmSO,20260508_211655_dirtyfrag_root_authorized_keys_X5ChW3,persistence_auth/authorized_keys,persistence_auth,root_session,execve,yes,0,/usr/bin/bash,bash,bash -c test -p /tmp/.cache/aegis_dirtyfrag_20260508_211658_root_dirtyfrag_t1hRDK/root_shell.in,bash -c test -p /tmp/.cache/aegis_dirtyfrag_20260508_211658_root_dirtyfrag_t1hRDK/root_shell.in,/home/deploy-rkejw,/bin/bash,/bin/bash|/lib64/ld-linux-x86-64.so.2,1001,1001,1001,17007,17006,(none),45,shell_exec,benign,
1778300229,14939,0.387543,attack_window,20260508_211709_authorized_keys_W9jmSO,20260508_211655_dirtyfrag_root_authorized_keys_X5ChW3,persistence_auth/authorized_keys,persistence_auth,root_session,connect,yes,0,/usr/sbin/sshd,sshd,,sshd: deploy-rkejw [priv],/,/dev/log,/dev/log,1001,1001,1001,17006,16959,(none),45,network_connect,benign,
1778300229,14940,0.387543,attack_window,20260508_211709_authorized_keys_W9jmSO,20260508_211655_dirtyfrag_root_authorized_keys_X5ChW3,persistence_auth/authorized_keys,persistence_auth,root_session,114,yes,0,/usr/sbin/sshd,sshd,,/usr/sbin/sshd -D -R,,,,0,0,1001,16959,9653,(none),45,privilege_transition,benign,
1778300229,14941,0.387543,attack_window,20260508_211709_authorized_keys_W9jmSO,20260508_211655_dirtyfrag_root_authorized_keys_X5ChW3,persistence_auth/authorized_keys,persistence_auth,root_session,setresuid,yes,0,/usr/sbin/sshd,sshd,,/usr/sbin/sshd -D -R,,,,0,1001,1001,16959,9653,(none),45,privilege_transition,benign,
1778300229,14942,0.387543,attack_window,20260508_211709_authorized_keys_W9jmSO,20260508_211655_dirtyfrag_root_authorized_keys_X5ChW3,persistence_auth/authorized_keys,persistence_auth,root_session,113,yes,0,/usr/sbin/sshd,sshd,,/usr/sbin/sshd -D -R,,,,0,0,1001,16959,9653,(none),45,privilege_transition,benign,
1778300229,14943,0.387543,attack_window,20260508_211709_authorized_keys_W9jmSO,20260508_211655_dirtyfrag_root_authorized_keys_X5ChW3,persistence_auth/authorized_keys,persistence_auth,root_session,114,yes,0,/usr/sbin/sshd,sshd,,/usr/sbin/sshd -D -R,,,,0,0,1001,16959,9653,(none),45,privilege_transition,benign,
1778300229,14944,0.387543,attack_window,20260508_211709_authorized_keys_W9jmSO,20260508_211655_dirtyfrag_root_authorized_keys_X5ChW3,persistence_auth/authorized_keys,persistence_auth,root_session,connect,yes,0,/usr/sbin/sshd,sshd,,/usr/sbin/sshd -D -R,/,/run/dbus/system_bus_socket,/run/dbus/system_bus_socket,0,0,1001,16959,9653,(none),45,network_connect,benign,
1778300229,14945,0.388543,attack_window,20260508_211709_authorized_keys_W9jmSO,20260508_211655_dirtyfrag_root_authorized_keys_X5ChW3,persistence_auth/authorized_keys,persistence_auth,root_session,,,,,,,,,,,,,,,,,,,ambiguous,
1778300229,14946,0.388543,attack_window,20260508_211709_authorized_keys_W9jmSO,20260508_211655_dirtyfrag_root_authorized_keys_X5ChW3,persistence_auth/authorized_keys,persistence_auth,root_session,,,,,,,,,,,,,,,,,,,ambiguous,
1778300229,14947,0.388543,attack_window,20260508_211709_authorized_keys_W9jmSO,20260508_211655_dirtyfrag_root_authorized_keys_X5ChW3,persistence_auth/authorized_keys,persistence_auth,root_session,setresgid,yes,0,/usr/sbin/sshd,sshd,,/usr/sbin/sshd -D -R,,,,0,0,1001,16959,9653,(none),45,privilege_transition,benign,
1778300229,14948,0.388543,attack_window,20260508_211709_authorized_keys_W9jmSO,20260508_211655_dirtyfrag_root_authorized_keys_X5ChW3,persistence_auth/authorized_keys,persistence_auth,root_session,setresuid,yes,0,/usr/sbin/sshd,sshd,,/usr/sbin/sshd -D -R,,,,0,1001,1001,16959,9653,(none),45,privilege_transition,benign,
1778300229,14949,0.388543,attack_window,20260508_211709_authorized_keys_W9jmSO,20260508_211655_dirtyfrag_root_authorized_keys_X5ChW3,persistence_auth/authorized_keys,persistence_auth,root_session,setresuid,yes,0,/usr/sbin/sshd,sshd,,/usr/sbin/sshd -D -R,,,,0,0,1001,16959,9653,(none),45,privilege_transition,benign,
1778300229,14950,0.388543,attack_window,20260508_211709_authorized_keys_W9jmSO,20260508_211655_dirtyfrag_root_authorized_keys_X5ChW3,persistence_auth/authorized_keys,persistence_auth,root_session,setresgid,yes,0,/usr/sbin/sshd,sshd,,/usr/sbin/sshd -D -R,,,,0,0,1001,16959,9653,(none),45,privilege_transition,benign,
1778300229,14951,0.399543,attack_window,20260508_211709_authorized_keys_W9jmSO,20260508_211655_dirtyfrag_root_authorized_keys_X5ChW3,persistence_auth/authorized_keys,persistence_auth,root_session,execve,yes,0,/usr/sbin/sshd,sshd,/usr/sbin/sshd -D -R,/usr/sbin/sshd -D -R,/,/usr/sbin/sshd,/usr/sbin/sshd|/lib64/ld-linux-x86-64.so.2,0,0,4294967295,17008,9653,(none),4294967295,exec,benign,
1778300229,14952,0.403543,attack_window,20260508_211709_authorized_keys_W9jmSO,20260508_211655_dirtyfrag_root_authorized_keys_X5ChW3,persistence_auth/authorized_keys,persistence_auth,root_session,connect,no,-2,/usr/sbin/sshd,sshd,,/usr/sbin/sshd -D -R,/,/var/run/nscd/socket,/var/run/nscd/socket,0,0,4294967295,17008,9653,(none),4294967295,network_connect,benign,
1778300229,14953,0.403543,attack_window,20260508_211709_authorized_keys_W9jmSO,20260508_211655_dirtyfrag_root_authorized_keys_X5ChW3,persistence_auth/authorized_keys,persistence_auth,root_session,connect,yes,0,/usr/sbin/sshd,sshd,,/usr/sbin/sshd -D -R,,,,0,0,4294967295,17008,9653,(none),4294967295,network_connect,benign,
1778300229,14954,0.403543,attack_window,20260508_211709_authorized_keys_W9jmSO,20260508_211655_dirtyfrag_root_authorized_keys_X5ChW3,persistence_auth/authorized_keys,persistence_auth,root_session,connect,yes,0,/usr/sbin/sshd,sshd,,/usr/sbin/sshd -D -R,,,,0,0,4294967295,17008,9653,(none),4294967295,network_connect,benign,
1778300229,14955,0.403543,attack_window,20260508_211709_authorized_keys_W9jmSO,20260508_211655_dirtyfrag_root_authorized_keys_X5ChW3,persistence_auth/authorized_keys,persistence_auth,root_session,connect,yes,0,/usr/sbin/sshd,sshd,,/usr/sbin/sshd -D -R,,,,0,0,4294967295,17008,9653,(none),4294967295,network_connect,benign,
1778300229,14956,0.403543,attack_window,20260508_211709_authorized_keys_W9jmSO,20260508_211655_dirtyfrag_root_authorized_keys_X5ChW3,persistence_auth/authorized_keys,persistence_auth,root_session,connect,no,-2,/usr/sbin/sshd,sshd,,/usr/sbin/sshd -D -R,/,/var/run/nscd/socket,/var/run/nscd/socket,0,0,4294967295,17008,9653,(none),4294967295,network_connect,benign,
1778300229,14957,0.403543,attack_window,20260508_211709_authorized_keys_W9jmSO,20260508_211655_dirtyfrag_root_authorized_keys_X5ChW3,persistence_auth/authorized_keys,persistence_auth,root_session,connect,no,-2,/usr/sbin/sshd,sshd,,/usr/sbin/sshd -D -R,/,/var/run/nscd/socket,/var/run/nscd/socket,0,0,4294967295,17008,9653,(none),4294967295,network_connect,benign,
1778300229,14958,0.405543,attack_window,20260508_211709_authorized_keys_W9jmSO,20260508_211655_dirtyfrag_root_authorized_keys_X5ChW3,persistence_auth/authorized_keys,persistence_auth,root_session,setresgid,yes,0,/usr/sbin/sshd,sshd,,sshd: [accepted],,,,0,0,4294967295,17009,17008,(none),4294967295,privilege_transition,benign,
1778300229,14959,0.405543,attack_window,20260508_211709_authorized_keys_W9jmSO,20260508_211655_dirtyfrag_root_authorized_keys_X5ChW3,persistence_auth/authorized_keys,persistence_auth,root_session,setresuid,yes,0,/usr/sbin/sshd,sshd,,sshd: [accepted],,,,109,109,4294967295,17009,17008,(none),4294967295,privilege_transition,benign,
1778300229,14960,0.405543,attack_window,20260508_211709_authorized_keys_W9jmSO,20260508_211655_dirtyfrag_root_authorized_keys_X5ChW3,persistence_auth/authorized_keys,persistence_auth,root_session,setgid,no,-1,/usr/sbin/sshd,sshd,,sshd: [accepted],,,,109,109,4294967295,17009,17008,(none),4294967295,privilege_transition,benign,
1778300229,14961,0.405543,attack_window,20260508_211709_authorized_keys_W9jmSO,20260508_211655_dirtyfrag_root_authorized_keys_X5ChW3,persistence_auth/authorized_keys,persistence_auth,root_session,setresgid,no,-1,/usr/sbin/sshd,sshd,,sshd: [accepted],,,,109,109,4294967295,17009,17008,(none),4294967295,privilege_transition,benign,
1778300229,14962,0.405543,attack_window,20260508_211709_authorized_keys_W9jmSO,20260508_211655_dirtyfrag_root_authorized_keys_X5ChW3,persistence_auth/authorized_keys,persistence_auth,root_session,setuid,no,-1,/usr/sbin/sshd,sshd,,sshd: [accepted],,,,109,109,4294967295,17009,17008,(none),4294967295,privilege_transition,benign,
1778300229,14963,0.405543,attack_window,20260508_211709_authorized_keys_W9jmSO,20260508_211655_dirtyfrag_root_authorized_keys_X5ChW3,persistence_auth/authorized_keys,persistence_auth,root_session,setresuid,no,-1,/usr/sbin/sshd,sshd,,sshd: [accepted],,,,109,109,4294967295,17009,17008,(none),4294967295,privilege_transition,benign,
1778300229,14964,0.504543,attack_window,20260508_211709_authorized_keys_W9jmSO,20260508_211655_dirtyfrag_root_authorized_keys_X5ChW3,persistence_auth/authorized_keys,persistence_auth,root_session,connect,no,-2,/usr/sbin/sshd,sshd,,/usr/sbin/sshd -D -R,/,/var/run/nscd/socket,/var/run/nscd/socket,0,0,4294967295,17008,9653,(none),4294967295,network_connect,benign,
1778300229,14965,0.504543,attack_window,20260508_211709_authorized_keys_W9jmSO,20260508_211655_dirtyfrag_root_authorized_keys_X5ChW3,persistence_auth/authorized_keys,persistence_auth,root_session,connect,no,-2,/usr/sbin/sshd,sshd,,/usr/sbin/sshd -D -R,/,/var/run/nscd/socket,/var/run/nscd/socket,0,0,4294967295,17008,9653,(none),4294967295,network_connect,benign,
1778300229,14966,0.504543,attack_window,20260508_211709_authorized_keys_W9jmSO,20260508_211655_dirtyfrag_root_authorized_keys_X5ChW3,persistence_auth/authorized_keys,persistence_auth,root_session,connect,yes,0,/usr/sbin/sshd,sshd,,/usr/sbin/sshd -D -R,/,/run/systemd/userdb/io.systemd.DynamicUser,/run/systemd/userdb/io.systemd.DynamicUser,0,0,4294967295,17008,9653,(none),4294967295,network_connect,benign,
1778300229,14967,0.505543,attack_window,20260508_211709_authorized_keys_W9jmSO,20260508_211655_dirtyfrag_root_authorized_keys_X5ChW3,persistence_auth/authorized_keys,persistence_auth,root_session,setresgid,yes,0,/usr/sbin/sshd,sshd,,/usr/sbin/sshd -D -R,,,,0,0,4294967295,17008,9653,(none),4294967295,privilege_transition,benign,
1778300229,14968,0.505543,attack_window,20260508_211709_authorized_keys_W9jmSO,20260508_211655_dirtyfrag_root_authorized_keys_X5ChW3,persistence_auth/authorized_keys,persistence_auth,root_session,setresuid,yes,0,/usr/sbin/sshd,sshd,,/usr/sbin/sshd -D -R,,,,0,1001,4294967295,17008,9653,(none),4294967295,privilege_transition,benign,
1778300229,14969,0.505543,attack_window,20260508_211709_authorized_keys_W9jmSO,20260508_211655_dirtyfrag_root_authorized_keys_X5ChW3,persistence_auth/authorized_keys,persistence_auth,root_session,setresuid,yes,0,/usr/sbin/sshd,sshd,,/usr/sbin/sshd -D -R,,,,0,0,4294967295,17008,9653,(none),4294967295,privilege_transition,benign,
1778300229,14970,0.505543,attack_window,20260508_211709_authorized_keys_W9jmSO,20260508_211655_dirtyfrag_root_authorized_keys_X5ChW3,persistence_auth/authorized_keys,persistence_auth,root_session,setresgid,yes,0,/usr/sbin/sshd,sshd,,/usr/sbin/sshd -D -R,,,,0,0,4294967295,17008,9653,(none),4294967295,privilege_transition,benign,
1778300229,14971,0.505543,attack_window,20260508_211709_authorized_keys_W9jmSO,20260508_211655_dirtyfrag_root_authorized_keys_X5ChW3,persistence_auth/authorized_keys,persistence_auth,root_session,setresgid,yes,0,/usr/sbin/sshd,sshd,,/usr/sbin/sshd -D -R,,,,0,0,4294967295,17008,9653,(none),4294967295,privilege_transition,benign,
1778300229,14972,0.505543,attack_window,20260508_211709_authorized_keys_W9jmSO,20260508_211655_dirtyfrag_root_authorized_keys_X5ChW3,persistence_auth/authorized_keys,persistence_auth,root_session,setresuid,yes,0,/usr/sbin/sshd,sshd,,/usr/sbin/sshd -D -R,,,,0,1001,4294967295,17008,9653,(none),4294967295,privilege_transition,benign,
1778300229,14973,0.505543,attack_window,20260508_211709_authorized_keys_W9jmSO,20260508_211655_dirtyfrag_root_authorized_keys_X5ChW3,persistence_auth/authorized_keys,persistence_auth,root_session,setresuid,yes,0,/usr/sbin/sshd,sshd,,/usr/sbin/sshd -D -R,,,,0,0,4294967295,17008,9653,(none),4294967295,privilege_transition,benign,
1778300229,14974,0.505543,attack_window,20260508_211709_authorized_keys_W9jmSO,20260508_211655_dirtyfrag_root_authorized_keys_X5ChW3,persistence_auth/authorized_keys,persistence_auth,root_session,setresgid,yes,0,/usr/sbin/sshd,sshd,,/usr/sbin/sshd -D -R,,,,0,0,4294967295,17008,9653,(none),4294967295,privilege_transition,benign,
1778300229,14975,0.505543,attack_window,20260508_211709_authorized_keys_W9jmSO,20260508_211655_dirtyfrag_root_authorized_keys_X5ChW3,persistence_auth/authorized_keys,persistence_auth,root_session,,,,,,,,,,,,,,,,,,,ambiguous,
1778300229,14976,0.513543,attack_window,20260508_211709_authorized_keys_W9jmSO,20260508_211655_dirtyfrag_root_authorized_keys_X5ChW3,persistence_auth/authorized_keys,persistence_auth,root_session,setresgid,yes,0,/usr/sbin/sshd,sshd,,/usr/sbin/sshd -D -R,,,,0,0,4294967295,17008,9653,(none),4294967295,privilege_transition,benign,
1778300229,14977,0.513543,attack_window,20260508_211709_authorized_keys_W9jmSO,20260508_211655_dirtyfrag_root_authorized_keys_X5ChW3,persistence_auth/authorized_keys,persistence_auth,root_session,setresuid,yes,0,/usr/sbin/sshd,sshd,,/usr/sbin/sshd -D -R,,,,0,1001,4294967295,17008,9653,(none),4294967295,privilege_transition,benign,
1778300229,14978,0.513543,attack_window,20260508_211709_authorized_keys_W9jmSO,20260508_211655_dirtyfrag_root_authorized_keys_X5ChW3,persistence_auth/authorized_keys,persistence_auth,root_session,setresuid,yes,0,/usr/sbin/sshd,sshd,,/usr/sbin/sshd -D -R,,,,0,0,4294967295,17008,9653,(none),4294967295,privilege_transition,benign,
1778300229,14979,0.513543,attack_window,20260508_211709_authorized_keys_W9jmSO,20260508_211655_dirtyfrag_root_authorized_keys_X5ChW3,persistence_auth/authorized_keys,persistence_auth,root_session,setresgid,yes,0,/usr/sbin/sshd,sshd,,/usr/sbin/sshd -D -R,,,,0,0,4294967295,17008,9653,(none),4294967295,privilege_transition,benign,
1778300229,14980,0.513543,attack_window,20260508_211709_authorized_keys_W9jmSO,20260508_211655_dirtyfrag_root_authorized_keys_X5ChW3,persistence_auth/authorized_keys,persistence_auth,root_session,setresgid,yes,0,/usr/sbin/sshd,sshd,,/usr/sbin/sshd -D -R,,,,0,0,4294967295,17008,9653,(none),4294967295,privilege_transition,benign,
1778300229,14981,0.513543,attack_window,20260508_211709_authorized_keys_W9jmSO,20260508_211655_dirtyfrag_root_authorized_keys_X5ChW3,persistence_auth/authorized_keys,persistence_auth,root_session,setresuid,yes,0,/usr/sbin/sshd,sshd,,/usr/sbin/sshd -D -R,,,,0,1001,4294967295,17008,9653,(none),4294967295,privilege_transition,benign,
1778300229,14982,0.513543,attack_window,20260508_211709_authorized_keys_W9jmSO,20260508_211655_dirtyfrag_root_authorized_keys_X5ChW3,persistence_auth/authorized_keys,persistence_auth,root_session,setresuid,yes,0,/usr/sbin/sshd,sshd,,/usr/sbin/sshd -D -R,,,,0,0,4294967295,17008,9653,(none),4294967295,privilege_transition,benign,
1778300229,14983,0.513543,attack_window,20260508_211709_authorized_keys_W9jmSO,20260508_211655_dirtyfrag_root_authorized_keys_X5ChW3,persistence_auth/authorized_keys,persistence_auth,root_session,setresgid,yes,0,/usr/sbin/sshd,sshd,,/usr/sbin/sshd -D -R,,,,0,0,4294967295,17008,9653,(none),4294967295,privilege_transition,benign,
1778300229,14984,0.513543,attack_window,20260508_211709_authorized_keys_W9jmSO,20260508_211655_dirtyfrag_root_authorized_keys_X5ChW3,persistence_auth/authorized_keys,persistence_auth,root_session,,,,,,,,,,,,,,,,,,,ambiguous,
1778300229,14985,0.542543,attack_window,20260508_211709_authorized_keys_W9jmSO,20260508_211655_dirtyfrag_root_authorized_keys_X5ChW3,persistence_auth/authorized_keys,persistence_auth,root_session,connect,yes,0,/usr/sbin/sshd,sshd,,/usr/sbin/sshd -D -R,/,/run/systemd/userdb/io.systemd.DynamicUser,/run/systemd/userdb/io.systemd.DynamicUser,0,0,4294967295,17008,9653,(none),4294967295,network_connect,benign,
1778300229,14986,0.542543,attack_window,20260508_211709_authorized_keys_W9jmSO,20260508_211655_dirtyfrag_root_authorized_keys_X5ChW3,persistence_auth/authorized_keys,persistence_auth,root_session,,,,,,,,,,,,,,,,,,,ambiguous,
1778300229,14987,0.553543,attack_window,20260508_211709_authorized_keys_W9jmSO,20260508_211655_dirtyfrag_root_authorized_keys_X5ChW3,persistence_auth/authorized_keys,persistence_auth,root_session,,,,,,,,,,,,,,,,,,,ambiguous,
1778300229,14988,0.553543,attack_window,20260508_211709_authorized_keys_W9jmSO,20260508_211655_dirtyfrag_root_authorized_keys_X5ChW3,persistence_auth/authorized_keys,persistence_auth,root_session,connect,yes,0,/usr/sbin/sshd,sshd,,/usr/sbin/sshd -D -R,/,/dev/log,/dev/log,0,0,4294967295,17008,9653,(none),4294967295,network_connect,benign,
1778300229,14989,0.554543,attack_window,20260508_211709_authorized_keys_W9jmSO,20260508_211655_dirtyfrag_root_authorized_keys_X5ChW3,persistence_auth/authorized_keys,persistence_auth,root_session,connect,yes,0,/usr/sbin/sshd,sshd,,/usr/sbin/sshd -D -R,/,/run/systemd/userdb/io.systemd.DynamicUser,/run/systemd/userdb/io.systemd.DynamicUser,0,0,4294967295,17008,9653,(none),4294967295,network_connect,benign,
1778300229,14990,0.554543,attack_window,20260508_211709_authorized_keys_W9jmSO,20260508_211655_dirtyfrag_root_authorized_keys_X5ChW3,persistence_auth/authorized_keys,persistence_auth,root_session,126,yes,0,/usr/sbin/sshd,sshd,,/usr/sbin/sshd -D -R,,,,0,0,4294967295,17008,9653,(none),4294967295,privilege_transition,benign,
1778300229,14991,0.555543,attack_window,20260508_211709_authorized_keys_W9jmSO,20260508_211655_dirtyfrag_root_authorized_keys_X5ChW3,persistence_auth/authorized_keys,persistence_auth,root_session,,,,,,,,,,,,,,,,,,,ambiguous,
1778300229,14992,0.555543,attack_window,20260508_211709_authorized_keys_W9jmSO,20260508_211655_dirtyfrag_root_authorized_keys_X5ChW3,persistence_auth/authorized_keys,persistence_auth,root_session,77,yes,0,/usr/sbin/sshd,sshd,,/usr/sbin/sshd -D -R,,,,0,0,4294967295,17008,9653,(none),4294967295,file_destroy,benign,
1778300229,14993,0.555543,attack_window,20260508_211709_authorized_keys_W9jmSO,20260508_211655_dirtyfrag_root_authorized_keys_X5ChW3,persistence_auth/authorized_keys,persistence_auth,root_session,write,yes,4,/usr/sbin/sshd,sshd,,/usr/sbin/sshd -D -R,,,,0,0,1001,17008,9653,(none),46,(null),benign,
1778300229,14994,0.555543,attack_window,20260508_211709_authorized_keys_W9jmSO,20260508_211655_dirtyfrag_root_authorized_keys_X5ChW3,persistence_auth/authorized_keys,persistence_auth,root_session,114,yes,0,/usr/sbin/sshd,sshd,,/usr/sbin/sshd -D -R,,,,0,0,1001,17008,9653,(none),46,privilege_transition,benign,
1778300229,14995,0.555543,attack_window,20260508_211709_authorized_keys_W9jmSO,20260508_211655_dirtyfrag_root_authorized_keys_X5ChW3,persistence_auth/authorized_keys,persistence_auth,root_session,113,yes,0,/usr/sbin/sshd,sshd,,/usr/sbin/sshd -D -R,,,,1001,0,1001,17008,9653,(none),46,privilege_transition,benign,
1778300229,14996,0.555543,attack_window,20260508_211709_authorized_keys_W9jmSO,20260508_211655_dirtyfrag_root_authorized_keys_X5ChW3,persistence_auth/authorized_keys,persistence_auth,root_session,113,yes,0,/usr/sbin/sshd,sshd,,/usr/sbin/sshd -D -R,,,,0,0,1001,17008,9653,(none),46,privilege_transition,benign,
1778300229,14997,0.555543,attack_window,20260508_211709_authorized_keys_W9jmSO,20260508_211655_dirtyfrag_root_authorized_keys_X5ChW3,persistence_auth/authorized_keys,persistence_auth,root_session,114,yes,0,/usr/sbin/sshd,sshd,,/usr/sbin/sshd -D -R,,,,0,0,1001,17008,9653,(none),46,privilege_transition,benign,
1778300229,14998,0.555543,attack_window,20260508_211709_authorized_keys_W9jmSO,20260508_211655_dirtyfrag_root_authorized_keys_X5ChW3,persistence_auth/authorized_keys,persistence_auth,root_session,connect,yes,0,/usr/sbin/sshd,sshd,,/usr/sbin/sshd -D -R,/,/dev/log,/dev/log,0,0,1001,17008,9653,(none),46,network_connect,benign,
1778300229,14999,0.555543,attack_window,20260508_211709_authorized_keys_W9jmSO,20260508_211655_dirtyfrag_root_authorized_keys_X5ChW3,persistence_auth/authorized_keys,persistence_auth,root_session,connect,no,-2,/usr/sbin/sshd,sshd,,/usr/sbin/sshd -D -R,/,/run/systemd/userdb/io.systemd.Multiplexer,/run/systemd/userdb/io.systemd.Multiplexer,0,0,1001,17008,9653,(none),46,network_connect,benign,
1778300229,15000,0.555543,attack_window,20260508_211709_authorized_keys_W9jmSO,20260508_211655_dirtyfrag_root_authorized_keys_X5ChW3,persistence_auth/authorized_keys,persistence_auth,root_session,connect,yes,0,/usr/sbin/sshd,sshd,,/usr/sbin/sshd -D -R,/,/run/systemd/userdb/io.systemd.DynamicUser,/run/systemd/userdb/io.systemd.DynamicUser,0,0,1001,17008,9653,(none),46,network_connect,benign,
1778300229,15001,0.555543,attack_window,20260508_211709_authorized_keys_W9jmSO,20260508_211655_dirtyfrag_root_authorized_keys_X5ChW3,persistence_auth/authorized_keys,persistence_auth,root_session,connect,yes,0,/usr/sbin/sshd,sshd,,/usr/sbin/sshd -D -R,/,/run/dbus/system_bus_socket,/run/dbus/system_bus_socket,0,0,1001,17008,9653,(none),46,network_connect,benign,
1778300229,15002,0.567543,attack_window,20260508_211709_authorized_keys_W9jmSO,20260508_211655_dirtyfrag_root_authorized_keys_X5ChW3,persistence_auth/authorized_keys,persistence_auth,root_session,execve,yes,0,/usr/bin/dash,sh,sh -c -- /usr/bin/env -i PATH=/usr/local/sbin:/usr/local/bin:/usr/sbin:/usr/bin:/sbin:/bin run-parts --lsbsysinit /etc/update-motd.d > /run/motd.dynamic.new,sh -c -- /usr/bin/env -i PATH=/usr/local/sbin:/usr/local/bin:/usr/sbin:/usr/bin:/sbin:/bin run-parts --lsbsysinit /etc/update-mo,/,/bin/sh,/bin/sh|/lib64/ld-linux-x86-64.so.2,0,0,1001,17010,17008,(none),46,exec,benign,
1778300229,15003,0.568543,attack_window,20260508_211709_authorized_keys_W9jmSO,20260508_211655_dirtyfrag_root_authorized_keys_X5ChW3,persistence_auth/authorized_keys,persistence_auth,root_session,execve,yes,0,/usr/bin/env,env,/usr/bin/env -i PATH=/usr/local/sbin:/usr/local/bin:/usr/sbin:/usr/bin:/sbin:/bin run-parts --lsbsysinit /etc/update-motd.d,/usr/bin/env -i PATH=/usr/local/sbin:/usr/local/bin:/usr/sbin:/usr/bin:/sbin:/bin run-parts --lsbsysinit /etc/update-motd.d,/,/usr/bin/env,/usr/bin/env|/lib64/ld-linux-x86-64.so.2,0,0,1001,17011,17010,(none),46,exec,benign,
1778300229,15004,0.569543,attack_window,20260508_211709_authorized_keys_W9jmSO,20260508_211655_dirtyfrag_root_authorized_keys_X5ChW3,persistence_auth/authorized_keys,persistence_auth,root_session,execve,no,-2,/usr/bin/env,env,,/usr/bin/env -i PATH=/usr/local/sbin:/usr/local/bin:/usr/sbin:/usr/bin:/sbin:/bin run-parts --lsbsysinit /etc/update-motd.d,/,/usr/local/sbin/run-parts,/usr/local/sbin/run-parts,0,0,1001,17011,17010,(none),46,exec,benign,
1778300229,15005,0.569543,attack_window,20260508_211709_authorized_keys_W9jmSO,20260508_211655_dirtyfrag_root_authorized_keys_X5ChW3,persistence_auth/authorized_keys,persistence_auth,root_session,execve,no,-2,/usr/bin/env,env,,/usr/bin/env -i PATH=/usr/local/sbin:/usr/local/bin:/usr/sbin:/usr/bin:/sbin:/bin run-parts --lsbsysinit /etc/update-motd.d,/,/usr/local/bin/run-parts,/usr/local/bin/run-parts,0,0,1001,17011,17010,(none),46,exec,benign,
1778300229,15006,0.569543,attack_window,20260508_211709_authorized_keys_W9jmSO,20260508_211655_dirtyfrag_root_authorized_keys_X5ChW3,persistence_auth/authorized_keys,persistence_auth,root_session,execve,no,-2,/usr/bin/env,env,,/usr/bin/env -i PATH=/usr/local/sbin:/usr/local/bin:/usr/sbin:/usr/bin:/sbin:/bin run-parts --lsbsysinit /etc/update-motd.d,/,/usr/sbin/run-parts,/usr/sbin/run-parts,0,0,1001,17011,17010,(none),46,exec,benign,
1778300229,15007,0.569543,attack_window,20260508_211709_authorized_keys_W9jmSO,20260508_211655_dirtyfrag_root_authorized_keys_X5ChW3,persistence_auth/authorized_keys,persistence_auth,root_session,execve,yes,0,/usr/bin/run-parts,run-parts,run-parts --lsbsysinit /etc/update-motd.d,/usr/bin/env -i PATH=/usr/local/sbin:/usr/local/bin:/usr/sbin:/usr/bin:/sbin:/bin run-parts --lsbsysinit /etc/update-motd.d,/,/usr/bin/run-parts,/usr/bin/run-parts|/lib64/ld-linux-x86-64.so.2,0,0,1001,17011,17010,(none),46,exec,benign,
1778300229,15008,0.571543,attack_window,20260508_211709_authorized_keys_W9jmSO,20260508_211655_dirtyfrag_root_authorized_keys_X5ChW3,persistence_auth/authorized_keys,persistence_auth,root_session,execve,yes,0,/usr/bin/dash,00-header,/bin/sh /etc/update-motd.d/00-header,/bin/sh /etc/update-motd.d/00-header,/,/etc/update-motd.d/00-header,/etc/update-motd.d/00-header|/bin/sh|/lib64/ld-linux-x86-64.so.2,0,0,1001,17012,17011,(none),46,exec,benign,
1778300229,15009,0.572543,attack_window,20260508_211709_authorized_keys_W9jmSO,20260508_211655_dirtyfrag_root_authorized_keys_X5ChW3,persistence_auth/authorized_keys,persistence_auth,root_session,execve,yes,0,/usr/bin/uname,uname,uname -o,uname -o,/,/usr/bin/uname,/usr/bin/uname|/lib64/ld-linux-x86-64.so.2,0,0,1001,17013,17012,(none),46,exec,benign,
1778300229,15010,0.573543,attack_window,20260508_211709_authorized_keys_W9jmSO,20260508_211655_dirtyfrag_root_authorized_keys_X5ChW3,persistence_auth/authorized_keys,persistence_auth,root_session,execve,yes,0,/usr/bin/uname,uname,uname -r,uname -r,/,/usr/bin/uname,/usr/bin/uname|/lib64/ld-linux-x86-64.so.2,0,0,1001,17014,17012,(none),46,exec,benign,
1778300229,15011,0.574543,attack_window,20260508_211709_authorized_keys_W9jmSO,20260508_211655_dirtyfrag_root_authorized_keys_X5ChW3,persistence_auth/authorized_keys,persistence_auth,root_session,execve,yes,0,/usr/bin/uname,uname,uname -m,uname -m,/,/usr/bin/uname,/usr/bin/uname|/lib64/ld-linux-x86-64.so.2,0,0,1001,17015,17012,(none),46,exec,benign,
1778300229,15012,0.575543,attack_window,20260508_211709_authorized_keys_W9jmSO,20260508_211655_dirtyfrag_root_authorized_keys_X5ChW3,persistence_auth/authorized_keys,persistence_auth,root_session,execve,yes,0,/usr/bin/dash,10-help-text,/bin/sh /etc/update-motd.d/10-help-text,/bin/sh /etc/update-motd.d/10-help-text,/,/etc/update-motd.d/10-help-text,/etc/update-motd.d/10-help-text|/bin/sh|/lib64/ld-linux-x86-64.so.2,0,0,1001,17016,17011,(none),46,exec,benign,
1778300229,15013,0.577543,attack_window,20260508_211709_authorized_keys_W9jmSO,20260508_211655_dirtyfrag_root_authorized_keys_X5ChW3,persistence_auth/authorized_keys,persistence_auth,root_session,execve,yes,0,/usr/bin/dash,50-landscape-sy,/bin/sh /etc/update-motd.d/50-landscape-sysinfo,/bin/sh /etc/update-motd.d/50-landscape-sysinfo,/,/etc/update-motd.d/50-landscape-sysinfo,/etc/update-motd.d/50-landscape-sysinfo|/bin/sh|/lib64/ld-linux-x86-64.so.2,0,0,1001,17017,17011,(none),46,exec,benign,
1778300229,15014,0.578543,attack_window,20260508_211709_authorized_keys_W9jmSO,20260508_211655_dirtyfrag_root_authorized_keys_X5ChW3,persistence_auth/authorized_keys,persistence_auth,root_session,execve,yes,0,/usr/bin/find,find,find /var/lib/landscape/landscape-sysinfo.cache -newermt now-1 minutes,find /var/lib/landscape/landscape-sysinfo.cache -newermt now-1 minutes,/,/usr/bin/find,/usr/bin/find|/lib64/ld-linux-x86-64.so.2,0,0,1001,17018,17017,(none),46,exec,benign,
1778300229,15015,0.578543,attack_window,20260508_211709_authorized_keys_W9jmSO,20260508_211655_dirtyfrag_root_authorized_keys_X5ChW3,persistence_auth/authorized_keys,persistence_auth,root_session,execve,yes,0,/usr/bin/cat,cat,cat /var/lib/landscape/landscape-sysinfo.cache,cat /var/lib/landscape/landscape-sysinfo.cache,/,/usr/bin/cat,/usr/bin/cat|/lib64/ld-linux-x86-64.so.2,0,0,1001,17019,17017,(none),46,exec,benign,
1778300229,15016,0.580543,attack_window,20260508_211709_authorized_keys_W9jmSO,20260508_211655_dirtyfrag_root_authorized_keys_X5ChW3,persistence_auth/authorized_keys,persistence_auth,root_session,execve,yes,0,/usr/bin/dash,50-motd-news,/bin/sh /etc/update-motd.d/50-motd-news,/bin/sh /etc/update-motd.d/50-motd-news,/,/etc/update-motd.d/50-motd-news,/etc/update-motd.d/50-motd-news|/bin/sh|/lib64/ld-linux-x86-64.so.2,0,0,1001,17020,17011,(none),46,exec,benign,
1778300229,15017,0.581543,attack_window,20260508_211709_authorized_keys_W9jmSO,20260508_211655_dirtyfrag_root_authorized_keys_X5ChW3,persistence_auth/authorized_keys,persistence_auth,root_session,execve,yes,0,/usr/bin/cat,cat,cat /var/cache/motd-news,cat /var/cache/motd-news,/,/usr/bin/cat,/usr/bin/cat|/lib64/ld-linux-x86-64.so.2,0,0,1001,17021,17020,(none),46,exec,benign,
1778300229,15018,0.581543,attack_window,20260508_211709_authorized_keys_W9jmSO,20260508_211655_dirtyfrag_root_authorized_keys_X5ChW3,persistence_auth/authorized_keys,persistence_auth,root_session,execve,yes,0,/usr/bin/tr,tr,tr -d \000-\011\013\014\016-\037,tr -d \000-\011\013\014\016-\037,/,/usr/bin/tr,/usr/bin/tr|/lib64/ld-linux-x86-64.so.2,0,0,1001,17023,17020,(none),46,exec,benign,
1778300229,15019,0.581543,attack_window,20260508_211709_authorized_keys_W9jmSO,20260508_211655_dirtyfrag_root_authorized_keys_X5ChW3,persistence_auth/authorized_keys,persistence_auth,root_session,execve,yes,0,/usr/bin/head,head,head -n 10,head -n 10,/,/usr/bin/head,/usr/bin/head|/lib64/ld-linux-x86-64.so.2,0,0,1001,17022,17020,(none),46,exec,benign,
1778300229,15020,0.582543,attack_window,20260508_211709_authorized_keys_W9jmSO,20260508_211655_dirtyfrag_root_authorized_keys_X5ChW3,persistence_auth/authorized_keys,persistence_auth,root_session,execve,yes,0,/usr/bin/cut,cut,cut -c -80,cut -c -80,/,/usr/bin/cut,/usr/bin/cut|/lib64/ld-linux-x86-64.so.2,0,0,1001,17024,17020,(none),46,exec,benign,
1778300229,15021,0.584543,attack_window,20260508_211709_authorized_keys_W9jmSO,20260508_211655_dirtyfrag_root_authorized_keys_X5ChW3,persistence_auth/authorized_keys,persistence_auth,root_session,execve,yes,0,/usr/bin/dash,85-fwupd,/bin/sh /etc/update-motd.d/85-fwupd,/bin/sh /etc/update-motd.d/85-fwupd,/,/etc/update-motd.d/85-fwupd,/etc/update-motd.d/85-fwupd|/bin/sh|/lib64/ld-linux-x86-64.so.2,0,0,1001,17025,17011,(none),46,exec,benign,
1778300229,15022,0.585543,attack_window,20260508_211709_authorized_keys_W9jmSO,20260508_211655_dirtyfrag_root_authorized_keys_X5ChW3,persistence_auth/authorized_keys,persistence_auth,root_session,execve,yes,0,/usr/bin/cat,cat,cat /run/motd.d/85-fwupd,cat /run/motd.d/85-fwupd,/,/usr/bin/cat,/usr/bin/cat|/lib64/ld-linux-x86-64.so.2,0,0,1001,17026,17025,(none),46,exec,benign,
1778300229,15023,0.586543,attack_window,20260508_211709_authorized_keys_W9jmSO,20260508_211655_dirtyfrag_root_authorized_keys_X5ChW3,persistence_auth/authorized_keys,persistence_auth,root_session,execve,yes,0,/usr/bin/dash,90-updates-avai,/bin/sh /etc/update-motd.d/90-updates-available,/bin/sh /etc/update-motd.d/90-updates-available,/,/etc/update-motd.d/90-updates-available,/etc/update-motd.d/90-updates-available|/bin/sh|/lib64/ld-linux-x86-64.so.2,0,0,1001,17027,17011,(none),46,exec,benign,
1778300229,15024,0.587543,attack_window,20260508_211709_authorized_keys_W9jmSO,20260508_211655_dirtyfrag_root_authorized_keys_X5ChW3,persistence_auth/authorized_keys,persistence_auth,root_session,execve,yes,0,/usr/bin/cat,cat,cat /var/lib/update-notifier/updates-available,cat /var/lib/update-notifier/updates-available,/,/usr/bin/cat,/usr/bin/cat|/lib64/ld-linux-x86-64.so.2,0,0,1001,17028,17027,(none),46,exec,benign,
1778300229,15025,0.588543,attack_window,20260508_211709_authorized_keys_W9jmSO,20260508_211655_dirtyfrag_root_authorized_keys_X5ChW3,persistence_auth/authorized_keys,persistence_auth,root_session,execve,yes,0,/usr/bin/grep,grep,grep -q -m 1 .,grep -q -m 1 .,/,/usr/bin/grep,/usr/bin/grep|/lib64/ld-linux-x86-64.so.2,0,0,1001,17030,17027,(none),46,exec,benign,
1778300229,15026,0.588543,attack_window,20260508_211709_authorized_keys_W9jmSO,20260508_211655_dirtyfrag_root_authorized_keys_X5ChW3,persistence_auth/authorized_keys,persistence_auth,root_session,execve,yes,0,/usr/bin/find,find,find /var/lib/update-notifier/updates-available -newermt now-7 days,find /var/lib/update-notifier/updates-available -newermt now-7 days,/,/usr/bin/find,/usr/bin/find|/lib64/ld-linux-x86-64.so.2,0,0,1001,17029,17027,(none),46,exec,benign,
1778300229,15027,0.590543,attack_window,20260508_211709_authorized_keys_W9jmSO,20260508_211655_dirtyfrag_root_authorized_keys_X5ChW3,persistence_auth/authorized_keys,persistence_auth,root_session,execve,yes,0,/usr/bin/dash,91-contract-ua-,/bin/sh /etc/update-motd.d/91-contract-ua-esm-status,/bin/sh /etc/update-motd.d/91-contract-ua-esm-status,/,/etc/update-motd.d/91-contract-ua-esm-status,/etc/update-motd.d/91-contract-ua-esm-status|/bin/sh|/lib64/ld-linux-x86-64.so.2,0,0,1001,17031,17011,(none),46,exec,benign,
1778300229,15028,0.592543,attack_window,20260508_211709_authorized_keys_W9jmSO,20260508_211655_dirtyfrag_root_authorized_keys_X5ChW3,persistence_auth/authorized_keys,persistence_auth,root_session,execve,yes,0,/usr/bin/dash,91-release-upgr,/bin/sh /etc/update-motd.d/91-release-upgrade,/bin/sh /etc/update-motd.d/91-release-upgrade,/,/etc/update-motd.d/91-release-upgrade,/etc/update-motd.d/91-release-upgrade|/bin/sh|/lib64/ld-linux-x86-64.so.2,0,0,1001,17032,17011,(none),46,exec,benign,
1778300229,15029,0.593543,attack_window,20260508_211709_authorized_keys_W9jmSO,20260508_211655_dirtyfrag_root_authorized_keys_X5ChW3,persistence_auth/authorized_keys,persistence_auth,root_session,execve,yes,0,/usr/bin/cut,cut,cut -d -f4,cut -d -f4,/,/usr/bin/cut,/usr/bin/cut|/lib64/ld-linux-x86-64.so.2,0,0,1001,17035,17033,(none),46,exec,benign,
1778300229,15030,0.594543,attack_window,20260508_211709_authorized_keys_W9jmSO,20260508_211655_dirtyfrag_root_authorized_keys_X5ChW3,persistence_auth/authorized_keys,persistence_auth,root_session,execve,yes,0,/usr/bin/id,id,id -u,id -u,/,/usr/bin/id,/usr/bin/id|/lib64/ld-linux-x86-64.so.2,0,0,1001,17036,17032,(none),46,exec,benign,
1778300229,15031,0.595543,attack_window,20260508_211709_authorized_keys_W9jmSO,20260508_211655_dirtyfrag_root_authorized_keys_X5ChW3,persistence_auth/authorized_keys,persistence_auth,root_session,execve,yes,0,/usr/bin/dash,release-upgrade,/bin/sh -e /usr/lib/ubuntu-release-upgrader/release-upgrade-motd,/bin/sh /etc/update-motd.d/91-release-upgrade,/,/usr/lib/ubuntu-release-upgrader/release-upgrade-motd,/usr/lib/ubuntu-release-upgrader/release-upgrade-motd|/bin/sh|/lib64/ld-linux-x86-64.so.2,0,0,1001,17032,17011,(none),46,exec,benign,
1778300229,15032,0.596543,attack_window,20260508_211709_authorized_keys_W9jmSO,20260508_211655_dirtyfrag_root_authorized_keys_X5ChW3,persistence_auth/authorized_keys,persistence_auth,root_session,execve,yes,0,/usr/bin/date,date,date +%s,date +%s,/,/usr/bin/date,/usr/bin/date|/lib64/ld-linux-x86-64.so.2,0,0,1001,17037,17032,(none),46,exec,benign,
1778300229,15033,0.598543,attack_window,20260508_211709_authorized_keys_W9jmSO,20260508_211655_dirtyfrag_root_authorized_keys_X5ChW3,persistence_auth/authorized_keys,persistence_auth,root_session,execve,yes,0,/usr/bin/stat,stat,stat -c %Y /var/lib/ubuntu-release-upgrader/release-upgrade-available,stat -c %Y /var/lib/ubuntu-release-upgrader/release-upgrade-available,/,/usr/bin/stat,/usr/bin/stat|/lib64/ld-linux-x86-64.so.2,0,0,1001,17038,17032,(none),46,exec,benign,
1778300229,15034,0.600543,attack_window,20260508_211709_authorized_keys_W9jmSO,20260508_211655_dirtyfrag_root_authorized_keys_X5ChW3,persistence_auth/authorized_keys,persistence_auth,root_session,execve,yes,0,/usr/bin/expr,expr,expr 1778282941 + 86400,expr 1778282941 + 86400,/,/usr/bin/expr,/usr/bin/expr|/lib64/ld-linux-x86-64.so.2,0,0,1001,17039,17032,(none),46,exec,benign,
1778300229,15035,0.601543,attack_window,20260508_211709_authorized_keys_W9jmSO,20260508_211655_dirtyfrag_root_authorized_keys_X5ChW3,persistence_auth/authorized_keys,persistence_auth,root_session,execve,yes,0,/usr/bin/dash,92-unattended-u,/bin/sh /etc/update-motd.d/92-unattended-upgrades,/bin/sh /etc/update-motd.d/92-unattended-upgrades,/,/etc/update-motd.d/92-unattended-upgrades,/etc/update-motd.d/92-unattended-upgrades|/bin/sh|/lib64/ld-linux-x86-64.so.2,0,0,1001,17040,17011,(none),46,exec,benign,
1778300229,15036,0.602543,attack_window,20260508_211709_authorized_keys_W9jmSO,20260508_211655_dirtyfrag_root_authorized_keys_X5ChW3,persistence_auth/authorized_keys,persistence_auth,root_session,execve,yes,0,/usr/bin/dash,update-motd-una,/bin/sh /usr/share/unattended-upgrades/update-motd-unattended-upgrades,/bin/sh /etc/update-motd.d/92-unattended-upgrades,/,/usr/share/unattended-upgrades/update-motd-unattended-upgrades,/usr/share/unattended-upgrades/update-motd-unattended-upgrades|/bin/sh|/lib64/ld-linux-x86-64.so.2,0,0,1001,17040,17011,(none),46,exec,benign,
1778300229,15037,0.603543,attack_window,20260508_211709_authorized_keys_W9jmSO,20260508_211655_dirtyfrag_root_authorized_keys_X5ChW3,persistence_auth/authorized_keys,persistence_auth,root_session,execve,yes,0,/usr/bin/dash,95-hwe-eol,/bin/sh /etc/update-motd.d/95-hwe-eol,/bin/sh /etc/update-motd.d/95-hwe-eol,/,/etc/update-motd.d/95-hwe-eol,/etc/update-motd.d/95-hwe-eol|/bin/sh|/lib64/ld-linux-x86-64.so.2,0,0,1001,17041,17011,(none),46,exec,benign,
1778300229,15038,0.605543,attack_window,20260508_211709_authorized_keys_W9jmSO,20260508_211655_dirtyfrag_root_authorized_keys_X5ChW3,persistence_auth/authorized_keys,persistence_auth,root_session,execve,yes,0,/usr/bin/find,find,find /var/lib/update-notifier/hwe-eol -newermt now-1 days,find /var/lib/update-notifier/hwe-eol -newermt now-1 days,/,/usr/bin/find,/usr/bin/find|/lib64/ld-linux-x86-64.so.2,0,0,1001,17042,17041,(none),46,exec,benign,
1778300229,15039,0.606543,attack_window,20260508_211709_authorized_keys_W9jmSO,20260508_211655_dirtyfrag_root_authorized_keys_X5ChW3,persistence_auth/authorized_keys,persistence_auth,root_session,execve,yes,0,/usr/bin/dash,97-overlayroot,/bin/sh /etc/update-motd.d/97-overlayroot,/bin/sh /etc/update-motd.d/97-overlayroot,/,/etc/update-motd.d/97-overlayroot,/etc/update-motd.d/97-overlayroot|/bin/sh|/lib64/ld-linux-x86-64.so.2,0,0,1001,17043,17011,(none),46,exec,benign,
1778300229,15040,0.607543,attack_window,20260508_211709_authorized_keys_W9jmSO,20260508_211655_dirtyfrag_root_authorized_keys_X5ChW3,persistence_auth/authorized_keys,persistence_auth,root_session,execve,yes,0,/usr/bin/dash,egrep,/bin/sh /usr/bin/egrep overlayroot|/media/root-ro|/media/root-rw /proc/mounts,/bin/sh /usr/bin/egrep overlayroot|/media/root-ro|/media/root-rw /proc/mounts,/,/usr/bin/egrep,/usr/bin/egrep|/bin/sh|/lib64/ld-linux-x86-64.so.2,0,0,1001,17045,17044,(none),46,exec,benign,
1778300229,15041,0.607543,attack_window,20260508_211709_authorized_keys_W9jmSO,20260508_211655_dirtyfrag_root_authorized_keys_X5ChW3,persistence_auth/authorized_keys,persistence_auth,root_session,execve,yes,0,/usr/bin/sort,sort,sort -r,sort -r,/,/usr/bin/sort,/usr/bin/sort|/lib64/ld-linux-x86-64.so.2,0,0,1001,17046,17044,(none),46,exec,benign,
1778300229,15042,0.607543,attack_window,20260508_211709_authorized_keys_W9jmSO,20260508_211655_dirtyfrag_root_authorized_keys_X5ChW3,persistence_auth/authorized_keys,persistence_auth,root_session,execve,no,-2,/usr/bin/dash,egrep,,/bin/sh /usr/bin/egrep overlayroot|/media/root-ro|/media/root-rw /proc/mounts,/,/usr/local/sbin/grep,/usr/local/sbin/grep,0,0,1001,17045,17044,(none),46,exec,benign,
1778300229,15043,0.607543,attack_window,20260508_211709_authorized_keys_W9jmSO,20260508_211655_dirtyfrag_root_authorized_keys_X5ChW3,persistence_auth/authorized_keys,persistence_auth,root_session,execve,no,-2,/usr/bin/dash,egrep,,/bin/sh /usr/bin/egrep overlayroot|/media/root-ro|/media/root-rw /proc/mounts,/,/usr/local/bin/grep,/usr/local/bin/grep,0,0,1001,17045,17044,(none),46,exec,benign,
1778300229,15044,0.607543,attack_window,20260508_211709_authorized_keys_W9jmSO,20260508_211655_dirtyfrag_root_authorized_keys_X5ChW3,persistence_auth/authorized_keys,persistence_auth,root_session,execve,no,-2,/usr/bin/dash,egrep,,/bin/sh /usr/bin/egrep overlayroot|/media/root-ro|/media/root-rw /proc/mounts,/,/usr/sbin/grep,/usr/sbin/grep,0,0,1001,17045,17044,(none),46,exec,benign,
1778300229,15045,0.607543,attack_window,20260508_211709_authorized_keys_W9jmSO,20260508_211655_dirtyfrag_root_authorized_keys_X5ChW3,persistence_auth/authorized_keys,persistence_auth,root_session,execve,yes,0,/usr/bin/grep,grep,grep -E overlayroot|/media/root-ro|/media/root-rw /proc/mounts,/bin/sh /usr/bin/egrep overlayroot|/media/root-ro|/media/root-rw /proc/mounts,/,/usr/bin/grep,/usr/bin/grep|/lib64/ld-linux-x86-64.so.2,0,0,1001,17045,17044,(none),46,exec,benign,
1778300229,15046,0.609543,attack_window,20260508_211709_authorized_keys_W9jmSO,20260508_211655_dirtyfrag_root_authorized_keys_X5ChW3,persistence_auth/authorized_keys,persistence_auth,root_session,execve,yes,0,/usr/bin/dash,98-fsck-at-rebo,/bin/sh /etc/update-motd.d/98-fsck-at-reboot,/bin/sh /etc/update-motd.d/98-fsck-at-reboot,/,/etc/update-motd.d/98-fsck-at-reboot,/etc/update-motd.d/98-fsck-at-reboot|/bin/sh|/lib64/ld-linux-x86-64.so.2,0,0,1001,17047,17011,(none),46,exec,benign,
1778300229,15047,0.610543,attack_window,20260508_211709_authorized_keys_W9jmSO,20260508_211655_dirtyfrag_root_authorized_keys_X5ChW3,persistence_auth/authorized_keys,persistence_auth,root_session,execve,yes,0,/usr/bin/dash,update-motd-fsc,/bin/sh /usr/lib/update-notifier/update-motd-fsck-at-reboot,/bin/sh /etc/update-motd.d/98-fsck-at-reboot,/,/usr/lib/update-notifier/update-motd-fsck-at-reboot,/usr/lib/update-notifier/update-motd-fsck-at-reboot|/bin/sh|/lib64/ld-linux-x86-64.so.2,0,0,1001,17047,17011,(none),46,exec,benign,
1778300229,15048,0.611543,attack_window,20260508_211709_authorized_keys_W9jmSO,20260508_211655_dirtyfrag_root_authorized_keys_X5ChW3,persistence_auth/authorized_keys,persistence_auth,root_session,execve,yes,0,/usr/bin/id,id,id -u,id -u,/,/usr/bin/id,/usr/bin/id|/lib64/ld-linux-x86-64.so.2,0,0,1001,17048,17047,(none),46,exec,benign,
1778300229,15049,0.612543,attack_window,20260508_211709_authorized_keys_W9jmSO,20260508_211655_dirtyfrag_root_authorized_keys_X5ChW3,persistence_auth/authorized_keys,persistence_auth,root_session,execve,yes,0,/usr/bin/stat,stat,stat -c %Y /var/lib/update-notifier/fsck-at-reboot,stat -c %Y /var/lib/update-notifier/fsck-at-reboot,/,/usr/bin/stat,/usr/bin/stat|/lib64/ld-linux-x86-64.so.2,0,0,1001,17049,17047,(none),46,exec,benign,
1778300229,15050,0.614543,attack_window,20260508_211709_authorized_keys_W9jmSO,20260508_211655_dirtyfrag_root_authorized_keys_X5ChW3,persistence_auth/authorized_keys,persistence_auth,root_session,execve,yes,0,/usr/bin/gawk,awk,awk {print $1} /proc/uptime,awk {print $1} /proc/uptime,/,/usr/bin/awk,/usr/bin/awk|/lib64/ld-linux-x86-64.so.2,0,0,1001,17051,17050,(none),46,exec,benign,
1778300229,15051,0.615543,attack_window,20260508_211709_authorized_keys_W9jmSO,20260508_211655_dirtyfrag_root_authorized_keys_X5ChW3,persistence_auth/authorized_keys,persistence_auth,root_session,execve,yes,0,/usr/bin/date,date,date -d now - 2475.17 seconds +%s,date -d now - 2475.17 seconds +%s,/,/usr/bin/date,/usr/bin/date|/lib64/ld-linux-x86-64.so.2,0,0,1001,17050,17047,(none),46,exec,benign,
1778300229,15052,0.616543,attack_window,20260508_211709_authorized_keys_W9jmSO,20260508_211655_dirtyfrag_root_authorized_keys_X5ChW3,persistence_auth/authorized_keys,persistence_auth,root_session,execve,yes,0,/usr/bin/date,date,date +%s,date +%s,/,/usr/bin/date,/usr/bin/date|/lib64/ld-linux-x86-64.so.2,0,0,1001,17052,17047,(none),46,exec,benign,
1778300229,15053,0.618543,attack_window,20260508_211709_authorized_keys_W9jmSO,20260508_211655_dirtyfrag_root_authorized_keys_X5ChW3,persistence_auth/authorized_keys,persistence_auth,root_session,execve,yes,0,/usr/bin/cat,cat,cat /var/lib/update-notifier/fsck-at-reboot,cat /var/lib/update-notifier/fsck-at-reboot,/,/usr/bin/cat,/usr/bin/cat|/lib64/ld-linux-x86-64.so.2,0,0,1001,17053,17047,(none),46,exec,benign,
1778300229,15054,0.619543,attack_window,20260508_211709_authorized_keys_W9jmSO,20260508_211655_dirtyfrag_root_authorized_keys_X5ChW3,persistence_auth/authorized_keys,persistence_auth,root_session,execve,yes,0,/usr/bin/dash,98-reboot-requi,/bin/sh /etc/update-motd.d/98-reboot-required,/bin/sh /etc/update-motd.d/98-reboot-required,/,/etc/update-motd.d/98-reboot-required,/etc/update-motd.d/98-reboot-required|/bin/sh|/lib64/ld-linux-x86-64.so.2,0,0,1001,17054,17011,(none),46,exec,benign,
1778300229,15055,0.619543,attack_window,20260508_211709_authorized_keys_W9jmSO,20260508_211655_dirtyfrag_root_authorized_keys_X5ChW3,persistence_auth/authorized_keys,persistence_auth,root_session,execve,yes,0,/usr/bin/dash,update-motd-reb,/bin/sh -e /usr/lib/update-notifier/update-motd-reboot-required,/bin/sh /etc/update-motd.d/98-reboot-required,/,/usr/lib/update-notifier/update-motd-reboot-required,/usr/lib/update-notifier/update-motd-reboot-required|/bin/sh|/lib64/ld-linux-x86-64.so.2,0,0,1001,17054,17011,(none),46,exec,benign,
1778300229,15056,0.621543,attack_window,20260508_211709_authorized_keys_W9jmSO,20260508_211655_dirtyfrag_root_authorized_keys_X5ChW3,persistence_auth/authorized_keys,persistence_auth,root_session,rename,yes,0,/usr/sbin/sshd,sshd,,/usr/sbin/sshd -D -R,/,/run/,/run/|/run/motd.dynamic.new|/run/motd.dynamic,0,0,1001,17008,9653,(none),46,file_destroy,benign,
1778300229,15057,0.621543,attack_window,20260508_211709_authorized_keys_W9jmSO,20260508_211655_dirtyfrag_root_authorized_keys_X5ChW3,persistence_auth/authorized_keys,persistence_auth,root_session,connect,yes,0,/usr/sbin/sshd,sshd,,/usr/sbin/sshd -D -R,/,/run/systemd/userdb/io.systemd.DynamicUser,/run/systemd/userdb/io.systemd.DynamicUser,0,0,1001,17008,9653,(none),46,network_connect,benign,
1778300229,15058,0.621543,attack_window,20260508_211709_authorized_keys_W9jmSO,20260508_211655_dirtyfrag_root_authorized_keys_X5ChW3,persistence_auth/authorized_keys,persistence_auth,root_session,connect,yes,0,/usr/sbin/sshd,sshd,,/usr/sbin/sshd -D -R,/,/run/systemd/userdb/io.systemd.DynamicUser,/run/systemd/userdb/io.systemd.DynamicUser,0,0,1001,17008,9653,(none),46,network_connect,benign,
1778300229,15059,0.622543,attack_window,20260508_211709_authorized_keys_W9jmSO,20260508_211655_dirtyfrag_root_authorized_keys_X5ChW3,persistence_auth/authorized_keys,persistence_auth,root_session,connect,yes,0,/usr/sbin/sshd,sshd,,/usr/sbin/sshd -D -R,/,/run/systemd/userdb/io.systemd.DynamicUser,/run/systemd/userdb/io.systemd.DynamicUser,0,0,1001,17008,9653,(none),46,network_connect,benign,
1778300229,15060,0.622543,attack_window,20260508_211709_authorized_keys_W9jmSO,20260508_211655_dirtyfrag_root_authorized_keys_X5ChW3,persistence_auth/authorized_keys,persistence_auth,root_session,connect,yes,0,/usr/sbin/sshd,sshd,,/usr/sbin/sshd -D -R,/,/run/systemd/userdb/io.systemd.DynamicUser,/run/systemd/userdb/io.systemd.DynamicUser,0,0,1001,17008,9653,(none),46,network_connect,benign,
1778300229,15061,0.622543,attack_window,20260508_211709_authorized_keys_W9jmSO,20260508_211655_dirtyfrag_root_authorized_keys_X5ChW3,persistence_auth/authorized_keys,persistence_auth,root_session,connect,yes,0,/usr/sbin/sshd,sshd,,/usr/sbin/sshd -D -R,/,/run/systemd/userdb/io.systemd.DynamicUser,/run/systemd/userdb/io.systemd.DynamicUser,0,0,1001,17008,9653,(none),46,network_connect,benign,
1778300229,15062,0.623543,attack_window,20260508_211709_authorized_keys_W9jmSO,20260508_211655_dirtyfrag_root_authorized_keys_X5ChW3,persistence_auth/authorized_keys,persistence_auth,root_session,,,,,,,,,,,,,,,,,,,ambiguous,
1778300229,15063,0.623543,attack_window,20260508_211709_authorized_keys_W9jmSO,20260508_211655_dirtyfrag_root_authorized_keys_X5ChW3,persistence_auth/authorized_keys,persistence_auth,root_session,setgid,yes,0,/usr/sbin/sshd,sshd,,sshd: deploy-rkejw [priv],,,,0,0,1001,17055,17008,(none),46,privilege_transition,benign,
1778300229,15064,0.623543,attack_window,20260508_211709_authorized_keys_W9jmSO,20260508_211655_dirtyfrag_root_authorized_keys_X5ChW3,persistence_auth/authorized_keys,persistence_auth,root_session,connect,yes,0,/usr/sbin/sshd,sshd,,sshd: deploy-rkejw [priv],/,/run/systemd/userdb/io.systemd.DynamicUser,/run/systemd/userdb/io.systemd.DynamicUser,0,0,1001,17055,17008,(none),46,network_connect,benign,
1778300229,15065,0.624543,attack_window,20260508_211709_authorized_keys_W9jmSO,20260508_211655_dirtyfrag_root_authorized_keys_X5ChW3,persistence_auth/authorized_keys,persistence_auth,root_session,connect,yes,0,/usr/sbin/sshd,sshd,,sshd: deploy-rkejw [priv],/,/run/systemd/userdb/io.systemd.DynamicUser,/run/systemd/userdb/io.systemd.DynamicUser,0,0,1001,17055,17008,(none),46,network_connect,benign,
1778300229,15066,0.624543,attack_window,20260508_211709_authorized_keys_W9jmSO,20260508_211655_dirtyfrag_root_authorized_keys_X5ChW3,persistence_auth/authorized_keys,persistence_auth,root_session,126,yes,0,/usr/sbin/sshd,sshd,,sshd: deploy-rkejw [priv],,,,0,0,1001,17055,17008,(none),46,privilege_transition,benign,
1778300229,15067,0.624543,attack_window,20260508_211709_authorized_keys_W9jmSO,20260508_211655_dirtyfrag_root_authorized_keys_X5ChW3,persistence_auth/authorized_keys,persistence_auth,root_session,,,,,,,,,,,,,,,,,,,ambiguous,
1778300229,15068,0.624543,attack_window,20260508_211709_authorized_keys_W9jmSO,20260508_211655_dirtyfrag_root_authorized_keys_X5ChW3,persistence_auth/authorized_keys,persistence_auth,root_session,setresgid,yes,0,/usr/sbin/sshd,sshd,,sshd: deploy-rkejw [priv],,,,0,0,1001,17055,17008,(none),46,privilege_transition,benign,
1778300229,15069,0.624543,attack_window,20260508_211709_authorized_keys_W9jmSO,20260508_211655_dirtyfrag_root_authorized_keys_X5ChW3,persistence_auth/authorized_keys,persistence_auth,root_session,setresuid,yes,0,/usr/sbin/sshd,sshd,,sshd: deploy-rkejw [priv],,,,1001,1001,1001,17055,17008,(none),46,privilege_transition,benign,
1778300229,15070,0.624543,attack_window,20260508_211709_authorized_keys_W9jmSO,20260508_211655_dirtyfrag_root_authorized_keys_X5ChW3,persistence_auth/authorized_keys,persistence_auth,root_session,setuid,no,-1,/usr/sbin/sshd,sshd,,sshd: deploy-rkejw [priv],,,,1001,1001,1001,17055,17008,(none),46,privilege_transition,benign,
1778300229,15071,0.624543,attack_window,20260508_211709_authorized_keys_W9jmSO,20260508_211655_dirtyfrag_root_authorized_keys_X5ChW3,persistence_auth/authorized_keys,persistence_auth,root_session,setresuid,no,-1,/usr/sbin/sshd,sshd,,sshd: deploy-rkejw [priv],,,,1001,1001,1001,17055,17008,(none),46,privilege_transition,benign,
1778300229,15072,0.679543,attack_window,20260508_211709_authorized_keys_W9jmSO,20260508_211655_dirtyfrag_root_authorized_keys_X5ChW3,persistence_auth/authorized_keys,persistence_auth,root_session,execve,yes,0,/usr/bin/bash,bash,bash -c cat > /tmp/.cache/aegis_dirtyfrag_20260508_211658_root_dirtyfrag_t1hRDK/root_shell.in,bash -c cat > /tmp/.cache/aegis_dirtyfrag_20260508_211658_root_dirtyfrag_t1hRDK/root_shell.in,/home/deploy-rkejw,/bin/bash,/bin/bash|/lib64/ld-linux-x86-64.so.2,1001,1001,1001,17056,17055,(none),46,shell_exec,benign,
1778300229,15073,0.681543,attack_window,20260508_211709_authorized_keys_W9jmSO,20260508_211655_dirtyfrag_root_authorized_keys_X5ChW3,persistence_auth/authorized_keys,persistence_auth,root_session,openat,yes,3,/usr/bin/bash,bash,,bash -c cat > /tmp/.cache/aegis_dirtyfrag_20260508_211658_root_dirtyfrag_t1hRDK/root_shell.in,/home/deploy-rkejw,/tmp/.cache/aegis_dirtyfrag_20260508_211658_root_dirtyfrag_t1hRDK/,/tmp/.cache/aegis_dirtyfrag_20260508_211658_root_dirtyfrag_t1hRDK/|/tmp/.cache/aegis_dirtyfrag_20260508_211658_root_dirtyfrag_t1hRDK/root_shell.in,1001,1001,1001,17057,17056,(none),46,tmp_activity,benign,
1778300229,15074,0.681543,attack_window,20260508_211709_authorized_keys_W9jmSO,20260508_211655_dirtyfrag_root_authorized_keys_X5ChW3,persistence_auth/authorized_keys,persistence_auth,root_session,execve,yes,0,/usr/bin/cat,cat,cat,bash -c cat > /tmp/.cache/aegis_dirtyfrag_20260508_211658_root_dirtyfrag_t1hRDK/root_shell.in,/home/deploy-rkejw,/usr/bin/cat,/usr/bin/cat|/lib64/ld-linux-x86-64.so.2,1001,1001,1001,17057,17056,(none),46,exec,benign,
1778300229,15075,0.683543,attack_window,20260508_211709_authorized_keys_W9jmSO,20260508_211655_dirtyfrag_root_authorized_keys_X5ChW3,persistence_auth/authorized_keys,persistence_auth,root_session,execve,yes,0,/usr/bin/mkdir,mkdir,mkdir -p /tmp/.config/aegis_20260508_211709_authorized_keys_W9jmSO,mkdir -p /tmp/.config/aegis_20260508_211709_authorized_keys_W9jmSO,/root,/usr/bin/mkdir,/usr/bin/mkdir|/lib64/ld-linux-x86-64.so.2,0,0,1001,17058,16574,pts7,36,exec,benign,
1778300229,15076,0.683543,attack_window,20260508_211709_authorized_keys_W9jmSO,20260508_211655_dirtyfrag_root_authorized_keys_X5ChW3,persistence_auth/authorized_keys,persistence_auth,root_session,connect,yes,0,/usr/sbin/sshd,sshd,,sshd: deploy-rkejw [priv],/,/dev/log,/dev/log,1001,1001,1001,17055,17008,(none),46,network_connect,benign,
1778300229,15077,0.684543,attack_window,20260508_211709_authorized_keys_W9jmSO,20260508_211655_dirtyfrag_root_authorized_keys_X5ChW3,persistence_auth/authorized_keys,persistence_auth,root_session,mkdir,no,-17,/usr/bin/mkdir,mkdir,,mkdir -p /tmp/.config/aegis_20260508_211709_authorized_keys_W9jmSO,/tmp,/tmp,/tmp,0,0,1001,17058,16574,pts7,36,tmp_activity,benign,
1778300229,15078,0.684543,attack_window,20260508_211709_authorized_keys_W9jmSO,20260508_211655_dirtyfrag_root_authorized_keys_X5ChW3,persistence_auth/authorized_keys,persistence_auth,root_session,mkdir,no,-17,/usr/bin/mkdir,mkdir,,mkdir -p /tmp/.config/aegis_20260508_211709_authorized_keys_W9jmSO,/tmp/.config,/tmp/.config,/tmp/.config,0,0,1001,17058,16574,pts7,36,tmp_activity,benign,
1778300229,15079,0.684543,attack_window,20260508_211709_authorized_keys_W9jmSO,20260508_211655_dirtyfrag_root_authorized_keys_X5ChW3,persistence_auth/authorized_keys,persistence_auth,root_session,114,yes,0,/usr/sbin/sshd,sshd,,/usr/sbin/sshd -D -R,,,,0,0,1001,17008,9653,(none),46,privilege_transition,benign,
1778300229,15080,0.684543,attack_window,20260508_211709_authorized_keys_W9jmSO,20260508_211655_dirtyfrag_root_authorized_keys_X5ChW3,persistence_auth/authorized_keys,persistence_auth,root_session,setresuid,yes,0,/usr/sbin/sshd,sshd,,/usr/sbin/sshd -D -R,,,,0,1001,1001,17008,9653,(none),46,privilege_transition,benign,
1778300229,15081,0.684543,attack_window,20260508_211709_authorized_keys_W9jmSO,20260508_211655_dirtyfrag_root_authorized_keys_X5ChW3,persistence_auth/authorized_keys,persistence_auth,root_session,113,yes,0,/usr/sbin/sshd,sshd,,/usr/sbin/sshd -D -R,,,,0,0,1001,17008,9653,(none),46,privilege_transition,benign,
1778300229,15082,0.684543,attack_window,20260508_211709_authorized_keys_W9jmSO,20260508_211655_dirtyfrag_root_authorized_keys_X5ChW3,persistence_auth/authorized_keys,persistence_auth,root_session,114,yes,0,/usr/sbin/sshd,sshd,,/usr/sbin/sshd -D -R,,,,0,0,1001,17008,9653,(none),46,privilege_transition,benign,
1778300229,15083,0.684543,attack_window,20260508_211709_authorized_keys_W9jmSO,20260508_211655_dirtyfrag_root_authorized_keys_X5ChW3,persistence_auth/authorized_keys,persistence_auth,root_session,connect,yes,0,/usr/sbin/sshd,sshd,,/usr/sbin/sshd -D -R,/,/run/dbus/system_bus_socket,/run/dbus/system_bus_socket,0,0,1001,17008,9653,(none),46,network_connect,benign,
1778300229,15084,0.686543,attack_window,20260508_211709_authorized_keys_W9jmSO,20260508_211655_dirtyfrag_root_authorized_keys_X5ChW3,persistence_auth/authorized_keys,persistence_auth,root_session,,,,,,,,,,,,,,,,,,,ambiguous,
1778300229,15085,0.686543,attack_window,20260508_211709_authorized_keys_W9jmSO,20260508_211655_dirtyfrag_root_authorized_keys_X5ChW3,persistence_auth/authorized_keys,persistence_auth,root_session,,,,,,,,,,,,,,,,,,,ambiguous,
1778300229,15086,0.686543,attack_window,20260508_211709_authorized_keys_W9jmSO,20260508_211655_dirtyfrag_root_authorized_keys_X5ChW3,persistence_auth/authorized_keys,persistence_auth,root_session,setresgid,yes,0,/usr/sbin/sshd,sshd,,/usr/sbin/sshd -D -R,,,,0,0,1001,17008,9653,(none),46,privilege_transition,benign,
1778300229,15087,0.686543,attack_window,20260508_211709_authorized_keys_W9jmSO,20260508_211655_dirtyfrag_root_authorized_keys_X5ChW3,persistence_auth/authorized_keys,persistence_auth,root_session,setresuid,yes,0,/usr/sbin/sshd,sshd,,/usr/sbin/sshd -D -R,,,,0,1001,1001,17008,9653,(none),46,privilege_transition,benign,
1778300229,15088,0.686543,attack_window,20260508_211709_authorized_keys_W9jmSO,20260508_211655_dirtyfrag_root_authorized_keys_X5ChW3,persistence_auth/authorized_keys,persistence_auth,root_session,setresuid,yes,0,/usr/sbin/sshd,sshd,,/usr/sbin/sshd -D -R,,,,0,0,1001,17008,9653,(none),46,privilege_transition,benign,
1778300229,15089,0.686543,attack_window,20260508_211709_authorized_keys_W9jmSO,20260508_211655_dirtyfrag_root_authorized_keys_X5ChW3,persistence_auth/authorized_keys,persistence_auth,root_session,setresgid,yes,0,/usr/sbin/sshd,sshd,,/usr/sbin/sshd -D -R,,,,0,0,1001,17008,9653,(none),46,privilege_transition,benign,
1778300229,15090,0.696543,attack_window,20260508_211709_authorized_keys_W9jmSO,20260508_211655_dirtyfrag_root_authorized_keys_X5ChW3,persistence_auth/authorized_keys,persistence_auth,root_session,execve,yes,0,/usr/sbin/sshd,sshd,/usr/sbin/sshd -D -R,/usr/sbin/sshd -D -R,/,/usr/sbin/sshd,/usr/sbin/sshd|/lib64/ld-linux-x86-64.so.2,0,0,4294967295,17059,9653,(none),4294967295,exec,benign,
1778300229,15091,0.700543,attack_window,20260508_211709_authorized_keys_W9jmSO,20260508_211655_dirtyfrag_root_authorized_keys_X5ChW3,persistence_auth/authorized_keys,persistence_auth,root_session,connect,no,-2,/usr/sbin/sshd,sshd,,/usr/sbin/sshd -D -R,/,/var/run/nscd/socket,/var/run/nscd/socket,0,0,4294967295,17059,9653,(none),4294967295,network_connect,benign,
1778300229,15092,0.700543,attack_window,20260508_211709_authorized_keys_W9jmSO,20260508_211655_dirtyfrag_root_authorized_keys_X5ChW3,persistence_auth/authorized_keys,persistence_auth,root_session,connect,yes,0,/usr/sbin/sshd,sshd,,/usr/sbin/sshd -D -R,,,,0,0,4294967295,17059,9653,(none),4294967295,network_connect,benign,
1778300229,15093,0.700543,attack_window,20260508_211709_authorized_keys_W9jmSO,20260508_211655_dirtyfrag_root_authorized_keys_X5ChW3,persistence_auth/authorized_keys,persistence_auth,root_session,connect,yes,0,/usr/sbin/sshd,sshd,,/usr/sbin/sshd -D -R,,,,0,0,4294967295,17059,9653,(none),4294967295,network_connect,benign,
1778300229,15094,0.700543,attack_window,20260508_211709_authorized_keys_W9jmSO,20260508_211655_dirtyfrag_root_authorized_keys_X5ChW3,persistence_auth/authorized_keys,persistence_auth,root_session,connect,yes,0,/usr/sbin/sshd,sshd,,/usr/sbin/sshd -D -R,,,,0,0,4294967295,17059,9653,(none),4294967295,network_connect,benign,
1778300229,15095,0.700543,attack_window,20260508_211709_authorized_keys_W9jmSO,20260508_211655_dirtyfrag_root_authorized_keys_X5ChW3,persistence_auth/authorized_keys,persistence_auth,root_session,connect,no,-2,/usr/sbin/sshd,sshd,,/usr/sbin/sshd -D -R,/,/var/run/nscd/socket,/var/run/nscd/socket,0,0,4294967295,17059,9653,(none),4294967295,network_connect,benign,
1778300229,15096,0.700543,attack_window,20260508_211709_authorized_keys_W9jmSO,20260508_211655_dirtyfrag_root_authorized_keys_X5ChW3,persistence_auth/authorized_keys,persistence_auth,root_session,connect,no,-2,/usr/sbin/sshd,sshd,,/usr/sbin/sshd -D -R,/,/var/run/nscd/socket,/var/run/nscd/socket,0,0,4294967295,17059,9653,(none),4294967295,network_connect,benign,
1778300229,15097,0.701543,attack_window,20260508_211709_authorized_keys_W9jmSO,20260508_211655_dirtyfrag_root_authorized_keys_X5ChW3,persistence_auth/authorized_keys,persistence_auth,root_session,setresgid,yes,0,/usr/sbin/sshd,sshd,,sshd: [accepted],,,,0,0,4294967295,17060,17059,(none),4294967295,privilege_transition,benign,
1778300229,15098,0.701543,attack_window,20260508_211709_authorized_keys_W9jmSO,20260508_211655_dirtyfrag_root_authorized_keys_X5ChW3,persistence_auth/authorized_keys,persistence_auth,root_session,setresuid,yes,0,/usr/sbin/sshd,sshd,,sshd: [accepted],,,,109,109,4294967295,17060,17059,(none),4294967295,privilege_transition,benign,
1778300229,15099,0.702543,attack_window,20260508_211709_authorized_keys_W9jmSO,20260508_211655_dirtyfrag_root_authorized_keys_X5ChW3,persistence_auth/authorized_keys,persistence_auth,root_session,setgid,no,-1,/usr/sbin/sshd,sshd,,sshd: [accepted],,,,109,109,4294967295,17060,17059,(none),4294967295,privilege_transition,benign,
1778300229,15100,0.702543,attack_window,20260508_211709_authorized_keys_W9jmSO,20260508_211655_dirtyfrag_root_authorized_keys_X5ChW3,persistence_auth/authorized_keys,persistence_auth,root_session,setresgid,no,-1,/usr/sbin/sshd,sshd,,sshd: [accepted],,,,109,109,4294967295,17060,17059,(none),4294967295,privilege_transition,benign,
1778300229,15101,0.702543,attack_window,20260508_211709_authorized_keys_W9jmSO,20260508_211655_dirtyfrag_root_authorized_keys_X5ChW3,persistence_auth/authorized_keys,persistence_auth,root_session,setuid,no,-1,/usr/sbin/sshd,sshd,,sshd: [accepted],,,,109,109,4294967295,17060,17059,(none),4294967295,privilege_transition,benign,
1778300229,15102,0.702543,attack_window,20260508_211709_authorized_keys_W9jmSO,20260508_211655_dirtyfrag_root_authorized_keys_X5ChW3,persistence_auth/authorized_keys,persistence_auth,root_session,setresuid,no,-1,/usr/sbin/sshd,sshd,,sshd: [accepted],,,,109,109,4294967295,17060,17059,(none),4294967295,privilege_transition,benign,
1778300229,15103,0.725543,attack_window,20260508_211709_authorized_keys_W9jmSO,20260508_211655_dirtyfrag_root_authorized_keys_X5ChW3,persistence_auth/authorized_keys,persistence_auth,root_session,openat,yes,3,/usr/bin/bash,bash,,#NAME?,/root,/tmp/.config/aegis_20260508_211709_authorized_keys_W9jmSO/,/tmp/.config/aegis_20260508_211709_authorized_keys_W9jmSO/|/tmp/.config/aegis_20260508_211709_authorized_keys_W9jmSO/root_session_payload.sh,0,0,1001,17061,16574,pts7,36,tmp_activity,benign,
1778300229,15104,0.725543,attack_window,20260508_211709_authorized_keys_W9jmSO,20260508_211655_dirtyfrag_root_authorized_keys_X5ChW3,persistence_auth/authorized_keys,persistence_auth,root_session,execve,yes,0,/usr/bin/cat,cat,cat,#NAME?,/root,/usr/bin/cat,/usr/bin/cat|/lib64/ld-linux-x86-64.so.2,0,0,1001,17061,16574,pts7,36,exec,benign,
1778300229,15105,0.727543,attack_window,20260508_211709_authorized_keys_W9jmSO,20260508_211655_dirtyfrag_root_authorized_keys_X5ChW3,persistence_auth/authorized_keys,persistence_auth,root_session,execve,yes,0,/usr/bin/bash,bash,bash /tmp/.config/aegis_20260508_211709_authorized_keys_W9jmSO/root_session_payload.sh,bash /tmp/.config/aegis_20260508_211709_authorized_keys_W9jmSO/root_session_payload.sh,/root,/usr/bin/bash,/usr/bin/bash|/lib64/ld-linux-x86-64.so.2,0,0,1001,17062,16574,pts7,36,shell_exec,benign,
1778300229,15106,0.728543,attack_window,20260508_211709_authorized_keys_W9jmSO,20260508_211655_dirtyfrag_root_authorized_keys_X5ChW3,persistence_auth/authorized_keys,persistence_auth,root_session,execve,yes,0,/usr/bin/cat,cat,cat,cat,/root,/usr/bin/cat,/usr/bin/cat|/lib64/ld-linux-x86-64.so.2,0,0,1001,17064,17063,pts7,36,exec,benign,
1778300229,15107,0.730543,attack_window,20260508_211709_authorized_keys_W9jmSO,20260508_211655_dirtyfrag_root_authorized_keys_X5ChW3,persistence_auth/authorized_keys,persistence_auth,root_session,execve,yes,0,/usr/bin/cat,cat,cat,cat,/root,/usr/bin/cat,/usr/bin/cat|/lib64/ld-linux-x86-64.so.2,0,0,1001,17066,17065,pts7,36,exec,benign,
1778300229,15108,0.731543,attack_window,20260508_211709_authorized_keys_W9jmSO,20260508_211655_dirtyfrag_root_authorized_keys_X5ChW3,persistence_auth/authorized_keys,persistence_auth,root_session,execve,yes,0,/usr/bin/cat,cat,cat,cat,/root,/usr/bin/cat,/usr/bin/cat|/lib64/ld-linux-x86-64.so.2,0,0,1001,17068,17067,pts7,36,exec,benign,
1778300229,15109,0.733543,attack_window,20260508_211709_authorized_keys_W9jmSO,20260508_211655_dirtyfrag_root_authorized_keys_X5ChW3,persistence_auth/authorized_keys,persistence_auth,root_session,execve,yes,0,/usr/bin/cat,cat,cat,cat,/root,/usr/bin/cat,/usr/bin/cat|/lib64/ld-linux-x86-64.so.2,0,0,1001,17070,17069,pts7,36,exec,benign,
1778300229,15110,0.735543,attack_window,20260508_211709_authorized_keys_W9jmSO,20260508_211655_dirtyfrag_root_authorized_keys_X5ChW3,persistence_auth/authorized_keys,persistence_auth,root_session,execve,yes,0,/usr/bin/cat,cat,cat,cat,/root,/usr/bin/cat,/usr/bin/cat|/lib64/ld-linux-x86-64.so.2,0,0,1001,17072,17071,pts7,36,exec,benign,
1778300229,15111,0.738543,attack_window,20260508_211709_authorized_keys_W9jmSO,20260508_211655_dirtyfrag_root_authorized_keys_X5ChW3,persistence_auth/authorized_keys,persistence_auth,root_session,execve,yes,0,/usr/bin/cat,cat,cat,cat,/root,/usr/bin/cat,/usr/bin/cat|/lib64/ld-linux-x86-64.so.2,0,0,1001,17074,17073,pts7,36,exec,benign,
1778300229,15112,0.740543,attack_window,20260508_211709_authorized_keys_W9jmSO,20260508_211655_dirtyfrag_root_authorized_keys_X5ChW3,persistence_auth/authorized_keys,persistence_auth,root_session,execve,yes,0,/usr/bin/dirname,dirname,dirname /tmp/.config/aegis_20260508_211709_authorized_keys_W9jmSO/metadata.txt,dirname /tmp/.config/aegis_20260508_211709_authorized_keys_W9jmSO/metadata.txt,/root,/usr/bin/dirname,/usr/bin/dirname|/lib64/ld-linux-x86-64.so.2,0,0,1001,17075,17062,pts7,36,exec,benign,
1778300229,15113,0.742543,attack_window,20260508_211709_authorized_keys_W9jmSO,20260508_211655_dirtyfrag_root_authorized_keys_X5ChW3,persistence_auth/authorized_keys,persistence_auth,root_session,execve,yes,0,/usr/bin/mkdir,mkdir,mkdir -p /tmp/.config/aegis_20260508_211709_authorized_keys_W9jmSO,mkdir -p /tmp/.config/aegis_20260508_211709_authorized_keys_W9jmSO,/root,/usr/bin/mkdir,/usr/bin/mkdir|/lib64/ld-linux-x86-64.so.2,0,0,1001,17076,17062,pts7,36,exec,benign,
1778300229,15114,0.744543,attack_window,20260508_211709_authorized_keys_W9jmSO,20260508_211655_dirtyfrag_root_authorized_keys_X5ChW3,persistence_auth/authorized_keys,persistence_auth,root_session,mkdir,no,-17,/usr/bin/mkdir,mkdir,,mkdir -p /tmp/.config/aegis_20260508_211709_authorized_keys_W9jmSO,/tmp,/tmp,/tmp,0,0,1001,17076,17062,pts7,36,tmp_activity,benign,
1778300229,15115,0.744543,attack_window,20260508_211709_authorized_keys_W9jmSO,20260508_211655_dirtyfrag_root_authorized_keys_X5ChW3,persistence_auth/authorized_keys,persistence_auth,root_session,mkdir,no,-17,/usr/bin/mkdir,mkdir,,mkdir -p /tmp/.config/aegis_20260508_211709_authorized_keys_W9jmSO,/tmp/.config,/tmp/.config,/tmp/.config,0,0,1001,17076,17062,pts7,36,tmp_activity,benign,
1778300229,15116,0.744543,attack_window,20260508_211709_authorized_keys_W9jmSO,20260508_211655_dirtyfrag_root_authorized_keys_X5ChW3,persistence_auth/authorized_keys,persistence_auth,root_session,execve,yes,0,/usr/bin/dirname,dirname,dirname /tmp/.config/aegis_20260508_211709_authorized_keys_W9jmSO/metadata.json,dirname /tmp/.config/aegis_20260508_211709_authorized_keys_W9jmSO/metadata.json,/root,/usr/bin/dirname,/usr/bin/dirname|/lib64/ld-linux-x86-64.so.2,0,0,1001,17077,17062,pts7,36,exec,benign,
1778300229,15117,0.745543,attack_window,20260508_211709_authorized_keys_W9jmSO,20260508_211655_dirtyfrag_root_authorized_keys_X5ChW3,persistence_auth/authorized_keys,persistence_auth,root_session,execve,yes,0,/usr/bin/mkdir,mkdir,mkdir -p /tmp/.config/aegis_20260508_211709_authorized_keys_W9jmSO,mkdir -p /tmp/.config/aegis_20260508_211709_authorized_keys_W9jmSO,/root,/usr/bin/mkdir,/usr/bin/mkdir|/lib64/ld-linux-x86-64.so.2,0,0,1001,17078,17062,pts7,36,exec,benign,
1778300229,15118,0.746543,attack_window,20260508_211709_authorized_keys_W9jmSO,20260508_211655_dirtyfrag_root_authorized_keys_X5ChW3,persistence_auth/authorized_keys,persistence_auth,root_session,mkdir,no,-17,/usr/bin/mkdir,mkdir,,mkdir -p /tmp/.config/aegis_20260508_211709_authorized_keys_W9jmSO,/tmp,/tmp,/tmp,0,0,1001,17078,17062,pts7,36,tmp_activity,benign,
1778300229,15119,0.746543,attack_window,20260508_211709_authorized_keys_W9jmSO,20260508_211655_dirtyfrag_root_authorized_keys_X5ChW3,persistence_auth/authorized_keys,persistence_auth,root_session,mkdir,no,-17,/usr/bin/mkdir,mkdir,,mkdir -p /tmp/.config/aegis_20260508_211709_authorized_keys_W9jmSO,/tmp/.config,/tmp/.config,/tmp/.config,0,0,1001,17078,17062,pts7,36,tmp_activity,benign,
1778300229,15120,0.746543,attack_window,20260508_211709_authorized_keys_W9jmSO,20260508_211655_dirtyfrag_root_authorized_keys_X5ChW3,persistence_auth/authorized_keys,persistence_auth,root_session,openat,yes,3,/usr/bin/bash,bash,,bash /tmp/.config/aegis_20260508_211709_authorized_keys_W9jmSO/root_session_payload.sh,/root,/tmp/.config/aegis_20260508_211709_authorized_keys_W9jmSO/,/tmp/.config/aegis_20260508_211709_authorized_keys_W9jmSO/|/tmp/.config/aegis_20260508_211709_authorized_keys_W9jmSO/metadata.txt,0,0,1001,17062,16574,pts7,36,tmp_activity,benign,
1778300229,15121,0.746543,attack_window,20260508_211709_authorized_keys_W9jmSO,20260508_211655_dirtyfrag_root_authorized_keys_X5ChW3,persistence_auth/authorized_keys,persistence_auth,root_session,openat,yes,3,/usr/bin/bash,bash,,bash /tmp/.config/aegis_20260508_211709_authorized_keys_W9jmSO/root_session_payload.sh,/root,/tmp/.config/aegis_20260508_211709_authorized_keys_W9jmSO/,/tmp/.config/aegis_20260508_211709_authorized_keys_W9jmSO/|/tmp/.config/aegis_20260508_211709_authorized_keys_W9jmSO/metadata.json,0,0,1001,17062,16574,pts7,36,tmp_activity,benign,
1778300229,15122,0.746543,attack_window,20260508_211709_authorized_keys_W9jmSO,20260508_211655_dirtyfrag_root_authorized_keys_X5ChW3,persistence_auth/authorized_keys,persistence_auth,root_session,openat,yes,3,/usr/bin/bash,bash,,bash /tmp/.config/aegis_20260508_211709_authorized_keys_W9jmSO/root_session_payload.sh,/root,/tmp/.config/aegis_20260508_211709_authorized_keys_W9jmSO/,/tmp/.config/aegis_20260508_211709_authorized_keys_W9jmSO/|/tmp/.config/aegis_20260508_211709_authorized_keys_W9jmSO/metadata.json,0,0,1001,17062,16574,pts7,36,tmp_activity,benign,
1778300229,15123,0.747543,attack_window,20260508_211709_authorized_keys_W9jmSO,20260508_211655_dirtyfrag_root_authorized_keys_X5ChW3,persistence_auth/authorized_keys,persistence_auth,root_session,execve,yes,0,/usr/bin/id,id,id -un,id -un,/root,/usr/bin/id,/usr/bin/id|/lib64/ld-linux-x86-64.so.2,0,0,1001,17079,17062,pts7,36,exec,benign,
1778300229,15124,0.748543,attack_window,20260508_211709_authorized_keys_W9jmSO,20260508_211655_dirtyfrag_root_authorized_keys_X5ChW3,persistence_auth/authorized_keys,persistence_auth,root_session,connect,no,-2,/usr/bin/id,id,,id -un,/root,/var/run/nscd/socket,/var/run/nscd/socket,0,0,1001,17079,17062,pts7,36,network_connect,benign,
1778300229,15125,0.748543,attack_window,20260508_211709_authorized_keys_W9jmSO,20260508_211655_dirtyfrag_root_authorized_keys_X5ChW3,persistence_auth/authorized_keys,persistence_auth,root_session,connect,no,-2,/usr/bin/id,id,,id -un,/root,/var/run/nscd/socket,/var/run/nscd/socket,0,0,1001,17079,17062,pts7,36,network_connect,benign,
1778300229,15126,0.749543,attack_window,20260508_211709_authorized_keys_W9jmSO,20260508_211655_dirtyfrag_root_authorized_keys_X5ChW3,persistence_auth/authorized_keys,persistence_auth,root_session,execve,yes,0,/usr/bin/tr,tr,tr [:upper:] [:lower:],tr [:upper:] [:lower:],/root,/usr/bin/tr,/usr/bin/tr|/lib64/ld-linux-x86-64.so.2,0,0,1001,17082,17080,pts7,36,exec,benign,
1778300229,15127,0.749543,attack_window,20260508_211709_authorized_keys_W9jmSO,20260508_211655_dirtyfrag_root_authorized_keys_X5ChW3,persistence_auth/authorized_keys,persistence_auth,root_session,execve,yes,0,/usr/bin/tr,tr,tr -c a-z0-9_.- -,tr -c a-z0-9_.- -,/root,/usr/bin/tr,/usr/bin/tr|/lib64/ld-linux-x86-64.so.2,0,0,1001,17083,17080,pts7,36,exec,benign,
1778300229,15128,0.749543,attack_window,20260508_211709_authorized_keys_W9jmSO,20260508_211655_dirtyfrag_root_authorized_keys_X5ChW3,persistence_auth/authorized_keys,persistence_auth,root_session,execve,yes,0,/usr/bin/sed,sed,sed s/--*/-/g,sed s/--*/-/g,/root,/usr/bin/sed,/usr/bin/sed|/lib64/ld-linux-x86-64.so.2,0,0,1001,17084,17080,pts7,36,exec,benign,
1778300229,15129,0.749543,attack_window,20260508_211709_authorized_keys_W9jmSO,20260508_211655_dirtyfrag_root_authorized_keys_X5ChW3,persistence_auth/authorized_keys,persistence_auth,root_session,execve,yes,0,/usr/bin/sed,sed,sed s/^-//,sed s/^-//,/root,/usr/bin/sed,/usr/bin/sed|/lib64/ld-linux-x86-64.so.2,0,0,1001,17085,17080,pts7,36,exec,benign,
1778300229,15130,0.749543,attack_window,20260508_211709_authorized_keys_W9jmSO,20260508_211655_dirtyfrag_root_authorized_keys_X5ChW3,persistence_auth/authorized_keys,persistence_auth,root_session,execve,yes,0,/usr/bin/sed,sed,sed s/-$//,sed s/-$//,/root,/usr/bin/sed,/usr/bin/sed|/lib64/ld-linux-x86-64.so.2,0,0,1001,17086,17080,pts7,36,exec,benign,
1778300229,15131,0.753543,attack_window,20260508_211709_authorized_keys_W9jmSO,20260508_211655_dirtyfrag_root_authorized_keys_X5ChW3,persistence_auth/authorized_keys,persistence_auth,root_session,execve,yes,0,/usr/bin/id,id,id root,id root,/root,/usr/bin/id,/usr/bin/id|/lib64/ld-linux-x86-64.so.2,0,0,1001,17087,17062,pts7,36,exec,benign,
1778300229,15132,0.754543,attack_window,20260508_211709_authorized_keys_W9jmSO,20260508_211655_dirtyfrag_root_authorized_keys_X5ChW3,persistence_auth/authorized_keys,persistence_auth,root_session,connect,no,-2,/usr/bin/id,id,,id root,/root,/var/run/nscd/socket,/var/run/nscd/socket,0,0,1001,17087,17062,pts7,36,network_connect,benign,
1778300229,15133,0.754543,attack_window,20260508_211709_authorized_keys_W9jmSO,20260508_211655_dirtyfrag_root_authorized_keys_X5ChW3,persistence_auth/authorized_keys,persistence_auth,root_session,connect,no,-2,/usr/bin/id,id,,id root,/root,/var/run/nscd/socket,/var/run/nscd/socket,0,0,1001,17087,17062,pts7,36,network_connect,benign,
1778300229,15134,0.755543,attack_window,20260508_211709_authorized_keys_W9jmSO,20260508_211655_dirtyfrag_root_authorized_keys_X5ChW3,persistence_auth/authorized_keys,persistence_auth,root_session,connect,no,-2,/usr/bin/id,id,,id root,/root,/var/run/nscd/socket,/var/run/nscd/socket,0,0,1001,17087,17062,pts7,36,network_connect,benign,
1778300229,15135,0.755543,attack_window,20260508_211709_authorized_keys_W9jmSO,20260508_211655_dirtyfrag_root_authorized_keys_X5ChW3,persistence_auth/authorized_keys,persistence_auth,root_session,connect,no,-2,/usr/bin/id,id,,id root,/root,/var/run/nscd/socket,/var/run/nscd/socket,0,0,1001,17087,17062,pts7,36,network_connect,benign,
1778300229,15137,0.755543,attack_window,20260508_211709_authorized_keys_W9jmSO,20260508_211655_dirtyfrag_root_authorized_keys_X5ChW3,persistence_auth/authorized_keys,persistence_auth,root_session,execve,yes,0,/usr/bin/getent,getent,getent passwd root,getent passwd root,/root,/usr/bin/getent,/usr/bin/getent|/lib64/ld-linux-x86-64.so.2,0,0,1001,17089,17088,pts7,36,exec,benign,
1778300229,15136,0.756543,attack_window,20260508_211709_authorized_keys_W9jmSO,20260508_211655_dirtyfrag_root_authorized_keys_X5ChW3,persistence_auth/authorized_keys,persistence_auth,root_session,execve,yes,0,/usr/bin/cut,cut,cut -d: -f6,cut -d: -f6,/root,/usr/bin/cut,/usr/bin/cut|/lib64/ld-linux-x86-64.so.2,0,0,1001,17090,17088,pts7,36,exec,benign,
1778300229,15138,0.757543,attack_window,20260508_211709_authorized_keys_W9jmSO,20260508_211655_dirtyfrag_root_authorized_keys_X5ChW3,persistence_auth/authorized_keys,persistence_auth,root_session,connect,no,-2,/usr/bin/getent,getent,,getent passwd root,/root,/var/run/nscd/socket,/var/run/nscd/socket,0,0,1001,17089,17088,pts7,36,network_connect,benign,
1778300229,15139,0.757543,attack_window,20260508_211709_authorized_keys_W9jmSO,20260508_211655_dirtyfrag_root_authorized_keys_X5ChW3,persistence_auth/authorized_keys,persistence_auth,root_session,connect,no,-2,/usr/bin/getent,getent,,getent passwd root,/root,/var/run/nscd/socket,/var/run/nscd/socket,0,0,1001,17089,17088,pts7,36,network_connect,benign,
1778300229,15140,0.758543,attack_window,20260508_211709_authorized_keys_W9jmSO,20260508_211655_dirtyfrag_root_authorized_keys_X5ChW3,persistence_auth/authorized_keys,persistence_auth,root_session,execve,yes,0,/usr/bin/bash,bash,bash -lc mkdir -p '/root/.ssh',bash -lc mkdir -p '/root/.ssh',/root,/usr/bin/bash,/usr/bin/bash|/lib64/ld-linux-x86-64.so.2,0,0,1001,17091,17062,pts7,36,shell_exec,malicious,
1778300229,15141,0.759543,attack_window,20260508_211709_authorized_keys_W9jmSO,20260508_211655_dirtyfrag_root_authorized_keys_X5ChW3,persistence_auth/authorized_keys,persistence_auth,root_session,execve,yes,0,/usr/bin/locale-check,locale-check,/usr/bin/locale-check C.UTF-8,/usr/bin/locale-check C.UTF-8,/root,/usr/bin/locale-check,/usr/bin/locale-check|/lib64/ld-linux-x86-64.so.2,0,0,1001,17092,17091,pts7,36,exec,benign,
1778300229,15142,0.763543,attack_window,20260508_211709_authorized_keys_W9jmSO,20260508_211655_dirtyfrag_root_authorized_keys_X5ChW3,persistence_auth/authorized_keys,persistence_auth,root_session,execve,yes,0,/usr/bin/locale,locale,locale,locale,/root,/usr/bin/locale,/usr/bin/locale|/lib64/ld-linux-x86-64.so.2,0,0,1001,17093,17091,pts7,36,exec,benign,
1778300229,15143,0.766543,attack_window,20260508_211709_authorized_keys_W9jmSO,20260508_211655_dirtyfrag_root_authorized_keys_X5ChW3,persistence_auth/authorized_keys,persistence_auth,root_session,execve,yes,0,/usr/bin/mesg,mesg,mesg n,mesg n,/root,/usr/bin/mesg,/usr/bin/mesg|/lib64/ld-linux-x86-64.so.2,0,0,1001,17095,17091,pts7,36,exec,benign,
1778300229,15144,0.767543,attack_window,20260508_211709_authorized_keys_W9jmSO,20260508_211655_dirtyfrag_root_authorized_keys_X5ChW3,persistence_auth/authorized_keys,persistence_auth,root_session,91,yes,0,/usr/bin/mesg,mesg,,mesg n,/root,(null),(null),0,0,1001,17095,17091,pts7,36,chmod_change,benign,
1778300229,15145,0.767543,attack_window,20260508_211709_authorized_keys_W9jmSO,20260508_211655_dirtyfrag_root_authorized_keys_X5ChW3,persistence_auth/authorized_keys,persistence_auth,root_session,execve,yes,0,/usr/bin/mkdir,mkdir,mkdir -p /root/.ssh,bash -lc mkdir -p '/root/.ssh',/root,/usr/bin/mkdir,/usr/bin/mkdir|/lib64/ld-linux-x86-64.so.2,0,0,1001,17091,17062,pts7,36,exec,malicious,
1778300229,15146,0.768543,attack_window,20260508_211709_authorized_keys_W9jmSO,20260508_211655_dirtyfrag_root_authorized_keys_X5ChW3,persistence_auth/authorized_keys,persistence_auth,root_session,execve,yes,0,/usr/bin/bash,bash,bash -lc chmod '700' '/root/.ssh',bash -lc chmod '700' '/root/.ssh',/root,/usr/bin/bash,/usr/bin/bash|/lib64/ld-linux-x86-64.so.2,0,0,1001,17096,17062,pts7,36,shell_exec,malicious,
1778300229,15147,0.769543,attack_window,20260508_211709_authorized_keys_W9jmSO,20260508_211655_dirtyfrag_root_authorized_keys_X5ChW3,persistence_auth/authorized_keys,persistence_auth,root_session,execve,yes,0,/usr/bin/locale-check,locale-check,/usr/bin/locale-check C.UTF-8,/usr/bin/locale-check C.UTF-8,/root,/usr/bin/locale-check,/usr/bin/locale-check|/lib64/ld-linux-x86-64.so.2,0,0,1001,17097,17096,pts7,36,exec,benign,
1778300229,15148,0.771543,attack_window,20260508_211709_authorized_keys_W9jmSO,20260508_211655_dirtyfrag_root_authorized_keys_X5ChW3,persistence_auth/authorized_keys,persistence_auth,root_session,execve,yes,0,/usr/bin/locale,locale,locale,locale,/root,/usr/bin/locale,/usr/bin/locale|/lib64/ld-linux-x86-64.so.2,0,0,1001,17098,17096,pts7,36,exec,benign,
1778300229,15149,0.772543,attack_window,20260508_211709_authorized_keys_W9jmSO,20260508_211655_dirtyfrag_root_authorized_keys_X5ChW3,persistence_auth/authorized_keys,persistence_auth,root_session,execve,yes,0,/usr/bin/mesg,mesg,mesg n,mesg n,/root,/usr/bin/mesg,/usr/bin/mesg|/lib64/ld-linux-x86-64.so.2,0,0,1001,17100,17096,pts7,36,exec,benign,
1778300229,15150,0.773543,attack_window,20260508_211709_authorized_keys_W9jmSO,20260508_211655_dirtyfrag_root_authorized_keys_X5ChW3,persistence_auth/authorized_keys,persistence_auth,root_session,91,yes,0,/usr/bin/mesg,mesg,,mesg n,/root,(null),(null),0,0,1001,17100,17096,pts7,36,chmod_change,benign,
1778300229,15151,0.774543,attack_window,20260508_211709_authorized_keys_W9jmSO,20260508_211655_dirtyfrag_root_authorized_keys_X5ChW3,persistence_auth/authorized_keys,persistence_auth,root_session,execve,yes,0,/usr/bin/chmod,chmod,chmod 700 /root/.ssh,bash -lc chmod '700' '/root/.ssh',/root,/usr/bin/chmod,/usr/bin/chmod|/lib64/ld-linux-x86-64.so.2,0,0,1001,17096,17062,pts7,36,exec,malicious,
1778300229,15152,0.775543,attack_window,20260508_211709_authorized_keys_W9jmSO,20260508_211655_dirtyfrag_root_authorized_keys_X5ChW3,persistence_auth/authorized_keys,persistence_auth,root_session,fchmodat,yes,0,/usr/bin/chmod,chmod,,bash -lc chmod '700' '/root/.ssh',/root,/root/.ssh,/root/.ssh,0,0,1001,17096,17062,pts7,36,root_ssh_keys,malicious,
1778300229,15153,0.776543,attack_window,20260508_211709_authorized_keys_W9jmSO,20260508_211655_dirtyfrag_root_authorized_keys_X5ChW3,persistence_auth/authorized_keys,persistence_auth,root_session,execve,yes,0,/usr/bin/bash,bash,bash -lc touch '/root/.ssh/authorized_keys',bash -lc touch '/root/.ssh/authorized_keys',/root,/usr/bin/bash,/usr/bin/bash|/lib64/ld-linux-x86-64.so.2,0,0,1001,17101,17062,pts7,36,shell_exec,malicious,
1778300229,15154,0.777543,attack_window,20260508_211709_authorized_keys_W9jmSO,20260508_211655_dirtyfrag_root_authorized_keys_X5ChW3,persistence_auth/authorized_keys,persistence_auth,root_session,execve,yes,0,/usr/bin/locale-check,locale-check,/usr/bin/locale-check C.UTF-8,/usr/bin/locale-check C.UTF-8,/root,/usr/bin/locale-check,/usr/bin/locale-check|/lib64/ld-linux-x86-64.so.2,0,0,1001,17102,17101,pts7,36,exec,benign,
1778300229,15155,0.779543,attack_window,20260508_211709_authorized_keys_W9jmSO,20260508_211655_dirtyfrag_root_authorized_keys_X5ChW3,persistence_auth/authorized_keys,persistence_auth,root_session,execve,yes,0,/usr/bin/locale,locale,locale,locale,/root,/usr/bin/locale,/usr/bin/locale|/lib64/ld-linux-x86-64.so.2,0,0,1001,17103,17101,pts7,36,exec,benign,
1778300229,15156,0.781543,attack_window,20260508_211709_authorized_keys_W9jmSO,20260508_211655_dirtyfrag_root_authorized_keys_X5ChW3,persistence_auth/authorized_keys,persistence_auth,root_session,execve,yes,0,/usr/bin/mesg,mesg,mesg n,mesg n,/root,/usr/bin/mesg,/usr/bin/mesg|/lib64/ld-linux-x86-64.so.2,0,0,1001,17105,17101,pts7,36,exec,benign,
1778300229,15157,0.781543,attack_window,20260508_211709_authorized_keys_W9jmSO,20260508_211655_dirtyfrag_root_authorized_keys_X5ChW3,persistence_auth/authorized_keys,persistence_auth,root_session,91,yes,0,/usr/bin/mesg,mesg,,mesg n,/root,(null),(null),0,0,1001,17105,17101,pts7,36,chmod_change,benign,
1778300229,15158,0.783543,attack_window,20260508_211709_authorized_keys_W9jmSO,20260508_211655_dirtyfrag_root_authorized_keys_X5ChW3,persistence_auth/authorized_keys,persistence_auth,root_session,execve,yes,0,/usr/bin/touch,touch,touch /root/.ssh/authorized_keys,bash -lc touch '/root/.ssh/authorized_keys',/root,/usr/bin/touch,/usr/bin/touch|/lib64/ld-linux-x86-64.so.2,0,0,1001,17101,17062,pts7,36,exec,malicious,
1778300229,15159,0.783543,attack_window,20260508_211709_authorized_keys_W9jmSO,20260508_211655_dirtyfrag_root_authorized_keys_X5ChW3,persistence_auth/authorized_keys,persistence_auth,root_session,openat,yes,3,/usr/bin/touch,touch,,bash -lc touch '/root/.ssh/authorized_keys',/root,/root/.ssh/,/root/.ssh/|/root/.ssh/authorized_keys,0,0,1001,17101,17062,pts7,36,root_ssh_keys,malicious,
1778300229,15160,0.784543,attack_window,20260508_211709_authorized_keys_W9jmSO,20260508_211655_dirtyfrag_root_authorized_keys_X5ChW3,persistence_auth/authorized_keys,persistence_auth,root_session,execve,yes,0,/usr/bin/tr,tr,tr -dc a-zA-Z0-9,tr -dc a-zA-Z0-9,/root,/usr/bin/tr,/usr/bin/tr|/lib64/ld-linux-x86-64.so.2,0,0,1001,17107,17106,pts7,36,exec,benign,
1778300229,15161,0.784543,attack_window,20260508_211709_authorized_keys_W9jmSO,20260508_211655_dirtyfrag_root_authorized_keys_X5ChW3,persistence_auth/authorized_keys,persistence_auth,root_session,execve,yes,0,/usr/bin/head,head,head -c $,head -c 24,/root,/usr/bin/head,/usr/bin/head|/lib64/ld-linux-x86-64.so.2,0,0,1001,17108,17106,pts7,36,exec,benign,
1778300229,15162,0.787543,attack_window,20260508_211709_authorized_keys_W9jmSO,20260508_211655_dirtyfrag_root_authorized_keys_X5ChW3,persistence_auth/authorized_keys,persistence_auth,root_session,execve,yes,0,/usr/bin/head,head,head -c 6,head -c 6,/root,/usr/bin/head,/usr/bin/head|/lib64/ld-linux-x86-64.so.2,0,0,1001,17111,17109,pts7,36,exec,benign,
1778300229,15163,0.787543,attack_window,20260508_211709_authorized_keys_W9jmSO,20260508_211655_dirtyfrag_root_authorized_keys_X5ChW3,persistence_auth/authorized_keys,persistence_auth,root_session,execve,yes,0,/usr/bin/tr,tr,tr -dc a-z0-9,tr -dc a-z0-9,/root,/usr/bin/tr,/usr/bin/tr|/lib64/ld-linux-x86-64.so.2,0,0,1001,17110,17109,pts7,36,exec,benign,
1778300229,15164,0.789543,attack_window,20260508_211709_authorized_keys_W9jmSO,20260508_211655_dirtyfrag_root_authorized_keys_X5ChW3,persistence_auth/authorized_keys,persistence_auth,root_session,execve,yes,0,/usr/bin/mktemp,mktemp,mktemp,mktemp,/root,/usr/bin/mktemp,/usr/bin/mktemp|/lib64/ld-linux-x86-64.so.2,0,0,1001,17112,17062,pts7,36,exec,benign,
1778300229,15165,0.790543,attack_window,20260508_211709_authorized_keys_W9jmSO,20260508_211655_dirtyfrag_root_authorized_keys_X5ChW3,persistence_auth/authorized_keys,persistence_auth,root_session,openat,yes,3,/usr/bin/mktemp,mktemp,,mktemp,/root,/tmp/,/tmp/|/tmp/tmp.U7cKYkL8g3,0,0,1001,17112,17062,pts7,36,tmp_activity,benign,
1778300229,15166,0.791543,attack_window,20260508_211709_authorized_keys_W9jmSO,20260508_211655_dirtyfrag_root_authorized_keys_X5ChW3,persistence_auth/authorized_keys,persistence_auth,root_session,openat,yes,3,/usr/bin/bash,bash,,bash /tmp/.config/aegis_20260508_211709_authorized_keys_W9jmSO/root_session_payload.sh,/root,/tmp/,/tmp/|/tmp/tmp.U7cKYkL8g3,0,0,1001,17062,16574,pts7,36,tmp_activity,malicious,
1778300229,15167,0.791543,attack_window,20260508_211709_authorized_keys_W9jmSO,20260508_211655_dirtyfrag_root_authorized_keys_X5ChW3,persistence_auth/authorized_keys,persistence_auth,root_session,execve,yes,0,/usr/bin/bash,bash,bash -lc cat '/tmp/tmp.U7cKYkL8g3' >> '/root/.ssh/authorized_keys',bash -lc cat '/tmp/tmp.U7cKYkL8g3' >> '/root/.ssh/authorized_keys',/root,/usr/bin/bash,/usr/bin/bash|/lib64/ld-linux-x86-64.so.2,0,0,1001,17113,17062,pts7,36,shell_exec,malicious,
1778300229,15168,0.792543,attack_window,20260508_211709_authorized_keys_W9jmSO,20260508_211655_dirtyfrag_root_authorized_keys_X5ChW3,persistence_auth/authorized_keys,persistence_auth,root_session,execve,yes,0,/usr/bin/locale-check,locale-check,/usr/bin/locale-check C.UTF-8,/usr/bin/locale-check C.UTF-8,/root,/usr/bin/locale-check,/usr/bin/locale-check|/lib64/ld-linux-x86-64.so.2,0,0,1001,17114,17113,pts7,36,exec,benign,
1778300229,15169,0.794543,attack_window,20260508_211709_authorized_keys_W9jmSO,20260508_211655_dirtyfrag_root_authorized_keys_X5ChW3,persistence_auth/authorized_keys,persistence_auth,root_session,execve,yes,0,/usr/bin/locale,locale,locale,locale,/root,/usr/bin/locale,/usr/bin/locale|/lib64/ld-linux-x86-64.so.2,0,0,1001,17115,17113,pts7,36,exec,benign,
1778300229,15170,0.796543,attack_window,20260508_211709_authorized_keys_W9jmSO,20260508_211655_dirtyfrag_root_authorized_keys_X5ChW3,persistence_auth/authorized_keys,persistence_auth,root_session,execve,yes,0,/usr/bin/mesg,mesg,mesg n,mesg n,/root,/usr/bin/mesg,/usr/bin/mesg|/lib64/ld-linux-x86-64.so.2,0,0,1001,17117,17113,pts7,36,exec,benign,
1778300229,15171,0.796543,attack_window,20260508_211709_authorized_keys_W9jmSO,20260508_211655_dirtyfrag_root_authorized_keys_X5ChW3,persistence_auth/authorized_keys,persistence_auth,root_session,91,yes,0,/usr/bin/mesg,mesg,,mesg n,/root,(null),(null),0,0,1001,17117,17113,pts7,36,chmod_change,benign,
1778300229,15172,0.797543,attack_window,20260508_211709_authorized_keys_W9jmSO,20260508_211655_dirtyfrag_root_authorized_keys_X5ChW3,persistence_auth/authorized_keys,persistence_auth,root_session,openat,yes,3,/usr/bin/bash,bash,,bash -lc cat '/tmp/tmp.U7cKYkL8g3' >> '/root/.ssh/authorized_keys',/root,/root/.ssh/,/root/.ssh/|/root/.ssh/authorized_keys,0,0,1001,17118,17113,pts7,36,root_ssh_keys,benign,
1778300229,15173,0.797543,attack_window,20260508_211709_authorized_keys_W9jmSO,20260508_211655_dirtyfrag_root_authorized_keys_X5ChW3,persistence_auth/authorized_keys,persistence_auth,root_session,execve,yes,0,/usr/bin/cat,cat,cat /tmp/tmp.U7cKYkL8g3,bash -lc cat '/tmp/tmp.U7cKYkL8g3' >> '/root/.ssh/authorized_keys',/root,/usr/bin/cat,/usr/bin/cat|/lib64/ld-linux-x86-64.so.2,0,0,1001,17118,17113,pts7,36,exec,malicious,
1778300229,15174,0.799543,attack_window,20260508_211709_authorized_keys_W9jmSO,20260508_211655_dirtyfrag_root_authorized_keys_X5ChW3,persistence_auth/authorized_keys,persistence_auth,root_session,execve,yes,0,/usr/bin/bash,bash,bash -lc chmod '600' '/root/.ssh/authorized_keys',bash -lc chmod '600' '/root/.ssh/authorized_keys',/root,/usr/bin/bash,/usr/bin/bash|/lib64/ld-linux-x86-64.so.2,0,0,1001,17119,17062,pts7,36,shell_exec,malicious,
1778300229,15175,0.800543,attack_window,20260508_211709_authorized_keys_W9jmSO,20260508_211655_dirtyfrag_root_authorized_keys_X5ChW3,persistence_auth/authorized_keys,persistence_auth,root_session,execve,yes,0,/usr/bin/locale-check,locale-check,/usr/bin/locale-check C.UTF-8,/usr/bin/locale-check C.UTF-8,/root,/usr/bin/locale-check,/usr/bin/locale-check|/lib64/ld-linux-x86-64.so.2,0,0,1001,17120,17119,pts7,36,exec,benign,
1778300229,15176,0.802543,attack_window,20260508_211709_authorized_keys_W9jmSO,20260508_211655_dirtyfrag_root_authorized_keys_X5ChW3,persistence_auth/authorized_keys,persistence_auth,root_session,execve,yes,0,/usr/bin/locale,locale,locale,locale,/root,/usr/bin/locale,/usr/bin/locale|/lib64/ld-linux-x86-64.so.2,0,0,1001,17121,17119,pts7,36,exec,benign,
1778300229,15177,0.805543,attack_window,20260508_211709_authorized_keys_W9jmSO,20260508_211655_dirtyfrag_root_authorized_keys_X5ChW3,persistence_auth/authorized_keys,persistence_auth,root_session,execve,yes,0,/usr/bin/mesg,mesg,mesg n,mesg n,/root,/usr/bin/mesg,/usr/bin/mesg|/lib64/ld-linux-x86-64.so.2,0,0,1001,17123,17119,pts7,36,exec,benign,
1778300229,15178,0.806543,attack_window,20260508_211709_authorized_keys_W9jmSO,20260508_211655_dirtyfrag_root_authorized_keys_X5ChW3,persistence_auth/authorized_keys,persistence_auth,root_session,connect,no,-2,/usr/sbin/sshd,sshd,,/usr/sbin/sshd -D -R,/,/var/run/nscd/socket,/var/run/nscd/socket,0,0,4294967295,17059,9653,(none),4294967295,network_connect,benign,
1778300229,15179,0.806543,attack_window,20260508_211709_authorized_keys_W9jmSO,20260508_211655_dirtyfrag_root_authorized_keys_X5ChW3,persistence_auth/authorized_keys,persistence_auth,root_session,connect,no,-2,/usr/sbin/sshd,sshd,,/usr/sbin/sshd -D -R,/,/var/run/nscd/socket,/var/run/nscd/socket,0,0,4294967295,17059,9653,(none),4294967295,network_connect,benign,
1778300229,15180,0.806543,attack_window,20260508_211709_authorized_keys_W9jmSO,20260508_211655_dirtyfrag_root_authorized_keys_X5ChW3,persistence_auth/authorized_keys,persistence_auth,root_session,connect,yes,0,/usr/sbin/sshd,sshd,,/usr/sbin/sshd -D -R,/,/run/systemd/userdb/io.systemd.DynamicUser,/run/systemd/userdb/io.systemd.DynamicUser,0,0,4294967295,17059,9653,(none),4294967295,network_connect,benign,
1778300229,15181,0.807543,attack_window,20260508_211709_authorized_keys_W9jmSO,20260508_211655_dirtyfrag_root_authorized_keys_X5ChW3,persistence_auth/authorized_keys,persistence_auth,root_session,91,yes,0,/usr/bin/mesg,mesg,,mesg n,/root,(null),(null),0,0,1001,17123,17119,pts7,36,chmod_change,benign,
1778300229,15182,0.807543,attack_window,20260508_211709_authorized_keys_W9jmSO,20260508_211655_dirtyfrag_root_authorized_keys_X5ChW3,persistence_auth/authorized_keys,persistence_auth,root_session,setresgid,yes,0,/usr/sbin/sshd,sshd,,/usr/sbin/sshd -D -R,,,,0,0,4294967295,17059,9653,(none),4294967295,privilege_transition,benign,
1778300229,15183,0.807543,attack_window,20260508_211709_authorized_keys_W9jmSO,20260508_211655_dirtyfrag_root_authorized_keys_X5ChW3,persistence_auth/authorized_keys,persistence_auth,root_session,setresuid,yes,0,/usr/sbin/sshd,sshd,,/usr/sbin/sshd -D -R,,,,0,1001,4294967295,17059,9653,(none),4294967295,privilege_transition,benign,
1778300229,15184,0.807543,attack_window,20260508_211709_authorized_keys_W9jmSO,20260508_211655_dirtyfrag_root_authorized_keys_X5ChW3,persistence_auth/authorized_keys,persistence_auth,root_session,setresuid,yes,0,/usr/sbin/sshd,sshd,,/usr/sbin/sshd -D -R,,,,0,0,4294967295,17059,9653,(none),4294967295,privilege_transition,benign,
1778300229,15185,0.807543,attack_window,20260508_211709_authorized_keys_W9jmSO,20260508_211655_dirtyfrag_root_authorized_keys_X5ChW3,persistence_auth/authorized_keys,persistence_auth,root_session,setresgid,yes,0,/usr/sbin/sshd,sshd,,/usr/sbin/sshd -D -R,,,,0,0,4294967295,17059,9653,(none),4294967295,privilege_transition,benign,
1778300229,15186,0.807543,attack_window,20260508_211709_authorized_keys_W9jmSO,20260508_211655_dirtyfrag_root_authorized_keys_X5ChW3,persistence_auth/authorized_keys,persistence_auth,root_session,setresgid,yes,0,/usr/sbin/sshd,sshd,,/usr/sbin/sshd -D -R,,,,0,0,4294967295,17059,9653,(none),4294967295,privilege_transition,benign,
1778300229,15187,0.807543,attack_window,20260508_211709_authorized_keys_W9jmSO,20260508_211655_dirtyfrag_root_authorized_keys_X5ChW3,persistence_auth/authorized_keys,persistence_auth,root_session,setresuid,yes,0,/usr/sbin/sshd,sshd,,/usr/sbin/sshd -D -R,,,,0,1001,4294967295,17059,9653,(none),4294967295,privilege_transition,benign,
1778300229,15188,0.807543,attack_window,20260508_211709_authorized_keys_W9jmSO,20260508_211655_dirtyfrag_root_authorized_keys_X5ChW3,persistence_auth/authorized_keys,persistence_auth,root_session,setresuid,yes,0,/usr/sbin/sshd,sshd,,/usr/sbin/sshd -D -R,,,,0,0,4294967295,17059,9653,(none),4294967295,privilege_transition,benign,
1778300229,15189,0.807543,attack_window,20260508_211709_authorized_keys_W9jmSO,20260508_211655_dirtyfrag_root_authorized_keys_X5ChW3,persistence_auth/authorized_keys,persistence_auth,root_session,setresgid,yes,0,/usr/sbin/sshd,sshd,,/usr/sbin/sshd -D -R,,,,0,0,4294967295,17059,9653,(none),4294967295,privilege_transition,benign,
1778300229,15190,0.807543,attack_window,20260508_211709_authorized_keys_W9jmSO,20260508_211655_dirtyfrag_root_authorized_keys_X5ChW3,persistence_auth/authorized_keys,persistence_auth,root_session,,,,,,,,,,,,,,,,,,,ambiguous,
1778300229,15191,0.807543,attack_window,20260508_211709_authorized_keys_W9jmSO,20260508_211655_dirtyfrag_root_authorized_keys_X5ChW3,persistence_auth/authorized_keys,persistence_auth,root_session,execve,yes,0,/usr/bin/chmod,chmod,chmod 600 /root/.ssh/authorized_keys,bash -lc chmod '600' '/root/.ssh/authorized_keys',/root,/usr/bin/chmod,/usr/bin/chmod|/lib64/ld-linux-x86-64.so.2,0,0,1001,17119,17062,pts7,36,exec,malicious,
1778300229,15192,0.808543,attack_window,20260508_211709_authorized_keys_W9jmSO,20260508_211655_dirtyfrag_root_authorized_keys_X5ChW3,persistence_auth/authorized_keys,persistence_auth,root_session,fchmodat,yes,0,/usr/bin/chmod,chmod,,bash -lc chmod '600' '/root/.ssh/authorized_keys',/root,/root/.ssh/authorized_keys,/root/.ssh/authorized_keys,0,0,1001,17119,17062,pts7,36,root_ssh_keys,malicious,
1778300229,15193,0.808543,attack_window,20260508_211709_authorized_keys_W9jmSO,20260508_211655_dirtyfrag_root_authorized_keys_X5ChW3,persistence_auth/authorized_keys,persistence_auth,root_session,execve,yes,0,/usr/bin/rm,rm,rm -f /tmp/tmp.U7cKYkL8g3,rm -f /tmp/tmp.U7cKYkL8g3,/root,/usr/bin/rm,/usr/bin/rm|/lib64/ld-linux-x86-64.so.2,0,0,1001,17124,17062,pts7,36,exec,malicious,
1778300229,15194,0.810543,attack_window,20260508_211709_authorized_keys_W9jmSO,20260508_211655_dirtyfrag_root_authorized_keys_X5ChW3,persistence_auth/authorized_keys,persistence_auth,root_session,unlinkat,yes,0,/usr/bin/rm,rm,,rm -f /tmp/tmp.U7cKYkL8g3,/root,/tmp/,/tmp/|/tmp/tmp.U7cKYkL8g3,0,0,1001,17124,17062,pts7,36,tmp_activity,malicious,
1778300229,15195,0.810543,attack_window,20260508_211709_authorized_keys_W9jmSO,20260508_211655_dirtyfrag_root_authorized_keys_X5ChW3,persistence_auth/authorized_keys,persistence_auth,root_session,openat,yes,3,/usr/bin/bash,bash,,bash /tmp/.config/aegis_20260508_211709_authorized_keys_W9jmSO/root_session_payload.sh,/root,/tmp/.config/aegis_20260508_211709_authorized_keys_W9jmSO/,/tmp/.config/aegis_20260508_211709_authorized_keys_W9jmSO/|/tmp/.config/aegis_20260508_211709_authorized_keys_W9jmSO/metadata.txt,0,0,1001,17062,16574,pts7,36,tmp_activity,benign,
1778300229,15196,0.811543,attack_window,20260508_211709_authorized_keys_W9jmSO,20260508_211655_dirtyfrag_root_authorized_keys_X5ChW3,persistence_auth/authorized_keys,persistence_auth,root_session,openat,yes,3,/usr/bin/bash,bash,,bash /tmp/.config/aegis_20260508_211709_authorized_keys_W9jmSO/root_session_payload.sh,/root,/tmp/.config/aegis_20260508_211709_authorized_keys_W9jmSO/,/tmp/.config/aegis_20260508_211709_authorized_keys_W9jmSO/|/tmp/.config/aegis_20260508_211709_authorized_keys_W9jmSO/metadata.json,0,0,1001,17062,16574,pts7,36,tmp_activity,benign,
1778300229,15197,0.811543,attack_window,20260508_211709_authorized_keys_W9jmSO,20260508_211655_dirtyfrag_root_authorized_keys_X5ChW3,persistence_auth/authorized_keys,persistence_auth,root_session,openat,yes,3,/usr/bin/bash,bash,,bash /tmp/.config/aegis_20260508_211709_authorized_keys_W9jmSO/root_session_payload.sh,/root,/tmp/.config/aegis_20260508_211709_authorized_keys_W9jmSO/,/tmp/.config/aegis_20260508_211709_authorized_keys_W9jmSO/|/tmp/.config/aegis_20260508_211709_authorized_keys_W9jmSO/metadata.txt,0,0,1001,17062,16574,pts7,36,tmp_activity,benign,
1778300229,15198,0.812543,attack_window,20260508_211709_authorized_keys_W9jmSO,20260508_211655_dirtyfrag_root_authorized_keys_X5ChW3,persistence_auth/authorized_keys,persistence_auth,root_session,openat,yes,3,/usr/bin/bash,bash,,bash /tmp/.config/aegis_20260508_211709_authorized_keys_W9jmSO/root_session_payload.sh,/root,/tmp/.config/aegis_20260508_211709_authorized_keys_W9jmSO/,/tmp/.config/aegis_20260508_211709_authorized_keys_W9jmSO/|/tmp/.config/aegis_20260508_211709_authorized_keys_W9jmSO/metadata.json,0,0,1001,17062,16574,pts7,36,tmp_activity,benign,
1778300229,15199,0.812543,attack_window,20260508_211709_authorized_keys_W9jmSO,20260508_211655_dirtyfrag_root_authorized_keys_X5ChW3,persistence_auth/authorized_keys,persistence_auth,root_session,openat,yes,3,/usr/bin/bash,bash,,bash /tmp/.config/aegis_20260508_211709_authorized_keys_W9jmSO/root_session_payload.sh,/root,/tmp/.config/aegis_20260508_211709_authorized_keys_W9jmSO/,/tmp/.config/aegis_20260508_211709_authorized_keys_W9jmSO/|/tmp/.config/aegis_20260508_211709_authorized_keys_W9jmSO/metadata.txt,0,0,1001,17062,16574,pts7,36,tmp_activity,benign,
1778300229,15200,0.813543,attack_window,20260508_211709_authorized_keys_W9jmSO,20260508_211655_dirtyfrag_root_authorized_keys_X5ChW3,persistence_auth/authorized_keys,persistence_auth,root_session,openat,yes,3,/usr/bin/bash,bash,,bash /tmp/.config/aegis_20260508_211709_authorized_keys_W9jmSO/root_session_payload.sh,/root,/tmp/.config/aegis_20260508_211709_authorized_keys_W9jmSO/,/tmp/.config/aegis_20260508_211709_authorized_keys_W9jmSO/|/tmp/.config/aegis_20260508_211709_authorized_keys_W9jmSO/metadata.json,0,0,1001,17062,16574,pts7,36,tmp_activity,benign,
1778300229,15201,0.813543,attack_window,20260508_211709_authorized_keys_W9jmSO,20260508_211655_dirtyfrag_root_authorized_keys_X5ChW3,persistence_auth/authorized_keys,persistence_auth,root_session,openat,yes,3,/usr/bin/bash,bash,,bash /tmp/.config/aegis_20260508_211709_authorized_keys_W9jmSO/root_session_payload.sh,/root,/tmp/.config/aegis_20260508_211709_authorized_keys_W9jmSO/,/tmp/.config/aegis_20260508_211709_authorized_keys_W9jmSO/|/tmp/.config/aegis_20260508_211709_authorized_keys_W9jmSO/metadata.txt,0,0,1001,17062,16574,pts7,36,tmp_activity,benign,
1778300229,15202,0.814543,attack_window,20260508_211709_authorized_keys_W9jmSO,20260508_211655_dirtyfrag_root_authorized_keys_X5ChW3,persistence_auth/authorized_keys,persistence_auth,root_session,openat,yes,3,/usr/bin/bash,bash,,bash /tmp/.config/aegis_20260508_211709_authorized_keys_W9jmSO/root_session_payload.sh,/root,/tmp/.config/aegis_20260508_211709_authorized_keys_W9jmSO/,/tmp/.config/aegis_20260508_211709_authorized_keys_W9jmSO/|/tmp/.config/aegis_20260508_211709_authorized_keys_W9jmSO/metadata.json,0,0,1001,17062,16574,pts7,36,tmp_activity,benign,
1778300229,15203,0.814543,attack_window,20260508_211709_authorized_keys_W9jmSO,20260508_211655_dirtyfrag_root_authorized_keys_X5ChW3,persistence_auth/authorized_keys,persistence_auth,root_session,execve,yes,0,/usr/bin/rm,rm,rm -f -- /tmp/.config/aegis_20260508_211709_authorized_keys_W9jmSO/root_session_payload.sh,rm -f -- /tmp/.config/aegis_20260508_211709_authorized_keys_W9jmSO/root_session_payload.sh,/root,/usr/bin/rm,/usr/bin/rm|/lib64/ld-linux-x86-64.so.2,0,0,1001,17133,16574,pts7,36,exec,benign,
1778300229,15204,0.815543,attack_window,20260508_211709_authorized_keys_W9jmSO,20260508_211655_dirtyfrag_root_authorized_keys_X5ChW3,persistence_auth/authorized_keys,persistence_auth,root_session,setresgid,yes,0,/usr/sbin/sshd,sshd,,/usr/sbin/sshd -D -R,,,,0,0,4294967295,17059,9653,(none),4294967295,privilege_transition,benign,
1778300229,15205,0.815543,attack_window,20260508_211709_authorized_keys_W9jmSO,20260508_211655_dirtyfrag_root_authorized_keys_X5ChW3,persistence_auth/authorized_keys,persistence_auth,root_session,setresuid,yes,0,/usr/sbin/sshd,sshd,,/usr/sbin/sshd -D -R,,,,0,1001,4294967295,17059,9653,(none),4294967295,privilege_transition,benign,
1778300229,15206,0.815543,attack_window,20260508_211709_authorized_keys_W9jmSO,20260508_211655_dirtyfrag_root_authorized_keys_X5ChW3,persistence_auth/authorized_keys,persistence_auth,root_session,setresuid,yes,0,/usr/sbin/sshd,sshd,,/usr/sbin/sshd -D -R,,,,0,0,4294967295,17059,9653,(none),4294967295,privilege_transition,benign,
1778300229,15207,0.815543,attack_window,20260508_211709_authorized_keys_W9jmSO,20260508_211655_dirtyfrag_root_authorized_keys_X5ChW3,persistence_auth/authorized_keys,persistence_auth,root_session,setresgid,yes,0,/usr/sbin/sshd,sshd,,/usr/sbin/sshd -D -R,,,,0,0,4294967295,17059,9653,(none),4294967295,privilege_transition,benign,
1778300229,15208,0.815543,attack_window,20260508_211709_authorized_keys_W9jmSO,20260508_211655_dirtyfrag_root_authorized_keys_X5ChW3,persistence_auth/authorized_keys,persistence_auth,root_session,setresgid,yes,0,/usr/sbin/sshd,sshd,,/usr/sbin/sshd -D -R,,,,0,0,4294967295,17059,9653,(none),4294967295,privilege_transition,benign,
1778300229,15209,0.815543,attack_window,20260508_211709_authorized_keys_W9jmSO,20260508_211655_dirtyfrag_root_authorized_keys_X5ChW3,persistence_auth/authorized_keys,persistence_auth,root_session,setresuid,yes,0,/usr/sbin/sshd,sshd,,/usr/sbin/sshd -D -R,,,,0,1001,4294967295,17059,9653,(none),4294967295,privilege_transition,benign,
1778300229,15210,0.815543,attack_window,20260508_211709_authorized_keys_W9jmSO,20260508_211655_dirtyfrag_root_authorized_keys_X5ChW3,persistence_auth/authorized_keys,persistence_auth,root_session,setresuid,yes,0,/usr/sbin/sshd,sshd,,/usr/sbin/sshd -D -R,,,,0,0,4294967295,17059,9653,(none),4294967295,privilege_transition,benign,
1778300229,15211,0.815543,attack_window,20260508_211709_authorized_keys_W9jmSO,20260508_211655_dirtyfrag_root_authorized_keys_X5ChW3,persistence_auth/authorized_keys,persistence_auth,root_session,setresgid,yes,0,/usr/sbin/sshd,sshd,,/usr/sbin/sshd -D -R,,,,0,0,4294967295,17059,9653,(none),4294967295,privilege_transition,benign,
1778300229,15212,0.815543,attack_window,20260508_211709_authorized_keys_W9jmSO,20260508_211655_dirtyfrag_root_authorized_keys_X5ChW3,persistence_auth/authorized_keys,persistence_auth,root_session,,,,,,,,,,,,,,,,,,,ambiguous,
1778300229,15213,0.816543,attack_window,20260508_211709_authorized_keys_W9jmSO,20260508_211655_dirtyfrag_root_authorized_keys_X5ChW3,persistence_auth/authorized_keys,persistence_auth,root_session,unlinkat,yes,0,/usr/bin/rm,rm,,rm -f -- /tmp/.config/aegis_20260508_211709_authorized_keys_W9jmSO/root_session_payload.sh,/root,/tmp/.config/aegis_20260508_211709_authorized_keys_W9jmSO/,/tmp/.config/aegis_20260508_211709_authorized_keys_W9jmSO/|/tmp/.config/aegis_20260508_211709_authorized_keys_W9jmSO/root_session_payload.sh,0,0,1001,17133,16574,pts7,36,tmp_activity,benign,
1778300229,15214,0.844543,attack_window,20260508_211709_authorized_keys_W9jmSO,20260508_211655_dirtyfrag_root_authorized_keys_X5ChW3,persistence_auth/authorized_keys,persistence_auth,root_session,connect,yes,0,/usr/sbin/sshd,sshd,,/usr/sbin/sshd -D -R,/,/run/systemd/userdb/io.systemd.DynamicUser,/run/systemd/userdb/io.systemd.DynamicUser,0,0,4294967295,17059,9653,(none),4294967295,network_connect,benign,
1778300229,15215,0.844543,attack_window,20260508_211709_authorized_keys_W9jmSO,20260508_211655_dirtyfrag_root_authorized_keys_X5ChW3,persistence_auth/authorized_keys,persistence_auth,root_session,,,,,,,,,,,,,,,,,,,ambiguous,
1778300229,15216,0.856543,attack_window,20260508_211709_authorized_keys_W9jmSO,20260508_211655_dirtyfrag_root_authorized_keys_X5ChW3,persistence_auth/authorized_keys,persistence_auth,root_session,,,,,,,,,,,,,,,,,,,ambiguous,
1778300229,15217,0.856543,attack_window,20260508_211709_authorized_keys_W9jmSO,20260508_211655_dirtyfrag_root_authorized_keys_X5ChW3,persistence_auth/authorized_keys,persistence_auth,root_session,connect,yes,0,/usr/sbin/sshd,sshd,,/usr/sbin/sshd -D -R,/,/dev/log,/dev/log,0,0,4294967295,17059,9653,(none),4294967295,network_connect,benign,
1778300229,15218,0.856543,attack_window,20260508_211709_authorized_keys_W9jmSO,20260508_211655_dirtyfrag_root_authorized_keys_X5ChW3,persistence_auth/authorized_keys,persistence_auth,root_session,connect,yes,0,/usr/sbin/sshd,sshd,,/usr/sbin/sshd -D -R,/,/run/systemd/userdb/io.systemd.DynamicUser,/run/systemd/userdb/io.systemd.DynamicUser,0,0,4294967295,17059,9653,(none),4294967295,network_connect,benign,
1778300229,15219,0.856543,attack_window,20260508_211709_authorized_keys_W9jmSO,20260508_211655_dirtyfrag_root_authorized_keys_X5ChW3,persistence_auth/authorized_keys,persistence_auth,root_session,126,yes,0,/usr/sbin/sshd,sshd,,/usr/sbin/sshd -D -R,,,,0,0,4294967295,17059,9653,(none),4294967295,privilege_transition,benign,
1778300229,15220,0.856543,attack_window,20260508_211709_authorized_keys_W9jmSO,20260508_211655_dirtyfrag_root_authorized_keys_X5ChW3,persistence_auth/authorized_keys,persistence_auth,root_session,,,,,,,,,,,,,,,,,,,ambiguous,
1778300229,15221,0.856543,attack_window,20260508_211709_authorized_keys_W9jmSO,20260508_211655_dirtyfrag_root_authorized_keys_X5ChW3,persistence_auth/authorized_keys,persistence_auth,root_session,77,yes,0,/usr/sbin/sshd,sshd,,/usr/sbin/sshd -D -R,,,,0,0,4294967295,17059,9653,(none),4294967295,file_destroy,benign,
1778300229,15222,0.856543,attack_window,20260508_211709_authorized_keys_W9jmSO,20260508_211655_dirtyfrag_root_authorized_keys_X5ChW3,persistence_auth/authorized_keys,persistence_auth,root_session,write,yes,4,/usr/sbin/sshd,sshd,,/usr/sbin/sshd -D -R,,,,0,0,1001,17059,9653,(none),47,(null),benign,
1778300229,15223,0.856543,attack_window,20260508_211709_authorized_keys_W9jmSO,20260508_211655_dirtyfrag_root_authorized_keys_X5ChW3,persistence_auth/authorized_keys,persistence_auth,root_session,114,yes,0,/usr/sbin/sshd,sshd,,/usr/sbin/sshd -D -R,,,,0,0,1001,17059,9653,(none),47,privilege_transition,benign,
1778300229,15224,0.856543,attack_window,20260508_211709_authorized_keys_W9jmSO,20260508_211655_dirtyfrag_root_authorized_keys_X5ChW3,persistence_auth/authorized_keys,persistence_auth,root_session,113,yes,0,/usr/sbin/sshd,sshd,,/usr/sbin/sshd -D -R,,,,1001,0,1001,17059,9653,(none),47,privilege_transition,benign,
1778300229,15225,0.856543,attack_window,20260508_211709_authorized_keys_W9jmSO,20260508_211655_dirtyfrag_root_authorized_keys_X5ChW3,persistence_auth/authorized_keys,persistence_auth,root_session,113,yes,0,/usr/sbin/sshd,sshd,,/usr/sbin/sshd -D -R,,,,0,0,1001,17059,9653,(none),47,privilege_transition,benign,
1778300229,15226,0.856543,attack_window,20260508_211709_authorized_keys_W9jmSO,20260508_211655_dirtyfrag_root_authorized_keys_X5ChW3,persistence_auth/authorized_keys,persistence_auth,root_session,114,yes,0,/usr/sbin/sshd,sshd,,/usr/sbin/sshd -D -R,,,,0,0,1001,17059,9653,(none),47,privilege_transition,benign,
1778300229,15227,0.856543,attack_window,20260508_211709_authorized_keys_W9jmSO,20260508_211655_dirtyfrag_root_authorized_keys_X5ChW3,persistence_auth/authorized_keys,persistence_auth,root_session,connect,yes,0,/usr/sbin/sshd,sshd,,/usr/sbin/sshd -D -R,/,/dev/log,/dev/log,0,0,1001,17059,9653,(none),47,network_connect,benign,
1778300229,15228,0.856543,attack_window,20260508_211709_authorized_keys_W9jmSO,20260508_211655_dirtyfrag_root_authorized_keys_X5ChW3,persistence_auth/authorized_keys,persistence_auth,root_session,connect,no,-2,/usr/sbin/sshd,sshd,,/usr/sbin/sshd -D -R,/,/run/systemd/userdb/io.systemd.Multiplexer,/run/systemd/userdb/io.systemd.Multiplexer,0,0,1001,17059,9653,(none),47,network_connect,benign,
1778300229,15229,0.856543,attack_window,20260508_211709_authorized_keys_W9jmSO,20260508_211655_dirtyfrag_root_authorized_keys_X5ChW3,persistence_auth/authorized_keys,persistence_auth,root_session,connect,yes,0,/usr/sbin/sshd,sshd,,/usr/sbin/sshd -D -R,/,/run/systemd/userdb/io.systemd.DynamicUser,/run/systemd/userdb/io.systemd.DynamicUser,0,0,1001,17059,9653,(none),47,network_connect,benign,
1778300229,15230,0.858543,attack_window,20260508_211709_authorized_keys_W9jmSO,20260508_211655_dirtyfrag_root_authorized_keys_X5ChW3,persistence_auth/authorized_keys,persistence_auth,root_session,connect,yes,0,/usr/sbin/sshd,sshd,,/usr/sbin/sshd -D -R,/,/run/dbus/system_bus_socket,/run/dbus/system_bus_socket,0,0,1001,17059,9653,(none),47,network_connect,benign,
1778300229,15231,0.867543,attack_window,20260508_211709_authorized_keys_W9jmSO,20260508_211655_dirtyfrag_root_authorized_keys_X5ChW3,persistence_auth/authorized_keys,persistence_auth,root_session,execve,yes,0,/usr/bin/dash,sh,sh -c -- /usr/bin/env -i PATH=/usr/local/sbin:/usr/local/bin:/usr/sbin:/usr/bin:/sbin:/bin run-parts --lsbsysinit /etc/update-motd.d > /run/motd.dynamic.new,sh -c -- /usr/bin/env -i PATH=/usr/local/sbin:/usr/local/bin:/usr/sbin:/usr/bin:/sbin:/bin run-parts --lsbsysinit /etc/update-mo,/,/bin/sh,/bin/sh|/lib64/ld-linux-x86-64.so.2,0,0,1001,17134,17059,(none),47,exec,benign,
1778300229,15232,0.868543,attack_window,20260508_211709_authorized_keys_W9jmSO,20260508_211655_dirtyfrag_root_authorized_keys_X5ChW3,persistence_auth/authorized_keys,persistence_auth,root_session,execve,yes,0,/usr/bin/env,env,/usr/bin/env -i PATH=/usr/local/sbin:/usr/local/bin:/usr/sbin:/usr/bin:/sbin:/bin run-parts --lsbsysinit /etc/update-motd.d,/usr/bin/env -i PATH=/usr/local/sbin:/usr/local/bin:/usr/sbin:/usr/bin:/sbin:/bin run-parts --lsbsysinit /etc/update-motd.d,/,/usr/bin/env,/usr/bin/env|/lib64/ld-linux-x86-64.so.2,0,0,1001,17135,17134,(none),47,exec,benign,
1778300229,15233,0.869543,attack_window,20260508_211709_authorized_keys_W9jmSO,20260508_211655_dirtyfrag_root_authorized_keys_X5ChW3,persistence_auth/authorized_keys,persistence_auth,root_session,execve,no,-2,/usr/bin/env,env,,/usr/bin/env -i PATH=/usr/local/sbin:/usr/local/bin:/usr/sbin:/usr/bin:/sbin:/bin run-parts --lsbsysinit /etc/update-motd.d,/,/usr/local/sbin/run-parts,/usr/local/sbin/run-parts,0,0,1001,17135,17134,(none),47,exec,benign,
1778300229,15234,0.869543,attack_window,20260508_211709_authorized_keys_W9jmSO,20260508_211655_dirtyfrag_root_authorized_keys_X5ChW3,persistence_auth/authorized_keys,persistence_auth,root_session,execve,no,-2,/usr/bin/env,env,,/usr/bin/env -i PATH=/usr/local/sbin:/usr/local/bin:/usr/sbin:/usr/bin:/sbin:/bin run-parts --lsbsysinit /etc/update-motd.d,/,/usr/local/bin/run-parts,/usr/local/bin/run-parts,0,0,1001,17135,17134,(none),47,exec,benign,
1778300229,15235,0.869543,attack_window,20260508_211709_authorized_keys_W9jmSO,20260508_211655_dirtyfrag_root_authorized_keys_X5ChW3,persistence_auth/authorized_keys,persistence_auth,root_session,execve,no,-2,/usr/bin/env,env,,/usr/bin/env -i PATH=/usr/local/sbin:/usr/local/bin:/usr/sbin:/usr/bin:/sbin:/bin run-parts --lsbsysinit /etc/update-motd.d,/,/usr/sbin/run-parts,/usr/sbin/run-parts,0,0,1001,17135,17134,(none),47,exec,benign,
1778300229,15236,0.869543,attack_window,20260508_211709_authorized_keys_W9jmSO,20260508_211655_dirtyfrag_root_authorized_keys_X5ChW3,persistence_auth/authorized_keys,persistence_auth,root_session,execve,yes,0,/usr/bin/run-parts,run-parts,run-parts --lsbsysinit /etc/update-motd.d,/usr/bin/env -i PATH=/usr/local/sbin:/usr/local/bin:/usr/sbin:/usr/bin:/sbin:/bin run-parts --lsbsysinit /etc/update-motd.d,/,/usr/bin/run-parts,/usr/bin/run-parts|/lib64/ld-linux-x86-64.so.2,0,0,1001,17135,17134,(none),47,exec,benign,
1778300229,15237,0.871543,attack_window,20260508_211709_authorized_keys_W9jmSO,20260508_211655_dirtyfrag_root_authorized_keys_X5ChW3,persistence_auth/authorized_keys,persistence_auth,root_session,execve,yes,0,/usr/bin/dash,00-header,/bin/sh /etc/update-motd.d/00-header,/bin/sh /etc/update-motd.d/00-header,/,/etc/update-motd.d/00-header,/etc/update-motd.d/00-header|/bin/sh|/lib64/ld-linux-x86-64.so.2,0,0,1001,17136,17135,(none),47,exec,benign,
1778300229,15238,0.872543,attack_window,20260508_211709_authorized_keys_W9jmSO,20260508_211655_dirtyfrag_root_authorized_keys_X5ChW3,persistence_auth/authorized_keys,persistence_auth,root_session,execve,yes,0,/usr/bin/uname,uname,uname -o,uname -o,/,/usr/bin/uname,/usr/bin/uname|/lib64/ld-linux-x86-64.so.2,0,0,1001,17137,17136,(none),47,exec,benign,
1778300229,15239,0.873543,attack_window,20260508_211709_authorized_keys_W9jmSO,20260508_211655_dirtyfrag_root_authorized_keys_X5ChW3,persistence_auth/authorized_keys,persistence_auth,root_session,execve,yes,0,/usr/bin/uname,uname,uname -r,uname -r,/,/usr/bin/uname,/usr/bin/uname|/lib64/ld-linux-x86-64.so.2,0,0,1001,17138,17136,(none),47,exec,benign,
1778300229,15240,0.874543,attack_window,20260508_211709_authorized_keys_W9jmSO,20260508_211655_dirtyfrag_root_authorized_keys_X5ChW3,persistence_auth/authorized_keys,persistence_auth,root_session,execve,yes,0,/usr/bin/uname,uname,uname -m,uname -m,/,/usr/bin/uname,/usr/bin/uname|/lib64/ld-linux-x86-64.so.2,0,0,1001,17139,17136,(none),47,exec,benign,
1778300229,15241,0.876543,attack_window,20260508_211709_authorized_keys_W9jmSO,20260508_211655_dirtyfrag_root_authorized_keys_X5ChW3,persistence_auth/authorized_keys,persistence_auth,root_session,execve,yes,0,/usr/bin/dash,10-help-text,/bin/sh /etc/update-motd.d/10-help-text,/bin/sh /etc/update-motd.d/10-help-text,/,/etc/update-motd.d/10-help-text,/etc/update-motd.d/10-help-text|/bin/sh|/lib64/ld-linux-x86-64.so.2,0,0,1001,17140,17135,(none),47,exec,benign,
1778300229,15242,0.877543,attack_window,20260508_211709_authorized_keys_W9jmSO,20260508_211655_dirtyfrag_root_authorized_keys_X5ChW3,persistence_auth/authorized_keys,persistence_auth,root_session,execve,yes,0,/usr/bin/dash,50-landscape-sy,/bin/sh /etc/update-motd.d/50-landscape-sysinfo,/bin/sh /etc/update-motd.d/50-landscape-sysinfo,/,/etc/update-motd.d/50-landscape-sysinfo,/etc/update-motd.d/50-landscape-sysinfo|/bin/sh|/lib64/ld-linux-x86-64.so.2,0,0,1001,17141,17135,(none),47,exec,benign,
1778300229,15243,0.878543,attack_window,20260508_211709_authorized_keys_W9jmSO,20260508_211655_dirtyfrag_root_authorized_keys_X5ChW3,persistence_auth/authorized_keys,persistence_auth,root_session,execve,yes,0,/usr/bin/find,find,find /var/lib/landscape/landscape-sysinfo.cache -newermt now-1 minutes,find /var/lib/landscape/landscape-sysinfo.cache -newermt now-1 minutes,/,/usr/bin/find,/usr/bin/find|/lib64/ld-linux-x86-64.so.2,0,0,1001,17142,17141,(none),47,exec,benign,
1778300229,15244,0.879543,attack_window,20260508_211709_authorized_keys_W9jmSO,20260508_211655_dirtyfrag_root_authorized_keys_X5ChW3,persistence_auth/authorized_keys,persistence_auth,root_session,execve,yes,0,/usr/bin/cat,cat,cat /var/lib/landscape/landscape-sysinfo.cache,cat /var/lib/landscape/landscape-sysinfo.cache,/,/usr/bin/cat,/usr/bin/cat|/lib64/ld-linux-x86-64.so.2,0,0,1001,17143,17141,(none),47,exec,benign,
1778300229,15245,0.881543,attack_window,20260508_211709_authorized_keys_W9jmSO,20260508_211655_dirtyfrag_root_authorized_keys_X5ChW3,persistence_auth/authorized_keys,persistence_auth,root_session,execve,yes,0,/usr/bin/dash,50-motd-news,/bin/sh /etc/update-motd.d/50-motd-news,/bin/sh /etc/update-motd.d/50-motd-news,/,/etc/update-motd.d/50-motd-news,/etc/update-motd.d/50-motd-news|/bin/sh|/lib64/ld-linux-x86-64.so.2,0,0,1001,17144,17135,(none),47,exec,benign,
1778300229,15247,0.881543,attack_window,20260508_211709_authorized_keys_W9jmSO,20260508_211655_dirtyfrag_root_authorized_keys_X5ChW3,persistence_auth/authorized_keys,persistence_auth,root_session,execve,yes,0,/usr/bin/cat,cat,cat /var/cache/motd-news,cat /var/cache/motd-news,/,/usr/bin/cat,/usr/bin/cat|/lib64/ld-linux-x86-64.so.2,0,0,1001,17145,17144,(none),47,exec,benign,
1778300229,15246,0.882543,attack_window,20260508_211709_authorized_keys_W9jmSO,20260508_211655_dirtyfrag_root_authorized_keys_X5ChW3,persistence_auth/authorized_keys,persistence_auth,root_session,execve,yes,0,/usr/bin/tr,tr,tr -d \000-\011\013\014\016-\037,tr -d \000-\011\013\014\016-\037,/,/usr/bin/tr,/usr/bin/tr|/lib64/ld-linux-x86-64.so.2,0,0,1001,17147,17144,(none),47,exec,benign,
1778300229,15248,0.882543,attack_window,20260508_211709_authorized_keys_W9jmSO,20260508_211655_dirtyfrag_root_authorized_keys_X5ChW3,persistence_auth/authorized_keys,persistence_auth,root_session,execve,yes,0,/usr/bin/head,head,head -n 10,head -n 10,/,/usr/bin/head,/usr/bin/head|/lib64/ld-linux-x86-64.so.2,0,0,1001,17146,17144,(none),47,exec,benign,
1778300229,15249,0.883543,attack_window,20260508_211709_authorized_keys_W9jmSO,20260508_211655_dirtyfrag_root_authorized_keys_X5ChW3,persistence_auth/authorized_keys,persistence_auth,root_session,execve,yes,0,/usr/bin/cut,cut,cut -c -80,cut -c -80,/,/usr/bin/cut,/usr/bin/cut|/lib64/ld-linux-x86-64.so.2,0,0,1001,17148,17144,(none),47,exec,benign,
1778300229,15250,0.884543,attack_window,20260508_211709_authorized_keys_W9jmSO,20260508_211655_dirtyfrag_root_authorized_keys_X5ChW3,persistence_auth/authorized_keys,persistence_auth,root_session,execve,yes,0,/usr/bin/dash,85-fwupd,/bin/sh /etc/update-motd.d/85-fwupd,/bin/sh /etc/update-motd.d/85-fwupd,/,/etc/update-motd.d/85-fwupd,/etc/update-motd.d/85-fwupd|/bin/sh|/lib64/ld-linux-x86-64.so.2,0,0,1001,17149,17135,(none),47,exec,benign,
1778300229,15251,0.885543,attack_window,20260508_211709_authorized_keys_W9jmSO,20260508_211655_dirtyfrag_root_authorized_keys_X5ChW3,persistence_auth/authorized_keys,persistence_auth,root_session,execve,yes,0,/usr/bin/cat,cat,cat /run/motd.d/85-fwupd,cat /run/motd.d/85-fwupd,/,/usr/bin/cat,/usr/bin/cat|/lib64/ld-linux-x86-64.so.2,0,0,1001,17150,17149,(none),47,exec,benign,
1778300229,15252,0.887543,attack_window,20260508_211709_authorized_keys_W9jmSO,20260508_211655_dirtyfrag_root_authorized_keys_X5ChW3,persistence_auth/authorized_keys,persistence_auth,root_session,execve,yes,0,/usr/bin/dash,90-updates-avai,/bin/sh /etc/update-motd.d/90-updates-available,/bin/sh /etc/update-motd.d/90-updates-available,/,/etc/update-motd.d/90-updates-available,/etc/update-motd.d/90-updates-available|/bin/sh|/lib64/ld-linux-x86-64.so.2,0,0,1001,17151,17135,(none),47,exec,benign,
1778300229,15253,0.888543,attack_window,20260508_211709_authorized_keys_W9jmSO,20260508_211655_dirtyfrag_root_authorized_keys_X5ChW3,persistence_auth/authorized_keys,persistence_auth,root_session,execve,yes,0,/usr/bin/cat,cat,cat /var/lib/update-notifier/updates-available,cat /var/lib/update-notifier/updates-available,/,/usr/bin/cat,/usr/bin/cat|/lib64/ld-linux-x86-64.so.2,0,0,1001,17152,17151,(none),47,exec,benign,
1778300229,15254,0.889543,attack_window,20260508_211709_authorized_keys_W9jmSO,20260508_211655_dirtyfrag_root_authorized_keys_X5ChW3,persistence_auth/authorized_keys,persistence_auth,root_session,execve,yes,0,/usr/bin/grep,grep,grep -q -m 1 .,grep -q -m 1 .,/,/usr/bin/grep,/usr/bin/grep|/lib64/ld-linux-x86-64.so.2,0,0,1001,17154,17151,(none),47,exec,benign,
1778300229,15255,0.889543,attack_window,20260508_211709_authorized_keys_W9jmSO,20260508_211655_dirtyfrag_root_authorized_keys_X5ChW3,persistence_auth/authorized_keys,persistence_auth,root_session,execve,yes,0,/usr/bin/find,find,find /var/lib/update-notifier/updates-available -newermt now-7 days,find /var/lib/update-notifier/updates-available -newermt now-7 days,/,/usr/bin/find,/usr/bin/find|/lib64/ld-linux-x86-64.so.2,0,0,1001,17153,17151,(none),47,exec,benign,
1778300229,15256,0.890543,attack_window,20260508_211709_authorized_keys_W9jmSO,20260508_211655_dirtyfrag_root_authorized_keys_X5ChW3,persistence_auth/authorized_keys,persistence_auth,root_session,execve,yes,0,/usr/bin/dash,91-contract-ua-,/bin/sh /etc/update-motd.d/91-contract-ua-esm-status,/bin/sh /etc/update-motd.d/91-contract-ua-esm-status,/,/etc/update-motd.d/91-contract-ua-esm-status,/etc/update-motd.d/91-contract-ua-esm-status|/bin/sh|/lib64/ld-linux-x86-64.so.2,0,0,1001,17155,17135,(none),47,exec,benign,
1778300229,15257,0.891543,attack_window,20260508_211709_authorized_keys_W9jmSO,20260508_211655_dirtyfrag_root_authorized_keys_X5ChW3,persistence_auth/authorized_keys,persistence_auth,root_session,execve,yes,0,/usr/bin/dash,91-release-upgr,/bin/sh /etc/update-motd.d/91-release-upgrade,/bin/sh /etc/update-motd.d/91-release-upgrade,/,/etc/update-motd.d/91-release-upgrade,/etc/update-motd.d/91-release-upgrade|/bin/sh|/lib64/ld-linux-x86-64.so.2,0,0,1001,17156,17135,(none),47,exec,benign,
1778300229,15258,0.893543,attack_window,20260508_211709_authorized_keys_W9jmSO,20260508_211655_dirtyfrag_root_authorized_keys_X5ChW3,persistence_auth/authorized_keys,persistence_auth,root_session,execve,yes,0,/usr/bin/cut,cut,cut -d -f4,cut -d -f4,/,/usr/bin/cut,/usr/bin/cut|/lib64/ld-linux-x86-64.so.2,0,0,1001,17159,17157,(none),47,exec,benign,
1778300229,15259,0.894543,attack_window,20260508_211709_authorized_keys_W9jmSO,20260508_211655_dirtyfrag_root_authorized_keys_X5ChW3,persistence_auth/authorized_keys,persistence_auth,root_session,execve,yes,0,/usr/bin/id,id,id -u,id -u,/,/usr/bin/id,/usr/bin/id|/lib64/ld-linux-x86-64.so.2,0,0,1001,17160,17156,(none),47,exec,benign,
1778300229,15260,0.895543,attack_window,20260508_211709_authorized_keys_W9jmSO,20260508_211655_dirtyfrag_root_authorized_keys_X5ChW3,persistence_auth/authorized_keys,persistence_auth,root_session,execve,yes,0,/usr/bin/dash,release-upgrade,/bin/sh -e /usr/lib/ubuntu-release-upgrader/release-upgrade-motd,/bin/sh /etc/update-motd.d/91-release-upgrade,/,/usr/lib/ubuntu-release-upgrader/release-upgrade-motd,/usr/lib/ubuntu-release-upgrader/release-upgrade-motd|/bin/sh|/lib64/ld-linux-x86-64.so.2,0,0,1001,17156,17135,(none),47,exec,benign,
1778300229,15261,0.896543,attack_window,20260508_211709_authorized_keys_W9jmSO,20260508_211655_dirtyfrag_root_authorized_keys_X5ChW3,persistence_auth/authorized_keys,persistence_auth,root_session,execve,yes,0,/usr/bin/date,date,date +%s,date +%s,/,/usr/bin/date,/usr/bin/date|/lib64/ld-linux-x86-64.so.2,0,0,1001,17161,17156,(none),47,exec,benign,
1778300229,15262,0.898543,attack_window,20260508_211709_authorized_keys_W9jmSO,20260508_211655_dirtyfrag_root_authorized_keys_X5ChW3,persistence_auth/authorized_keys,persistence_auth,root_session,execve,yes,0,/usr/bin/stat,stat,stat -c %Y /var/lib/ubuntu-release-upgrader/release-upgrade-available,stat -c %Y /var/lib/ubuntu-release-upgrader/release-upgrade-available,/,/usr/bin/stat,/usr/bin/stat|/lib64/ld-linux-x86-64.so.2,0,0,1001,17162,17156,(none),47,exec,benign,
1778300229,15263,0.899543,attack_window,20260508_211709_authorized_keys_W9jmSO,20260508_211655_dirtyfrag_root_authorized_keys_X5ChW3,persistence_auth/authorized_keys,persistence_auth,root_session,execve,yes,0,/usr/bin/expr,expr,expr 1778282941 + 86400,expr 1778282941 + 86400,/,/usr/bin/expr,/usr/bin/expr|/lib64/ld-linux-x86-64.so.2,0,0,1001,17163,17156,(none),47,exec,benign,
1778300229,15264,0.900543,attack_window,20260508_211709_authorized_keys_W9jmSO,20260508_211655_dirtyfrag_root_authorized_keys_X5ChW3,persistence_auth/authorized_keys,persistence_auth,root_session,execve,yes,0,/usr/bin/dash,92-unattended-u,/bin/sh /etc/update-motd.d/92-unattended-upgrades,/bin/sh /etc/update-motd.d/92-unattended-upgrades,/,/etc/update-motd.d/92-unattended-upgrades,/etc/update-motd.d/92-unattended-upgrades|/bin/sh|/lib64/ld-linux-x86-64.so.2,0,0,1001,17164,17135,(none),47,exec,benign,
1778300229,15265,0.901543,attack_window,20260508_211709_authorized_keys_W9jmSO,20260508_211655_dirtyfrag_root_authorized_keys_X5ChW3,persistence_auth/authorized_keys,persistence_auth,root_session,execve,yes,0,/usr/bin/dash,update-motd-una,/bin/sh /usr/share/unattended-upgrades/update-motd-unattended-upgrades,/bin/sh /etc/update-motd.d/92-unattended-upgrades,/,/usr/share/unattended-upgrades/update-motd-unattended-upgrades,/usr/share/unattended-upgrades/update-motd-unattended-upgrades|/bin/sh|/lib64/ld-linux-x86-64.so.2,0,0,1001,17164,17135,(none),47,exec,benign,
1778300229,15266,0.903543,attack_window,20260508_211709_authorized_keys_W9jmSO,20260508_211655_dirtyfrag_root_authorized_keys_X5ChW3,persistence_auth/authorized_keys,persistence_auth,root_session,execve,yes,0,/usr/bin/dash,95-hwe-eol,/bin/sh /etc/update-motd.d/95-hwe-eol,/bin/sh /etc/update-motd.d/95-hwe-eol,/,/etc/update-motd.d/95-hwe-eol,/etc/update-motd.d/95-hwe-eol|/bin/sh|/lib64/ld-linux-x86-64.so.2,0,0,1001,17165,17135,(none),47,exec,benign,
1778300229,15267,0.904543,attack_window,20260508_211709_authorized_keys_W9jmSO,20260508_211655_dirtyfrag_root_authorized_keys_X5ChW3,persistence_auth/authorized_keys,persistence_auth,root_session,execve,yes,0,/usr/bin/find,find,find /var/lib/update-notifier/hwe-eol -newermt now-1 days,find /var/lib/update-notifier/hwe-eol -newermt now-1 days,/,/usr/bin/find,/usr/bin/find|/lib64/ld-linux-x86-64.so.2,0,0,1001,17166,17165,(none),47,exec,benign,
1778300229,15268,0.905543,attack_window,20260508_211709_authorized_keys_W9jmSO,20260508_211655_dirtyfrag_root_authorized_keys_X5ChW3,persistence_auth/authorized_keys,persistence_auth,root_session,execve,yes,0,/usr/bin/dash,97-overlayroot,/bin/sh /etc/update-motd.d/97-overlayroot,/bin/sh /etc/update-motd.d/97-overlayroot,/,/etc/update-motd.d/97-overlayroot,/etc/update-motd.d/97-overlayroot|/bin/sh|/lib64/ld-linux-x86-64.so.2,0,0,1001,17167,17135,(none),47,exec,benign,
1778300229,15269,0.906543,attack_window,20260508_211709_authorized_keys_W9jmSO,20260508_211655_dirtyfrag_root_authorized_keys_X5ChW3,persistence_auth/authorized_keys,persistence_auth,root_session,execve,yes,0,/usr/bin/dash,egrep,/bin/sh /usr/bin/egrep overlayroot|/media/root-ro|/media/root-rw /proc/mounts,/bin/sh /usr/bin/egrep overlayroot|/media/root-ro|/media/root-rw /proc/mounts,/,/usr/bin/egrep,/usr/bin/egrep|/bin/sh|/lib64/ld-linux-x86-64.so.2,0,0,1001,17169,17168,(none),47,exec,benign,
1778300229,15270,0.906543,attack_window,20260508_211709_authorized_keys_W9jmSO,20260508_211655_dirtyfrag_root_authorized_keys_X5ChW3,persistence_auth/authorized_keys,persistence_auth,root_session,execve,yes,0,/usr/bin/sort,sort,sort -r,sort -r,/,/usr/bin/sort,/usr/bin/sort|/lib64/ld-linux-x86-64.so.2,0,0,1001,17170,17168,(none),47,exec,benign,
1778300229,15271,0.907543,attack_window,20260508_211709_authorized_keys_W9jmSO,20260508_211655_dirtyfrag_root_authorized_keys_X5ChW3,persistence_auth/authorized_keys,persistence_auth,root_session,execve,no,-2,/usr/bin/dash,egrep,,/bin/sh /usr/bin/egrep overlayroot|/media/root-ro|/media/root-rw /proc/mounts,/,/usr/local/sbin/grep,/usr/local/sbin/grep,0,0,1001,17169,17168,(none),47,exec,benign,
1778300229,15272,0.907543,attack_window,20260508_211709_authorized_keys_W9jmSO,20260508_211655_dirtyfrag_root_authorized_keys_X5ChW3,persistence_auth/authorized_keys,persistence_auth,root_session,execve,no,-2,/usr/bin/dash,egrep,,/bin/sh /usr/bin/egrep overlayroot|/media/root-ro|/media/root-rw /proc/mounts,/,/usr/local/bin/grep,/usr/local/bin/grep,0,0,1001,17169,17168,(none),47,exec,benign,
1778300229,15273,0.907543,attack_window,20260508_211709_authorized_keys_W9jmSO,20260508_211655_dirtyfrag_root_authorized_keys_X5ChW3,persistence_auth/authorized_keys,persistence_auth,root_session,execve,no,-2,/usr/bin/dash,egrep,,/bin/sh /usr/bin/egrep overlayroot|/media/root-ro|/media/root-rw /proc/mounts,/,/usr/sbin/grep,/usr/sbin/grep,0,0,1001,17169,17168,(none),47,exec,benign,
1778300229,15274,0.907543,attack_window,20260508_211709_authorized_keys_W9jmSO,20260508_211655_dirtyfrag_root_authorized_keys_X5ChW3,persistence_auth/authorized_keys,persistence_auth,root_session,execve,yes,0,/usr/bin/grep,grep,grep -E overlayroot|/media/root-ro|/media/root-rw /proc/mounts,/bin/sh /usr/bin/egrep overlayroot|/media/root-ro|/media/root-rw /proc/mounts,/,/usr/bin/grep,/usr/bin/grep|/lib64/ld-linux-x86-64.so.2,0,0,1001,17169,17168,(none),47,exec,benign,
1778300229,15275,0.908543,attack_window,20260508_211709_authorized_keys_W9jmSO,20260508_211655_dirtyfrag_root_authorized_keys_X5ChW3,persistence_auth/authorized_keys,persistence_auth,root_session,execve,yes,0,/usr/bin/dash,98-fsck-at-rebo,/bin/sh /etc/update-motd.d/98-fsck-at-reboot,/bin/sh /etc/update-motd.d/98-fsck-at-reboot,/,/etc/update-motd.d/98-fsck-at-reboot,/etc/update-motd.d/98-fsck-at-reboot|/bin/sh|/lib64/ld-linux-x86-64.so.2,0,0,1001,17171,17135,(none),47,exec,benign,
1778300229,15276,0.909543,attack_window,20260508_211709_authorized_keys_W9jmSO,20260508_211655_dirtyfrag_root_authorized_keys_X5ChW3,persistence_auth/authorized_keys,persistence_auth,root_session,execve,yes,0,/usr/bin/dash,update-motd-fsc,/bin/sh /usr/lib/update-notifier/update-motd-fsck-at-reboot,/bin/sh /etc/update-motd.d/98-fsck-at-reboot,/,/usr/lib/update-notifier/update-motd-fsck-at-reboot,/usr/lib/update-notifier/update-motd-fsck-at-reboot|/bin/sh|/lib64/ld-linux-x86-64.so.2,0,0,1001,17171,17135,(none),47,exec,benign,
1778300229,15277,0.910543,attack_window,20260508_211709_authorized_keys_W9jmSO,20260508_211655_dirtyfrag_root_authorized_keys_X5ChW3,persistence_auth/authorized_keys,persistence_auth,root_session,execve,yes,0,/usr/bin/id,id,id -u,id -u,/,/usr/bin/id,/usr/bin/id|/lib64/ld-linux-x86-64.so.2,0,0,1001,17172,17171,(none),47,exec,benign,
1778300229,15278,0.912543,attack_window,20260508_211709_authorized_keys_W9jmSO,20260508_211655_dirtyfrag_root_authorized_keys_X5ChW3,persistence_auth/authorized_keys,persistence_auth,root_session,execve,yes,0,/usr/bin/stat,stat,stat -c %Y /var/lib/update-notifier/fsck-at-reboot,stat -c %Y /var/lib/update-notifier/fsck-at-reboot,/,/usr/bin/stat,/usr/bin/stat|/lib64/ld-linux-x86-64.so.2,0,0,1001,17173,17171,(none),47,exec,benign,
1778300229,15279,0.913543,attack_window,20260508_211709_authorized_keys_W9jmSO,20260508_211655_dirtyfrag_root_authorized_keys_X5ChW3,persistence_auth/authorized_keys,persistence_auth,root_session,execve,yes,0,/usr/bin/gawk,awk,awk {print $1} /proc/uptime,awk {print $1} /proc/uptime,/,/usr/bin/awk,/usr/bin/awk|/lib64/ld-linux-x86-64.so.2,0,0,1001,17175,17174,(none),47,exec,benign,
1778300229,15280,0.915543,attack_window,20260508_211709_authorized_keys_W9jmSO,20260508_211655_dirtyfrag_root_authorized_keys_X5ChW3,persistence_auth/authorized_keys,persistence_auth,root_session,execve,yes,0,/usr/bin/date,date,date -d now - 2475.47 seconds +%s,date -d now - 2475.47 seconds +%s,/,/usr/bin/date,/usr/bin/date|/lib64/ld-linux-x86-64.so.2,0,0,1001,17174,17171,(none),47,exec,benign,
1778300229,15281,0.916543,attack_window,20260508_211709_authorized_keys_W9jmSO,20260508_211655_dirtyfrag_root_authorized_keys_X5ChW3,persistence_auth/authorized_keys,persistence_auth,root_session,execve,yes,0,/usr/bin/date,date,date +%s,date +%s,/,/usr/bin/date,/usr/bin/date|/lib64/ld-linux-x86-64.so.2,0,0,1001,17176,17171,(none),47,exec,benign,
1778300229,15282,0.918543,attack_window,20260508_211709_authorized_keys_W9jmSO,20260508_211655_dirtyfrag_root_authorized_keys_X5ChW3,persistence_auth/authorized_keys,persistence_auth,root_session,execve,yes,0,/usr/bin/cat,cat,cat /var/lib/update-notifier/fsck-at-reboot,cat /var/lib/update-notifier/fsck-at-reboot,/,/usr/bin/cat,/usr/bin/cat|/lib64/ld-linux-x86-64.so.2,0,0,1001,17177,17171,(none),47,exec,benign,
1778300229,15283,0.919543,attack_window,20260508_211709_authorized_keys_W9jmSO,20260508_211655_dirtyfrag_root_authorized_keys_X5ChW3,persistence_auth/authorized_keys,persistence_auth,root_session,execve,yes,0,/usr/bin/dash,98-reboot-requi,/bin/sh /etc/update-motd.d/98-reboot-required,/bin/sh /etc/update-motd.d/98-reboot-required,/,/etc/update-motd.d/98-reboot-required,/etc/update-motd.d/98-reboot-required|/bin/sh|/lib64/ld-linux-x86-64.so.2,0,0,1001,17178,17135,(none),47,exec,benign,
1778300229,15284,0.920543,attack_window,20260508_211709_authorized_keys_W9jmSO,20260508_211655_dirtyfrag_root_authorized_keys_X5ChW3,persistence_auth/authorized_keys,persistence_auth,root_session,execve,yes,0,/usr/bin/dash,update-motd-reb,/bin/sh -e /usr/lib/update-notifier/update-motd-reboot-required,/bin/sh /etc/update-motd.d/98-reboot-required,/,/usr/lib/update-notifier/update-motd-reboot-required,/usr/lib/update-notifier/update-motd-reboot-required|/bin/sh|/lib64/ld-linux-x86-64.so.2,0,0,1001,17178,17135,(none),47,exec,benign,
1778300229,15285,0.921543,attack_window,20260508_211709_authorized_keys_W9jmSO,20260508_211655_dirtyfrag_root_authorized_keys_X5ChW3,persistence_auth/authorized_keys,persistence_auth,root_session,rename,yes,0,/usr/sbin/sshd,sshd,,/usr/sbin/sshd -D -R,/,/run/,/run/|/run/motd.dynamic.new|/run/motd.dynamic,0,0,1001,17059,9653,(none),47,file_destroy,benign,
1778300229,15286,0.921543,attack_window,20260508_211709_authorized_keys_W9jmSO,20260508_211655_dirtyfrag_root_authorized_keys_X5ChW3,persistence_auth/authorized_keys,persistence_auth,root_session,connect,yes,0,/usr/sbin/sshd,sshd,,/usr/sbin/sshd -D -R,/,/run/systemd/userdb/io.systemd.DynamicUser,/run/systemd/userdb/io.systemd.DynamicUser,0,0,1001,17059,9653,(none),47,network_connect,benign,
1778300229,15287,0.922543,attack_window,20260508_211709_authorized_keys_W9jmSO,20260508_211655_dirtyfrag_root_authorized_keys_X5ChW3,persistence_auth/authorized_keys,persistence_auth,root_session,connect,yes,0,/usr/sbin/sshd,sshd,,/usr/sbin/sshd -D -R,/,/run/systemd/userdb/io.systemd.DynamicUser,/run/systemd/userdb/io.systemd.DynamicUser,0,0,1001,17059,9653,(none),47,network_connect,benign,
1778300229,15288,0.922543,attack_window,20260508_211709_authorized_keys_W9jmSO,20260508_211655_dirtyfrag_root_authorized_keys_X5ChW3,persistence_auth/authorized_keys,persistence_auth,root_session,connect,yes,0,/usr/sbin/sshd,sshd,,/usr/sbin/sshd -D -R,/,/run/systemd/userdb/io.systemd.DynamicUser,/run/systemd/userdb/io.systemd.DynamicUser,0,0,1001,17059,9653,(none),47,network_connect,benign,
1778300229,15289,0.922543,attack_window,20260508_211709_authorized_keys_W9jmSO,20260508_211655_dirtyfrag_root_authorized_keys_X5ChW3,persistence_auth/authorized_keys,persistence_auth,root_session,connect,yes,0,/usr/sbin/sshd,sshd,,/usr/sbin/sshd -D -R,/,/run/systemd/userdb/io.systemd.DynamicUser,/run/systemd/userdb/io.systemd.DynamicUser,0,0,1001,17059,9653,(none),47,network_connect,benign,
1778300229,15290,0.923543,attack_window,20260508_211709_authorized_keys_W9jmSO,20260508_211655_dirtyfrag_root_authorized_keys_X5ChW3,persistence_auth/authorized_keys,persistence_auth,root_session,connect,yes,0,/usr/sbin/sshd,sshd,,/usr/sbin/sshd -D -R,/,/run/systemd/userdb/io.systemd.DynamicUser,/run/systemd/userdb/io.systemd.DynamicUser,0,0,1001,17059,9653,(none),47,network_connect,benign,
1778300229,15291,0.923543,attack_window,20260508_211709_authorized_keys_W9jmSO,20260508_211655_dirtyfrag_root_authorized_keys_X5ChW3,persistence_auth/authorized_keys,persistence_auth,root_session,,,,,,,,,,,,,,,,,,,ambiguous,
1778300229,15292,0.924543,attack_window,20260508_211709_authorized_keys_W9jmSO,20260508_211655_dirtyfrag_root_authorized_keys_X5ChW3,persistence_auth/authorized_keys,persistence_auth,root_session,setgid,yes,0,/usr/sbin/sshd,sshd,,sshd: deploy-rkejw [priv],,,,0,0,1001,17179,17059,(none),47,privilege_transition,benign,
1778300229,15293,0.924543,attack_window,20260508_211709_authorized_keys_W9jmSO,20260508_211655_dirtyfrag_root_authorized_keys_X5ChW3,persistence_auth/authorized_keys,persistence_auth,root_session,connect,yes,0,/usr/sbin/sshd,sshd,,sshd: deploy-rkejw [priv],/,/run/systemd/userdb/io.systemd.DynamicUser,/run/systemd/userdb/io.systemd.DynamicUser,0,0,1001,17179,17059,(none),47,network_connect,benign,
1778300229,15294,0.924543,attack_window,20260508_211709_authorized_keys_W9jmSO,20260508_211655_dirtyfrag_root_authorized_keys_X5ChW3,persistence_auth/authorized_keys,persistence_auth,root_session,connect,yes,0,/usr/sbin/sshd,sshd,,sshd: deploy-rkejw [priv],/,/run/systemd/userdb/io.systemd.DynamicUser,/run/systemd/userdb/io.systemd.DynamicUser,0,0,1001,17179,17059,(none),47,network_connect,benign,
1778300229,15295,0.924543,attack_window,20260508_211709_authorized_keys_W9jmSO,20260508_211655_dirtyfrag_root_authorized_keys_X5ChW3,persistence_auth/authorized_keys,persistence_auth,root_session,126,yes,0,/usr/sbin/sshd,sshd,,sshd: deploy-rkejw [priv],,,,0,0,1001,17179,17059,(none),47,privilege_transition,benign,
1778300229,15296,0.924543,attack_window,20260508_211709_authorized_keys_W9jmSO,20260508_211655_dirtyfrag_root_authorized_keys_X5ChW3,persistence_auth/authorized_keys,persistence_auth,root_session,,,,,,,,,,,,,,,,,,,ambiguous,
1778300229,15297,0.924543,attack_window,20260508_211709_authorized_keys_W9jmSO,20260508_211655_dirtyfrag_root_authorized_keys_X5ChW3,persistence_auth/authorized_keys,persistence_auth,root_session,setresgid,yes,0,/usr/sbin/sshd,sshd,,sshd: deploy-rkejw [priv],,,,0,0,1001,17179,17059,(none),47,privilege_transition,benign,
1778300229,15298,0.924543,attack_window,20260508_211709_authorized_keys_W9jmSO,20260508_211655_dirtyfrag_root_authorized_keys_X5ChW3,persistence_auth/authorized_keys,persistence_auth,root_session,setresuid,yes,0,/usr/sbin/sshd,sshd,,sshd: deploy-rkejw [priv],,,,1001,1001,1001,17179,17059,(none),47,privilege_transition,benign,
1778300229,15299,0.924543,attack_window,20260508_211709_authorized_keys_W9jmSO,20260508_211655_dirtyfrag_root_authorized_keys_X5ChW3,persistence_auth/authorized_keys,persistence_auth,root_session,setuid,no,-1,/usr/sbin/sshd,sshd,,sshd: deploy-rkejw [priv],,,,1001,1001,1001,17179,17059,(none),47,privilege_transition,benign,
1778300229,15300,0.925543,attack_window,20260508_211709_authorized_keys_W9jmSO,20260508_211655_dirtyfrag_root_authorized_keys_X5ChW3,persistence_auth/authorized_keys,persistence_auth,root_session,setresuid,no,-1,/usr/sbin/sshd,sshd,,sshd: deploy-rkejw [priv],,,,1001,1001,1001,17179,17059,(none),47,privilege_transition,benign,
1778300229,15301,0.975543,attack_window,20260508_211709_authorized_keys_W9jmSO,20260508_211655_dirtyfrag_root_authorized_keys_X5ChW3,persistence_auth/authorized_keys,persistence_auth,root_session,execve,yes,0,/usr/bin/bash,bash,bash -c grep -q -- __AEGIS_ROOT_SESSION_DONE_20260508_211709_authorized_keys_W9jmSO__ /tmp/.cache/aegis_dirtyfrag_20260508_211658_root_dirtyfrag_t1hRDK/root_shell.log,bash -c grep -q -- __AEGIS_ROOT_SESSION_DONE_20260508_211709_authorized_keys_W9jmSO__ /tmp/.cache/aegis_dirtyfrag_20260508_21165,/home/deploy-rkejw,/bin/bash,/bin/bash|/lib64/ld-linux-x86-64.so.2,1001,1001,1001,17180,17179,(none),47,shell_exec,benign,
1778300229,15302,0.975543,attack_window,20260508_211709_authorized_keys_W9jmSO,20260508_211655_dirtyfrag_root_authorized_keys_X5ChW3,persistence_auth/authorized_keys,persistence_auth,root_session,execve,yes,0,/usr/bin/grep,grep,grep -q -- __AEGIS_ROOT_SESSION_DONE_20260508_211709_authorized_keys_W9jmSO__ /tmp/.cache/aegis_dirtyfrag_20260508_211658_root_dirtyfrag_t1hRDK/root_shell.log,bash -c grep -q -- __AEGIS_ROOT_SESSION_DONE_20260508_211709_authorized_keys_W9jmSO__ /tmp/.cache/aegis_dirtyfrag_20260508_21165,/home/deploy-rkejw,/usr/bin/grep,/usr/bin/grep|/lib64/ld-linux-x86-64.so.2,1001,1001,1001,17180,17179,(none),47,exec,benign,
1778300229,15303,0.978543,attack_window,20260508_211709_authorized_keys_W9jmSO,20260508_211655_dirtyfrag_root_authorized_keys_X5ChW3,persistence_auth/authorized_keys,persistence_auth,root_session,connect,yes,0,/usr/sbin/sshd,sshd,,sshd: deploy-rkejw [priv],/,/dev/log,/dev/log,1001,1001,1001,17179,17059,(none),47,network_connect,benign,
1778300229,15304,0.979543,attack_window,20260508_211709_authorized_keys_W9jmSO,20260508_211655_dirtyfrag_root_authorized_keys_X5ChW3,persistence_auth/authorized_keys,persistence_auth,root_session,114,yes,0,/usr/sbin/sshd,sshd,,/usr/sbin/sshd -D -R,,,,0,0,1001,17059,9653,(none),47,privilege_transition,benign,
1778300229,15305,0.979543,attack_window,20260508_211709_authorized_keys_W9jmSO,20260508_211655_dirtyfrag_root_authorized_keys_X5ChW3,persistence_auth/authorized_keys,persistence_auth,root_session,setresuid,yes,0,/usr/sbin/sshd,sshd,,/usr/sbin/sshd -D -R,,,,0,1001,1001,17059,9653,(none),47,privilege_transition,benign,
1778300229,15306,0.979543,attack_window,20260508_211709_authorized_keys_W9jmSO,20260508_211655_dirtyfrag_root_authorized_keys_X5ChW3,persistence_auth/authorized_keys,persistence_auth,root_session,113,yes,0,/usr/sbin/sshd,sshd,,/usr/sbin/sshd -D -R,,,,0,0,1001,17059,9653,(none),47,privilege_transition,benign,
1778300229,15307,0.979543,attack_window,20260508_211709_authorized_keys_W9jmSO,20260508_211655_dirtyfrag_root_authorized_keys_X5ChW3,persistence_auth/authorized_keys,persistence_auth,root_session,114,yes,0,/usr/sbin/sshd,sshd,,/usr/sbin/sshd -D -R,,,,0,0,1001,17059,9653,(none),47,privilege_transition,benign,
1778300229,15308,0.979543,attack_window,20260508_211709_authorized_keys_W9jmSO,20260508_211655_dirtyfrag_root_authorized_keys_X5ChW3,persistence_auth/authorized_keys,persistence_auth,root_session,connect,yes,0,/usr/sbin/sshd,sshd,,/usr/sbin/sshd -D -R,/,/run/dbus/system_bus_socket,/run/dbus/system_bus_socket,0,0,1001,17059,9653,(none),47,network_connect,benign,
1778300229,15309,0.980543,attack_window,20260508_211709_authorized_keys_W9jmSO,20260508_211655_dirtyfrag_root_authorized_keys_X5ChW3,persistence_auth/authorized_keys,persistence_auth,root_session,,,,,,,,,,,,,,,,,,,ambiguous,
1778300229,15310,0.980543,attack_window,20260508_211709_authorized_keys_W9jmSO,20260508_211655_dirtyfrag_root_authorized_keys_X5ChW3,persistence_auth/authorized_keys,persistence_auth,root_session,,,,,,,,,,,,,,,,,,,ambiguous,
1778300229,15311,0.980543,attack_window,20260508_211709_authorized_keys_W9jmSO,20260508_211655_dirtyfrag_root_authorized_keys_X5ChW3,persistence_auth/authorized_keys,persistence_auth,root_session,setresgid,yes,0,/usr/sbin/sshd,sshd,,/usr/sbin/sshd -D -R,,,,0,0,1001,17059,9653,(none),47,privilege_transition,benign,
1778300229,15312,0.980543,attack_window,20260508_211709_authorized_keys_W9jmSO,20260508_211655_dirtyfrag_root_authorized_keys_X5ChW3,persistence_auth/authorized_keys,persistence_auth,root_session,setresuid,yes,0,/usr/sbin/sshd,sshd,,/usr/sbin/sshd -D -R,,,,0,1001,1001,17059,9653,(none),47,privilege_transition,benign,
1778300229,15313,0.980543,attack_window,20260508_211709_authorized_keys_W9jmSO,20260508_211655_dirtyfrag_root_authorized_keys_X5ChW3,persistence_auth/authorized_keys,persistence_auth,root_session,setresuid,yes,0,/usr/sbin/sshd,sshd,,/usr/sbin/sshd -D -R,,,,0,0,1001,17059,9653,(none),47,privilege_transition,benign,
1778300229,15314,0.980543,attack_window,20260508_211709_authorized_keys_W9jmSO,20260508_211655_dirtyfrag_root_authorized_keys_X5ChW3,persistence_auth/authorized_keys,persistence_auth,root_session,setresgid,yes,0,/usr/sbin/sshd,sshd,,/usr/sbin/sshd -D -R,,,,0,0,1001,17059,9653,(none),47,privilege_transition,benign,
1778300229,15315,0.990543,attack_window,20260508_211709_authorized_keys_W9jmSO,20260508_211655_dirtyfrag_root_authorized_keys_X5ChW3,persistence_auth/authorized_keys,persistence_auth,root_session,execve,yes,0,/usr/sbin/sshd,sshd,/usr/sbin/sshd -D -R,/usr/sbin/sshd -D -R,/,/usr/sbin/sshd,/usr/sbin/sshd|/lib64/ld-linux-x86-64.so.2,0,0,4294967295,17181,9653,(none),4294967295,exec,benign,
1778300229,15316,0.993543,attack_window,20260508_211709_authorized_keys_W9jmSO,20260508_211655_dirtyfrag_root_authorized_keys_X5ChW3,persistence_auth/authorized_keys,persistence_auth,root_session,connect,no,-2,/usr/sbin/sshd,sshd,,/usr/sbin/sshd -D -R,/,/var/run/nscd/socket,/var/run/nscd/socket,0,0,4294967295,17181,9653,(none),4294967295,network_connect,benign,
1778300229,15317,0.993543,attack_window,20260508_211709_authorized_keys_W9jmSO,20260508_211655_dirtyfrag_root_authorized_keys_X5ChW3,persistence_auth/authorized_keys,persistence_auth,root_session,connect,yes,0,/usr/sbin/sshd,sshd,,/usr/sbin/sshd -D -R,,,,0,0,4294967295,17181,9653,(none),4294967295,network_connect,benign,
1778300229,15318,0.993543,attack_window,20260508_211709_authorized_keys_W9jmSO,20260508_211655_dirtyfrag_root_authorized_keys_X5ChW3,persistence_auth/authorized_keys,persistence_auth,root_session,connect,yes,0,/usr/sbin/sshd,sshd,,/usr/sbin/sshd -D -R,,,,0,0,4294967295,17181,9653,(none),4294967295,network_connect,benign,
1778300229,15319,0.993543,attack_window,20260508_211709_authorized_keys_W9jmSO,20260508_211655_dirtyfrag_root_authorized_keys_X5ChW3,persistence_auth/authorized_keys,persistence_auth,root_session,connect,yes,0,/usr/sbin/sshd,sshd,,/usr/sbin/sshd -D -R,,,,0,0,4294967295,17181,9653,(none),4294967295,network_connect,benign,
1778300229,15320,0.993543,attack_window,20260508_211709_authorized_keys_W9jmSO,20260508_211655_dirtyfrag_root_authorized_keys_X5ChW3,persistence_auth/authorized_keys,persistence_auth,root_session,connect,no,-2,/usr/sbin/sshd,sshd,,/usr/sbin/sshd -D -R,/,/var/run/nscd/socket,/var/run/nscd/socket,0,0,4294967295,17181,9653,(none),4294967295,network_connect,benign,
1778300229,15321,0.993543,attack_window,20260508_211709_authorized_keys_W9jmSO,20260508_211655_dirtyfrag_root_authorized_keys_X5ChW3,persistence_auth/authorized_keys,persistence_auth,root_session,connect,no,-2,/usr/sbin/sshd,sshd,,/usr/sbin/sshd -D -R,/,/var/run/nscd/socket,/var/run/nscd/socket,0,0,4294967295,17181,9653,(none),4294967295,network_connect,benign,
1778300229,15322,0.996543,attack_window,20260508_211709_authorized_keys_W9jmSO,20260508_211655_dirtyfrag_root_authorized_keys_X5ChW3,persistence_auth/authorized_keys,persistence_auth,root_session,setresgid,yes,0,/usr/sbin/sshd,sshd,,sshd: [accepted],,,,0,0,4294967295,17182,17181,(none),4294967295,privilege_transition,benign,
1778300229,15323,0.996543,attack_window,20260508_211709_authorized_keys_W9jmSO,20260508_211655_dirtyfrag_root_authorized_keys_X5ChW3,persistence_auth/authorized_keys,persistence_auth,root_session,setresuid,yes,0,/usr/sbin/sshd,sshd,,sshd: [accepted],,,,109,109,4294967295,17182,17181,(none),4294967295,privilege_transition,benign,
1778300229,15324,0.996543,attack_window,20260508_211709_authorized_keys_W9jmSO,20260508_211655_dirtyfrag_root_authorized_keys_X5ChW3,persistence_auth/authorized_keys,persistence_auth,root_session,setgid,no,-1,/usr/sbin/sshd,sshd,,sshd: [accepted],,,,109,109,4294967295,17182,17181,(none),4294967295,privilege_transition,benign,
1778300229,15325,0.996543,attack_window,20260508_211709_authorized_keys_W9jmSO,20260508_211655_dirtyfrag_root_authorized_keys_X5ChW3,persistence_auth/authorized_keys,persistence_auth,root_session,setresgid,no,-1,/usr/sbin/sshd,sshd,,sshd: [accepted],,,,109,109,4294967295,17182,17181,(none),4294967295,privilege_transition,benign,
1778300229,15326,0.996543,attack_window,20260508_211709_authorized_keys_W9jmSO,20260508_211655_dirtyfrag_root_authorized_keys_X5ChW3,persistence_auth/authorized_keys,persistence_auth,root_session,setuid,no,-1,/usr/sbin/sshd,sshd,,sshd: [accepted],,,,109,109,4294967295,17182,17181,(none),4294967295,privilege_transition,benign,
1778300229,15327,0.996543,attack_window,20260508_211709_authorized_keys_W9jmSO,20260508_211655_dirtyfrag_root_authorized_keys_X5ChW3,persistence_auth/authorized_keys,persistence_auth,root_session,setresuid,no,-1,/usr/sbin/sshd,sshd,,sshd: [accepted],,,,109,109,4294967295,17182,17181,(none),4294967295,privilege_transition,benign,
1778300229,15328,1.097543,attack_window,20260508_211709_authorized_keys_W9jmSO,20260508_211655_dirtyfrag_root_authorized_keys_X5ChW3,persistence_auth/authorized_keys,persistence_auth,root_session,connect,no,-2,/usr/sbin/sshd,sshd,,/usr/sbin/sshd -D -R,/,/var/run/nscd/socket,/var/run/nscd/socket,0,0,4294967295,17181,9653,(none),4294967295,network_connect,benign,
1778300229,15329,1.098543,attack_window,20260508_211709_authorized_keys_W9jmSO,20260508_211655_dirtyfrag_root_authorized_keys_X5ChW3,persistence_auth/authorized_keys,persistence_auth,root_session,connect,no,-2,/usr/sbin/sshd,sshd,,/usr/sbin/sshd -D -R,/,/var/run/nscd/socket,/var/run/nscd/socket,0,0,4294967295,17181,9653,(none),4294967295,network_connect,benign,
1778300229,15330,1.098543,attack_window,20260508_211709_authorized_keys_W9jmSO,20260508_211655_dirtyfrag_root_authorized_keys_X5ChW3,persistence_auth/authorized_keys,persistence_auth,root_session,connect,yes,0,/usr/sbin/sshd,sshd,,/usr/sbin/sshd -D -R,/,/run/systemd/userdb/io.systemd.DynamicUser,/run/systemd/userdb/io.systemd.DynamicUser,0,0,4294967295,17181,9653,(none),4294967295,network_connect,benign,
1778300229,15331,1.098543,attack_window,20260508_211709_authorized_keys_W9jmSO,20260508_211655_dirtyfrag_root_authorized_keys_X5ChW3,persistence_auth/authorized_keys,persistence_auth,root_session,setresgid,yes,0,/usr/sbin/sshd,sshd,,/usr/sbin/sshd -D -R,,,,0,0,4294967295,17181,9653,(none),4294967295,privilege_transition,benign,
1778300229,15332,1.098543,attack_window,20260508_211709_authorized_keys_W9jmSO,20260508_211655_dirtyfrag_root_authorized_keys_X5ChW3,persistence_auth/authorized_keys,persistence_auth,root_session,setresuid,yes,0,/usr/sbin/sshd,sshd,,/usr/sbin/sshd -D -R,,,,0,1001,4294967295,17181,9653,(none),4294967295,privilege_transition,benign,
1778300229,15333,1.098543,attack_window,20260508_211709_authorized_keys_W9jmSO,20260508_211655_dirtyfrag_root_authorized_keys_X5ChW3,persistence_auth/authorized_keys,persistence_auth,root_session,setresuid,yes,0,/usr/sbin/sshd,sshd,,/usr/sbin/sshd -D -R,,,,0,0,4294967295,17181,9653,(none),4294967295,privilege_transition,benign,
1778300229,15334,1.098543,attack_window,20260508_211709_authorized_keys_W9jmSO,20260508_211655_dirtyfrag_root_authorized_keys_X5ChW3,persistence_auth/authorized_keys,persistence_auth,root_session,setresgid,yes,0,/usr/sbin/sshd,sshd,,/usr/sbin/sshd -D -R,,,,0,0,4294967295,17181,9653,(none),4294967295,privilege_transition,benign,
1778300229,15335,1.098543,attack_window,20260508_211709_authorized_keys_W9jmSO,20260508_211655_dirtyfrag_root_authorized_keys_X5ChW3,persistence_auth/authorized_keys,persistence_auth,root_session,setresgid,yes,0,/usr/sbin/sshd,sshd,,/usr/sbin/sshd -D -R,,,,0,0,4294967295,17181,9653,(none),4294967295,privilege_transition,benign,
1778300229,15336,1.098543,attack_window,20260508_211709_authorized_keys_W9jmSO,20260508_211655_dirtyfrag_root_authorized_keys_X5ChW3,persistence_auth/authorized_keys,persistence_auth,root_session,setresuid,yes,0,/usr/sbin/sshd,sshd,,/usr/sbin/sshd -D -R,,,,0,1001,4294967295,17181,9653,(none),4294967295,privilege_transition,benign,
1778300229,15337,1.098543,attack_window,20260508_211709_authorized_keys_W9jmSO,20260508_211655_dirtyfrag_root_authorized_keys_X5ChW3,persistence_auth/authorized_keys,persistence_auth,root_session,setresuid,yes,0,/usr/sbin/sshd,sshd,,/usr/sbin/sshd -D -R,,,,0,0,4294967295,17181,9653,(none),4294967295,privilege_transition,benign,
1778300229,15338,1.098543,attack_window,20260508_211709_authorized_keys_W9jmSO,20260508_211655_dirtyfrag_root_authorized_keys_X5ChW3,persistence_auth/authorized_keys,persistence_auth,root_session,setresgid,yes,0,/usr/sbin/sshd,sshd,,/usr/sbin/sshd -D -R,,,,0,0,4294967295,17181,9653,(none),4294967295,privilege_transition,benign,
1778300229,15339,1.098543,attack_window,20260508_211709_authorized_keys_W9jmSO,20260508_211655_dirtyfrag_root_authorized_keys_X5ChW3,persistence_auth/authorized_keys,persistence_auth,root_session,,,,,,,,,,,,,,,,,,,ambiguous,
1778300229,15340,1.106543,attack_window,20260508_211709_authorized_keys_W9jmSO,20260508_211655_dirtyfrag_root_authorized_keys_X5ChW3,persistence_auth/authorized_keys,persistence_auth,root_session,setresgid,yes,0,/usr/sbin/sshd,sshd,,/usr/sbin/sshd -D -R,,,,0,0,4294967295,17181,9653,(none),4294967295,privilege_transition,benign,
1778300229,15341,1.106543,attack_window,20260508_211709_authorized_keys_W9jmSO,20260508_211655_dirtyfrag_root_authorized_keys_X5ChW3,persistence_auth/authorized_keys,persistence_auth,root_session,setresuid,yes,0,/usr/sbin/sshd,sshd,,/usr/sbin/sshd -D -R,,,,0,1001,4294967295,17181,9653,(none),4294967295,privilege_transition,benign,
1778300229,15342,1.106543,attack_window,20260508_211709_authorized_keys_W9jmSO,20260508_211655_dirtyfrag_root_authorized_keys_X5ChW3,persistence_auth/authorized_keys,persistence_auth,root_session,setresuid,yes,0,/usr/sbin/sshd,sshd,,/usr/sbin/sshd -D -R,,,,0,0,4294967295,17181,9653,(none),4294967295,privilege_transition,benign,
1778300229,15343,1.106543,attack_window,20260508_211709_authorized_keys_W9jmSO,20260508_211655_dirtyfrag_root_authorized_keys_X5ChW3,persistence_auth/authorized_keys,persistence_auth,root_session,setresgid,yes,0,/usr/sbin/sshd,sshd,,/usr/sbin/sshd -D -R,,,,0,0,4294967295,17181,9653,(none),4294967295,privilege_transition,benign,
1778300229,15344,1.106543,attack_window,20260508_211709_authorized_keys_W9jmSO,20260508_211655_dirtyfrag_root_authorized_keys_X5ChW3,persistence_auth/authorized_keys,persistence_auth,root_session,setresgid,yes,0,/usr/sbin/sshd,sshd,,/usr/sbin/sshd -D -R,,,,0,0,4294967295,17181,9653,(none),4294967295,privilege_transition,benign,
1778300229,15345,1.106543,attack_window,20260508_211709_authorized_keys_W9jmSO,20260508_211655_dirtyfrag_root_authorized_keys_X5ChW3,persistence_auth/authorized_keys,persistence_auth,root_session,setresuid,yes,0,/usr/sbin/sshd,sshd,,/usr/sbin/sshd -D -R,,,,0,1001,4294967295,17181,9653,(none),4294967295,privilege_transition,benign,
1778300229,15346,1.106543,attack_window,20260508_211709_authorized_keys_W9jmSO,20260508_211655_dirtyfrag_root_authorized_keys_X5ChW3,persistence_auth/authorized_keys,persistence_auth,root_session,setresuid,yes,0,/usr/sbin/sshd,sshd,,/usr/sbin/sshd -D -R,,,,0,0,4294967295,17181,9653,(none),4294967295,privilege_transition,benign,
1778300229,15347,1.106543,attack_window,20260508_211709_authorized_keys_W9jmSO,20260508_211655_dirtyfrag_root_authorized_keys_X5ChW3,persistence_auth/authorized_keys,persistence_auth,root_session,setresgid,yes,0,/usr/sbin/sshd,sshd,,/usr/sbin/sshd -D -R,,,,0,0,4294967295,17181,9653,(none),4294967295,privilege_transition,benign,
1778300229,15348,1.106543,attack_window,20260508_211709_authorized_keys_W9jmSO,20260508_211655_dirtyfrag_root_authorized_keys_X5ChW3,persistence_auth/authorized_keys,persistence_auth,root_session,,,,,,,,,,,,,,,,,,,ambiguous,
1778300229,15349,1.136543,attack_window,20260508_211709_authorized_keys_W9jmSO,20260508_211655_dirtyfrag_root_authorized_keys_X5ChW3,persistence_auth/authorized_keys,persistence_auth,root_session,connect,yes,0,/usr/sbin/sshd,sshd,,/usr/sbin/sshd -D -R,/,/run/systemd/userdb/io.systemd.DynamicUser,/run/systemd/userdb/io.systemd.DynamicUser,0,0,4294967295,17181,9653,(none),4294967295,network_connect,benign,
1778300229,15350,1.137543,attack_window,20260508_211709_authorized_keys_W9jmSO,20260508_211655_dirtyfrag_root_authorized_keys_X5ChW3,persistence_auth/authorized_keys,persistence_auth,root_session,,,,,,,,,,,,,,,,,,,ambiguous,
1778300229,15351,1.148543,attack_window,20260508_211709_authorized_keys_W9jmSO,20260508_211655_dirtyfrag_root_authorized_keys_X5ChW3,persistence_auth/authorized_keys,persistence_auth,root_session,,,,,,,,,,,,,,,,,,,ambiguous,
1778300229,15352,1.148543,attack_window,20260508_211709_authorized_keys_W9jmSO,20260508_211655_dirtyfrag_root_authorized_keys_X5ChW3,persistence_auth/authorized_keys,persistence_auth,root_session,connect,yes,0,/usr/sbin/sshd,sshd,,/usr/sbin/sshd -D -R,/,/dev/log,/dev/log,0,0,4294967295,17181,9653,(none),4294967295,network_connect,benign,
1778300229,15353,1.148543,attack_window,20260508_211709_authorized_keys_W9jmSO,20260508_211655_dirtyfrag_root_authorized_keys_X5ChW3,persistence_auth/authorized_keys,persistence_auth,root_session,connect,yes,0,/usr/sbin/sshd,sshd,,/usr/sbin/sshd -D -R,/,/run/systemd/userdb/io.systemd.DynamicUser,/run/systemd/userdb/io.systemd.DynamicUser,0,0,4294967295,17181,9653,(none),4294967295,network_connect,benign,
1778300229,15354,1.149543,attack_window,20260508_211709_authorized_keys_W9jmSO,20260508_211655_dirtyfrag_root_authorized_keys_X5ChW3,persistence_auth/authorized_keys,persistence_auth,root_session,126,yes,0,/usr/sbin/sshd,sshd,,/usr/sbin/sshd -D -R,,,,0,0,4294967295,17181,9653,(none),4294967295,privilege_transition,benign,
1778300229,15355,1.149543,attack_window,20260508_211709_authorized_keys_W9jmSO,20260508_211655_dirtyfrag_root_authorized_keys_X5ChW3,persistence_auth/authorized_keys,persistence_auth,root_session,,,,,,,,,,,,,,,,,,,ambiguous,
1778300229,15356,1.149543,attack_window,20260508_211709_authorized_keys_W9jmSO,20260508_211655_dirtyfrag_root_authorized_keys_X5ChW3,persistence_auth/authorized_keys,persistence_auth,root_session,77,yes,0,/usr/sbin/sshd,sshd,,/usr/sbin/sshd -D -R,,,,0,0,4294967295,17181,9653,(none),4294967295,file_destroy,benign,
1778300229,15357,1.149543,attack_window,20260508_211709_authorized_keys_W9jmSO,20260508_211655_dirtyfrag_root_authorized_keys_X5ChW3,persistence_auth/authorized_keys,persistence_auth,root_session,write,yes,4,/usr/sbin/sshd,sshd,,/usr/sbin/sshd -D -R,,,,0,0,1001,17181,9653,(none),48,(null),benign,
1778300229,15358,1.149543,attack_window,20260508_211709_authorized_keys_W9jmSO,20260508_211655_dirtyfrag_root_authorized_keys_X5ChW3,persistence_auth/authorized_keys,persistence_auth,root_session,114,yes,0,/usr/sbin/sshd,sshd,,/usr/sbin/sshd -D -R,,,,0,0,1001,17181,9653,(none),48,privilege_transition,benign,
1778300229,15359,1.149543,attack_window,20260508_211709_authorized_keys_W9jmSO,20260508_211655_dirtyfrag_root_authorized_keys_X5ChW3,persistence_auth/authorized_keys,persistence_auth,root_session,113,yes,0,/usr/sbin/sshd,sshd,,/usr/sbin/sshd -D -R,,,,1001,0,1001,17181,9653,(none),48,privilege_transition,benign,
1778300229,15360,1.149543,attack_window,20260508_211709_authorized_keys_W9jmSO,20260508_211655_dirtyfrag_root_authorized_keys_X5ChW3,persistence_auth/authorized_keys,persistence_auth,root_session,113,yes,0,/usr/sbin/sshd,sshd,,/usr/sbin/sshd -D -R,,,,0,0,1001,17181,9653,(none),48,privilege_transition,benign,
1778300229,15361,1.149543,attack_window,20260508_211709_authorized_keys_W9jmSO,20260508_211655_dirtyfrag_root_authorized_keys_X5ChW3,persistence_auth/authorized_keys,persistence_auth,root_session,114,yes,0,/usr/sbin/sshd,sshd,,/usr/sbin/sshd -D -R,,,,0,0,1001,17181,9653,(none),48,privilege_transition,benign,
1778300229,15362,1.149543,attack_window,20260508_211709_authorized_keys_W9jmSO,20260508_211655_dirtyfrag_root_authorized_keys_X5ChW3,persistence_auth/authorized_keys,persistence_auth,root_session,connect,yes,0,/usr/sbin/sshd,sshd,,/usr/sbin/sshd -D -R,/,/dev/log,/dev/log,0,0,1001,17181,9653,(none),48,network_connect,benign,
1778300229,15363,1.149543,attack_window,20260508_211709_authorized_keys_W9jmSO,20260508_211655_dirtyfrag_root_authorized_keys_X5ChW3,persistence_auth/authorized_keys,persistence_auth,root_session,connect,no,-2,/usr/sbin/sshd,sshd,,/usr/sbin/sshd -D -R,/,/run/systemd/userdb/io.systemd.Multiplexer,/run/systemd/userdb/io.systemd.Multiplexer,0,0,1001,17181,9653,(none),48,network_connect,benign,
1778300229,15364,1.149543,attack_window,20260508_211709_authorized_keys_W9jmSO,20260508_211655_dirtyfrag_root_authorized_keys_X5ChW3,persistence_auth/authorized_keys,persistence_auth,root_session,connect,yes,0,/usr/sbin/sshd,sshd,,/usr/sbin/sshd -D -R,/,/run/systemd/userdb/io.systemd.DynamicUser,/run/systemd/userdb/io.systemd.DynamicUser,0,0,1001,17181,9653,(none),48,network_connect,benign,
1778300229,15365,1.150543,attack_window,20260508_211709_authorized_keys_W9jmSO,20260508_211655_dirtyfrag_root_authorized_keys_X5ChW3,persistence_auth/authorized_keys,persistence_auth,root_session,connect,yes,0,/usr/sbin/sshd,sshd,,/usr/sbin/sshd -D -R,/,/run/dbus/system_bus_socket,/run/dbus/system_bus_socket,0,0,1001,17181,9653,(none),48,network_connect,benign,
1778300229,15366,1.163543,attack_window,20260508_211709_authorized_keys_W9jmSO,20260508_211655_dirtyfrag_root_authorized_keys_X5ChW3,persistence_auth/authorized_keys,persistence_auth,root_session,execve,yes,0,/usr/bin/dash,sh,sh -c -- /usr/bin/env -i PATH=/usr/local/sbin:/usr/local/bin:/usr/sbin:/usr/bin:/sbin:/bin run-parts --lsbsysinit /etc/update-motd.d > /run/motd.dynamic.new,sh -c -- /usr/bin/env -i PATH=/usr/local/sbin:/usr/local/bin:/usr/sbin:/usr/bin:/sbin:/bin run-parts --lsbsysinit /etc/update-mo,/,/bin/sh,/bin/sh|/lib64/ld-linux-x86-64.so.2,0,0,1001,17183,17181,(none),48,exec,benign,
1778300229,15367,1.164543,attack_window,20260508_211709_authorized_keys_W9jmSO,20260508_211655_dirtyfrag_root_authorized_keys_X5ChW3,persistence_auth/authorized_keys,persistence_auth,root_session,execve,yes,0,/usr/bin/env,env,/usr/bin/env -i PATH=/usr/local/sbin:/usr/local/bin:/usr/sbin:/usr/bin:/sbin:/bin run-parts --lsbsysinit /etc/update-motd.d,/usr/bin/env -i PATH=/usr/local/sbin:/usr/local/bin:/usr/sbin:/usr/bin:/sbin:/bin run-parts --lsbsysinit /etc/update-motd.d,/,/usr/bin/env,/usr/bin/env|/lib64/ld-linux-x86-64.so.2,0,0,1001,17184,17183,(none),48,exec,benign,
1778300229,15368,1.166543,attack_window,20260508_211709_authorized_keys_W9jmSO,20260508_211655_dirtyfrag_root_authorized_keys_X5ChW3,persistence_auth/authorized_keys,persistence_auth,root_session,execve,no,-2,/usr/bin/env,env,,/usr/bin/env -i PATH=/usr/local/sbin:/usr/local/bin:/usr/sbin:/usr/bin:/sbin:/bin run-parts --lsbsysinit /etc/update-motd.d,/,/usr/local/sbin/run-parts,/usr/local/sbin/run-parts,0,0,1001,17184,17183,(none),48,exec,benign,
1778300229,15369,1.166543,attack_window,20260508_211709_authorized_keys_W9jmSO,20260508_211655_dirtyfrag_root_authorized_keys_X5ChW3,persistence_auth/authorized_keys,persistence_auth,root_session,execve,no,-2,/usr/bin/env,env,,/usr/bin/env -i PATH=/usr/local/sbin:/usr/local/bin:/usr/sbin:/usr/bin:/sbin:/bin run-parts --lsbsysinit /etc/update-motd.d,/,/usr/local/bin/run-parts,/usr/local/bin/run-parts,0,0,1001,17184,17183,(none),48,exec,benign,
1778300229,15370,1.166543,attack_window,20260508_211709_authorized_keys_W9jmSO,20260508_211655_dirtyfrag_root_authorized_keys_X5ChW3,persistence_auth/authorized_keys,persistence_auth,root_session,execve,no,-2,/usr/bin/env,env,,/usr/bin/env -i PATH=/usr/local/sbin:/usr/local/bin:/usr/sbin:/usr/bin:/sbin:/bin run-parts --lsbsysinit /etc/update-motd.d,/,/usr/sbin/run-parts,/usr/sbin/run-parts,0,0,1001,17184,17183,(none),48,exec,benign,
1778300229,15371,1.166543,attack_window,20260508_211709_authorized_keys_W9jmSO,20260508_211655_dirtyfrag_root_authorized_keys_X5ChW3,persistence_auth/authorized_keys,persistence_auth,root_session,execve,yes,0,/usr/bin/run-parts,run-parts,run-parts --lsbsysinit /etc/update-motd.d,/usr/bin/env -i PATH=/usr/local/sbin:/usr/local/bin:/usr/sbin:/usr/bin:/sbin:/bin run-parts --lsbsysinit /etc/update-motd.d,/,/usr/bin/run-parts,/usr/bin/run-parts|/lib64/ld-linux-x86-64.so.2,0,0,1001,17184,17183,(none),48,exec,benign,
1778300229,15372,1.168543,attack_window,20260508_211709_authorized_keys_W9jmSO,20260508_211655_dirtyfrag_root_authorized_keys_X5ChW3,persistence_auth/authorized_keys,persistence_auth,root_session,execve,yes,0,/usr/bin/dash,00-header,/bin/sh /etc/update-motd.d/00-header,/bin/sh /etc/update-motd.d/00-header,/,/etc/update-motd.d/00-header,/etc/update-motd.d/00-header|/bin/sh|/lib64/ld-linux-x86-64.so.2,0,0,1001,17185,17184,(none),48,exec,benign,
1778300229,15373,1.169543,attack_window,20260508_211709_authorized_keys_W9jmSO,20260508_211655_dirtyfrag_root_authorized_keys_X5ChW3,persistence_auth/authorized_keys,persistence_auth,root_session,execve,yes,0,/usr/bin/uname,uname,uname -o,uname -o,/,/usr/bin/uname,/usr/bin/uname|/lib64/ld-linux-x86-64.so.2,0,0,1001,17186,17185,(none),48,exec,benign,
1778300229,15374,1.170543,attack_window,20260508_211709_authorized_keys_W9jmSO,20260508_211655_dirtyfrag_root_authorized_keys_X5ChW3,persistence_auth/authorized_keys,persistence_auth,root_session,execve,yes,0,/usr/bin/uname,uname,uname -r,uname -r,/,/usr/bin/uname,/usr/bin/uname|/lib64/ld-linux-x86-64.so.2,0,0,1001,17187,17185,(none),48,exec,benign,
1778300229,15375,1.171543,attack_window,20260508_211709_authorized_keys_W9jmSO,20260508_211655_dirtyfrag_root_authorized_keys_X5ChW3,persistence_auth/authorized_keys,persistence_auth,root_session,execve,yes,0,/usr/bin/uname,uname,uname -m,uname -m,/,/usr/bin/uname,/usr/bin/uname|/lib64/ld-linux-x86-64.so.2,0,0,1001,17188,17185,(none),48,exec,benign,
1778300229,15376,1.172543,attack_window,20260508_211709_authorized_keys_W9jmSO,20260508_211655_dirtyfrag_root_authorized_keys_X5ChW3,persistence_auth/authorized_keys,persistence_auth,root_session,execve,yes,0,/usr/bin/dash,10-help-text,/bin/sh /etc/update-motd.d/10-help-text,/bin/sh /etc/update-motd.d/10-help-text,/,/etc/update-motd.d/10-help-text,/etc/update-motd.d/10-help-text|/bin/sh|/lib64/ld-linux-x86-64.so.2,0,0,1001,17189,17184,(none),48,exec,benign,
1778300229,15377,1.174543,attack_window,20260508_211709_authorized_keys_W9jmSO,20260508_211655_dirtyfrag_root_authorized_keys_X5ChW3,persistence_auth/authorized_keys,persistence_auth,root_session,execve,yes,0,/usr/bin/dash,50-landscape-sy,/bin/sh /etc/update-motd.d/50-landscape-sysinfo,/bin/sh /etc/update-motd.d/50-landscape-sysinfo,/,/etc/update-motd.d/50-landscape-sysinfo,/etc/update-motd.d/50-landscape-sysinfo|/bin/sh|/lib64/ld-linux-x86-64.so.2,0,0,1001,17190,17184,(none),48,exec,benign,
1778300229,15378,1.175543,attack_window,20260508_211709_authorized_keys_W9jmSO,20260508_211655_dirtyfrag_root_authorized_keys_X5ChW3,persistence_auth/authorized_keys,persistence_auth,root_session,execve,yes,0,/usr/bin/find,find,find /var/lib/landscape/landscape-sysinfo.cache -newermt now-1 minutes,find /var/lib/landscape/landscape-sysinfo.cache -newermt now-1 minutes,/,/usr/bin/find,/usr/bin/find|/lib64/ld-linux-x86-64.so.2,0,0,1001,17191,17190,(none),48,exec,benign,
1778300229,15379,1.176543,attack_window,20260508_211709_authorized_keys_W9jmSO,20260508_211655_dirtyfrag_root_authorized_keys_X5ChW3,persistence_auth/authorized_keys,persistence_auth,root_session,execve,yes,0,/usr/bin/cat,cat,cat /var/lib/landscape/landscape-sysinfo.cache,cat /var/lib/landscape/landscape-sysinfo.cache,/,/usr/bin/cat,/usr/bin/cat|/lib64/ld-linux-x86-64.so.2,0,0,1001,17192,17190,(none),48,exec,benign,
1778300229,15380,1.178543,attack_window,20260508_211709_authorized_keys_W9jmSO,20260508_211655_dirtyfrag_root_authorized_keys_X5ChW3,persistence_auth/authorized_keys,persistence_auth,root_session,execve,yes,0,/usr/bin/dash,50-motd-news,/bin/sh /etc/update-motd.d/50-motd-news,/bin/sh /etc/update-motd.d/50-motd-news,/,/etc/update-motd.d/50-motd-news,/etc/update-motd.d/50-motd-news|/bin/sh|/lib64/ld-linux-x86-64.so.2,0,0,1001,17193,17184,(none),48,exec,benign,
1778300229,15381,1.178543,attack_window,20260508_211709_authorized_keys_W9jmSO,20260508_211655_dirtyfrag_root_authorized_keys_X5ChW3,persistence_auth/authorized_keys,persistence_auth,root_session,execve,yes,0,/usr/bin/cat,cat,cat /var/cache/motd-news,cat /var/cache/motd-news,/,/usr/bin/cat,/usr/bin/cat|/lib64/ld-linux-x86-64.so.2,0,0,1001,17194,17193,(none),48,exec,benign,
1778300229,15382,1.178543,attack_window,20260508_211709_authorized_keys_W9jmSO,20260508_211655_dirtyfrag_root_authorized_keys_X5ChW3,persistence_auth/authorized_keys,persistence_auth,root_session,execve,yes,0,/usr/bin/head,head,head -n 10,head -n 10,/,/usr/bin/head,/usr/bin/head|/lib64/ld-linux-x86-64.so.2,0,0,1001,17195,17193,(none),48,exec,benign,
1778300229,15383,1.179543,attack_window,20260508_211709_authorized_keys_W9jmSO,20260508_211655_dirtyfrag_root_authorized_keys_X5ChW3,persistence_auth/authorized_keys,persistence_auth,root_session,execve,yes,0,/usr/bin/tr,tr,tr -d \000-\011\013\014\016-\037,tr -d \000-\011\013\014\016-\037,/,/usr/bin/tr,/usr/bin/tr|/lib64/ld-linux-x86-64.so.2,0,0,1001,17196,17193,(none),48,exec,benign,
1778300229,15384,1.179543,attack_window,20260508_211709_authorized_keys_W9jmSO,20260508_211655_dirtyfrag_root_authorized_keys_X5ChW3,persistence_auth/authorized_keys,persistence_auth,root_session,execve,yes,0,/usr/bin/cut,cut,cut -c -80,cut -c -80,/,/usr/bin/cut,/usr/bin/cut|/lib64/ld-linux-x86-64.so.2,0,0,1001,17197,17193,(none),48,exec,benign,
1778300229,15385,1.182543,attack_window,20260508_211709_authorized_keys_W9jmSO,20260508_211655_dirtyfrag_root_authorized_keys_X5ChW3,persistence_auth/authorized_keys,persistence_auth,root_session,execve,yes,0,/usr/bin/dash,85-fwupd,/bin/sh /etc/update-motd.d/85-fwupd,/bin/sh /etc/update-motd.d/85-fwupd,/,/etc/update-motd.d/85-fwupd,/etc/update-motd.d/85-fwupd|/bin/sh|/lib64/ld-linux-x86-64.so.2,0,0,1001,17198,17184,(none),48,exec,benign,
1778300229,15386,1.183543,attack_window,20260508_211709_authorized_keys_W9jmSO,20260508_211655_dirtyfrag_root_authorized_keys_X5ChW3,persistence_auth/authorized_keys,persistence_auth,root_session,execve,yes,0,/usr/bin/cat,cat,cat /run/motd.d/85-fwupd,cat /run/motd.d/85-fwupd,/,/usr/bin/cat,/usr/bin/cat|/lib64/ld-linux-x86-64.so.2,0,0,1001,17199,17198,(none),48,exec,benign,
1778300229,15387,1.184543,attack_window,20260508_211709_authorized_keys_W9jmSO,20260508_211655_dirtyfrag_root_authorized_keys_X5ChW3,persistence_auth/authorized_keys,persistence_auth,root_session,execve,yes,0,/usr/bin/dash,90-updates-avai,/bin/sh /etc/update-motd.d/90-updates-available,/bin/sh /etc/update-motd.d/90-updates-available,/,/etc/update-motd.d/90-updates-available,/etc/update-motd.d/90-updates-available|/bin/sh|/lib64/ld-linux-x86-64.so.2,0,0,1001,17200,17184,(none),48,exec,benign,
1778300229,15388,1.184543,attack_window,20260508_211709_authorized_keys_W9jmSO,20260508_211655_dirtyfrag_root_authorized_keys_X5ChW3,persistence_auth/authorized_keys,persistence_auth,root_session,execve,yes,0,/usr/bin/cat,cat,cat /var/lib/update-notifier/updates-available,cat /var/lib/update-notifier/updates-available,/,/usr/bin/cat,/usr/bin/cat|/lib64/ld-linux-x86-64.so.2,0,0,1001,17201,17200,(none),48,exec,benign,
1778300229,15389,1.185543,attack_window,20260508_211709_authorized_keys_W9jmSO,20260508_211655_dirtyfrag_root_authorized_keys_X5ChW3,persistence_auth/authorized_keys,persistence_auth,root_session,execve,yes,0,/usr/bin/find,find,find /var/lib/update-notifier/updates-available -newermt now-7 days,find /var/lib/update-notifier/updates-available -newermt now-7 days,/,/usr/bin/find,/usr/bin/find|/lib64/ld-linux-x86-64.so.2,0,0,1001,17202,17200,(none),48,exec,benign,
1778300229,15390,1.185543,attack_window,20260508_211709_authorized_keys_W9jmSO,20260508_211655_dirtyfrag_root_authorized_keys_X5ChW3,persistence_auth/authorized_keys,persistence_auth,root_session,execve,yes,0,/usr/bin/grep,grep,grep -q -m 1 .,grep -q -m 1 .,/,/usr/bin/grep,/usr/bin/grep|/lib64/ld-linux-x86-64.so.2,0,0,1001,17203,17200,(none),48,exec,benign,
1778300229,15391,1.187543,attack_window,20260508_211709_authorized_keys_W9jmSO,20260508_211655_dirtyfrag_root_authorized_keys_X5ChW3,persistence_auth/authorized_keys,persistence_auth,root_session,execve,yes,0,/usr/bin/dash,91-contract-ua-,/bin/sh /etc/update-motd.d/91-contract-ua-esm-status,/bin/sh /etc/update-motd.d/91-contract-ua-esm-status,/,/etc/update-motd.d/91-contract-ua-esm-status,/etc/update-motd.d/91-contract-ua-esm-status|/bin/sh|/lib64/ld-linux-x86-64.so.2,0,0,1001,17204,17184,(none),48,exec,benign,
1778300229,15392,1.188543,attack_window,20260508_211709_authorized_keys_W9jmSO,20260508_211655_dirtyfrag_root_authorized_keys_X5ChW3,persistence_auth/authorized_keys,persistence_auth,root_session,execve,yes,0,/usr/bin/dash,91-release-upgr,/bin/sh /etc/update-motd.d/91-release-upgrade,/bin/sh /etc/update-motd.d/91-release-upgrade,/,/etc/update-motd.d/91-release-upgrade,/etc/update-motd.d/91-release-upgrade|/bin/sh|/lib64/ld-linux-x86-64.so.2,0,0,1001,17205,17184,(none),48,exec,benign,
1778300229,15393,1.189543,attack_window,20260508_211709_authorized_keys_W9jmSO,20260508_211655_dirtyfrag_root_authorized_keys_X5ChW3,persistence_auth/authorized_keys,persistence_auth,root_session,execve,yes,0,/usr/bin/cut,cut,cut -d -f4,cut -d -f4,/,/usr/bin/cut,/usr/bin/cut|/lib64/ld-linux-x86-64.so.2,0,0,1001,17208,17206,(none),48,exec,benign,
1778300229,15394,1.191543,attack_window,20260508_211709_authorized_keys_W9jmSO,20260508_211655_dirtyfrag_root_authorized_keys_X5ChW3,persistence_auth/authorized_keys,persistence_auth,root_session,execve,yes,0,/usr/bin/id,id,id -u,id -u,/,/usr/bin/id,/usr/bin/id|/lib64/ld-linux-x86-64.so.2,0,0,1001,17209,17205,(none),48,exec,benign,
1778300229,15395,1.192543,attack_window,20260508_211709_authorized_keys_W9jmSO,20260508_211655_dirtyfrag_root_authorized_keys_X5ChW3,persistence_auth/authorized_keys,persistence_auth,root_session,execve,yes,0,/usr/bin/dash,release-upgrade,/bin/sh -e /usr/lib/ubuntu-release-upgrader/release-upgrade-motd,/bin/sh /etc/update-motd.d/91-release-upgrade,/,/usr/lib/ubuntu-release-upgrader/release-upgrade-motd,/usr/lib/ubuntu-release-upgrader/release-upgrade-motd|/bin/sh|/lib64/ld-linux-x86-64.so.2,0,0,1001,17205,17184,(none),48,exec,benign,
1778300229,15396,1.193543,attack_window,20260508_211709_authorized_keys_W9jmSO,20260508_211655_dirtyfrag_root_authorized_keys_X5ChW3,persistence_auth/authorized_keys,persistence_auth,root_session,execve,yes,0,/usr/bin/date,date,date +%s,date +%s,/,/usr/bin/date,/usr/bin/date|/lib64/ld-linux-x86-64.so.2,0,0,1001,17210,17205,(none),48,exec,benign,
1778300229,15397,1.194543,attack_window,20260508_211709_authorized_keys_W9jmSO,20260508_211655_dirtyfrag_root_authorized_keys_X5ChW3,persistence_auth/authorized_keys,persistence_auth,root_session,execve,yes,0,/usr/bin/stat,stat,stat -c %Y /var/lib/ubuntu-release-upgrader/release-upgrade-available,stat -c %Y /var/lib/ubuntu-release-upgrader/release-upgrade-available,/,/usr/bin/stat,/usr/bin/stat|/lib64/ld-linux-x86-64.so.2,0,0,1001,17211,17205,(none),48,exec,benign,
1778300229,15398,1.196543,attack_window,20260508_211709_authorized_keys_W9jmSO,20260508_211655_dirtyfrag_root_authorized_keys_X5ChW3,persistence_auth/authorized_keys,persistence_auth,root_session,execve,yes,0,/usr/bin/expr,expr,expr 1778282941 + 86400,expr 1778282941 + 86400,/,/usr/bin/expr,/usr/bin/expr|/lib64/ld-linux-x86-64.so.2,0,0,1001,17212,17205,(none),48,exec,benign,
1778300229,15399,1.197543,attack_window,20260508_211709_authorized_keys_W9jmSO,20260508_211655_dirtyfrag_root_authorized_keys_X5ChW3,persistence_auth/authorized_keys,persistence_auth,root_session,execve,yes,0,/usr/bin/dash,92-unattended-u,/bin/sh /etc/update-motd.d/92-unattended-upgrades,/bin/sh /etc/update-motd.d/92-unattended-upgrades,/,/etc/update-motd.d/92-unattended-upgrades,/etc/update-motd.d/92-unattended-upgrades|/bin/sh|/lib64/ld-linux-x86-64.so.2,0,0,1001,17213,17184,(none),48,exec,benign,
1778300229,15400,1.197543,attack_window,20260508_211709_authorized_keys_W9jmSO,20260508_211655_dirtyfrag_root_authorized_keys_X5ChW3,persistence_auth/authorized_keys,persistence_auth,root_session,execve,yes,0,/usr/bin/dash,update-motd-una,/bin/sh /usr/share/unattended-upgrades/update-motd-unattended-upgrades,/bin/sh /etc/update-motd.d/92-unattended-upgrades,/,/usr/share/unattended-upgrades/update-motd-unattended-upgrades,/usr/share/unattended-upgrades/update-motd-unattended-upgrades|/bin/sh|/lib64/ld-linux-x86-64.so.2,0,0,1001,17213,17184,(none),48,exec,benign,
1778300229,15401,1.198543,attack_window,20260508_211709_authorized_keys_W9jmSO,20260508_211655_dirtyfrag_root_authorized_keys_X5ChW3,persistence_auth/authorized_keys,persistence_auth,root_session,execve,yes,0,/usr/bin/dash,95-hwe-eol,/bin/sh /etc/update-motd.d/95-hwe-eol,/bin/sh /etc/update-motd.d/95-hwe-eol,/,/etc/update-motd.d/95-hwe-eol,/etc/update-motd.d/95-hwe-eol|/bin/sh|/lib64/ld-linux-x86-64.so.2,0,0,1001,17214,17184,(none),48,exec,benign,
1778300229,15402,1.200543,attack_window,20260508_211709_authorized_keys_W9jmSO,20260508_211655_dirtyfrag_root_authorized_keys_X5ChW3,persistence_auth/authorized_keys,persistence_auth,root_session,execve,yes,0,/usr/bin/find,find,find /var/lib/update-notifier/hwe-eol -newermt now-1 days,find /var/lib/update-notifier/hwe-eol -newermt now-1 days,/,/usr/bin/find,/usr/bin/find|/lib64/ld-linux-x86-64.so.2,0,0,1001,17215,17214,(none),48,exec,benign,
1778300229,15403,1.201543,attack_window,20260508_211709_authorized_keys_W9jmSO,20260508_211655_dirtyfrag_root_authorized_keys_X5ChW3,persistence_auth/authorized_keys,persistence_auth,root_session,execve,yes,0,/usr/bin/dash,97-overlayroot,/bin/sh /etc/update-motd.d/97-overlayroot,/bin/sh /etc/update-motd.d/97-overlayroot,/,/etc/update-motd.d/97-overlayroot,/etc/update-motd.d/97-overlayroot|/bin/sh|/lib64/ld-linux-x86-64.so.2,0,0,1001,17216,17184,(none),48,exec,benign,
1778300229,15404,1.203543,attack_window,20260508_211709_authorized_keys_W9jmSO,20260508_211655_dirtyfrag_root_authorized_keys_X5ChW3,persistence_auth/authorized_keys,persistence_auth,root_session,execve,yes,0,/usr/bin/dash,egrep,/bin/sh /usr/bin/egrep overlayroot|/media/root-ro|/media/root-rw /proc/mounts,/bin/sh /usr/bin/egrep overlayroot|/media/root-ro|/media/root-rw /proc/mounts,/,/usr/bin/egrep,/usr/bin/egrep|/bin/sh|/lib64/ld-linux-x86-64.so.2,0,0,1001,17218,17217,(none),48,exec,benign,
1778300229,15405,1.203543,attack_window,20260508_211709_authorized_keys_W9jmSO,20260508_211655_dirtyfrag_root_authorized_keys_X5ChW3,persistence_auth/authorized_keys,persistence_auth,root_session,execve,yes,0,/usr/bin/sort,sort,sort -r,sort -r,/,/usr/bin/sort,/usr/bin/sort|/lib64/ld-linux-x86-64.so.2,0,0,1001,17219,17217,(none),48,exec,benign,
1778300229,15406,1.203543,attack_window,20260508_211709_authorized_keys_W9jmSO,20260508_211655_dirtyfrag_root_authorized_keys_X5ChW3,persistence_auth/authorized_keys,persistence_auth,root_session,execve,no,-2,/usr/bin/dash,egrep,,/bin/sh /usr/bin/egrep overlayroot|/media/root-ro|/media/root-rw /proc/mounts,/,/usr/local/sbin/grep,/usr/local/sbin/grep,0,0,1001,17218,17217,(none),48,exec,benign,
1778300229,15407,1.203543,attack_window,20260508_211709_authorized_keys_W9jmSO,20260508_211655_dirtyfrag_root_authorized_keys_X5ChW3,persistence_auth/authorized_keys,persistence_auth,root_session,execve,no,-2,/usr/bin/dash,egrep,,/bin/sh /usr/bin/egrep overlayroot|/media/root-ro|/media/root-rw /proc/mounts,/,/usr/local/bin/grep,/usr/local/bin/grep,0,0,1001,17218,17217,(none),48,exec,benign,
1778300229,15408,1.203543,attack_window,20260508_211709_authorized_keys_W9jmSO,20260508_211655_dirtyfrag_root_authorized_keys_X5ChW3,persistence_auth/authorized_keys,persistence_auth,root_session,execve,no,-2,/usr/bin/dash,egrep,,/bin/sh /usr/bin/egrep overlayroot|/media/root-ro|/media/root-rw /proc/mounts,/,/usr/sbin/grep,/usr/sbin/grep,0,0,1001,17218,17217,(none),48,exec,benign,
1778300229,15409,1.203543,attack_window,20260508_211709_authorized_keys_W9jmSO,20260508_211655_dirtyfrag_root_authorized_keys_X5ChW3,persistence_auth/authorized_keys,persistence_auth,root_session,execve,yes,0,/usr/bin/grep,grep,grep -E overlayroot|/media/root-ro|/media/root-rw /proc/mounts,/bin/sh /usr/bin/egrep overlayroot|/media/root-ro|/media/root-rw /proc/mounts,/,/usr/bin/grep,/usr/bin/grep|/lib64/ld-linux-x86-64.so.2,0,0,1001,17218,17217,(none),48,exec,benign,
1778300229,15410,1.205543,attack_window,20260508_211709_authorized_keys_W9jmSO,20260508_211655_dirtyfrag_root_authorized_keys_X5ChW3,persistence_auth/authorized_keys,persistence_auth,root_session,execve,yes,0,/usr/bin/dash,98-fsck-at-rebo,/bin/sh /etc/update-motd.d/98-fsck-at-reboot,/bin/sh /etc/update-motd.d/98-fsck-at-reboot,/,/etc/update-motd.d/98-fsck-at-reboot,/etc/update-motd.d/98-fsck-at-reboot|/bin/sh|/lib64/ld-linux-x86-64.so.2,0,0,1001,17220,17184,(none),48,exec,benign,
1778300229,15411,1.206543,attack_window,20260508_211709_authorized_keys_W9jmSO,20260508_211655_dirtyfrag_root_authorized_keys_X5ChW3,persistence_auth/authorized_keys,persistence_auth,root_session,execve,yes,0,/usr/bin/dash,update-motd-fsc,/bin/sh /usr/lib/update-notifier/update-motd-fsck-at-reboot,/bin/sh /etc/update-motd.d/98-fsck-at-reboot,/,/usr/lib/update-notifier/update-motd-fsck-at-reboot,/usr/lib/update-notifier/update-motd-fsck-at-reboot|/bin/sh|/lib64/ld-linux-x86-64.so.2,0,0,1001,17220,17184,(none),48,exec,benign,
1778300229,15412,1.207543,attack_window,20260508_211709_authorized_keys_W9jmSO,20260508_211655_dirtyfrag_root_authorized_keys_X5ChW3,persistence_auth/authorized_keys,persistence_auth,root_session,execve,yes,0,/usr/bin/id,id,id -u,id -u,/,/usr/bin/id,/usr/bin/id|/lib64/ld-linux-x86-64.so.2,0,0,1001,17221,17220,(none),48,exec,benign,
1778300229,15413,1.208543,attack_window,20260508_211709_authorized_keys_W9jmSO,20260508_211655_dirtyfrag_root_authorized_keys_X5ChW3,persistence_auth/authorized_keys,persistence_auth,root_session,execve,yes,0,/usr/bin/stat,stat,stat -c %Y /var/lib/update-notifier/fsck-at-reboot,stat -c %Y /var/lib/update-notifier/fsck-at-reboot,/,/usr/bin/stat,/usr/bin/stat|/lib64/ld-linux-x86-64.so.2,0,0,1001,17222,17220,(none),48,exec,benign,
1778300229,15414,1.210543,attack_window,20260508_211709_authorized_keys_W9jmSO,20260508_211655_dirtyfrag_root_authorized_keys_X5ChW3,persistence_auth/authorized_keys,persistence_auth,root_session,execve,yes,0,/usr/bin/gawk,awk,awk {print $1} /proc/uptime,awk {print $1} /proc/uptime,/,/usr/bin/awk,/usr/bin/awk|/lib64/ld-linux-x86-64.so.2,0,0,1001,17224,17223,(none),48,exec,benign,
1778300229,15415,1.211543,attack_window,20260508_211709_authorized_keys_W9jmSO,20260508_211655_dirtyfrag_root_authorized_keys_X5ChW3,persistence_auth/authorized_keys,persistence_auth,root_session,execve,yes,0,/usr/bin/date,date,date -d now - 2475.77 seconds +%s,date -d now - 2475.77 seconds +%s,/,/usr/bin/date,/usr/bin/date|/lib64/ld-linux-x86-64.so.2,0,0,1001,17223,17220,(none),48,exec,benign,
1778300229,15416,1.213543,attack_window,20260508_211709_authorized_keys_W9jmSO,20260508_211655_dirtyfrag_root_authorized_keys_X5ChW3,persistence_auth/authorized_keys,persistence_auth,root_session,execve,yes,0,/usr/bin/date,date,date +%s,date +%s,/,/usr/bin/date,/usr/bin/date|/lib64/ld-linux-x86-64.so.2,0,0,1001,17225,17220,(none),48,exec,benign,
1778300229,15417,1.213543,attack_window,20260508_211709_authorized_keys_W9jmSO,20260508_211655_dirtyfrag_root_authorized_keys_X5ChW3,persistence_auth/authorized_keys,persistence_auth,root_session,execve,yes,0,/usr/bin/cat,cat,cat /var/lib/update-notifier/fsck-at-reboot,cat /var/lib/update-notifier/fsck-at-reboot,/,/usr/bin/cat,/usr/bin/cat|/lib64/ld-linux-x86-64.so.2,0,0,1001,17226,17220,(none),48,exec,benign,
1778300229,15418,1.215543,attack_window,20260508_211709_authorized_keys_W9jmSO,20260508_211655_dirtyfrag_root_authorized_keys_X5ChW3,persistence_auth/authorized_keys,persistence_auth,root_session,execve,yes,0,/usr/bin/dash,98-reboot-requi,/bin/sh /etc/update-motd.d/98-reboot-required,/bin/sh /etc/update-motd.d/98-reboot-required,/,/etc/update-motd.d/98-reboot-required,/etc/update-motd.d/98-reboot-required|/bin/sh|/lib64/ld-linux-x86-64.so.2,0,0,1001,17227,17184,(none),48,exec,benign,
1778300229,15419,1.215543,attack_window,20260508_211709_authorized_keys_W9jmSO,20260508_211655_dirtyfrag_root_authorized_keys_X5ChW3,persistence_auth/authorized_keys,persistence_auth,root_session,execve,yes,0,/usr/bin/dash,update-motd-reb,/bin/sh -e /usr/lib/update-notifier/update-motd-reboot-required,/bin/sh /etc/update-motd.d/98-reboot-required,/,/usr/lib/update-notifier/update-motd-reboot-required,/usr/lib/update-notifier/update-motd-reboot-required|/bin/sh|/lib64/ld-linux-x86-64.so.2,0,0,1001,17227,17184,(none),48,exec,benign,
1778300229,15420,1.217543,attack_window,20260508_211709_authorized_keys_W9jmSO,20260508_211655_dirtyfrag_root_authorized_keys_X5ChW3,persistence_auth/authorized_keys,persistence_auth,root_session,rename,yes,0,/usr/sbin/sshd,sshd,,/usr/sbin/sshd -D -R,/,/run/,/run/|/run/motd.dynamic.new|/run/motd.dynamic,0,0,1001,17181,9653,(none),48,file_destroy,benign,
1778300229,15421,1.217543,attack_window,20260508_211709_authorized_keys_W9jmSO,20260508_211655_dirtyfrag_root_authorized_keys_X5ChW3,persistence_auth/authorized_keys,persistence_auth,root_session,connect,yes,0,/usr/sbin/sshd,sshd,,/usr/sbin/sshd -D -R,/,/run/systemd/userdb/io.systemd.DynamicUser,/run/systemd/userdb/io.systemd.DynamicUser,0,0,1001,17181,9653,(none),48,network_connect,benign,
1778300229,15422,1.217543,attack_window,20260508_211709_authorized_keys_W9jmSO,20260508_211655_dirtyfrag_root_authorized_keys_X5ChW3,persistence_auth/authorized_keys,persistence_auth,root_session,connect,yes,0,/usr/sbin/sshd,sshd,,/usr/sbin/sshd -D -R,/,/run/systemd/userdb/io.systemd.DynamicUser,/run/systemd/userdb/io.systemd.DynamicUser,0,0,1001,17181,9653,(none),48,network_connect,benign,
1778300229,15423,1.218543,attack_window,20260508_211709_authorized_keys_W9jmSO,20260508_211655_dirtyfrag_root_authorized_keys_X5ChW3,persistence_auth/authorized_keys,persistence_auth,root_session,connect,yes,0,/usr/sbin/sshd,sshd,,/usr/sbin/sshd -D -R,/,/run/systemd/userdb/io.systemd.DynamicUser,/run/systemd/userdb/io.systemd.DynamicUser,0,0,1001,17181,9653,(none),48,network_connect,benign,
1778300229,15424,1.219543,attack_window,20260508_211709_authorized_keys_W9jmSO,20260508_211655_dirtyfrag_root_authorized_keys_X5ChW3,persistence_auth/authorized_keys,persistence_auth,root_session,connect,yes,0,/usr/sbin/sshd,sshd,,/usr/sbin/sshd -D -R,/,/run/systemd/userdb/io.systemd.DynamicUser,/run/systemd/userdb/io.systemd.DynamicUser,0,0,1001,17181,9653,(none),48,network_connect,benign,
1778300229,15425,1.219543,attack_window,20260508_211709_authorized_keys_W9jmSO,20260508_211655_dirtyfrag_root_authorized_keys_X5ChW3,persistence_auth/authorized_keys,persistence_auth,root_session,connect,yes,0,/usr/sbin/sshd,sshd,,/usr/sbin/sshd -D -R,/,/run/systemd/userdb/io.systemd.DynamicUser,/run/systemd/userdb/io.systemd.DynamicUser,0,0,1001,17181,9653,(none),48,network_connect,benign,
1778300229,15426,1.219543,attack_window,20260508_211709_authorized_keys_W9jmSO,20260508_211655_dirtyfrag_root_authorized_keys_X5ChW3,persistence_auth/authorized_keys,persistence_auth,root_session,,,,,,,,,,,,,,,,,,,ambiguous,
1778300229,15427,1.220543,attack_window,20260508_211709_authorized_keys_W9jmSO,20260508_211655_dirtyfrag_root_authorized_keys_X5ChW3,persistence_auth/authorized_keys,persistence_auth,root_session,setgid,yes,0,/usr/sbin/sshd,sshd,,sshd: deploy-rkejw [priv],,,,0,0,1001,17228,17181,(none),48,privilege_transition,benign,
1778300229,15428,1.220543,attack_window,20260508_211709_authorized_keys_W9jmSO,20260508_211655_dirtyfrag_root_authorized_keys_X5ChW3,persistence_auth/authorized_keys,persistence_auth,root_session,connect,yes,0,/usr/sbin/sshd,sshd,,sshd: deploy-rkejw [priv],/,/run/systemd/userdb/io.systemd.DynamicUser,/run/systemd/userdb/io.systemd.DynamicUser,0,0,1001,17228,17181,(none),48,network_connect,benign,
1778300229,15429,1.220543,attack_window,20260508_211709_authorized_keys_W9jmSO,20260508_211655_dirtyfrag_root_authorized_keys_X5ChW3,persistence_auth/authorized_keys,persistence_auth,root_session,connect,yes,0,/usr/sbin/sshd,sshd,,sshd: deploy-rkejw [priv],/,/run/systemd/userdb/io.systemd.DynamicUser,/run/systemd/userdb/io.systemd.DynamicUser,0,0,1001,17228,17181,(none),48,network_connect,benign,
1778300229,15430,1.220543,attack_window,20260508_211709_authorized_keys_W9jmSO,20260508_211655_dirtyfrag_root_authorized_keys_X5ChW3,persistence_auth/authorized_keys,persistence_auth,root_session,126,yes,0,/usr/sbin/sshd,sshd,,sshd: deploy-rkejw [priv],,,,0,0,1001,17228,17181,(none),48,privilege_transition,benign,
1778300229,15431,1.220543,attack_window,20260508_211709_authorized_keys_W9jmSO,20260508_211655_dirtyfrag_root_authorized_keys_X5ChW3,persistence_auth/authorized_keys,persistence_auth,root_session,,,,,,,,,,,,,,,,,,,ambiguous,
1778300229,15432,1.220543,attack_window,20260508_211709_authorized_keys_W9jmSO,20260508_211655_dirtyfrag_root_authorized_keys_X5ChW3,persistence_auth/authorized_keys,persistence_auth,root_session,setresgid,yes,0,/usr/sbin/sshd,sshd,,sshd: deploy-rkejw [priv],,,,0,0,1001,17228,17181,(none),48,privilege_transition,benign,
1778300229,15433,1.220543,attack_window,20260508_211709_authorized_keys_W9jmSO,20260508_211655_dirtyfrag_root_authorized_keys_X5ChW3,persistence_auth/authorized_keys,persistence_auth,root_session,setresuid,yes,0,/usr/sbin/sshd,sshd,,sshd: deploy-rkejw [priv],,,,1001,1001,1001,17228,17181,(none),48,privilege_transition,benign,
1778300229,15434,1.220543,attack_window,20260508_211709_authorized_keys_W9jmSO,20260508_211655_dirtyfrag_root_authorized_keys_X5ChW3,persistence_auth/authorized_keys,persistence_auth,root_session,setuid,no,-1,/usr/sbin/sshd,sshd,,sshd: deploy-rkejw [priv],,,,1001,1001,1001,17228,17181,(none),48,privilege_transition,benign,
1778300229,15435,1.220543,attack_window,20260508_211709_authorized_keys_W9jmSO,20260508_211655_dirtyfrag_root_authorized_keys_X5ChW3,persistence_auth/authorized_keys,persistence_auth,root_session,setresuid,no,-1,/usr/sbin/sshd,sshd,,sshd: deploy-rkejw [priv],,,,1001,1001,1001,17228,17181,(none),48,privilege_transition,benign,
1778300229,15436,1.272543,attack_window,20260508_211709_authorized_keys_W9jmSO,20260508_211655_dirtyfrag_root_authorized_keys_X5ChW3,persistence_auth/authorized_keys,persistence_auth,root_session,execve,yes,0,/usr/bin/bash,bash,bash -c grep -q -- __AEGIS_ROOT_SESSION_DONE_20260508_211709_authorized_keys_W9jmSO__ /tmp/.cache/aegis_dirtyfrag_20260508_211658_root_dirtyfrag_t1hRDK/root_shell.log,bash -c grep -q -- __AEGIS_ROOT_SESSION_DONE_20260508_211709_authorized_keys_W9jmSO__ /tmp/.cache/aegis_dirtyfrag_20260508_21165,/home/deploy-rkejw,/bin/bash,/bin/bash|/lib64/ld-linux-x86-64.so.2,1001,1001,1001,17229,17228,(none),48,shell_exec,benign,
1778300229,15437,1.274543,attack_window,20260508_211709_authorized_keys_W9jmSO,20260508_211655_dirtyfrag_root_authorized_keys_X5ChW3,persistence_auth/authorized_keys,persistence_auth,root_session,execve,yes,0,/usr/bin/grep,grep,grep -q -- __AEGIS_ROOT_SESSION_DONE_20260508_211709_authorized_keys_W9jmSO__ /tmp/.cache/aegis_dirtyfrag_20260508_211658_root_dirtyfrag_t1hRDK/root_shell.log,bash -c grep -q -- __AEGIS_ROOT_SESSION_DONE_20260508_211709_authorized_keys_W9jmSO__ /tmp/.cache/aegis_dirtyfrag_20260508_21165,/home/deploy-rkejw,/usr/bin/grep,/usr/bin/grep|/lib64/ld-linux-x86-64.so.2,1001,1001,1001,17229,17228,(none),48,exec,benign,
1778300229,15438,1.276543,attack_window,20260508_211709_authorized_keys_W9jmSO,20260508_211655_dirtyfrag_root_authorized_keys_X5ChW3,persistence_auth/authorized_keys,persistence_auth,root_session,connect,yes,0,/usr/sbin/sshd,sshd,,sshd: deploy-rkejw [priv],/,/dev/log,/dev/log,1001,1001,1001,17228,17181,(none),48,network_connect,benign,
1778300229,15439,1.276543,attack_window,20260508_211709_authorized_keys_W9jmSO,20260508_211655_dirtyfrag_root_authorized_keys_X5ChW3,persistence_auth/authorized_keys,persistence_auth,root_session,114,yes,0,/usr/sbin/sshd,sshd,,/usr/sbin/sshd -D -R,,,,0,0,1001,17181,9653,(none),48,privilege_transition,benign,
1778300229,15440,1.276543,attack_window,20260508_211709_authorized_keys_W9jmSO,20260508_211655_dirtyfrag_root_authorized_keys_X5ChW3,persistence_auth/authorized_keys,persistence_auth,root_session,setresuid,yes,0,/usr/sbin/sshd,sshd,,/usr/sbin/sshd -D -R,,,,0,1001,1001,17181,9653,(none),48,privilege_transition,benign,
1778300229,15441,1.276543,attack_window,20260508_211709_authorized_keys_W9jmSO,20260508_211655_dirtyfrag_root_authorized_keys_X5ChW3,persistence_auth/authorized_keys,persistence_auth,root_session,113,yes,0,/usr/sbin/sshd,sshd,,/usr/sbin/sshd -D -R,,,,0,0,1001,17181,9653,(none),48,privilege_transition,benign,
1778300229,15442,1.276543,attack_window,20260508_211709_authorized_keys_W9jmSO,20260508_211655_dirtyfrag_root_authorized_keys_X5ChW3,persistence_auth/authorized_keys,persistence_auth,root_session,114,yes,0,/usr/sbin/sshd,sshd,,/usr/sbin/sshd -D -R,,,,0,0,1001,17181,9653,(none),48,privilege_transition,benign,
1778300229,15443,1.276543,attack_window,20260508_211709_authorized_keys_W9jmSO,20260508_211655_dirtyfrag_root_authorized_keys_X5ChW3,persistence_auth/authorized_keys,persistence_auth,root_session,connect,yes,0,/usr/sbin/sshd,sshd,,/usr/sbin/sshd -D -R,/,/run/dbus/system_bus_socket,/run/dbus/system_bus_socket,0,0,1001,17181,9653,(none),48,network_connect,benign,
1778300229,15444,1.277543,attack_window,20260508_211709_authorized_keys_W9jmSO,20260508_211655_dirtyfrag_root_authorized_keys_X5ChW3,persistence_auth/authorized_keys,persistence_auth,root_session,,,,,,,,,,,,,,,,,,,ambiguous,
1778300229,15445,1.277543,attack_window,20260508_211709_authorized_keys_W9jmSO,20260508_211655_dirtyfrag_root_authorized_keys_X5ChW3,persistence_auth/authorized_keys,persistence_auth,root_session,,,,,,,,,,,,,,,,,,,ambiguous,
1778300229,15446,1.277543,attack_window,20260508_211709_authorized_keys_W9jmSO,20260508_211655_dirtyfrag_root_authorized_keys_X5ChW3,persistence_auth/authorized_keys,persistence_auth,root_session,setresgid,yes,0,/usr/sbin/sshd,sshd,,/usr/sbin/sshd -D -R,,,,0,0,1001,17181,9653,(none),48,privilege_transition,benign,
1778300229,15447,1.277543,attack_window,20260508_211709_authorized_keys_W9jmSO,20260508_211655_dirtyfrag_root_authorized_keys_X5ChW3,persistence_auth/authorized_keys,persistence_auth,root_session,setresuid,yes,0,/usr/sbin/sshd,sshd,,/usr/sbin/sshd -D -R,,,,0,1001,1001,17181,9653,(none),48,privilege_transition,benign,
1778300229,15448,1.277543,attack_window,20260508_211709_authorized_keys_W9jmSO,20260508_211655_dirtyfrag_root_authorized_keys_X5ChW3,persistence_auth/authorized_keys,persistence_auth,root_session,setresuid,yes,0,/usr/sbin/sshd,sshd,,/usr/sbin/sshd -D -R,,,,0,0,1001,17181,9653,(none),48,privilege_transition,benign,
1778300229,15449,1.277543,attack_window,20260508_211709_authorized_keys_W9jmSO,20260508_211655_dirtyfrag_root_authorized_keys_X5ChW3,persistence_auth/authorized_keys,persistence_auth,root_session,setresgid,yes,0,/usr/sbin/sshd,sshd,,/usr/sbin/sshd -D -R,,,,0,0,1001,17181,9653,(none),48,privilege_transition,benign,
1778300230,15450,1.289543,attack_window,20260508_211709_authorized_keys_W9jmSO,20260508_211655_dirtyfrag_root_authorized_keys_X5ChW3,persistence_auth/authorized_keys,persistence_auth,root_session,execve,yes,0,/usr/sbin/sshd,sshd,/usr/sbin/sshd -D -R,/usr/sbin/sshd -D -R,/,/usr/sbin/sshd,/usr/sbin/sshd|/lib64/ld-linux-x86-64.so.2,0,0,4294967295,17230,9653,(none),4294967295,exec,benign,
1778300230,15451,1.292543,attack_window,20260508_211709_authorized_keys_W9jmSO,20260508_211655_dirtyfrag_root_authorized_keys_X5ChW3,persistence_auth/authorized_keys,persistence_auth,root_session,connect,no,-2,/usr/sbin/sshd,sshd,,/usr/sbin/sshd -D -R,/,/var/run/nscd/socket,/var/run/nscd/socket,0,0,4294967295,17230,9653,(none),4294967295,network_connect,benign,
1778300230,15452,1.292543,attack_window,20260508_211709_authorized_keys_W9jmSO,20260508_211655_dirtyfrag_root_authorized_keys_X5ChW3,persistence_auth/authorized_keys,persistence_auth,root_session,connect,yes,0,/usr/sbin/sshd,sshd,,/usr/sbin/sshd -D -R,,,,0,0,4294967295,17230,9653,(none),4294967295,network_connect,benign,
1778300230,15453,1.292543,attack_window,20260508_211709_authorized_keys_W9jmSO,20260508_211655_dirtyfrag_root_authorized_keys_X5ChW3,persistence_auth/authorized_keys,persistence_auth,root_session,connect,yes,0,/usr/sbin/sshd,sshd,,/usr/sbin/sshd -D -R,,,,0,0,4294967295,17230,9653,(none),4294967295,network_connect,benign,
1778300230,15454,1.292543,attack_window,20260508_211709_authorized_keys_W9jmSO,20260508_211655_dirtyfrag_root_authorized_keys_X5ChW3,persistence_auth/authorized_keys,persistence_auth,root_session,connect,yes,0,/usr/sbin/sshd,sshd,,/usr/sbin/sshd -D -R,,,,0,0,4294967295,17230,9653,(none),4294967295,network_connect,benign,
1778300230,15455,1.292543,attack_window,20260508_211709_authorized_keys_W9jmSO,20260508_211655_dirtyfrag_root_authorized_keys_X5ChW3,persistence_auth/authorized_keys,persistence_auth,root_session,connect,no,-2,/usr/sbin/sshd,sshd,,/usr/sbin/sshd -D -R,/,/var/run/nscd/socket,/var/run/nscd/socket,0,0,4294967295,17230,9653,(none),4294967295,network_connect,benign,
1778300230,15456,1.292543,attack_window,20260508_211709_authorized_keys_W9jmSO,20260508_211655_dirtyfrag_root_authorized_keys_X5ChW3,persistence_auth/authorized_keys,persistence_auth,root_session,connect,no,-2,/usr/sbin/sshd,sshd,,/usr/sbin/sshd -D -R,/,/var/run/nscd/socket,/var/run/nscd/socket,0,0,4294967295,17230,9653,(none),4294967295,network_connect,benign,
1778300230,15457,1.295543,attack_window,20260508_211709_authorized_keys_W9jmSO,20260508_211655_dirtyfrag_root_authorized_keys_X5ChW3,persistence_auth/authorized_keys,persistence_auth,root_session,setresgid,yes,0,/usr/sbin/sshd,sshd,,sshd: [accepted],,,,0,0,4294967295,17231,17230,(none),4294967295,privilege_transition,benign,
1778300230,15458,1.295543,attack_window,20260508_211709_authorized_keys_W9jmSO,20260508_211655_dirtyfrag_root_authorized_keys_X5ChW3,persistence_auth/authorized_keys,persistence_auth,root_session,setresuid,yes,0,/usr/sbin/sshd,sshd,,sshd: [accepted],,,,109,109,4294967295,17231,17230,(none),4294967295,privilege_transition,benign,
1778300230,15459,1.295543,attack_window,20260508_211709_authorized_keys_W9jmSO,20260508_211655_dirtyfrag_root_authorized_keys_X5ChW3,persistence_auth/authorized_keys,persistence_auth,root_session,setgid,no,-1,/usr/sbin/sshd,sshd,,sshd: [accepted],,,,109,109,4294967295,17231,17230,(none),4294967295,privilege_transition,benign,
1778300230,15460,1.295543,attack_window,20260508_211709_authorized_keys_W9jmSO,20260508_211655_dirtyfrag_root_authorized_keys_X5ChW3,persistence_auth/authorized_keys,persistence_auth,root_session,setresgid,no,-1,/usr/sbin/sshd,sshd,,sshd: [accepted],,,,109,109,4294967295,17231,17230,(none),4294967295,privilege_transition,benign,
1778300230,15461,1.295543,attack_window,20260508_211709_authorized_keys_W9jmSO,20260508_211655_dirtyfrag_root_authorized_keys_X5ChW3,persistence_auth/authorized_keys,persistence_auth,root_session,setuid,no,-1,/usr/sbin/sshd,sshd,,sshd: [accepted],,,,109,109,4294967295,17231,17230,(none),4294967295,privilege_transition,benign,
1778300230,15462,1.295543,attack_window,20260508_211709_authorized_keys_W9jmSO,20260508_211655_dirtyfrag_root_authorized_keys_X5ChW3,persistence_auth/authorized_keys,persistence_auth,root_session,setresuid,no,-1,/usr/sbin/sshd,sshd,,sshd: [accepted],,,,109,109,4294967295,17231,17230,(none),4294967295,privilege_transition,benign,
1778300230,15463,1.395543,attack_window,20260508_211709_authorized_keys_W9jmSO,20260508_211655_dirtyfrag_root_authorized_keys_X5ChW3,persistence_auth/authorized_keys,persistence_auth,root_session,connect,no,-2,/usr/sbin/sshd,sshd,,/usr/sbin/sshd -D -R,/,/var/run/nscd/socket,/var/run/nscd/socket,0,0,4294967295,17230,9653,(none),4294967295,network_connect,benign,
1778300230,15464,1.395543,attack_window,20260508_211709_authorized_keys_W9jmSO,20260508_211655_dirtyfrag_root_authorized_keys_X5ChW3,persistence_auth/authorized_keys,persistence_auth,root_session,connect,no,-2,/usr/sbin/sshd,sshd,,/usr/sbin/sshd -D -R,/,/var/run/nscd/socket,/var/run/nscd/socket,0,0,4294967295,17230,9653,(none),4294967295,network_connect,benign,
1778300230,15465,1.395543,attack_window,20260508_211709_authorized_keys_W9jmSO,20260508_211655_dirtyfrag_root_authorized_keys_X5ChW3,persistence_auth/authorized_keys,persistence_auth,root_session,connect,yes,0,/usr/sbin/sshd,sshd,,/usr/sbin/sshd -D -R,/,/run/systemd/userdb/io.systemd.DynamicUser,/run/systemd/userdb/io.systemd.DynamicUser,0,0,4294967295,17230,9653,(none),4294967295,network_connect,benign,
1778300230,15466,1.396543,attack_window,20260508_211709_authorized_keys_W9jmSO,20260508_211655_dirtyfrag_root_authorized_keys_X5ChW3,persistence_auth/authorized_keys,persistence_auth,root_session,setresgid,yes,0,/usr/sbin/sshd,sshd,,/usr/sbin/sshd -D -R,,,,0,0,4294967295,17230,9653,(none),4294967295,privilege_transition,benign,
1778300230,15467,1.396543,attack_window,20260508_211709_authorized_keys_W9jmSO,20260508_211655_dirtyfrag_root_authorized_keys_X5ChW3,persistence_auth/authorized_keys,persistence_auth,root_session,setresuid,yes,0,/usr/sbin/sshd,sshd,,/usr/sbin/sshd -D -R,,,,0,1001,4294967295,17230,9653,(none),4294967295,privilege_transition,benign,
1778300230,15468,1.396543,attack_window,20260508_211709_authorized_keys_W9jmSO,20260508_211655_dirtyfrag_root_authorized_keys_X5ChW3,persistence_auth/authorized_keys,persistence_auth,root_session,setresuid,yes,0,/usr/sbin/sshd,sshd,,/usr/sbin/sshd -D -R,,,,0,0,4294967295,17230,9653,(none),4294967295,privilege_transition,benign,
1778300230,15469,1.396543,attack_window,20260508_211709_authorized_keys_W9jmSO,20260508_211655_dirtyfrag_root_authorized_keys_X5ChW3,persistence_auth/authorized_keys,persistence_auth,root_session,setresgid,yes,0,/usr/sbin/sshd,sshd,,/usr/sbin/sshd -D -R,,,,0,0,4294967295,17230,9653,(none),4294967295,privilege_transition,benign,
1778300230,15470,1.396543,attack_window,20260508_211709_authorized_keys_W9jmSO,20260508_211655_dirtyfrag_root_authorized_keys_X5ChW3,persistence_auth/authorized_keys,persistence_auth,root_session,setresgid,yes,0,/usr/sbin/sshd,sshd,,/usr/sbin/sshd -D -R,,,,0,0,4294967295,17230,9653,(none),4294967295,privilege_transition,benign,
1778300230,15471,1.396543,attack_window,20260508_211709_authorized_keys_W9jmSO,20260508_211655_dirtyfrag_root_authorized_keys_X5ChW3,persistence_auth/authorized_keys,persistence_auth,root_session,setresuid,yes,0,/usr/sbin/sshd,sshd,,/usr/sbin/sshd -D -R,,,,0,1001,4294967295,17230,9653,(none),4294967295,privilege_transition,benign,
1778300230,15472,1.396543,attack_window,20260508_211709_authorized_keys_W9jmSO,20260508_211655_dirtyfrag_root_authorized_keys_X5ChW3,persistence_auth/authorized_keys,persistence_auth,root_session,setresuid,yes,0,/usr/sbin/sshd,sshd,,/usr/sbin/sshd -D -R,,,,0,0,4294967295,17230,9653,(none),4294967295,privilege_transition,benign,
1778300230,15473,1.396543,attack_window,20260508_211709_authorized_keys_W9jmSO,20260508_211655_dirtyfrag_root_authorized_keys_X5ChW3,persistence_auth/authorized_keys,persistence_auth,root_session,setresgid,yes,0,/usr/sbin/sshd,sshd,,/usr/sbin/sshd -D -R,,,,0,0,4294967295,17230,9653,(none),4294967295,privilege_transition,benign,
1778300230,15474,1.396543,attack_window,20260508_211709_authorized_keys_W9jmSO,20260508_211655_dirtyfrag_root_authorized_keys_X5ChW3,persistence_auth/authorized_keys,persistence_auth,root_session,,,,,,,,,,,,,,,,,,,ambiguous,
1778300230,15475,1.404543,attack_window,20260508_211709_authorized_keys_W9jmSO,20260508_211655_dirtyfrag_root_authorized_keys_X5ChW3,persistence_auth/authorized_keys,persistence_auth,root_session,setresgid,yes,0,/usr/sbin/sshd,sshd,,/usr/sbin/sshd -D -R,,,,0,0,4294967295,17230,9653,(none),4294967295,privilege_transition,benign,
1778300230,15476,1.404543,attack_window,20260508_211709_authorized_keys_W9jmSO,20260508_211655_dirtyfrag_root_authorized_keys_X5ChW3,persistence_auth/authorized_keys,persistence_auth,root_session,setresuid,yes,0,/usr/sbin/sshd,sshd,,/usr/sbin/sshd -D -R,,,,0,1001,4294967295,17230,9653,(none),4294967295,privilege_transition,benign,
1778300230,15477,1.404543,attack_window,20260508_211709_authorized_keys_W9jmSO,20260508_211655_dirtyfrag_root_authorized_keys_X5ChW3,persistence_auth/authorized_keys,persistence_auth,root_session,setresuid,yes,0,/usr/sbin/sshd,sshd,,/usr/sbin/sshd -D -R,,,,0,0,4294967295,17230,9653,(none),4294967295,privilege_transition,benign,
1778300230,15478,1.404543,attack_window,20260508_211709_authorized_keys_W9jmSO,20260508_211655_dirtyfrag_root_authorized_keys_X5ChW3,persistence_auth/authorized_keys,persistence_auth,root_session,setresgid,yes,0,/usr/sbin/sshd,sshd,,/usr/sbin/sshd -D -R,,,,0,0,4294967295,17230,9653,(none),4294967295,privilege_transition,benign,
1778300230,15479,1.404543,attack_window,20260508_211709_authorized_keys_W9jmSO,20260508_211655_dirtyfrag_root_authorized_keys_X5ChW3,persistence_auth/authorized_keys,persistence_auth,root_session,setresgid,yes,0,/usr/sbin/sshd,sshd,,/usr/sbin/sshd -D -R,,,,0,0,4294967295,17230,9653,(none),4294967295,privilege_transition,benign,
1778300230,15480,1.404543,attack_window,20260508_211709_authorized_keys_W9jmSO,20260508_211655_dirtyfrag_root_authorized_keys_X5ChW3,persistence_auth/authorized_keys,persistence_auth,root_session,setresuid,yes,0,/usr/sbin/sshd,sshd,,/usr/sbin/sshd -D -R,,,,0,1001,4294967295,17230,9653,(none),4294967295,privilege_transition,benign,
1778300230,15481,1.404543,attack_window,20260508_211709_authorized_keys_W9jmSO,20260508_211655_dirtyfrag_root_authorized_keys_X5ChW3,persistence_auth/authorized_keys,persistence_auth,root_session,setresuid,yes,0,/usr/sbin/sshd,sshd,,/usr/sbin/sshd -D -R,,,,0,0,4294967295,17230,9653,(none),4294967295,privilege_transition,benign,
1778300230,15482,1.404543,attack_window,20260508_211709_authorized_keys_W9jmSO,20260508_211655_dirtyfrag_root_authorized_keys_X5ChW3,persistence_auth/authorized_keys,persistence_auth,root_session,setresgid,yes,0,/usr/sbin/sshd,sshd,,/usr/sbin/sshd -D -R,,,,0,0,4294967295,17230,9653,(none),4294967295,privilege_transition,benign,
1778300230,15483,1.404543,attack_window,20260508_211709_authorized_keys_W9jmSO,20260508_211655_dirtyfrag_root_authorized_keys_X5ChW3,persistence_auth/authorized_keys,persistence_auth,root_session,,,,,,,,,,,,,,,,,,,ambiguous,
1778300230,15484,1.434543,attack_window,20260508_211709_authorized_keys_W9jmSO,20260508_211655_dirtyfrag_root_authorized_keys_X5ChW3,persistence_auth/authorized_keys,persistence_auth,root_session,connect,yes,0,/usr/sbin/sshd,sshd,,/usr/sbin/sshd -D -R,/,/run/systemd/userdb/io.systemd.DynamicUser,/run/systemd/userdb/io.systemd.DynamicUser,0,0,4294967295,17230,9653,(none),4294967295,network_connect,benign,
1778300230,15485,1.434543,attack_window,20260508_211709_authorized_keys_W9jmSO,20260508_211655_dirtyfrag_root_authorized_keys_X5ChW3,persistence_auth/authorized_keys,persistence_auth,root_session,,,,,,,,,,,,,,,,,,,ambiguous,
1778300230,15486,1.444543,attack_window,20260508_211709_authorized_keys_W9jmSO,20260508_211655_dirtyfrag_root_authorized_keys_X5ChW3,persistence_auth/authorized_keys,persistence_auth,root_session,,,,,,,,,,,,,,,,,,,ambiguous,
1778300230,15487,1.444543,attack_window,20260508_211709_authorized_keys_W9jmSO,20260508_211655_dirtyfrag_root_authorized_keys_X5ChW3,persistence_auth/authorized_keys,persistence_auth,root_session,connect,yes,0,/usr/sbin/sshd,sshd,,/usr/sbin/sshd -D -R,/,/dev/log,/dev/log,0,0,4294967295,17230,9653,(none),4294967295,network_connect,benign,
1778300230,15488,1.445543,attack_window,20260508_211709_authorized_keys_W9jmSO,20260508_211655_dirtyfrag_root_authorized_keys_X5ChW3,persistence_auth/authorized_keys,persistence_auth,root_session,connect,yes,0,/usr/sbin/sshd,sshd,,/usr/sbin/sshd -D -R,/,/run/systemd/userdb/io.systemd.DynamicUser,/run/systemd/userdb/io.systemd.DynamicUser,0,0,4294967295,17230,9653,(none),4294967295,network_connect,benign,
1778300230,15489,1.445543,attack_window,20260508_211709_authorized_keys_W9jmSO,20260508_211655_dirtyfrag_root_authorized_keys_X5ChW3,persistence_auth/authorized_keys,persistence_auth,root_session,126,yes,0,/usr/sbin/sshd,sshd,,/usr/sbin/sshd -D -R,,,,0,0,4294967295,17230,9653,(none),4294967295,privilege_transition,benign,
1778300230,15490,1.446543,attack_window,20260508_211709_authorized_keys_W9jmSO,20260508_211655_dirtyfrag_root_authorized_keys_X5ChW3,persistence_auth/authorized_keys,persistence_auth,root_session,,,,,,,,,,,,,,,,,,,ambiguous,
1778300230,15491,1.446543,attack_window,20260508_211709_authorized_keys_W9jmSO,20260508_211655_dirtyfrag_root_authorized_keys_X5ChW3,persistence_auth/authorized_keys,persistence_auth,root_session,77,yes,0,/usr/sbin/sshd,sshd,,/usr/sbin/sshd -D -R,,,,0,0,4294967295,17230,9653,(none),4294967295,file_destroy,benign,
1778300230,15492,1.446543,attack_window,20260508_211709_authorized_keys_W9jmSO,20260508_211655_dirtyfrag_root_authorized_keys_X5ChW3,persistence_auth/authorized_keys,persistence_auth,root_session,write,yes,4,/usr/sbin/sshd,sshd,,/usr/sbin/sshd -D -R,,,,0,0,1001,17230,9653,(none),49,(null),benign,
1778300230,15493,1.446543,attack_window,20260508_211709_authorized_keys_W9jmSO,20260508_211655_dirtyfrag_root_authorized_keys_X5ChW3,persistence_auth/authorized_keys,persistence_auth,root_session,114,yes,0,/usr/sbin/sshd,sshd,,/usr/sbin/sshd -D -R,,,,0,0,1001,17230,9653,(none),49,privilege_transition,benign,
1778300230,15494,1.446543,attack_window,20260508_211709_authorized_keys_W9jmSO,20260508_211655_dirtyfrag_root_authorized_keys_X5ChW3,persistence_auth/authorized_keys,persistence_auth,root_session,113,yes,0,/usr/sbin/sshd,sshd,,/usr/sbin/sshd -D -R,,,,1001,0,1001,17230,9653,(none),49,privilege_transition,benign,
1778300230,15495,1.446543,attack_window,20260508_211709_authorized_keys_W9jmSO,20260508_211655_dirtyfrag_root_authorized_keys_X5ChW3,persistence_auth/authorized_keys,persistence_auth,root_session,113,yes,0,/usr/sbin/sshd,sshd,,/usr/sbin/sshd -D -R,,,,0,0,1001,17230,9653,(none),49,privilege_transition,benign,
1778300230,15496,1.446543,attack_window,20260508_211709_authorized_keys_W9jmSO,20260508_211655_dirtyfrag_root_authorized_keys_X5ChW3,persistence_auth/authorized_keys,persistence_auth,root_session,114,yes,0,/usr/sbin/sshd,sshd,,/usr/sbin/sshd -D -R,,,,0,0,1001,17230,9653,(none),49,privilege_transition,benign,
1778300230,15497,1.446543,attack_window,20260508_211709_authorized_keys_W9jmSO,20260508_211655_dirtyfrag_root_authorized_keys_X5ChW3,persistence_auth/authorized_keys,persistence_auth,root_session,connect,yes,0,/usr/sbin/sshd,sshd,,/usr/sbin/sshd -D -R,/,/dev/log,/dev/log,0,0,1001,17230,9653,(none),49,network_connect,benign,
1778300230,15498,1.446543,attack_window,20260508_211709_authorized_keys_W9jmSO,20260508_211655_dirtyfrag_root_authorized_keys_X5ChW3,persistence_auth/authorized_keys,persistence_auth,root_session,connect,no,-2,/usr/sbin/sshd,sshd,,/usr/sbin/sshd -D -R,/,/run/systemd/userdb/io.systemd.Multiplexer,/run/systemd/userdb/io.systemd.Multiplexer,0,0,1001,17230,9653,(none),49,network_connect,benign,
1778300230,15499,1.446543,attack_window,20260508_211709_authorized_keys_W9jmSO,20260508_211655_dirtyfrag_root_authorized_keys_X5ChW3,persistence_auth/authorized_keys,persistence_auth,root_session,connect,yes,0,/usr/sbin/sshd,sshd,,/usr/sbin/sshd -D -R,/,/run/systemd/userdb/io.systemd.DynamicUser,/run/systemd/userdb/io.systemd.DynamicUser,0,0,1001,17230,9653,(none),49,network_connect,benign,
1778300230,15500,1.446543,attack_window,20260508_211709_authorized_keys_W9jmSO,20260508_211655_dirtyfrag_root_authorized_keys_X5ChW3,persistence_auth/authorized_keys,persistence_auth,root_session,connect,yes,0,/usr/sbin/sshd,sshd,,/usr/sbin/sshd -D -R,/,/run/dbus/system_bus_socket,/run/dbus/system_bus_socket,0,0,1001,17230,9653,(none),49,network_connect,benign,
1778300230,15501,1.457543,attack_window,20260508_211709_authorized_keys_W9jmSO,20260508_211655_dirtyfrag_root_authorized_keys_X5ChW3,persistence_auth/authorized_keys,persistence_auth,root_session,execve,yes,0,/usr/bin/dash,sh,sh -c -- /usr/bin/env -i PATH=/usr/local/sbin:/usr/local/bin:/usr/sbin:/usr/bin:/sbin:/bin run-parts --lsbsysinit /etc/update-motd.d > /run/motd.dynamic.new,sh -c -- /usr/bin/env -i PATH=/usr/local/sbin:/usr/local/bin:/usr/sbin:/usr/bin:/sbin:/bin run-parts --lsbsysinit /etc/update-mo,/,/bin/sh,/bin/sh|/lib64/ld-linux-x86-64.so.2,0,0,1001,17232,17230,(none),49,exec,benign,
1778300230,15502,1.458543,attack_window,20260508_211709_authorized_keys_W9jmSO,20260508_211655_dirtyfrag_root_authorized_keys_X5ChW3,persistence_auth/authorized_keys,persistence_auth,root_session,execve,yes,0,/usr/bin/env,env,/usr/bin/env -i PATH=/usr/local/sbin:/usr/local/bin:/usr/sbin:/usr/bin:/sbin:/bin run-parts --lsbsysinit /etc/update-motd.d,/usr/bin/env -i PATH=/usr/local/sbin:/usr/local/bin:/usr/sbin:/usr/bin:/sbin:/bin run-parts --lsbsysinit /etc/update-motd.d,/,/usr/bin/env,/usr/bin/env|/lib64/ld-linux-x86-64.so.2,0,0,1001,17233,17232,(none),49,exec,benign,
1778300230,15503,1.458543,attack_window,20260508_211709_authorized_keys_W9jmSO,20260508_211655_dirtyfrag_root_authorized_keys_X5ChW3,persistence_auth/authorized_keys,persistence_auth,root_session,execve,no,-2,/usr/bin/env,env,,/usr/bin/env -i PATH=/usr/local/sbin:/usr/local/bin:/usr/sbin:/usr/bin:/sbin:/bin run-parts --lsbsysinit /etc/update-motd.d,/,/usr/local/sbin/run-parts,/usr/local/sbin/run-parts,0,0,1001,17233,17232,(none),49,exec,benign,
1778300230,15504,1.459543,attack_window,20260508_211709_authorized_keys_W9jmSO,20260508_211655_dirtyfrag_root_authorized_keys_X5ChW3,persistence_auth/authorized_keys,persistence_auth,root_session,execve,no,-2,/usr/bin/env,env,,/usr/bin/env -i PATH=/usr/local/sbin:/usr/local/bin:/usr/sbin:/usr/bin:/sbin:/bin run-parts --lsbsysinit /etc/update-motd.d,/,/usr/local/bin/run-parts,/usr/local/bin/run-parts,0,0,1001,17233,17232,(none),49,exec,benign,
1778300230,15505,1.459543,attack_window,20260508_211709_authorized_keys_W9jmSO,20260508_211655_dirtyfrag_root_authorized_keys_X5ChW3,persistence_auth/authorized_keys,persistence_auth,root_session,execve,no,-2,/usr/bin/env,env,,/usr/bin/env -i PATH=/usr/local/sbin:/usr/local/bin:/usr/sbin:/usr/bin:/sbin:/bin run-parts --lsbsysinit /etc/update-motd.d,/,/usr/sbin/run-parts,/usr/sbin/run-parts,0,0,1001,17233,17232,(none),49,exec,benign,
1778300230,15506,1.459543,attack_window,20260508_211709_authorized_keys_W9jmSO,20260508_211655_dirtyfrag_root_authorized_keys_X5ChW3,persistence_auth/authorized_keys,persistence_auth,root_session,execve,yes,0,/usr/bin/run-parts,run-parts,run-parts --lsbsysinit /etc/update-motd.d,/usr/bin/env -i PATH=/usr/local/sbin:/usr/local/bin:/usr/sbin:/usr/bin:/sbin:/bin run-parts --lsbsysinit /etc/update-motd.d,/,/usr/bin/run-parts,/usr/bin/run-parts|/lib64/ld-linux-x86-64.so.2,0,0,1001,17233,17232,(none),49,exec,benign,
1778300230,15507,1.460543,attack_window,20260508_211709_authorized_keys_W9jmSO,20260508_211655_dirtyfrag_root_authorized_keys_X5ChW3,persistence_auth/authorized_keys,persistence_auth,root_session,execve,yes,0,/usr/bin/dash,00-header,/bin/sh /etc/update-motd.d/00-header,/bin/sh /etc/update-motd.d/00-header,/,/etc/update-motd.d/00-header,/etc/update-motd.d/00-header|/bin/sh|/lib64/ld-linux-x86-64.so.2,0,0,1001,17234,17233,(none),49,exec,benign,
1778300230,15508,1.461543,attack_window,20260508_211709_authorized_keys_W9jmSO,20260508_211655_dirtyfrag_root_authorized_keys_X5ChW3,persistence_auth/authorized_keys,persistence_auth,root_session,execve,yes,0,/usr/bin/uname,uname,uname -o,uname -o,/,/usr/bin/uname,/usr/bin/uname|/lib64/ld-linux-x86-64.so.2,0,0,1001,17235,17234,(none),49,exec,benign,
1778300230,15509,1.462543,attack_window,20260508_211709_authorized_keys_W9jmSO,20260508_211655_dirtyfrag_root_authorized_keys_X5ChW3,persistence_auth/authorized_keys,persistence_auth,root_session,execve,yes,0,/usr/bin/uname,uname,uname -r,uname -r,/,/usr/bin/uname,/usr/bin/uname|/lib64/ld-linux-x86-64.so.2,0,0,1001,17236,17234,(none),49,exec,benign,
1778300230,15510,1.463543,attack_window,20260508_211709_authorized_keys_W9jmSO,20260508_211655_dirtyfrag_root_authorized_keys_X5ChW3,persistence_auth/authorized_keys,persistence_auth,root_session,execve,yes,0,/usr/bin/uname,uname,uname -m,uname -m,/,/usr/bin/uname,/usr/bin/uname|/lib64/ld-linux-x86-64.so.2,0,0,1001,17237,17234,(none),49,exec,benign,
1778300230,15511,1.465543,attack_window,20260508_211709_authorized_keys_W9jmSO,20260508_211655_dirtyfrag_root_authorized_keys_X5ChW3,persistence_auth/authorized_keys,persistence_auth,root_session,execve,yes,0,/usr/bin/dash,10-help-text,/bin/sh /etc/update-motd.d/10-help-text,/bin/sh /etc/update-motd.d/10-help-text,/,/etc/update-motd.d/10-help-text,/etc/update-motd.d/10-help-text|/bin/sh|/lib64/ld-linux-x86-64.so.2,0,0,1001,17238,17233,(none),49,exec,benign,
1778300230,15512,1.466543,attack_window,20260508_211709_authorized_keys_W9jmSO,20260508_211655_dirtyfrag_root_authorized_keys_X5ChW3,persistence_auth/authorized_keys,persistence_auth,root_session,execve,yes,0,/usr/bin/dash,50-landscape-sy,/bin/sh /etc/update-motd.d/50-landscape-sysinfo,/bin/sh /etc/update-motd.d/50-landscape-sysinfo,/,/etc/update-motd.d/50-landscape-sysinfo,/etc/update-motd.d/50-landscape-sysinfo|/bin/sh|/lib64/ld-linux-x86-64.so.2,0,0,1001,17239,17233,(none),49,exec,benign,
1778300230,15513,1.466543,attack_window,20260508_211709_authorized_keys_W9jmSO,20260508_211655_dirtyfrag_root_authorized_keys_X5ChW3,persistence_auth/authorized_keys,persistence_auth,root_session,execve,yes,0,/usr/bin/find,find,find /var/lib/landscape/landscape-sysinfo.cache -newermt now-1 minutes,find /var/lib/landscape/landscape-sysinfo.cache -newermt now-1 minutes,/,/usr/bin/find,/usr/bin/find|/lib64/ld-linux-x86-64.so.2,0,0,1001,17240,17239,(none),49,exec,benign,
1778300230,15514,1.468543,attack_window,20260508_211709_authorized_keys_W9jmSO,20260508_211655_dirtyfrag_root_authorized_keys_X5ChW3,persistence_auth/authorized_keys,persistence_auth,root_session,execve,yes,0,/usr/bin/cat,cat,cat /var/lib/landscape/landscape-sysinfo.cache,cat /var/lib/landscape/landscape-sysinfo.cache,/,/usr/bin/cat,/usr/bin/cat|/lib64/ld-linux-x86-64.so.2,0,0,1001,17241,17239,(none),49,exec,benign,
1778300230,15515,1.470543,attack_window,20260508_211709_authorized_keys_W9jmSO,20260508_211655_dirtyfrag_root_authorized_keys_X5ChW3,persistence_auth/authorized_keys,persistence_auth,root_session,execve,yes,0,/usr/bin/dash,50-motd-news,/bin/sh /etc/update-motd.d/50-motd-news,/bin/sh /etc/update-motd.d/50-motd-news,/,/etc/update-motd.d/50-motd-news,/etc/update-motd.d/50-motd-news|/bin/sh|/lib64/ld-linux-x86-64.so.2,0,0,1001,17242,17233,(none),49,exec,benign,
1778300230,15516,1.471543,attack_window,20260508_211709_authorized_keys_W9jmSO,20260508_211655_dirtyfrag_root_authorized_keys_X5ChW3,persistence_auth/authorized_keys,persistence_auth,root_session,execve,yes,0,/usr/bin/cat,cat,cat /var/cache/motd-news,cat /var/cache/motd-news,/,/usr/bin/cat,/usr/bin/cat|/lib64/ld-linux-x86-64.so.2,0,0,1001,17243,17242,(none),49,exec,benign,
1778300230,15517,1.471543,attack_window,20260508_211709_authorized_keys_W9jmSO,20260508_211655_dirtyfrag_root_authorized_keys_X5ChW3,persistence_auth/authorized_keys,persistence_auth,root_session,execve,yes,0,/usr/bin/tr,tr,tr -d \000-\011\013\014\016-\037,tr -d \000-\011\013\014\016-\037,/,/usr/bin/tr,/usr/bin/tr|/lib64/ld-linux-x86-64.so.2,0,0,1001,17245,17242,(none),49,exec,benign,
1778300230,15518,1.472543,attack_window,20260508_211709_authorized_keys_W9jmSO,20260508_211655_dirtyfrag_root_authorized_keys_X5ChW3,persistence_auth/authorized_keys,persistence_auth,root_session,execve,yes,0,/usr/bin/cut,cut,cut -c -80,cut -c -80,/,/usr/bin/cut,/usr/bin/cut|/lib64/ld-linux-x86-64.so.2,0,0,1001,17246,17242,(none),49,exec,benign,
1778300230,15519,1.472543,attack_window,20260508_211709_authorized_keys_W9jmSO,20260508_211655_dirtyfrag_root_authorized_keys_X5ChW3,persistence_auth/authorized_keys,persistence_auth,root_session,execve,yes,0,/usr/bin/head,head,head -n 10,head -n 10,/,/usr/bin/head,/usr/bin/head|/lib64/ld-linux-x86-64.so.2,0,0,1001,17244,17242,(none),49,exec,benign,
1778300230,15520,1.473543,attack_window,20260508_211709_authorized_keys_W9jmSO,20260508_211655_dirtyfrag_root_authorized_keys_X5ChW3,persistence_auth/authorized_keys,persistence_auth,root_session,execve,yes,0,/usr/bin/dash,85-fwupd,/bin/sh /etc/update-motd.d/85-fwupd,/bin/sh /etc/update-motd.d/85-fwupd,/,/etc/update-motd.d/85-fwupd,/etc/update-motd.d/85-fwupd|/bin/sh|/lib64/ld-linux-x86-64.so.2,0,0,1001,17247,17233,(none),49,exec,benign,
1778300230,15521,1.474543,attack_window,20260508_211709_authorized_keys_W9jmSO,20260508_211655_dirtyfrag_root_authorized_keys_X5ChW3,persistence_auth/authorized_keys,persistence_auth,root_session,execve,yes,0,/usr/bin/cat,cat,cat /run/motd.d/85-fwupd,cat /run/motd.d/85-fwupd,/,/usr/bin/cat,/usr/bin/cat|/lib64/ld-linux-x86-64.so.2,0,0,1001,17248,17247,(none),49,exec,benign,
1778300230,15522,1.475543,attack_window,20260508_211709_authorized_keys_W9jmSO,20260508_211655_dirtyfrag_root_authorized_keys_X5ChW3,persistence_auth/authorized_keys,persistence_auth,root_session,execve,yes,0,/usr/bin/dash,90-updates-avai,/bin/sh /etc/update-motd.d/90-updates-available,/bin/sh /etc/update-motd.d/90-updates-available,/,/etc/update-motd.d/90-updates-available,/etc/update-motd.d/90-updates-available|/bin/sh|/lib64/ld-linux-x86-64.so.2,0,0,1001,17249,17233,(none),49,exec,benign,
1778300230,15523,1.476543,attack_window,20260508_211709_authorized_keys_W9jmSO,20260508_211655_dirtyfrag_root_authorized_keys_X5ChW3,persistence_auth/authorized_keys,persistence_auth,root_session,execve,yes,0,/usr/bin/cat,cat,cat /var/lib/update-notifier/updates-available,cat /var/lib/update-notifier/updates-available,/,/usr/bin/cat,/usr/bin/cat|/lib64/ld-linux-x86-64.so.2,0,0,1001,17250,17249,(none),49,exec,benign,
1778300230,15524,1.478543,attack_window,20260508_211709_authorized_keys_W9jmSO,20260508_211655_dirtyfrag_root_authorized_keys_X5ChW3,persistence_auth/authorized_keys,persistence_auth,root_session,execve,yes,0,/usr/bin/find,find,find /var/lib/update-notifier/updates-available -newermt now-7 days,find /var/lib/update-notifier/updates-available -newermt now-7 days,/,/usr/bin/find,/usr/bin/find|/lib64/ld-linux-x86-64.so.2,0,0,1001,17251,17249,(none),49,exec,benign,
1778300230,15525,1.478543,attack_window,20260508_211709_authorized_keys_W9jmSO,20260508_211655_dirtyfrag_root_authorized_keys_X5ChW3,persistence_auth/authorized_keys,persistence_auth,root_session,execve,yes,0,/usr/bin/grep,grep,grep -q -m 1 .,grep -q -m 1 .,/,/usr/bin/grep,/usr/bin/grep|/lib64/ld-linux-x86-64.so.2,0,0,1001,17252,17249,(none),49,exec,benign,
1778300230,15526,1.479543,attack_window,20260508_211709_authorized_keys_W9jmSO,20260508_211655_dirtyfrag_root_authorized_keys_X5ChW3,persistence_auth/authorized_keys,persistence_auth,root_session,execve,yes,0,/usr/bin/dash,91-contract-ua-,/bin/sh /etc/update-motd.d/91-contract-ua-esm-status,/bin/sh /etc/update-motd.d/91-contract-ua-esm-status,/,/etc/update-motd.d/91-contract-ua-esm-status,/etc/update-motd.d/91-contract-ua-esm-status|/bin/sh|/lib64/ld-linux-x86-64.so.2,0,0,1001,17253,17233,(none),49,exec,benign,
1778300230,15527,1.480543,attack_window,20260508_211709_authorized_keys_W9jmSO,20260508_211655_dirtyfrag_root_authorized_keys_X5ChW3,persistence_auth/authorized_keys,persistence_auth,root_session,execve,yes,0,/usr/bin/dash,91-release-upgr,/bin/sh /etc/update-motd.d/91-release-upgrade,/bin/sh /etc/update-motd.d/91-release-upgrade,/,/etc/update-motd.d/91-release-upgrade,/etc/update-motd.d/91-release-upgrade|/bin/sh|/lib64/ld-linux-x86-64.so.2,0,0,1001,17254,17233,(none),49,exec,benign,
1778300230,15528,1.481543,attack_window,20260508_211709_authorized_keys_W9jmSO,20260508_211655_dirtyfrag_root_authorized_keys_X5ChW3,persistence_auth/authorized_keys,persistence_auth,root_session,execve,yes,0,/usr/bin/cut,cut,cut -d -f4,cut -d -f4,/,/usr/bin/cut,/usr/bin/cut|/lib64/ld-linux-x86-64.so.2,0,0,1001,17257,17255,(none),49,exec,benign,
1778300230,15529,1.483543,attack_window,20260508_211709_authorized_keys_W9jmSO,20260508_211655_dirtyfrag_root_authorized_keys_X5ChW3,persistence_auth/authorized_keys,persistence_auth,root_session,execve,yes,0,/usr/bin/id,id,id -u,id -u,/,/usr/bin/id,/usr/bin/id|/lib64/ld-linux-x86-64.so.2,0,0,1001,17258,17254,(none),49,exec,benign,
1778300230,15530,1.484543,attack_window,20260508_211709_authorized_keys_W9jmSO,20260508_211655_dirtyfrag_root_authorized_keys_X5ChW3,persistence_auth/authorized_keys,persistence_auth,root_session,execve,yes,0,/usr/bin/dash,release-upgrade,/bin/sh -e /usr/lib/ubuntu-release-upgrader/release-upgrade-motd,/bin/sh /etc/update-motd.d/91-release-upgrade,/,/usr/lib/ubuntu-release-upgrader/release-upgrade-motd,/usr/lib/ubuntu-release-upgrader/release-upgrade-motd|/bin/sh|/lib64/ld-linux-x86-64.so.2,0,0,1001,17254,17233,(none),49,exec,benign,
1778300230,15531,1.485543,attack_window,20260508_211709_authorized_keys_W9jmSO,20260508_211655_dirtyfrag_root_authorized_keys_X5ChW3,persistence_auth/authorized_keys,persistence_auth,root_session,execve,yes,0,/usr/bin/date,date,date +%s,date +%s,/,/usr/bin/date,/usr/bin/date|/lib64/ld-linux-x86-64.so.2,0,0,1001,17259,17254,(none),49,exec,benign,
1778300230,15532,1.486543,attack_window,20260508_211709_authorized_keys_W9jmSO,20260508_211655_dirtyfrag_root_authorized_keys_X5ChW3,persistence_auth/authorized_keys,persistence_auth,root_session,execve,yes,0,/usr/bin/stat,stat,stat -c %Y /var/lib/ubuntu-release-upgrader/release-upgrade-available,stat -c %Y /var/lib/ubuntu-release-upgrader/release-upgrade-available,/,/usr/bin/stat,/usr/bin/stat|/lib64/ld-linux-x86-64.so.2,0,0,1001,17260,17254,(none),49,exec,benign,
1778300230,15533,1.487543,attack_window,20260508_211709_authorized_keys_W9jmSO,20260508_211655_dirtyfrag_root_authorized_keys_X5ChW3,persistence_auth/authorized_keys,persistence_auth,root_session,execve,yes,0,/usr/bin/expr,expr,expr 1778282941 + 86400,expr 1778282941 + 86400,/,/usr/bin/expr,/usr/bin/expr|/lib64/ld-linux-x86-64.so.2,0,0,1001,17261,17254,(none),49,exec,benign,
1778300230,15534,1.489543,attack_window,20260508_211709_authorized_keys_W9jmSO,20260508_211655_dirtyfrag_root_authorized_keys_X5ChW3,persistence_auth/authorized_keys,persistence_auth,root_session,execve,yes,0,/usr/bin/dash,92-unattended-u,/bin/sh /etc/update-motd.d/92-unattended-upgrades,/bin/sh /etc/update-motd.d/92-unattended-upgrades,/,/etc/update-motd.d/92-unattended-upgrades,/etc/update-motd.d/92-unattended-upgrades|/bin/sh|/lib64/ld-linux-x86-64.so.2,0,0,1001,17262,17233,(none),49,exec,benign,
1778300230,15535,1.490543,attack_window,20260508_211709_authorized_keys_W9jmSO,20260508_211655_dirtyfrag_root_authorized_keys_X5ChW3,persistence_auth/authorized_keys,persistence_auth,root_session,execve,yes,0,/usr/bin/dash,update-motd-una,/bin/sh /usr/share/unattended-upgrades/update-motd-unattended-upgrades,/bin/sh /etc/update-motd.d/92-unattended-upgrades,/,/usr/share/unattended-upgrades/update-motd-unattended-upgrades,/usr/share/unattended-upgrades/update-motd-unattended-upgrades|/bin/sh|/lib64/ld-linux-x86-64.so.2,0,0,1001,17262,17233,(none),49,exec,benign,
1778300230,15536,1.490543,attack_window,20260508_211709_authorized_keys_W9jmSO,20260508_211655_dirtyfrag_root_authorized_keys_X5ChW3,persistence_auth/authorized_keys,persistence_auth,root_session,execve,yes,0,/usr/bin/dash,95-hwe-eol,/bin/sh /etc/update-motd.d/95-hwe-eol,/bin/sh /etc/update-motd.d/95-hwe-eol,/,/etc/update-motd.d/95-hwe-eol,/etc/update-motd.d/95-hwe-eol|/bin/sh|/lib64/ld-linux-x86-64.so.2,0,0,1001,17263,17233,(none),49,exec,benign,
1778300230,15537,1.491543,attack_window,20260508_211709_authorized_keys_W9jmSO,20260508_211655_dirtyfrag_root_authorized_keys_X5ChW3,persistence_auth/authorized_keys,persistence_auth,root_session,execve,yes,0,/usr/bin/find,find,find /var/lib/update-notifier/hwe-eol -newermt now-1 days,find /var/lib/update-notifier/hwe-eol -newermt now-1 days,/,/usr/bin/find,/usr/bin/find|/lib64/ld-linux-x86-64.so.2,0,0,1001,17264,17263,(none),49,exec,benign,
1778300230,15538,1.493543,attack_window,20260508_211709_authorized_keys_W9jmSO,20260508_211655_dirtyfrag_root_authorized_keys_X5ChW3,persistence_auth/authorized_keys,persistence_auth,root_session,execve,yes,0,/usr/bin/dash,97-overlayroot,/bin/sh /etc/update-motd.d/97-overlayroot,/bin/sh /etc/update-motd.d/97-overlayroot,/,/etc/update-motd.d/97-overlayroot,/etc/update-motd.d/97-overlayroot|/bin/sh|/lib64/ld-linux-x86-64.so.2,0,0,1001,17265,17233,(none),49,exec,benign,
1778300230,15539,1.494543,attack_window,20260508_211709_authorized_keys_W9jmSO,20260508_211655_dirtyfrag_root_authorized_keys_X5ChW3,persistence_auth/authorized_keys,persistence_auth,root_session,execve,yes,0,/usr/bin/dash,egrep,/bin/sh /usr/bin/egrep overlayroot|/media/root-ro|/media/root-rw /proc/mounts,/bin/sh /usr/bin/egrep overlayroot|/media/root-ro|/media/root-rw /proc/mounts,/,/usr/bin/egrep,/usr/bin/egrep|/bin/sh|/lib64/ld-linux-x86-64.so.2,0,0,1001,17267,17266,(none),49,exec,benign,
1778300230,15540,1.494543,attack_window,20260508_211709_authorized_keys_W9jmSO,20260508_211655_dirtyfrag_root_authorized_keys_X5ChW3,persistence_auth/authorized_keys,persistence_auth,root_session,execve,yes,0,/usr/bin/sort,sort,sort -r,sort -r,/,/usr/bin/sort,/usr/bin/sort|/lib64/ld-linux-x86-64.so.2,0,0,1001,17268,17266,(none),49,exec,benign,
1778300230,15541,1.495543,attack_window,20260508_211709_authorized_keys_W9jmSO,20260508_211655_dirtyfrag_root_authorized_keys_X5ChW3,persistence_auth/authorized_keys,persistence_auth,root_session,execve,no,-2,/usr/bin/dash,egrep,,/bin/sh /usr/bin/egrep overlayroot|/media/root-ro|/media/root-rw /proc/mounts,/,/usr/local/sbin/grep,/usr/local/sbin/grep,0,0,1001,17267,17266,(none),49,exec,benign,
1778300230,15542,1.495543,attack_window,20260508_211709_authorized_keys_W9jmSO,20260508_211655_dirtyfrag_root_authorized_keys_X5ChW3,persistence_auth/authorized_keys,persistence_auth,root_session,execve,no,-2,/usr/bin/dash,egrep,,/bin/sh /usr/bin/egrep overlayroot|/media/root-ro|/media/root-rw /proc/mounts,/,/usr/local/bin/grep,/usr/local/bin/grep,0,0,1001,17267,17266,(none),49,exec,benign,
1778300230,15543,1.495543,attack_window,20260508_211709_authorized_keys_W9jmSO,20260508_211655_dirtyfrag_root_authorized_keys_X5ChW3,persistence_auth/authorized_keys,persistence_auth,root_session,execve,no,-2,/usr/bin/dash,egrep,,/bin/sh /usr/bin/egrep overlayroot|/media/root-ro|/media/root-rw /proc/mounts,/,/usr/sbin/grep,/usr/sbin/grep,0,0,1001,17267,17266,(none),49,exec,benign,
1778300230,15544,1.495543,attack_window,20260508_211709_authorized_keys_W9jmSO,20260508_211655_dirtyfrag_root_authorized_keys_X5ChW3,persistence_auth/authorized_keys,persistence_auth,root_session,execve,yes,0,/usr/bin/grep,grep,grep -E overlayroot|/media/root-ro|/media/root-rw /proc/mounts,/bin/sh /usr/bin/egrep overlayroot|/media/root-ro|/media/root-rw /proc/mounts,/,/usr/bin/grep,/usr/bin/grep|/lib64/ld-linux-x86-64.so.2,0,0,1001,17267,17266,(none),49,exec,benign,
1778300230,15545,1.497543,attack_window,20260508_211709_authorized_keys_W9jmSO,20260508_211655_dirtyfrag_root_authorized_keys_X5ChW3,persistence_auth/authorized_keys,persistence_auth,root_session,execve,yes,0,/usr/bin/dash,98-fsck-at-rebo,/bin/sh /etc/update-motd.d/98-fsck-at-reboot,/bin/sh /etc/update-motd.d/98-fsck-at-reboot,/,/etc/update-motd.d/98-fsck-at-reboot,/etc/update-motd.d/98-fsck-at-reboot|/bin/sh|/lib64/ld-linux-x86-64.so.2,0,0,1001,17269,17233,(none),49,exec,benign,
1778300230,15546,1.498543,attack_window,20260508_211709_authorized_keys_W9jmSO,20260508_211655_dirtyfrag_root_authorized_keys_X5ChW3,persistence_auth/authorized_keys,persistence_auth,root_session,execve,yes,0,/usr/bin/dash,update-motd-fsc,/bin/sh /usr/lib/update-notifier/update-motd-fsck-at-reboot,/bin/sh /etc/update-motd.d/98-fsck-at-reboot,/,/usr/lib/update-notifier/update-motd-fsck-at-reboot,/usr/lib/update-notifier/update-motd-fsck-at-reboot|/bin/sh|/lib64/ld-linux-x86-64.so.2,0,0,1001,17269,17233,(none),49,exec,benign,
1778300230,15547,1.499543,attack_window,20260508_211709_authorized_keys_W9jmSO,20260508_211655_dirtyfrag_root_authorized_keys_X5ChW3,persistence_auth/authorized_keys,persistence_auth,root_session,execve,yes,0,/usr/bin/id,id,id -u,id -u,/,/usr/bin/id,/usr/bin/id|/lib64/ld-linux-x86-64.so.2,0,0,1001,17270,17269,(none),49,exec,benign,
1778300230,15548,1.500543,attack_window,20260508_211709_authorized_keys_W9jmSO,20260508_211655_dirtyfrag_root_authorized_keys_X5ChW3,persistence_auth/authorized_keys,persistence_auth,root_session,execve,yes,0,/usr/bin/stat,stat,stat -c %Y /var/lib/update-notifier/fsck-at-reboot,stat -c %Y /var/lib/update-notifier/fsck-at-reboot,/,/usr/bin/stat,/usr/bin/stat|/lib64/ld-linux-x86-64.so.2,0,0,1001,17271,17269,(none),49,exec,benign,
1778300230,15549,1.502543,attack_window,20260508_211709_authorized_keys_W9jmSO,20260508_211655_dirtyfrag_root_authorized_keys_X5ChW3,persistence_auth/authorized_keys,persistence_auth,root_session,execve,yes,0,/usr/bin/gawk,awk,awk {print $1} /proc/uptime,awk {print $1} /proc/uptime,/,/usr/bin/awk,/usr/bin/awk|/lib64/ld-linux-x86-64.so.2,0,0,1001,17273,17272,(none),49,exec,benign,
1778300230,15550,1.503543,attack_window,20260508_211709_authorized_keys_W9jmSO,20260508_211655_dirtyfrag_root_authorized_keys_X5ChW3,persistence_auth/authorized_keys,persistence_auth,root_session,execve,yes,0,/usr/bin/date,date,date -d now - 2476.06 seconds +%s,date -d now - 2476.06 seconds +%s,/,/usr/bin/date,/usr/bin/date|/lib64/ld-linux-x86-64.so.2,0,0,1001,17272,17269,(none),49,exec,benign,
1778300230,15551,1.504543,attack_window,20260508_211709_authorized_keys_W9jmSO,20260508_211655_dirtyfrag_root_authorized_keys_X5ChW3,persistence_auth/authorized_keys,persistence_auth,root_session,execve,yes,0,/usr/bin/date,date,date +%s,date +%s,/,/usr/bin/date,/usr/bin/date|/lib64/ld-linux-x86-64.so.2,0,0,1001,17274,17269,(none),49,exec,benign,
1778300230,15552,1.506543,attack_window,20260508_211709_authorized_keys_W9jmSO,20260508_211655_dirtyfrag_root_authorized_keys_X5ChW3,persistence_auth/authorized_keys,persistence_auth,root_session,execve,yes,0,/usr/bin/cat,cat,cat /var/lib/update-notifier/fsck-at-reboot,cat /var/lib/update-notifier/fsck-at-reboot,/,/usr/bin/cat,/usr/bin/cat|/lib64/ld-linux-x86-64.so.2,0,0,1001,17275,17269,(none),49,exec,benign,
1778300230,15553,1.507543,attack_window,20260508_211709_authorized_keys_W9jmSO,20260508_211655_dirtyfrag_root_authorized_keys_X5ChW3,persistence_auth/authorized_keys,persistence_auth,root_session,execve,yes,0,/usr/bin/dash,98-reboot-requi,/bin/sh /etc/update-motd.d/98-reboot-required,/bin/sh /etc/update-motd.d/98-reboot-required,/,/etc/update-motd.d/98-reboot-required,/etc/update-motd.d/98-reboot-required|/bin/sh|/lib64/ld-linux-x86-64.so.2,0,0,1001,17276,17233,(none),49,exec,benign,
1778300230,15554,1.508543,attack_window,20260508_211709_authorized_keys_W9jmSO,20260508_211655_dirtyfrag_root_authorized_keys_X5ChW3,persistence_auth/authorized_keys,persistence_auth,root_session,execve,yes,0,/usr/bin/dash,update-motd-reb,/bin/sh -e /usr/lib/update-notifier/update-motd-reboot-required,/bin/sh /etc/update-motd.d/98-reboot-required,/,/usr/lib/update-notifier/update-motd-reboot-required,/usr/lib/update-notifier/update-motd-reboot-required|/bin/sh|/lib64/ld-linux-x86-64.so.2,0,0,1001,17276,17233,(none),49,exec,benign,
1778300230,15555,1.509543,attack_window,20260508_211709_authorized_keys_W9jmSO,20260508_211655_dirtyfrag_root_authorized_keys_X5ChW3,persistence_auth/authorized_keys,persistence_auth,root_session,rename,yes,0,/usr/sbin/sshd,sshd,,/usr/sbin/sshd -D -R,/,/run/,/run/|/run/motd.dynamic.new|/run/motd.dynamic,0,0,1001,17230,9653,(none),49,file_destroy,benign,
1778300230,15556,1.509543,attack_window,20260508_211709_authorized_keys_W9jmSO,20260508_211655_dirtyfrag_root_authorized_keys_X5ChW3,persistence_auth/authorized_keys,persistence_auth,root_session,connect,yes,0,/usr/sbin/sshd,sshd,,/usr/sbin/sshd -D -R,/,/run/systemd/userdb/io.systemd.DynamicUser,/run/systemd/userdb/io.systemd.DynamicUser,0,0,1001,17230,9653,(none),49,network_connect,benign,
1778300230,15557,1.509543,attack_window,20260508_211709_authorized_keys_W9jmSO,20260508_211655_dirtyfrag_root_authorized_keys_X5ChW3,persistence_auth/authorized_keys,persistence_auth,root_session,connect,yes,0,/usr/sbin/sshd,sshd,,/usr/sbin/sshd -D -R,/,/run/systemd/userdb/io.systemd.DynamicUser,/run/systemd/userdb/io.systemd.DynamicUser,0,0,1001,17230,9653,(none),49,network_connect,benign,
1778300230,15558,1.509543,attack_window,20260508_211709_authorized_keys_W9jmSO,20260508_211655_dirtyfrag_root_authorized_keys_X5ChW3,persistence_auth/authorized_keys,persistence_auth,root_session,connect,yes,0,/usr/sbin/sshd,sshd,,/usr/sbin/sshd -D -R,/,/run/systemd/userdb/io.systemd.DynamicUser,/run/systemd/userdb/io.systemd.DynamicUser,0,0,1001,17230,9653,(none),49,network_connect,benign,
1778300230,15559,1.509543,attack_window,20260508_211709_authorized_keys_W9jmSO,20260508_211655_dirtyfrag_root_authorized_keys_X5ChW3,persistence_auth/authorized_keys,persistence_auth,root_session,connect,yes,0,/usr/sbin/sshd,sshd,,/usr/sbin/sshd -D -R,/,/run/systemd/userdb/io.systemd.DynamicUser,/run/systemd/userdb/io.systemd.DynamicUser,0,0,1001,17230,9653,(none),49,network_connect,benign,
1778300230,15560,1.511543,attack_window,20260508_211709_authorized_keys_W9jmSO,20260508_211655_dirtyfrag_root_authorized_keys_X5ChW3,persistence_auth/authorized_keys,persistence_auth,root_session,connect,yes,0,/usr/sbin/sshd,sshd,,/usr/sbin/sshd -D -R,/,/run/systemd/userdb/io.systemd.DynamicUser,/run/systemd/userdb/io.systemd.DynamicUser,0,0,1001,17230,9653,(none),49,network_connect,benign,
1778300230,15561,1.511543,attack_window,20260508_211709_authorized_keys_W9jmSO,20260508_211655_dirtyfrag_root_authorized_keys_X5ChW3,persistence_auth/authorized_keys,persistence_auth,root_session,,,,,,,,,,,,,,,,,,,ambiguous,
1778300230,15562,1.511543,attack_window,20260508_211709_authorized_keys_W9jmSO,20260508_211655_dirtyfrag_root_authorized_keys_X5ChW3,persistence_auth/authorized_keys,persistence_auth,root_session,setgid,yes,0,/usr/sbin/sshd,sshd,,sshd: deploy-rkejw [priv],,,,0,0,1001,17277,17230,(none),49,privilege_transition,benign,
1778300230,15563,1.511543,attack_window,20260508_211709_authorized_keys_W9jmSO,20260508_211655_dirtyfrag_root_authorized_keys_X5ChW3,persistence_auth/authorized_keys,persistence_auth,root_session,connect,yes,0,/usr/sbin/sshd,sshd,,sshd: deploy-rkejw [priv],/,/run/systemd/userdb/io.systemd.DynamicUser,/run/systemd/userdb/io.systemd.DynamicUser,0,0,1001,17277,17230,(none),49,network_connect,benign,
1778300230,15564,1.512543,attack_window,20260508_211709_authorized_keys_W9jmSO,20260508_211655_dirtyfrag_root_authorized_keys_X5ChW3,persistence_auth/authorized_keys,persistence_auth,root_session,connect,yes,0,/usr/sbin/sshd,sshd,,sshd: deploy-rkejw [priv],/,/run/systemd/userdb/io.systemd.DynamicUser,/run/systemd/userdb/io.systemd.DynamicUser,0,0,1001,17277,17230,(none),49,network_connect,benign,
1778300230,15565,1.512543,attack_window,20260508_211709_authorized_keys_W9jmSO,20260508_211655_dirtyfrag_root_authorized_keys_X5ChW3,persistence_auth/authorized_keys,persistence_auth,root_session,126,yes,0,/usr/sbin/sshd,sshd,,sshd: deploy-rkejw [priv],,,,0,0,1001,17277,17230,(none),49,privilege_transition,benign,
1778300230,15566,1.512543,attack_window,20260508_211709_authorized_keys_W9jmSO,20260508_211655_dirtyfrag_root_authorized_keys_X5ChW3,persistence_auth/authorized_keys,persistence_auth,root_session,,,,,,,,,,,,,,,,,,,ambiguous,
1778300230,15567,1.512543,attack_window,20260508_211709_authorized_keys_W9jmSO,20260508_211655_dirtyfrag_root_authorized_keys_X5ChW3,persistence_auth/authorized_keys,persistence_auth,root_session,setresgid,yes,0,/usr/sbin/sshd,sshd,,sshd: deploy-rkejw [priv],,,,0,0,1001,17277,17230,(none),49,privilege_transition,benign,
1778300230,15568,1.512543,attack_window,20260508_211709_authorized_keys_W9jmSO,20260508_211655_dirtyfrag_root_authorized_keys_X5ChW3,persistence_auth/authorized_keys,persistence_auth,root_session,setresuid,yes,0,/usr/sbin/sshd,sshd,,sshd: deploy-rkejw [priv],,,,1001,1001,1001,17277,17230,(none),49,privilege_transition,benign,
1778300230,15569,1.512543,attack_window,20260508_211709_authorized_keys_W9jmSO,20260508_211655_dirtyfrag_root_authorized_keys_X5ChW3,persistence_auth/authorized_keys,persistence_auth,root_session,setuid,no,-1,/usr/sbin/sshd,sshd,,sshd: deploy-rkejw [priv],,,,1001,1001,1001,17277,17230,(none),49,privilege_transition,benign,
1778300230,15570,1.512543,attack_window,20260508_211709_authorized_keys_W9jmSO,20260508_211655_dirtyfrag_root_authorized_keys_X5ChW3,persistence_auth/authorized_keys,persistence_auth,root_session,setresuid,no,-1,/usr/sbin/sshd,sshd,,sshd: deploy-rkejw [priv],,,,1001,1001,1001,17277,17230,(none),49,privilege_transition,benign,
1778300230,15571,1.567543,attack_window,20260508_211709_authorized_keys_W9jmSO,20260508_211655_dirtyfrag_root_authorized_keys_X5ChW3,persistence_auth/authorized_keys,persistence_auth,root_session,execve,yes,0,/usr/bin/bash,bash,bash -c grep -F -- __AEGIS_ROOT_SESSION_DONE_20260508_211709_authorized_keys_W9jmSO__ /tmp/.cache/aegis_dirtyfrag_20260508_211658_root_dirtyfrag_t1hRDK/root_shell.log | tail -n 1 | sed 's/^.*://',bash -c grep -F -- __AEGIS_ROOT_SESSION_DONE_20260508_211709_authorized_keys_W9jmSO__ /tmp/.cache/aegis_dirtyfrag_20260508_21165,/home/deploy-rkejw,/bin/bash,/bin/bash|/lib64/ld-linux-x86-64.so.2,1001,1001,1001,17278,17277,(none),49,shell_exec,benign,
1778300230,15572,1.568543,attack_window,20260508_211709_authorized_keys_W9jmSO,20260508_211655_dirtyfrag_root_authorized_keys_X5ChW3,persistence_auth/authorized_keys,persistence_auth,root_session,execve,yes,0,/usr/bin/grep,grep,grep -F -- __AEGIS_ROOT_SESSION_DONE_20260508_211709_authorized_keys_W9jmSO__ /tmp/.cache/aegis_dirtyfrag_20260508_211658_root_dirtyfrag_t1hRDK/root_shell.log,grep -F -- __AEGIS_ROOT_SESSION_DONE_20260508_211709_authorized_keys_W9jmSO__ /tmp/.cache/aegis_dirtyfrag_20260508_211658_root_d,/home/deploy-rkejw,/usr/bin/grep,/usr/bin/grep|/lib64/ld-linux-x86-64.so.2,1001,1001,1001,17279,17278,(none),49,exec,benign,
1778300230,15574,1.568543,attack_window,20260508_211709_authorized_keys_W9jmSO,20260508_211655_dirtyfrag_root_authorized_keys_X5ChW3,persistence_auth/authorized_keys,persistence_auth,root_session,execve,yes,0,/usr/bin/tail,tail,tail -n 1,tail -n 1,/home/deploy-rkejw,/usr/bin/tail,/usr/bin/tail|/lib64/ld-linux-x86-64.so.2,1001,1001,1001,17280,17278,(none),49,exec,benign,
1778300230,15573,1.569543,attack_window,20260508_211709_authorized_keys_W9jmSO,20260508_211655_dirtyfrag_root_authorized_keys_X5ChW3,persistence_auth/authorized_keys,persistence_auth,root_session,execve,yes,0,/usr/bin/sed,sed,sed s/^.*://,sed s/^.*://,/home/deploy-rkejw,/usr/bin/sed,/usr/bin/sed|/lib64/ld-linux-x86-64.so.2,1001,1001,1001,17281,17278,(none),49,exec,benign,
1778300230,15575,1.572543,attack_window,20260508_211709_authorized_keys_W9jmSO,20260508_211655_dirtyfrag_root_authorized_keys_X5ChW3,persistence_auth/authorized_keys,persistence_auth,root_session,connect,yes,0,/usr/sbin/sshd,sshd,,sshd: deploy-rkejw [priv],/,/dev/log,/dev/log,1001,1001,1001,17277,17230,(none),49,network_connect,benign,
1778300230,15576,1.572543,attack_window,20260508_211709_authorized_keys_W9jmSO,20260508_211655_dirtyfrag_root_authorized_keys_X5ChW3,persistence_auth/authorized_keys,persistence_auth,root_session,114,yes,0,/usr/sbin/sshd,sshd,,/usr/sbin/sshd -D -R,,,,0,0,1001,17230,9653,(none),49,privilege_transition,benign,
1778300230,15577,1.572543,attack_window,20260508_211709_authorized_keys_W9jmSO,20260508_211655_dirtyfrag_root_authorized_keys_X5ChW3,persistence_auth/authorized_keys,persistence_auth,root_session,setresuid,yes,0,/usr/sbin/sshd,sshd,,/usr/sbin/sshd -D -R,,,,0,1001,1001,17230,9653,(none),49,privilege_transition,benign,
1778300230,15578,1.572543,attack_window,20260508_211709_authorized_keys_W9jmSO,20260508_211655_dirtyfrag_root_authorized_keys_X5ChW3,persistence_auth/authorized_keys,persistence_auth,root_session,113,yes,0,/usr/sbin/sshd,sshd,,/usr/sbin/sshd -D -R,,,,0,0,1001,17230,9653,(none),49,privilege_transition,benign,
1778300230,15579,1.572543,attack_window,20260508_211709_authorized_keys_W9jmSO,20260508_211655_dirtyfrag_root_authorized_keys_X5ChW3,persistence_auth/authorized_keys,persistence_auth,root_session,114,yes,0,/usr/sbin/sshd,sshd,,/usr/sbin/sshd -D -R,,,,0,0,1001,17230,9653,(none),49,privilege_transition,benign,
1778300230,15580,1.572543,attack_window,20260508_211709_authorized_keys_W9jmSO,20260508_211655_dirtyfrag_root_authorized_keys_X5ChW3,persistence_auth/authorized_keys,persistence_auth,root_session,connect,yes,0,/usr/sbin/sshd,sshd,,/usr/sbin/sshd -D -R,/,/run/dbus/system_bus_socket,/run/dbus/system_bus_socket,0,0,1001,17230,9653,(none),49,network_connect,benign,
1778300230,15581,1.574543,attack_window,20260508_211709_authorized_keys_W9jmSO,20260508_211655_dirtyfrag_root_authorized_keys_X5ChW3,persistence_auth/authorized_keys,persistence_auth,root_session,,,,,,,,,,,,,,,,,,,ambiguous,
1778300230,15582,1.574543,attack_window,20260508_211709_authorized_keys_W9jmSO,20260508_211655_dirtyfrag_root_authorized_keys_X5ChW3,persistence_auth/authorized_keys,persistence_auth,root_session,,,,,,,,,,,,,,,,,,,ambiguous,
1778300230,15583,1.574543,attack_window,20260508_211709_authorized_keys_W9jmSO,20260508_211655_dirtyfrag_root_authorized_keys_X5ChW3,persistence_auth/authorized_keys,persistence_auth,root_session,setresgid,yes,0,/usr/sbin/sshd,sshd,,/usr/sbin/sshd -D -R,,,,0,0,1001,17230,9653,(none),49,privilege_transition,benign,
1778300230,15584,1.574543,attack_window,20260508_211709_authorized_keys_W9jmSO,20260508_211655_dirtyfrag_root_authorized_keys_X5ChW3,persistence_auth/authorized_keys,persistence_auth,root_session,setresuid,yes,0,/usr/sbin/sshd,sshd,,/usr/sbin/sshd -D -R,,,,0,1001,1001,17230,9653,(none),49,privilege_transition,benign,
1778300230,15585,1.574543,attack_window,20260508_211709_authorized_keys_W9jmSO,20260508_211655_dirtyfrag_root_authorized_keys_X5ChW3,persistence_auth/authorized_keys,persistence_auth,root_session,setresuid,yes,0,/usr/sbin/sshd,sshd,,/usr/sbin/sshd -D -R,,,,0,0,1001,17230,9653,(none),49,privilege_transition,benign,
1778300230,15586,1.574543,attack_window,20260508_211709_authorized_keys_W9jmSO,20260508_211655_dirtyfrag_root_authorized_keys_X5ChW3,persistence_auth/authorized_keys,persistence_auth,root_session,setresgid,yes,0,/usr/sbin/sshd,sshd,,/usr/sbin/sshd -D -R,,,,0,0,1001,17230,9653,(none),49,privilege_transition,benign,
1778300230,15587,1.595543,attack_window,20260508_211709_authorized_keys_W9jmSO,20260508_211655_dirtyfrag_root_authorized_keys_X5ChW3,persistence_auth/authorized_keys,persistence_auth,root_session,execve,yes,0,/usr/sbin/sshd,sshd,/usr/sbin/sshd -D -R,/usr/sbin/sshd -D -R,/,/usr/sbin/sshd,/usr/sbin/sshd|/lib64/ld-linux-x86-64.so.2,0,0,4294967295,17282,9653,(none),4294967295,exec,benign,
1778300230,15588,1.598543,attack_window,20260508_211709_authorized_keys_W9jmSO,20260508_211655_dirtyfrag_root_authorized_keys_X5ChW3,persistence_auth/authorized_keys,persistence_auth,root_session,connect,no,-2,/usr/sbin/sshd,sshd,,/usr/sbin/sshd -D -R,/,/var/run/nscd/socket,/var/run/nscd/socket,0,0,4294967295,17282,9653,(none),4294967295,network_connect,benign,
1778300230,15589,1.598543,attack_window,20260508_211709_authorized_keys_W9jmSO,20260508_211655_dirtyfrag_root_authorized_keys_X5ChW3,persistence_auth/authorized_keys,persistence_auth,root_session,connect,yes,0,/usr/sbin/sshd,sshd,,/usr/sbin/sshd -D -R,,,,0,0,4294967295,17282,9653,(none),4294967295,network_connect,benign,
1778300230,15590,1.598543,attack_window,20260508_211709_authorized_keys_W9jmSO,20260508_211655_dirtyfrag_root_authorized_keys_X5ChW3,persistence_auth/authorized_keys,persistence_auth,root_session,connect,yes,0,/usr/sbin/sshd,sshd,,/usr/sbin/sshd -D -R,,,,0,0,4294967295,17282,9653,(none),4294967295,network_connect,benign,
1778300230,15591,1.598543,attack_window,20260508_211709_authorized_keys_W9jmSO,20260508_211655_dirtyfrag_root_authorized_keys_X5ChW3,persistence_auth/authorized_keys,persistence_auth,root_session,connect,yes,0,/usr/sbin/sshd,sshd,,/usr/sbin/sshd -D -R,,,,0,0,4294967295,17282,9653,(none),4294967295,network_connect,benign,
1778300230,15592,1.598543,attack_window,20260508_211709_authorized_keys_W9jmSO,20260508_211655_dirtyfrag_root_authorized_keys_X5ChW3,persistence_auth/authorized_keys,persistence_auth,root_session,connect,no,-2,/usr/sbin/sshd,sshd,,/usr/sbin/sshd -D -R,/,/var/run/nscd/socket,/var/run/nscd/socket,0,0,4294967295,17282,9653,(none),4294967295,network_connect,benign,
1778300230,15593,1.598543,attack_window,20260508_211709_authorized_keys_W9jmSO,20260508_211655_dirtyfrag_root_authorized_keys_X5ChW3,persistence_auth/authorized_keys,persistence_auth,root_session,connect,no,-2,/usr/sbin/sshd,sshd,,/usr/sbin/sshd -D -R,/,/var/run/nscd/socket,/var/run/nscd/socket,0,0,4294967295,17282,9653,(none),4294967295,network_connect,benign,
1778300230,15594,1.600543,attack_window,20260508_211709_authorized_keys_W9jmSO,20260508_211655_dirtyfrag_root_authorized_keys_X5ChW3,persistence_auth/authorized_keys,persistence_auth,root_session,setresgid,yes,0,/usr/sbin/sshd,sshd,,sshd: [accepted],,,,0,0,4294967295,17283,17282,(none),4294967295,privilege_transition,benign,
1778300230,15595,1.600543,attack_window,20260508_211709_authorized_keys_W9jmSO,20260508_211655_dirtyfrag_root_authorized_keys_X5ChW3,persistence_auth/authorized_keys,persistence_auth,root_session,setresuid,yes,0,/usr/sbin/sshd,sshd,,sshd: [accepted],,,,109,109,4294967295,17283,17282,(none),4294967295,privilege_transition,benign,
1778300230,15596,1.600543,attack_window,20260508_211709_authorized_keys_W9jmSO,20260508_211655_dirtyfrag_root_authorized_keys_X5ChW3,persistence_auth/authorized_keys,persistence_auth,root_session,setgid,no,-1,/usr/sbin/sshd,sshd,,sshd: [accepted],,,,109,109,4294967295,17283,17282,(none),4294967295,privilege_transition,benign,
1778300230,15597,1.600543,attack_window,20260508_211709_authorized_keys_W9jmSO,20260508_211655_dirtyfrag_root_authorized_keys_X5ChW3,persistence_auth/authorized_keys,persistence_auth,root_session,setresgid,no,-1,/usr/sbin/sshd,sshd,,sshd: [accepted],,,,109,109,4294967295,17283,17282,(none),4294967295,privilege_transition,benign,
1778300230,15598,1.600543,attack_window,20260508_211709_authorized_keys_W9jmSO,20260508_211655_dirtyfrag_root_authorized_keys_X5ChW3,persistence_auth/authorized_keys,persistence_auth,root_session,setuid,no,-1,/usr/sbin/sshd,sshd,,sshd: [accepted],,,,109,109,4294967295,17283,17282,(none),4294967295,privilege_transition,benign,
1778300230,15599,1.600543,attack_window,20260508_211709_authorized_keys_W9jmSO,20260508_211655_dirtyfrag_root_authorized_keys_X5ChW3,persistence_auth/authorized_keys,persistence_auth,root_session,setresuid,no,-1,/usr/sbin/sshd,sshd,,sshd: [accepted],,,,109,109,4294967295,17283,17282,(none),4294967295,privilege_transition,benign,
1778300230,15600,1.701543,attack_window,20260508_211709_authorized_keys_W9jmSO,20260508_211655_dirtyfrag_root_authorized_keys_X5ChW3,persistence_auth/authorized_keys,persistence_auth,root_session,connect,no,-2,/usr/sbin/sshd,sshd,,/usr/sbin/sshd -D -R,/,/var/run/nscd/socket,/var/run/nscd/socket,0,0,4294967295,17282,9653,(none),4294967295,network_connect,benign,
1778300230,15601,1.701543,attack_window,20260508_211709_authorized_keys_W9jmSO,20260508_211655_dirtyfrag_root_authorized_keys_X5ChW3,persistence_auth/authorized_keys,persistence_auth,root_session,connect,no,-2,/usr/sbin/sshd,sshd,,/usr/sbin/sshd -D -R,/,/var/run/nscd/socket,/var/run/nscd/socket,0,0,4294967295,17282,9653,(none),4294967295,network_connect,benign,
1778300230,15602,1.701543,attack_window,20260508_211709_authorized_keys_W9jmSO,20260508_211655_dirtyfrag_root_authorized_keys_X5ChW3,persistence_auth/authorized_keys,persistence_auth,root_session,connect,yes,0,/usr/sbin/sshd,sshd,,/usr/sbin/sshd -D -R,/,/run/systemd/userdb/io.systemd.DynamicUser,/run/systemd/userdb/io.systemd.DynamicUser,0,0,4294967295,17282,9653,(none),4294967295,network_connect,benign,
1778300230,15603,1.702543,attack_window,20260508_211709_authorized_keys_W9jmSO,20260508_211655_dirtyfrag_root_authorized_keys_X5ChW3,persistence_auth/authorized_keys,persistence_auth,root_session,setresgid,yes,0,/usr/sbin/sshd,sshd,,/usr/sbin/sshd -D -R,,,,0,0,4294967295,17282,9653,(none),4294967295,privilege_transition,benign,
1778300230,15604,1.702543,attack_window,20260508_211709_authorized_keys_W9jmSO,20260508_211655_dirtyfrag_root_authorized_keys_X5ChW3,persistence_auth/authorized_keys,persistence_auth,root_session,setresuid,yes,0,/usr/sbin/sshd,sshd,,/usr/sbin/sshd -D -R,,,,0,1001,4294967295,17282,9653,(none),4294967295,privilege_transition,benign,
1778300230,15605,1.702543,attack_window,20260508_211709_authorized_keys_W9jmSO,20260508_211655_dirtyfrag_root_authorized_keys_X5ChW3,persistence_auth/authorized_keys,persistence_auth,root_session,setresuid,yes,0,/usr/sbin/sshd,sshd,,/usr/sbin/sshd -D -R,,,,0,0,4294967295,17282,9653,(none),4294967295,privilege_transition,benign,
1778300230,15606,1.702543,attack_window,20260508_211709_authorized_keys_W9jmSO,20260508_211655_dirtyfrag_root_authorized_keys_X5ChW3,persistence_auth/authorized_keys,persistence_auth,root_session,setresgid,yes,0,/usr/sbin/sshd,sshd,,/usr/sbin/sshd -D -R,,,,0,0,4294967295,17282,9653,(none),4294967295,privilege_transition,benign,
1778300230,15607,1.702543,attack_window,20260508_211709_authorized_keys_W9jmSO,20260508_211655_dirtyfrag_root_authorized_keys_X5ChW3,persistence_auth/authorized_keys,persistence_auth,root_session,setresgid,yes,0,/usr/sbin/sshd,sshd,,/usr/sbin/sshd -D -R,,,,0,0,4294967295,17282,9653,(none),4294967295,privilege_transition,benign,
1778300230,15608,1.702543,attack_window,20260508_211709_authorized_keys_W9jmSO,20260508_211655_dirtyfrag_root_authorized_keys_X5ChW3,persistence_auth/authorized_keys,persistence_auth,root_session,setresuid,yes,0,/usr/sbin/sshd,sshd,,/usr/sbin/sshd -D -R,,,,0,1001,4294967295,17282,9653,(none),4294967295,privilege_transition,benign,
1778300230,15609,1.702543,attack_window,20260508_211709_authorized_keys_W9jmSO,20260508_211655_dirtyfrag_root_authorized_keys_X5ChW3,persistence_auth/authorized_keys,persistence_auth,root_session,setresuid,yes,0,/usr/sbin/sshd,sshd,,/usr/sbin/sshd -D -R,,,,0,0,4294967295,17282,9653,(none),4294967295,privilege_transition,benign,
1778300230,15610,1.702543,attack_window,20260508_211709_authorized_keys_W9jmSO,20260508_211655_dirtyfrag_root_authorized_keys_X5ChW3,persistence_auth/authorized_keys,persistence_auth,root_session,setresgid,yes,0,/usr/sbin/sshd,sshd,,/usr/sbin/sshd -D -R,,,,0,0,4294967295,17282,9653,(none),4294967295,privilege_transition,benign,
1778300230,15611,1.702543,attack_window,20260508_211709_authorized_keys_W9jmSO,20260508_211655_dirtyfrag_root_authorized_keys_X5ChW3,persistence_auth/authorized_keys,persistence_auth,root_session,,,,,,,,,,,,,,,,,,,ambiguous,
1778300230,15612,1.710543,attack_window,20260508_211709_authorized_keys_W9jmSO,20260508_211655_dirtyfrag_root_authorized_keys_X5ChW3,persistence_auth/authorized_keys,persistence_auth,root_session,setresgid,yes,0,/usr/sbin/sshd,sshd,,/usr/sbin/sshd -D -R,,,,0,0,4294967295,17282,9653,(none),4294967295,privilege_transition,benign,
1778300230,15613,1.710543,attack_window,20260508_211709_authorized_keys_W9jmSO,20260508_211655_dirtyfrag_root_authorized_keys_X5ChW3,persistence_auth/authorized_keys,persistence_auth,root_session,setresuid,yes,0,/usr/sbin/sshd,sshd,,/usr/sbin/sshd -D -R,,,,0,1001,4294967295,17282,9653,(none),4294967295,privilege_transition,benign,
1778300230,15614,1.710543,attack_window,20260508_211709_authorized_keys_W9jmSO,20260508_211655_dirtyfrag_root_authorized_keys_X5ChW3,persistence_auth/authorized_keys,persistence_auth,root_session,setresuid,yes,0,/usr/sbin/sshd,sshd,,/usr/sbin/sshd -D -R,,,,0,0,4294967295,17282,9653,(none),4294967295,privilege_transition,benign,
1778300230,15615,1.710543,attack_window,20260508_211709_authorized_keys_W9jmSO,20260508_211655_dirtyfrag_root_authorized_keys_X5ChW3,persistence_auth/authorized_keys,persistence_auth,root_session,setresgid,yes,0,/usr/sbin/sshd,sshd,,/usr/sbin/sshd -D -R,,,,0,0,4294967295,17282,9653,(none),4294967295,privilege_transition,benign,
1778300230,15616,1.710543,attack_window,20260508_211709_authorized_keys_W9jmSO,20260508_211655_dirtyfrag_root_authorized_keys_X5ChW3,persistence_auth/authorized_keys,persistence_auth,root_session,setresgid,yes,0,/usr/sbin/sshd,sshd,,/usr/sbin/sshd -D -R,,,,0,0,4294967295,17282,9653,(none),4294967295,privilege_transition,benign,
1778300230,15617,1.710543,attack_window,20260508_211709_authorized_keys_W9jmSO,20260508_211655_dirtyfrag_root_authorized_keys_X5ChW3,persistence_auth/authorized_keys,persistence_auth,root_session,setresuid,yes,0,/usr/sbin/sshd,sshd,,/usr/sbin/sshd -D -R,,,,0,1001,4294967295,17282,9653,(none),4294967295,privilege_transition,benign,
1778300230,15618,1.710543,attack_window,20260508_211709_authorized_keys_W9jmSO,20260508_211655_dirtyfrag_root_authorized_keys_X5ChW3,persistence_auth/authorized_keys,persistence_auth,root_session,setresuid,yes,0,/usr/sbin/sshd,sshd,,/usr/sbin/sshd -D -R,,,,0,0,4294967295,17282,9653,(none),4294967295,privilege_transition,benign,
1778300230,15619,1.710543,attack_window,20260508_211709_authorized_keys_W9jmSO,20260508_211655_dirtyfrag_root_authorized_keys_X5ChW3,persistence_auth/authorized_keys,persistence_auth,root_session,setresgid,yes,0,/usr/sbin/sshd,sshd,,/usr/sbin/sshd -D -R,,,,0,0,4294967295,17282,9653,(none),4294967295,privilege_transition,benign,
1778300230,15620,1.710543,attack_window,20260508_211709_authorized_keys_W9jmSO,20260508_211655_dirtyfrag_root_authorized_keys_X5ChW3,persistence_auth/authorized_keys,persistence_auth,root_session,,,,,,,,,,,,,,,,,,,ambiguous,
1778300230,15621,1.738543,attack_window,20260508_211709_authorized_keys_W9jmSO,20260508_211655_dirtyfrag_root_authorized_keys_X5ChW3,persistence_auth/authorized_keys,persistence_auth,root_session,connect,yes,0,/usr/sbin/sshd,sshd,,/usr/sbin/sshd -D -R,/,/run/systemd/userdb/io.systemd.DynamicUser,/run/systemd/userdb/io.systemd.DynamicUser,0,0,4294967295,17282,9653,(none),4294967295,network_connect,benign,
1778300230,15622,1.738543,attack_window,20260508_211709_authorized_keys_W9jmSO,20260508_211655_dirtyfrag_root_authorized_keys_X5ChW3,persistence_auth/authorized_keys,persistence_auth,root_session,,,,,,,,,,,,,,,,,,,ambiguous,
1778300230,15623,1.751543,attack_window,20260508_211709_authorized_keys_W9jmSO,20260508_211655_dirtyfrag_root_authorized_keys_X5ChW3,persistence_auth/authorized_keys,persistence_auth,root_session,,,,,,,,,,,,,,,,,,,ambiguous,
1778300230,15624,1.751543,attack_window,20260508_211709_authorized_keys_W9jmSO,20260508_211655_dirtyfrag_root_authorized_keys_X5ChW3,persistence_auth/authorized_keys,persistence_auth,root_session,connect,yes,0,/usr/sbin/sshd,sshd,,/usr/sbin/sshd -D -R,/,/dev/log,/dev/log,0,0,4294967295,17282,9653,(none),4294967295,network_connect,benign,
1778300230,15625,1.751543,attack_window,20260508_211709_authorized_keys_W9jmSO,20260508_211655_dirtyfrag_root_authorized_keys_X5ChW3,persistence_auth/authorized_keys,persistence_auth,root_session,connect,yes,0,/usr/sbin/sshd,sshd,,/usr/sbin/sshd -D -R,/,/run/systemd/userdb/io.systemd.DynamicUser,/run/systemd/userdb/io.systemd.DynamicUser,0,0,4294967295,17282,9653,(none),4294967295,network_connect,benign,
1778300230,15626,1.751543,attack_window,20260508_211709_authorized_keys_W9jmSO,20260508_211655_dirtyfrag_root_authorized_keys_X5ChW3,persistence_auth/authorized_keys,persistence_auth,root_session,126,yes,0,/usr/sbin/sshd,sshd,,/usr/sbin/sshd -D -R,,,,0,0,4294967295,17282,9653,(none),4294967295,privilege_transition,benign,
1778300230,15627,1.751543,attack_window,20260508_211709_authorized_keys_W9jmSO,20260508_211655_dirtyfrag_root_authorized_keys_X5ChW3,persistence_auth/authorized_keys,persistence_auth,root_session,,,,,,,,,,,,,,,,,,,ambiguous,
1778300230,15628,1.751543,attack_window,20260508_211709_authorized_keys_W9jmSO,20260508_211655_dirtyfrag_root_authorized_keys_X5ChW3,persistence_auth/authorized_keys,persistence_auth,root_session,77,yes,0,/usr/sbin/sshd,sshd,,/usr/sbin/sshd -D -R,,,,0,0,4294967295,17282,9653,(none),4294967295,file_destroy,benign,
1778300230,15629,1.752543,attack_window,20260508_211709_authorized_keys_W9jmSO,20260508_211655_dirtyfrag_root_authorized_keys_X5ChW3,persistence_auth/authorized_keys,persistence_auth,root_session,write,yes,4,/usr/sbin/sshd,sshd,,/usr/sbin/sshd -D -R,,,,0,0,1001,17282,9653,(none),50,(null),benign,
1778300230,15630,1.752543,attack_window,20260508_211709_authorized_keys_W9jmSO,20260508_211655_dirtyfrag_root_authorized_keys_X5ChW3,persistence_auth/authorized_keys,persistence_auth,root_session,114,yes,0,/usr/sbin/sshd,sshd,,/usr/sbin/sshd -D -R,,,,0,0,1001,17282,9653,(none),50,privilege_transition,benign,
1778300230,15631,1.752543,attack_window,20260508_211709_authorized_keys_W9jmSO,20260508_211655_dirtyfrag_root_authorized_keys_X5ChW3,persistence_auth/authorized_keys,persistence_auth,root_session,113,yes,0,/usr/sbin/sshd,sshd,,/usr/sbin/sshd -D -R,,,,1001,0,1001,17282,9653,(none),50,privilege_transition,benign,
1778300230,15632,1.752543,attack_window,20260508_211709_authorized_keys_W9jmSO,20260508_211655_dirtyfrag_root_authorized_keys_X5ChW3,persistence_auth/authorized_keys,persistence_auth,root_session,113,yes,0,/usr/sbin/sshd,sshd,,/usr/sbin/sshd -D -R,,,,0,0,1001,17282,9653,(none),50,privilege_transition,benign,
1778300230,15633,1.752543,attack_window,20260508_211709_authorized_keys_W9jmSO,20260508_211655_dirtyfrag_root_authorized_keys_X5ChW3,persistence_auth/authorized_keys,persistence_auth,root_session,114,yes,0,/usr/sbin/sshd,sshd,,/usr/sbin/sshd -D -R,,,,0,0,1001,17282,9653,(none),50,privilege_transition,benign,
1778300230,15634,1.752543,attack_window,20260508_211709_authorized_keys_W9jmSO,20260508_211655_dirtyfrag_root_authorized_keys_X5ChW3,persistence_auth/authorized_keys,persistence_auth,root_session,connect,yes,0,/usr/sbin/sshd,sshd,,/usr/sbin/sshd -D -R,/,/dev/log,/dev/log,0,0,1001,17282,9653,(none),50,network_connect,benign,
1778300230,15635,1.752543,attack_window,20260508_211709_authorized_keys_W9jmSO,20260508_211655_dirtyfrag_root_authorized_keys_X5ChW3,persistence_auth/authorized_keys,persistence_auth,root_session,connect,no,-2,/usr/sbin/sshd,sshd,,/usr/sbin/sshd -D -R,/,/run/systemd/userdb/io.systemd.Multiplexer,/run/systemd/userdb/io.systemd.Multiplexer,0,0,1001,17282,9653,(none),50,network_connect,benign,
1778300230,15636,1.752543,attack_window,20260508_211709_authorized_keys_W9jmSO,20260508_211655_dirtyfrag_root_authorized_keys_X5ChW3,persistence_auth/authorized_keys,persistence_auth,root_session,connect,yes,0,/usr/sbin/sshd,sshd,,/usr/sbin/sshd -D -R,/,/run/systemd/userdb/io.systemd.DynamicUser,/run/systemd/userdb/io.systemd.DynamicUser,0,0,1001,17282,9653,(none),50,network_connect,benign,
1778300230,15637,1.752543,attack_window,20260508_211709_authorized_keys_W9jmSO,20260508_211655_dirtyfrag_root_authorized_keys_X5ChW3,persistence_auth/authorized_keys,persistence_auth,root_session,connect,yes,0,/usr/sbin/sshd,sshd,,/usr/sbin/sshd -D -R,/,/run/dbus/system_bus_socket,/run/dbus/system_bus_socket,0,0,1001,17282,9653,(none),50,network_connect,benign,
1778300230,15638,1.764543,attack_window,20260508_211709_authorized_keys_W9jmSO,20260508_211655_dirtyfrag_root_authorized_keys_X5ChW3,persistence_auth/authorized_keys,persistence_auth,root_session,execve,yes,0,/usr/bin/dash,sh,sh -c -- /usr/bin/env -i PATH=/usr/local/sbin:/usr/local/bin:/usr/sbin:/usr/bin:/sbin:/bin run-parts --lsbsysinit /etc/update-motd.d > /run/motd.dynamic.new,sh -c -- /usr/bin/env -i PATH=/usr/local/sbin:/usr/local/bin:/usr/sbin:/usr/bin:/sbin:/bin run-parts --lsbsysinit /etc/update-mo,/,/bin/sh,/bin/sh|/lib64/ld-linux-x86-64.so.2,0,0,1001,17284,17282,(none),50,exec,benign,
1778300230,15639,1.765543,attack_window,20260508_211709_authorized_keys_W9jmSO,20260508_211655_dirtyfrag_root_authorized_keys_X5ChW3,persistence_auth/authorized_keys,persistence_auth,root_session,execve,yes,0,/usr/bin/env,env,/usr/bin/env -i PATH=/usr/local/sbin:/usr/local/bin:/usr/sbin:/usr/bin:/sbin:/bin run-parts --lsbsysinit /etc/update-motd.d,/usr/bin/env -i PATH=/usr/local/sbin:/usr/local/bin:/usr/sbin:/usr/bin:/sbin:/bin run-parts --lsbsysinit /etc/update-motd.d,/,/usr/bin/env,/usr/bin/env|/lib64/ld-linux-x86-64.so.2,0,0,1001,17285,17284,(none),50,exec,benign,
1778300230,15640,1.766543,attack_window,20260508_211709_authorized_keys_W9jmSO,20260508_211655_dirtyfrag_root_authorized_keys_X5ChW3,persistence_auth/authorized_keys,persistence_auth,root_session,execve,no,-2,/usr/bin/env,env,,/usr/bin/env -i PATH=/usr/local/sbin:/usr/local/bin:/usr/sbin:/usr/bin:/sbin:/bin run-parts --lsbsysinit /etc/update-motd.d,/,/usr/local/sbin/run-parts,/usr/local/sbin/run-parts,0,0,1001,17285,17284,(none),50,exec,benign,
1778300230,15641,1.766543,attack_window,20260508_211709_authorized_keys_W9jmSO,20260508_211655_dirtyfrag_root_authorized_keys_X5ChW3,persistence_auth/authorized_keys,persistence_auth,root_session,execve,no,-2,/usr/bin/env,env,,/usr/bin/env -i PATH=/usr/local/sbin:/usr/local/bin:/usr/sbin:/usr/bin:/sbin:/bin run-parts --lsbsysinit /etc/update-motd.d,/,/usr/local/bin/run-parts,/usr/local/bin/run-parts,0,0,1001,17285,17284,(none),50,exec,benign,
1778300230,15642,1.766543,attack_window,20260508_211709_authorized_keys_W9jmSO,20260508_211655_dirtyfrag_root_authorized_keys_X5ChW3,persistence_auth/authorized_keys,persistence_auth,root_session,execve,no,-2,/usr/bin/env,env,,/usr/bin/env -i PATH=/usr/local/sbin:/usr/local/bin:/usr/sbin:/usr/bin:/sbin:/bin run-parts --lsbsysinit /etc/update-motd.d,/,/usr/sbin/run-parts,/usr/sbin/run-parts,0,0,1001,17285,17284,(none),50,exec,benign,
1778300230,15643,1.766543,attack_window,20260508_211709_authorized_keys_W9jmSO,20260508_211655_dirtyfrag_root_authorized_keys_X5ChW3,persistence_auth/authorized_keys,persistence_auth,root_session,execve,yes,0,/usr/bin/run-parts,run-parts,run-parts --lsbsysinit /etc/update-motd.d,/usr/bin/env -i PATH=/usr/local/sbin:/usr/local/bin:/usr/sbin:/usr/bin:/sbin:/bin run-parts --lsbsysinit /etc/update-motd.d,/,/usr/bin/run-parts,/usr/bin/run-parts|/lib64/ld-linux-x86-64.so.2,0,0,1001,17285,17284,(none),50,exec,benign,
1778300230,15644,1.767543,attack_window,20260508_211709_authorized_keys_W9jmSO,20260508_211655_dirtyfrag_root_authorized_keys_X5ChW3,persistence_auth/authorized_keys,persistence_auth,root_session,execve,yes,0,/usr/bin/dash,00-header,/bin/sh /etc/update-motd.d/00-header,/bin/sh /etc/update-motd.d/00-header,/,/etc/update-motd.d/00-header,/etc/update-motd.d/00-header|/bin/sh|/lib64/ld-linux-x86-64.so.2,0,0,1001,17286,17285,(none),50,exec,benign,
1778300230,15645,1.768543,attack_window,20260508_211709_authorized_keys_W9jmSO,20260508_211655_dirtyfrag_root_authorized_keys_X5ChW3,persistence_auth/authorized_keys,persistence_auth,root_session,execve,yes,0,/usr/bin/uname,uname,uname -o,uname -o,/,/usr/bin/uname,/usr/bin/uname|/lib64/ld-linux-x86-64.so.2,0,0,1001,17287,17286,(none),50,exec,benign,
1778300230,15646,1.770543,attack_window,20260508_211709_authorized_keys_W9jmSO,20260508_211655_dirtyfrag_root_authorized_keys_X5ChW3,persistence_auth/authorized_keys,persistence_auth,root_session,execve,yes,0,/usr/bin/uname,uname,uname -r,uname -r,/,/usr/bin/uname,/usr/bin/uname|/lib64/ld-linux-x86-64.so.2,0,0,1001,17288,17286,(none),50,exec,benign,
1778300230,15647,1.771543,attack_window,20260508_211709_authorized_keys_W9jmSO,20260508_211655_dirtyfrag_root_authorized_keys_X5ChW3,persistence_auth/authorized_keys,persistence_auth,root_session,execve,yes,0,/usr/bin/uname,uname,uname -m,uname -m,/,/usr/bin/uname,/usr/bin/uname|/lib64/ld-linux-x86-64.so.2,0,0,1001,17289,17286,(none),50,exec,benign,
1778300230,15648,1.772543,attack_window,20260508_211709_authorized_keys_W9jmSO,20260508_211655_dirtyfrag_root_authorized_keys_X5ChW3,persistence_auth/authorized_keys,persistence_auth,root_session,execve,yes,0,/usr/bin/dash,10-help-text,/bin/sh /etc/update-motd.d/10-help-text,/bin/sh /etc/update-motd.d/10-help-text,/,/etc/update-motd.d/10-help-text,/etc/update-motd.d/10-help-text|/bin/sh|/lib64/ld-linux-x86-64.so.2,0,0,1001,17290,17285,(none),50,exec,benign,
1778300230,15649,1.773543,attack_window,20260508_211709_authorized_keys_W9jmSO,20260508_211655_dirtyfrag_root_authorized_keys_X5ChW3,persistence_auth/authorized_keys,persistence_auth,root_session,execve,yes,0,/usr/bin/dash,50-landscape-sy,/bin/sh /etc/update-motd.d/50-landscape-sysinfo,/bin/sh /etc/update-motd.d/50-landscape-sysinfo,/,/etc/update-motd.d/50-landscape-sysinfo,/etc/update-motd.d/50-landscape-sysinfo|/bin/sh|/lib64/ld-linux-x86-64.so.2,0,0,1001,17291,17285,(none),50,exec,benign,
1778300230,15650,1.774543,attack_window,20260508_211709_authorized_keys_W9jmSO,20260508_211655_dirtyfrag_root_authorized_keys_X5ChW3,persistence_auth/authorized_keys,persistence_auth,root_session,execve,yes,0,/usr/bin/find,find,find /var/lib/landscape/landscape-sysinfo.cache -newermt now-1 minutes,find /var/lib/landscape/landscape-sysinfo.cache -newermt now-1 minutes,/,/usr/bin/find,/usr/bin/find|/lib64/ld-linux-x86-64.so.2,0,0,1001,17292,17291,(none),50,exec,benign,
1778300230,15651,1.775543,attack_window,20260508_211709_authorized_keys_W9jmSO,20260508_211655_dirtyfrag_root_authorized_keys_X5ChW3,persistence_auth/authorized_keys,persistence_auth,root_session,execve,yes,0,/usr/bin/cat,cat,cat /var/lib/landscape/landscape-sysinfo.cache,cat /var/lib/landscape/landscape-sysinfo.cache,/,/usr/bin/cat,/usr/bin/cat|/lib64/ld-linux-x86-64.so.2,0,0,1001,17293,17291,(none),50,exec,benign,
1778300230,15652,1.777543,attack_window,20260508_211709_authorized_keys_W9jmSO,20260508_211655_dirtyfrag_root_authorized_keys_X5ChW3,persistence_auth/authorized_keys,persistence_auth,root_session,execve,yes,0,/usr/bin/dash,50-motd-news,/bin/sh /etc/update-motd.d/50-motd-news,/bin/sh /etc/update-motd.d/50-motd-news,/,/etc/update-motd.d/50-motd-news,/etc/update-motd.d/50-motd-news|/bin/sh|/lib64/ld-linux-x86-64.so.2,0,0,1001,17294,17285,(none),50,exec,benign,
1778300230,15653,1.777543,attack_window,20260508_211709_authorized_keys_W9jmSO,20260508_211655_dirtyfrag_root_authorized_keys_X5ChW3,persistence_auth/authorized_keys,persistence_auth,root_session,execve,yes,0,/usr/bin/head,head,head -n 10,head -n 10,/,/usr/bin/head,/usr/bin/head|/lib64/ld-linux-x86-64.so.2,0,0,1001,17296,17294,(none),50,exec,benign,
1778300230,15654,1.777543,attack_window,20260508_211709_authorized_keys_W9jmSO,20260508_211655_dirtyfrag_root_authorized_keys_X5ChW3,persistence_auth/authorized_keys,persistence_auth,root_session,execve,yes,0,/usr/bin/tr,tr,tr -d \000-\011\013\014\016-\037,tr -d \000-\011\013\014\016-\037,/,/usr/bin/tr,/usr/bin/tr|/lib64/ld-linux-x86-64.so.2,0,0,1001,17297,17294,(none),50,exec,benign,
1778300230,15656,1.777543,attack_window,20260508_211709_authorized_keys_W9jmSO,20260508_211655_dirtyfrag_root_authorized_keys_X5ChW3,persistence_auth/authorized_keys,persistence_auth,root_session,execve,yes,0,/usr/bin/cat,cat,cat /var/cache/motd-news,cat /var/cache/motd-news,/,/usr/bin/cat,/usr/bin/cat|/lib64/ld-linux-x86-64.so.2,0,0,1001,17295,17294,(none),50,exec,benign,
1778300230,15655,1.778543,attack_window,20260508_211709_authorized_keys_W9jmSO,20260508_211655_dirtyfrag_root_authorized_keys_X5ChW3,persistence_auth/authorized_keys,persistence_auth,root_session,execve,yes,0,/usr/bin/cut,cut,cut -c -80,cut -c -80,/,/usr/bin/cut,/usr/bin/cut|/lib64/ld-linux-x86-64.so.2,0,0,1001,17298,17294,(none),50,exec,benign,
1778300230,15657,1.781543,attack_window,20260508_211709_authorized_keys_W9jmSO,20260508_211655_dirtyfrag_root_authorized_keys_X5ChW3,persistence_auth/authorized_keys,persistence_auth,root_session,execve,yes,0,/usr/bin/dash,85-fwupd,/bin/sh /etc/update-motd.d/85-fwupd,/bin/sh /etc/update-motd.d/85-fwupd,/,/etc/update-motd.d/85-fwupd,/etc/update-motd.d/85-fwupd|/bin/sh|/lib64/ld-linux-x86-64.so.2,0,0,1001,17299,17285,(none),50,exec,benign,
1778300230,15658,1.782543,attack_window,20260508_211709_authorized_keys_W9jmSO,20260508_211655_dirtyfrag_root_authorized_keys_X5ChW3,persistence_auth/authorized_keys,persistence_auth,root_session,execve,yes,0,/usr/bin/cat,cat,cat /run/motd.d/85-fwupd,cat /run/motd.d/85-fwupd,/,/usr/bin/cat,/usr/bin/cat|/lib64/ld-linux-x86-64.so.2,0,0,1001,17300,17299,(none),50,exec,benign,
1778300230,15659,1.783543,attack_window,20260508_211709_authorized_keys_W9jmSO,20260508_211655_dirtyfrag_root_authorized_keys_X5ChW3,persistence_auth/authorized_keys,persistence_auth,root_session,execve,yes,0,/usr/bin/dash,90-updates-avai,/bin/sh /etc/update-motd.d/90-updates-available,/bin/sh /etc/update-motd.d/90-updates-available,/,/etc/update-motd.d/90-updates-available,/etc/update-motd.d/90-updates-available|/bin/sh|/lib64/ld-linux-x86-64.so.2,0,0,1001,17301,17285,(none),50,exec,benign,
1778300230,15660,1.784543,attack_window,20260508_211709_authorized_keys_W9jmSO,20260508_211655_dirtyfrag_root_authorized_keys_X5ChW3,persistence_auth/authorized_keys,persistence_auth,root_session,execve,yes,0,/usr/bin/cat,cat,cat /var/lib/update-notifier/updates-available,cat /var/lib/update-notifier/updates-available,/,/usr/bin/cat,/usr/bin/cat|/lib64/ld-linux-x86-64.so.2,0,0,1001,17302,17301,(none),50,exec,benign,
1778300230,15661,1.785543,attack_window,20260508_211709_authorized_keys_W9jmSO,20260508_211655_dirtyfrag_root_authorized_keys_X5ChW3,persistence_auth/authorized_keys,persistence_auth,root_session,execve,yes,0,/usr/bin/grep,grep,grep -q -m 1 .,grep -q -m 1 .,/,/usr/bin/grep,/usr/bin/grep|/lib64/ld-linux-x86-64.so.2,0,0,1001,17304,17301,(none),50,exec,benign,
1778300230,15662,1.785543,attack_window,20260508_211709_authorized_keys_W9jmSO,20260508_211655_dirtyfrag_root_authorized_keys_X5ChW3,persistence_auth/authorized_keys,persistence_auth,root_session,execve,yes,0,/usr/bin/find,find,find /var/lib/update-notifier/updates-available -newermt now-7 days,find /var/lib/update-notifier/updates-available -newermt now-7 days,/,/usr/bin/find,/usr/bin/find|/lib64/ld-linux-x86-64.so.2,0,0,1001,17303,17301,(none),50,exec,benign,
1778300230,15663,1.787543,attack_window,20260508_211709_authorized_keys_W9jmSO,20260508_211655_dirtyfrag_root_authorized_keys_X5ChW3,persistence_auth/authorized_keys,persistence_auth,root_session,execve,yes,0,/usr/bin/dash,91-contract-ua-,/bin/sh /etc/update-motd.d/91-contract-ua-esm-status,/bin/sh /etc/update-motd.d/91-contract-ua-esm-status,/,/etc/update-motd.d/91-contract-ua-esm-status,/etc/update-motd.d/91-contract-ua-esm-status|/bin/sh|/lib64/ld-linux-x86-64.so.2,0,0,1001,17305,17285,(none),50,exec,benign,
1778300230,15664,1.788543,attack_window,20260508_211709_authorized_keys_W9jmSO,20260508_211655_dirtyfrag_root_authorized_keys_X5ChW3,persistence_auth/authorized_keys,persistence_auth,root_session,execve,yes,0,/usr/bin/dash,91-release-upgr,/bin/sh /etc/update-motd.d/91-release-upgrade,/bin/sh /etc/update-motd.d/91-release-upgrade,/,/etc/update-motd.d/91-release-upgrade,/etc/update-motd.d/91-release-upgrade|/bin/sh|/lib64/ld-linux-x86-64.so.2,0,0,1001,17306,17285,(none),50,exec,benign,
1778300230,15665,1.789543,attack_window,20260508_211709_authorized_keys_W9jmSO,20260508_211655_dirtyfrag_root_authorized_keys_X5ChW3,persistence_auth/authorized_keys,persistence_auth,root_session,execve,yes,0,/usr/bin/cut,cut,cut -d -f4,cut -d -f4,/,/usr/bin/cut,/usr/bin/cut|/lib64/ld-linux-x86-64.so.2,0,0,1001,17309,17307,(none),50,exec,benign,
1778300230,15666,1.791543,attack_window,20260508_211709_authorized_keys_W9jmSO,20260508_211655_dirtyfrag_root_authorized_keys_X5ChW3,persistence_auth/authorized_keys,persistence_auth,root_session,execve,yes,0,/usr/bin/id,id,id -u,id -u,/,/usr/bin/id,/usr/bin/id|/lib64/ld-linux-x86-64.so.2,0,0,1001,17310,17306,(none),50,exec,benign,
1778300230,15667,1.792543,attack_window,20260508_211709_authorized_keys_W9jmSO,20260508_211655_dirtyfrag_root_authorized_keys_X5ChW3,persistence_auth/authorized_keys,persistence_auth,root_session,execve,yes,0,/usr/bin/dash,release-upgrade,/bin/sh -e /usr/lib/ubuntu-release-upgrader/release-upgrade-motd,/bin/sh /etc/update-motd.d/91-release-upgrade,/,/usr/lib/ubuntu-release-upgrader/release-upgrade-motd,/usr/lib/ubuntu-release-upgrader/release-upgrade-motd|/bin/sh|/lib64/ld-linux-x86-64.so.2,0,0,1001,17306,17285,(none),50,exec,benign,
1778300230,15668,1.793543,attack_window,20260508_211709_authorized_keys_W9jmSO,20260508_211655_dirtyfrag_root_authorized_keys_X5ChW3,persistence_auth/authorized_keys,persistence_auth,root_session,execve,yes,0,/usr/bin/date,date,date +%s,date +%s,/,/usr/bin/date,/usr/bin/date|/lib64/ld-linux-x86-64.so.2,0,0,1001,17311,17306,(none),50,exec,benign,
1778300230,15669,1.795543,attack_window,20260508_211709_authorized_keys_W9jmSO,20260508_211655_dirtyfrag_root_authorized_keys_X5ChW3,persistence_auth/authorized_keys,persistence_auth,root_session,execve,yes,0,/usr/bin/stat,stat,stat -c %Y /var/lib/ubuntu-release-upgrader/release-upgrade-available,stat -c %Y /var/lib/ubuntu-release-upgrader/release-upgrade-available,/,/usr/bin/stat,/usr/bin/stat|/lib64/ld-linux-x86-64.so.2,0,0,1001,17312,17306,(none),50,exec,benign,
1778300230,15670,1.796543,attack_window,20260508_211709_authorized_keys_W9jmSO,20260508_211655_dirtyfrag_root_authorized_keys_X5ChW3,persistence_auth/authorized_keys,persistence_auth,root_session,execve,yes,0,/usr/bin/expr,expr,expr 1778282941 + 86400,expr 1778282941 + 86400,/,/usr/bin/expr,/usr/bin/expr|/lib64/ld-linux-x86-64.so.2,0,0,1001,17313,17306,(none),50,exec,benign,
1778300230,15671,1.797543,attack_window,20260508_211709_authorized_keys_W9jmSO,20260508_211655_dirtyfrag_root_authorized_keys_X5ChW3,persistence_auth/authorized_keys,persistence_auth,root_session,execve,yes,0,/usr/bin/dash,92-unattended-u,/bin/sh /etc/update-motd.d/92-unattended-upgrades,/bin/sh /etc/update-motd.d/92-unattended-upgrades,/,/etc/update-motd.d/92-unattended-upgrades,/etc/update-motd.d/92-unattended-upgrades|/bin/sh|/lib64/ld-linux-x86-64.so.2,0,0,1001,17314,17285,(none),50,exec,benign,
1778300230,15672,1.798543,attack_window,20260508_211709_authorized_keys_W9jmSO,20260508_211655_dirtyfrag_root_authorized_keys_X5ChW3,persistence_auth/authorized_keys,persistence_auth,root_session,execve,yes,0,/usr/bin/dash,update-motd-una,/bin/sh /usr/share/unattended-upgrades/update-motd-unattended-upgrades,/bin/sh /etc/update-motd.d/92-unattended-upgrades,/,/usr/share/unattended-upgrades/update-motd-unattended-upgrades,/usr/share/unattended-upgrades/update-motd-unattended-upgrades|/bin/sh|/lib64/ld-linux-x86-64.so.2,0,0,1001,17314,17285,(none),50,exec,benign,
1778300230,15673,1.799543,attack_window,20260508_211709_authorized_keys_W9jmSO,20260508_211655_dirtyfrag_root_authorized_keys_X5ChW3,persistence_auth/authorized_keys,persistence_auth,root_session,execve,yes,0,/usr/bin/dash,95-hwe-eol,/bin/sh /etc/update-motd.d/95-hwe-eol,/bin/sh /etc/update-motd.d/95-hwe-eol,/,/etc/update-motd.d/95-hwe-eol,/etc/update-motd.d/95-hwe-eol|/bin/sh|/lib64/ld-linux-x86-64.so.2,0,0,1001,17315,17285,(none),50,exec,benign,
1778300230,15674,1.800543,attack_window,20260508_211709_authorized_keys_W9jmSO,20260508_211655_dirtyfrag_root_authorized_keys_X5ChW3,persistence_auth/authorized_keys,persistence_auth,root_session,execve,yes,0,/usr/bin/find,find,find /var/lib/update-notifier/hwe-eol -newermt now-1 days,find /var/lib/update-notifier/hwe-eol -newermt now-1 days,/,/usr/bin/find,/usr/bin/find|/lib64/ld-linux-x86-64.so.2,0,0,1001,17316,17315,(none),50,exec,benign,
1778300230,15675,1.802543,attack_window,20260508_211709_authorized_keys_W9jmSO,20260508_211655_dirtyfrag_root_authorized_keys_X5ChW3,persistence_auth/authorized_keys,persistence_auth,root_session,execve,yes,0,/usr/bin/dash,97-overlayroot,/bin/sh /etc/update-motd.d/97-overlayroot,/bin/sh /etc/update-motd.d/97-overlayroot,/,/etc/update-motd.d/97-overlayroot,/etc/update-motd.d/97-overlayroot|/bin/sh|/lib64/ld-linux-x86-64.so.2,0,0,1001,17317,17285,(none),50,exec,benign,
1778300230,15676,1.803543,attack_window,20260508_211709_authorized_keys_W9jmSO,20260508_211655_dirtyfrag_root_authorized_keys_X5ChW3,persistence_auth/authorized_keys,persistence_auth,root_session,execve,yes,0,/usr/bin/dash,egrep,/bin/sh /usr/bin/egrep overlayroot|/media/root-ro|/media/root-rw /proc/mounts,/bin/sh /usr/bin/egrep overlayroot|/media/root-ro|/media/root-rw /proc/mounts,/,/usr/bin/egrep,/usr/bin/egrep|/bin/sh|/lib64/ld-linux-x86-64.so.2,0,0,1001,17319,17318,(none),50,exec,benign,
1778300230,15677,1.803543,attack_window,20260508_211709_authorized_keys_W9jmSO,20260508_211655_dirtyfrag_root_authorized_keys_X5ChW3,persistence_auth/authorized_keys,persistence_auth,root_session,execve,yes,0,/usr/bin/sort,sort,sort -r,sort -r,/,/usr/bin/sort,/usr/bin/sort|/lib64/ld-linux-x86-64.so.2,0,0,1001,17320,17318,(none),50,exec,benign,
1778300230,15678,1.803543,attack_window,20260508_211709_authorized_keys_W9jmSO,20260508_211655_dirtyfrag_root_authorized_keys_X5ChW3,persistence_auth/authorized_keys,persistence_auth,root_session,execve,no,-2,/usr/bin/dash,egrep,,/bin/sh /usr/bin/egrep overlayroot|/media/root-ro|/media/root-rw /proc/mounts,/,/usr/local/sbin/grep,/usr/local/sbin/grep,0,0,1001,17319,17318,(none),50,exec,benign,
1778300230,15679,1.803543,attack_window,20260508_211709_authorized_keys_W9jmSO,20260508_211655_dirtyfrag_root_authorized_keys_X5ChW3,persistence_auth/authorized_keys,persistence_auth,root_session,execve,no,-2,/usr/bin/dash,egrep,,/bin/sh /usr/bin/egrep overlayroot|/media/root-ro|/media/root-rw /proc/mounts,/,/usr/local/bin/grep,/usr/local/bin/grep,0,0,1001,17319,17318,(none),50,exec,benign,
1778300230,15680,1.803543,attack_window,20260508_211709_authorized_keys_W9jmSO,20260508_211655_dirtyfrag_root_authorized_keys_X5ChW3,persistence_auth/authorized_keys,persistence_auth,root_session,execve,no,-2,/usr/bin/dash,egrep,,/bin/sh /usr/bin/egrep overlayroot|/media/root-ro|/media/root-rw /proc/mounts,/,/usr/sbin/grep,/usr/sbin/grep,0,0,1001,17319,17318,(none),50,exec,benign,
1778300230,15681,1.803543,attack_window,20260508_211709_authorized_keys_W9jmSO,20260508_211655_dirtyfrag_root_authorized_keys_X5ChW3,persistence_auth/authorized_keys,persistence_auth,root_session,execve,yes,0,/usr/bin/grep,grep,grep -E overlayroot|/media/root-ro|/media/root-rw /proc/mounts,/bin/sh /usr/bin/egrep overlayroot|/media/root-ro|/media/root-rw /proc/mounts,/,/usr/bin/grep,/usr/bin/grep|/lib64/ld-linux-x86-64.so.2,0,0,1001,17319,17318,(none),50,exec,benign,
1778300230,15682,1.805543,attack_window,20260508_211709_authorized_keys_W9jmSO,20260508_211655_dirtyfrag_root_authorized_keys_X5ChW3,persistence_auth/authorized_keys,persistence_auth,root_session,execve,yes,0,/usr/bin/dash,98-fsck-at-rebo,/bin/sh /etc/update-motd.d/98-fsck-at-reboot,/bin/sh /etc/update-motd.d/98-fsck-at-reboot,/,/etc/update-motd.d/98-fsck-at-reboot,/etc/update-motd.d/98-fsck-at-reboot|/bin/sh|/lib64/ld-linux-x86-64.so.2,0,0,1001,17321,17285,(none),50,exec,benign,
1778300230,15683,1.805543,attack_window,20260508_211709_authorized_keys_W9jmSO,20260508_211655_dirtyfrag_root_authorized_keys_X5ChW3,persistence_auth/authorized_keys,persistence_auth,root_session,execve,yes,0,/usr/bin/dash,update-motd-fsc,/bin/sh /usr/lib/update-notifier/update-motd-fsck-at-reboot,/bin/sh /etc/update-motd.d/98-fsck-at-reboot,/,/usr/lib/update-notifier/update-motd-fsck-at-reboot,/usr/lib/update-notifier/update-motd-fsck-at-reboot|/bin/sh|/lib64/ld-linux-x86-64.so.2,0,0,1001,17321,17285,(none),50,exec,benign,
1778300230,15684,1.806543,attack_window,20260508_211709_authorized_keys_W9jmSO,20260508_211655_dirtyfrag_root_authorized_keys_X5ChW3,persistence_auth/authorized_keys,persistence_auth,root_session,execve,yes,0,/usr/bin/id,id,id -u,id -u,/,/usr/bin/id,/usr/bin/id|/lib64/ld-linux-x86-64.so.2,0,0,1001,17322,17321,(none),50,exec,benign,
1778300230,15685,1.808543,attack_window,20260508_211709_authorized_keys_W9jmSO,20260508_211655_dirtyfrag_root_authorized_keys_X5ChW3,persistence_auth/authorized_keys,persistence_auth,root_session,execve,yes,0,/usr/bin/stat,stat,stat -c %Y /var/lib/update-notifier/fsck-at-reboot,stat -c %Y /var/lib/update-notifier/fsck-at-reboot,/,/usr/bin/stat,/usr/bin/stat|/lib64/ld-linux-x86-64.so.2,0,0,1001,17323,17321,(none),50,exec,benign,
1778300230,15686,1.810543,attack_window,20260508_211709_authorized_keys_W9jmSO,20260508_211655_dirtyfrag_root_authorized_keys_X5ChW3,persistence_auth/authorized_keys,persistence_auth,root_session,execve,yes,0,/usr/bin/gawk,awk,awk {print $1} /proc/uptime,awk {print $1} /proc/uptime,/,/usr/bin/awk,/usr/bin/awk|/lib64/ld-linux-x86-64.so.2,0,0,1001,17325,17324,(none),50,exec,benign,
1778300230,15687,1.811543,attack_window,20260508_211709_authorized_keys_W9jmSO,20260508_211655_dirtyfrag_root_authorized_keys_X5ChW3,persistence_auth/authorized_keys,persistence_auth,root_session,execve,yes,0,/usr/bin/date,date,date -d now - 2476.37 seconds +%s,date -d now - 2476.37 seconds +%s,/,/usr/bin/date,/usr/bin/date|/lib64/ld-linux-x86-64.so.2,0,0,1001,17324,17321,(none),50,exec,benign,
1778300230,15688,1.812543,attack_window,20260508_211709_authorized_keys_W9jmSO,20260508_211655_dirtyfrag_root_authorized_keys_X5ChW3,persistence_auth/authorized_keys,persistence_auth,root_session,execve,yes,0,/usr/bin/date,date,date +%s,date +%s,/,/usr/bin/date,/usr/bin/date|/lib64/ld-linux-x86-64.so.2,0,0,1001,17326,17321,(none),50,exec,benign,
1778300230,15689,1.813543,attack_window,20260508_211709_authorized_keys_W9jmSO,20260508_211655_dirtyfrag_root_authorized_keys_X5ChW3,persistence_auth/authorized_keys,persistence_auth,root_session,execve,yes,0,/usr/bin/cat,cat,cat /var/lib/update-notifier/fsck-at-reboot,cat /var/lib/update-notifier/fsck-at-reboot,/,/usr/bin/cat,/usr/bin/cat|/lib64/ld-linux-x86-64.so.2,0,0,1001,17327,17321,(none),50,exec,benign,
1778300230,15690,1.814543,attack_window,20260508_211709_authorized_keys_W9jmSO,20260508_211655_dirtyfrag_root_authorized_keys_X5ChW3,persistence_auth/authorized_keys,persistence_auth,root_session,execve,yes,0,/usr/bin/dash,98-reboot-requi,/bin/sh /etc/update-motd.d/98-reboot-required,/bin/sh /etc/update-motd.d/98-reboot-required,/,/etc/update-motd.d/98-reboot-required,/etc/update-motd.d/98-reboot-required|/bin/sh|/lib64/ld-linux-x86-64.so.2,0,0,1001,17328,17285,(none),50,exec,benign,
1778300230,15691,1.815543,attack_window,20260508_211709_authorized_keys_W9jmSO,20260508_211655_dirtyfrag_root_authorized_keys_X5ChW3,persistence_auth/authorized_keys,persistence_auth,root_session,execve,yes,0,/usr/bin/dash,update-motd-reb,/bin/sh -e /usr/lib/update-notifier/update-motd-reboot-required,/bin/sh /etc/update-motd.d/98-reboot-required,/,/usr/lib/update-notifier/update-motd-reboot-required,/usr/lib/update-notifier/update-motd-reboot-required|/bin/sh|/lib64/ld-linux-x86-64.so.2,0,0,1001,17328,17285,(none),50,exec,benign,
1778300230,15692,1.817543,attack_window,20260508_211709_authorized_keys_W9jmSO,20260508_211655_dirtyfrag_root_authorized_keys_X5ChW3,persistence_auth/authorized_keys,persistence_auth,root_session,rename,yes,0,/usr/sbin/sshd,sshd,,/usr/sbin/sshd -D -R,/,/run/,/run/|/run/motd.dynamic.new|/run/motd.dynamic,0,0,1001,17282,9653,(none),50,file_destroy,benign,
1778300230,15693,1.817543,attack_window,20260508_211709_authorized_keys_W9jmSO,20260508_211655_dirtyfrag_root_authorized_keys_X5ChW3,persistence_auth/authorized_keys,persistence_auth,root_session,connect,yes,0,/usr/sbin/sshd,sshd,,/usr/sbin/sshd -D -R,/,/run/systemd/userdb/io.systemd.DynamicUser,/run/systemd/userdb/io.systemd.DynamicUser,0,0,1001,17282,9653,(none),50,network_connect,benign,
1778300230,15694,1.818543,attack_window,20260508_211709_authorized_keys_W9jmSO,20260508_211655_dirtyfrag_root_authorized_keys_X5ChW3,persistence_auth/authorized_keys,persistence_auth,root_session,connect,yes,0,/usr/sbin/sshd,sshd,,/usr/sbin/sshd -D -R,/,/run/systemd/userdb/io.systemd.DynamicUser,/run/systemd/userdb/io.systemd.DynamicUser,0,0,1001,17282,9653,(none),50,network_connect,benign,
1778300230,15695,1.818543,attack_window,20260508_211709_authorized_keys_W9jmSO,20260508_211655_dirtyfrag_root_authorized_keys_X5ChW3,persistence_auth/authorized_keys,persistence_auth,root_session,connect,yes,0,/usr/sbin/sshd,sshd,,/usr/sbin/sshd -D -R,/,/run/systemd/userdb/io.systemd.DynamicUser,/run/systemd/userdb/io.systemd.DynamicUser,0,0,1001,17282,9653,(none),50,network_connect,benign,
1778300230,15696,1.819543,attack_window,20260508_211709_authorized_keys_W9jmSO,20260508_211655_dirtyfrag_root_authorized_keys_X5ChW3,persistence_auth/authorized_keys,persistence_auth,root_session,connect,yes,0,/usr/sbin/sshd,sshd,,/usr/sbin/sshd -D -R,/,/run/systemd/userdb/io.systemd.DynamicUser,/run/systemd/userdb/io.systemd.DynamicUser,0,0,1001,17282,9653,(none),50,network_connect,benign,
1778300230,15697,1.819543,attack_window,20260508_211709_authorized_keys_W9jmSO,20260508_211655_dirtyfrag_root_authorized_keys_X5ChW3,persistence_auth/authorized_keys,persistence_auth,root_session,connect,yes,0,/usr/sbin/sshd,sshd,,/usr/sbin/sshd -D -R,/,/run/systemd/userdb/io.systemd.DynamicUser,/run/systemd/userdb/io.systemd.DynamicUser,0,0,1001,17282,9653,(none),50,network_connect,benign,
1778300230,15698,1.820543,attack_window,20260508_211709_authorized_keys_W9jmSO,20260508_211655_dirtyfrag_root_authorized_keys_X5ChW3,persistence_auth/authorized_keys,persistence_auth,root_session,,,,,,,,,,,,,,,,,,,ambiguous,
1778300230,15699,1.820543,attack_window,20260508_211709_authorized_keys_W9jmSO,20260508_211655_dirtyfrag_root_authorized_keys_X5ChW3,persistence_auth/authorized_keys,persistence_auth,root_session,setgid,yes,0,/usr/sbin/sshd,sshd,,sshd: deploy-rkejw [priv],,,,0,0,1001,17329,17282,(none),50,privilege_transition,benign,
1778300230,15700,1.820543,attack_window,20260508_211709_authorized_keys_W9jmSO,20260508_211655_dirtyfrag_root_authorized_keys_X5ChW3,persistence_auth/authorized_keys,persistence_auth,root_session,connect,yes,0,/usr/sbin/sshd,sshd,,sshd: deploy-rkejw [priv],/,/run/systemd/userdb/io.systemd.DynamicUser,/run/systemd/userdb/io.systemd.DynamicUser,0,0,1001,17329,17282,(none),50,network_connect,benign,
1778300230,15701,1.820543,attack_window,20260508_211709_authorized_keys_W9jmSO,20260508_211655_dirtyfrag_root_authorized_keys_X5ChW3,persistence_auth/authorized_keys,persistence_auth,root_session,connect,yes,0,/usr/sbin/sshd,sshd,,sshd: deploy-rkejw [priv],/,/run/systemd/userdb/io.systemd.DynamicUser,/run/systemd/userdb/io.systemd.DynamicUser,0,0,1001,17329,17282,(none),50,network_connect,benign,
1778300230,15702,1.821543,attack_window,20260508_211709_authorized_keys_W9jmSO,20260508_211655_dirtyfrag_root_authorized_keys_X5ChW3,persistence_auth/authorized_keys,persistence_auth,root_session,126,yes,0,/usr/sbin/sshd,sshd,,sshd: deploy-rkejw [priv],,,,0,0,1001,17329,17282,(none),50,privilege_transition,benign,
1778300230,15703,1.821543,attack_window,20260508_211709_authorized_keys_W9jmSO,20260508_211655_dirtyfrag_root_authorized_keys_X5ChW3,persistence_auth/authorized_keys,persistence_auth,root_session,,,,,,,,,,,,,,,,,,,ambiguous,
1778300230,15704,1.821543,attack_window,20260508_211709_authorized_keys_W9jmSO,20260508_211655_dirtyfrag_root_authorized_keys_X5ChW3,persistence_auth/authorized_keys,persistence_auth,root_session,setresgid,yes,0,/usr/sbin/sshd,sshd,,sshd: deploy-rkejw [priv],,,,0,0,1001,17329,17282,(none),50,privilege_transition,benign,
1778300230,15705,1.821543,attack_window,20260508_211709_authorized_keys_W9jmSO,20260508_211655_dirtyfrag_root_authorized_keys_X5ChW3,persistence_auth/authorized_keys,persistence_auth,root_session,setresuid,yes,0,/usr/sbin/sshd,sshd,,sshd: deploy-rkejw [priv],,,,1001,1001,1001,17329,17282,(none),50,privilege_transition,benign,
1778300230,15706,1.821543,attack_window,20260508_211709_authorized_keys_W9jmSO,20260508_211655_dirtyfrag_root_authorized_keys_X5ChW3,persistence_auth/authorized_keys,persistence_auth,root_session,setuid,no,-1,/usr/sbin/sshd,sshd,,sshd: deploy-rkejw [priv],,,,1001,1001,1001,17329,17282,(none),50,privilege_transition,benign,
1778300230,15707,1.821543,attack_window,20260508_211709_authorized_keys_W9jmSO,20260508_211655_dirtyfrag_root_authorized_keys_X5ChW3,persistence_auth/authorized_keys,persistence_auth,root_session,setresuid,no,-1,/usr/sbin/sshd,sshd,,sshd: deploy-rkejw [priv],,,,1001,1001,1001,17329,17282,(none),50,privilege_transition,benign,
1778300230,15708,1.863543,attack_window,20260508_211709_authorized_keys_W9jmSO,20260508_211655_dirtyfrag_root_authorized_keys_X5ChW3,persistence_auth/authorized_keys,persistence_auth,root_session,execve,yes,0,/usr/bin/bash,bash,bash -c /usr/lib/openssh/sftp-server,bash -c /usr/lib/openssh/sftp-server,/home/deploy-rkejw,/bin/bash,/bin/bash|/lib64/ld-linux-x86-64.so.2,1001,1001,1001,17330,17329,(none),50,shell_exec,benign,
1778300230,15709,1.864543,attack_window,20260508_211709_authorized_keys_W9jmSO,20260508_211655_dirtyfrag_root_authorized_keys_X5ChW3,persistence_auth/authorized_keys,persistence_auth,root_session,execve,yes,0,/usr/lib/openssh/sftp-server,sftp-server,/usr/lib/openssh/sftp-server,bash -c /usr/lib/openssh/sftp-server,/home/deploy-rkejw,/usr/lib/openssh/sftp-server,/usr/lib/openssh/sftp-server|/lib64/ld-linux-x86-64.so.2,1001,1001,1001,17330,17329,(none),50,exec,benign,
1778300230,15710,1.865543,attack_window,20260508_211709_authorized_keys_W9jmSO,20260508_211655_dirtyfrag_root_authorized_keys_X5ChW3,persistence_auth/authorized_keys,persistence_auth,root_session,connect,no,-2,/usr/lib/openssh/sftp-server,sftp-server,,bash -c /usr/lib/openssh/sftp-server,/home/deploy-rkejw,/var/run/nscd/socket,/var/run/nscd/socket,1001,1001,1001,17330,17329,(none),50,network_connect,benign,
1778300230,15711,1.866543,attack_window,20260508_211709_authorized_keys_W9jmSO,20260508_211655_dirtyfrag_root_authorized_keys_X5ChW3,persistence_auth/authorized_keys,persistence_auth,root_session,connect,no,-2,/usr/lib/openssh/sftp-server,sftp-server,,bash -c /usr/lib/openssh/sftp-server,/home/deploy-rkejw,/var/run/nscd/socket,/var/run/nscd/socket,1001,1001,1001,17330,17329,(none),50,network_connect,benign,
1778300230,15712,1.873543,attack_window,20260508_211709_authorized_keys_W9jmSO,20260508_211655_dirtyfrag_root_authorized_keys_X5ChW3,persistence_auth/authorized_keys,persistence_auth,root_session,connect,yes,0,/usr/sbin/sshd,sshd,,sshd: deploy-rkejw [priv],/,/dev/log,/dev/log,1001,1001,1001,17329,17282,(none),50,network_connect,benign,
1778300230,15713,1.873543,attack_window,20260508_211709_authorized_keys_W9jmSO,20260508_211655_dirtyfrag_root_authorized_keys_X5ChW3,persistence_auth/authorized_keys,persistence_auth,root_session,114,yes,0,/usr/sbin/sshd,sshd,,/usr/sbin/sshd -D -R,,,,0,0,1001,17282,9653,(none),50,privilege_transition,benign,
1778300230,15714,1.873543,attack_window,20260508_211709_authorized_keys_W9jmSO,20260508_211655_dirtyfrag_root_authorized_keys_X5ChW3,persistence_auth/authorized_keys,persistence_auth,root_session,setresuid,yes,0,/usr/sbin/sshd,sshd,,/usr/sbin/sshd -D -R,,,,0,1001,1001,17282,9653,(none),50,privilege_transition,benign,
1778300230,15715,1.873543,attack_window,20260508_211709_authorized_keys_W9jmSO,20260508_211655_dirtyfrag_root_authorized_keys_X5ChW3,persistence_auth/authorized_keys,persistence_auth,root_session,113,yes,0,/usr/sbin/sshd,sshd,,/usr/sbin/sshd -D -R,,,,0,0,1001,17282,9653,(none),50,privilege_transition,benign,
1778300230,15716,1.873543,attack_window,20260508_211709_authorized_keys_W9jmSO,20260508_211655_dirtyfrag_root_authorized_keys_X5ChW3,persistence_auth/authorized_keys,persistence_auth,root_session,114,yes,0,/usr/sbin/sshd,sshd,,/usr/sbin/sshd -D -R,,,,0,0,1001,17282,9653,(none),50,privilege_transition,benign,
1778300230,15717,1.873543,attack_window,20260508_211709_authorized_keys_W9jmSO,20260508_211655_dirtyfrag_root_authorized_keys_X5ChW3,persistence_auth/authorized_keys,persistence_auth,root_session,connect,yes,0,/usr/sbin/sshd,sshd,,/usr/sbin/sshd -D -R,/,/run/dbus/system_bus_socket,/run/dbus/system_bus_socket,0,0,1001,17282,9653,(none),50,network_connect,benign,
1778300230,15718,1.874543,attack_window,20260508_211709_authorized_keys_W9jmSO,20260508_211655_dirtyfrag_root_authorized_keys_X5ChW3,persistence_auth/authorized_keys,persistence_auth,root_session,,,,,,,,,,,,,,,,,,,ambiguous,
1778300230,15719,1.875543,attack_window,20260508_211709_authorized_keys_W9jmSO,20260508_211655_dirtyfrag_root_authorized_keys_X5ChW3,persistence_auth/authorized_keys,persistence_auth,root_session,,,,,,,,,,,,,,,,,,,ambiguous,
1778300230,15720,1.875543,attack_window,20260508_211709_authorized_keys_W9jmSO,20260508_211655_dirtyfrag_root_authorized_keys_X5ChW3,persistence_auth/authorized_keys,persistence_auth,root_session,setresgid,yes,0,/usr/sbin/sshd,sshd,,/usr/sbin/sshd -D -R,,,,0,0,1001,17282,9653,(none),50,privilege_transition,benign,
1778300230,15721,1.875543,attack_window,20260508_211709_authorized_keys_W9jmSO,20260508_211655_dirtyfrag_root_authorized_keys_X5ChW3,persistence_auth/authorized_keys,persistence_auth,root_session,setresuid,yes,0,/usr/sbin/sshd,sshd,,/usr/sbin/sshd -D -R,,,,0,1001,1001,17282,9653,(none),50,privilege_transition,benign,
1778300230,15722,1.875543,attack_window,20260508_211709_authorized_keys_W9jmSO,20260508_211655_dirtyfrag_root_authorized_keys_X5ChW3,persistence_auth/authorized_keys,persistence_auth,root_session,setresuid,yes,0,/usr/sbin/sshd,sshd,,/usr/sbin/sshd -D -R,,,,0,0,1001,17282,9653,(none),50,privilege_transition,benign,
1778300230,15723,1.875543,attack_window,20260508_211709_authorized_keys_W9jmSO,20260508_211655_dirtyfrag_root_authorized_keys_X5ChW3,persistence_auth/authorized_keys,persistence_auth,root_session,setresgid,yes,0,/usr/sbin/sshd,sshd,,/usr/sbin/sshd -D -R,,,,0,0,1001,17282,9653,(none),50,privilege_transition,benign,
1778300230,15724,1.888543,attack_window,20260508_211709_authorized_keys_W9jmSO,20260508_211655_dirtyfrag_root_authorized_keys_X5ChW3,persistence_auth/authorized_keys,persistence_auth,root_session,execve,yes,0,/usr/sbin/sshd,sshd,/usr/sbin/sshd -D -R,/usr/sbin/sshd -D -R,/,/usr/sbin/sshd,/usr/sbin/sshd|/lib64/ld-linux-x86-64.so.2,0,0,4294967295,17331,9653,(none),4294967295,exec,benign,
1778300230,15725,1.891543,attack_window,20260508_211709_authorized_keys_W9jmSO,20260508_211655_dirtyfrag_root_authorized_keys_X5ChW3,persistence_auth/authorized_keys,persistence_auth,root_session,connect,no,-2,/usr/sbin/sshd,sshd,,/usr/sbin/sshd -D -R,/,/var/run/nscd/socket,/var/run/nscd/socket,0,0,4294967295,17331,9653,(none),4294967295,network_connect,benign,
1778300230,15726,1.892543,attack_window,20260508_211709_authorized_keys_W9jmSO,20260508_211655_dirtyfrag_root_authorized_keys_X5ChW3,persistence_auth/authorized_keys,persistence_auth,root_session,connect,yes,0,/usr/sbin/sshd,sshd,,/usr/sbin/sshd -D -R,,,,0,0,4294967295,17331,9653,(none),4294967295,network_connect,benign,
1778300230,15727,1.892543,attack_window,20260508_211709_authorized_keys_W9jmSO,20260508_211655_dirtyfrag_root_authorized_keys_X5ChW3,persistence_auth/authorized_keys,persistence_auth,root_session,connect,yes,0,/usr/sbin/sshd,sshd,,/usr/sbin/sshd -D -R,,,,0,0,4294967295,17331,9653,(none),4294967295,network_connect,benign,
1778300230,15728,1.892543,attack_window,20260508_211709_authorized_keys_W9jmSO,20260508_211655_dirtyfrag_root_authorized_keys_X5ChW3,persistence_auth/authorized_keys,persistence_auth,root_session,connect,yes,0,/usr/sbin/sshd,sshd,,/usr/sbin/sshd -D -R,,,,0,0,4294967295,17331,9653,(none),4294967295,network_connect,benign,
1778300230,15729,1.892543,attack_window,20260508_211709_authorized_keys_W9jmSO,20260508_211655_dirtyfrag_root_authorized_keys_X5ChW3,persistence_auth/authorized_keys,persistence_auth,root_session,connect,no,-2,/usr/sbin/sshd,sshd,,/usr/sbin/sshd -D -R,/,/var/run/nscd/socket,/var/run/nscd/socket,0,0,4294967295,17331,9653,(none),4294967295,network_connect,benign,
1778300230,15730,1.892543,attack_window,20260508_211709_authorized_keys_W9jmSO,20260508_211655_dirtyfrag_root_authorized_keys_X5ChW3,persistence_auth/authorized_keys,persistence_auth,root_session,connect,no,-2,/usr/sbin/sshd,sshd,,/usr/sbin/sshd -D -R,/,/var/run/nscd/socket,/var/run/nscd/socket,0,0,4294967295,17331,9653,(none),4294967295,network_connect,benign,
1778300230,15731,1.894543,attack_window,20260508_211709_authorized_keys_W9jmSO,20260508_211655_dirtyfrag_root_authorized_keys_X5ChW3,persistence_auth/authorized_keys,persistence_auth,root_session,setresgid,yes,0,/usr/sbin/sshd,sshd,,sshd: [accepted],,,,0,0,4294967295,17332,17331,(none),4294967295,privilege_transition,benign,
1778300230,15732,1.894543,attack_window,20260508_211709_authorized_keys_W9jmSO,20260508_211655_dirtyfrag_root_authorized_keys_X5ChW3,persistence_auth/authorized_keys,persistence_auth,root_session,setresuid,yes,0,/usr/sbin/sshd,sshd,,sshd: [accepted],,,,109,109,4294967295,17332,17331,(none),4294967295,privilege_transition,benign,
1778300230,15733,1.894543,attack_window,20260508_211709_authorized_keys_W9jmSO,20260508_211655_dirtyfrag_root_authorized_keys_X5ChW3,persistence_auth/authorized_keys,persistence_auth,root_session,setgid,no,-1,/usr/sbin/sshd,sshd,,sshd: [accepted],,,,109,109,4294967295,17332,17331,(none),4294967295,privilege_transition,benign,
1778300230,15734,1.894543,attack_window,20260508_211709_authorized_keys_W9jmSO,20260508_211655_dirtyfrag_root_authorized_keys_X5ChW3,persistence_auth/authorized_keys,persistence_auth,root_session,setresgid,no,-1,/usr/sbin/sshd,sshd,,sshd: [accepted],,,,109,109,4294967295,17332,17331,(none),4294967295,privilege_transition,benign,
1778300230,15735,1.894543,attack_window,20260508_211709_authorized_keys_W9jmSO,20260508_211655_dirtyfrag_root_authorized_keys_X5ChW3,persistence_auth/authorized_keys,persistence_auth,root_session,setuid,no,-1,/usr/sbin/sshd,sshd,,sshd: [accepted],,,,109,109,4294967295,17332,17331,(none),4294967295,privilege_transition,benign,
1778300230,15736,1.894543,attack_window,20260508_211709_authorized_keys_W9jmSO,20260508_211655_dirtyfrag_root_authorized_keys_X5ChW3,persistence_auth/authorized_keys,persistence_auth,root_session,setresuid,no,-1,/usr/sbin/sshd,sshd,,sshd: [accepted],,,,109,109,4294967295,17332,17331,(none),4294967295,privilege_transition,benign,
1778300230,15737,1.994543,attack_window,20260508_211709_authorized_keys_W9jmSO,20260508_211655_dirtyfrag_root_authorized_keys_X5ChW3,persistence_auth/authorized_keys,persistence_auth,root_session,connect,no,-2,/usr/sbin/sshd,sshd,,/usr/sbin/sshd -D -R,/,/var/run/nscd/socket,/var/run/nscd/socket,0,0,4294967295,17331,9653,(none),4294967295,network_connect,benign,
1778300230,15738,1.994543,attack_window,20260508_211709_authorized_keys_W9jmSO,20260508_211655_dirtyfrag_root_authorized_keys_X5ChW3,persistence_auth/authorized_keys,persistence_auth,root_session,connect,no,-2,/usr/sbin/sshd,sshd,,/usr/sbin/sshd -D -R,/,/var/run/nscd/socket,/var/run/nscd/socket,0,0,4294967295,17331,9653,(none),4294967295,network_connect,benign,
1778300230,15739,1.994543,attack_window,20260508_211709_authorized_keys_W9jmSO,20260508_211655_dirtyfrag_root_authorized_keys_X5ChW3,persistence_auth/authorized_keys,persistence_auth,root_session,connect,yes,0,/usr/sbin/sshd,sshd,,/usr/sbin/sshd -D -R,/,/run/systemd/userdb/io.systemd.DynamicUser,/run/systemd/userdb/io.systemd.DynamicUser,0,0,4294967295,17331,9653,(none),4294967295,network_connect,benign,
1778300230,15740,1.995543,attack_window,20260508_211709_authorized_keys_W9jmSO,20260508_211655_dirtyfrag_root_authorized_keys_X5ChW3,persistence_auth/authorized_keys,persistence_auth,root_session,setresgid,yes,0,/usr/sbin/sshd,sshd,,/usr/sbin/sshd -D -R,,,,0,0,4294967295,17331,9653,(none),4294967295,privilege_transition,benign,
1778300230,15741,1.995543,attack_window,20260508_211709_authorized_keys_W9jmSO,20260508_211655_dirtyfrag_root_authorized_keys_X5ChW3,persistence_auth/authorized_keys,persistence_auth,root_session,setresuid,yes,0,/usr/sbin/sshd,sshd,,/usr/sbin/sshd -D -R,,,,0,1001,4294967295,17331,9653,(none),4294967295,privilege_transition,benign,
1778300230,15742,1.995543,attack_window,20260508_211709_authorized_keys_W9jmSO,20260508_211655_dirtyfrag_root_authorized_keys_X5ChW3,persistence_auth/authorized_keys,persistence_auth,root_session,setresuid,yes,0,/usr/sbin/sshd,sshd,,/usr/sbin/sshd -D -R,,,,0,0,4294967295,17331,9653,(none),4294967295,privilege_transition,benign,
1778300230,15743,1.995543,attack_window,20260508_211709_authorized_keys_W9jmSO,20260508_211655_dirtyfrag_root_authorized_keys_X5ChW3,persistence_auth/authorized_keys,persistence_auth,root_session,setresgid,yes,0,/usr/sbin/sshd,sshd,,/usr/sbin/sshd -D -R,,,,0,0,4294967295,17331,9653,(none),4294967295,privilege_transition,benign,
1778300230,15744,1.995543,attack_window,20260508_211709_authorized_keys_W9jmSO,20260508_211655_dirtyfrag_root_authorized_keys_X5ChW3,persistence_auth/authorized_keys,persistence_auth,root_session,setresgid,yes,0,/usr/sbin/sshd,sshd,,/usr/sbin/sshd -D -R,,,,0,0,4294967295,17331,9653,(none),4294967295,privilege_transition,benign,
1778300230,15745,1.995543,attack_window,20260508_211709_authorized_keys_W9jmSO,20260508_211655_dirtyfrag_root_authorized_keys_X5ChW3,persistence_auth/authorized_keys,persistence_auth,root_session,setresuid,yes,0,/usr/sbin/sshd,sshd,,/usr/sbin/sshd -D -R,,,,0,1001,4294967295,17331,9653,(none),4294967295,privilege_transition,benign,
1778300230,15746,1.995543,attack_window,20260508_211709_authorized_keys_W9jmSO,20260508_211655_dirtyfrag_root_authorized_keys_X5ChW3,persistence_auth/authorized_keys,persistence_auth,root_session,setresuid,yes,0,/usr/sbin/sshd,sshd,,/usr/sbin/sshd -D -R,,,,0,0,4294967295,17331,9653,(none),4294967295,privilege_transition,benign,
1778300230,15747,1.995543,attack_window,20260508_211709_authorized_keys_W9jmSO,20260508_211655_dirtyfrag_root_authorized_keys_X5ChW3,persistence_auth/authorized_keys,persistence_auth,root_session,setresgid,yes,0,/usr/sbin/sshd,sshd,,/usr/sbin/sshd -D -R,,,,0,0,4294967295,17331,9653,(none),4294967295,privilege_transition,benign,
1778300230,15748,1.995543,attack_window,20260508_211709_authorized_keys_W9jmSO,20260508_211655_dirtyfrag_root_authorized_keys_X5ChW3,persistence_auth/authorized_keys,persistence_auth,root_session,,,,,,,,,,,,,,,,,,,ambiguous,
1778300230,15749,2.003543,attack_window,20260508_211709_authorized_keys_W9jmSO,20260508_211655_dirtyfrag_root_authorized_keys_X5ChW3,persistence_auth/authorized_keys,persistence_auth,root_session,setresgid,yes,0,/usr/sbin/sshd,sshd,,/usr/sbin/sshd -D -R,,,,0,0,4294967295,17331,9653,(none),4294967295,privilege_transition,benign,
1778300230,15750,2.003543,attack_window,20260508_211709_authorized_keys_W9jmSO,20260508_211655_dirtyfrag_root_authorized_keys_X5ChW3,persistence_auth/authorized_keys,persistence_auth,root_session,setresuid,yes,0,/usr/sbin/sshd,sshd,,/usr/sbin/sshd -D -R,,,,0,1001,4294967295,17331,9653,(none),4294967295,privilege_transition,benign,
1778300230,15751,2.003543,attack_window,20260508_211709_authorized_keys_W9jmSO,20260508_211655_dirtyfrag_root_authorized_keys_X5ChW3,persistence_auth/authorized_keys,persistence_auth,root_session,setresuid,yes,0,/usr/sbin/sshd,sshd,,/usr/sbin/sshd -D -R,,,,0,0,4294967295,17331,9653,(none),4294967295,privilege_transition,benign,
1778300230,15752,2.003543,attack_window,20260508_211709_authorized_keys_W9jmSO,20260508_211655_dirtyfrag_root_authorized_keys_X5ChW3,persistence_auth/authorized_keys,persistence_auth,root_session,setresgid,yes,0,/usr/sbin/sshd,sshd,,/usr/sbin/sshd -D -R,,,,0,0,4294967295,17331,9653,(none),4294967295,privilege_transition,benign,
1778300230,15753,2.003543,attack_window,20260508_211709_authorized_keys_W9jmSO,20260508_211655_dirtyfrag_root_authorized_keys_X5ChW3,persistence_auth/authorized_keys,persistence_auth,root_session,setresgid,yes,0,/usr/sbin/sshd,sshd,,/usr/sbin/sshd -D -R,,,,0,0,4294967295,17331,9653,(none),4294967295,privilege_transition,benign,
1778300230,15754,2.003543,attack_window,20260508_211709_authorized_keys_W9jmSO,20260508_211655_dirtyfrag_root_authorized_keys_X5ChW3,persistence_auth/authorized_keys,persistence_auth,root_session,setresuid,yes,0,/usr/sbin/sshd,sshd,,/usr/sbin/sshd -D -R,,,,0,1001,4294967295,17331,9653,(none),4294967295,privilege_transition,benign,
1778300230,15755,2.003543,attack_window,20260508_211709_authorized_keys_W9jmSO,20260508_211655_dirtyfrag_root_authorized_keys_X5ChW3,persistence_auth/authorized_keys,persistence_auth,root_session,setresuid,yes,0,/usr/sbin/sshd,sshd,,/usr/sbin/sshd -D -R,,,,0,0,4294967295,17331,9653,(none),4294967295,privilege_transition,benign,
1778300230,15756,2.003543,attack_window,20260508_211709_authorized_keys_W9jmSO,20260508_211655_dirtyfrag_root_authorized_keys_X5ChW3,persistence_auth/authorized_keys,persistence_auth,root_session,setresgid,yes,0,/usr/sbin/sshd,sshd,,/usr/sbin/sshd -D -R,,,,0,0,4294967295,17331,9653,(none),4294967295,privilege_transition,benign,
1778300230,15757,2.003543,attack_window,20260508_211709_authorized_keys_W9jmSO,20260508_211655_dirtyfrag_root_authorized_keys_X5ChW3,persistence_auth/authorized_keys,persistence_auth,root_session,,,,,,,,,,,,,,,,,,,ambiguous,
1778300230,15758,2.034543,attack_window,20260508_211709_authorized_keys_W9jmSO,20260508_211655_dirtyfrag_root_authorized_keys_X5ChW3,persistence_auth/authorized_keys,persistence_auth,root_session,connect,yes,0,/usr/sbin/sshd,sshd,,/usr/sbin/sshd -D -R,/,/run/systemd/userdb/io.systemd.DynamicUser,/run/systemd/userdb/io.systemd.DynamicUser,0,0,4294967295,17331,9653,(none),4294967295,network_connect,benign,
1778300230,15759,2.034543,attack_window,20260508_211709_authorized_keys_W9jmSO,20260508_211655_dirtyfrag_root_authorized_keys_X5ChW3,persistence_auth/authorized_keys,persistence_auth,root_session,,,,,,,,,,,,,,,,,,,ambiguous,
1778300230,15760,2.049543,attack_window,20260508_211709_authorized_keys_W9jmSO,20260508_211655_dirtyfrag_root_authorized_keys_X5ChW3,persistence_auth/authorized_keys,persistence_auth,root_session,,,,,,,,,,,,,,,,,,,ambiguous,
1778300230,15761,2.049543,attack_window,20260508_211709_authorized_keys_W9jmSO,20260508_211655_dirtyfrag_root_authorized_keys_X5ChW3,persistence_auth/authorized_keys,persistence_auth,root_session,connect,yes,0,/usr/sbin/sshd,sshd,,/usr/sbin/sshd -D -R,/,/dev/log,/dev/log,0,0,4294967295,17331,9653,(none),4294967295,network_connect,benign,
1778300230,15762,2.050543,attack_window,20260508_211709_authorized_keys_W9jmSO,20260508_211655_dirtyfrag_root_authorized_keys_X5ChW3,persistence_auth/authorized_keys,persistence_auth,root_session,connect,yes,0,/usr/sbin/sshd,sshd,,/usr/sbin/sshd -D -R,/,/run/systemd/userdb/io.systemd.DynamicUser,/run/systemd/userdb/io.systemd.DynamicUser,0,0,4294967295,17331,9653,(none),4294967295,network_connect,benign,
1778300230,15763,2.050543,attack_window,20260508_211709_authorized_keys_W9jmSO,20260508_211655_dirtyfrag_root_authorized_keys_X5ChW3,persistence_auth/authorized_keys,persistence_auth,root_session,126,yes,0,/usr/sbin/sshd,sshd,,/usr/sbin/sshd -D -R,,,,0,0,4294967295,17331,9653,(none),4294967295,privilege_transition,benign,
1778300230,15764,2.050543,attack_window,20260508_211709_authorized_keys_W9jmSO,20260508_211655_dirtyfrag_root_authorized_keys_X5ChW3,persistence_auth/authorized_keys,persistence_auth,root_session,,,,,,,,,,,,,,,,,,,ambiguous,
1778300230,15765,2.050543,attack_window,20260508_211709_authorized_keys_W9jmSO,20260508_211655_dirtyfrag_root_authorized_keys_X5ChW3,persistence_auth/authorized_keys,persistence_auth,root_session,77,yes,0,/usr/sbin/sshd,sshd,,/usr/sbin/sshd -D -R,,,,0,0,4294967295,17331,9653,(none),4294967295,file_destroy,benign,
1778300230,15766,2.050543,attack_window,20260508_211709_authorized_keys_W9jmSO,20260508_211655_dirtyfrag_root_authorized_keys_X5ChW3,persistence_auth/authorized_keys,persistence_auth,root_session,write,yes,4,/usr/sbin/sshd,sshd,,/usr/sbin/sshd -D -R,,,,0,0,1001,17331,9653,(none),51,(null),benign,
1778300230,15767,2.050543,attack_window,20260508_211709_authorized_keys_W9jmSO,20260508_211655_dirtyfrag_root_authorized_keys_X5ChW3,persistence_auth/authorized_keys,persistence_auth,root_session,114,yes,0,/usr/sbin/sshd,sshd,,/usr/sbin/sshd -D -R,,,,0,0,1001,17331,9653,(none),51,privilege_transition,benign,
1778300230,15768,2.050543,attack_window,20260508_211709_authorized_keys_W9jmSO,20260508_211655_dirtyfrag_root_authorized_keys_X5ChW3,persistence_auth/authorized_keys,persistence_auth,root_session,113,yes,0,/usr/sbin/sshd,sshd,,/usr/sbin/sshd -D -R,,,,1001,0,1001,17331,9653,(none),51,privilege_transition,benign,
1778300230,15769,2.050543,attack_window,20260508_211709_authorized_keys_W9jmSO,20260508_211655_dirtyfrag_root_authorized_keys_X5ChW3,persistence_auth/authorized_keys,persistence_auth,root_session,113,yes,0,/usr/sbin/sshd,sshd,,/usr/sbin/sshd -D -R,,,,0,0,1001,17331,9653,(none),51,privilege_transition,benign,
1778300230,15770,2.050543,attack_window,20260508_211709_authorized_keys_W9jmSO,20260508_211655_dirtyfrag_root_authorized_keys_X5ChW3,persistence_auth/authorized_keys,persistence_auth,root_session,114,yes,0,/usr/sbin/sshd,sshd,,/usr/sbin/sshd -D -R,,,,0,0,1001,17331,9653,(none),51,privilege_transition,benign,
1778300230,15771,2.050543,attack_window,20260508_211709_authorized_keys_W9jmSO,20260508_211655_dirtyfrag_root_authorized_keys_X5ChW3,persistence_auth/authorized_keys,persistence_auth,root_session,connect,yes,0,/usr/sbin/sshd,sshd,,/usr/sbin/sshd -D -R,/,/dev/log,/dev/log,0,0,1001,17331,9653,(none),51,network_connect,benign,
1778300230,15772,2.050543,attack_window,20260508_211709_authorized_keys_W9jmSO,20260508_211655_dirtyfrag_root_authorized_keys_X5ChW3,persistence_auth/authorized_keys,persistence_auth,root_session,connect,no,-2,/usr/sbin/sshd,sshd,,/usr/sbin/sshd -D -R,/,/run/systemd/userdb/io.systemd.Multiplexer,/run/systemd/userdb/io.systemd.Multiplexer,0,0,1001,17331,9653,(none),51,network_connect,benign,
1778300230,15773,2.050543,attack_window,20260508_211709_authorized_keys_W9jmSO,20260508_211655_dirtyfrag_root_authorized_keys_X5ChW3,persistence_auth/authorized_keys,persistence_auth,root_session,connect,yes,0,/usr/sbin/sshd,sshd,,/usr/sbin/sshd -D -R,/,/run/systemd/userdb/io.systemd.DynamicUser,/run/systemd/userdb/io.systemd.DynamicUser,0,0,1001,17331,9653,(none),51,network_connect,benign,
1778300230,15774,2.052543,attack_window,20260508_211709_authorized_keys_W9jmSO,20260508_211655_dirtyfrag_root_authorized_keys_X5ChW3,persistence_auth/authorized_keys,persistence_auth,root_session,connect,yes,0,/usr/sbin/sshd,sshd,,/usr/sbin/sshd -D -R,/,/run/dbus/system_bus_socket,/run/dbus/system_bus_socket,0,0,1001,17331,9653,(none),51,network_connect,benign,
1778300230,15775,2.067543,attack_window,20260508_211709_authorized_keys_W9jmSO,20260508_211655_dirtyfrag_root_authorized_keys_X5ChW3,persistence_auth/authorized_keys,persistence_auth,root_session,execve,yes,0,/usr/bin/dash,sh,sh -c -- /usr/bin/env -i PATH=/usr/local/sbin:/usr/local/bin:/usr/sbin:/usr/bin:/sbin:/bin run-parts --lsbsysinit /etc/update-motd.d > /run/motd.dynamic.new,sh -c -- /usr/bin/env -i PATH=/usr/local/sbin:/usr/local/bin:/usr/sbin:/usr/bin:/sbin:/bin run-parts --lsbsysinit /etc/update-mo,/,/bin/sh,/bin/sh|/lib64/ld-linux-x86-64.so.2,0,0,1001,17333,17331,(none),51,exec,benign,
1778300230,15776,2.069543,attack_window,20260508_211709_authorized_keys_W9jmSO,20260508_211655_dirtyfrag_root_authorized_keys_X5ChW3,persistence_auth/authorized_keys,persistence_auth,root_session,execve,yes,0,/usr/bin/env,env,/usr/bin/env -i PATH=/usr/local/sbin:/usr/local/bin:/usr/sbin:/usr/bin:/sbin:/bin run-parts --lsbsysinit /etc/update-motd.d,/usr/bin/env -i PATH=/usr/local/sbin:/usr/local/bin:/usr/sbin:/usr/bin:/sbin:/bin run-parts --lsbsysinit /etc/update-motd.d,/,/usr/bin/env,/usr/bin/env|/lib64/ld-linux-x86-64.so.2,0,0,1001,17334,17333,(none),51,exec,benign,
1778300230,15777,2.069543,attack_window,20260508_211709_authorized_keys_W9jmSO,20260508_211655_dirtyfrag_root_authorized_keys_X5ChW3,persistence_auth/authorized_keys,persistence_auth,root_session,execve,no,-2,/usr/bin/env,env,,/usr/bin/env -i PATH=/usr/local/sbin:/usr/local/bin:/usr/sbin:/usr/bin:/sbin:/bin run-parts --lsbsysinit /etc/update-motd.d,/,/usr/local/sbin/run-parts,/usr/local/sbin/run-parts,0,0,1001,17334,17333,(none),51,exec,benign,
1778300230,15778,2.069543,attack_window,20260508_211709_authorized_keys_W9jmSO,20260508_211655_dirtyfrag_root_authorized_keys_X5ChW3,persistence_auth/authorized_keys,persistence_auth,root_session,execve,no,-2,/usr/bin/env,env,,/usr/bin/env -i PATH=/usr/local/sbin:/usr/local/bin:/usr/sbin:/usr/bin:/sbin:/bin run-parts --lsbsysinit /etc/update-motd.d,/,/usr/local/bin/run-parts,/usr/local/bin/run-parts,0,0,1001,17334,17333,(none),51,exec,benign,
1778300230,15779,2.069543,attack_window,20260508_211709_authorized_keys_W9jmSO,20260508_211655_dirtyfrag_root_authorized_keys_X5ChW3,persistence_auth/authorized_keys,persistence_auth,root_session,execve,no,-2,/usr/bin/env,env,,/usr/bin/env -i PATH=/usr/local/sbin:/usr/local/bin:/usr/sbin:/usr/bin:/sbin:/bin run-parts --lsbsysinit /etc/update-motd.d,/,/usr/sbin/run-parts,/usr/sbin/run-parts,0,0,1001,17334,17333,(none),51,exec,benign,
1778300230,15780,2.069543,attack_window,20260508_211709_authorized_keys_W9jmSO,20260508_211655_dirtyfrag_root_authorized_keys_X5ChW3,persistence_auth/authorized_keys,persistence_auth,root_session,execve,yes,0,/usr/bin/run-parts,run-parts,run-parts --lsbsysinit /etc/update-motd.d,/usr/bin/env -i PATH=/usr/local/sbin:/usr/local/bin:/usr/sbin:/usr/bin:/sbin:/bin run-parts --lsbsysinit /etc/update-motd.d,/,/usr/bin/run-parts,/usr/bin/run-parts|/lib64/ld-linux-x86-64.so.2,0,0,1001,17334,17333,(none),51,exec,benign,
1778300230,15781,2.070543,attack_window,20260508_211709_authorized_keys_W9jmSO,20260508_211655_dirtyfrag_root_authorized_keys_X5ChW3,persistence_auth/authorized_keys,persistence_auth,root_session,execve,yes,0,/usr/bin/dash,00-header,/bin/sh /etc/update-motd.d/00-header,/bin/sh /etc/update-motd.d/00-header,/,/etc/update-motd.d/00-header,/etc/update-motd.d/00-header|/bin/sh|/lib64/ld-linux-x86-64.so.2,0,0,1001,17335,17334,(none),51,exec,benign,
1778300230,15782,2.072543,attack_window,20260508_211709_authorized_keys_W9jmSO,20260508_211655_dirtyfrag_root_authorized_keys_X5ChW3,persistence_auth/authorized_keys,persistence_auth,root_session,execve,yes,0,/usr/bin/uname,uname,uname -o,uname -o,/,/usr/bin/uname,/usr/bin/uname|/lib64/ld-linux-x86-64.so.2,0,0,1001,17336,17335,(none),51,exec,benign,
1778300230,15783,2.073543,attack_window,20260508_211709_authorized_keys_W9jmSO,20260508_211655_dirtyfrag_root_authorized_keys_X5ChW3,persistence_auth/authorized_keys,persistence_auth,root_session,execve,yes,0,/usr/bin/uname,uname,uname -r,uname -r,/,/usr/bin/uname,/usr/bin/uname|/lib64/ld-linux-x86-64.so.2,0,0,1001,17337,17335,(none),51,exec,benign,
1778300230,15784,2.074543,attack_window,20260508_211709_authorized_keys_W9jmSO,20260508_211655_dirtyfrag_root_authorized_keys_X5ChW3,persistence_auth/authorized_keys,persistence_auth,root_session,execve,yes,0,/usr/bin/uname,uname,uname -m,uname -m,/,/usr/bin/uname,/usr/bin/uname|/lib64/ld-linux-x86-64.so.2,0,0,1001,17338,17335,(none),51,exec,benign,
1778300230,15785,2.076543,attack_window,20260508_211709_authorized_keys_W9jmSO,20260508_211655_dirtyfrag_root_authorized_keys_X5ChW3,persistence_auth/authorized_keys,persistence_auth,root_session,execve,yes,0,/usr/bin/dash,10-help-text,/bin/sh /etc/update-motd.d/10-help-text,/bin/sh /etc/update-motd.d/10-help-text,/,/etc/update-motd.d/10-help-text,/etc/update-motd.d/10-help-text|/bin/sh|/lib64/ld-linux-x86-64.so.2,0,0,1001,17339,17334,(none),51,exec,benign,
1778300230,15786,2.077543,attack_window,20260508_211709_authorized_keys_W9jmSO,20260508_211655_dirtyfrag_root_authorized_keys_X5ChW3,persistence_auth/authorized_keys,persistence_auth,root_session,execve,yes,0,/usr/bin/dash,50-landscape-sy,/bin/sh /etc/update-motd.d/50-landscape-sysinfo,/bin/sh /etc/update-motd.d/50-landscape-sysinfo,/,/etc/update-motd.d/50-landscape-sysinfo,/etc/update-motd.d/50-landscape-sysinfo|/bin/sh|/lib64/ld-linux-x86-64.so.2,0,0,1001,17340,17334,(none),51,exec,benign,
1778300230,15787,2.078543,attack_window,20260508_211709_authorized_keys_W9jmSO,20260508_211655_dirtyfrag_root_authorized_keys_X5ChW3,persistence_auth/authorized_keys,persistence_auth,root_session,execve,yes,0,/usr/bin/find,find,find /var/lib/landscape/landscape-sysinfo.cache -newermt now-1 minutes,find /var/lib/landscape/landscape-sysinfo.cache -newermt now-1 minutes,/,/usr/bin/find,/usr/bin/find|/lib64/ld-linux-x86-64.so.2,0,0,1001,17341,17340,(none),51,exec,benign,
1778300230,15788,2.080543,attack_window,20260508_211709_authorized_keys_W9jmSO,20260508_211655_dirtyfrag_root_authorized_keys_X5ChW3,persistence_auth/authorized_keys,persistence_auth,root_session,execve,yes,0,/usr/bin/cat,cat,cat /var/lib/landscape/landscape-sysinfo.cache,cat /var/lib/landscape/landscape-sysinfo.cache,/,/usr/bin/cat,/usr/bin/cat|/lib64/ld-linux-x86-64.so.2,0,0,1001,17342,17340,(none),51,exec,benign,
1778300230,15789,2.081543,attack_window,20260508_211709_authorized_keys_W9jmSO,20260508_211655_dirtyfrag_root_authorized_keys_X5ChW3,persistence_auth/authorized_keys,persistence_auth,root_session,execve,yes,0,/usr/bin/dash,50-motd-news,/bin/sh /etc/update-motd.d/50-motd-news,/bin/sh /etc/update-motd.d/50-motd-news,/,/etc/update-motd.d/50-motd-news,/etc/update-motd.d/50-motd-news|/bin/sh|/lib64/ld-linux-x86-64.so.2,0,0,1001,17343,17334,(none),51,exec,benign,
1778300230,15790,2.081543,attack_window,20260508_211709_authorized_keys_W9jmSO,20260508_211655_dirtyfrag_root_authorized_keys_X5ChW3,persistence_auth/authorized_keys,persistence_auth,root_session,execve,yes,0,/usr/bin/cat,cat,cat /var/cache/motd-news,cat /var/cache/motd-news,/,/usr/bin/cat,/usr/bin/cat|/lib64/ld-linux-x86-64.so.2,0,0,1001,17344,17343,(none),51,exec,benign,
1778300230,15791,2.081543,attack_window,20260508_211709_authorized_keys_W9jmSO,20260508_211655_dirtyfrag_root_authorized_keys_X5ChW3,persistence_auth/authorized_keys,persistence_auth,root_session,execve,yes,0,/usr/bin/head,head,head -n 10,head -n 10,/,/usr/bin/head,/usr/bin/head|/lib64/ld-linux-x86-64.so.2,0,0,1001,17345,17343,(none),51,exec,benign,
1778300230,15792,2.082543,attack_window,20260508_211709_authorized_keys_W9jmSO,20260508_211655_dirtyfrag_root_authorized_keys_X5ChW3,persistence_auth/authorized_keys,persistence_auth,root_session,execve,yes,0,/usr/bin/tr,tr,tr -d \000-\011\013\014\016-\037,tr -d \000-\011\013\014\016-\037,/,/usr/bin/tr,/usr/bin/tr|/lib64/ld-linux-x86-64.so.2,0,0,1001,17346,17343,(none),51,exec,benign,
1778300230,15793,2.083543,attack_window,20260508_211709_authorized_keys_W9jmSO,20260508_211655_dirtyfrag_root_authorized_keys_X5ChW3,persistence_auth/authorized_keys,persistence_auth,root_session,execve,yes,0,/usr/bin/cut,cut,cut -c -80,cut -c -80,/,/usr/bin/cut,/usr/bin/cut|/lib64/ld-linux-x86-64.so.2,0,0,1001,17347,17343,(none),51,exec,benign,
1778300230,15794,2.084543,attack_window,20260508_211709_authorized_keys_W9jmSO,20260508_211655_dirtyfrag_root_authorized_keys_X5ChW3,persistence_auth/authorized_keys,persistence_auth,root_session,execve,yes,0,/usr/bin/dash,85-fwupd,/bin/sh /etc/update-motd.d/85-fwupd,/bin/sh /etc/update-motd.d/85-fwupd,/,/etc/update-motd.d/85-fwupd,/etc/update-motd.d/85-fwupd|/bin/sh|/lib64/ld-linux-x86-64.so.2,0,0,1001,17348,17334,(none),51,exec,benign,
1778300230,15795,2.085543,attack_window,20260508_211709_authorized_keys_W9jmSO,20260508_211655_dirtyfrag_root_authorized_keys_X5ChW3,persistence_auth/authorized_keys,persistence_auth,root_session,execve,yes,0,/usr/bin/cat,cat,cat /run/motd.d/85-fwupd,cat /run/motd.d/85-fwupd,/,/usr/bin/cat,/usr/bin/cat|/lib64/ld-linux-x86-64.so.2,0,0,1001,17349,17348,(none),51,exec,benign,
1778300230,15796,2.087543,attack_window,20260508_211709_authorized_keys_W9jmSO,20260508_211655_dirtyfrag_root_authorized_keys_X5ChW3,persistence_auth/authorized_keys,persistence_auth,root_session,execve,yes,0,/usr/bin/dash,90-updates-avai,/bin/sh /etc/update-motd.d/90-updates-available,/bin/sh /etc/update-motd.d/90-updates-available,/,/etc/update-motd.d/90-updates-available,/etc/update-motd.d/90-updates-available|/bin/sh|/lib64/ld-linux-x86-64.so.2,0,0,1001,17350,17334,(none),51,exec,benign,
1778300230,15797,2.088543,attack_window,20260508_211709_authorized_keys_W9jmSO,20260508_211655_dirtyfrag_root_authorized_keys_X5ChW3,persistence_auth/authorized_keys,persistence_auth,root_session,execve,yes,0,/usr/bin/cat,cat,cat /var/lib/update-notifier/updates-available,cat /var/lib/update-notifier/updates-available,/,/usr/bin/cat,/usr/bin/cat|/lib64/ld-linux-x86-64.so.2,0,0,1001,17351,17350,(none),51,exec,benign,
1778300230,15798,2.088543,attack_window,20260508_211709_authorized_keys_W9jmSO,20260508_211655_dirtyfrag_root_authorized_keys_X5ChW3,persistence_auth/authorized_keys,persistence_auth,root_session,execve,yes,0,/usr/bin/find,find,find /var/lib/update-notifier/updates-available -newermt now-7 days,find /var/lib/update-notifier/updates-available -newermt now-7 days,/,/usr/bin/find,/usr/bin/find|/lib64/ld-linux-x86-64.so.2,0,0,1001,17352,17350,(none),51,exec,benign,
1778300230,15799,2.088543,attack_window,20260508_211709_authorized_keys_W9jmSO,20260508_211655_dirtyfrag_root_authorized_keys_X5ChW3,persistence_auth/authorized_keys,persistence_auth,root_session,execve,yes,0,/usr/bin/grep,grep,grep -q -m 1 .,grep -q -m 1 .,/,/usr/bin/grep,/usr/bin/grep|/lib64/ld-linux-x86-64.so.2,0,0,1001,17353,17350,(none),51,exec,benign,
1778300230,15800,2.091543,attack_window,20260508_211709_authorized_keys_W9jmSO,20260508_211655_dirtyfrag_root_authorized_keys_X5ChW3,persistence_auth/authorized_keys,persistence_auth,root_session,execve,yes,0,/usr/bin/dash,91-contract-ua-,/bin/sh /etc/update-motd.d/91-contract-ua-esm-status,/bin/sh /etc/update-motd.d/91-contract-ua-esm-status,/,/etc/update-motd.d/91-contract-ua-esm-status,/etc/update-motd.d/91-contract-ua-esm-status|/bin/sh|/lib64/ld-linux-x86-64.so.2,0,0,1001,17354,17334,(none),51,exec,benign,
1778300230,15801,2.092543,attack_window,20260508_211709_authorized_keys_W9jmSO,20260508_211655_dirtyfrag_root_authorized_keys_X5ChW3,persistence_auth/authorized_keys,persistence_auth,root_session,execve,yes,0,/usr/bin/dash,91-release-upgr,/bin/sh /etc/update-motd.d/91-release-upgrade,/bin/sh /etc/update-motd.d/91-release-upgrade,/,/etc/update-motd.d/91-release-upgrade,/etc/update-motd.d/91-release-upgrade|/bin/sh|/lib64/ld-linux-x86-64.so.2,0,0,1001,17355,17334,(none),51,exec,benign,
1778300230,15802,2.093543,attack_window,20260508_211709_authorized_keys_W9jmSO,20260508_211655_dirtyfrag_root_authorized_keys_X5ChW3,persistence_auth/authorized_keys,persistence_auth,root_session,execve,yes,0,/usr/bin/cut,cut,cut -d -f4,cut -d -f4,/,/usr/bin/cut,/usr/bin/cut|/lib64/ld-linux-x86-64.so.2,0,0,1001,17358,17356,(none),51,exec,benign,
1778300230,15803,2.094543,attack_window,20260508_211709_authorized_keys_W9jmSO,20260508_211655_dirtyfrag_root_authorized_keys_X5ChW3,persistence_auth/authorized_keys,persistence_auth,root_session,execve,yes,0,/usr/bin/id,id,id -u,id -u,/,/usr/bin/id,/usr/bin/id|/lib64/ld-linux-x86-64.so.2,0,0,1001,17359,17355,(none),51,exec,benign,
1778300230,15804,2.096543,attack_window,20260508_211709_authorized_keys_W9jmSO,20260508_211655_dirtyfrag_root_authorized_keys_X5ChW3,persistence_auth/authorized_keys,persistence_auth,root_session,execve,yes,0,/usr/bin/dash,release-upgrade,/bin/sh -e /usr/lib/ubuntu-release-upgrader/release-upgrade-motd,/bin/sh /etc/update-motd.d/91-release-upgrade,/,/usr/lib/ubuntu-release-upgrader/release-upgrade-motd,/usr/lib/ubuntu-release-upgrader/release-upgrade-motd|/bin/sh|/lib64/ld-linux-x86-64.so.2,0,0,1001,17355,17334,(none),51,exec,benign,
1778300230,15805,2.096543,attack_window,20260508_211709_authorized_keys_W9jmSO,20260508_211655_dirtyfrag_root_authorized_keys_X5ChW3,persistence_auth/authorized_keys,persistence_auth,root_session,execve,yes,0,/usr/bin/date,date,date +%s,date +%s,/,/usr/bin/date,/usr/bin/date|/lib64/ld-linux-x86-64.so.2,0,0,1001,17360,17355,(none),51,exec,benign,
1778300230,15806,2.098543,attack_window,20260508_211709_authorized_keys_W9jmSO,20260508_211655_dirtyfrag_root_authorized_keys_X5ChW3,persistence_auth/authorized_keys,persistence_auth,root_session,execve,yes,0,/usr/bin/stat,stat,stat -c %Y /var/lib/ubuntu-release-upgrader/release-upgrade-available,stat -c %Y /var/lib/ubuntu-release-upgrader/release-upgrade-available,/,/usr/bin/stat,/usr/bin/stat|/lib64/ld-linux-x86-64.so.2,0,0,1001,17361,17355,(none),51,exec,benign,
1778300230,15807,2.099543,attack_window,20260508_211709_authorized_keys_W9jmSO,20260508_211655_dirtyfrag_root_authorized_keys_X5ChW3,persistence_auth/authorized_keys,persistence_auth,root_session,execve,yes,0,/usr/bin/expr,expr,expr 1778282941 + 86400,expr 1778282941 + 86400,/,/usr/bin/expr,/usr/bin/expr|/lib64/ld-linux-x86-64.so.2,0,0,1001,17362,17355,(none),51,exec,benign,
1778300230,15808,2.100543,attack_window,20260508_211709_authorized_keys_W9jmSO,20260508_211655_dirtyfrag_root_authorized_keys_X5ChW3,persistence_auth/authorized_keys,persistence_auth,root_session,execve,yes,0,/usr/bin/dash,92-unattended-u,/bin/sh /etc/update-motd.d/92-unattended-upgrades,/bin/sh /etc/update-motd.d/92-unattended-upgrades,/,/etc/update-motd.d/92-unattended-upgrades,/etc/update-motd.d/92-unattended-upgrades|/bin/sh|/lib64/ld-linux-x86-64.so.2,0,0,1001,17363,17334,(none),51,exec,benign,
1778300230,15809,2.101543,attack_window,20260508_211709_authorized_keys_W9jmSO,20260508_211655_dirtyfrag_root_authorized_keys_X5ChW3,persistence_auth/authorized_keys,persistence_auth,root_session,execve,yes,0,/usr/bin/dash,update-motd-una,/bin/sh /usr/share/unattended-upgrades/update-motd-unattended-upgrades,/bin/sh /etc/update-motd.d/92-unattended-upgrades,/,/usr/share/unattended-upgrades/update-motd-unattended-upgrades,/usr/share/unattended-upgrades/update-motd-unattended-upgrades|/bin/sh|/lib64/ld-linux-x86-64.so.2,0,0,1001,17363,17334,(none),51,exec,benign,
1778300230,15810,2.103543,attack_window,20260508_211709_authorized_keys_W9jmSO,20260508_211655_dirtyfrag_root_authorized_keys_X5ChW3,persistence_auth/authorized_keys,persistence_auth,root_session,execve,yes,0,/usr/bin/dash,95-hwe-eol,/bin/sh /etc/update-motd.d/95-hwe-eol,/bin/sh /etc/update-motd.d/95-hwe-eol,/,/etc/update-motd.d/95-hwe-eol,/etc/update-motd.d/95-hwe-eol|/bin/sh|/lib64/ld-linux-x86-64.so.2,0,0,1001,17364,17334,(none),51,exec,benign,
1778300230,15811,2.104543,attack_window,20260508_211709_authorized_keys_W9jmSO,20260508_211655_dirtyfrag_root_authorized_keys_X5ChW3,persistence_auth/authorized_keys,persistence_auth,root_session,execve,yes,0,/usr/bin/find,find,find /var/lib/update-notifier/hwe-eol -newermt now-1 days,find /var/lib/update-notifier/hwe-eol -newermt now-1 days,/,/usr/bin/find,/usr/bin/find|/lib64/ld-linux-x86-64.so.2,0,0,1001,17365,17364,(none),51,exec,benign,
1778300230,15812,2.105543,attack_window,20260508_211709_authorized_keys_W9jmSO,20260508_211655_dirtyfrag_root_authorized_keys_X5ChW3,persistence_auth/authorized_keys,persistence_auth,root_session,execve,yes,0,/usr/bin/dash,97-overlayroot,/bin/sh /etc/update-motd.d/97-overlayroot,/bin/sh /etc/update-motd.d/97-overlayroot,/,/etc/update-motd.d/97-overlayroot,/etc/update-motd.d/97-overlayroot|/bin/sh|/lib64/ld-linux-x86-64.so.2,0,0,1001,17366,17334,(none),51,exec,benign,
1778300230,15813,2.106543,attack_window,20260508_211709_authorized_keys_W9jmSO,20260508_211655_dirtyfrag_root_authorized_keys_X5ChW3,persistence_auth/authorized_keys,persistence_auth,root_session,execve,yes,0,/usr/bin/sort,sort,sort -r,sort -r,/,/usr/bin/sort,/usr/bin/sort|/lib64/ld-linux-x86-64.so.2,0,0,1001,17369,17367,(none),51,exec,benign,
1778300230,15814,2.106543,attack_window,20260508_211709_authorized_keys_W9jmSO,20260508_211655_dirtyfrag_root_authorized_keys_X5ChW3,persistence_auth/authorized_keys,persistence_auth,root_session,execve,yes,0,/usr/bin/dash,egrep,/bin/sh /usr/bin/egrep overlayroot|/media/root-ro|/media/root-rw /proc/mounts,/bin/sh /usr/bin/egrep overlayroot|/media/root-ro|/media/root-rw /proc/mounts,/,/usr/bin/egrep,/usr/bin/egrep|/bin/sh|/lib64/ld-linux-x86-64.so.2,0,0,1001,17368,17367,(none),51,exec,benign,
1778300230,15815,2.107543,attack_window,20260508_211709_authorized_keys_W9jmSO,20260508_211655_dirtyfrag_root_authorized_keys_X5ChW3,persistence_auth/authorized_keys,persistence_auth,root_session,execve,no,-2,/usr/bin/dash,egrep,,/bin/sh /usr/bin/egrep overlayroot|/media/root-ro|/media/root-rw /proc/mounts,/,/usr/local/sbin/grep,/usr/local/sbin/grep,0,0,1001,17368,17367,(none),51,exec,benign,
1778300230,15816,2.107543,attack_window,20260508_211709_authorized_keys_W9jmSO,20260508_211655_dirtyfrag_root_authorized_keys_X5ChW3,persistence_auth/authorized_keys,persistence_auth,root_session,execve,no,-2,/usr/bin/dash,egrep,,/bin/sh /usr/bin/egrep overlayroot|/media/root-ro|/media/root-rw /proc/mounts,/,/usr/local/bin/grep,/usr/local/bin/grep,0,0,1001,17368,17367,(none),51,exec,benign,
1778300230,15817,2.107543,attack_window,20260508_211709_authorized_keys_W9jmSO,20260508_211655_dirtyfrag_root_authorized_keys_X5ChW3,persistence_auth/authorized_keys,persistence_auth,root_session,execve,no,-2,/usr/bin/dash,egrep,,/bin/sh /usr/bin/egrep overlayroot|/media/root-ro|/media/root-rw /proc/mounts,/,/usr/sbin/grep,/usr/sbin/grep,0,0,1001,17368,17367,(none),51,exec,benign,
1778300230,15818,2.107543,attack_window,20260508_211709_authorized_keys_W9jmSO,20260508_211655_dirtyfrag_root_authorized_keys_X5ChW3,persistence_auth/authorized_keys,persistence_auth,root_session,execve,yes,0,/usr/bin/grep,grep,grep -E overlayroot|/media/root-ro|/media/root-rw /proc/mounts,/bin/sh /usr/bin/egrep overlayroot|/media/root-ro|/media/root-rw /proc/mounts,/,/usr/bin/grep,/usr/bin/grep|/lib64/ld-linux-x86-64.so.2,0,0,1001,17368,17367,(none),51,exec,benign,
1778300230,15819,2.109543,attack_window,20260508_211709_authorized_keys_W9jmSO,20260508_211655_dirtyfrag_root_authorized_keys_X5ChW3,persistence_auth/authorized_keys,persistence_auth,root_session,execve,yes,0,/usr/bin/dash,98-fsck-at-rebo,/bin/sh /etc/update-motd.d/98-fsck-at-reboot,/bin/sh /etc/update-motd.d/98-fsck-at-reboot,/,/etc/update-motd.d/98-fsck-at-reboot,/etc/update-motd.d/98-fsck-at-reboot|/bin/sh|/lib64/ld-linux-x86-64.so.2,0,0,1001,17370,17334,(none),51,exec,benign,
1778300230,15820,2.109543,attack_window,20260508_211709_authorized_keys_W9jmSO,20260508_211655_dirtyfrag_root_authorized_keys_X5ChW3,persistence_auth/authorized_keys,persistence_auth,root_session,execve,yes,0,/usr/bin/dash,update-motd-fsc,/bin/sh /usr/lib/update-notifier/update-motd-fsck-at-reboot,/bin/sh /etc/update-motd.d/98-fsck-at-reboot,/,/usr/lib/update-notifier/update-motd-fsck-at-reboot,/usr/lib/update-notifier/update-motd-fsck-at-reboot|/bin/sh|/lib64/ld-linux-x86-64.so.2,0,0,1001,17370,17334,(none),51,exec,benign,
1778300230,15821,2.111543,attack_window,20260508_211709_authorized_keys_W9jmSO,20260508_211655_dirtyfrag_root_authorized_keys_X5ChW3,persistence_auth/authorized_keys,persistence_auth,root_session,execve,yes,0,/usr/bin/id,id,id -u,id -u,/,/usr/bin/id,/usr/bin/id|/lib64/ld-linux-x86-64.so.2,0,0,1001,17371,17370,(none),51,exec,benign,
1778300230,15822,2.112543,attack_window,20260508_211709_authorized_keys_W9jmSO,20260508_211655_dirtyfrag_root_authorized_keys_X5ChW3,persistence_auth/authorized_keys,persistence_auth,root_session,execve,yes,0,/usr/bin/stat,stat,stat -c %Y /var/lib/update-notifier/fsck-at-reboot,stat -c %Y /var/lib/update-notifier/fsck-at-reboot,/,/usr/bin/stat,/usr/bin/stat|/lib64/ld-linux-x86-64.so.2,0,0,1001,17372,17370,(none),51,exec,benign,
1778300230,15823,2.113543,attack_window,20260508_211709_authorized_keys_W9jmSO,20260508_211655_dirtyfrag_root_authorized_keys_X5ChW3,persistence_auth/authorized_keys,persistence_auth,root_session,execve,yes,0,/usr/bin/gawk,awk,awk {print $1} /proc/uptime,awk {print $1} /proc/uptime,/,/usr/bin/awk,/usr/bin/awk|/lib64/ld-linux-x86-64.so.2,0,0,1001,17374,17373,(none),51,exec,benign,
1778300230,15824,2.115543,attack_window,20260508_211709_authorized_keys_W9jmSO,20260508_211655_dirtyfrag_root_authorized_keys_X5ChW3,persistence_auth/authorized_keys,persistence_auth,root_session,execve,yes,0,/usr/bin/date,date,date -d now - 2476.67 seconds +%s,date -d now - 2476.67 seconds +%s,/,/usr/bin/date,/usr/bin/date|/lib64/ld-linux-x86-64.so.2,0,0,1001,17373,17370,(none),51,exec,benign,
1778300230,15825,2.116543,attack_window,20260508_211709_authorized_keys_W9jmSO,20260508_211655_dirtyfrag_root_authorized_keys_X5ChW3,persistence_auth/authorized_keys,persistence_auth,root_session,execve,yes,0,/usr/bin/date,date,date +%s,date +%s,/,/usr/bin/date,/usr/bin/date|/lib64/ld-linux-x86-64.so.2,0,0,1001,17375,17370,(none),51,exec,benign,
1778300230,15826,2.116543,attack_window,20260508_211709_authorized_keys_W9jmSO,20260508_211655_dirtyfrag_root_authorized_keys_X5ChW3,persistence_auth/authorized_keys,persistence_auth,root_session,execve,yes,0,/usr/bin/cat,cat,cat /var/lib/update-notifier/fsck-at-reboot,cat /var/lib/update-notifier/fsck-at-reboot,/,/usr/bin/cat,/usr/bin/cat|/lib64/ld-linux-x86-64.so.2,0,0,1001,17376,17370,(none),51,exec,benign,
1778300230,15827,2.119543,attack_window,20260508_211709_authorized_keys_W9jmSO,20260508_211655_dirtyfrag_root_authorized_keys_X5ChW3,persistence_auth/authorized_keys,persistence_auth,root_session,execve,yes,0,/usr/bin/dash,98-reboot-requi,/bin/sh /etc/update-motd.d/98-reboot-required,/bin/sh /etc/update-motd.d/98-reboot-required,/,/etc/update-motd.d/98-reboot-required,/etc/update-motd.d/98-reboot-required|/bin/sh|/lib64/ld-linux-x86-64.so.2,0,0,1001,17377,17334,(none),51,exec,benign,
1778300230,15828,2.119543,attack_window,20260508_211709_authorized_keys_W9jmSO,20260508_211655_dirtyfrag_root_authorized_keys_X5ChW3,persistence_auth/authorized_keys,persistence_auth,root_session,execve,yes,0,/usr/bin/dash,update-motd-reb,/bin/sh -e /usr/lib/update-notifier/update-motd-reboot-required,/bin/sh /etc/update-motd.d/98-reboot-required,/,/usr/lib/update-notifier/update-motd-reboot-required,/usr/lib/update-notifier/update-motd-reboot-required|/bin/sh|/lib64/ld-linux-x86-64.so.2,0,0,1001,17377,17334,(none),51,exec,benign,
1778300230,15829,2.120543,attack_window,20260508_211709_authorized_keys_W9jmSO,20260508_211655_dirtyfrag_root_authorized_keys_X5ChW3,persistence_auth/authorized_keys,persistence_auth,root_session,rename,yes,0,/usr/sbin/sshd,sshd,,/usr/sbin/sshd -D -R,/,/run/,/run/|/run/motd.dynamic.new|/run/motd.dynamic,0,0,1001,17331,9653,(none),51,file_destroy,benign,
1778300230,15830,2.121543,attack_window,20260508_211709_authorized_keys_W9jmSO,20260508_211655_dirtyfrag_root_authorized_keys_X5ChW3,persistence_auth/authorized_keys,persistence_auth,root_session,connect,yes,0,/usr/sbin/sshd,sshd,,/usr/sbin/sshd -D -R,/,/run/systemd/userdb/io.systemd.DynamicUser,/run/systemd/userdb/io.systemd.DynamicUser,0,0,1001,17331,9653,(none),51,network_connect,benign,
1778300230,15831,2.121543,attack_window,20260508_211709_authorized_keys_W9jmSO,20260508_211655_dirtyfrag_root_authorized_keys_X5ChW3,persistence_auth/authorized_keys,persistence_auth,root_session,connect,yes,0,/usr/sbin/sshd,sshd,,/usr/sbin/sshd -D -R,/,/run/systemd/userdb/io.systemd.DynamicUser,/run/systemd/userdb/io.systemd.DynamicUser,0,0,1001,17331,9653,(none),51,network_connect,benign,
1778300230,15832,2.121543,attack_window,20260508_211709_authorized_keys_W9jmSO,20260508_211655_dirtyfrag_root_authorized_keys_X5ChW3,persistence_auth/authorized_keys,persistence_auth,root_session,connect,yes,0,/usr/sbin/sshd,sshd,,/usr/sbin/sshd -D -R,/,/run/systemd/userdb/io.systemd.DynamicUser,/run/systemd/userdb/io.systemd.DynamicUser,0,0,1001,17331,9653,(none),51,network_connect,benign,
1778300230,15833,2.121543,attack_window,20260508_211709_authorized_keys_W9jmSO,20260508_211655_dirtyfrag_root_authorized_keys_X5ChW3,persistence_auth/authorized_keys,persistence_auth,root_session,connect,yes,0,/usr/sbin/sshd,sshd,,/usr/sbin/sshd -D -R,/,/run/systemd/userdb/io.systemd.DynamicUser,/run/systemd/userdb/io.systemd.DynamicUser,0,0,1001,17331,9653,(none),51,network_connect,benign,
1778300230,15834,2.122543,attack_window,20260508_211709_authorized_keys_W9jmSO,20260508_211655_dirtyfrag_root_authorized_keys_X5ChW3,persistence_auth/authorized_keys,persistence_auth,root_session,connect,yes,0,/usr/sbin/sshd,sshd,,/usr/sbin/sshd -D -R,/,/run/systemd/userdb/io.systemd.DynamicUser,/run/systemd/userdb/io.systemd.DynamicUser,0,0,1001,17331,9653,(none),51,network_connect,benign,
1778300230,15835,2.122543,attack_window,20260508_211709_authorized_keys_W9jmSO,20260508_211655_dirtyfrag_root_authorized_keys_X5ChW3,persistence_auth/authorized_keys,persistence_auth,root_session,,,,,,,,,,,,,,,,,,,ambiguous,
1778300230,15836,2.123543,attack_window,20260508_211709_authorized_keys_W9jmSO,20260508_211655_dirtyfrag_root_authorized_keys_X5ChW3,persistence_auth/authorized_keys,persistence_auth,root_session,setgid,yes,0,/usr/sbin/sshd,sshd,,sshd: deploy-rkejw [priv],,,,0,0,1001,17378,17331,(none),51,privilege_transition,benign,
1778300230,15837,2.123543,attack_window,20260508_211709_authorized_keys_W9jmSO,20260508_211655_dirtyfrag_root_authorized_keys_X5ChW3,persistence_auth/authorized_keys,persistence_auth,root_session,connect,yes,0,/usr/sbin/sshd,sshd,,sshd: deploy-rkejw [priv],/,/run/systemd/userdb/io.systemd.DynamicUser,/run/systemd/userdb/io.systemd.DynamicUser,0,0,1001,17378,17331,(none),51,network_connect,benign,
1778300230,15838,2.124543,attack_window,20260508_211709_authorized_keys_W9jmSO,20260508_211655_dirtyfrag_root_authorized_keys_X5ChW3,persistence_auth/authorized_keys,persistence_auth,root_session,connect,yes,0,/usr/sbin/sshd,sshd,,sshd: deploy-rkejw [priv],/,/run/systemd/userdb/io.systemd.DynamicUser,/run/systemd/userdb/io.systemd.DynamicUser,0,0,1001,17378,17331,(none),51,network_connect,benign,
1778300230,15839,2.124543,attack_window,20260508_211709_authorized_keys_W9jmSO,20260508_211655_dirtyfrag_root_authorized_keys_X5ChW3,persistence_auth/authorized_keys,persistence_auth,root_session,126,yes,0,/usr/sbin/sshd,sshd,,sshd: deploy-rkejw [priv],,,,0,0,1001,17378,17331,(none),51,privilege_transition,benign,
1778300230,15840,2.124543,attack_window,20260508_211709_authorized_keys_W9jmSO,20260508_211655_dirtyfrag_root_authorized_keys_X5ChW3,persistence_auth/authorized_keys,persistence_auth,root_session,,,,,,,,,,,,,,,,,,,ambiguous,
1778300230,15841,2.124543,attack_window,20260508_211709_authorized_keys_W9jmSO,20260508_211655_dirtyfrag_root_authorized_keys_X5ChW3,persistence_auth/authorized_keys,persistence_auth,root_session,setresgid,yes,0,/usr/sbin/sshd,sshd,,sshd: deploy-rkejw [priv],,,,0,0,1001,17378,17331,(none),51,privilege_transition,benign,
1778300230,15842,2.124543,attack_window,20260508_211709_authorized_keys_W9jmSO,20260508_211655_dirtyfrag_root_authorized_keys_X5ChW3,persistence_auth/authorized_keys,persistence_auth,root_session,setresuid,yes,0,/usr/sbin/sshd,sshd,,sshd: deploy-rkejw [priv],,,,1001,1001,1001,17378,17331,(none),51,privilege_transition,benign,
1778300230,15843,2.124543,attack_window,20260508_211709_authorized_keys_W9jmSO,20260508_211655_dirtyfrag_root_authorized_keys_X5ChW3,persistence_auth/authorized_keys,persistence_auth,root_session,setuid,no,-1,/usr/sbin/sshd,sshd,,sshd: deploy-rkejw [priv],,,,1001,1001,1001,17378,17331,(none),51,privilege_transition,benign,
1778300230,15844,2.124543,attack_window,20260508_211709_authorized_keys_W9jmSO,20260508_211655_dirtyfrag_root_authorized_keys_X5ChW3,persistence_auth/authorized_keys,persistence_auth,root_session,setresuid,no,-1,/usr/sbin/sshd,sshd,,sshd: deploy-rkejw [priv],,,,1001,1001,1001,17378,17331,(none),51,privilege_transition,benign,
1778300230,15845,2.175543,attack_window,20260508_211709_authorized_keys_W9jmSO,20260508_211655_dirtyfrag_root_authorized_keys_X5ChW3,persistence_auth/authorized_keys,persistence_auth,root_session,execve,yes,0,/usr/bin/bash,bash,bash -c /usr/lib/openssh/sftp-server,bash -c /usr/lib/openssh/sftp-server,/home/deploy-rkejw,/bin/bash,/bin/bash|/lib64/ld-linux-x86-64.so.2,1001,1001,1001,17379,17378,(none),51,shell_exec,benign,
1778300230,15846,2.177543,attack_window,20260508_211709_authorized_keys_W9jmSO,20260508_211655_dirtyfrag_root_authorized_keys_X5ChW3,persistence_auth/authorized_keys,persistence_auth,root_session,execve,yes,0,/usr/lib/openssh/sftp-server,sftp-server,/usr/lib/openssh/sftp-server,bash -c /usr/lib/openssh/sftp-server,/home/deploy-rkejw,/usr/lib/openssh/sftp-server,/usr/lib/openssh/sftp-server|/lib64/ld-linux-x86-64.so.2,1001,1001,1001,17379,17378,(none),51,exec,benign,
1778300230,15847,2.177543,attack_window,20260508_211709_authorized_keys_W9jmSO,20260508_211655_dirtyfrag_root_authorized_keys_X5ChW3,persistence_auth/authorized_keys,persistence_auth,root_session,connect,no,-2,/usr/lib/openssh/sftp-server,sftp-server,,bash -c /usr/lib/openssh/sftp-server,/home/deploy-rkejw,/var/run/nscd/socket,/var/run/nscd/socket,1001,1001,1001,17379,17378,(none),51,network_connect,benign,
1778300230,15848,2.177543,attack_window,20260508_211709_authorized_keys_W9jmSO,20260508_211655_dirtyfrag_root_authorized_keys_X5ChW3,persistence_auth/authorized_keys,persistence_auth,root_session,connect,no,-2,/usr/lib/openssh/sftp-server,sftp-server,,bash -c /usr/lib/openssh/sftp-server,/home/deploy-rkejw,/var/run/nscd/socket,/var/run/nscd/socket,1001,1001,1001,17379,17378,(none),51,network_connect,benign,
1778300230,15849,2.185543,attack_window,20260508_211709_authorized_keys_W9jmSO,20260508_211655_dirtyfrag_root_authorized_keys_X5ChW3,persistence_auth/authorized_keys,persistence_auth,root_session,connect,yes,0,/usr/sbin/sshd,sshd,,sshd: deploy-rkejw [priv],/,/dev/log,/dev/log,1001,1001,1001,17378,17331,(none),51,network_connect,benign,
1778300230,15850,2.185543,attack_window,20260508_211709_authorized_keys_W9jmSO,20260508_211655_dirtyfrag_root_authorized_keys_X5ChW3,persistence_auth/authorized_keys,persistence_auth,root_session,114,yes,0,/usr/sbin/sshd,sshd,,/usr/sbin/sshd -D -R,,,,0,0,1001,17331,9653,(none),51,privilege_transition,benign,
1778300230,15851,2.185543,attack_window,20260508_211709_authorized_keys_W9jmSO,20260508_211655_dirtyfrag_root_authorized_keys_X5ChW3,persistence_auth/authorized_keys,persistence_auth,root_session,setresuid,yes,0,/usr/sbin/sshd,sshd,,/usr/sbin/sshd -D -R,,,,0,1001,1001,17331,9653,(none),51,privilege_transition,benign,
1778300230,15852,2.185543,attack_window,20260508_211709_authorized_keys_W9jmSO,20260508_211655_dirtyfrag_root_authorized_keys_X5ChW3,persistence_auth/authorized_keys,persistence_auth,root_session,113,yes,0,/usr/sbin/sshd,sshd,,/usr/sbin/sshd -D -R,,,,0,0,1001,17331,9653,(none),51,privilege_transition,benign,
1778300230,15853,2.185543,attack_window,20260508_211709_authorized_keys_W9jmSO,20260508_211655_dirtyfrag_root_authorized_keys_X5ChW3,persistence_auth/authorized_keys,persistence_auth,root_session,114,yes,0,/usr/sbin/sshd,sshd,,/usr/sbin/sshd -D -R,,,,0,0,1001,17331,9653,(none),51,privilege_transition,benign,
1778300230,15854,2.185543,attack_window,20260508_211709_authorized_keys_W9jmSO,20260508_211655_dirtyfrag_root_authorized_keys_X5ChW3,persistence_auth/authorized_keys,persistence_auth,root_session,connect,yes,0,/usr/sbin/sshd,sshd,,/usr/sbin/sshd -D -R,/,/run/dbus/system_bus_socket,/run/dbus/system_bus_socket,0,0,1001,17331,9653,(none),51,network_connect,benign,
1778300230,15855,2.187543,attack_window,20260508_211709_authorized_keys_W9jmSO,20260508_211655_dirtyfrag_root_authorized_keys_X5ChW3,persistence_auth/authorized_keys,persistence_auth,root_session,,,,,,,,,,,,,,,,,,,ambiguous,
1778300230,15856,2.187543,attack_window,20260508_211709_authorized_keys_W9jmSO,20260508_211655_dirtyfrag_root_authorized_keys_X5ChW3,persistence_auth/authorized_keys,persistence_auth,root_session,,,,,,,,,,,,,,,,,,,ambiguous,
1778300230,15857,2.187543,attack_window,20260508_211709_authorized_keys_W9jmSO,20260508_211655_dirtyfrag_root_authorized_keys_X5ChW3,persistence_auth/authorized_keys,persistence_auth,root_session,setresgid,yes,0,/usr/sbin/sshd,sshd,,/usr/sbin/sshd -D -R,,,,0,0,1001,17331,9653,(none),51,privilege_transition,benign,
1778300230,15858,2.187543,attack_window,20260508_211709_authorized_keys_W9jmSO,20260508_211655_dirtyfrag_root_authorized_keys_X5ChW3,persistence_auth/authorized_keys,persistence_auth,root_session,setresuid,yes,0,/usr/sbin/sshd,sshd,,/usr/sbin/sshd -D -R,,,,0,1001,1001,17331,9653,(none),51,privilege_transition,benign,
1778300230,15859,2.187543,attack_window,20260508_211709_authorized_keys_W9jmSO,20260508_211655_dirtyfrag_root_authorized_keys_X5ChW3,persistence_auth/authorized_keys,persistence_auth,root_session,setresuid,yes,0,/usr/sbin/sshd,sshd,,/usr/sbin/sshd -D -R,,,,0,0,1001,17331,9653,(none),51,privilege_transition,benign,
1778300230,15860,2.187543,attack_window,20260508_211709_authorized_keys_W9jmSO,20260508_211655_dirtyfrag_root_authorized_keys_X5ChW3,persistence_auth/authorized_keys,persistence_auth,root_session,setresgid,yes,0,/usr/sbin/sshd,sshd,,/usr/sbin/sshd -D -R,,,,0,0,1001,17331,9653,(none),51,privilege_transition,benign,
1778300230,15861,2.198543,attack_window,20260508_211709_authorized_keys_W9jmSO,20260508_211655_dirtyfrag_root_authorized_keys_X5ChW3,persistence_auth/authorized_keys,persistence_auth,root_session,execve,yes,0,/usr/sbin/sshd,sshd,/usr/sbin/sshd -D -R,/usr/sbin/sshd -D -R,/,/usr/sbin/sshd,/usr/sbin/sshd|/lib64/ld-linux-x86-64.so.2,0,0,4294967295,17380,9653,(none),4294967295,exec,benign,
1778300230,15862,2.202543,attack_window,20260508_211709_authorized_keys_W9jmSO,20260508_211655_dirtyfrag_root_authorized_keys_X5ChW3,persistence_auth/authorized_keys,persistence_auth,root_session,connect,no,-2,/usr/sbin/sshd,sshd,,/usr/sbin/sshd -D -R,/,/var/run/nscd/socket,/var/run/nscd/socket,0,0,4294967295,17380,9653,(none),4294967295,network_connect,benign,
1778300230,15863,2.202543,attack_window,20260508_211709_authorized_keys_W9jmSO,20260508_211655_dirtyfrag_root_authorized_keys_X5ChW3,persistence_auth/authorized_keys,persistence_auth,root_session,connect,yes,0,/usr/sbin/sshd,sshd,,/usr/sbin/sshd -D -R,,,,0,0,4294967295,17380,9653,(none),4294967295,network_connect,benign,
1778300230,15864,2.202543,attack_window,20260508_211709_authorized_keys_W9jmSO,20260508_211655_dirtyfrag_root_authorized_keys_X5ChW3,persistence_auth/authorized_keys,persistence_auth,root_session,connect,yes,0,/usr/sbin/sshd,sshd,,/usr/sbin/sshd -D -R,,,,0,0,4294967295,17380,9653,(none),4294967295,network_connect,benign,
1778300230,15865,2.202543,attack_window,20260508_211709_authorized_keys_W9jmSO,20260508_211655_dirtyfrag_root_authorized_keys_X5ChW3,persistence_auth/authorized_keys,persistence_auth,root_session,connect,yes,0,/usr/sbin/sshd,sshd,,/usr/sbin/sshd -D -R,,,,0,0,4294967295,17380,9653,(none),4294967295,network_connect,benign,
1778300230,15866,2.202543,attack_window,20260508_211709_authorized_keys_W9jmSO,20260508_211655_dirtyfrag_root_authorized_keys_X5ChW3,persistence_auth/authorized_keys,persistence_auth,root_session,connect,no,-2,/usr/sbin/sshd,sshd,,/usr/sbin/sshd -D -R,/,/var/run/nscd/socket,/var/run/nscd/socket,0,0,4294967295,17380,9653,(none),4294967295,network_connect,benign,
1778300230,15867,2.202543,attack_window,20260508_211709_authorized_keys_W9jmSO,20260508_211655_dirtyfrag_root_authorized_keys_X5ChW3,persistence_auth/authorized_keys,persistence_auth,root_session,connect,no,-2,/usr/sbin/sshd,sshd,,/usr/sbin/sshd -D -R,/,/var/run/nscd/socket,/var/run/nscd/socket,0,0,4294967295,17380,9653,(none),4294967295,network_connect,benign,
1778300230,15868,2.205543,attack_window,20260508_211709_authorized_keys_W9jmSO,20260508_211655_dirtyfrag_root_authorized_keys_X5ChW3,persistence_auth/authorized_keys,persistence_auth,root_session,setresgid,yes,0,/usr/sbin/sshd,sshd,,sshd: [accepted],,,,0,0,4294967295,17381,17380,(none),4294967295,privilege_transition,benign,
1778300230,15869,2.205543,attack_window,20260508_211709_authorized_keys_W9jmSO,20260508_211655_dirtyfrag_root_authorized_keys_X5ChW3,persistence_auth/authorized_keys,persistence_auth,root_session,setresuid,yes,0,/usr/sbin/sshd,sshd,,sshd: [accepted],,,,109,109,4294967295,17381,17380,(none),4294967295,privilege_transition,benign,
1778300230,15870,2.205543,attack_window,20260508_211709_authorized_keys_W9jmSO,20260508_211655_dirtyfrag_root_authorized_keys_X5ChW3,persistence_auth/authorized_keys,persistence_auth,root_session,setgid,no,-1,/usr/sbin/sshd,sshd,,sshd: [accepted],,,,109,109,4294967295,17381,17380,(none),4294967295,privilege_transition,benign,
1778300230,15871,2.205543,attack_window,20260508_211709_authorized_keys_W9jmSO,20260508_211655_dirtyfrag_root_authorized_keys_X5ChW3,persistence_auth/authorized_keys,persistence_auth,root_session,setresgid,no,-1,/usr/sbin/sshd,sshd,,sshd: [accepted],,,,109,109,4294967295,17381,17380,(none),4294967295,privilege_transition,benign,
1778300230,15872,2.205543,attack_window,20260508_211709_authorized_keys_W9jmSO,20260508_211655_dirtyfrag_root_authorized_keys_X5ChW3,persistence_auth/authorized_keys,persistence_auth,root_session,setuid,no,-1,/usr/sbin/sshd,sshd,,sshd: [accepted],,,,109,109,4294967295,17381,17380,(none),4294967295,privilege_transition,benign,
1778300230,15873,2.205543,attack_window,20260508_211709_authorized_keys_W9jmSO,20260508_211655_dirtyfrag_root_authorized_keys_X5ChW3,persistence_auth/authorized_keys,persistence_auth,root_session,setresuid,no,-1,/usr/sbin/sshd,sshd,,sshd: [accepted],,,,109,109,4294967295,17381,17380,(none),4294967295,privilege_transition,benign,
1778300231,15874,2.306543,attack_window,20260508_211709_authorized_keys_W9jmSO,20260508_211655_dirtyfrag_root_authorized_keys_X5ChW3,persistence_auth/authorized_keys,persistence_auth,root_session,connect,no,-2,/usr/sbin/sshd,sshd,,/usr/sbin/sshd -D -R,/,/var/run/nscd/socket,/var/run/nscd/socket,0,0,4294967295,17380,9653,(none),4294967295,network_connect,benign,
1778300231,15875,2.306543,attack_window,20260508_211709_authorized_keys_W9jmSO,20260508_211655_dirtyfrag_root_authorized_keys_X5ChW3,persistence_auth/authorized_keys,persistence_auth,root_session,connect,no,-2,/usr/sbin/sshd,sshd,,/usr/sbin/sshd -D -R,/,/var/run/nscd/socket,/var/run/nscd/socket,0,0,4294967295,17380,9653,(none),4294967295,network_connect,benign,
1778300231,15876,2.306543,attack_window,20260508_211709_authorized_keys_W9jmSO,20260508_211655_dirtyfrag_root_authorized_keys_X5ChW3,persistence_auth/authorized_keys,persistence_auth,root_session,connect,yes,0,/usr/sbin/sshd,sshd,,/usr/sbin/sshd -D -R,/,/run/systemd/userdb/io.systemd.DynamicUser,/run/systemd/userdb/io.systemd.DynamicUser,0,0,4294967295,17380,9653,(none),4294967295,network_connect,benign,
1778300231,15877,2.306543,attack_window,20260508_211709_authorized_keys_W9jmSO,20260508_211655_dirtyfrag_root_authorized_keys_X5ChW3,persistence_auth/authorized_keys,persistence_auth,root_session,setresgid,yes,0,/usr/sbin/sshd,sshd,,/usr/sbin/sshd -D -R,,,,0,0,4294967295,17380,9653,(none),4294967295,privilege_transition,benign,
1778300231,15878,2.306543,attack_window,20260508_211709_authorized_keys_W9jmSO,20260508_211655_dirtyfrag_root_authorized_keys_X5ChW3,persistence_auth/authorized_keys,persistence_auth,root_session,setresuid,yes,0,/usr/sbin/sshd,sshd,,/usr/sbin/sshd -D -R,,,,0,1001,4294967295,17380,9653,(none),4294967295,privilege_transition,benign,
1778300231,15879,2.306543,attack_window,20260508_211709_authorized_keys_W9jmSO,20260508_211655_dirtyfrag_root_authorized_keys_X5ChW3,persistence_auth/authorized_keys,persistence_auth,root_session,setresuid,yes,0,/usr/sbin/sshd,sshd,,/usr/sbin/sshd -D -R,,,,0,0,4294967295,17380,9653,(none),4294967295,privilege_transition,benign,
1778300231,15880,2.306543,attack_window,20260508_211709_authorized_keys_W9jmSO,20260508_211655_dirtyfrag_root_authorized_keys_X5ChW3,persistence_auth/authorized_keys,persistence_auth,root_session,setresgid,yes,0,/usr/sbin/sshd,sshd,,/usr/sbin/sshd -D -R,,,,0,0,4294967295,17380,9653,(none),4294967295,privilege_transition,benign,
1778300231,15881,2.306543,attack_window,20260508_211709_authorized_keys_W9jmSO,20260508_211655_dirtyfrag_root_authorized_keys_X5ChW3,persistence_auth/authorized_keys,persistence_auth,root_session,setresgid,yes,0,/usr/sbin/sshd,sshd,,/usr/sbin/sshd -D -R,,,,0,0,4294967295,17380,9653,(none),4294967295,privilege_transition,benign,
1778300231,15882,2.306543,attack_window,20260508_211709_authorized_keys_W9jmSO,20260508_211655_dirtyfrag_root_authorized_keys_X5ChW3,persistence_auth/authorized_keys,persistence_auth,root_session,setresuid,yes,0,/usr/sbin/sshd,sshd,,/usr/sbin/sshd -D -R,,,,0,1001,4294967295,17380,9653,(none),4294967295,privilege_transition,benign,
1778300231,15883,2.306543,attack_window,20260508_211709_authorized_keys_W9jmSO,20260508_211655_dirtyfrag_root_authorized_keys_X5ChW3,persistence_auth/authorized_keys,persistence_auth,root_session,setresuid,yes,0,/usr/sbin/sshd,sshd,,/usr/sbin/sshd -D -R,,,,0,0,4294967295,17380,9653,(none),4294967295,privilege_transition,benign,
1778300231,15884,2.306543,attack_window,20260508_211709_authorized_keys_W9jmSO,20260508_211655_dirtyfrag_root_authorized_keys_X5ChW3,persistence_auth/authorized_keys,persistence_auth,root_session,setresgid,yes,0,/usr/sbin/sshd,sshd,,/usr/sbin/sshd -D -R,,,,0,0,4294967295,17380,9653,(none),4294967295,privilege_transition,benign,
1778300231,15885,2.306543,attack_window,20260508_211709_authorized_keys_W9jmSO,20260508_211655_dirtyfrag_root_authorized_keys_X5ChW3,persistence_auth/authorized_keys,persistence_auth,root_session,,,,,,,,,,,,,,,,,,,ambiguous,
1778300231,15886,2.315543,attack_window,20260508_211709_authorized_keys_W9jmSO,20260508_211655_dirtyfrag_root_authorized_keys_X5ChW3,persistence_auth/authorized_keys,persistence_auth,root_session,setresgid,yes,0,/usr/sbin/sshd,sshd,,/usr/sbin/sshd -D -R,,,,0,0,4294967295,17380,9653,(none),4294967295,privilege_transition,benign,
1778300231,15887,2.315543,attack_window,20260508_211709_authorized_keys_W9jmSO,20260508_211655_dirtyfrag_root_authorized_keys_X5ChW3,persistence_auth/authorized_keys,persistence_auth,root_session,setresuid,yes,0,/usr/sbin/sshd,sshd,,/usr/sbin/sshd -D -R,,,,0,1001,4294967295,17380,9653,(none),4294967295,privilege_transition,benign,
1778300231,15888,2.315543,attack_window,20260508_211709_authorized_keys_W9jmSO,20260508_211655_dirtyfrag_root_authorized_keys_X5ChW3,persistence_auth/authorized_keys,persistence_auth,root_session,setresuid,yes,0,/usr/sbin/sshd,sshd,,/usr/sbin/sshd -D -R,,,,0,0,4294967295,17380,9653,(none),4294967295,privilege_transition,benign,
1778300231,15889,2.315543,attack_window,20260508_211709_authorized_keys_W9jmSO,20260508_211655_dirtyfrag_root_authorized_keys_X5ChW3,persistence_auth/authorized_keys,persistence_auth,root_session,setresgid,yes,0,/usr/sbin/sshd,sshd,,/usr/sbin/sshd -D -R,,,,0,0,4294967295,17380,9653,(none),4294967295,privilege_transition,benign,
1778300231,15890,2.315543,attack_window,20260508_211709_authorized_keys_W9jmSO,20260508_211655_dirtyfrag_root_authorized_keys_X5ChW3,persistence_auth/authorized_keys,persistence_auth,root_session,setresgid,yes,0,/usr/sbin/sshd,sshd,,/usr/sbin/sshd -D -R,,,,0,0,4294967295,17380,9653,(none),4294967295,privilege_transition,benign,
1778300231,15891,2.315543,attack_window,20260508_211709_authorized_keys_W9jmSO,20260508_211655_dirtyfrag_root_authorized_keys_X5ChW3,persistence_auth/authorized_keys,persistence_auth,root_session,setresuid,yes,0,/usr/sbin/sshd,sshd,,/usr/sbin/sshd -D -R,,,,0,1001,4294967295,17380,9653,(none),4294967295,privilege_transition,benign,
1778300231,15892,2.315543,attack_window,20260508_211709_authorized_keys_W9jmSO,20260508_211655_dirtyfrag_root_authorized_keys_X5ChW3,persistence_auth/authorized_keys,persistence_auth,root_session,setresuid,yes,0,/usr/sbin/sshd,sshd,,/usr/sbin/sshd -D -R,,,,0,0,4294967295,17380,9653,(none),4294967295,privilege_transition,benign,
1778300231,15893,2.315543,attack_window,20260508_211709_authorized_keys_W9jmSO,20260508_211655_dirtyfrag_root_authorized_keys_X5ChW3,persistence_auth/authorized_keys,persistence_auth,root_session,setresgid,yes,0,/usr/sbin/sshd,sshd,,/usr/sbin/sshd -D -R,,,,0,0,4294967295,17380,9653,(none),4294967295,privilege_transition,benign,
1778300231,15894,2.315543,attack_window,20260508_211709_authorized_keys_W9jmSO,20260508_211655_dirtyfrag_root_authorized_keys_X5ChW3,persistence_auth/authorized_keys,persistence_auth,root_session,,,,,,,,,,,,,,,,,,,ambiguous,
1778300231,15895,2.344543,attack_window,20260508_211709_authorized_keys_W9jmSO,20260508_211655_dirtyfrag_root_authorized_keys_X5ChW3,persistence_auth/authorized_keys,persistence_auth,root_session,connect,yes,0,/usr/sbin/sshd,sshd,,/usr/sbin/sshd -D -R,/,/run/systemd/userdb/io.systemd.DynamicUser,/run/systemd/userdb/io.systemd.DynamicUser,0,0,4294967295,17380,9653,(none),4294967295,network_connect,benign,
1778300231,15896,2.345543,attack_window,20260508_211709_authorized_keys_W9jmSO,20260508_211655_dirtyfrag_root_authorized_keys_X5ChW3,persistence_auth/authorized_keys,persistence_auth,root_session,,,,,,,,,,,,,,,,,,,ambiguous,
1778300231,15897,2.356543,attack_window,20260508_211709_authorized_keys_W9jmSO,20260508_211655_dirtyfrag_root_authorized_keys_X5ChW3,persistence_auth/authorized_keys,persistence_auth,root_session,,,,,,,,,,,,,,,,,,,ambiguous,
1778300231,15898,2.356543,attack_window,20260508_211709_authorized_keys_W9jmSO,20260508_211655_dirtyfrag_root_authorized_keys_X5ChW3,persistence_auth/authorized_keys,persistence_auth,root_session,connect,yes,0,/usr/sbin/sshd,sshd,,/usr/sbin/sshd -D -R,/,/dev/log,/dev/log,0,0,4294967295,17380,9653,(none),4294967295,network_connect,benign,
1778300231,15899,2.357543,attack_window,20260508_211709_authorized_keys_W9jmSO,20260508_211655_dirtyfrag_root_authorized_keys_X5ChW3,persistence_auth/authorized_keys,persistence_auth,root_session,connect,yes,0,/usr/sbin/sshd,sshd,,/usr/sbin/sshd -D -R,/,/run/systemd/userdb/io.systemd.DynamicUser,/run/systemd/userdb/io.systemd.DynamicUser,0,0,4294967295,17380,9653,(none),4294967295,network_connect,benign,
1778300231,15900,2.357543,attack_window,20260508_211709_authorized_keys_W9jmSO,20260508_211655_dirtyfrag_root_authorized_keys_X5ChW3,persistence_auth/authorized_keys,persistence_auth,root_session,126,yes,0,/usr/sbin/sshd,sshd,,/usr/sbin/sshd -D -R,,,,0,0,4294967295,17380,9653,(none),4294967295,privilege_transition,benign,
1778300231,15901,2.357543,attack_window,20260508_211709_authorized_keys_W9jmSO,20260508_211655_dirtyfrag_root_authorized_keys_X5ChW3,persistence_auth/authorized_keys,persistence_auth,root_session,,,,,,,,,,,,,,,,,,,ambiguous,
1778300231,15902,2.357543,attack_window,20260508_211709_authorized_keys_W9jmSO,20260508_211655_dirtyfrag_root_authorized_keys_X5ChW3,persistence_auth/authorized_keys,persistence_auth,root_session,77,yes,0,/usr/sbin/sshd,sshd,,/usr/sbin/sshd -D -R,,,,0,0,4294967295,17380,9653,(none),4294967295,file_destroy,benign,
1778300231,15903,2.357543,attack_window,20260508_211709_authorized_keys_W9jmSO,20260508_211655_dirtyfrag_root_authorized_keys_X5ChW3,persistence_auth/authorized_keys,persistence_auth,root_session,write,yes,4,/usr/sbin/sshd,sshd,,/usr/sbin/sshd -D -R,,,,0,0,1001,17380,9653,(none),52,(null),benign,
1778300231,15904,2.357543,attack_window,20260508_211709_authorized_keys_W9jmSO,20260508_211655_dirtyfrag_root_authorized_keys_X5ChW3,persistence_auth/authorized_keys,persistence_auth,root_session,114,yes,0,/usr/sbin/sshd,sshd,,/usr/sbin/sshd -D -R,,,,0,0,1001,17380,9653,(none),52,privilege_transition,benign,
1778300231,15905,2.357543,attack_window,20260508_211709_authorized_keys_W9jmSO,20260508_211655_dirtyfrag_root_authorized_keys_X5ChW3,persistence_auth/authorized_keys,persistence_auth,root_session,113,yes,0,/usr/sbin/sshd,sshd,,/usr/sbin/sshd -D -R,,,,1001,0,1001,17380,9653,(none),52,privilege_transition,benign,
1778300231,15906,2.357543,attack_window,20260508_211709_authorized_keys_W9jmSO,20260508_211655_dirtyfrag_root_authorized_keys_X5ChW3,persistence_auth/authorized_keys,persistence_auth,root_session,113,yes,0,/usr/sbin/sshd,sshd,,/usr/sbin/sshd -D -R,,,,0,0,1001,17380,9653,(none),52,privilege_transition,benign,
1778300231,15907,2.357543,attack_window,20260508_211709_authorized_keys_W9jmSO,20260508_211655_dirtyfrag_root_authorized_keys_X5ChW3,persistence_auth/authorized_keys,persistence_auth,root_session,114,yes,0,/usr/sbin/sshd,sshd,,/usr/sbin/sshd -D -R,,,,0,0,1001,17380,9653,(none),52,privilege_transition,benign,
1778300231,15908,2.357543,attack_window,20260508_211709_authorized_keys_W9jmSO,20260508_211655_dirtyfrag_root_authorized_keys_X5ChW3,persistence_auth/authorized_keys,persistence_auth,root_session,connect,yes,0,/usr/sbin/sshd,sshd,,/usr/sbin/sshd -D -R,/,/dev/log,/dev/log,0,0,1001,17380,9653,(none),52,network_connect,benign,
1778300231,15909,2.357543,attack_window,20260508_211709_authorized_keys_W9jmSO,20260508_211655_dirtyfrag_root_authorized_keys_X5ChW3,persistence_auth/authorized_keys,persistence_auth,root_session,connect,no,-2,/usr/sbin/sshd,sshd,,/usr/sbin/sshd -D -R,/,/run/systemd/userdb/io.systemd.Multiplexer,/run/systemd/userdb/io.systemd.Multiplexer,0,0,1001,17380,9653,(none),52,network_connect,benign,
1778300231,15910,2.357543,attack_window,20260508_211709_authorized_keys_W9jmSO,20260508_211655_dirtyfrag_root_authorized_keys_X5ChW3,persistence_auth/authorized_keys,persistence_auth,root_session,connect,yes,0,/usr/sbin/sshd,sshd,,/usr/sbin/sshd -D -R,/,/run/systemd/userdb/io.systemd.DynamicUser,/run/systemd/userdb/io.systemd.DynamicUser,0,0,1001,17380,9653,(none),52,network_connect,benign,
1778300231,15911,2.358543,attack_window,20260508_211709_authorized_keys_W9jmSO,20260508_211655_dirtyfrag_root_authorized_keys_X5ChW3,persistence_auth/authorized_keys,persistence_auth,root_session,connect,yes,0,/usr/sbin/sshd,sshd,,/usr/sbin/sshd -D -R,/,/run/dbus/system_bus_socket,/run/dbus/system_bus_socket,0,0,1001,17380,9653,(none),52,network_connect,benign,
1778300231,15912,2.368543,attack_window,20260508_211709_authorized_keys_W9jmSO,20260508_211655_dirtyfrag_root_authorized_keys_X5ChW3,persistence_auth/authorized_keys,persistence_auth,root_session,execve,yes,0,/usr/bin/dash,sh,sh -c -- /usr/bin/env -i PATH=/usr/local/sbin:/usr/local/bin:/usr/sbin:/usr/bin:/sbin:/bin run-parts --lsbsysinit /etc/update-motd.d > /run/motd.dynamic.new,sh -c -- /usr/bin/env -i PATH=/usr/local/sbin:/usr/local/bin:/usr/sbin:/usr/bin:/sbin:/bin run-parts --lsbsysinit /etc/update-mo,/,/bin/sh,/bin/sh|/lib64/ld-linux-x86-64.so.2,0,0,1001,17382,17380,(none),52,exec,benign,
1778300231,15913,2.369543,attack_window,20260508_211709_authorized_keys_W9jmSO,20260508_211655_dirtyfrag_root_authorized_keys_X5ChW3,persistence_auth/authorized_keys,persistence_auth,root_session,execve,yes,0,/usr/bin/env,env,/usr/bin/env -i PATH=/usr/local/sbin:/usr/local/bin:/usr/sbin:/usr/bin:/sbin:/bin run-parts --lsbsysinit /etc/update-motd.d,/usr/bin/env -i PATH=/usr/local/sbin:/usr/local/bin:/usr/sbin:/usr/bin:/sbin:/bin run-parts --lsbsysinit /etc/update-motd.d,/,/usr/bin/env,/usr/bin/env|/lib64/ld-linux-x86-64.so.2,0,0,1001,17383,17382,(none),52,exec,benign,
1778300231,15914,2.370543,attack_window,20260508_211709_authorized_keys_W9jmSO,20260508_211655_dirtyfrag_root_authorized_keys_X5ChW3,persistence_auth/authorized_keys,persistence_auth,root_session,execve,no,-2,/usr/bin/env,env,,/usr/bin/env -i PATH=/usr/local/sbin:/usr/local/bin:/usr/sbin:/usr/bin:/sbin:/bin run-parts --lsbsysinit /etc/update-motd.d,/,/usr/local/sbin/run-parts,/usr/local/sbin/run-parts,0,0,1001,17383,17382,(none),52,exec,benign,
1778300231,15915,2.370543,attack_window,20260508_211709_authorized_keys_W9jmSO,20260508_211655_dirtyfrag_root_authorized_keys_X5ChW3,persistence_auth/authorized_keys,persistence_auth,root_session,execve,no,-2,/usr/bin/env,env,,/usr/bin/env -i PATH=/usr/local/sbin:/usr/local/bin:/usr/sbin:/usr/bin:/sbin:/bin run-parts --lsbsysinit /etc/update-motd.d,/,/usr/local/bin/run-parts,/usr/local/bin/run-parts,0,0,1001,17383,17382,(none),52,exec,benign,
1778300231,15916,2.370543,attack_window,20260508_211709_authorized_keys_W9jmSO,20260508_211655_dirtyfrag_root_authorized_keys_X5ChW3,persistence_auth/authorized_keys,persistence_auth,root_session,execve,no,-2,/usr/bin/env,env,,/usr/bin/env -i PATH=/usr/local/sbin:/usr/local/bin:/usr/sbin:/usr/bin:/sbin:/bin run-parts --lsbsysinit /etc/update-motd.d,/,/usr/sbin/run-parts,/usr/sbin/run-parts,0,0,1001,17383,17382,(none),52,exec,benign,
1778300231,15917,2.370543,attack_window,20260508_211709_authorized_keys_W9jmSO,20260508_211655_dirtyfrag_root_authorized_keys_X5ChW3,persistence_auth/authorized_keys,persistence_auth,root_session,execve,yes,0,/usr/bin/run-parts,run-parts,run-parts --lsbsysinit /etc/update-motd.d,/usr/bin/env -i PATH=/usr/local/sbin:/usr/local/bin:/usr/sbin:/usr/bin:/sbin:/bin run-parts --lsbsysinit /etc/update-motd.d,/,/usr/bin/run-parts,/usr/bin/run-parts|/lib64/ld-linux-x86-64.so.2,0,0,1001,17383,17382,(none),52,exec,benign,
1778300231,15918,2.371543,attack_window,20260508_211709_authorized_keys_W9jmSO,20260508_211655_dirtyfrag_root_authorized_keys_X5ChW3,persistence_auth/authorized_keys,persistence_auth,root_session,execve,yes,0,/usr/bin/dash,00-header,/bin/sh /etc/update-motd.d/00-header,/bin/sh /etc/update-motd.d/00-header,/,/etc/update-motd.d/00-header,/etc/update-motd.d/00-header|/bin/sh|/lib64/ld-linux-x86-64.so.2,0,0,1001,17384,17383,(none),52,exec,benign,
1778300231,15919,2.373543,attack_window,20260508_211709_authorized_keys_W9jmSO,20260508_211655_dirtyfrag_root_authorized_keys_X5ChW3,persistence_auth/authorized_keys,persistence_auth,root_session,execve,yes,0,/usr/bin/uname,uname,uname -o,uname -o,/,/usr/bin/uname,/usr/bin/uname|/lib64/ld-linux-x86-64.so.2,0,0,1001,17385,17384,(none),52,exec,benign,
1778300231,15920,2.374543,attack_window,20260508_211709_authorized_keys_W9jmSO,20260508_211655_dirtyfrag_root_authorized_keys_X5ChW3,persistence_auth/authorized_keys,persistence_auth,root_session,execve,yes,0,/usr/bin/uname,uname,uname -r,uname -r,/,/usr/bin/uname,/usr/bin/uname|/lib64/ld-linux-x86-64.so.2,0,0,1001,17386,17384,(none),52,exec,benign,
1778300231,15921,2.375543,attack_window,20260508_211709_authorized_keys_W9jmSO,20260508_211655_dirtyfrag_root_authorized_keys_X5ChW3,persistence_auth/authorized_keys,persistence_auth,root_session,execve,yes,0,/usr/bin/uname,uname,uname -m,uname -m,/,/usr/bin/uname,/usr/bin/uname|/lib64/ld-linux-x86-64.so.2,0,0,1001,17387,17384,(none),52,exec,benign,
1778300231,15922,2.377543,attack_window,20260508_211709_authorized_keys_W9jmSO,20260508_211655_dirtyfrag_root_authorized_keys_X5ChW3,persistence_auth/authorized_keys,persistence_auth,root_session,execve,yes,0,/usr/bin/dash,10-help-text,/bin/sh /etc/update-motd.d/10-help-text,/bin/sh /etc/update-motd.d/10-help-text,/,/etc/update-motd.d/10-help-text,/etc/update-motd.d/10-help-text|/bin/sh|/lib64/ld-linux-x86-64.so.2,0,0,1001,17388,17383,(none),52,exec,benign,
1778300231,15923,2.378543,attack_window,20260508_211709_authorized_keys_W9jmSO,20260508_211655_dirtyfrag_root_authorized_keys_X5ChW3,persistence_auth/authorized_keys,persistence_auth,root_session,execve,yes,0,/usr/bin/dash,50-landscape-sy,/bin/sh /etc/update-motd.d/50-landscape-sysinfo,/bin/sh /etc/update-motd.d/50-landscape-sysinfo,/,/etc/update-motd.d/50-landscape-sysinfo,/etc/update-motd.d/50-landscape-sysinfo|/bin/sh|/lib64/ld-linux-x86-64.so.2,0,0,1001,17389,17383,(none),52,exec,benign,
1778300231,15924,2.379543,attack_window,20260508_211709_authorized_keys_W9jmSO,20260508_211655_dirtyfrag_root_authorized_keys_X5ChW3,persistence_auth/authorized_keys,persistence_auth,root_session,execve,yes,0,/usr/bin/find,find,find /var/lib/landscape/landscape-sysinfo.cache -newermt now-1 minutes,find /var/lib/landscape/landscape-sysinfo.cache -newermt now-1 minutes,/,/usr/bin/find,/usr/bin/find|/lib64/ld-linux-x86-64.so.2,0,0,1001,17390,17389,(none),52,exec,benign,
1778300231,15925,2.380543,attack_window,20260508_211709_authorized_keys_W9jmSO,20260508_211655_dirtyfrag_root_authorized_keys_X5ChW3,persistence_auth/authorized_keys,persistence_auth,root_session,execve,yes,0,/usr/bin/cat,cat,cat /var/lib/landscape/landscape-sysinfo.cache,cat /var/lib/landscape/landscape-sysinfo.cache,/,/usr/bin/cat,/usr/bin/cat|/lib64/ld-linux-x86-64.so.2,0,0,1001,17391,17389,(none),52,exec,benign,
1778300231,15926,2.381543,attack_window,20260508_211709_authorized_keys_W9jmSO,20260508_211655_dirtyfrag_root_authorized_keys_X5ChW3,persistence_auth/authorized_keys,persistence_auth,root_session,execve,yes,0,/usr/bin/dash,50-motd-news,/bin/sh /etc/update-motd.d/50-motd-news,/bin/sh /etc/update-motd.d/50-motd-news,/,/etc/update-motd.d/50-motd-news,/etc/update-motd.d/50-motd-news|/bin/sh|/lib64/ld-linux-x86-64.so.2,0,0,1001,17392,17383,(none),52,exec,benign,
1778300231,15927,2.382543,attack_window,20260508_211709_authorized_keys_W9jmSO,20260508_211655_dirtyfrag_root_authorized_keys_X5ChW3,persistence_auth/authorized_keys,persistence_auth,root_session,execve,yes,0,/usr/bin/cat,cat,cat /var/cache/motd-news,cat /var/cache/motd-news,/,/usr/bin/cat,/usr/bin/cat|/lib64/ld-linux-x86-64.so.2,0,0,1001,17393,17392,(none),52,exec,benign,
1778300231,15928,2.382543,attack_window,20260508_211709_authorized_keys_W9jmSO,20260508_211655_dirtyfrag_root_authorized_keys_X5ChW3,persistence_auth/authorized_keys,persistence_auth,root_session,execve,yes,0,/usr/bin/tr,tr,tr -d \000-\011\013\014\016-\037,tr -d \000-\011\013\014\016-\037,/,/usr/bin/tr,/usr/bin/tr|/lib64/ld-linux-x86-64.so.2,0,0,1001,17395,17392,(none),52,exec,benign,
1778300231,15929,2.382543,attack_window,20260508_211709_authorized_keys_W9jmSO,20260508_211655_dirtyfrag_root_authorized_keys_X5ChW3,persistence_auth/authorized_keys,persistence_auth,root_session,execve,yes,0,/usr/bin/head,head,head -n 10,head -n 10,/,/usr/bin/head,/usr/bin/head|/lib64/ld-linux-x86-64.so.2,0,0,1001,17394,17392,(none),52,exec,benign,
1778300231,15930,2.384543,attack_window,20260508_211709_authorized_keys_W9jmSO,20260508_211655_dirtyfrag_root_authorized_keys_X5ChW3,persistence_auth/authorized_keys,persistence_auth,root_session,execve,yes,0,/usr/bin/cut,cut,cut -c -80,cut -c -80,/,/usr/bin/cut,/usr/bin/cut|/lib64/ld-linux-x86-64.so.2,0,0,1001,17396,17392,(none),52,exec,benign,
1778300231,15931,2.385543,attack_window,20260508_211709_authorized_keys_W9jmSO,20260508_211655_dirtyfrag_root_authorized_keys_X5ChW3,persistence_auth/authorized_keys,persistence_auth,root_session,execve,yes,0,/usr/bin/dash,85-fwupd,/bin/sh /etc/update-motd.d/85-fwupd,/bin/sh /etc/update-motd.d/85-fwupd,/,/etc/update-motd.d/85-fwupd,/etc/update-motd.d/85-fwupd|/bin/sh|/lib64/ld-linux-x86-64.so.2,0,0,1001,17397,17383,(none),52,exec,benign,
1778300231,15932,2.386543,attack_window,20260508_211709_authorized_keys_W9jmSO,20260508_211655_dirtyfrag_root_authorized_keys_X5ChW3,persistence_auth/authorized_keys,persistence_auth,root_session,execve,yes,0,/usr/bin/cat,cat,cat /run/motd.d/85-fwupd,cat /run/motd.d/85-fwupd,/,/usr/bin/cat,/usr/bin/cat|/lib64/ld-linux-x86-64.so.2,0,0,1001,17398,17397,(none),52,exec,benign,
1778300231,15933,2.387543,attack_window,20260508_211709_authorized_keys_W9jmSO,20260508_211655_dirtyfrag_root_authorized_keys_X5ChW3,persistence_auth/authorized_keys,persistence_auth,root_session,execve,yes,0,/usr/bin/dash,90-updates-avai,/bin/sh /etc/update-motd.d/90-updates-available,/bin/sh /etc/update-motd.d/90-updates-available,/,/etc/update-motd.d/90-updates-available,/etc/update-motd.d/90-updates-available|/bin/sh|/lib64/ld-linux-x86-64.so.2,0,0,1001,17399,17383,(none),52,exec,benign,
1778300231,15934,2.388543,attack_window,20260508_211709_authorized_keys_W9jmSO,20260508_211655_dirtyfrag_root_authorized_keys_X5ChW3,persistence_auth/authorized_keys,persistence_auth,root_session,execve,yes,0,/usr/bin/cat,cat,cat /var/lib/update-notifier/updates-available,cat /var/lib/update-notifier/updates-available,/,/usr/bin/cat,/usr/bin/cat|/lib64/ld-linux-x86-64.so.2,0,0,1001,17400,17399,(none),52,exec,benign,
1778300231,15935,2.389543,attack_window,20260508_211709_authorized_keys_W9jmSO,20260508_211655_dirtyfrag_root_authorized_keys_X5ChW3,persistence_auth/authorized_keys,persistence_auth,root_session,execve,yes,0,/usr/bin/find,find,find /var/lib/update-notifier/updates-available -newermt now-7 days,find /var/lib/update-notifier/updates-available -newermt now-7 days,/,/usr/bin/find,/usr/bin/find|/lib64/ld-linux-x86-64.so.2,0,0,1001,17401,17399,(none),52,exec,benign,
1778300231,15936,2.389543,attack_window,20260508_211709_authorized_keys_W9jmSO,20260508_211655_dirtyfrag_root_authorized_keys_X5ChW3,persistence_auth/authorized_keys,persistence_auth,root_session,execve,yes,0,/usr/bin/grep,grep,grep -q -m 1 .,grep -q -m 1 .,/,/usr/bin/grep,/usr/bin/grep|/lib64/ld-linux-x86-64.so.2,0,0,1001,17402,17399,(none),52,exec,benign,
1778300231,15937,2.391543,attack_window,20260508_211709_authorized_keys_W9jmSO,20260508_211655_dirtyfrag_root_authorized_keys_X5ChW3,persistence_auth/authorized_keys,persistence_auth,root_session,execve,yes,0,/usr/bin/dash,91-contract-ua-,/bin/sh /etc/update-motd.d/91-contract-ua-esm-status,/bin/sh /etc/update-motd.d/91-contract-ua-esm-status,/,/etc/update-motd.d/91-contract-ua-esm-status,/etc/update-motd.d/91-contract-ua-esm-status|/bin/sh|/lib64/ld-linux-x86-64.so.2,0,0,1001,17403,17383,(none),52,exec,benign,
1778300231,15938,2.392543,attack_window,20260508_211709_authorized_keys_W9jmSO,20260508_211655_dirtyfrag_root_authorized_keys_X5ChW3,persistence_auth/authorized_keys,persistence_auth,root_session,execve,yes,0,/usr/bin/dash,91-release-upgr,/bin/sh /etc/update-motd.d/91-release-upgrade,/bin/sh /etc/update-motd.d/91-release-upgrade,/,/etc/update-motd.d/91-release-upgrade,/etc/update-motd.d/91-release-upgrade|/bin/sh|/lib64/ld-linux-x86-64.so.2,0,0,1001,17404,17383,(none),52,exec,benign,
1778300231,15939,2.394543,attack_window,20260508_211709_authorized_keys_W9jmSO,20260508_211655_dirtyfrag_root_authorized_keys_X5ChW3,persistence_auth/authorized_keys,persistence_auth,root_session,execve,yes,0,/usr/bin/cut,cut,cut -d -f4,cut -d -f4,/,/usr/bin/cut,/usr/bin/cut|/lib64/ld-linux-x86-64.so.2,0,0,1001,17407,17405,(none),52,exec,benign,
1778300231,15940,2.395543,attack_window,20260508_211709_authorized_keys_W9jmSO,20260508_211655_dirtyfrag_root_authorized_keys_X5ChW3,persistence_auth/authorized_keys,persistence_auth,root_session,execve,yes,0,/usr/bin/id,id,id -u,id -u,/,/usr/bin/id,/usr/bin/id|/lib64/ld-linux-x86-64.so.2,0,0,1001,17408,17404,(none),52,exec,benign,
1778300231,15941,2.396543,attack_window,20260508_211709_authorized_keys_W9jmSO,20260508_211655_dirtyfrag_root_authorized_keys_X5ChW3,persistence_auth/authorized_keys,persistence_auth,root_session,execve,yes,0,/usr/bin/dash,release-upgrade,/bin/sh -e /usr/lib/ubuntu-release-upgrader/release-upgrade-motd,/bin/sh /etc/update-motd.d/91-release-upgrade,/,/usr/lib/ubuntu-release-upgrader/release-upgrade-motd,/usr/lib/ubuntu-release-upgrader/release-upgrade-motd|/bin/sh|/lib64/ld-linux-x86-64.so.2,0,0,1001,17404,17383,(none),52,exec,benign,
1778300231,15942,2.397543,attack_window,20260508_211709_authorized_keys_W9jmSO,20260508_211655_dirtyfrag_root_authorized_keys_X5ChW3,persistence_auth/authorized_keys,persistence_auth,root_session,execve,yes,0,/usr/bin/date,date,date +%s,date +%s,/,/usr/bin/date,/usr/bin/date|/lib64/ld-linux-x86-64.so.2,0,0,1001,17409,17404,(none),52,exec,benign,
1778300231,15943,2.398543,attack_window,20260508_211709_authorized_keys_W9jmSO,20260508_211655_dirtyfrag_root_authorized_keys_X5ChW3,persistence_auth/authorized_keys,persistence_auth,root_session,execve,yes,0,/usr/bin/stat,stat,stat -c %Y /var/lib/ubuntu-release-upgrader/release-upgrade-available,stat -c %Y /var/lib/ubuntu-release-upgrader/release-upgrade-available,/,/usr/bin/stat,/usr/bin/stat|/lib64/ld-linux-x86-64.so.2,0,0,1001,17410,17404,(none),52,exec,benign,
1778300231,15944,2.400543,attack_window,20260508_211709_authorized_keys_W9jmSO,20260508_211655_dirtyfrag_root_authorized_keys_X5ChW3,persistence_auth/authorized_keys,persistence_auth,root_session,execve,yes,0,/usr/bin/expr,expr,expr 1778282941 + 86400,expr 1778282941 + 86400,/,/usr/bin/expr,/usr/bin/expr|/lib64/ld-linux-x86-64.so.2,0,0,1001,17411,17404,(none),52,exec,benign,
1778300231,15945,2.401543,attack_window,20260508_211709_authorized_keys_W9jmSO,20260508_211655_dirtyfrag_root_authorized_keys_X5ChW3,persistence_auth/authorized_keys,persistence_auth,root_session,execve,yes,0,/usr/bin/dash,92-unattended-u,/bin/sh /etc/update-motd.d/92-unattended-upgrades,/bin/sh /etc/update-motd.d/92-unattended-upgrades,/,/etc/update-motd.d/92-unattended-upgrades,/etc/update-motd.d/92-unattended-upgrades|/bin/sh|/lib64/ld-linux-x86-64.so.2,0,0,1001,17412,17383,(none),52,exec,benign,
1778300231,15946,2.401543,attack_window,20260508_211709_authorized_keys_W9jmSO,20260508_211655_dirtyfrag_root_authorized_keys_X5ChW3,persistence_auth/authorized_keys,persistence_auth,root_session,execve,yes,0,/usr/bin/dash,update-motd-una,/bin/sh /usr/share/unattended-upgrades/update-motd-unattended-upgrades,/bin/sh /etc/update-motd.d/92-unattended-upgrades,/,/usr/share/unattended-upgrades/update-motd-unattended-upgrades,/usr/share/unattended-upgrades/update-motd-unattended-upgrades|/bin/sh|/lib64/ld-linux-x86-64.so.2,0,0,1001,17412,17383,(none),52,exec,benign,
1778300231,15947,2.404543,attack_window,20260508_211709_authorized_keys_W9jmSO,20260508_211655_dirtyfrag_root_authorized_keys_X5ChW3,persistence_auth/authorized_keys,persistence_auth,root_session,execve,yes,0,/usr/bin/dash,95-hwe-eol,/bin/sh /etc/update-motd.d/95-hwe-eol,/bin/sh /etc/update-motd.d/95-hwe-eol,/,/etc/update-motd.d/95-hwe-eol,/etc/update-motd.d/95-hwe-eol|/bin/sh|/lib64/ld-linux-x86-64.so.2,0,0,1001,17413,17383,(none),52,exec,benign,
1778300231,15948,2.404543,attack_window,20260508_211709_authorized_keys_W9jmSO,20260508_211655_dirtyfrag_root_authorized_keys_X5ChW3,persistence_auth/authorized_keys,persistence_auth,root_session,execve,yes,0,/usr/bin/find,find,find /var/lib/update-notifier/hwe-eol -newermt now-1 days,find /var/lib/update-notifier/hwe-eol -newermt now-1 days,/,/usr/bin/find,/usr/bin/find|/lib64/ld-linux-x86-64.so.2,0,0,1001,17414,17413,(none),52,exec,benign,
1778300231,15949,2.405543,attack_window,20260508_211709_authorized_keys_W9jmSO,20260508_211655_dirtyfrag_root_authorized_keys_X5ChW3,persistence_auth/authorized_keys,persistence_auth,root_session,execve,yes,0,/usr/bin/dash,97-overlayroot,/bin/sh /etc/update-motd.d/97-overlayroot,/bin/sh /etc/update-motd.d/97-overlayroot,/,/etc/update-motd.d/97-overlayroot,/etc/update-motd.d/97-overlayroot|/bin/sh|/lib64/ld-linux-x86-64.so.2,0,0,1001,17415,17383,(none),52,exec,benign,
1778300231,15950,2.406543,attack_window,20260508_211709_authorized_keys_W9jmSO,20260508_211655_dirtyfrag_root_authorized_keys_X5ChW3,persistence_auth/authorized_keys,persistence_auth,root_session,execve,yes,0,/usr/bin/dash,egrep,/bin/sh /usr/bin/egrep overlayroot|/media/root-ro|/media/root-rw /proc/mounts,/bin/sh /usr/bin/egrep overlayroot|/media/root-ro|/media/root-rw /proc/mounts,/,/usr/bin/egrep,/usr/bin/egrep|/bin/sh|/lib64/ld-linux-x86-64.so.2,0,0,1001,17417,17416,(none),52,exec,benign,
1778300231,15951,2.406543,attack_window,20260508_211709_authorized_keys_W9jmSO,20260508_211655_dirtyfrag_root_authorized_keys_X5ChW3,persistence_auth/authorized_keys,persistence_auth,root_session,execve,yes,0,/usr/bin/sort,sort,sort -r,sort -r,/,/usr/bin/sort,/usr/bin/sort|/lib64/ld-linux-x86-64.so.2,0,0,1001,17418,17416,(none),52,exec,benign,
1778300231,15952,2.407543,attack_window,20260508_211709_authorized_keys_W9jmSO,20260508_211655_dirtyfrag_root_authorized_keys_X5ChW3,persistence_auth/authorized_keys,persistence_auth,root_session,execve,no,-2,/usr/bin/dash,egrep,,/bin/sh /usr/bin/egrep overlayroot|/media/root-ro|/media/root-rw /proc/mounts,/,/usr/local/sbin/grep,/usr/local/sbin/grep,0,0,1001,17417,17416,(none),52,exec,benign,
1778300231,15953,2.407543,attack_window,20260508_211709_authorized_keys_W9jmSO,20260508_211655_dirtyfrag_root_authorized_keys_X5ChW3,persistence_auth/authorized_keys,persistence_auth,root_session,execve,no,-2,/usr/bin/dash,egrep,,/bin/sh /usr/bin/egrep overlayroot|/media/root-ro|/media/root-rw /proc/mounts,/,/usr/local/bin/grep,/usr/local/bin/grep,0,0,1001,17417,17416,(none),52,exec,benign,
1778300231,15954,2.407543,attack_window,20260508_211709_authorized_keys_W9jmSO,20260508_211655_dirtyfrag_root_authorized_keys_X5ChW3,persistence_auth/authorized_keys,persistence_auth,root_session,execve,no,-2,/usr/bin/dash,egrep,,/bin/sh /usr/bin/egrep overlayroot|/media/root-ro|/media/root-rw /proc/mounts,/,/usr/sbin/grep,/usr/sbin/grep,0,0,1001,17417,17416,(none),52,exec,benign,
1778300231,15955,2.407543,attack_window,20260508_211709_authorized_keys_W9jmSO,20260508_211655_dirtyfrag_root_authorized_keys_X5ChW3,persistence_auth/authorized_keys,persistence_auth,root_session,execve,yes,0,/usr/bin/grep,grep,grep -E overlayroot|/media/root-ro|/media/root-rw /proc/mounts,/bin/sh /usr/bin/egrep overlayroot|/media/root-ro|/media/root-rw /proc/mounts,/,/usr/bin/grep,/usr/bin/grep|/lib64/ld-linux-x86-64.so.2,0,0,1001,17417,17416,(none),52,exec,benign,
1778300231,15956,2.409543,attack_window,20260508_211709_authorized_keys_W9jmSO,20260508_211655_dirtyfrag_root_authorized_keys_X5ChW3,persistence_auth/authorized_keys,persistence_auth,root_session,execve,yes,0,/usr/bin/dash,98-fsck-at-rebo,/bin/sh /etc/update-motd.d/98-fsck-at-reboot,/bin/sh /etc/update-motd.d/98-fsck-at-reboot,/,/etc/update-motd.d/98-fsck-at-reboot,/etc/update-motd.d/98-fsck-at-reboot|/bin/sh|/lib64/ld-linux-x86-64.so.2,0,0,1001,17419,17383,(none),52,exec,benign,
1778300231,15957,2.410543,attack_window,20260508_211709_authorized_keys_W9jmSO,20260508_211655_dirtyfrag_root_authorized_keys_X5ChW3,persistence_auth/authorized_keys,persistence_auth,root_session,execve,yes,0,/usr/bin/dash,update-motd-fsc,/bin/sh /usr/lib/update-notifier/update-motd-fsck-at-reboot,/bin/sh /etc/update-motd.d/98-fsck-at-reboot,/,/usr/lib/update-notifier/update-motd-fsck-at-reboot,/usr/lib/update-notifier/update-motd-fsck-at-reboot|/bin/sh|/lib64/ld-linux-x86-64.so.2,0,0,1001,17419,17383,(none),52,exec,benign,
1778300231,15958,2.411543,attack_window,20260508_211709_authorized_keys_W9jmSO,20260508_211655_dirtyfrag_root_authorized_keys_X5ChW3,persistence_auth/authorized_keys,persistence_auth,root_session,execve,yes,0,/usr/bin/id,id,id -u,id -u,/,/usr/bin/id,/usr/bin/id|/lib64/ld-linux-x86-64.so.2,0,0,1001,17420,17419,(none),52,exec,benign,
1778300231,15959,2.412543,attack_window,20260508_211709_authorized_keys_W9jmSO,20260508_211655_dirtyfrag_root_authorized_keys_X5ChW3,persistence_auth/authorized_keys,persistence_auth,root_session,execve,yes,0,/usr/bin/stat,stat,stat -c %Y /var/lib/update-notifier/fsck-at-reboot,stat -c %Y /var/lib/update-notifier/fsck-at-reboot,/,/usr/bin/stat,/usr/bin/stat|/lib64/ld-linux-x86-64.so.2,0,0,1001,17421,17419,(none),52,exec,benign,
1778300231,15960,2.413543,attack_window,20260508_211709_authorized_keys_W9jmSO,20260508_211655_dirtyfrag_root_authorized_keys_X5ChW3,persistence_auth/authorized_keys,persistence_auth,root_session,execve,yes,0,/usr/bin/gawk,awk,awk {print $1} /proc/uptime,awk {print $1} /proc/uptime,/,/usr/bin/awk,/usr/bin/awk|/lib64/ld-linux-x86-64.so.2,0,0,1001,17423,17422,(none),52,exec,benign,
1778300231,15961,2.414543,attack_window,20260508_211709_authorized_keys_W9jmSO,20260508_211655_dirtyfrag_root_authorized_keys_X5ChW3,persistence_auth/authorized_keys,persistence_auth,root_session,execve,yes,0,/usr/bin/date,date,date -d now - 2476.97 seconds +%s,date -d now - 2476.97 seconds +%s,/,/usr/bin/date,/usr/bin/date|/lib64/ld-linux-x86-64.so.2,0,0,1001,17422,17419,(none),52,exec,benign,
1778300231,15962,2.416543,attack_window,20260508_211709_authorized_keys_W9jmSO,20260508_211655_dirtyfrag_root_authorized_keys_X5ChW3,persistence_auth/authorized_keys,persistence_auth,root_session,execve,yes,0,/usr/bin/date,date,date +%s,date +%s,/,/usr/bin/date,/usr/bin/date|/lib64/ld-linux-x86-64.so.2,0,0,1001,17424,17419,(none),52,exec,benign,
1778300231,15963,2.416543,attack_window,20260508_211709_authorized_keys_W9jmSO,20260508_211655_dirtyfrag_root_authorized_keys_X5ChW3,persistence_auth/authorized_keys,persistence_auth,root_session,execve,yes,0,/usr/bin/cat,cat,cat /var/lib/update-notifier/fsck-at-reboot,cat /var/lib/update-notifier/fsck-at-reboot,/,/usr/bin/cat,/usr/bin/cat|/lib64/ld-linux-x86-64.so.2,0,0,1001,17425,17419,(none),52,exec,benign,
1778300231,15964,2.418543,attack_window,20260508_211709_authorized_keys_W9jmSO,20260508_211655_dirtyfrag_root_authorized_keys_X5ChW3,persistence_auth/authorized_keys,persistence_auth,root_session,execve,yes,0,/usr/bin/dash,98-reboot-requi,/bin/sh /etc/update-motd.d/98-reboot-required,/bin/sh /etc/update-motd.d/98-reboot-required,/,/etc/update-motd.d/98-reboot-required,/etc/update-motd.d/98-reboot-required|/bin/sh|/lib64/ld-linux-x86-64.so.2,0,0,1001,17426,17383,(none),52,exec,benign,
1778300231,15965,2.419543,attack_window,20260508_211709_authorized_keys_W9jmSO,20260508_211655_dirtyfrag_root_authorized_keys_X5ChW3,persistence_auth/authorized_keys,persistence_auth,root_session,execve,yes,0,/usr/bin/dash,update-motd-reb,/bin/sh -e /usr/lib/update-notifier/update-motd-reboot-required,/bin/sh /etc/update-motd.d/98-reboot-required,/,/usr/lib/update-notifier/update-motd-reboot-required,/usr/lib/update-notifier/update-motd-reboot-required|/bin/sh|/lib64/ld-linux-x86-64.so.2,0,0,1001,17426,17383,(none),52,exec,benign,
1778300231,15966,2.420543,attack_window,20260508_211709_authorized_keys_W9jmSO,20260508_211655_dirtyfrag_root_authorized_keys_X5ChW3,persistence_auth/authorized_keys,persistence_auth,root_session,rename,yes,0,/usr/sbin/sshd,sshd,,/usr/sbin/sshd -D -R,/,/run/,/run/|/run/motd.dynamic.new|/run/motd.dynamic,0,0,1001,17380,9653,(none),52,file_destroy,benign,
1778300231,15967,2.420543,attack_window,20260508_211709_authorized_keys_W9jmSO,20260508_211655_dirtyfrag_root_authorized_keys_X5ChW3,persistence_auth/authorized_keys,persistence_auth,root_session,connect,yes,0,/usr/sbin/sshd,sshd,,/usr/sbin/sshd -D -R,/,/run/systemd/userdb/io.systemd.DynamicUser,/run/systemd/userdb/io.systemd.DynamicUser,0,0,1001,17380,9653,(none),52,network_connect,benign,
1778300231,15968,2.420543,attack_window,20260508_211709_authorized_keys_W9jmSO,20260508_211655_dirtyfrag_root_authorized_keys_X5ChW3,persistence_auth/authorized_keys,persistence_auth,root_session,connect,yes,0,/usr/sbin/sshd,sshd,,/usr/sbin/sshd -D -R,/,/run/systemd/userdb/io.systemd.DynamicUser,/run/systemd/userdb/io.systemd.DynamicUser,0,0,1001,17380,9653,(none),52,network_connect,benign,
1778300231,15969,2.420543,attack_window,20260508_211709_authorized_keys_W9jmSO,20260508_211655_dirtyfrag_root_authorized_keys_X5ChW3,persistence_auth/authorized_keys,persistence_auth,root_session,connect,yes,0,/usr/sbin/sshd,sshd,,/usr/sbin/sshd -D -R,/,/run/systemd/userdb/io.systemd.DynamicUser,/run/systemd/userdb/io.systemd.DynamicUser,0,0,1001,17380,9653,(none),52,network_connect,benign,
1778300231,15970,2.421543,attack_window,20260508_211709_authorized_keys_W9jmSO,20260508_211655_dirtyfrag_root_authorized_keys_X5ChW3,persistence_auth/authorized_keys,persistence_auth,root_session,connect,yes,0,/usr/sbin/sshd,sshd,,/usr/sbin/sshd -D -R,/,/run/systemd/userdb/io.systemd.DynamicUser,/run/systemd/userdb/io.systemd.DynamicUser,0,0,1001,17380,9653,(none),52,network_connect,benign,
1778300231,15971,2.421543,attack_window,20260508_211709_authorized_keys_W9jmSO,20260508_211655_dirtyfrag_root_authorized_keys_X5ChW3,persistence_auth/authorized_keys,persistence_auth,root_session,connect,yes,0,/usr/sbin/sshd,sshd,,/usr/sbin/sshd -D -R,/,/run/systemd/userdb/io.systemd.DynamicUser,/run/systemd/userdb/io.systemd.DynamicUser,0,0,1001,17380,9653,(none),52,network_connect,benign,
1778300231,15972,2.421543,attack_window,20260508_211709_authorized_keys_W9jmSO,20260508_211655_dirtyfrag_root_authorized_keys_X5ChW3,persistence_auth/authorized_keys,persistence_auth,root_session,,,,,,,,,,,,,,,,,,,ambiguous,
1778300231,15973,2.422543,attack_window,20260508_211709_authorized_keys_W9jmSO,20260508_211655_dirtyfrag_root_authorized_keys_X5ChW3,persistence_auth/authorized_keys,persistence_auth,root_session,setgid,yes,0,/usr/sbin/sshd,sshd,,sshd: deploy-rkejw [priv],,,,0,0,1001,17427,17380,(none),52,privilege_transition,benign,
1778300231,15974,2.422543,attack_window,20260508_211709_authorized_keys_W9jmSO,20260508_211655_dirtyfrag_root_authorized_keys_X5ChW3,persistence_auth/authorized_keys,persistence_auth,root_session,connect,yes,0,/usr/sbin/sshd,sshd,,sshd: deploy-rkejw [priv],/,/run/systemd/userdb/io.systemd.DynamicUser,/run/systemd/userdb/io.systemd.DynamicUser,0,0,1001,17427,17380,(none),52,network_connect,benign,
1778300231,15975,2.423543,attack_window,20260508_211709_authorized_keys_W9jmSO,20260508_211655_dirtyfrag_root_authorized_keys_X5ChW3,persistence_auth/authorized_keys,persistence_auth,root_session,connect,yes,0,/usr/sbin/sshd,sshd,,sshd: deploy-rkejw [priv],/,/run/systemd/userdb/io.systemd.DynamicUser,/run/systemd/userdb/io.systemd.DynamicUser,0,0,1001,17427,17380,(none),52,network_connect,benign,
1778300231,15976,2.423543,attack_window,20260508_211709_authorized_keys_W9jmSO,20260508_211655_dirtyfrag_root_authorized_keys_X5ChW3,persistence_auth/authorized_keys,persistence_auth,root_session,126,yes,0,/usr/sbin/sshd,sshd,,sshd: deploy-rkejw [priv],,,,0,0,1001,17427,17380,(none),52,privilege_transition,benign,
1778300231,15977,2.423543,attack_window,20260508_211709_authorized_keys_W9jmSO,20260508_211655_dirtyfrag_root_authorized_keys_X5ChW3,persistence_auth/authorized_keys,persistence_auth,root_session,,,,,,,,,,,,,,,,,,,ambiguous,
1778300231,15978,2.423543,attack_window,20260508_211709_authorized_keys_W9jmSO,20260508_211655_dirtyfrag_root_authorized_keys_X5ChW3,persistence_auth/authorized_keys,persistence_auth,root_session,setresgid,yes,0,/usr/sbin/sshd,sshd,,sshd: deploy-rkejw [priv],,,,0,0,1001,17427,17380,(none),52,privilege_transition,benign,
1778300231,15979,2.423543,attack_window,20260508_211709_authorized_keys_W9jmSO,20260508_211655_dirtyfrag_root_authorized_keys_X5ChW3,persistence_auth/authorized_keys,persistence_auth,root_session,setresuid,yes,0,/usr/sbin/sshd,sshd,,sshd: deploy-rkejw [priv],,,,1001,1001,1001,17427,17380,(none),52,privilege_transition,benign,
1778300231,15980,2.423543,attack_window,20260508_211709_authorized_keys_W9jmSO,20260508_211655_dirtyfrag_root_authorized_keys_X5ChW3,persistence_auth/authorized_keys,persistence_auth,root_session,setuid,no,-1,/usr/sbin/sshd,sshd,,sshd: deploy-rkejw [priv],,,,1001,1001,1001,17427,17380,(none),52,privilege_transition,benign,
1778300231,15981,2.423543,attack_window,20260508_211709_authorized_keys_W9jmSO,20260508_211655_dirtyfrag_root_authorized_keys_X5ChW3,persistence_auth/authorized_keys,persistence_auth,root_session,setresuid,no,-1,/usr/sbin/sshd,sshd,,sshd: deploy-rkejw [priv],,,,1001,1001,1001,17427,17380,(none),52,privilege_transition,benign,
1778300231,15982,2.468543,attack_window,20260508_211709_authorized_keys_W9jmSO,20260508_211655_dirtyfrag_root_authorized_keys_X5ChW3,persistence_auth/authorized_keys,persistence_auth,root_session,execve,yes,0,/usr/bin/bash,bash,bash -c cat > /tmp/.cache/aegis_dirtyfrag_20260508_211658_root_dirtyfrag_t1hRDK/root_shell.in,bash -c cat > /tmp/.cache/aegis_dirtyfrag_20260508_211658_root_dirtyfrag_t1hRDK/root_shell.in,/home/deploy-rkejw,/bin/bash,/bin/bash|/lib64/ld-linux-x86-64.so.2,1001,1001,1001,17428,17427,(none),52,shell_exec,benign,
1778300231,15983,2.470543,attack_window,20260508_211709_authorized_keys_W9jmSO,20260508_211655_dirtyfrag_root_authorized_keys_X5ChW3,persistence_auth/authorized_keys,persistence_auth,root_session,openat,yes,3,/usr/bin/bash,bash,,bash -c cat > /tmp/.cache/aegis_dirtyfrag_20260508_211658_root_dirtyfrag_t1hRDK/root_shell.in,/home/deploy-rkejw,/tmp/.cache/aegis_dirtyfrag_20260508_211658_root_dirtyfrag_t1hRDK/,/tmp/.cache/aegis_dirtyfrag_20260508_211658_root_dirtyfrag_t1hRDK/|/tmp/.cache/aegis_dirtyfrag_20260508_211658_root_dirtyfrag_t1hRDK/root_shell.in,1001,1001,1001,17429,17428,(none),52,tmp_activity,benign,
1778300231,15984,2.470543,attack_window,20260508_211709_authorized_keys_W9jmSO,20260508_211655_dirtyfrag_root_authorized_keys_X5ChW3,persistence_auth/authorized_keys,persistence_auth,root_session,execve,yes,0,/usr/bin/cat,cat,cat,bash -c cat > /tmp/.cache/aegis_dirtyfrag_20260508_211658_root_dirtyfrag_t1hRDK/root_shell.in,/home/deploy-rkejw,/usr/bin/cat,/usr/bin/cat|/lib64/ld-linux-x86-64.so.2,1001,1001,1001,17429,17428,(none),52,exec,benign,
1778300231,15985,2.471543,attack_window,20260508_211709_authorized_keys_W9jmSO,20260508_211655_dirtyfrag_root_authorized_keys_X5ChW3,persistence_auth/authorized_keys,persistence_auth,root_session,execve,yes,0,/usr/bin/rm,rm,rm -rf -- /tmp/.config/aegis_20260508_211709_authorized_keys_W9jmSO,rm -rf -- /tmp/.config/aegis_20260508_211709_authorized_keys_W9jmSO,/root,/usr/bin/rm,/usr/bin/rm|/lib64/ld-linux-x86-64.so.2,0,0,1001,17430,16574,pts7,36,exec,benign,
1778300231,15986,2.472543,attack_window,20260508_211709_authorized_keys_W9jmSO,20260508_211655_dirtyfrag_root_authorized_keys_X5ChW3,persistence_auth/authorized_keys,persistence_auth,root_session,unlinkat,yes,0,/usr/bin/rm,rm,,rm -rf -- /tmp/.config/aegis_20260508_211709_authorized_keys_W9jmSO,/root,/root,/root|metadata.json,0,0,1001,17430,16574,pts7,36,tmp_activity,benign,
1778300231,15987,2.472543,attack_window,20260508_211709_authorized_keys_W9jmSO,20260508_211655_dirtyfrag_root_authorized_keys_X5ChW3,persistence_auth/authorized_keys,persistence_auth,root_session,unlinkat,yes,0,/usr/bin/rm,rm,,rm -rf -- /tmp/.config/aegis_20260508_211709_authorized_keys_W9jmSO,/root,/root,/root|metadata.txt,0,0,1001,17430,16574,pts7,36,tmp_activity,benign,
1778300231,15988,2.472543,attack_window,20260508_211709_authorized_keys_W9jmSO,20260508_211655_dirtyfrag_root_authorized_keys_X5ChW3,persistence_auth/authorized_keys,persistence_auth,root_session,unlinkat,yes,0,/usr/bin/rm,rm,,rm -rf -- /tmp/.config/aegis_20260508_211709_authorized_keys_W9jmSO,/root,/tmp/.config/,/tmp/.config/|/tmp/.config/aegis_20260508_211709_authorized_keys_W9jmSO,0,0,1001,17430,16574,pts7,36,tmp_activity,benign,
1778300231,15989,2.473543,attack_window,20260508_211709_authorized_keys_W9jmSO,20260508_211655_dirtyfrag_root_authorized_keys_X5ChW3,persistence_auth/authorized_keys,persistence_auth,root_session,connect,yes,0,/usr/sbin/sshd,sshd,,sshd: deploy-rkejw [priv],/,/dev/log,/dev/log,1001,1001,1001,17427,17380,(none),52,network_connect,benign,
1778300231,15990,2.473543,attack_window,20260508_211709_authorized_keys_W9jmSO,20260508_211655_dirtyfrag_root_authorized_keys_X5ChW3,persistence_auth/authorized_keys,persistence_auth,root_session,114,yes,0,/usr/sbin/sshd,sshd,,/usr/sbin/sshd -D -R,,,,0,0,1001,17380,9653,(none),52,privilege_transition,benign,
1778300231,15991,2.473543,attack_window,20260508_211709_authorized_keys_W9jmSO,20260508_211655_dirtyfrag_root_authorized_keys_X5ChW3,persistence_auth/authorized_keys,persistence_auth,root_session,setresuid,yes,0,/usr/sbin/sshd,sshd,,/usr/sbin/sshd -D -R,,,,0,1001,1001,17380,9653,(none),52,privilege_transition,benign,
1778300231,15992,2.473543,attack_window,20260508_211709_authorized_keys_W9jmSO,20260508_211655_dirtyfrag_root_authorized_keys_X5ChW3,persistence_auth/authorized_keys,persistence_auth,root_session,113,yes,0,/usr/sbin/sshd,sshd,,/usr/sbin/sshd -D -R,,,,0,0,1001,17380,9653,(none),52,privilege_transition,benign,
1778300231,15993,2.473543,attack_window,20260508_211709_authorized_keys_W9jmSO,20260508_211655_dirtyfrag_root_authorized_keys_X5ChW3,persistence_auth/authorized_keys,persistence_auth,root_session,114,yes,0,/usr/sbin/sshd,sshd,,/usr/sbin/sshd -D -R,,,,0,0,1001,17380,9653,(none),52,privilege_transition,benign,
1778300231,15994,2.473543,attack_window,20260508_211709_authorized_keys_W9jmSO,20260508_211655_dirtyfrag_root_authorized_keys_X5ChW3,persistence_auth/authorized_keys,persistence_auth,root_session,connect,yes,0,/usr/sbin/sshd,sshd,,/usr/sbin/sshd -D -R,/,/run/dbus/system_bus_socket,/run/dbus/system_bus_socket,0,0,1001,17380,9653,(none),52,network_connect,benign,
1778300231,15995,2.475543,attack_window,20260508_211709_authorized_keys_W9jmSO,20260508_211655_dirtyfrag_root_authorized_keys_X5ChW3,persistence_auth/authorized_keys,persistence_auth,root_session,,,,,,,,,,,,,,,,,,,ambiguous,
1778300231,15996,2.475543,attack_window,20260508_211709_authorized_keys_W9jmSO,20260508_211655_dirtyfrag_root_authorized_keys_X5ChW3,persistence_auth/authorized_keys,persistence_auth,root_session,,,,,,,,,,,,,,,,,,,ambiguous,
1778300231,15997,2.475543,attack_window,20260508_211709_authorized_keys_W9jmSO,20260508_211655_dirtyfrag_root_authorized_keys_X5ChW3,persistence_auth/authorized_keys,persistence_auth,root_session,setresgid,yes,0,/usr/sbin/sshd,sshd,,/usr/sbin/sshd -D -R,,,,0,0,1001,17380,9653,(none),52,privilege_transition,benign,
1778300231,15998,2.475543,attack_window,20260508_211709_authorized_keys_W9jmSO,20260508_211655_dirtyfrag_root_authorized_keys_X5ChW3,persistence_auth/authorized_keys,persistence_auth,root_session,setresuid,yes,0,/usr/sbin/sshd,sshd,,/usr/sbin/sshd -D -R,,,,0,1001,1001,17380,9653,(none),52,privilege_transition,benign,
1778300231,15999,2.475543,attack_window,20260508_211709_authorized_keys_W9jmSO,20260508_211655_dirtyfrag_root_authorized_keys_X5ChW3,persistence_auth/authorized_keys,persistence_auth,root_session,setresuid,yes,0,/usr/sbin/sshd,sshd,,/usr/sbin/sshd -D -R,,,,0,0,1001,17380,9653,(none),52,privilege_transition,benign,
1778300231,16000,2.475543,attack_window,20260508_211709_authorized_keys_W9jmSO,20260508_211655_dirtyfrag_root_authorized_keys_X5ChW3,persistence_auth/authorized_keys,persistence_auth,root_session,setresgid,yes,0,/usr/sbin/sshd,sshd,,/usr/sbin/sshd -D -R,,,,0,0,1001,17380,9653,(none),52,privilege_transition,benign,
1778300231,16001,2.487543,attack_window,20260508_211709_authorized_keys_W9jmSO,20260508_211655_dirtyfrag_root_authorized_keys_X5ChW3,persistence_auth/authorized_keys,persistence_auth,root_session,execve,yes,0,/usr/sbin/sshd,sshd,/usr/sbin/sshd -D -R,/usr/sbin/sshd -D -R,/,/usr/sbin/sshd,/usr/sbin/sshd|/lib64/ld-linux-x86-64.so.2,0,0,4294967295,17431,9653,(none),4294967295,exec,benign,
1778300231,16002,2.490543,attack_window,20260508_211709_authorized_keys_W9jmSO,20260508_211655_dirtyfrag_root_authorized_keys_X5ChW3,persistence_auth/authorized_keys,persistence_auth,root_session,connect,no,-2,/usr/sbin/sshd,sshd,,/usr/sbin/sshd -D -R,/,/var/run/nscd/socket,/var/run/nscd/socket,0,0,4294967295,17431,9653,(none),4294967295,network_connect,benign,
1778300231,16003,2.490543,attack_window,20260508_211709_authorized_keys_W9jmSO,20260508_211655_dirtyfrag_root_authorized_keys_X5ChW3,persistence_auth/authorized_keys,persistence_auth,root_session,connect,yes,0,/usr/sbin/sshd,sshd,,/usr/sbin/sshd -D -R,,,,0,0,4294967295,17431,9653,(none),4294967295,network_connect,benign,
1778300231,16004,2.490543,attack_window,20260508_211709_authorized_keys_W9jmSO,20260508_211655_dirtyfrag_root_authorized_keys_X5ChW3,persistence_auth/authorized_keys,persistence_auth,root_session,connect,yes,0,/usr/sbin/sshd,sshd,,/usr/sbin/sshd -D -R,,,,0,0,4294967295,17431,9653,(none),4294967295,network_connect,benign,
1778300231,16005,2.490543,attack_window,20260508_211709_authorized_keys_W9jmSO,20260508_211655_dirtyfrag_root_authorized_keys_X5ChW3,persistence_auth/authorized_keys,persistence_auth,root_session,connect,yes,0,/usr/sbin/sshd,sshd,,/usr/sbin/sshd -D -R,,,,0,0,4294967295,17431,9653,(none),4294967295,network_connect,benign,
1778300231,16006,2.490543,attack_window,20260508_211709_authorized_keys_W9jmSO,20260508_211655_dirtyfrag_root_authorized_keys_X5ChW3,persistence_auth/authorized_keys,persistence_auth,root_session,connect,no,-2,/usr/sbin/sshd,sshd,,/usr/sbin/sshd -D -R,/,/var/run/nscd/socket,/var/run/nscd/socket,0,0,4294967295,17431,9653,(none),4294967295,network_connect,benign,
1778300231,16007,2.490543,attack_window,20260508_211709_authorized_keys_W9jmSO,20260508_211655_dirtyfrag_root_authorized_keys_X5ChW3,persistence_auth/authorized_keys,persistence_auth,root_session,connect,no,-2,/usr/sbin/sshd,sshd,,/usr/sbin/sshd -D -R,/,/var/run/nscd/socket,/var/run/nscd/socket,0,0,4294967295,17431,9653,(none),4294967295,network_connect,benign,
1778300231,16008,2.493543,attack_window,20260508_211709_authorized_keys_W9jmSO,20260508_211655_dirtyfrag_root_authorized_keys_X5ChW3,persistence_auth/authorized_keys,persistence_auth,root_session,setresgid,yes,0,/usr/sbin/sshd,sshd,,sshd: [accepted],,,,0,0,4294967295,17432,17431,(none),4294967295,privilege_transition,benign,
1778300231,16009,2.493543,attack_window,20260508_211709_authorized_keys_W9jmSO,20260508_211655_dirtyfrag_root_authorized_keys_X5ChW3,persistence_auth/authorized_keys,persistence_auth,root_session,setresuid,yes,0,/usr/sbin/sshd,sshd,,sshd: [accepted],,,,109,109,4294967295,17432,17431,(none),4294967295,privilege_transition,benign,
1778300231,16010,2.493543,attack_window,20260508_211709_authorized_keys_W9jmSO,20260508_211655_dirtyfrag_root_authorized_keys_X5ChW3,persistence_auth/authorized_keys,persistence_auth,root_session,setgid,no,-1,/usr/sbin/sshd,sshd,,sshd: [accepted],,,,109,109,4294967295,17432,17431,(none),4294967295,privilege_transition,benign,
1778300231,16011,2.493543,attack_window,20260508_211709_authorized_keys_W9jmSO,20260508_211655_dirtyfrag_root_authorized_keys_X5ChW3,persistence_auth/authorized_keys,persistence_auth,root_session,setresgid,no,-1,/usr/sbin/sshd,sshd,,sshd: [accepted],,,,109,109,4294967295,17432,17431,(none),4294967295,privilege_transition,benign,
1778300231,16012,2.493543,attack_window,20260508_211709_authorized_keys_W9jmSO,20260508_211655_dirtyfrag_root_authorized_keys_X5ChW3,persistence_auth/authorized_keys,persistence_auth,root_session,setuid,no,-1,/usr/sbin/sshd,sshd,,sshd: [accepted],,,,109,109,4294967295,17432,17431,(none),4294967295,privilege_transition,benign,
1778300231,16013,2.493543,attack_window,20260508_211709_authorized_keys_W9jmSO,20260508_211655_dirtyfrag_root_authorized_keys_X5ChW3,persistence_auth/authorized_keys,persistence_auth,root_session,setresuid,no,-1,/usr/sbin/sshd,sshd,,sshd: [accepted],,,,109,109,4294967295,17432,17431,(none),4294967295,privilege_transition,benign,
1778300231,16014,2.496543,attack_window,20260508_211709_authorized_keys_W9jmSO,20260508_211655_dirtyfrag_root_authorized_keys_X5ChW3,persistence_auth/authorized_keys,persistence_auth,root_session,execve,yes,0,/usr/bin/mkdir,mkdir,mkdir -p /home/analyst/.ssh,mkdir -p /home/analyst/.ssh,/home/analyst/baseline_workload/run_20260509_041538,/usr/bin/mkdir,/usr/bin/mkdir|/lib64/ld-linux-x86-64.so.2,1000,1000,1000,17433,15400,(none),25,exec,benign,
1778300231,16015,2.497543,attack_window,20260508_211709_authorized_keys_W9jmSO,20260508_211655_dirtyfrag_root_authorized_keys_X5ChW3,persistence_auth/authorized_keys,persistence_auth,root_session,mkdir,no,-17,/usr/bin/mkdir,mkdir,,mkdir -p /home/analyst/.ssh,/home,/home,/home,1000,1000,1000,17433,15400,(none),25,home_activity,benign,
1778300231,16016,2.497543,attack_window,20260508_211709_authorized_keys_W9jmSO,20260508_211655_dirtyfrag_root_authorized_keys_X5ChW3,persistence_auth/authorized_keys,persistence_auth,root_session,mkdir,no,-17,/usr/bin/mkdir,mkdir,,mkdir -p /home/analyst/.ssh,/home/analyst,/home/analyst,/home/analyst,1000,1000,1000,17433,15400,(none),25,home_activity,benign,
1778300231,16017,2.497543,attack_window,20260508_211709_authorized_keys_W9jmSO,20260508_211655_dirtyfrag_root_authorized_keys_X5ChW3,persistence_auth/authorized_keys,persistence_auth,root_session,execve,yes,0,/usr/bin/chmod,chmod,chmod 700 /home/analyst/.ssh,chmod 700 /home/analyst/.ssh,/home/analyst/baseline_workload/run_20260509_041538,/usr/bin/chmod,/usr/bin/chmod|/lib64/ld-linux-x86-64.so.2,1000,1000,1000,17434,15400,(none),25,exec,benign,
1778300231,16018,2.499543,attack_window,20260508_211709_authorized_keys_W9jmSO,20260508_211655_dirtyfrag_root_authorized_keys_X5ChW3,persistence_auth/authorized_keys,persistence_auth,root_session,fchmodat,yes,0,/usr/bin/chmod,chmod,,chmod 700 /home/analyst/.ssh,/home/analyst/baseline_workload/run_20260509_041538,/home/analyst/.ssh,/home/analyst/.ssh,1000,1000,1000,17434,15400,(none),25,home_activity,benign,
1778300231,16019,2.499543,attack_window,20260508_211709_authorized_keys_W9jmSO,20260508_211655_dirtyfrag_root_authorized_keys_X5ChW3,persistence_auth/authorized_keys,persistence_auth,root_session,openat,yes,3,/usr/bin/bash,bash,,bash ./baseline_workload.sh worker 20260509_041538,/home/analyst/baseline_workload/run_20260509_041538,/home/analyst/.ssh/,/home/analyst/.ssh/|/home/analyst/.ssh/config,1000,1000,1000,17435,15400,(none),25,home_activity,benign,
1778300231,16020,2.501543,attack_window,20260508_211709_authorized_keys_W9jmSO,20260508_211655_dirtyfrag_root_authorized_keys_X5ChW3,persistence_auth/authorized_keys,persistence_auth,root_session,execve,yes,0,/usr/bin/cat,cat,cat,bash ./baseline_workload.sh worker 20260509_041538,/home/analyst/baseline_workload/run_20260509_041538,/usr/bin/cat,/usr/bin/cat|/lib64/ld-linux-x86-64.so.2,1000,1000,1000,17435,15400,(none),25,exec,benign,
1778300231,16021,2.502543,attack_window,20260508_211709_authorized_keys_W9jmSO,20260508_211655_dirtyfrag_root_authorized_keys_X5ChW3,persistence_auth/authorized_keys,persistence_auth,root_session,execve,yes,0,/usr/bin/chmod,chmod,chmod 600 /home/analyst/.ssh/config,chmod 600 /home/analyst/.ssh/config,/home/analyst/baseline_workload/run_20260509_041538,/usr/bin/chmod,/usr/bin/chmod|/lib64/ld-linux-x86-64.so.2,1000,1000,1000,17436,15400,(none),25,exec,benign,
1778300231,16022,2.502543,attack_window,20260508_211709_authorized_keys_W9jmSO,20260508_211655_dirtyfrag_root_authorized_keys_X5ChW3,persistence_auth/authorized_keys,persistence_auth,root_session,fchmodat,yes,0,/usr/bin/chmod,chmod,,chmod 600 /home/analyst/.ssh/config,/home/analyst/baseline_workload/run_20260509_041538,/home/analyst/.ssh/config,/home/analyst/.ssh/config,1000,1000,1000,17436,15400,(none),25,home_activity,benign,
1778300231,16023,2.503543,attack_window,20260508_211709_authorized_keys_W9jmSO,20260508_211655_dirtyfrag_root_authorized_keys_X5ChW3,persistence_auth/authorized_keys,persistence_auth,root_session,execve,yes,0,/usr/bin/touch,touch,touch /home/analyst/.ssh/known_hosts,touch /home/analyst/.ssh/known_hosts,/home/analyst/baseline_workload/run_20260509_041538,/usr/bin/touch,/usr/bin/touch|/lib64/ld-linux-x86-64.so.2,1000,1000,1000,17437,15400,(none),25,exec,benign,
1778300231,16024,2.503543,attack_window,20260508_211709_authorized_keys_W9jmSO,20260508_211655_dirtyfrag_root_authorized_keys_X5ChW3,persistence_auth/authorized_keys,persistence_auth,root_session,openat,yes,3,/usr/bin/touch,touch,,touch /home/analyst/.ssh/known_hosts,/home/analyst/baseline_workload/run_20260509_041538,/home/analyst/.ssh/,/home/analyst/.ssh/|/home/analyst/.ssh/known_hosts,1000,1000,1000,17437,15400,(none),25,home_activity,benign,
1778300231,16025,2.504543,attack_window,20260508_211709_authorized_keys_W9jmSO,20260508_211655_dirtyfrag_root_authorized_keys_X5ChW3,persistence_auth/authorized_keys,persistence_auth,root_session,execve,yes,0,/usr/bin/chmod,chmod,chmod 644 /home/analyst/.ssh/known_hosts,chmod 644 /home/analyst/.ssh/known_hosts,/home/analyst/baseline_workload/run_20260509_041538,/usr/bin/chmod,/usr/bin/chmod|/lib64/ld-linux-x86-64.so.2,1000,1000,1000,17438,15400,(none),25,exec,benign,
1778300231,16026,2.504543,attack_window,20260508_211709_authorized_keys_W9jmSO,20260508_211655_dirtyfrag_root_authorized_keys_X5ChW3,persistence_auth/authorized_keys,persistence_auth,root_session,fchmodat,yes,0,/usr/bin/chmod,chmod,,chmod 644 /home/analyst/.ssh/known_hosts,/home/analyst/baseline_workload/run_20260509_041538,/home/analyst/.ssh/known_hosts,/home/analyst/.ssh/known_hosts,1000,1000,1000,17438,15400,(none),25,home_activity,benign,
1778300231,16027,2.504543,attack_window,20260508_211709_authorized_keys_W9jmSO,20260508_211655_dirtyfrag_root_authorized_keys_X5ChW3,persistence_auth/authorized_keys,persistence_auth,root_session,openat,yes,3,/usr/bin/bash,bash,,bash ./baseline_workload.sh start,/home/analyst/baseline_workload/run_20260509_041538,/home/analyst/.ssh/,/home/analyst/.ssh/|/home/analyst/.ssh/known_hosts,1000,1000,1000,15400,1,(none),25,home_activity,benign,
1778300231,16028,2.506543,attack_window,20260508_211709_authorized_keys_W9jmSO,20260508_211655_dirtyfrag_root_authorized_keys_X5ChW3,persistence_auth/authorized_keys,persistence_auth,root_session,execve,yes,0,/usr/bin/sleep,sleep,sleep 3,sleep 3,/home/analyst/baseline_workload/run_20260509_041538,/usr/bin/sleep,/usr/bin/sleep|/lib64/ld-linux-x86-64.so.2,1000,1000,1000,17439,15400,(none),25,exec,benign,
1778300231,16029,2.592543,attack_window,20260508_211709_authorized_keys_W9jmSO,20260508_211655_dirtyfrag_root_authorized_keys_X5ChW3,persistence_auth/authorized_keys,persistence_auth,root_session,connect,no,-2,/usr/sbin/sshd,sshd,,/usr/sbin/sshd -D -R,/,/var/run/nscd/socket,/var/run/nscd/socket,0,0,4294967295,17431,9653,(none),4294967295,network_connect,benign,
1778300231,16030,2.592543,attack_window,20260508_211709_authorized_keys_W9jmSO,20260508_211655_dirtyfrag_root_authorized_keys_X5ChW3,persistence_auth/authorized_keys,persistence_auth,root_session,connect,no,-2,/usr/sbin/sshd,sshd,,/usr/sbin/sshd -D -R,/,/var/run/nscd/socket,/var/run/nscd/socket,0,0,4294967295,17431,9653,(none),4294967295,network_connect,benign,
1778300231,16031,2.592543,attack_window,20260508_211709_authorized_keys_W9jmSO,20260508_211655_dirtyfrag_root_authorized_keys_X5ChW3,persistence_auth/authorized_keys,persistence_auth,root_session,connect,yes,0,/usr/sbin/sshd,sshd,,/usr/sbin/sshd -D -R,/,/run/systemd/userdb/io.systemd.DynamicUser,/run/systemd/userdb/io.systemd.DynamicUser,0,0,4294967295,17431,9653,(none),4294967295,network_connect,benign,
1778300231,16032,2.592543,attack_window,20260508_211709_authorized_keys_W9jmSO,20260508_211655_dirtyfrag_root_authorized_keys_X5ChW3,persistence_auth/authorized_keys,persistence_auth,root_session,setresgid,yes,0,/usr/sbin/sshd,sshd,,/usr/sbin/sshd -D -R,,,,0,0,4294967295,17431,9653,(none),4294967295,privilege_transition,benign,
1778300231,16033,2.592543,attack_window,20260508_211709_authorized_keys_W9jmSO,20260508_211655_dirtyfrag_root_authorized_keys_X5ChW3,persistence_auth/authorized_keys,persistence_auth,root_session,setresuid,yes,0,/usr/sbin/sshd,sshd,,/usr/sbin/sshd -D -R,,,,0,1001,4294967295,17431,9653,(none),4294967295,privilege_transition,benign,
1778300231,16034,2.592543,attack_window,20260508_211709_authorized_keys_W9jmSO,20260508_211655_dirtyfrag_root_authorized_keys_X5ChW3,persistence_auth/authorized_keys,persistence_auth,root_session,setresuid,yes,0,/usr/sbin/sshd,sshd,,/usr/sbin/sshd -D -R,,,,0,0,4294967295,17431,9653,(none),4294967295,privilege_transition,benign,
1778300231,16035,2.592543,attack_window,20260508_211709_authorized_keys_W9jmSO,20260508_211655_dirtyfrag_root_authorized_keys_X5ChW3,persistence_auth/authorized_keys,persistence_auth,root_session,setresgid,yes,0,/usr/sbin/sshd,sshd,,/usr/sbin/sshd -D -R,,,,0,0,4294967295,17431,9653,(none),4294967295,privilege_transition,benign,
1778300231,16036,2.592543,attack_window,20260508_211709_authorized_keys_W9jmSO,20260508_211655_dirtyfrag_root_authorized_keys_X5ChW3,persistence_auth/authorized_keys,persistence_auth,root_session,setresgid,yes,0,/usr/sbin/sshd,sshd,,/usr/sbin/sshd -D -R,,,,0,0,4294967295,17431,9653,(none),4294967295,privilege_transition,benign,
1778300231,16037,2.592543,attack_window,20260508_211709_authorized_keys_W9jmSO,20260508_211655_dirtyfrag_root_authorized_keys_X5ChW3,persistence_auth/authorized_keys,persistence_auth,root_session,setresuid,yes,0,/usr/sbin/sshd,sshd,,/usr/sbin/sshd -D -R,,,,0,1001,4294967295,17431,9653,(none),4294967295,privilege_transition,benign,
1778300231,16038,2.592543,attack_window,20260508_211709_authorized_keys_W9jmSO,20260508_211655_dirtyfrag_root_authorized_keys_X5ChW3,persistence_auth/authorized_keys,persistence_auth,root_session,setresuid,yes,0,/usr/sbin/sshd,sshd,,/usr/sbin/sshd -D -R,,,,0,0,4294967295,17431,9653,(none),4294967295,privilege_transition,benign,
1778300231,16039,2.592543,attack_window,20260508_211709_authorized_keys_W9jmSO,20260508_211655_dirtyfrag_root_authorized_keys_X5ChW3,persistence_auth/authorized_keys,persistence_auth,root_session,setresgid,yes,0,/usr/sbin/sshd,sshd,,/usr/sbin/sshd -D -R,,,,0,0,4294967295,17431,9653,(none),4294967295,privilege_transition,benign,
1778300231,16040,2.592543,attack_window,20260508_211709_authorized_keys_W9jmSO,20260508_211655_dirtyfrag_root_authorized_keys_X5ChW3,persistence_auth/authorized_keys,persistence_auth,root_session,,,,,,,,,,,,,,,,,,,ambiguous,
1778300231,16041,2.601543,attack_window,20260508_211709_authorized_keys_W9jmSO,20260508_211655_dirtyfrag_root_authorized_keys_X5ChW3,persistence_auth/authorized_keys,persistence_auth,root_session,setresgid,yes,0,/usr/sbin/sshd,sshd,,/usr/sbin/sshd -D -R,,,,0,0,4294967295,17431,9653,(none),4294967295,privilege_transition,benign,
1778300231,16042,2.601543,attack_window,20260508_211709_authorized_keys_W9jmSO,20260508_211655_dirtyfrag_root_authorized_keys_X5ChW3,persistence_auth/authorized_keys,persistence_auth,root_session,setresuid,yes,0,/usr/sbin/sshd,sshd,,/usr/sbin/sshd -D -R,,,,0,1001,4294967295,17431,9653,(none),4294967295,privilege_transition,benign,
1778300231,16043,2.601543,attack_window,20260508_211709_authorized_keys_W9jmSO,20260508_211655_dirtyfrag_root_authorized_keys_X5ChW3,persistence_auth/authorized_keys,persistence_auth,root_session,setresuid,yes,0,/usr/sbin/sshd,sshd,,/usr/sbin/sshd -D -R,,,,0,0,4294967295,17431,9653,(none),4294967295,privilege_transition,benign,
1778300231,16044,2.601543,attack_window,20260508_211709_authorized_keys_W9jmSO,20260508_211655_dirtyfrag_root_authorized_keys_X5ChW3,persistence_auth/authorized_keys,persistence_auth,root_session,setresgid,yes,0,/usr/sbin/sshd,sshd,,/usr/sbin/sshd -D -R,,,,0,0,4294967295,17431,9653,(none),4294967295,privilege_transition,benign,
1778300231,16045,2.601543,attack_window,20260508_211709_authorized_keys_W9jmSO,20260508_211655_dirtyfrag_root_authorized_keys_X5ChW3,persistence_auth/authorized_keys,persistence_auth,root_session,setresgid,yes,0,/usr/sbin/sshd,sshd,,/usr/sbin/sshd -D -R,,,,0,0,4294967295,17431,9653,(none),4294967295,privilege_transition,benign,
1778300231,16046,2.601543,attack_window,20260508_211709_authorized_keys_W9jmSO,20260508_211655_dirtyfrag_root_authorized_keys_X5ChW3,persistence_auth/authorized_keys,persistence_auth,root_session,setresuid,yes,0,/usr/sbin/sshd,sshd,,/usr/sbin/sshd -D -R,,,,0,1001,4294967295,17431,9653,(none),4294967295,privilege_transition,benign,
1778300231,16047,2.601543,attack_window,20260508_211709_authorized_keys_W9jmSO,20260508_211655_dirtyfrag_root_authorized_keys_X5ChW3,persistence_auth/authorized_keys,persistence_auth,root_session,setresuid,yes,0,/usr/sbin/sshd,sshd,,/usr/sbin/sshd -D -R,,,,0,0,4294967295,17431,9653,(none),4294967295,privilege_transition,benign,
1778300231,16048,2.601543,attack_window,20260508_211709_authorized_keys_W9jmSO,20260508_211655_dirtyfrag_root_authorized_keys_X5ChW3,persistence_auth/authorized_keys,persistence_auth,root_session,setresgid,yes,0,/usr/sbin/sshd,sshd,,/usr/sbin/sshd -D -R,,,,0,0,4294967295,17431,9653,(none),4294967295,privilege_transition,benign,
1778300231,16049,2.601543,attack_window,20260508_211709_authorized_keys_W9jmSO,20260508_211655_dirtyfrag_root_authorized_keys_X5ChW3,persistence_auth/authorized_keys,persistence_auth,root_session,,,,,,,,,,,,,,,,,,,ambiguous,
1778300231,16050,2.629543,attack_window,20260508_211709_authorized_keys_W9jmSO,20260508_211655_dirtyfrag_root_authorized_keys_X5ChW3,persistence_auth/authorized_keys,persistence_auth,root_session,connect,yes,0,/usr/sbin/sshd,sshd,,/usr/sbin/sshd -D -R,/,/run/systemd/userdb/io.systemd.DynamicUser,/run/systemd/userdb/io.systemd.DynamicUser,0,0,4294967295,17431,9653,(none),4294967295,network_connect,benign,
1778300231,16051,2.629543,attack_window,20260508_211709_authorized_keys_W9jmSO,20260508_211655_dirtyfrag_root_authorized_keys_X5ChW3,persistence_auth/authorized_keys,persistence_auth,root_session,,,,,,,,,,,,,,,,,,,ambiguous,
1778300231,16052,2.642543,attack_window,20260508_211709_authorized_keys_W9jmSO,20260508_211655_dirtyfrag_root_authorized_keys_X5ChW3,persistence_auth/authorized_keys,persistence_auth,root_session,,,,,,,,,,,,,,,,,,,ambiguous,
1778300231,16053,2.642543,attack_window,20260508_211709_authorized_keys_W9jmSO,20260508_211655_dirtyfrag_root_authorized_keys_X5ChW3,persistence_auth/authorized_keys,persistence_auth,root_session,connect,yes,0,/usr/sbin/sshd,sshd,,/usr/sbin/sshd -D -R,/,/dev/log,/dev/log,0,0,4294967295,17431,9653,(none),4294967295,network_connect,benign,
1778300231,16054,2.642543,attack_window,20260508_211709_authorized_keys_W9jmSO,20260508_211655_dirtyfrag_root_authorized_keys_X5ChW3,persistence_auth/authorized_keys,persistence_auth,root_session,connect,yes,0,/usr/sbin/sshd,sshd,,/usr/sbin/sshd -D -R,/,/run/systemd/userdb/io.systemd.DynamicUser,/run/systemd/userdb/io.systemd.DynamicUser,0,0,4294967295,17431,9653,(none),4294967295,network_connect,benign,
1778300231,16055,2.642543,attack_window,20260508_211709_authorized_keys_W9jmSO,20260508_211655_dirtyfrag_root_authorized_keys_X5ChW3,persistence_auth/authorized_keys,persistence_auth,root_session,126,yes,0,/usr/sbin/sshd,sshd,,/usr/sbin/sshd -D -R,,,,0,0,4294967295,17431,9653,(none),4294967295,privilege_transition,benign,
1778300231,16056,2.642543,attack_window,20260508_211709_authorized_keys_W9jmSO,20260508_211655_dirtyfrag_root_authorized_keys_X5ChW3,persistence_auth/authorized_keys,persistence_auth,root_session,,,,,,,,,,,,,,,,,,,ambiguous,
1778300231,16057,2.642543,attack_window,20260508_211709_authorized_keys_W9jmSO,20260508_211655_dirtyfrag_root_authorized_keys_X5ChW3,persistence_auth/authorized_keys,persistence_auth,root_session,77,yes,0,/usr/sbin/sshd,sshd,,/usr/sbin/sshd -D -R,,,,0,0,4294967295,17431,9653,(none),4294967295,file_destroy,benign,
1778300231,16058,2.642543,attack_window,20260508_211709_authorized_keys_W9jmSO,20260508_211655_dirtyfrag_root_authorized_keys_X5ChW3,persistence_auth/authorized_keys,persistence_auth,root_session,write,yes,4,/usr/sbin/sshd,sshd,,/usr/sbin/sshd -D -R,,,,0,0,1001,17431,9653,(none),53,(null),benign,
1778300231,16059,2.643543,attack_window,20260508_211709_authorized_keys_W9jmSO,20260508_211655_dirtyfrag_root_authorized_keys_X5ChW3,persistence_auth/authorized_keys,persistence_auth,root_session,114,yes,0,/usr/sbin/sshd,sshd,,/usr/sbin/sshd -D -R,,,,0,0,1001,17431,9653,(none),53,privilege_transition,benign,
1778300231,16060,2.643543,attack_window,20260508_211709_authorized_keys_W9jmSO,20260508_211655_dirtyfrag_root_authorized_keys_X5ChW3,persistence_auth/authorized_keys,persistence_auth,root_session,113,yes,0,/usr/sbin/sshd,sshd,,/usr/sbin/sshd -D -R,,,,1001,0,1001,17431,9653,(none),53,privilege_transition,benign,
1778300231,16061,2.643543,attack_window,20260508_211709_authorized_keys_W9jmSO,20260508_211655_dirtyfrag_root_authorized_keys_X5ChW3,persistence_auth/authorized_keys,persistence_auth,root_session,113,yes,0,/usr/sbin/sshd,sshd,,/usr/sbin/sshd -D -R,,,,0,0,1001,17431,9653,(none),53,privilege_transition,benign,
1778300231,16062,2.643543,attack_window,20260508_211709_authorized_keys_W9jmSO,20260508_211655_dirtyfrag_root_authorized_keys_X5ChW3,persistence_auth/authorized_keys,persistence_auth,root_session,114,yes,0,/usr/sbin/sshd,sshd,,/usr/sbin/sshd -D -R,,,,0,0,1001,17431,9653,(none),53,privilege_transition,benign,
1778300231,16063,2.643543,attack_window,20260508_211709_authorized_keys_W9jmSO,20260508_211655_dirtyfrag_root_authorized_keys_X5ChW3,persistence_auth/authorized_keys,persistence_auth,root_session,connect,yes,0,/usr/sbin/sshd,sshd,,/usr/sbin/sshd -D -R,/,/dev/log,/dev/log,0,0,1001,17431,9653,(none),53,network_connect,benign,
1778300231,16064,2.643543,attack_window,20260508_211709_authorized_keys_W9jmSO,20260508_211655_dirtyfrag_root_authorized_keys_X5ChW3,persistence_auth/authorized_keys,persistence_auth,root_session,connect,no,-2,/usr/sbin/sshd,sshd,,/usr/sbin/sshd -D -R,/,/run/systemd/userdb/io.systemd.Multiplexer,/run/systemd/userdb/io.systemd.Multiplexer,0,0,1001,17431,9653,(none),53,network_connect,benign,
1778300231,16065,2.643543,attack_window,20260508_211709_authorized_keys_W9jmSO,20260508_211655_dirtyfrag_root_authorized_keys_X5ChW3,persistence_auth/authorized_keys,persistence_auth,root_session,connect,yes,0,/usr/sbin/sshd,sshd,,/usr/sbin/sshd -D -R,/,/run/systemd/userdb/io.systemd.DynamicUser,/run/systemd/userdb/io.systemd.DynamicUser,0,0,1001,17431,9653,(none),53,network_connect,benign,
1778300231,16066,2.644543,attack_window,20260508_211709_authorized_keys_W9jmSO,20260508_211655_dirtyfrag_root_authorized_keys_X5ChW3,persistence_auth/authorized_keys,persistence_auth,root_session,connect,yes,0,/usr/sbin/sshd,sshd,,/usr/sbin/sshd -D -R,/,/run/dbus/system_bus_socket,/run/dbus/system_bus_socket,0,0,1001,17431,9653,(none),53,network_connect,benign,
1778300231,16067,2.654543,attack_window,20260508_211709_authorized_keys_W9jmSO,20260508_211655_dirtyfrag_root_authorized_keys_X5ChW3,persistence_auth/authorized_keys,persistence_auth,root_session,execve,yes,0,/usr/bin/dash,sh,sh -c -- /usr/bin/env -i PATH=/usr/local/sbin:/usr/local/bin:/usr/sbin:/usr/bin:/sbin:/bin run-parts --lsbsysinit /etc/update-motd.d > /run/motd.dynamic.new,sh -c -- /usr/bin/env -i PATH=/usr/local/sbin:/usr/local/bin:/usr/sbin:/usr/bin:/sbin:/bin run-parts --lsbsysinit /etc/update-mo,/,/bin/sh,/bin/sh|/lib64/ld-linux-x86-64.so.2,0,0,1001,17440,17431,(none),53,exec,benign,
1778300231,16068,2.655543,attack_window,20260508_211709_authorized_keys_W9jmSO,20260508_211655_dirtyfrag_root_authorized_keys_X5ChW3,persistence_auth/authorized_keys,persistence_auth,root_session,execve,yes,0,/usr/bin/env,env,/usr/bin/env -i PATH=/usr/local/sbin:/usr/local/bin:/usr/sbin:/usr/bin:/sbin:/bin run-parts --lsbsysinit /etc/update-motd.d,/usr/bin/env -i PATH=/usr/local/sbin:/usr/local/bin:/usr/sbin:/usr/bin:/sbin:/bin run-parts --lsbsysinit /etc/update-motd.d,/,/usr/bin/env,/usr/bin/env|/lib64/ld-linux-x86-64.so.2,0,0,1001,17441,17440,(none),53,exec,benign,
1778300231,16069,2.656543,attack_window,20260508_211709_authorized_keys_W9jmSO,20260508_211655_dirtyfrag_root_authorized_keys_X5ChW3,persistence_auth/authorized_keys,persistence_auth,root_session,execve,no,-2,/usr/bin/env,env,,/usr/bin/env -i PATH=/usr/local/sbin:/usr/local/bin:/usr/sbin:/usr/bin:/sbin:/bin run-parts --lsbsysinit /etc/update-motd.d,/,/usr/local/sbin/run-parts,/usr/local/sbin/run-parts,0,0,1001,17441,17440,(none),53,exec,benign,
1778300231,16070,2.656543,attack_window,20260508_211709_authorized_keys_W9jmSO,20260508_211655_dirtyfrag_root_authorized_keys_X5ChW3,persistence_auth/authorized_keys,persistence_auth,root_session,execve,no,-2,/usr/bin/env,env,,/usr/bin/env -i PATH=/usr/local/sbin:/usr/local/bin:/usr/sbin:/usr/bin:/sbin:/bin run-parts --lsbsysinit /etc/update-motd.d,/,/usr/local/bin/run-parts,/usr/local/bin/run-parts,0,0,1001,17441,17440,(none),53,exec,benign,
1778300231,16071,2.656543,attack_window,20260508_211709_authorized_keys_W9jmSO,20260508_211655_dirtyfrag_root_authorized_keys_X5ChW3,persistence_auth/authorized_keys,persistence_auth,root_session,execve,no,-2,/usr/bin/env,env,,/usr/bin/env -i PATH=/usr/local/sbin:/usr/local/bin:/usr/sbin:/usr/bin:/sbin:/bin run-parts --lsbsysinit /etc/update-motd.d,/,/usr/sbin/run-parts,/usr/sbin/run-parts,0,0,1001,17441,17440,(none),53,exec,benign,
1778300231,16072,2.656543,attack_window,20260508_211709_authorized_keys_W9jmSO,20260508_211655_dirtyfrag_root_authorized_keys_X5ChW3,persistence_auth/authorized_keys,persistence_auth,root_session,execve,yes,0,/usr/bin/run-parts,run-parts,run-parts --lsbsysinit /etc/update-motd.d,/usr/bin/env -i PATH=/usr/local/sbin:/usr/local/bin:/usr/sbin:/usr/bin:/sbin:/bin run-parts --lsbsysinit /etc/update-motd.d,/,/usr/bin/run-parts,/usr/bin/run-parts|/lib64/ld-linux-x86-64.so.2,0,0,1001,17441,17440,(none),53,exec,benign,
1778300231,16073,2.658543,attack_window,20260508_211709_authorized_keys_W9jmSO,20260508_211655_dirtyfrag_root_authorized_keys_X5ChW3,persistence_auth/authorized_keys,persistence_auth,root_session,execve,yes,0,/usr/bin/dash,00-header,/bin/sh /etc/update-motd.d/00-header,/bin/sh /etc/update-motd.d/00-header,/,/etc/update-motd.d/00-header,/etc/update-motd.d/00-header|/bin/sh|/lib64/ld-linux-x86-64.so.2,0,0,1001,17442,17441,(none),53,exec,benign,
1778300231,16074,2.658543,attack_window,20260508_211709_authorized_keys_W9jmSO,20260508_211655_dirtyfrag_root_authorized_keys_X5ChW3,persistence_auth/authorized_keys,persistence_auth,root_session,execve,yes,0,/usr/bin/uname,uname,uname -o,uname -o,/,/usr/bin/uname,/usr/bin/uname|/lib64/ld-linux-x86-64.so.2,0,0,1001,17443,17442,(none),53,exec,benign,
1778300231,16075,2.660543,attack_window,20260508_211709_authorized_keys_W9jmSO,20260508_211655_dirtyfrag_root_authorized_keys_X5ChW3,persistence_auth/authorized_keys,persistence_auth,root_session,execve,yes,0,/usr/bin/uname,uname,uname -r,uname -r,/,/usr/bin/uname,/usr/bin/uname|/lib64/ld-linux-x86-64.so.2,0,0,1001,17444,17442,(none),53,exec,benign,
1778300231,16076,2.660543,attack_window,20260508_211709_authorized_keys_W9jmSO,20260508_211655_dirtyfrag_root_authorized_keys_X5ChW3,persistence_auth/authorized_keys,persistence_auth,root_session,execve,yes,0,/usr/bin/uname,uname,uname -m,uname -m,/,/usr/bin/uname,/usr/bin/uname|/lib64/ld-linux-x86-64.so.2,0,0,1001,17445,17442,(none),53,exec,benign,
1778300231,16077,2.661543,attack_window,20260508_211709_authorized_keys_W9jmSO,20260508_211655_dirtyfrag_root_authorized_keys_X5ChW3,persistence_auth/authorized_keys,persistence_auth,root_session,execve,yes,0,/usr/bin/dash,10-help-text,/bin/sh /etc/update-motd.d/10-help-text,/bin/sh /etc/update-motd.d/10-help-text,/,/etc/update-motd.d/10-help-text,/etc/update-motd.d/10-help-text|/bin/sh|/lib64/ld-linux-x86-64.so.2,0,0,1001,17446,17441,(none),53,exec,benign,
1778300231,16078,2.662543,attack_window,20260508_211709_authorized_keys_W9jmSO,20260508_211655_dirtyfrag_root_authorized_keys_X5ChW3,persistence_auth/authorized_keys,persistence_auth,root_session,execve,yes,0,/usr/bin/dash,50-landscape-sy,/bin/sh /etc/update-motd.d/50-landscape-sysinfo,/bin/sh /etc/update-motd.d/50-landscape-sysinfo,/,/etc/update-motd.d/50-landscape-sysinfo,/etc/update-motd.d/50-landscape-sysinfo|/bin/sh|/lib64/ld-linux-x86-64.so.2,0,0,1001,17447,17441,(none),53,exec,benign,
1778300231,16079,2.663543,attack_window,20260508_211709_authorized_keys_W9jmSO,20260508_211655_dirtyfrag_root_authorized_keys_X5ChW3,persistence_auth/authorized_keys,persistence_auth,root_session,execve,yes,0,/usr/bin/find,find,find /var/lib/landscape/landscape-sysinfo.cache -newermt now-1 minutes,find /var/lib/landscape/landscape-sysinfo.cache -newermt now-1 minutes,/,/usr/bin/find,/usr/bin/find|/lib64/ld-linux-x86-64.so.2,0,0,1001,17448,17447,(none),53,exec,benign,
1778300231,16080,2.665543,attack_window,20260508_211709_authorized_keys_W9jmSO,20260508_211655_dirtyfrag_root_authorized_keys_X5ChW3,persistence_auth/authorized_keys,persistence_auth,root_session,execve,yes,0,/usr/bin/cat,cat,cat /var/lib/landscape/landscape-sysinfo.cache,cat /var/lib/landscape/landscape-sysinfo.cache,/,/usr/bin/cat,/usr/bin/cat|/lib64/ld-linux-x86-64.so.2,0,0,1001,17449,17447,(none),53,exec,benign,
1778300231,16081,2.666543,attack_window,20260508_211709_authorized_keys_W9jmSO,20260508_211655_dirtyfrag_root_authorized_keys_X5ChW3,persistence_auth/authorized_keys,persistence_auth,root_session,execve,yes,0,/usr/bin/dash,50-motd-news,/bin/sh /etc/update-motd.d/50-motd-news,/bin/sh /etc/update-motd.d/50-motd-news,/,/etc/update-motd.d/50-motd-news,/etc/update-motd.d/50-motd-news|/bin/sh|/lib64/ld-linux-x86-64.so.2,0,0,1001,17450,17441,(none),53,exec,benign,
1778300231,16085,2.666543,attack_window,20260508_211709_authorized_keys_W9jmSO,20260508_211655_dirtyfrag_root_authorized_keys_X5ChW3,persistence_auth/authorized_keys,persistence_auth,root_session,execve,yes,0,/usr/bin/cat,cat,cat /var/cache/motd-news,cat /var/cache/motd-news,/,/usr/bin/cat,/usr/bin/cat|/lib64/ld-linux-x86-64.so.2,0,0,1001,17451,17450,(none),53,exec,benign,
1778300231,16082,2.668543,attack_window,20260508_211709_authorized_keys_W9jmSO,20260508_211655_dirtyfrag_root_authorized_keys_X5ChW3,persistence_auth/authorized_keys,persistence_auth,root_session,execve,yes,0,/usr/bin/tr,tr,tr -d \000-\011\013\014\016-\037,tr -d \000-\011\013\014\016-\037,/,/usr/bin/tr,/usr/bin/tr|/lib64/ld-linux-x86-64.so.2,0,0,1001,17453,17450,(none),53,exec,benign,
1778300231,16083,2.668543,attack_window,20260508_211709_authorized_keys_W9jmSO,20260508_211655_dirtyfrag_root_authorized_keys_X5ChW3,persistence_auth/authorized_keys,persistence_auth,root_session,execve,yes,0,/usr/bin/head,head,head -n 10,head -n 10,/,/usr/bin/head,/usr/bin/head|/lib64/ld-linux-x86-64.so.2,0,0,1001,17452,17450,(none),53,exec,benign,
1778300231,16084,2.668543,attack_window,20260508_211709_authorized_keys_W9jmSO,20260508_211655_dirtyfrag_root_authorized_keys_X5ChW3,persistence_auth/authorized_keys,persistence_auth,root_session,execve,yes,0,/usr/bin/cut,cut,cut -c -80,cut -c -80,/,/usr/bin/cut,/usr/bin/cut|/lib64/ld-linux-x86-64.so.2,0,0,1001,17454,17450,(none),53,exec,benign,
1778300231,16086,2.671543,attack_window,20260508_211709_authorized_keys_W9jmSO,20260508_211655_dirtyfrag_root_authorized_keys_X5ChW3,persistence_auth/authorized_keys,persistence_auth,root_session,execve,yes,0,/usr/bin/dash,85-fwupd,/bin/sh /etc/update-motd.d/85-fwupd,/bin/sh /etc/update-motd.d/85-fwupd,/,/etc/update-motd.d/85-fwupd,/etc/update-motd.d/85-fwupd|/bin/sh|/lib64/ld-linux-x86-64.so.2,0,0,1001,17455,17441,(none),53,exec,benign,
1778300231,16087,2.672543,attack_window,20260508_211709_authorized_keys_W9jmSO,20260508_211655_dirtyfrag_root_authorized_keys_X5ChW3,persistence_auth/authorized_keys,persistence_auth,root_session,execve,yes,0,/usr/bin/cat,cat,cat /run/motd.d/85-fwupd,cat /run/motd.d/85-fwupd,/,/usr/bin/cat,/usr/bin/cat|/lib64/ld-linux-x86-64.so.2,0,0,1001,17456,17455,(none),53,exec,benign,
1778300231,16088,2.673543,attack_window,20260508_211709_authorized_keys_W9jmSO,20260508_211655_dirtyfrag_root_authorized_keys_X5ChW3,persistence_auth/authorized_keys,persistence_auth,root_session,execve,yes,0,/usr/bin/dash,90-updates-avai,/bin/sh /etc/update-motd.d/90-updates-available,/bin/sh /etc/update-motd.d/90-updates-available,/,/etc/update-motd.d/90-updates-available,/etc/update-motd.d/90-updates-available|/bin/sh|/lib64/ld-linux-x86-64.so.2,0,0,1001,17457,17441,(none),53,exec,benign,
1778300231,16089,2.674543,attack_window,20260508_211709_authorized_keys_W9jmSO,20260508_211655_dirtyfrag_root_authorized_keys_X5ChW3,persistence_auth/authorized_keys,persistence_auth,root_session,execve,yes,0,/usr/bin/cat,cat,cat /var/lib/update-notifier/updates-available,cat /var/lib/update-notifier/updates-available,/,/usr/bin/cat,/usr/bin/cat|/lib64/ld-linux-x86-64.so.2,0,0,1001,17458,17457,(none),53,exec,benign,
1778300231,16090,2.675543,attack_window,20260508_211709_authorized_keys_W9jmSO,20260508_211655_dirtyfrag_root_authorized_keys_X5ChW3,persistence_auth/authorized_keys,persistence_auth,root_session,execve,yes,0,/usr/bin/grep,grep,grep -q -m 1 .,grep -q -m 1 .,/,/usr/bin/grep,/usr/bin/grep|/lib64/ld-linux-x86-64.so.2,0,0,1001,17460,17457,(none),53,exec,benign,
1778300231,16091,2.675543,attack_window,20260508_211709_authorized_keys_W9jmSO,20260508_211655_dirtyfrag_root_authorized_keys_X5ChW3,persistence_auth/authorized_keys,persistence_auth,root_session,execve,yes,0,/usr/bin/find,find,find /var/lib/update-notifier/updates-available -newermt now-7 days,find /var/lib/update-notifier/updates-available -newermt now-7 days,/,/usr/bin/find,/usr/bin/find|/lib64/ld-linux-x86-64.so.2,0,0,1001,17459,17457,(none),53,exec,benign,
1778300231,16092,2.676543,attack_window,20260508_211709_authorized_keys_W9jmSO,20260508_211655_dirtyfrag_root_authorized_keys_X5ChW3,persistence_auth/authorized_keys,persistence_auth,root_session,execve,yes,0,/usr/bin/dash,91-contract-ua-,/bin/sh /etc/update-motd.d/91-contract-ua-esm-status,/bin/sh /etc/update-motd.d/91-contract-ua-esm-status,/,/etc/update-motd.d/91-contract-ua-esm-status,/etc/update-motd.d/91-contract-ua-esm-status|/bin/sh|/lib64/ld-linux-x86-64.so.2,0,0,1001,17461,17441,(none),53,exec,benign,
1778300231,16093,2.677543,attack_window,20260508_211709_authorized_keys_W9jmSO,20260508_211655_dirtyfrag_root_authorized_keys_X5ChW3,persistence_auth/authorized_keys,persistence_auth,root_session,execve,yes,0,/usr/bin/dash,91-release-upgr,/bin/sh /etc/update-motd.d/91-release-upgrade,/bin/sh /etc/update-motd.d/91-release-upgrade,/,/etc/update-motd.d/91-release-upgrade,/etc/update-motd.d/91-release-upgrade|/bin/sh|/lib64/ld-linux-x86-64.so.2,0,0,1001,17462,17441,(none),53,exec,benign,
1778300231,16094,2.678543,attack_window,20260508_211709_authorized_keys_W9jmSO,20260508_211655_dirtyfrag_root_authorized_keys_X5ChW3,persistence_auth/authorized_keys,persistence_auth,root_session,execve,yes,0,/usr/bin/cut,cut,cut -d -f4,cut -d -f4,/,/usr/bin/cut,/usr/bin/cut|/lib64/ld-linux-x86-64.so.2,0,0,1001,17465,17463,(none),53,exec,benign,
1778300231,16095,2.680543,attack_window,20260508_211709_authorized_keys_W9jmSO,20260508_211655_dirtyfrag_root_authorized_keys_X5ChW3,persistence_auth/authorized_keys,persistence_auth,root_session,execve,yes,0,/usr/bin/id,id,id -u,id -u,/,/usr/bin/id,/usr/bin/id|/lib64/ld-linux-x86-64.so.2,0,0,1001,17466,17462,(none),53,exec,benign,
1778300231,16096,2.681543,attack_window,20260508_211709_authorized_keys_W9jmSO,20260508_211655_dirtyfrag_root_authorized_keys_X5ChW3,persistence_auth/authorized_keys,persistence_auth,root_session,execve,yes,0,/usr/bin/dash,release-upgrade,/bin/sh -e /usr/lib/ubuntu-release-upgrader/release-upgrade-motd,/bin/sh /etc/update-motd.d/91-release-upgrade,/,/usr/lib/ubuntu-release-upgrader/release-upgrade-motd,/usr/lib/ubuntu-release-upgrader/release-upgrade-motd|/bin/sh|/lib64/ld-linux-x86-64.so.2,0,0,1001,17462,17441,(none),53,exec,benign,
1778300231,16097,2.681543,attack_window,20260508_211709_authorized_keys_W9jmSO,20260508_211655_dirtyfrag_root_authorized_keys_X5ChW3,persistence_auth/authorized_keys,persistence_auth,root_session,execve,yes,0,/usr/bin/date,date,date +%s,date +%s,/,/usr/bin/date,/usr/bin/date|/lib64/ld-linux-x86-64.so.2,0,0,1001,17467,17462,(none),53,exec,benign,
1778300231,16098,2.683543,attack_window,20260508_211709_authorized_keys_W9jmSO,20260508_211655_dirtyfrag_root_authorized_keys_X5ChW3,persistence_auth/authorized_keys,persistence_auth,root_session,execve,yes,0,/usr/bin/stat,stat,stat -c %Y /var/lib/ubuntu-release-upgrader/release-upgrade-available,stat -c %Y /var/lib/ubuntu-release-upgrader/release-upgrade-available,/,/usr/bin/stat,/usr/bin/stat|/lib64/ld-linux-x86-64.so.2,0,0,1001,17468,17462,(none),53,exec,benign,
1778300231,16099,2.684543,attack_window,20260508_211709_authorized_keys_W9jmSO,20260508_211655_dirtyfrag_root_authorized_keys_X5ChW3,persistence_auth/authorized_keys,persistence_auth,root_session,execve,yes,0,/usr/bin/expr,expr,expr 1778282941 + 86400,expr 1778282941 + 86400,/,/usr/bin/expr,/usr/bin/expr|/lib64/ld-linux-x86-64.so.2,0,0,1001,17469,17462,(none),53,exec,benign,
1778300231,16100,2.686543,attack_window,20260508_211709_authorized_keys_W9jmSO,20260508_211655_dirtyfrag_root_authorized_keys_X5ChW3,persistence_auth/authorized_keys,persistence_auth,root_session,execve,yes,0,/usr/bin/dash,92-unattended-u,/bin/sh /etc/update-motd.d/92-unattended-upgrades,/bin/sh /etc/update-motd.d/92-unattended-upgrades,/,/etc/update-motd.d/92-unattended-upgrades,/etc/update-motd.d/92-unattended-upgrades|/bin/sh|/lib64/ld-linux-x86-64.so.2,0,0,1001,17470,17441,(none),53,exec,benign,
1778300231,16101,2.687543,attack_window,20260508_211709_authorized_keys_W9jmSO,20260508_211655_dirtyfrag_root_authorized_keys_X5ChW3,persistence_auth/authorized_keys,persistence_auth,root_session,execve,yes,0,/usr/bin/dash,update-motd-una,/bin/sh /usr/share/unattended-upgrades/update-motd-unattended-upgrades,/bin/sh /etc/update-motd.d/92-unattended-upgrades,/,/usr/share/unattended-upgrades/update-motd-unattended-upgrades,/usr/share/unattended-upgrades/update-motd-unattended-upgrades|/bin/sh|/lib64/ld-linux-x86-64.so.2,0,0,1001,17470,17441,(none),53,exec,benign,
1778300231,16102,2.688543,attack_window,20260508_211709_authorized_keys_W9jmSO,20260508_211655_dirtyfrag_root_authorized_keys_X5ChW3,persistence_auth/authorized_keys,persistence_auth,root_session,execve,yes,0,/usr/bin/dash,95-hwe-eol,/bin/sh /etc/update-motd.d/95-hwe-eol,/bin/sh /etc/update-motd.d/95-hwe-eol,/,/etc/update-motd.d/95-hwe-eol,/etc/update-motd.d/95-hwe-eol|/bin/sh|/lib64/ld-linux-x86-64.so.2,0,0,1001,17471,17441,(none),53,exec,benign,
1778300231,16103,2.690543,attack_window,20260508_211709_authorized_keys_W9jmSO,20260508_211655_dirtyfrag_root_authorized_keys_X5ChW3,persistence_auth/authorized_keys,persistence_auth,root_session,execve,yes,0,/usr/bin/find,find,find /var/lib/update-notifier/hwe-eol -newermt now-1 days,find /var/lib/update-notifier/hwe-eol -newermt now-1 days,/,/usr/bin/find,/usr/bin/find|/lib64/ld-linux-x86-64.so.2,0,0,1001,17472,17471,(none),53,exec,benign,
1778300231,16104,2.691543,attack_window,20260508_211709_authorized_keys_W9jmSO,20260508_211655_dirtyfrag_root_authorized_keys_X5ChW3,persistence_auth/authorized_keys,persistence_auth,root_session,execve,yes,0,/usr/bin/dash,97-overlayroot,/bin/sh /etc/update-motd.d/97-overlayroot,/bin/sh /etc/update-motd.d/97-overlayroot,/,/etc/update-motd.d/97-overlayroot,/etc/update-motd.d/97-overlayroot|/bin/sh|/lib64/ld-linux-x86-64.so.2,0,0,1001,17473,17441,(none),53,exec,benign,
1778300231,16105,2.692543,attack_window,20260508_211709_authorized_keys_W9jmSO,20260508_211655_dirtyfrag_root_authorized_keys_X5ChW3,persistence_auth/authorized_keys,persistence_auth,root_session,execve,yes,0,/usr/bin/dash,egrep,/bin/sh /usr/bin/egrep overlayroot|/media/root-ro|/media/root-rw /proc/mounts,/bin/sh /usr/bin/egrep overlayroot|/media/root-ro|/media/root-rw /proc/mounts,/,/usr/bin/egrep,/usr/bin/egrep|/bin/sh|/lib64/ld-linux-x86-64.so.2,0,0,1001,17475,17474,(none),53,exec,benign,
1778300231,16106,2.692543,attack_window,20260508_211709_authorized_keys_W9jmSO,20260508_211655_dirtyfrag_root_authorized_keys_X5ChW3,persistence_auth/authorized_keys,persistence_auth,root_session,execve,yes,0,/usr/bin/sort,sort,sort -r,sort -r,/,/usr/bin/sort,/usr/bin/sort|/lib64/ld-linux-x86-64.so.2,0,0,1001,17476,17474,(none),53,exec,benign,
1778300231,16107,2.693543,attack_window,20260508_211709_authorized_keys_W9jmSO,20260508_211655_dirtyfrag_root_authorized_keys_X5ChW3,persistence_auth/authorized_keys,persistence_auth,root_session,execve,no,-2,/usr/bin/dash,egrep,,/bin/sh /usr/bin/egrep overlayroot|/media/root-ro|/media/root-rw /proc/mounts,/,/usr/local/sbin/grep,/usr/local/sbin/grep,0,0,1001,17475,17474,(none),53,exec,benign,
1778300231,16108,2.693543,attack_window,20260508_211709_authorized_keys_W9jmSO,20260508_211655_dirtyfrag_root_authorized_keys_X5ChW3,persistence_auth/authorized_keys,persistence_auth,root_session,execve,no,-2,/usr/bin/dash,egrep,,/bin/sh /usr/bin/egrep overlayroot|/media/root-ro|/media/root-rw /proc/mounts,/,/usr/local/bin/grep,/usr/local/bin/grep,0,0,1001,17475,17474,(none),53,exec,benign,
1778300231,16109,2.693543,attack_window,20260508_211709_authorized_keys_W9jmSO,20260508_211655_dirtyfrag_root_authorized_keys_X5ChW3,persistence_auth/authorized_keys,persistence_auth,root_session,execve,no,-2,/usr/bin/dash,egrep,,/bin/sh /usr/bin/egrep overlayroot|/media/root-ro|/media/root-rw /proc/mounts,/,/usr/sbin/grep,/usr/sbin/grep,0,0,1001,17475,17474,(none),53,exec,benign,
1778300231,16110,2.693543,attack_window,20260508_211709_authorized_keys_W9jmSO,20260508_211655_dirtyfrag_root_authorized_keys_X5ChW3,persistence_auth/authorized_keys,persistence_auth,root_session,execve,yes,0,/usr/bin/grep,grep,grep -E overlayroot|/media/root-ro|/media/root-rw /proc/mounts,/bin/sh /usr/bin/egrep overlayroot|/media/root-ro|/media/root-rw /proc/mounts,/,/usr/bin/grep,/usr/bin/grep|/lib64/ld-linux-x86-64.so.2,0,0,1001,17475,17474,(none),53,exec,benign,
1778300231,16111,2.695543,attack_window,20260508_211709_authorized_keys_W9jmSO,20260508_211655_dirtyfrag_root_authorized_keys_X5ChW3,persistence_auth/authorized_keys,persistence_auth,root_session,execve,yes,0,/usr/bin/dash,98-fsck-at-rebo,/bin/sh /etc/update-motd.d/98-fsck-at-reboot,/bin/sh /etc/update-motd.d/98-fsck-at-reboot,/,/etc/update-motd.d/98-fsck-at-reboot,/etc/update-motd.d/98-fsck-at-reboot|/bin/sh|/lib64/ld-linux-x86-64.so.2,0,0,1001,17477,17441,(none),53,exec,benign,
1778300231,16112,2.696543,attack_window,20260508_211709_authorized_keys_W9jmSO,20260508_211655_dirtyfrag_root_authorized_keys_X5ChW3,persistence_auth/authorized_keys,persistence_auth,root_session,execve,yes,0,/usr/bin/dash,update-motd-fsc,/bin/sh /usr/lib/update-notifier/update-motd-fsck-at-reboot,/bin/sh /etc/update-motd.d/98-fsck-at-reboot,/,/usr/lib/update-notifier/update-motd-fsck-at-reboot,/usr/lib/update-notifier/update-motd-fsck-at-reboot|/bin/sh|/lib64/ld-linux-x86-64.so.2,0,0,1001,17477,17441,(none),53,exec,benign,
1778300231,16113,2.698543,attack_window,20260508_211709_authorized_keys_W9jmSO,20260508_211655_dirtyfrag_root_authorized_keys_X5ChW3,persistence_auth/authorized_keys,persistence_auth,root_session,execve,yes,0,/usr/bin/id,id,id -u,id -u,/,/usr/bin/id,/usr/bin/id|/lib64/ld-linux-x86-64.so.2,0,0,1001,17478,17477,(none),53,exec,benign,
1778300231,16114,2.698543,attack_window,20260508_211709_authorized_keys_W9jmSO,20260508_211655_dirtyfrag_root_authorized_keys_X5ChW3,persistence_auth/authorized_keys,persistence_auth,root_session,execve,yes,0,/usr/bin/stat,stat,stat -c %Y /var/lib/update-notifier/fsck-at-reboot,stat -c %Y /var/lib/update-notifier/fsck-at-reboot,/,/usr/bin/stat,/usr/bin/stat|/lib64/ld-linux-x86-64.so.2,0,0,1001,17479,17477,(none),53,exec,benign,
1778300231,16115,2.700543,attack_window,20260508_211709_authorized_keys_W9jmSO,20260508_211655_dirtyfrag_root_authorized_keys_X5ChW3,persistence_auth/authorized_keys,persistence_auth,root_session,execve,yes,0,/usr/bin/gawk,awk,awk {print $1} /proc/uptime,awk {print $1} /proc/uptime,/,/usr/bin/awk,/usr/bin/awk|/lib64/ld-linux-x86-64.so.2,0,0,1001,17481,17480,(none),53,exec,benign,
1778300231,16116,2.702543,attack_window,20260508_211709_authorized_keys_W9jmSO,20260508_211655_dirtyfrag_root_authorized_keys_X5ChW3,persistence_auth/authorized_keys,persistence_auth,root_session,execve,yes,0,/usr/bin/date,date,date -d now - 2477.26 seconds +%s,date -d now - 2477.26 seconds +%s,/,/usr/bin/date,/usr/bin/date|/lib64/ld-linux-x86-64.so.2,0,0,1001,17480,17477,(none),53,exec,benign,
1778300231,16117,2.703543,attack_window,20260508_211709_authorized_keys_W9jmSO,20260508_211655_dirtyfrag_root_authorized_keys_X5ChW3,persistence_auth/authorized_keys,persistence_auth,root_session,execve,yes,0,/usr/bin/date,date,date +%s,date +%s,/,/usr/bin/date,/usr/bin/date|/lib64/ld-linux-x86-64.so.2,0,0,1001,17482,17477,(none),53,exec,benign,
1778300231,16118,2.704543,attack_window,20260508_211709_authorized_keys_W9jmSO,20260508_211655_dirtyfrag_root_authorized_keys_X5ChW3,persistence_auth/authorized_keys,persistence_auth,root_session,execve,yes,0,/usr/bin/cat,cat,cat /var/lib/update-notifier/fsck-at-reboot,cat /var/lib/update-notifier/fsck-at-reboot,/,/usr/bin/cat,/usr/bin/cat|/lib64/ld-linux-x86-64.so.2,0,0,1001,17483,17477,(none),53,exec,benign,
1778300231,16119,2.705543,attack_window,20260508_211709_authorized_keys_W9jmSO,20260508_211655_dirtyfrag_root_authorized_keys_X5ChW3,persistence_auth/authorized_keys,persistence_auth,root_session,execve,yes,0,/usr/bin/dash,98-reboot-requi,/bin/sh /etc/update-motd.d/98-reboot-required,/bin/sh /etc/update-motd.d/98-reboot-required,/,/etc/update-motd.d/98-reboot-required,/etc/update-motd.d/98-reboot-required|/bin/sh|/lib64/ld-linux-x86-64.so.2,0,0,1001,17484,17441,(none),53,exec,benign,
1778300231,16120,2.706543,attack_window,20260508_211709_authorized_keys_W9jmSO,20260508_211655_dirtyfrag_root_authorized_keys_X5ChW3,persistence_auth/authorized_keys,persistence_auth,root_session,execve,yes,0,/usr/bin/dash,update-motd-reb,/bin/sh -e /usr/lib/update-notifier/update-motd-reboot-required,/bin/sh /etc/update-motd.d/98-reboot-required,/,/usr/lib/update-notifier/update-motd-reboot-required,/usr/lib/update-notifier/update-motd-reboot-required|/bin/sh|/lib64/ld-linux-x86-64.so.2,0,0,1001,17484,17441,(none),53,exec,benign,
1778300231,16121,2.707543,attack_window,20260508_211709_authorized_keys_W9jmSO,20260508_211655_dirtyfrag_root_authorized_keys_X5ChW3,persistence_auth/authorized_keys,persistence_auth,root_session,rename,yes,0,/usr/sbin/sshd,sshd,,/usr/sbin/sshd -D -R,/,/run/,/run/|/run/motd.dynamic.new|/run/motd.dynamic,0,0,1001,17431,9653,(none),53,file_destroy,benign,
1778300231,16122,2.707543,attack_window,20260508_211709_authorized_keys_W9jmSO,20260508_211655_dirtyfrag_root_authorized_keys_X5ChW3,persistence_auth/authorized_keys,persistence_auth,root_session,connect,yes,0,/usr/sbin/sshd,sshd,,/usr/sbin/sshd -D -R,/,/run/systemd/userdb/io.systemd.DynamicUser,/run/systemd/userdb/io.systemd.DynamicUser,0,0,1001,17431,9653,(none),53,network_connect,benign,
1778300231,16123,2.708543,attack_window,20260508_211709_authorized_keys_W9jmSO,20260508_211655_dirtyfrag_root_authorized_keys_X5ChW3,persistence_auth/authorized_keys,persistence_auth,root_session,connect,yes,0,/usr/sbin/sshd,sshd,,/usr/sbin/sshd -D -R,/,/run/systemd/userdb/io.systemd.DynamicUser,/run/systemd/userdb/io.systemd.DynamicUser,0,0,1001,17431,9653,(none),53,network_connect,benign,
1778300231,16124,2.708543,attack_window,20260508_211709_authorized_keys_W9jmSO,20260508_211655_dirtyfrag_root_authorized_keys_X5ChW3,persistence_auth/authorized_keys,persistence_auth,root_session,connect,yes,0,/usr/sbin/sshd,sshd,,/usr/sbin/sshd -D -R,/,/run/systemd/userdb/io.systemd.DynamicUser,/run/systemd/userdb/io.systemd.DynamicUser,0,0,1001,17431,9653,(none),53,network_connect,benign,
1778300231,16125,2.708543,attack_window,20260508_211709_authorized_keys_W9jmSO,20260508_211655_dirtyfrag_root_authorized_keys_X5ChW3,persistence_auth/authorized_keys,persistence_auth,root_session,connect,yes,0,/usr/sbin/sshd,sshd,,/usr/sbin/sshd -D -R,/,/run/systemd/userdb/io.systemd.DynamicUser,/run/systemd/userdb/io.systemd.DynamicUser,0,0,1001,17431,9653,(none),53,network_connect,benign,
1778300231,16126,2.709543,attack_window,20260508_211709_authorized_keys_W9jmSO,20260508_211655_dirtyfrag_root_authorized_keys_X5ChW3,persistence_auth/authorized_keys,persistence_auth,root_session,connect,yes,0,/usr/sbin/sshd,sshd,,/usr/sbin/sshd -D -R,/,/run/systemd/userdb/io.systemd.DynamicUser,/run/systemd/userdb/io.systemd.DynamicUser,0,0,1001,17431,9653,(none),53,network_connect,benign,
1778300231,16127,2.709543,attack_window,20260508_211709_authorized_keys_W9jmSO,20260508_211655_dirtyfrag_root_authorized_keys_X5ChW3,persistence_auth/authorized_keys,persistence_auth,root_session,,,,,,,,,,,,,,,,,,,ambiguous,
1778300231,16128,2.710543,attack_window,20260508_211709_authorized_keys_W9jmSO,20260508_211655_dirtyfrag_root_authorized_keys_X5ChW3,persistence_auth/authorized_keys,persistence_auth,root_session,setgid,yes,0,/usr/sbin/sshd,sshd,,sshd: deploy-rkejw [priv],,,,0,0,1001,17485,17431,(none),53,privilege_transition,benign,
1778300231,16129,2.710543,attack_window,20260508_211709_authorized_keys_W9jmSO,20260508_211655_dirtyfrag_root_authorized_keys_X5ChW3,persistence_auth/authorized_keys,persistence_auth,root_session,connect,yes,0,/usr/sbin/sshd,sshd,,sshd: deploy-rkejw [priv],/,/run/systemd/userdb/io.systemd.DynamicUser,/run/systemd/userdb/io.systemd.DynamicUser,0,0,1001,17485,17431,(none),53,network_connect,benign,
1778300231,16130,2.710543,attack_window,20260508_211709_authorized_keys_W9jmSO,20260508_211655_dirtyfrag_root_authorized_keys_X5ChW3,persistence_auth/authorized_keys,persistence_auth,root_session,connect,yes,0,/usr/sbin/sshd,sshd,,sshd: deploy-rkejw [priv],/,/run/systemd/userdb/io.systemd.DynamicUser,/run/systemd/userdb/io.systemd.DynamicUser,0,0,1001,17485,17431,(none),53,network_connect,benign,
1778300231,16131,2.711543,attack_window,20260508_211709_authorized_keys_W9jmSO,20260508_211655_dirtyfrag_root_authorized_keys_X5ChW3,persistence_auth/authorized_keys,persistence_auth,root_session,126,yes,0,/usr/sbin/sshd,sshd,,sshd: deploy-rkejw [priv],,,,0,0,1001,17485,17431,(none),53,privilege_transition,benign,
1778300231,16132,2.711543,attack_window,20260508_211709_authorized_keys_W9jmSO,20260508_211655_dirtyfrag_root_authorized_keys_X5ChW3,persistence_auth/authorized_keys,persistence_auth,root_session,,,,,,,,,,,,,,,,,,,ambiguous,
1778300231,16133,2.711543,attack_window,20260508_211709_authorized_keys_W9jmSO,20260508_211655_dirtyfrag_root_authorized_keys_X5ChW3,persistence_auth/authorized_keys,persistence_auth,root_session,setresgid,yes,0,/usr/sbin/sshd,sshd,,sshd: deploy-rkejw [priv],,,,0,0,1001,17485,17431,(none),53,privilege_transition,benign,
1778300231,16134,2.711543,attack_window,20260508_211709_authorized_keys_W9jmSO,20260508_211655_dirtyfrag_root_authorized_keys_X5ChW3,persistence_auth/authorized_keys,persistence_auth,root_session,setresuid,yes,0,/usr/sbin/sshd,sshd,,sshd: deploy-rkejw [priv],,,,1001,1001,1001,17485,17431,(none),53,privilege_transition,benign,
1778300231,16135,2.711543,attack_window,20260508_211709_authorized_keys_W9jmSO,20260508_211655_dirtyfrag_root_authorized_keys_X5ChW3,persistence_auth/authorized_keys,persistence_auth,root_session,setuid,no,-1,/usr/sbin/sshd,sshd,,sshd: deploy-rkejw [priv],,,,1001,1001,1001,17485,17431,(none),53,privilege_transition,benign,
1778300231,16136,2.711543,attack_window,20260508_211709_authorized_keys_W9jmSO,20260508_211655_dirtyfrag_root_authorized_keys_X5ChW3,persistence_auth/authorized_keys,persistence_auth,root_session,setresuid,no,-1,/usr/sbin/sshd,sshd,,sshd: deploy-rkejw [priv],,,,1001,1001,1001,17485,17431,(none),53,privilege_transition,benign,
1778300231,16137,2.763543,attack_window,20260508_211709_authorized_keys_W9jmSO,20260508_211655_dirtyfrag_root_authorized_keys_X5ChW3,persistence_auth/authorized_keys,persistence_auth,root_session,execve,yes,0,/usr/bin/bash,bash,"bash -c epoch=$(date +%s.%N) iso=$(date -Is) marker=END\ run_id=20260508_211709_authorized_keys_W9jmSO\ chain_id=20260508_211655_dirtyfrag_root_authorized_keys_X5ChW3\ delivery=root_session\ payload=persistence_auth/authorized_keys\ category=persistence_auth\ success=true marker=""$marker epoch=$epoch iso=$iso"" logger -t aegis_attack_marker -- ""$marker"" printf 'target_epoch=%s\n' ""$epoch"" printf 'target_iso=%s\n' ""$iso""",bash -c epoch=$(date +%s.%N) iso=$(date -Is) marker=END\ run_id=20260508_211709_authorized_keys_W9jmSO\,/home/deploy-rkejw,/bin/bash,/bin/bash|/lib64/ld-linux-x86-64.so.2,1001,1001,1001,17486,17485,(none),53,shell_exec,benign,
1778300231,16138,2.765543,attack_window,20260508_211709_authorized_keys_W9jmSO,20260508_211655_dirtyfrag_root_authorized_keys_X5ChW3,persistence_auth/authorized_keys,persistence_auth,root_session,execve,yes,0,/usr/bin/date,date,date +%s.%N,date +%s.%N,/home/deploy-rkejw,/usr/bin/date,/usr/bin/date|/lib64/ld-linux-x86-64.so.2,1001,1001,1001,17487,17486,(none),53,exec,benign,
1778300231,16139,2.766543,attack_window,20260508_211709_authorized_keys_W9jmSO,20260508_211655_dirtyfrag_root_authorized_keys_X5ChW3,persistence_auth/authorized_keys,persistence_auth,root_session,execve,yes,0,/usr/bin/date,date,date -Is,date -Is,/home/deploy-rkejw,/usr/bin/date,/usr/bin/date|/lib64/ld-linux-x86-64.so.2,1001,1001,1001,17488,17486,(none),53,exec,benign,
1778300231,16140,2.767543,post_context,20260508_211709_authorized_keys_W9jmSO,20260508_211655_dirtyfrag_root_authorized_keys_X5ChW3,persistence_auth/authorized_keys,persistence_auth,root_session,execve,yes,0,/usr/bin/logger,logger,logger -t aegis_attack_marker -- END run_id=20260508_211709_authorized_keys_W9jmSO chain_id=20260508_211655_dirtyfrag_root_authorized_keys_X5ChW3 delivery=root_session payload=persistence_auth/authorized_keys category=persistence_auth success=true epoch=1778300230.978939899 iso=2026-05-09T04:17:10+00:00,logger -t aegis_attack_marker -- END run_id=20260508_211709_authorized_keys_W9jmSO chain_id=20260508_211655_dirtyfrag_root_autho,/home/deploy-rkejw,/usr/bin/logger,/usr/bin/logger|/lib64/ld-linux-x86-64.so.2,1001,1001,1001,17489,17486,(none),53,exec,benign,
1778300231,16141,2.768543,post_context,20260508_211709_authorized_keys_W9jmSO,20260508_211655_dirtyfrag_root_authorized_keys_X5ChW3,persistence_auth/authorized_keys,persistence_auth,root_session,connect,yes,0,/usr/bin/logger,logger,,logger -t aegis_attack_marker -- END run_id=20260508_211709_authorized_keys_W9jmSO chain_id=20260508_211655_dirtyfrag_root_autho,/home/deploy-rkejw,/dev/log,/dev/log,1001,1001,1001,17489,17486,(none),53,network_connect,benign,
1778300231,16142,2.769543,post_context,20260508_211709_authorized_keys_W9jmSO,20260508_211655_dirtyfrag_root_authorized_keys_X5ChW3,persistence_auth/authorized_keys,persistence_auth,root_session,connect,yes,0,/usr/sbin/sshd,sshd,,sshd: deploy-rkejw [priv],/,/dev/log,/dev/log,1001,1001,1001,17485,17431,(none),53,network_connect,benign,
1778300231,16143,2.770543,post_context,20260508_211709_authorized_keys_W9jmSO,20260508_211655_dirtyfrag_root_authorized_keys_X5ChW3,persistence_auth/authorized_keys,persistence_auth,root_session,114,yes,0,/usr/sbin/sshd,sshd,,/usr/sbin/sshd -D -R,,,,0,0,1001,17431,9653,(none),53,privilege_transition,benign,
1778300231,16144,2.770543,post_context,20260508_211709_authorized_keys_W9jmSO,20260508_211655_dirtyfrag_root_authorized_keys_X5ChW3,persistence_auth/authorized_keys,persistence_auth,root_session,setresuid,yes,0,/usr/sbin/sshd,sshd,,/usr/sbin/sshd -D -R,,,,0,1001,1001,17431,9653,(none),53,privilege_transition,benign,
1778300231,16145,2.770543,post_context,20260508_211709_authorized_keys_W9jmSO,20260508_211655_dirtyfrag_root_authorized_keys_X5ChW3,persistence_auth/authorized_keys,persistence_auth,root_session,113,yes,0,/usr/sbin/sshd,sshd,,/usr/sbin/sshd -D -R,,,,0,0,1001,17431,9653,(none),53,privilege_transition,benign,
1778300231,16146,2.770543,post_context,20260508_211709_authorized_keys_W9jmSO,20260508_211655_dirtyfrag_root_authorized_keys_X5ChW3,persistence_auth/authorized_keys,persistence_auth,root_session,114,yes,0,/usr/sbin/sshd,sshd,,/usr/sbin/sshd -D -R,,,,0,0,1001,17431,9653,(none),53,privilege_transition,benign,
1778300231,16147,2.770543,post_context,20260508_211709_authorized_keys_W9jmSO,20260508_211655_dirtyfrag_root_authorized_keys_X5ChW3,persistence_auth/authorized_keys,persistence_auth,root_session,connect,yes,0,/usr/sbin/sshd,sshd,,/usr/sbin/sshd -D -R,/,/run/dbus/system_bus_socket,/run/dbus/system_bus_socket,0,0,1001,17431,9653,(none),53,network_connect,benign,
1778300231,16148,2.771543,post_context,20260508_211709_authorized_keys_W9jmSO,20260508_211655_dirtyfrag_root_authorized_keys_X5ChW3,persistence_auth/authorized_keys,persistence_auth,root_session,,,,,,,,,,,,,,,,,,,benign,
1778300231,16149,2.771543,post_context,20260508_211709_authorized_keys_W9jmSO,20260508_211655_dirtyfrag_root_authorized_keys_X5ChW3,persistence_auth/authorized_keys,persistence_auth,root_session,,,,,,,,,,,,,,,,,,,benign,
1778300231,16150,2.771543,post_context,20260508_211709_authorized_keys_W9jmSO,20260508_211655_dirtyfrag_root_authorized_keys_X5ChW3,persistence_auth/authorized_keys,persistence_auth,root_session,setresgid,yes,0,/usr/sbin/sshd,sshd,,/usr/sbin/sshd -D -R,,,,0,0,1001,17431,9653,(none),53,privilege_transition,benign,
1778300231,16151,2.771543,post_context,20260508_211709_authorized_keys_W9jmSO,20260508_211655_dirtyfrag_root_authorized_keys_X5ChW3,persistence_auth/authorized_keys,persistence_auth,root_session,setresuid,yes,0,/usr/sbin/sshd,sshd,,/usr/sbin/sshd -D -R,,,,0,1001,1001,17431,9653,(none),53,privilege_transition,benign,
1778300231,16152,2.771543,post_context,20260508_211709_authorized_keys_W9jmSO,20260508_211655_dirtyfrag_root_authorized_keys_X5ChW3,persistence_auth/authorized_keys,persistence_auth,root_session,setresuid,yes,0,/usr/sbin/sshd,sshd,,/usr/sbin/sshd -D -R,,,,0,0,1001,17431,9653,(none),53,privilege_transition,benign,
1778300231,16153,2.771543,post_context,20260508_211709_authorized_keys_W9jmSO,20260508_211655_dirtyfrag_root_authorized_keys_X5ChW3,persistence_auth/authorized_keys,persistence_auth,root_session,setresgid,yes,0,/usr/sbin/sshd,sshd,,/usr/sbin/sshd -D -R,,,,0,0,1001,17431,9653,(none),53,privilege_transition,benign,
1778300231,16154,2.810543,post_context,20260508_211709_authorized_keys_W9jmSO,20260508_211655_dirtyfrag_root_authorized_keys_X5ChW3,persistence_auth/authorized_keys,persistence_auth,root_session,execve,yes,0,/usr/sbin/sshd,sshd,/usr/sbin/sshd -D -R,/usr/sbin/sshd -D -R,/,/usr/sbin/sshd,/usr/sbin/sshd|/lib64/ld-linux-x86-64.so.2,0,0,4294967295,17490,9653,(none),4294967295,exec,benign,
1778300231,16155,2.813543,post_context,20260508_211709_authorized_keys_W9jmSO,20260508_211655_dirtyfrag_root_authorized_keys_X5ChW3,persistence_auth/authorized_keys,persistence_auth,root_session,connect,no,-2,/usr/sbin/sshd,sshd,,/usr/sbin/sshd -D -R,/,/var/run/nscd/socket,/var/run/nscd/socket,0,0,4294967295,17490,9653,(none),4294967295,network_connect,benign,
1778300231,16156,2.813543,post_context,20260508_211709_authorized_keys_W9jmSO,20260508_211655_dirtyfrag_root_authorized_keys_X5ChW3,persistence_auth/authorized_keys,persistence_auth,root_session,connect,yes,0,/usr/sbin/sshd,sshd,,/usr/sbin/sshd -D -R,,,,0,0,4294967295,17490,9653,(none),4294967295,network_connect,benign,
1778300231,16157,2.813543,post_context,20260508_211709_authorized_keys_W9jmSO,20260508_211655_dirtyfrag_root_authorized_keys_X5ChW3,persistence_auth/authorized_keys,persistence_auth,root_session,connect,yes,0,/usr/sbin/sshd,sshd,,/usr/sbin/sshd -D -R,,,,0,0,4294967295,17490,9653,(none),4294967295,network_connect,benign,
1778300231,16158,2.813543,post_context,20260508_211709_authorized_keys_W9jmSO,20260508_211655_dirtyfrag_root_authorized_keys_X5ChW3,persistence_auth/authorized_keys,persistence_auth,root_session,connect,yes,0,/usr/sbin/sshd,sshd,,/usr/sbin/sshd -D -R,,,,0,0,4294967295,17490,9653,(none),4294967295,network_connect,benign,
1778300231,16159,2.813543,post_context,20260508_211709_authorized_keys_W9jmSO,20260508_211655_dirtyfrag_root_authorized_keys_X5ChW3,persistence_auth/authorized_keys,persistence_auth,root_session,connect,no,-2,/usr/sbin/sshd,sshd,,/usr/sbin/sshd -D -R,/,/var/run/nscd/socket,/var/run/nscd/socket,0,0,4294967295,17490,9653,(none),4294967295,network_connect,benign,
1778300231,16160,2.813543,post_context,20260508_211709_authorized_keys_W9jmSO,20260508_211655_dirtyfrag_root_authorized_keys_X5ChW3,persistence_auth/authorized_keys,persistence_auth,root_session,connect,no,-2,/usr/sbin/sshd,sshd,,/usr/sbin/sshd -D -R,/,/var/run/nscd/socket,/var/run/nscd/socket,0,0,4294967295,17490,9653,(none),4294967295,network_connect,benign,
1778300231,16161,2.815543,post_context,20260508_211709_authorized_keys_W9jmSO,20260508_211655_dirtyfrag_root_authorized_keys_X5ChW3,persistence_auth/authorized_keys,persistence_auth,root_session,setresgid,yes,0,/usr/sbin/sshd,sshd,,sshd: [accepted],,,,0,0,4294967295,17491,17490,(none),4294967295,privilege_transition,benign,
1778300231,16162,2.815543,post_context,20260508_211709_authorized_keys_W9jmSO,20260508_211655_dirtyfrag_root_authorized_keys_X5ChW3,persistence_auth/authorized_keys,persistence_auth,root_session,setresuid,yes,0,/usr/sbin/sshd,sshd,,sshd: [accepted],,,,109,109,4294967295,17491,17490,(none),4294967295,privilege_transition,benign,
1778300231,16163,2.815543,post_context,20260508_211709_authorized_keys_W9jmSO,20260508_211655_dirtyfrag_root_authorized_keys_X5ChW3,persistence_auth/authorized_keys,persistence_auth,root_session,setgid,no,-1,/usr/sbin/sshd,sshd,,sshd: [accepted],,,,109,109,4294967295,17491,17490,(none),4294967295,privilege_transition,benign,
1778300231,16164,2.815543,post_context,20260508_211709_authorized_keys_W9jmSO,20260508_211655_dirtyfrag_root_authorized_keys_X5ChW3,persistence_auth/authorized_keys,persistence_auth,root_session,setresgid,no,-1,/usr/sbin/sshd,sshd,,sshd: [accepted],,,,109,109,4294967295,17491,17490,(none),4294967295,privilege_transition,benign,
1778300231,16165,2.815543,post_context,20260508_211709_authorized_keys_W9jmSO,20260508_211655_dirtyfrag_root_authorized_keys_X5ChW3,persistence_auth/authorized_keys,persistence_auth,root_session,setuid,no,-1,/usr/sbin/sshd,sshd,,sshd: [accepted],,,,109,109,4294967295,17491,17490,(none),4294967295,privilege_transition,benign,
1778300231,16166,2.815543,post_context,20260508_211709_authorized_keys_W9jmSO,20260508_211655_dirtyfrag_root_authorized_keys_X5ChW3,persistence_auth/authorized_keys,persistence_auth,root_session,setresuid,no,-1,/usr/sbin/sshd,sshd,,sshd: [accepted],,,,109,109,4294967295,17491,17490,(none),4294967295,privilege_transition,benign,
1778300231,16167,2.914543,post_context,20260508_211709_authorized_keys_W9jmSO,20260508_211655_dirtyfrag_root_authorized_keys_X5ChW3,persistence_auth/authorized_keys,persistence_auth,root_session,connect,no,-2,/usr/sbin/sshd,sshd,,/usr/sbin/sshd -D -R,/,/var/run/nscd/socket,/var/run/nscd/socket,0,0,4294967295,17490,9653,(none),4294967295,network_connect,benign,
1778300231,16168,2.914543,post_context,20260508_211709_authorized_keys_W9jmSO,20260508_211655_dirtyfrag_root_authorized_keys_X5ChW3,persistence_auth/authorized_keys,persistence_auth,root_session,connect,no,-2,/usr/sbin/sshd,sshd,,/usr/sbin/sshd -D -R,/,/var/run/nscd/socket,/var/run/nscd/socket,0,0,4294967295,17490,9653,(none),4294967295,network_connect,benign,
1778300231,16169,2.914543,post_context,20260508_211709_authorized_keys_W9jmSO,20260508_211655_dirtyfrag_root_authorized_keys_X5ChW3,persistence_auth/authorized_keys,persistence_auth,root_session,connect,yes,0,/usr/sbin/sshd,sshd,,/usr/sbin/sshd -D -R,/,/run/systemd/userdb/io.systemd.DynamicUser,/run/systemd/userdb/io.systemd.DynamicUser,0,0,4294967295,17490,9653,(none),4294967295,network_connect,benign,
1778300231,16170,2.914543,post_context,20260508_211709_authorized_keys_W9jmSO,20260508_211655_dirtyfrag_root_authorized_keys_X5ChW3,persistence_auth/authorized_keys,persistence_auth,root_session,setresgid,yes,0,/usr/sbin/sshd,sshd,,/usr/sbin/sshd -D -R,,,,0,0,4294967295,17490,9653,(none),4294967295,privilege_transition,benign,
1778300231,16171,2.914543,post_context,20260508_211709_authorized_keys_W9jmSO,20260508_211655_dirtyfrag_root_authorized_keys_X5ChW3,persistence_auth/authorized_keys,persistence_auth,root_session,setresuid,yes,0,/usr/sbin/sshd,sshd,,/usr/sbin/sshd -D -R,,,,0,1001,4294967295,17490,9653,(none),4294967295,privilege_transition,benign,
1778300231,16172,2.915543,post_context,20260508_211709_authorized_keys_W9jmSO,20260508_211655_dirtyfrag_root_authorized_keys_X5ChW3,persistence_auth/authorized_keys,persistence_auth,root_session,setresuid,yes,0,/usr/sbin/sshd,sshd,,/usr/sbin/sshd -D -R,,,,0,0,4294967295,17490,9653,(none),4294967295,privilege_transition,benign,
1778300231,16173,2.915543,post_context,20260508_211709_authorized_keys_W9jmSO,20260508_211655_dirtyfrag_root_authorized_keys_X5ChW3,persistence_auth/authorized_keys,persistence_auth,root_session,setresgid,yes,0,/usr/sbin/sshd,sshd,,/usr/sbin/sshd -D -R,,,,0,0,4294967295,17490,9653,(none),4294967295,privilege_transition,benign,
1778300231,16174,2.915543,post_context,20260508_211709_authorized_keys_W9jmSO,20260508_211655_dirtyfrag_root_authorized_keys_X5ChW3,persistence_auth/authorized_keys,persistence_auth,root_session,setresgid,yes,0,/usr/sbin/sshd,sshd,,/usr/sbin/sshd -D -R,,,,0,0,4294967295,17490,9653,(none),4294967295,privilege_transition,benign,
1778300231,16175,2.915543,post_context,20260508_211709_authorized_keys_W9jmSO,20260508_211655_dirtyfrag_root_authorized_keys_X5ChW3,persistence_auth/authorized_keys,persistence_auth,root_session,setresuid,yes,0,/usr/sbin/sshd,sshd,,/usr/sbin/sshd -D -R,,,,0,1001,4294967295,17490,9653,(none),4294967295,privilege_transition,benign,
1778300231,16176,2.915543,post_context,20260508_211709_authorized_keys_W9jmSO,20260508_211655_dirtyfrag_root_authorized_keys_X5ChW3,persistence_auth/authorized_keys,persistence_auth,root_session,setresuid,yes,0,/usr/sbin/sshd,sshd,,/usr/sbin/sshd -D -R,,,,0,0,4294967295,17490,9653,(none),4294967295,privilege_transition,benign,
1778300231,16177,2.915543,post_context,20260508_211709_authorized_keys_W9jmSO,20260508_211655_dirtyfrag_root_authorized_keys_X5ChW3,persistence_auth/authorized_keys,persistence_auth,root_session,setresgid,yes,0,/usr/sbin/sshd,sshd,,/usr/sbin/sshd -D -R,,,,0,0,4294967295,17490,9653,(none),4294967295,privilege_transition,benign,
1778300231,16178,2.915543,post_context,20260508_211709_authorized_keys_W9jmSO,20260508_211655_dirtyfrag_root_authorized_keys_X5ChW3,persistence_auth/authorized_keys,persistence_auth,root_session,,,,,,,,,,,,,,,,,,,benign,
1778300231,16179,2.923543,post_context,20260508_211709_authorized_keys_W9jmSO,20260508_211655_dirtyfrag_root_authorized_keys_X5ChW3,persistence_auth/authorized_keys,persistence_auth,root_session,setresgid,yes,0,/usr/sbin/sshd,sshd,,/usr/sbin/sshd -D -R,,,,0,0,4294967295,17490,9653,(none),4294967295,privilege_transition,benign,
1778300231,16180,2.923543,post_context,20260508_211709_authorized_keys_W9jmSO,20260508_211655_dirtyfrag_root_authorized_keys_X5ChW3,persistence_auth/authorized_keys,persistence_auth,root_session,setresuid,yes,0,/usr/sbin/sshd,sshd,,/usr/sbin/sshd -D -R,,,,0,1001,4294967295,17490,9653,(none),4294967295,privilege_transition,benign,
1778300231,16181,2.923543,post_context,20260508_211709_authorized_keys_W9jmSO,20260508_211655_dirtyfrag_root_authorized_keys_X5ChW3,persistence_auth/authorized_keys,persistence_auth,root_session,setresuid,yes,0,/usr/sbin/sshd,sshd,,/usr/sbin/sshd -D -R,,,,0,0,4294967295,17490,9653,(none),4294967295,privilege_transition,benign,
1778300231,16182,2.923543,post_context,20260508_211709_authorized_keys_W9jmSO,20260508_211655_dirtyfrag_root_authorized_keys_X5ChW3,persistence_auth/authorized_keys,persistence_auth,root_session,setresgid,yes,0,/usr/sbin/sshd,sshd,,/usr/sbin/sshd -D -R,,,,0,0,4294967295,17490,9653,(none),4294967295,privilege_transition,benign,
1778300231,16183,2.923543,post_context,20260508_211709_authorized_keys_W9jmSO,20260508_211655_dirtyfrag_root_authorized_keys_X5ChW3,persistence_auth/authorized_keys,persistence_auth,root_session,setresgid,yes,0,/usr/sbin/sshd,sshd,,/usr/sbin/sshd -D -R,,,,0,0,4294967295,17490,9653,(none),4294967295,privilege_transition,benign,
1778300231,16184,2.923543,post_context,20260508_211709_authorized_keys_W9jmSO,20260508_211655_dirtyfrag_root_authorized_keys_X5ChW3,persistence_auth/authorized_keys,persistence_auth,root_session,setresuid,yes,0,/usr/sbin/sshd,sshd,,/usr/sbin/sshd -D -R,,,,0,1001,4294967295,17490,9653,(none),4294967295,privilege_transition,benign,
1778300231,16185,2.923543,post_context,20260508_211709_authorized_keys_W9jmSO,20260508_211655_dirtyfrag_root_authorized_keys_X5ChW3,persistence_auth/authorized_keys,persistence_auth,root_session,setresuid,yes,0,/usr/sbin/sshd,sshd,,/usr/sbin/sshd -D -R,,,,0,0,4294967295,17490,9653,(none),4294967295,privilege_transition,benign,
1778300231,16186,2.923543,post_context,20260508_211709_authorized_keys_W9jmSO,20260508_211655_dirtyfrag_root_authorized_keys_X5ChW3,persistence_auth/authorized_keys,persistence_auth,root_session,setresgid,yes,0,/usr/sbin/sshd,sshd,,/usr/sbin/sshd -D -R,,,,0,0,4294967295,17490,9653,(none),4294967295,privilege_transition,benign,
1778300231,16187,2.923543,post_context,20260508_211709_authorized_keys_W9jmSO,20260508_211655_dirtyfrag_root_authorized_keys_X5ChW3,persistence_auth/authorized_keys,persistence_auth,root_session,,,,,,,,,,,,,,,,,,,benign,
1778300231,16188,2.952543,post_context,20260508_211709_authorized_keys_W9jmSO,20260508_211655_dirtyfrag_root_authorized_keys_X5ChW3,persistence_auth/authorized_keys,persistence_auth,root_session,connect,yes,0,/usr/sbin/sshd,sshd,,/usr/sbin/sshd -D -R,/,/run/systemd/userdb/io.systemd.DynamicUser,/run/systemd/userdb/io.systemd.DynamicUser,0,0,4294967295,17490,9653,(none),4294967295,network_connect,benign,
1778300231,16189,2.953543,post_context,20260508_211709_authorized_keys_W9jmSO,20260508_211655_dirtyfrag_root_authorized_keys_X5ChW3,persistence_auth/authorized_keys,persistence_auth,root_session,,,,,,,,,,,,,,,,,,,benign,
1778300231,16190,2.964543,post_context,20260508_211709_authorized_keys_W9jmSO,20260508_211655_dirtyfrag_root_authorized_keys_X5ChW3,persistence_auth/authorized_keys,persistence_auth,root_session,,,,,,,,,,,,,,,,,,,benign,
1778300231,16191,2.964543,post_context,20260508_211709_authorized_keys_W9jmSO,20260508_211655_dirtyfrag_root_authorized_keys_X5ChW3,persistence_auth/authorized_keys,persistence_auth,root_session,connect,yes,0,/usr/sbin/sshd,sshd,,/usr/sbin/sshd -D -R,/,/dev/log,/dev/log,0,0,4294967295,17490,9653,(none),4294967295,network_connect,benign,
1778300231,16192,2.964543,post_context,20260508_211709_authorized_keys_W9jmSO,20260508_211655_dirtyfrag_root_authorized_keys_X5ChW3,persistence_auth/authorized_keys,persistence_auth,root_session,connect,yes,0,/usr/sbin/sshd,sshd,,/usr/sbin/sshd -D -R,/,/run/systemd/userdb/io.systemd.DynamicUser,/run/systemd/userdb/io.systemd.DynamicUser,0,0,4294967295,17490,9653,(none),4294967295,network_connect,benign,
1778300231,16193,2.965543,post_context,20260508_211709_authorized_keys_W9jmSO,20260508_211655_dirtyfrag_root_authorized_keys_X5ChW3,persistence_auth/authorized_keys,persistence_auth,root_session,126,yes,0,/usr/sbin/sshd,sshd,,/usr/sbin/sshd -D -R,,,,0,0,4294967295,17490,9653,(none),4294967295,privilege_transition,benign,
1778300231,16194,2.965543,post_context,20260508_211709_authorized_keys_W9jmSO,20260508_211655_dirtyfrag_root_authorized_keys_X5ChW3,persistence_auth/authorized_keys,persistence_auth,root_session,,,,,,,,,,,,,,,,,,,benign,
1778300231,16195,2.965543,post_context,20260508_211709_authorized_keys_W9jmSO,20260508_211655_dirtyfrag_root_authorized_keys_X5ChW3,persistence_auth/authorized_keys,persistence_auth,root_session,77,yes,0,/usr/sbin/sshd,sshd,,/usr/sbin/sshd -D -R,,,,0,0,4294967295,17490,9653,(none),4294967295,file_destroy,benign,
1778300231,16196,2.965543,post_context,20260508_211709_authorized_keys_W9jmSO,20260508_211655_dirtyfrag_root_authorized_keys_X5ChW3,persistence_auth/authorized_keys,persistence_auth,root_session,write,yes,4,/usr/sbin/sshd,sshd,,/usr/sbin/sshd -D -R,,,,0,0,1001,17490,9653,(none),54,(null),benign,
1778300231,16197,2.965543,post_context,20260508_211709_authorized_keys_W9jmSO,20260508_211655_dirtyfrag_root_authorized_keys_X5ChW3,persistence_auth/authorized_keys,persistence_auth,root_session,114,yes,0,/usr/sbin/sshd,sshd,,/usr/sbin/sshd -D -R,,,,0,0,1001,17490,9653,(none),54,privilege_transition,benign,
1778300231,16198,2.965543,post_context,20260508_211709_authorized_keys_W9jmSO,20260508_211655_dirtyfrag_root_authorized_keys_X5ChW3,persistence_auth/authorized_keys,persistence_auth,root_session,113,yes,0,/usr/sbin/sshd,sshd,,/usr/sbin/sshd -D -R,,,,1001,0,1001,17490,9653,(none),54,privilege_transition,benign,
1778300231,16199,2.965543,post_context,20260508_211709_authorized_keys_W9jmSO,20260508_211655_dirtyfrag_root_authorized_keys_X5ChW3,persistence_auth/authorized_keys,persistence_auth,root_session,113,yes,0,/usr/sbin/sshd,sshd,,/usr/sbin/sshd -D -R,,,,0,0,1001,17490,9653,(none),54,privilege_transition,benign,
1778300231,16200,2.965543,post_context,20260508_211709_authorized_keys_W9jmSO,20260508_211655_dirtyfrag_root_authorized_keys_X5ChW3,persistence_auth/authorized_keys,persistence_auth,root_session,114,yes,0,/usr/sbin/sshd,sshd,,/usr/sbin/sshd -D -R,,,,0,0,1001,17490,9653,(none),54,privilege_transition,benign,
1778300231,16201,2.965543,post_context,20260508_211709_authorized_keys_W9jmSO,20260508_211655_dirtyfrag_root_authorized_keys_X5ChW3,persistence_auth/authorized_keys,persistence_auth,root_session,connect,yes,0,/usr/sbin/sshd,sshd,,/usr/sbin/sshd -D -R,/,/dev/log,/dev/log,0,0,1001,17490,9653,(none),54,network_connect,benign,
1778300231,16202,2.965543,post_context,20260508_211709_authorized_keys_W9jmSO,20260508_211655_dirtyfrag_root_authorized_keys_X5ChW3,persistence_auth/authorized_keys,persistence_auth,root_session,connect,no,-2,/usr/sbin/sshd,sshd,,/usr/sbin/sshd -D -R,/,/run/systemd/userdb/io.systemd.Multiplexer,/run/systemd/userdb/io.systemd.Multiplexer,0,0,1001,17490,9653,(none),54,network_connect,benign,
1778300231,16203,2.965543,post_context,20260508_211709_authorized_keys_W9jmSO,20260508_211655_dirtyfrag_root_authorized_keys_X5ChW3,persistence_auth/authorized_keys,persistence_auth,root_session,connect,yes,0,/usr/sbin/sshd,sshd,,/usr/sbin/sshd -D -R,/,/run/systemd/userdb/io.systemd.DynamicUser,/run/systemd/userdb/io.systemd.DynamicUser,0,0,1001,17490,9653,(none),54,network_connect,benign,
1778300231,16204,2.966543,post_context,20260508_211709_authorized_keys_W9jmSO,20260508_211655_dirtyfrag_root_authorized_keys_X5ChW3,persistence_auth/authorized_keys,persistence_auth,root_session,connect,yes,0,/usr/sbin/sshd,sshd,,/usr/sbin/sshd -D -R,/,/run/dbus/system_bus_socket,/run/dbus/system_bus_socket,0,0,1001,17490,9653,(none),54,network_connect,benign,
1778300231,16205,2.981543,post_context,20260508_211709_authorized_keys_W9jmSO,20260508_211655_dirtyfrag_root_authorized_keys_X5ChW3,persistence_auth/authorized_keys,persistence_auth,root_session,execve,yes,0,/usr/bin/dash,sh,sh -c -- /usr/bin/env -i PATH=/usr/local/sbin:/usr/local/bin:/usr/sbin:/usr/bin:/sbin:/bin run-parts --lsbsysinit /etc/update-motd.d > /run/motd.dynamic.new,sh -c -- /usr/bin/env -i PATH=/usr/local/sbin:/usr/local/bin:/usr/sbin:/usr/bin:/sbin:/bin run-parts --lsbsysinit /etc/update-mo,/,/bin/sh,/bin/sh|/lib64/ld-linux-x86-64.so.2,0,0,1001,17492,17490,(none),54,exec,benign,
1778300231,16206,2.983543,post_context,20260508_211709_authorized_keys_W9jmSO,20260508_211655_dirtyfrag_root_authorized_keys_X5ChW3,persistence_auth/authorized_keys,persistence_auth,root_session,execve,yes,0,/usr/bin/env,env,/usr/bin/env -i PATH=/usr/local/sbin:/usr/local/bin:/usr/sbin:/usr/bin:/sbin:/bin run-parts --lsbsysinit /etc/update-motd.d,/usr/bin/env -i PATH=/usr/local/sbin:/usr/local/bin:/usr/sbin:/usr/bin:/sbin:/bin run-parts --lsbsysinit /etc/update-motd.d,/,/usr/bin/env,/usr/bin/env|/lib64/ld-linux-x86-64.so.2,0,0,1001,17493,17492,(none),54,exec,benign,
1778300231,16207,2.984543,post_context,20260508_211709_authorized_keys_W9jmSO,20260508_211655_dirtyfrag_root_authorized_keys_X5ChW3,persistence_auth/authorized_keys,persistence_auth,root_session,execve,no,-2,/usr/bin/env,env,,/usr/bin/env -i PATH=/usr/local/sbin:/usr/local/bin:/usr/sbin:/usr/bin:/sbin:/bin run-parts --lsbsysinit /etc/update-motd.d,/,/usr/local/sbin/run-parts,/usr/local/sbin/run-parts,0,0,1001,17493,17492,(none),54,exec,benign,
1778300231,16208,2.984543,post_context,20260508_211709_authorized_keys_W9jmSO,20260508_211655_dirtyfrag_root_authorized_keys_X5ChW3,persistence_auth/authorized_keys,persistence_auth,root_session,execve,no,-2,/usr/bin/env,env,,/usr/bin/env -i PATH=/usr/local/sbin:/usr/local/bin:/usr/sbin:/usr/bin:/sbin:/bin run-parts --lsbsysinit /etc/update-motd.d,/,/usr/local/bin/run-parts,/usr/local/bin/run-parts,0,0,1001,17493,17492,(none),54,exec,benign,
1778300231,16209,2.984543,post_context,20260508_211709_authorized_keys_W9jmSO,20260508_211655_dirtyfrag_root_authorized_keys_X5ChW3,persistence_auth/authorized_keys,persistence_auth,root_session,execve,no,-2,/usr/bin/env,env,,/usr/bin/env -i PATH=/usr/local/sbin:/usr/local/bin:/usr/sbin:/usr/bin:/sbin:/bin run-parts --lsbsysinit /etc/update-motd.d,/,/usr/sbin/run-parts,/usr/sbin/run-parts,0,0,1001,17493,17492,(none),54,exec,benign,
1778300231,16210,2.984543,post_context,20260508_211709_authorized_keys_W9jmSO,20260508_211655_dirtyfrag_root_authorized_keys_X5ChW3,persistence_auth/authorized_keys,persistence_auth,root_session,execve,yes,0,/usr/bin/run-parts,run-parts,run-parts --lsbsysinit /etc/update-motd.d,/usr/bin/env -i PATH=/usr/local/sbin:/usr/local/bin:/usr/sbin:/usr/bin:/sbin:/bin run-parts --lsbsysinit /etc/update-motd.d,/,/usr/bin/run-parts,/usr/bin/run-parts|/lib64/ld-linux-x86-64.so.2,0,0,1001,17493,17492,(none),54,exec,benign,
1778300231,16211,2.985543,post_context,20260508_211709_authorized_keys_W9jmSO,20260508_211655_dirtyfrag_root_authorized_keys_X5ChW3,persistence_auth/authorized_keys,persistence_auth,root_session,execve,yes,0,/usr/bin/dash,00-header,/bin/sh /etc/update-motd.d/00-header,/bin/sh /etc/update-motd.d/00-header,/,/etc/update-motd.d/00-header,/etc/update-motd.d/00-header|/bin/sh|/lib64/ld-linux-x86-64.so.2,0,0,1001,17494,17493,(none),54,exec,benign,
1778300231,16212,2.986543,post_context,20260508_211709_authorized_keys_W9jmSO,20260508_211655_dirtyfrag_root_authorized_keys_X5ChW3,persistence_auth/authorized_keys,persistence_auth,root_session,execve,yes,0,/usr/bin/uname,uname,uname -o,uname -o,/,/usr/bin/uname,/usr/bin/uname|/lib64/ld-linux-x86-64.so.2,0,0,1001,17495,17494,(none),54,exec,benign,
1778300231,16213,2.988543,post_context,20260508_211709_authorized_keys_W9jmSO,20260508_211655_dirtyfrag_root_authorized_keys_X5ChW3,persistence_auth/authorized_keys,persistence_auth,root_session,execve,yes,0,/usr/bin/uname,uname,uname -r,uname -r,/,/usr/bin/uname,/usr/bin/uname|/lib64/ld-linux-x86-64.so.2,0,0,1001,17496,17494,(none),54,exec,benign,
1778300231,16214,2.989543,post_context,20260508_211709_authorized_keys_W9jmSO,20260508_211655_dirtyfrag_root_authorized_keys_X5ChW3,persistence_auth/authorized_keys,persistence_auth,root_session,execve,yes,0,/usr/bin/uname,uname,uname -m,uname -m,/,/usr/bin/uname,/usr/bin/uname|/lib64/ld-linux-x86-64.so.2,0,0,1001,17497,17494,(none),54,exec,benign,
1778300231,16215,2.991543,post_context,20260508_211709_authorized_keys_W9jmSO,20260508_211655_dirtyfrag_root_authorized_keys_X5ChW3,persistence_auth/authorized_keys,persistence_auth,root_session,execve,yes,0,/usr/bin/dash,10-help-text,/bin/sh /etc/update-motd.d/10-help-text,/bin/sh /etc/update-motd.d/10-help-text,/,/etc/update-motd.d/10-help-text,/etc/update-motd.d/10-help-text|/bin/sh|/lib64/ld-linux-x86-64.so.2,0,0,1001,17498,17493,(none),54,exec,benign,
1778300231,16216,2.991543,post_context,20260508_211709_authorized_keys_W9jmSO,20260508_211655_dirtyfrag_root_authorized_keys_X5ChW3,persistence_auth/authorized_keys,persistence_auth,root_session,execve,yes,0,/usr/bin/dash,50-landscape-sy,/bin/sh /etc/update-motd.d/50-landscape-sysinfo,/bin/sh /etc/update-motd.d/50-landscape-sysinfo,/,/etc/update-motd.d/50-landscape-sysinfo,/etc/update-motd.d/50-landscape-sysinfo|/bin/sh|/lib64/ld-linux-x86-64.so.2,0,0,1001,17499,17493,(none),54,exec,benign,
1778300231,16217,2.993543,post_context,20260508_211709_authorized_keys_W9jmSO,20260508_211655_dirtyfrag_root_authorized_keys_X5ChW3,persistence_auth/authorized_keys,persistence_auth,root_session,execve,yes,0,/usr/bin/find,find,find /var/lib/landscape/landscape-sysinfo.cache -newermt now-1 minutes,find /var/lib/landscape/landscape-sysinfo.cache -newermt now-1 minutes,/,/usr/bin/find,/usr/bin/find|/lib64/ld-linux-x86-64.so.2,0,0,1001,17500,17499,(none),54,exec,benign,
1778300231,16218,2.993543,post_context,20260508_211709_authorized_keys_W9jmSO,20260508_211655_dirtyfrag_root_authorized_keys_X5ChW3,persistence_auth/authorized_keys,persistence_auth,root_session,execve,yes,0,/usr/bin/cat,cat,cat /var/lib/landscape/landscape-sysinfo.cache,cat /var/lib/landscape/landscape-sysinfo.cache,/,/usr/bin/cat,/usr/bin/cat|/lib64/ld-linux-x86-64.so.2,0,0,1001,17501,17499,(none),54,exec,benign,
1778300231,16219,2.995543,post_context,20260508_211709_authorized_keys_W9jmSO,20260508_211655_dirtyfrag_root_authorized_keys_X5ChW3,persistence_auth/authorized_keys,persistence_auth,root_session,execve,yes,0,/usr/bin/dash,50-motd-news,/bin/sh /etc/update-motd.d/50-motd-news,/bin/sh /etc/update-motd.d/50-motd-news,/,/etc/update-motd.d/50-motd-news,/etc/update-motd.d/50-motd-news|/bin/sh|/lib64/ld-linux-x86-64.so.2,0,0,1001,17502,17493,(none),54,exec,benign,
1778300231,16220,2.996543,post_context,20260508_211709_authorized_keys_W9jmSO,20260508_211655_dirtyfrag_root_authorized_keys_X5ChW3,persistence_auth/authorized_keys,persistence_auth,root_session,execve,yes,0,/usr/bin/cat,cat,cat /var/cache/motd-news,cat /var/cache/motd-news,/,/usr/bin/cat,/usr/bin/cat|/lib64/ld-linux-x86-64.so.2,0,0,1001,17503,17502,(none),54,exec,benign,
1778300231,16221,2.996543,post_context,20260508_211709_authorized_keys_W9jmSO,20260508_211655_dirtyfrag_root_authorized_keys_X5ChW3,persistence_auth/authorized_keys,persistence_auth,root_session,execve,yes,0,/usr/bin/head,head,head -n 10,head -n 10,/,/usr/bin/head,/usr/bin/head|/lib64/ld-linux-x86-64.so.2,0,0,1001,17504,17502,(none),54,exec,benign,
1778300231,16222,2.996543,post_context,20260508_211709_authorized_keys_W9jmSO,20260508_211655_dirtyfrag_root_authorized_keys_X5ChW3,persistence_auth/authorized_keys,persistence_auth,root_session,execve,yes,0,/usr/bin/tr,tr,tr -d \000-\011\013\014\016-\037,tr -d \000-\011\013\014\016-\037,/,/usr/bin/tr,/usr/bin/tr|/lib64/ld-linux-x86-64.so.2,0,0,1001,17505,17502,(none),54,exec,benign,
1778300231,16223,2.996543,post_context,20260508_211709_authorized_keys_W9jmSO,20260508_211655_dirtyfrag_root_authorized_keys_X5ChW3,persistence_auth/authorized_keys,persistence_auth,root_session,execve,yes,0,/usr/bin/cut,cut,cut -c -80,cut -c -80,/,/usr/bin/cut,/usr/bin/cut|/lib64/ld-linux-x86-64.so.2,0,0,1001,17506,17502,(none),54,exec,benign,
1778300231,16224,2.999543,post_context,20260508_211709_authorized_keys_W9jmSO,20260508_211655_dirtyfrag_root_authorized_keys_X5ChW3,persistence_auth/authorized_keys,persistence_auth,root_session,execve,yes,0,/usr/bin/dash,85-fwupd,/bin/sh /etc/update-motd.d/85-fwupd,/bin/sh /etc/update-motd.d/85-fwupd,/,/etc/update-motd.d/85-fwupd,/etc/update-motd.d/85-fwupd|/bin/sh|/lib64/ld-linux-x86-64.so.2,0,0,1001,17507,17493,(none),54,exec,benign,
1778300231,16225,3.000543,post_context,20260508_211709_authorized_keys_W9jmSO,20260508_211655_dirtyfrag_root_authorized_keys_X5ChW3,persistence_auth/authorized_keys,persistence_auth,root_session,execve,yes,0,/usr/bin/cat,cat,cat /run/motd.d/85-fwupd,cat /run/motd.d/85-fwupd,/,/usr/bin/cat,/usr/bin/cat|/lib64/ld-linux-x86-64.so.2,0,0,1001,17508,17507,(none),54,exec,benign,
1778300231,16226,3.001543,post_context,20260508_211709_authorized_keys_W9jmSO,20260508_211655_dirtyfrag_root_authorized_keys_X5ChW3,persistence_auth/authorized_keys,persistence_auth,root_session,execve,yes,0,/usr/bin/dash,90-updates-avai,/bin/sh /etc/update-motd.d/90-updates-available,/bin/sh /etc/update-motd.d/90-updates-available,/,/etc/update-motd.d/90-updates-available,/etc/update-motd.d/90-updates-available|/bin/sh|/lib64/ld-linux-x86-64.so.2,0,0,1001,17509,17493,(none),54,exec,benign,
1778300231,16227,3.002543,post_context,20260508_211709_authorized_keys_W9jmSO,20260508_211655_dirtyfrag_root_authorized_keys_X5ChW3,persistence_auth/authorized_keys,persistence_auth,root_session,execve,yes,0,/usr/bin/cat,cat,cat /var/lib/update-notifier/updates-available,cat /var/lib/update-notifier/updates-available,/,/usr/bin/cat,/usr/bin/cat|/lib64/ld-linux-x86-64.so.2,0,0,1001,17510,17509,(none),54,exec,benign,
1778300231,16228,3.003543,post_context,20260508_211709_authorized_keys_W9jmSO,20260508_211655_dirtyfrag_root_authorized_keys_X5ChW3,persistence_auth/authorized_keys,persistence_auth,root_session,execve,yes,0,/usr/bin/find,find,find /var/lib/update-notifier/updates-available -newermt now-7 days,find /var/lib/update-notifier/updates-available -newermt now-7 days,/,/usr/bin/find,/usr/bin/find|/lib64/ld-linux-x86-64.so.2,0,0,1001,17511,17509,(none),54,exec,benign,
1778300231,16229,3.003543,post_context,20260508_211709_authorized_keys_W9jmSO,20260508_211655_dirtyfrag_root_authorized_keys_X5ChW3,persistence_auth/authorized_keys,persistence_auth,root_session,execve,yes,0,/usr/bin/grep,grep,grep -q -m 1 .,grep -q -m 1 .,/,/usr/bin/grep,/usr/bin/grep|/lib64/ld-linux-x86-64.so.2,0,0,1001,17512,17509,(none),54,exec,benign,
1778300231,16230,3.005543,post_context,20260508_211709_authorized_keys_W9jmSO,20260508_211655_dirtyfrag_root_authorized_keys_X5ChW3,persistence_auth/authorized_keys,persistence_auth,root_session,execve,yes,0,/usr/bin/dash,91-contract-ua-,/bin/sh /etc/update-motd.d/91-contract-ua-esm-status,/bin/sh /etc/update-motd.d/91-contract-ua-esm-status,/,/etc/update-motd.d/91-contract-ua-esm-status,/etc/update-motd.d/91-contract-ua-esm-status|/bin/sh|/lib64/ld-linux-x86-64.so.2,0,0,1001,17513,17493,(none),54,exec,benign,
1778300231,16231,3.006543,post_context,20260508_211709_authorized_keys_W9jmSO,20260508_211655_dirtyfrag_root_authorized_keys_X5ChW3,persistence_auth/authorized_keys,persistence_auth,root_session,execve,yes,0,/usr/bin/dash,91-release-upgr,/bin/sh /etc/update-motd.d/91-release-upgrade,/bin/sh /etc/update-motd.d/91-release-upgrade,/,/etc/update-motd.d/91-release-upgrade,/etc/update-motd.d/91-release-upgrade|/bin/sh|/lib64/ld-linux-x86-64.so.2,0,0,1001,17514,17493,(none),54,exec,benign,
1778300231,16232,3.007543,post_context,20260508_211709_authorized_keys_W9jmSO,20260508_211655_dirtyfrag_root_authorized_keys_X5ChW3,persistence_auth/authorized_keys,persistence_auth,root_session,execve,yes,0,/usr/bin/cut,cut,cut -d -f4,cut -d -f4,/,/usr/bin/cut,/usr/bin/cut|/lib64/ld-linux-x86-64.so.2,0,0,1001,17517,17515,(none),54,exec,benign,
1778300231,16233,3.009543,post_context,20260508_211709_authorized_keys_W9jmSO,20260508_211655_dirtyfrag_root_authorized_keys_X5ChW3,persistence_auth/authorized_keys,persistence_auth,root_session,execve,yes,0,/usr/bin/id,id,id -u,id -u,/,/usr/bin/id,/usr/bin/id|/lib64/ld-linux-x86-64.so.2,0,0,1001,17518,17514,(none),54,exec,benign,
1778300231,16234,3.010543,post_context,20260508_211709_authorized_keys_W9jmSO,20260508_211655_dirtyfrag_root_authorized_keys_X5ChW3,persistence_auth/authorized_keys,persistence_auth,root_session,execve,yes,0,/usr/bin/dash,release-upgrade,/bin/sh -e /usr/lib/ubuntu-release-upgrader/release-upgrade-motd,/bin/sh /etc/update-motd.d/91-release-upgrade,/,/usr/lib/ubuntu-release-upgrader/release-upgrade-motd,/usr/lib/ubuntu-release-upgrader/release-upgrade-motd|/bin/sh|/lib64/ld-linux-x86-64.so.2,0,0,1001,17514,17493,(none),54,exec,benign,
1778300231,16235,3.011543,post_context,20260508_211709_authorized_keys_W9jmSO,20260508_211655_dirtyfrag_root_authorized_keys_X5ChW3,persistence_auth/authorized_keys,persistence_auth,root_session,execve,yes,0,/usr/bin/date,date,date +%s,date +%s,/,/usr/bin/date,/usr/bin/date|/lib64/ld-linux-x86-64.so.2,0,0,1001,17519,17514,(none),54,exec,benign,
1778300231,16236,3.011543,post_context,20260508_211709_authorized_keys_W9jmSO,20260508_211655_dirtyfrag_root_authorized_keys_X5ChW3,persistence_auth/authorized_keys,persistence_auth,root_session,execve,yes,0,/usr/bin/stat,stat,stat -c %Y /var/lib/ubuntu-release-upgrader/release-upgrade-available,stat -c %Y /var/lib/ubuntu-release-upgrader/release-upgrade-available,/,/usr/bin/stat,/usr/bin/stat|/lib64/ld-linux-x86-64.so.2,0,0,1001,17520,17514,(none),54,exec,benign,
1778300231,16237,3.013543,post_context,20260508_211709_authorized_keys_W9jmSO,20260508_211655_dirtyfrag_root_authorized_keys_X5ChW3,persistence_auth/authorized_keys,persistence_auth,root_session,execve,yes,0,/usr/bin/expr,expr,expr 1778282941 + 86400,expr 1778282941 + 86400,/,/usr/bin/expr,/usr/bin/expr|/lib64/ld-linux-x86-64.so.2,0,0,1001,17521,17514,(none),54,exec,benign,
1778300231,16238,3.014543,post_context,20260508_211709_authorized_keys_W9jmSO,20260508_211655_dirtyfrag_root_authorized_keys_X5ChW3,persistence_auth/authorized_keys,persistence_auth,root_session,execve,yes,0,/usr/bin/dash,92-unattended-u,/bin/sh /etc/update-motd.d/92-unattended-upgrades,/bin/sh /etc/update-motd.d/92-unattended-upgrades,/,/etc/update-motd.d/92-unattended-upgrades,/etc/update-motd.d/92-unattended-upgrades|/bin/sh|/lib64/ld-linux-x86-64.so.2,0,0,1001,17522,17493,(none),54,exec,benign,
1778300231,16239,3.015543,post_context,20260508_211709_authorized_keys_W9jmSO,20260508_211655_dirtyfrag_root_authorized_keys_X5ChW3,persistence_auth/authorized_keys,persistence_auth,root_session,execve,yes,0,/usr/bin/dash,update-motd-una,/bin/sh /usr/share/unattended-upgrades/update-motd-unattended-upgrades,/bin/sh /etc/update-motd.d/92-unattended-upgrades,/,/usr/share/unattended-upgrades/update-motd-unattended-upgrades,/usr/share/unattended-upgrades/update-motd-unattended-upgrades|/bin/sh|/lib64/ld-linux-x86-64.so.2,0,0,1001,17522,17493,(none),54,exec,benign,
1778300231,16240,3.016543,post_context,20260508_211709_authorized_keys_W9jmSO,20260508_211655_dirtyfrag_root_authorized_keys_X5ChW3,persistence_auth/authorized_keys,persistence_auth,root_session,execve,yes,0,/usr/bin/dash,95-hwe-eol,/bin/sh /etc/update-motd.d/95-hwe-eol,/bin/sh /etc/update-motd.d/95-hwe-eol,/,/etc/update-motd.d/95-hwe-eol,/etc/update-motd.d/95-hwe-eol|/bin/sh|/lib64/ld-linux-x86-64.so.2,0,0,1001,17523,17493,(none),54,exec,benign,
1778300231,16241,3.017543,post_context,20260508_211709_authorized_keys_W9jmSO,20260508_211655_dirtyfrag_root_authorized_keys_X5ChW3,persistence_auth/authorized_keys,persistence_auth,root_session,execve,yes,0,/usr/bin/find,find,find /var/lib/update-notifier/hwe-eol -newermt now-1 days,find /var/lib/update-notifier/hwe-eol -newermt now-1 days,/,/usr/bin/find,/usr/bin/find|/lib64/ld-linux-x86-64.so.2,0,0,1001,17524,17523,(none),54,exec,benign,
1778300231,16242,3.019543,post_context,20260508_211709_authorized_keys_W9jmSO,20260508_211655_dirtyfrag_root_authorized_keys_X5ChW3,persistence_auth/authorized_keys,persistence_auth,root_session,execve,yes,0,/usr/bin/dash,97-overlayroot,/bin/sh /etc/update-motd.d/97-overlayroot,/bin/sh /etc/update-motd.d/97-overlayroot,/,/etc/update-motd.d/97-overlayroot,/etc/update-motd.d/97-overlayroot|/bin/sh|/lib64/ld-linux-x86-64.so.2,0,0,1001,17525,17493,(none),54,exec,benign,
1778300231,16243,3.020543,post_context,20260508_211709_authorized_keys_W9jmSO,20260508_211655_dirtyfrag_root_authorized_keys_X5ChW3,persistence_auth/authorized_keys,persistence_auth,root_session,execve,yes,0,/usr/bin/dash,egrep,/bin/sh /usr/bin/egrep overlayroot|/media/root-ro|/media/root-rw /proc/mounts,/bin/sh /usr/bin/egrep overlayroot|/media/root-ro|/media/root-rw /proc/mounts,/,/usr/bin/egrep,/usr/bin/egrep|/bin/sh|/lib64/ld-linux-x86-64.so.2,0,0,1001,17527,17526,(none),54,exec,benign,
1778300231,16244,3.020543,post_context,20260508_211709_authorized_keys_W9jmSO,20260508_211655_dirtyfrag_root_authorized_keys_X5ChW3,persistence_auth/authorized_keys,persistence_auth,root_session,execve,yes,0,/usr/bin/sort,sort,sort -r,sort -r,/,/usr/bin/sort,/usr/bin/sort|/lib64/ld-linux-x86-64.so.2,0,0,1001,17528,17526,(none),54,exec,benign,
1778300231,16245,3.020543,post_context,20260508_211709_authorized_keys_W9jmSO,20260508_211655_dirtyfrag_root_authorized_keys_X5ChW3,persistence_auth/authorized_keys,persistence_auth,root_session,execve,no,-2,/usr/bin/dash,egrep,,/bin/sh /usr/bin/egrep overlayroot|/media/root-ro|/media/root-rw /proc/mounts,/,/usr/local/sbin/grep,/usr/local/sbin/grep,0,0,1001,17527,17526,(none),54,exec,benign,
1778300231,16246,3.020543,post_context,20260508_211709_authorized_keys_W9jmSO,20260508_211655_dirtyfrag_root_authorized_keys_X5ChW3,persistence_auth/authorized_keys,persistence_auth,root_session,execve,no,-2,/usr/bin/dash,egrep,,/bin/sh /usr/bin/egrep overlayroot|/media/root-ro|/media/root-rw /proc/mounts,/,/usr/local/bin/grep,/usr/local/bin/grep,0,0,1001,17527,17526,(none),54,exec,benign,
1778300231,16247,3.020543,post_context,20260508_211709_authorized_keys_W9jmSO,20260508_211655_dirtyfrag_root_authorized_keys_X5ChW3,persistence_auth/authorized_keys,persistence_auth,root_session,execve,no,-2,/usr/bin/dash,egrep,,/bin/sh /usr/bin/egrep overlayroot|/media/root-ro|/media/root-rw /proc/mounts,/,/usr/sbin/grep,/usr/sbin/grep,0,0,1001,17527,17526,(none),54,exec,benign,
1778300231,16248,3.020543,post_context,20260508_211709_authorized_keys_W9jmSO,20260508_211655_dirtyfrag_root_authorized_keys_X5ChW3,persistence_auth/authorized_keys,persistence_auth,root_session,execve,yes,0,/usr/bin/grep,grep,grep -E overlayroot|/media/root-ro|/media/root-rw /proc/mounts,/bin/sh /usr/bin/egrep overlayroot|/media/root-ro|/media/root-rw /proc/mounts,/,/usr/bin/grep,/usr/bin/grep|/lib64/ld-linux-x86-64.so.2,0,0,1001,17527,17526,(none),54,exec,benign,
1778300231,16249,3.023543,post_context,20260508_211709_authorized_keys_W9jmSO,20260508_211655_dirtyfrag_root_authorized_keys_X5ChW3,persistence_auth/authorized_keys,persistence_auth,root_session,execve,yes,0,/usr/bin/dash,98-fsck-at-rebo,/bin/sh /etc/update-motd.d/98-fsck-at-reboot,/bin/sh /etc/update-motd.d/98-fsck-at-reboot,/,/etc/update-motd.d/98-fsck-at-reboot,/etc/update-motd.d/98-fsck-at-reboot|/bin/sh|/lib64/ld-linux-x86-64.so.2,0,0,1001,17529,17493,(none),54,exec,benign,
1778300231,16250,3.023543,post_context,20260508_211709_authorized_keys_W9jmSO,20260508_211655_dirtyfrag_root_authorized_keys_X5ChW3,persistence_auth/authorized_keys,persistence_auth,root_session,execve,yes,0,/usr/bin/dash,update-motd-fsc,/bin/sh /usr/lib/update-notifier/update-motd-fsck-at-reboot,/bin/sh /etc/update-motd.d/98-fsck-at-reboot,/,/usr/lib/update-notifier/update-motd-fsck-at-reboot,/usr/lib/update-notifier/update-motd-fsck-at-reboot|/bin/sh|/lib64/ld-linux-x86-64.so.2,0,0,1001,17529,17493,(none),54,exec,benign,
1778300231,16251,3.025543,post_context,20260508_211709_authorized_keys_W9jmSO,20260508_211655_dirtyfrag_root_authorized_keys_X5ChW3,persistence_auth/authorized_keys,persistence_auth,root_session,execve,yes,0,/usr/bin/id,id,id -u,id -u,/,/usr/bin/id,/usr/bin/id|/lib64/ld-linux-x86-64.so.2,0,0,1001,17530,17529,(none),54,exec,benign,
1778300231,16252,3.026543,post_context,20260508_211709_authorized_keys_W9jmSO,20260508_211655_dirtyfrag_root_authorized_keys_X5ChW3,persistence_auth/authorized_keys,persistence_auth,root_session,execve,yes,0,/usr/bin/stat,stat,stat -c %Y /var/lib/update-notifier/fsck-at-reboot,stat -c %Y /var/lib/update-notifier/fsck-at-reboot,/,/usr/bin/stat,/usr/bin/stat|/lib64/ld-linux-x86-64.so.2,0,0,1001,17531,17529,(none),54,exec,benign,
1778300231,16253,3.027543,post_context,20260508_211709_authorized_keys_W9jmSO,20260508_211655_dirtyfrag_root_authorized_keys_X5ChW3,persistence_auth/authorized_keys,persistence_auth,root_session,execve,yes,0,/usr/bin/gawk,awk,awk {print $1} /proc/uptime,awk {print $1} /proc/uptime,/,/usr/bin/awk,/usr/bin/awk|/lib64/ld-linux-x86-64.so.2,0,0,1001,17533,17532,(none),54,exec,benign,
1778300231,16254,3.029543,post_context,20260508_211709_authorized_keys_W9jmSO,20260508_211655_dirtyfrag_root_authorized_keys_X5ChW3,persistence_auth/authorized_keys,persistence_auth,root_session,execve,yes,0,/usr/bin/date,date,date -d now - 2477.59 seconds +%s,date -d now - 2477.59 seconds +%s,/,/usr/bin/date,/usr/bin/date|/lib64/ld-linux-x86-64.so.2,0,0,1001,17532,17529,(none),54,exec,benign,
1778300231,16255,3.030543,post_context,20260508_211709_authorized_keys_W9jmSO,20260508_211655_dirtyfrag_root_authorized_keys_X5ChW3,persistence_auth/authorized_keys,persistence_auth,root_session,execve,yes,0,/usr/bin/date,date,date +%s,date +%s,/,/usr/bin/date,/usr/bin/date|/lib64/ld-linux-x86-64.so.2,0,0,1001,17534,17529,(none),54,exec,benign,
1778300231,16256,3.031543,post_context,20260508_211709_authorized_keys_W9jmSO,20260508_211655_dirtyfrag_root_authorized_keys_X5ChW3,persistence_auth/authorized_keys,persistence_auth,root_session,execve,yes,0,/usr/bin/cat,cat,cat /var/lib/update-notifier/fsck-at-reboot,cat /var/lib/update-notifier/fsck-at-reboot,/,/usr/bin/cat,/usr/bin/cat|/lib64/ld-linux-x86-64.so.2,0,0,1001,17535,17529,(none),54,exec,benign,
1778300231,16257,3.032543,post_context,20260508_211709_authorized_keys_W9jmSO,20260508_211655_dirtyfrag_root_authorized_keys_X5ChW3,persistence_auth/authorized_keys,persistence_auth,root_session,execve,yes,0,/usr/bin/dash,98-reboot-requi,/bin/sh /etc/update-motd.d/98-reboot-required,/bin/sh /etc/update-motd.d/98-reboot-required,/,/etc/update-motd.d/98-reboot-required,/etc/update-motd.d/98-reboot-required|/bin/sh|/lib64/ld-linux-x86-64.so.2,0,0,1001,17536,17493,(none),54,exec,benign,
1778300231,16258,3.033543,post_context,20260508_211709_authorized_keys_W9jmSO,20260508_211655_dirtyfrag_root_authorized_keys_X5ChW3,persistence_auth/authorized_keys,persistence_auth,root_session,execve,yes,0,/usr/bin/dash,update-motd-reb,/bin/sh -e /usr/lib/update-notifier/update-motd-reboot-required,/bin/sh /etc/update-motd.d/98-reboot-required,/,/usr/lib/update-notifier/update-motd-reboot-required,/usr/lib/update-notifier/update-motd-reboot-required|/bin/sh|/lib64/ld-linux-x86-64.so.2,0,0,1001,17536,17493,(none),54,exec,benign,
1778300231,16259,3.034543,post_context,20260508_211709_authorized_keys_W9jmSO,20260508_211655_dirtyfrag_root_authorized_keys_X5ChW3,persistence_auth/authorized_keys,persistence_auth,root_session,rename,yes,0,/usr/sbin/sshd,sshd,,/usr/sbin/sshd -D -R,/,/run/,/run/|/run/motd.dynamic.new|/run/motd.dynamic,0,0,1001,17490,9653,(none),54,file_destroy,benign,
1778300231,16260,3.034543,post_context,20260508_211709_authorized_keys_W9jmSO,20260508_211655_dirtyfrag_root_authorized_keys_X5ChW3,persistence_auth/authorized_keys,persistence_auth,root_session,connect,yes,0,/usr/sbin/sshd,sshd,,/usr/sbin/sshd -D -R,/,/run/systemd/userdb/io.systemd.DynamicUser,/run/systemd/userdb/io.systemd.DynamicUser,0,0,1001,17490,9653,(none),54,network_connect,benign,
1778300231,16261,3.034543,post_context,20260508_211709_authorized_keys_W9jmSO,20260508_211655_dirtyfrag_root_authorized_keys_X5ChW3,persistence_auth/authorized_keys,persistence_auth,root_session,connect,yes,0,/usr/sbin/sshd,sshd,,/usr/sbin/sshd -D -R,/,/run/systemd/userdb/io.systemd.DynamicUser,/run/systemd/userdb/io.systemd.DynamicUser,0,0,1001,17490,9653,(none),54,network_connect,benign,
1778300231,16262,3.034543,post_context,20260508_211709_authorized_keys_W9jmSO,20260508_211655_dirtyfrag_root_authorized_keys_X5ChW3,persistence_auth/authorized_keys,persistence_auth,root_session,connect,yes,0,/usr/sbin/sshd,sshd,,/usr/sbin/sshd -D -R,/,/run/systemd/userdb/io.systemd.DynamicUser,/run/systemd/userdb/io.systemd.DynamicUser,0,0,1001,17490,9653,(none),54,network_connect,benign,
1778300231,16263,3.036543,post_context,20260508_211709_authorized_keys_W9jmSO,20260508_211655_dirtyfrag_root_authorized_keys_X5ChW3,persistence_auth/authorized_keys,persistence_auth,root_session,connect,yes,0,/usr/sbin/sshd,sshd,,/usr/sbin/sshd -D -R,/,/run/systemd/userdb/io.systemd.DynamicUser,/run/systemd/userdb/io.systemd.DynamicUser,0,0,1001,17490,9653,(none),54,network_connect,benign,
1778300231,16264,3.036543,post_context,20260508_211709_authorized_keys_W9jmSO,20260508_211655_dirtyfrag_root_authorized_keys_X5ChW3,persistence_auth/authorized_keys,persistence_auth,root_session,connect,yes,0,/usr/sbin/sshd,sshd,,/usr/sbin/sshd -D -R,/,/run/systemd/userdb/io.systemd.DynamicUser,/run/systemd/userdb/io.systemd.DynamicUser,0,0,1001,17490,9653,(none),54,network_connect,benign,
1778300231,16265,3.036543,post_context,20260508_211709_authorized_keys_W9jmSO,20260508_211655_dirtyfrag_root_authorized_keys_X5ChW3,persistence_auth/authorized_keys,persistence_auth,root_session,,,,,,,,,,,,,,,,,,,benign,
1778300231,16266,3.037543,post_context,20260508_211709_authorized_keys_W9jmSO,20260508_211655_dirtyfrag_root_authorized_keys_X5ChW3,persistence_auth/authorized_keys,persistence_auth,root_session,setgid,yes,0,/usr/sbin/sshd,sshd,,sshd: deploy-rkejw [priv],,,,0,0,1001,17537,17490,(none),54,privilege_transition,benign,
1778300231,16267,3.037543,post_context,20260508_211709_authorized_keys_W9jmSO,20260508_211655_dirtyfrag_root_authorized_keys_X5ChW3,persistence_auth/authorized_keys,persistence_auth,root_session,connect,yes,0,/usr/sbin/sshd,sshd,,sshd: deploy-rkejw [priv],/,/run/systemd/userdb/io.systemd.DynamicUser,/run/systemd/userdb/io.systemd.DynamicUser,0,0,1001,17537,17490,(none),54,network_connect,benign,
1778300231,16268,3.037543,post_context,20260508_211709_authorized_keys_W9jmSO,20260508_211655_dirtyfrag_root_authorized_keys_X5ChW3,persistence_auth/authorized_keys,persistence_auth,root_session,connect,yes,0,/usr/sbin/sshd,sshd,,sshd: deploy-rkejw [priv],/,/run/systemd/userdb/io.systemd.DynamicUser,/run/systemd/userdb/io.systemd.DynamicUser,0,0,1001,17537,17490,(none),54,network_connect,benign,
1778300231,16269,3.037543,post_context,20260508_211709_authorized_keys_W9jmSO,20260508_211655_dirtyfrag_root_authorized_keys_X5ChW3,persistence_auth/authorized_keys,persistence_auth,root_session,126,yes,0,/usr/sbin/sshd,sshd,,sshd: deploy-rkejw [priv],,,,0,0,1001,17537,17490,(none),54,privilege_transition,benign,
1778300231,16270,3.037543,post_context,20260508_211709_authorized_keys_W9jmSO,20260508_211655_dirtyfrag_root_authorized_keys_X5ChW3,persistence_auth/authorized_keys,persistence_auth,root_session,,,,,,,,,,,,,,,,,,,benign,
1778300231,16271,3.037543,post_context,20260508_211709_authorized_keys_W9jmSO,20260508_211655_dirtyfrag_root_authorized_keys_X5ChW3,persistence_auth/authorized_keys,persistence_auth,root_session,setresgid,yes,0,/usr/sbin/sshd,sshd,,sshd: deploy-rkejw [priv],,,,0,0,1001,17537,17490,(none),54,privilege_transition,benign,
1778300231,16272,3.037543,post_context,20260508_211709_authorized_keys_W9jmSO,20260508_211655_dirtyfrag_root_authorized_keys_X5ChW3,persistence_auth/authorized_keys,persistence_auth,root_session,setresuid,yes,0,/usr/sbin/sshd,sshd,,sshd: deploy-rkejw [priv],,,,1001,1001,1001,17537,17490,(none),54,privilege_transition,benign,
1778300231,16273,3.037543,post_context,20260508_211709_authorized_keys_W9jmSO,20260508_211655_dirtyfrag_root_authorized_keys_X5ChW3,persistence_auth/authorized_keys,persistence_auth,root_session,setuid,no,-1,/usr/sbin/sshd,sshd,,sshd: deploy-rkejw [priv],,,,1001,1001,1001,17537,17490,(none),54,privilege_transition,benign,
1778300231,16274,3.037543,post_context,20260508_211709_authorized_keys_W9jmSO,20260508_211655_dirtyfrag_root_authorized_keys_X5ChW3,persistence_auth/authorized_keys,persistence_auth,root_session,setresuid,no,-1,/usr/sbin/sshd,sshd,,sshd: deploy-rkejw [priv],,,,1001,1001,1001,17537,17490,(none),54,privilege_transition,benign,
1778300231,16275,3.091543,post_context,20260508_211709_authorized_keys_W9jmSO,20260508_211655_dirtyfrag_root_authorized_keys_X5ChW3,persistence_auth/authorized_keys,persistence_auth,root_session,execve,yes,0,/usr/bin/bash,bash,bash -c rm -rf -- '/tmp/.config/aegis_20260508_211709_authorized_keys_W9jmSO',bash -c rm -rf -- '/tmp/.config/aegis_20260508_211709_authorized_keys_W9jmSO',/home/deploy-rkejw,/bin/bash,/bin/bash|/lib64/ld-linux-x86-64.so.2,1001,1001,1001,17538,17537,(none),54,shell_exec,benign,
1778300231,16276,3.092543,post_context,20260508_211709_authorized_keys_W9jmSO,20260508_211655_dirtyfrag_root_authorized_keys_X5ChW3,persistence_auth/authorized_keys,persistence_auth,root_session,execve,yes,0,/usr/bin/rm,rm,rm -rf -- /tmp/.config/aegis_20260508_211709_authorized_keys_W9jmSO,bash -c rm -rf -- '/tmp/.config/aegis_20260508_211709_authorized_keys_W9jmSO',/home/deploy-rkejw,/usr/bin/rm,/usr/bin/rm|/lib64/ld-linux-x86-64.so.2,1001,1001,1001,17538,17537,(none),54,exec,benign,
1778300231,16277,3.092543,post_context,20260508_211709_authorized_keys_W9jmSO,20260508_211655_dirtyfrag_root_authorized_keys_X5ChW3,persistence_auth/authorized_keys,persistence_auth,root_session,unlinkat,no,-2,/usr/bin/rm,rm,,bash -c rm -rf -- '/tmp/.config/aegis_20260508_211709_authorized_keys_W9jmSO',/home/deploy-rkejw,/tmp/.config/,/tmp/.config/,1001,1001,1001,17538,17537,(none),54,tmp_activity,benign,
1778300231,16278,3.094543,post_context,20260508_211709_authorized_keys_W9jmSO,20260508_211655_dirtyfrag_root_authorized_keys_X5ChW3,persistence_auth/authorized_keys,persistence_auth,root_session,connect,yes,0,/usr/sbin/sshd,sshd,,sshd: deploy-rkejw [priv],/,/dev/log,/dev/log,1001,1001,1001,17537,17490,(none),54,network_connect,benign,
1778300231,16279,3.094543,post_context,20260508_211709_authorized_keys_W9jmSO,20260508_211655_dirtyfrag_root_authorized_keys_X5ChW3,persistence_auth/authorized_keys,persistence_auth,root_session,114,yes,0,/usr/sbin/sshd,sshd,,/usr/sbin/sshd -D -R,,,,0,0,1001,17490,9653,(none),54,privilege_transition,benign,
1778300231,16280,3.094543,post_context,20260508_211709_authorized_keys_W9jmSO,20260508_211655_dirtyfrag_root_authorized_keys_X5ChW3,persistence_auth/authorized_keys,persistence_auth,root_session,setresuid,yes,0,/usr/sbin/sshd,sshd,,/usr/sbin/sshd -D -R,,,,0,1001,1001,17490,9653,(none),54,privilege_transition,benign,
1778300231,16281,3.094543,post_context,20260508_211709_authorized_keys_W9jmSO,20260508_211655_dirtyfrag_root_authorized_keys_X5ChW3,persistence_auth/authorized_keys,persistence_auth,root_session,113,yes,0,/usr/sbin/sshd,sshd,,/usr/sbin/sshd -D -R,,,,0,0,1001,17490,9653,(none),54,privilege_transition,benign,
1778300231,16282,3.094543,post_context,20260508_211709_authorized_keys_W9jmSO,20260508_211655_dirtyfrag_root_authorized_keys_X5ChW3,persistence_auth/authorized_keys,persistence_auth,root_session,114,yes,0,/usr/sbin/sshd,sshd,,/usr/sbin/sshd -D -R,,,,0,0,1001,17490,9653,(none),54,privilege_transition,benign,
1778300231,16283,3.094543,post_context,20260508_211709_authorized_keys_W9jmSO,20260508_211655_dirtyfrag_root_authorized_keys_X5ChW3,persistence_auth/authorized_keys,persistence_auth,root_session,connect,yes,0,/usr/sbin/sshd,sshd,,/usr/sbin/sshd -D -R,/,/run/dbus/system_bus_socket,/run/dbus/system_bus_socket,0,0,1001,17490,9653,(none),54,network_connect,benign,
1778300231,16284,3.095543,post_context,20260508_211709_authorized_keys_W9jmSO,20260508_211655_dirtyfrag_root_authorized_keys_X5ChW3,persistence_auth/authorized_keys,persistence_auth,root_session,,,,,,,,,,,,,,,,,,,benign,
1778300231,16285,3.095543,post_context,20260508_211709_authorized_keys_W9jmSO,20260508_211655_dirtyfrag_root_authorized_keys_X5ChW3,persistence_auth/authorized_keys,persistence_auth,root_session,,,,,,,,,,,,,,,,,,,benign,
1778300231,16286,3.095543,post_context,20260508_211709_authorized_keys_W9jmSO,20260508_211655_dirtyfrag_root_authorized_keys_X5ChW3,persistence_auth/authorized_keys,persistence_auth,root_session,setresgid,yes,0,/usr/sbin/sshd,sshd,,/usr/sbin/sshd -D -R,,,,0,0,1001,17490,9653,(none),54,privilege_transition,benign,
1778300231,16287,3.095543,post_context,20260508_211709_authorized_keys_W9jmSO,20260508_211655_dirtyfrag_root_authorized_keys_X5ChW3,persistence_auth/authorized_keys,persistence_auth,root_session,setresuid,yes,0,/usr/sbin/sshd,sshd,,/usr/sbin/sshd -D -R,,,,0,1001,1001,17490,9653,(none),54,privilege_transition,benign,
1778300231,16288,3.095543,post_context,20260508_211709_authorized_keys_W9jmSO,20260508_211655_dirtyfrag_root_authorized_keys_X5ChW3,persistence_auth/authorized_keys,persistence_auth,root_session,setresuid,yes,0,/usr/sbin/sshd,sshd,,/usr/sbin/sshd -D -R,,,,0,0,1001,17490,9653,(none),54,privilege_transition,benign,
1778300231,16289,3.095543,post_context,20260508_211709_authorized_keys_W9jmSO,20260508_211655_dirtyfrag_root_authorized_keys_X5ChW3,persistence_auth/authorized_keys,persistence_auth,root_session,setresgid,yes,0,/usr/sbin/sshd,sshd,,/usr/sbin/sshd -D -R,,,,0,0,1001,17490,9653,(none),54,privilege_transition,benign,
1778300232,16290,3.304543,post_context,20260508_211709_authorized_keys_W9jmSO,20260508_211655_dirtyfrag_root_authorized_keys_X5ChW3,persistence_auth/authorized_keys,persistence_auth,root_session,execve,yes,0,/usr/sbin/sshd,sshd,/usr/sbin/sshd -D -R,/usr/sbin/sshd -D -R,/,/usr/sbin/sshd,/usr/sbin/sshd|/lib64/ld-linux-x86-64.so.2,0,0,4294967295,17539,9653,(none),4294967295,exec,benign,
1778300232,16291,3.308543,post_context,20260508_211709_authorized_keys_W9jmSO,20260508_211655_dirtyfrag_root_authorized_keys_X5ChW3,persistence_auth/authorized_keys,persistence_auth,root_session,connect,no,-2,/usr/sbin/sshd,sshd,,/usr/sbin/sshd -D -R,/,/var/run/nscd/socket,/var/run/nscd/socket,0,0,4294967295,17539,9653,(none),4294967295,network_connect,benign,
1778300232,16292,3.308543,post_context,20260508_211709_authorized_keys_W9jmSO,20260508_211655_dirtyfrag_root_authorized_keys_X5ChW3,persistence_auth/authorized_keys,persistence_auth,root_session,connect,yes,0,/usr/sbin/sshd,sshd,,/usr/sbin/sshd -D -R,,,,0,0,4294967295,17539,9653,(none),4294967295,network_connect,benign,
1778300232,16293,3.308543,post_context,20260508_211709_authorized_keys_W9jmSO,20260508_211655_dirtyfrag_root_authorized_keys_X5ChW3,persistence_auth/authorized_keys,persistence_auth,root_session,connect,yes,0,/usr/sbin/sshd,sshd,,/usr/sbin/sshd -D -R,,,,0,0,4294967295,17539,9653,(none),4294967295,network_connect,benign,
1778300232,16294,3.308543,post_context,20260508_211709_authorized_keys_W9jmSO,20260508_211655_dirtyfrag_root_authorized_keys_X5ChW3,persistence_auth/authorized_keys,persistence_auth,root_session,connect,yes,0,/usr/sbin/sshd,sshd,,/usr/sbin/sshd -D -R,,,,0,0,4294967295,17539,9653,(none),4294967295,network_connect,benign,
1778300232,16295,3.308543,post_context,20260508_211709_authorized_keys_W9jmSO,20260508_211655_dirtyfrag_root_authorized_keys_X5ChW3,persistence_auth/authorized_keys,persistence_auth,root_session,connect,no,-2,/usr/sbin/sshd,sshd,,/usr/sbin/sshd -D -R,/,/var/run/nscd/socket,/var/run/nscd/socket,0,0,4294967295,17539,9653,(none),4294967295,network_connect,benign,
1778300232,16296,3.308543,post_context,20260508_211709_authorized_keys_W9jmSO,20260508_211655_dirtyfrag_root_authorized_keys_X5ChW3,persistence_auth/authorized_keys,persistence_auth,root_session,connect,no,-2,/usr/sbin/sshd,sshd,,/usr/sbin/sshd -D -R,/,/var/run/nscd/socket,/var/run/nscd/socket,0,0,4294967295,17539,9653,(none),4294967295,network_connect,benign,
1778300232,16297,3.310543,post_context,20260508_211709_authorized_keys_W9jmSO,20260508_211655_dirtyfrag_root_authorized_keys_X5ChW3,persistence_auth/authorized_keys,persistence_auth,root_session,setresgid,yes,0,/usr/sbin/sshd,sshd,,sshd: [accepted],,,,0,0,4294967295,17540,17539,(none),4294967295,privilege_transition,benign,
1778300232,16298,3.310543,post_context,20260508_211709_authorized_keys_W9jmSO,20260508_211655_dirtyfrag_root_authorized_keys_X5ChW3,persistence_auth/authorized_keys,persistence_auth,root_session,setresuid,yes,0,/usr/sbin/sshd,sshd,,sshd: [accepted],,,,109,109,4294967295,17540,17539,(none),4294967295,privilege_transition,benign,
1778300232,16299,3.310543,post_context,20260508_211709_authorized_keys_W9jmSO,20260508_211655_dirtyfrag_root_authorized_keys_X5ChW3,persistence_auth/authorized_keys,persistence_auth,root_session,setgid,no,-1,/usr/sbin/sshd,sshd,,sshd: [accepted],,,,109,109,4294967295,17540,17539,(none),4294967295,privilege_transition,benign,
1778300232,16300,3.310543,post_context,20260508_211709_authorized_keys_W9jmSO,20260508_211655_dirtyfrag_root_authorized_keys_X5ChW3,persistence_auth/authorized_keys,persistence_auth,root_session,setresgid,no,-1,/usr/sbin/sshd,sshd,,sshd: [accepted],,,,109,109,4294967295,17540,17539,(none),4294967295,privilege_transition,benign,
1778300232,16301,3.310543,post_context,20260508_211709_authorized_keys_W9jmSO,20260508_211655_dirtyfrag_root_authorized_keys_X5ChW3,persistence_auth/authorized_keys,persistence_auth,root_session,setuid,no,-1,/usr/sbin/sshd,sshd,,sshd: [accepted],,,,109,109,4294967295,17540,17539,(none),4294967295,privilege_transition,benign,
1778300232,16302,3.310543,post_context,20260508_211709_authorized_keys_W9jmSO,20260508_211655_dirtyfrag_root_authorized_keys_X5ChW3,persistence_auth/authorized_keys,persistence_auth,root_session,setresuid,no,-1,/usr/sbin/sshd,sshd,,sshd: [accepted],,,,109,109,4294967295,17540,17539,(none),4294967295,privilege_transition,benign,
