seconds_from_attack_start,attack_payload,attack_delivery,syscall,key,comm,command,proctitle,cwd,manual_label,manual_note,timestamp,event_id,anchor_phase,attack_run_id,attack_chain_id,attack_category,success,exit,exe,path,paths,uid,euid,auid,pid,ppid,tty,ses
-1.287871,recon/basic_enum,suid_exec,execve,exec,mkdir,mkdir -p projects/project_10/src projects/project_10/data projects/project_10/notes projects/project_10/reports projects/project_10/config docs scripts downloads temp archive logs,mkdir -p projects/project_10/src projects/project_10/data projects/project_10/notes projects/project_10/reports projects/project,/home/analyst/baseline_workload/run_20260509_041538,benign,,1778300595.193,39626,pre_context,20260508_212317_basic_enum_YrdGDI,20260508_212317_suid_exec_dns_vandalism_9o1sm3,recon,yes,0,/usr/bin/mkdir,/usr/bin/mkdir,/usr/bin/mkdir|/lib64/ld-linux-x86-64.so.2,1000,1000,1000,23976,15400,(none),25
-1.286871,recon/basic_enum,suid_exec,mkdir,home_activity,mkdir,,mkdir -p projects/project_10/src projects/project_10/data projects/project_10/notes projects/project_10/reports projects/project,/home/analyst/baseline_workload/run_20260509_041538,benign,,1778300595.194,39627,pre_context,20260508_212317_basic_enum_YrdGDI,20260508_212317_suid_exec_dns_vandalism_9o1sm3,recon,no,-17,/usr/bin/mkdir,/home/analyst/baseline_workload/run_20260509_041538,/home/analyst/baseline_workload/run_20260509_041538,1000,1000,1000,23976,15400,(none),25
-1.286871,recon/basic_enum,suid_exec,mkdir,home_activity,mkdir,,mkdir -p projects/project_10/src projects/project_10/data projects/project_10/notes projects/project_10/reports projects/project,/home/analyst/baseline_workload/run_20260509_041538/projects,benign,,1778300595.194,39628,pre_context,20260508_212317_basic_enum_YrdGDI,20260508_212317_suid_exec_dns_vandalism_9o1sm3,recon,no,-17,/usr/bin/mkdir,/home/analyst/baseline_workload/run_20260509_041538/projects,/home/analyst/baseline_workload/run_20260509_041538/projects,1000,1000,1000,23976,15400,(none),25
-1.285871,recon/basic_enum,suid_exec,mkdir,home_activity,mkdir,,mkdir -p projects/project_10/src projects/project_10/data projects/project_10/notes projects/project_10/reports projects/project,/home/analyst/baseline_workload/run_20260509_041538/projects/project_10,benign,,1778300595.195,39629,pre_context,20260508_212317_basic_enum_YrdGDI,20260508_212317_suid_exec_dns_vandalism_9o1sm3,recon,no,-17,/usr/bin/mkdir,/home/analyst/baseline_workload/run_20260509_041538/projects/project_10,/home/analyst/baseline_workload/run_20260509_041538/projects/project_10,1000,1000,1000,23976,15400,(none),25
-1.285871,recon/basic_enum,suid_exec,mkdir,home_activity,mkdir,,mkdir -p projects/project_10/src projects/project_10/data projects/project_10/notes projects/project_10/reports projects/project,/home/analyst/baseline_workload/run_20260509_041538,benign,,1778300595.195,39630,pre_context,20260508_212317_basic_enum_YrdGDI,20260508_212317_suid_exec_dns_vandalism_9o1sm3,recon,no,-17,/usr/bin/mkdir,/home/analyst/baseline_workload/run_20260509_041538,/home/analyst/baseline_workload/run_20260509_041538,1000,1000,1000,23976,15400,(none),25
-1.285871,recon/basic_enum,suid_exec,mkdir,home_activity,mkdir,,mkdir -p projects/project_10/src projects/project_10/data projects/project_10/notes projects/project_10/reports projects/project,/home/analyst/baseline_workload/run_20260509_041538/projects,benign,,1778300595.195,39631,pre_context,20260508_212317_basic_enum_YrdGDI,20260508_212317_suid_exec_dns_vandalism_9o1sm3,recon,no,-17,/usr/bin/mkdir,/home/analyst/baseline_workload/run_20260509_041538/projects,/home/analyst/baseline_workload/run_20260509_041538/projects,1000,1000,1000,23976,15400,(none),25
-1.285871,recon/basic_enum,suid_exec,mkdir,home_activity,mkdir,,mkdir -p projects/project_10/src projects/project_10/data projects/project_10/notes projects/project_10/reports projects/project,/home/analyst/baseline_workload/run_20260509_041538/projects/project_10,benign,,1778300595.195,39632,pre_context,20260508_212317_basic_enum_YrdGDI,20260508_212317_suid_exec_dns_vandalism_9o1sm3,recon,no,-17,/usr/bin/mkdir,/home/analyst/baseline_workload/run_20260509_041538/projects/project_10,/home/analyst/baseline_workload/run_20260509_041538/projects/project_10,1000,1000,1000,23976,15400,(none),25
-1.285871,recon/basic_enum,suid_exec,mkdir,home_activity,mkdir,,mkdir -p projects/project_10/src projects/project_10/data projects/project_10/notes projects/project_10/reports projects/project,/home/analyst/baseline_workload/run_20260509_041538,benign,,1778300595.195,39633,pre_context,20260508_212317_basic_enum_YrdGDI,20260508_212317_suid_exec_dns_vandalism_9o1sm3,recon,no,-17,/usr/bin/mkdir,/home/analyst/baseline_workload/run_20260509_041538,/home/analyst/baseline_workload/run_20260509_041538,1000,1000,1000,23976,15400,(none),25
-1.285871,recon/basic_enum,suid_exec,mkdir,home_activity,mkdir,,mkdir -p projects/project_10/src projects/project_10/data projects/project_10/notes projects/project_10/reports projects/project,/home/analyst/baseline_workload/run_20260509_041538/projects,benign,,1778300595.195,39634,pre_context,20260508_212317_basic_enum_YrdGDI,20260508_212317_suid_exec_dns_vandalism_9o1sm3,recon,no,-17,/usr/bin/mkdir,/home/analyst/baseline_workload/run_20260509_041538/projects,/home/analyst/baseline_workload/run_20260509_041538/projects,1000,1000,1000,23976,15400,(none),25
-1.285871,recon/basic_enum,suid_exec,mkdir,home_activity,mkdir,,mkdir -p projects/project_10/src projects/project_10/data projects/project_10/notes projects/project_10/reports projects/project,/home/analyst/baseline_workload/run_20260509_041538/projects/project_10,benign,,1778300595.195,39635,pre_context,20260508_212317_basic_enum_YrdGDI,20260508_212317_suid_exec_dns_vandalism_9o1sm3,recon,no,-17,/usr/bin/mkdir,/home/analyst/baseline_workload/run_20260509_041538/projects/project_10,/home/analyst/baseline_workload/run_20260509_041538/projects/project_10,1000,1000,1000,23976,15400,(none),25
-1.285871,recon/basic_enum,suid_exec,mkdir,home_activity,mkdir,,mkdir -p projects/project_10/src projects/project_10/data projects/project_10/notes projects/project_10/reports projects/project,/home/analyst/baseline_workload/run_20260509_041538,benign,,1778300595.195,39636,pre_context,20260508_212317_basic_enum_YrdGDI,20260508_212317_suid_exec_dns_vandalism_9o1sm3,recon,no,-17,/usr/bin/mkdir,/home/analyst/baseline_workload/run_20260509_041538,/home/analyst/baseline_workload/run_20260509_041538,1000,1000,1000,23976,15400,(none),25
-1.285871,recon/basic_enum,suid_exec,mkdir,home_activity,mkdir,,mkdir -p projects/project_10/src projects/project_10/data projects/project_10/notes projects/project_10/reports projects/project,/home/analyst/baseline_workload/run_20260509_041538/projects,benign,,1778300595.195,39637,pre_context,20260508_212317_basic_enum_YrdGDI,20260508_212317_suid_exec_dns_vandalism_9o1sm3,recon,no,-17,/usr/bin/mkdir,/home/analyst/baseline_workload/run_20260509_041538/projects,/home/analyst/baseline_workload/run_20260509_041538/projects,1000,1000,1000,23976,15400,(none),25
-1.285871,recon/basic_enum,suid_exec,mkdir,home_activity,mkdir,,mkdir -p projects/project_10/src projects/project_10/data projects/project_10/notes projects/project_10/reports projects/project,/home/analyst/baseline_workload/run_20260509_041538/projects/project_10,benign,,1778300595.195,39638,pre_context,20260508_212317_basic_enum_YrdGDI,20260508_212317_suid_exec_dns_vandalism_9o1sm3,recon,no,-17,/usr/bin/mkdir,/home/analyst/baseline_workload/run_20260509_041538/projects/project_10,/home/analyst/baseline_workload/run_20260509_041538/projects/project_10,1000,1000,1000,23976,15400,(none),25
-1.285871,recon/basic_enum,suid_exec,mkdir,home_activity,mkdir,,mkdir -p projects/project_10/src projects/project_10/data projects/project_10/notes projects/project_10/reports projects/project,/home/analyst/baseline_workload/run_20260509_041538,benign,,1778300595.195,39639,pre_context,20260508_212317_basic_enum_YrdGDI,20260508_212317_suid_exec_dns_vandalism_9o1sm3,recon,no,-17,/usr/bin/mkdir,/home/analyst/baseline_workload/run_20260509_041538,/home/analyst/baseline_workload/run_20260509_041538,1000,1000,1000,23976,15400,(none),25
-1.285871,recon/basic_enum,suid_exec,mkdir,home_activity,mkdir,,mkdir -p projects/project_10/src projects/project_10/data projects/project_10/notes projects/project_10/reports projects/project,/home/analyst/baseline_workload/run_20260509_041538/projects,benign,,1778300595.195,39640,pre_context,20260508_212317_basic_enum_YrdGDI,20260508_212317_suid_exec_dns_vandalism_9o1sm3,recon,no,-17,/usr/bin/mkdir,/home/analyst/baseline_workload/run_20260509_041538/projects,/home/analyst/baseline_workload/run_20260509_041538/projects,1000,1000,1000,23976,15400,(none),25
-1.285871,recon/basic_enum,suid_exec,mkdir,home_activity,mkdir,,mkdir -p projects/project_10/src projects/project_10/data projects/project_10/notes projects/project_10/reports projects/project,/home/analyst/baseline_workload/run_20260509_041538/projects/project_10,benign,,1778300595.195,39641,pre_context,20260508_212317_basic_enum_YrdGDI,20260508_212317_suid_exec_dns_vandalism_9o1sm3,recon,no,-17,/usr/bin/mkdir,/home/analyst/baseline_workload/run_20260509_041538/projects/project_10,/home/analyst/baseline_workload/run_20260509_041538/projects/project_10,1000,1000,1000,23976,15400,(none),25
-1.285871,recon/basic_enum,suid_exec,mkdir,home_activity,mkdir,,mkdir -p projects/project_10/src projects/project_10/data projects/project_10/notes projects/project_10/reports projects/project,/home/analyst/baseline_workload/run_20260509_041538,benign,,1778300595.195,39642,pre_context,20260508_212317_basic_enum_YrdGDI,20260508_212317_suid_exec_dns_vandalism_9o1sm3,recon,no,-17,/usr/bin/mkdir,/home/analyst/baseline_workload/run_20260509_041538,/home/analyst/baseline_workload/run_20260509_041538,1000,1000,1000,23976,15400,(none),25
-1.285871,recon/basic_enum,suid_exec,mkdir,home_activity,mkdir,,mkdir -p projects/project_10/src projects/project_10/data projects/project_10/notes projects/project_10/reports projects/project,/home/analyst/baseline_workload/run_20260509_041538,benign,,1778300595.195,39643,pre_context,20260508_212317_basic_enum_YrdGDI,20260508_212317_suid_exec_dns_vandalism_9o1sm3,recon,no,-17,/usr/bin/mkdir,/home/analyst/baseline_workload/run_20260509_041538,/home/analyst/baseline_workload/run_20260509_041538,1000,1000,1000,23976,15400,(none),25
-1.285871,recon/basic_enum,suid_exec,mkdir,home_activity,mkdir,,mkdir -p projects/project_10/src projects/project_10/data projects/project_10/notes projects/project_10/reports projects/project,/home/analyst/baseline_workload/run_20260509_041538,benign,,1778300595.195,39644,pre_context,20260508_212317_basic_enum_YrdGDI,20260508_212317_suid_exec_dns_vandalism_9o1sm3,recon,no,-17,/usr/bin/mkdir,/home/analyst/baseline_workload/run_20260509_041538,/home/analyst/baseline_workload/run_20260509_041538,1000,1000,1000,23976,15400,(none),25
-1.285871,recon/basic_enum,suid_exec,mkdir,home_activity,mkdir,,mkdir -p projects/project_10/src projects/project_10/data projects/project_10/notes projects/project_10/reports projects/project,/home/analyst/baseline_workload/run_20260509_041538,benign,,1778300595.195,39645,pre_context,20260508_212317_basic_enum_YrdGDI,20260508_212317_suid_exec_dns_vandalism_9o1sm3,recon,no,-17,/usr/bin/mkdir,/home/analyst/baseline_workload/run_20260509_041538,/home/analyst/baseline_workload/run_20260509_041538,1000,1000,1000,23976,15400,(none),25
-1.285871,recon/basic_enum,suid_exec,mkdir,home_activity,mkdir,,mkdir -p projects/project_10/src projects/project_10/data projects/project_10/notes projects/project_10/reports projects/project,/home/analyst/baseline_workload/run_20260509_041538,benign,,1778300595.195,39646,pre_context,20260508_212317_basic_enum_YrdGDI,20260508_212317_suid_exec_dns_vandalism_9o1sm3,recon,no,-17,/usr/bin/mkdir,/home/analyst/baseline_workload/run_20260509_041538,/home/analyst/baseline_workload/run_20260509_041538,1000,1000,1000,23976,15400,(none),25
-1.285871,recon/basic_enum,suid_exec,mkdir,home_activity,mkdir,,mkdir -p projects/project_10/src projects/project_10/data projects/project_10/notes projects/project_10/reports projects/project,/home/analyst/baseline_workload/run_20260509_041538,benign,,1778300595.195,39647,pre_context,20260508_212317_basic_enum_YrdGDI,20260508_212317_suid_exec_dns_vandalism_9o1sm3,recon,no,-17,/usr/bin/mkdir,/home/analyst/baseline_workload/run_20260509_041538,/home/analyst/baseline_workload/run_20260509_041538,1000,1000,1000,23976,15400,(none),25
-1.284871,recon/basic_enum,suid_exec,execve,exec,mkdir,mkdir -p /home/analyst/Documents/aegis_baseline /home/analyst/Downloads/aegis_baseline,mkdir -p /home/analyst/Documents/aegis_baseline /home/analyst/Downloads/aegis_baseline,/home/analyst/baseline_workload/run_20260509_041538,benign,,1778300595.196,39648,pre_context,20260508_212317_basic_enum_YrdGDI,20260508_212317_suid_exec_dns_vandalism_9o1sm3,recon,yes,0,/usr/bin/mkdir,/usr/bin/mkdir,/usr/bin/mkdir|/lib64/ld-linux-x86-64.so.2,1000,1000,1000,23977,15400,(none),25
-1.283871,recon/basic_enum,suid_exec,mkdir,home_activity,mkdir,,mkdir -p /home/analyst/Documents/aegis_baseline /home/analyst/Downloads/aegis_baseline,/home,benign,,1778300595.197,39649,pre_context,20260508_212317_basic_enum_YrdGDI,20260508_212317_suid_exec_dns_vandalism_9o1sm3,recon,no,-17,/usr/bin/mkdir,/home,/home,1000,1000,1000,23977,15400,(none),25
-1.283871,recon/basic_enum,suid_exec,mkdir,home_activity,mkdir,,mkdir -p /home/analyst/Documents/aegis_baseline /home/analyst/Downloads/aegis_baseline,/home/analyst,benign,,1778300595.197,39650,pre_context,20260508_212317_basic_enum_YrdGDI,20260508_212317_suid_exec_dns_vandalism_9o1sm3,recon,no,-17,/usr/bin/mkdir,/home/analyst,/home/analyst,1000,1000,1000,23977,15400,(none),25
-1.283871,recon/basic_enum,suid_exec,mkdir,home_activity,mkdir,,mkdir -p /home/analyst/Documents/aegis_baseline /home/analyst/Downloads/aegis_baseline,/home/analyst/Documents,benign,,1778300595.197,39651,pre_context,20260508_212317_basic_enum_YrdGDI,20260508_212317_suid_exec_dns_vandalism_9o1sm3,recon,no,-17,/usr/bin/mkdir,/home/analyst/Documents,/home/analyst/Documents,1000,1000,1000,23977,15400,(none),25
-1.283871,recon/basic_enum,suid_exec,mkdir,home_activity,mkdir,,mkdir -p /home/analyst/Documents/aegis_baseline /home/analyst/Downloads/aegis_baseline,/home,benign,,1778300595.197,39652,pre_context,20260508_212317_basic_enum_YrdGDI,20260508_212317_suid_exec_dns_vandalism_9o1sm3,recon,no,-17,/usr/bin/mkdir,/home,/home,1000,1000,1000,23977,15400,(none),25
-1.282871,recon/basic_enum,suid_exec,mkdir,home_activity,mkdir,,mkdir -p /home/analyst/Documents/aegis_baseline /home/analyst/Downloads/aegis_baseline,/home/analyst,benign,,1778300595.198,39653,pre_context,20260508_212317_basic_enum_YrdGDI,20260508_212317_suid_exec_dns_vandalism_9o1sm3,recon,no,-17,/usr/bin/mkdir,/home/analyst,/home/analyst,1000,1000,1000,23977,15400,(none),25
-1.282871,recon/basic_enum,suid_exec,mkdir,home_activity,mkdir,,mkdir -p /home/analyst/Documents/aegis_baseline /home/analyst/Downloads/aegis_baseline,/home/analyst/Downloads,benign,,1778300595.198,39654,pre_context,20260508_212317_basic_enum_YrdGDI,20260508_212317_suid_exec_dns_vandalism_9o1sm3,recon,no,-17,/usr/bin/mkdir,/home/analyst/Downloads,/home/analyst/Downloads,1000,1000,1000,23977,15400,(none),25
-1.282871,recon/basic_enum,suid_exec,openat,home_activity,bash,,bash ./baseline_workload.sh worker 20260509_041538,/home/analyst/baseline_workload/run_20260509_041538,benign,,1778300595.198,39655,pre_context,20260508_212317_basic_enum_YrdGDI,20260508_212317_suid_exec_dns_vandalism_9o1sm3,recon,yes,3,/usr/bin/bash,logs/,logs/|logs/ps_aux_10.log,1000,1000,1000,23978,15400,(none),25
-1.282871,recon/basic_enum,suid_exec,execve,exec,ps,ps aux,bash ./baseline_workload.sh worker 20260509_041538,/home/analyst/baseline_workload/run_20260509_041538,benign,,1778300595.198,39656,pre_context,20260508_212317_basic_enum_YrdGDI,20260508_212317_suid_exec_dns_vandalism_9o1sm3,recon,yes,0,/usr/bin/ps,/usr/bin/ps,/usr/bin/ps|/lib64/ld-linux-x86-64.so.2,1000,1000,1000,23978,15400,(none),25
-1.280871,recon/basic_enum,suid_exec,connect,network_connect,ps,,bash ./baseline_workload.sh worker 20260509_041538,/home/analyst/baseline_workload/run_20260509_041538,benign,,1778300595.200,39657,pre_context,20260508_212317_basic_enum_YrdGDI,20260508_212317_suid_exec_dns_vandalism_9o1sm3,recon,no,-2,/usr/bin/ps,/var/run/nscd/socket,/var/run/nscd/socket,1000,1000,1000,23978,15400,(none),25
-1.280871,recon/basic_enum,suid_exec,connect,network_connect,ps,,bash ./baseline_workload.sh worker 20260509_041538,/home/analyst/baseline_workload/run_20260509_041538,benign,,1778300595.200,39658,pre_context,20260508_212317_basic_enum_YrdGDI,20260508_212317_suid_exec_dns_vandalism_9o1sm3,recon,no,-2,/usr/bin/ps,/var/run/nscd/socket,/var/run/nscd/socket,1000,1000,1000,23978,15400,(none),25
-1.275871,recon/basic_enum,suid_exec,openat,home_activity,bash,,bash ./baseline_workload.sh worker 20260509_041538,/home/analyst/baseline_workload/run_20260509_041538,benign,,1778300595.205,39659,pre_context,20260508_212317_basic_enum_YrdGDI,20260508_212317_suid_exec_dns_vandalism_9o1sm3,recon,yes,3,/usr/bin/bash,logs/,logs/|logs/ps_ef_10.log,1000,1000,1000,23979,15400,(none),25
-1.275871,recon/basic_enum,suid_exec,execve,exec,ps,ps -ef,bash ./baseline_workload.sh worker 20260509_041538,/home/analyst/baseline_workload/run_20260509_041538,benign,,1778300595.205,39660,pre_context,20260508_212317_basic_enum_YrdGDI,20260508_212317_suid_exec_dns_vandalism_9o1sm3,recon,yes,0,/usr/bin/ps,/usr/bin/ps,/usr/bin/ps|/lib64/ld-linux-x86-64.so.2,1000,1000,1000,23979,15400,(none),25
-1.273871,recon/basic_enum,suid_exec,connect,network_connect,ps,,bash ./baseline_workload.sh worker 20260509_041538,/home/analyst/baseline_workload/run_20260509_041538,benign,,1778300595.207,39661,pre_context,20260508_212317_basic_enum_YrdGDI,20260508_212317_suid_exec_dns_vandalism_9o1sm3,recon,no,-2,/usr/bin/ps,/var/run/nscd/socket,/var/run/nscd/socket,1000,1000,1000,23979,15400,(none),25
-1.273871,recon/basic_enum,suid_exec,connect,network_connect,ps,,bash ./baseline_workload.sh worker 20260509_041538,/home/analyst/baseline_workload/run_20260509_041538,benign,,1778300595.207,39662,pre_context,20260508_212317_basic_enum_YrdGDI,20260508_212317_suid_exec_dns_vandalism_9o1sm3,recon,no,-2,/usr/bin/ps,/var/run/nscd/socket,/var/run/nscd/socket,1000,1000,1000,23979,15400,(none),25
-1.268871,recon/basic_enum,suid_exec,openat,home_activity,bash,,bash ./baseline_workload.sh worker 20260509_041538,/home/analyst/baseline_workload/run_20260509_041538,benign,,1778300595.212,39663,pre_context,20260508_212317_basic_enum_YrdGDI,20260508_212317_suid_exec_dns_vandalism_9o1sm3,recon,yes,3,/usr/bin/bash,logs/,logs/|logs/top_10.log,1000,1000,1000,23980,15400,(none),25
-1.268871,recon/basic_enum,suid_exec,execve,exec,top,top -b -n 1,bash ./baseline_workload.sh worker 20260509_041538,/home/analyst/baseline_workload/run_20260509_041538,benign,,1778300595.212,39664,pre_context,20260508_212317_basic_enum_YrdGDI,20260508_212317_suid_exec_dns_vandalism_9o1sm3,recon,yes,0,/usr/bin/top,/usr/bin/top,/usr/bin/top|/lib64/ld-linux-x86-64.so.2,1000,1000,1000,23980,15400,(none),25
-1.166871,recon/basic_enum,suid_exec,mkdir,home_activity,top,,bash ./baseline_workload.sh worker 20260509_041538,/home/analyst/baseline_workload/run_20260509_041538,benign,,1778300595.314,39665,pre_context,20260508_212317_basic_enum_YrdGDI,20260508_212317_suid_exec_dns_vandalism_9o1sm3,recon,no,-17,/usr/bin/top,/home/analyst/,/home/analyst/,1000,1000,1000,23980,15400,(none),25
-1.166871,recon/basic_enum,suid_exec,mkdir,home_activity,top,,bash ./baseline_workload.sh worker 20260509_041538,/home/analyst/baseline_workload/run_20260509_041538,benign,,1778300595.314,39666,pre_context,20260508_212317_basic_enum_YrdGDI,20260508_212317_suid_exec_dns_vandalism_9o1sm3,recon,no,-17,/usr/bin/top,/home/analyst/.config/,/home/analyst/.config/,1000,1000,1000,23980,15400,(none),25
-1.165871,recon/basic_enum,suid_exec,connect,network_connect,top,,bash ./baseline_workload.sh worker 20260509_041538,/home/analyst/baseline_workload/run_20260509_041538,benign,,1778300595.315,39667,pre_context,20260508_212317_basic_enum_YrdGDI,20260508_212317_suid_exec_dns_vandalism_9o1sm3,recon,no,-2,/usr/bin/top,/var/run/nscd/socket,/var/run/nscd/socket,1000,1000,1000,23980,15400,(none),25
-1.165871,recon/basic_enum,suid_exec,connect,network_connect,top,,bash ./baseline_workload.sh worker 20260509_041538,/home/analyst/baseline_workload/run_20260509_041538,benign,,1778300595.315,39668,pre_context,20260508_212317_basic_enum_YrdGDI,20260508_212317_suid_exec_dns_vandalism_9o1sm3,recon,no,-2,/usr/bin/top,/var/run/nscd/socket,/var/run/nscd/socket,1000,1000,1000,23980,15400,(none),25
-1.059871,recon/basic_enum,suid_exec,openat,home_activity,bash,,bash ./baseline_workload.sh start,/home/analyst/baseline_workload/run_20260509_041538,benign,,1778300595.421,39669,pre_context,20260508_212317_basic_enum_YrdGDI,20260508_212317_suid_exec_dns_vandalism_9o1sm3,recon,yes,3,/usr/bin/bash,logs/,logs/|logs/jobs_10.log,1000,1000,1000,15400,1,(none),25
-1.059871,recon/basic_enum,suid_exec,openat,home_activity,bash,,bash ./baseline_workload.sh worker 20260509_041538,/home/analyst/baseline_workload/run_20260509_041538,benign,,1778300595.421,39670,pre_context,20260508_212317_basic_enum_YrdGDI,20260508_212317_suid_exec_dns_vandalism_9o1sm3,recon,yes,3,/usr/bin/bash,logs/,logs/|logs/background_job_10.log,1000,1000,1000,23981,15400,(none),25
-1.058871,recon/basic_enum,suid_exec,execve,exec,sleep,sleep 2,sleep 2,/home/analyst/baseline_workload/run_20260509_041538,benign,,1778300595.422,39671,pre_context,20260508_212317_basic_enum_YrdGDI,20260508_212317_suid_exec_dns_vandalism_9o1sm3,recon,yes,0,/usr/bin/sleep,/usr/bin/sleep,/usr/bin/sleep|/lib64/ld-linux-x86-64.so.2,1000,1000,1000,23982,23981,(none),25
-0.751871,recon/basic_enum,suid_exec,execve,exec,sshd,/usr/sbin/sshd -D -R,/usr/sbin/sshd -D -R,/,benign,,1778300595.729,39672,pre_context,20260508_212317_basic_enum_YrdGDI,20260508_212317_suid_exec_dns_vandalism_9o1sm3,recon,yes,0,/usr/sbin/sshd,/usr/sbin/sshd,/usr/sbin/sshd|/lib64/ld-linux-x86-64.so.2,0,0,4294967295,23983,21008,(none),4294967295
-0.747871,recon/basic_enum,suid_exec,connect,network_connect,sshd,,/usr/sbin/sshd -D -R,/,benign,,1778300595.733,39673,pre_context,20260508_212317_basic_enum_YrdGDI,20260508_212317_suid_exec_dns_vandalism_9o1sm3,recon,no,-2,/usr/sbin/sshd,/var/run/nscd/socket,/var/run/nscd/socket,0,0,4294967295,23983,21008,(none),4294967295
-0.747871,recon/basic_enum,suid_exec,connect,network_connect,sshd,,/usr/sbin/sshd -D -R,,benign,,1778300595.733,39674,pre_context,20260508_212317_basic_enum_YrdGDI,20260508_212317_suid_exec_dns_vandalism_9o1sm3,recon,yes,0,/usr/sbin/sshd,,,0,0,4294967295,23983,21008,(none),4294967295
-0.747871,recon/basic_enum,suid_exec,connect,network_connect,sshd,,/usr/sbin/sshd -D -R,,benign,,1778300595.733,39675,pre_context,20260508_212317_basic_enum_YrdGDI,20260508_212317_suid_exec_dns_vandalism_9o1sm3,recon,yes,0,/usr/sbin/sshd,,,0,0,4294967295,23983,21008,(none),4294967295
-0.747871,recon/basic_enum,suid_exec,connect,network_connect,sshd,,/usr/sbin/sshd -D -R,,benign,,1778300595.733,39676,pre_context,20260508_212317_basic_enum_YrdGDI,20260508_212317_suid_exec_dns_vandalism_9o1sm3,recon,yes,0,/usr/sbin/sshd,,,0,0,4294967295,23983,21008,(none),4294967295
-0.747871,recon/basic_enum,suid_exec,connect,network_connect,sshd,,/usr/sbin/sshd -D -R,/,benign,,1778300595.733,39677,pre_context,20260508_212317_basic_enum_YrdGDI,20260508_212317_suid_exec_dns_vandalism_9o1sm3,recon,no,-2,/usr/sbin/sshd,/var/run/nscd/socket,/var/run/nscd/socket,0,0,4294967295,23983,21008,(none),4294967295
-0.747871,recon/basic_enum,suid_exec,connect,network_connect,sshd,,/usr/sbin/sshd -D -R,/,benign,,1778300595.733,39678,pre_context,20260508_212317_basic_enum_YrdGDI,20260508_212317_suid_exec_dns_vandalism_9o1sm3,recon,no,-2,/usr/sbin/sshd,/var/run/nscd/socket,/var/run/nscd/socket,0,0,4294967295,23983,21008,(none),4294967295
-0.745871,recon/basic_enum,suid_exec,setresgid,privilege_transition,sshd,,sshd: [accepted],,benign,,1778300595.735,39679,pre_context,20260508_212317_basic_enum_YrdGDI,20260508_212317_suid_exec_dns_vandalism_9o1sm3,recon,yes,0,/usr/sbin/sshd,,,0,0,4294967295,23984,23983,(none),4294967295
-0.745871,recon/basic_enum,suid_exec,setresuid,privilege_transition,sshd,,sshd: [accepted],,benign,,1778300595.735,39680,pre_context,20260508_212317_basic_enum_YrdGDI,20260508_212317_suid_exec_dns_vandalism_9o1sm3,recon,yes,0,/usr/sbin/sshd,,,109,109,4294967295,23984,23983,(none),4294967295
-0.745871,recon/basic_enum,suid_exec,setgid,privilege_transition,sshd,,sshd: [accepted],,benign,,1778300595.735,39681,pre_context,20260508_212317_basic_enum_YrdGDI,20260508_212317_suid_exec_dns_vandalism_9o1sm3,recon,no,-1,/usr/sbin/sshd,,,109,109,4294967295,23984,23983,(none),4294967295
-0.745871,recon/basic_enum,suid_exec,setresgid,privilege_transition,sshd,,sshd: [accepted],,benign,,1778300595.735,39682,pre_context,20260508_212317_basic_enum_YrdGDI,20260508_212317_suid_exec_dns_vandalism_9o1sm3,recon,no,-1,/usr/sbin/sshd,,,109,109,4294967295,23984,23983,(none),4294967295
-0.745871,recon/basic_enum,suid_exec,setuid,privilege_transition,sshd,,sshd: [accepted],,benign,,1778300595.735,39683,pre_context,20260508_212317_basic_enum_YrdGDI,20260508_212317_suid_exec_dns_vandalism_9o1sm3,recon,no,-1,/usr/sbin/sshd,,,109,109,4294967295,23984,23983,(none),4294967295
-0.745871,recon/basic_enum,suid_exec,setresuid,privilege_transition,sshd,,sshd: [accepted],,benign,,1778300595.735,39684,pre_context,20260508_212317_basic_enum_YrdGDI,20260508_212317_suid_exec_dns_vandalism_9o1sm3,recon,no,-1,/usr/sbin/sshd,,,109,109,4294967295,23984,23983,(none),4294967295
-0.645871,recon/basic_enum,suid_exec,connect,network_connect,sshd,,/usr/sbin/sshd -D -R,/,benign,,1778300595.835,39685,pre_context,20260508_212317_basic_enum_YrdGDI,20260508_212317_suid_exec_dns_vandalism_9o1sm3,recon,no,-2,/usr/sbin/sshd,/var/run/nscd/socket,/var/run/nscd/socket,0,0,4294967295,23983,21008,(none),4294967295
-0.645871,recon/basic_enum,suid_exec,connect,network_connect,sshd,,/usr/sbin/sshd -D -R,/,benign,,1778300595.835,39686,pre_context,20260508_212317_basic_enum_YrdGDI,20260508_212317_suid_exec_dns_vandalism_9o1sm3,recon,no,-2,/usr/sbin/sshd,/var/run/nscd/socket,/var/run/nscd/socket,0,0,4294967295,23983,21008,(none),4294967295
-0.644871,recon/basic_enum,suid_exec,connect,network_connect,sshd,,/usr/sbin/sshd -D -R,/,benign,,1778300595.836,39687,pre_context,20260508_212317_basic_enum_YrdGDI,20260508_212317_suid_exec_dns_vandalism_9o1sm3,recon,yes,0,/usr/sbin/sshd,/run/systemd/userdb/io.systemd.DynamicUser,/run/systemd/userdb/io.systemd.DynamicUser,0,0,4294967295,23983,21008,(none),4294967295
-0.643871,recon/basic_enum,suid_exec,setresgid,privilege_transition,sshd,,/usr/sbin/sshd -D -R,,benign,,1778300595.837,39688,pre_context,20260508_212317_basic_enum_YrdGDI,20260508_212317_suid_exec_dns_vandalism_9o1sm3,recon,yes,0,/usr/sbin/sshd,,,0,0,4294967295,23983,21008,(none),4294967295
-0.643871,recon/basic_enum,suid_exec,setresuid,privilege_transition,sshd,,/usr/sbin/sshd -D -R,,benign,,1778300595.837,39689,pre_context,20260508_212317_basic_enum_YrdGDI,20260508_212317_suid_exec_dns_vandalism_9o1sm3,recon,yes,0,/usr/sbin/sshd,,,0,1001,4294967295,23983,21008,(none),4294967295
-0.643871,recon/basic_enum,suid_exec,setresuid,privilege_transition,sshd,,/usr/sbin/sshd -D -R,,benign,,1778300595.837,39690,pre_context,20260508_212317_basic_enum_YrdGDI,20260508_212317_suid_exec_dns_vandalism_9o1sm3,recon,yes,0,/usr/sbin/sshd,,,0,0,4294967295,23983,21008,(none),4294967295
-0.643871,recon/basic_enum,suid_exec,setresgid,privilege_transition,sshd,,/usr/sbin/sshd -D -R,,benign,,1778300595.837,39691,pre_context,20260508_212317_basic_enum_YrdGDI,20260508_212317_suid_exec_dns_vandalism_9o1sm3,recon,yes,0,/usr/sbin/sshd,,,0,0,4294967295,23983,21008,(none),4294967295
-0.643871,recon/basic_enum,suid_exec,setresgid,privilege_transition,sshd,,/usr/sbin/sshd -D -R,,benign,,1778300595.837,39692,pre_context,20260508_212317_basic_enum_YrdGDI,20260508_212317_suid_exec_dns_vandalism_9o1sm3,recon,yes,0,/usr/sbin/sshd,,,0,0,4294967295,23983,21008,(none),4294967295
-0.643871,recon/basic_enum,suid_exec,setresuid,privilege_transition,sshd,,/usr/sbin/sshd -D -R,,benign,,1778300595.837,39693,pre_context,20260508_212317_basic_enum_YrdGDI,20260508_212317_suid_exec_dns_vandalism_9o1sm3,recon,yes,0,/usr/sbin/sshd,,,0,1001,4294967295,23983,21008,(none),4294967295
-0.643871,recon/basic_enum,suid_exec,connect,network_connect,sshd,,/usr/sbin/sshd -D -R,/,benign,,1778300595.837,39694,pre_context,20260508_212317_basic_enum_YrdGDI,20260508_212317_suid_exec_dns_vandalism_9o1sm3,recon,yes,0,/usr/sbin/sshd,/dev/log,/dev/log,0,1001,4294967295,23983,21008,(none),4294967295
-0.643871,recon/basic_enum,suid_exec,setresuid,privilege_transition,sshd,,/usr/sbin/sshd -D -R,,benign,,1778300595.837,39695,pre_context,20260508_212317_basic_enum_YrdGDI,20260508_212317_suid_exec_dns_vandalism_9o1sm3,recon,yes,0,/usr/sbin/sshd,,,0,0,4294967295,23983,21008,(none),4294967295
-0.643871,recon/basic_enum,suid_exec,setresgid,privilege_transition,sshd,,/usr/sbin/sshd -D -R,,benign,,1778300595.837,39696,pre_context,20260508_212317_basic_enum_YrdGDI,20260508_212317_suid_exec_dns_vandalism_9o1sm3,recon,yes,0,/usr/sbin/sshd,,,0,0,4294967295,23983,21008,(none),4294967295
-0.643871,recon/basic_enum,suid_exec,,,,,,,benign,,1778300595.837,39697,pre_context,20260508_212317_basic_enum_YrdGDI,20260508_212317_suid_exec_dns_vandalism_9o1sm3,recon,,,,,,,,,,,,
-0.637871,recon/basic_enum,suid_exec,setresgid,privilege_transition,sshd,,/usr/sbin/sshd -D -R,,benign,,1778300595.843,39698,pre_context,20260508_212317_basic_enum_YrdGDI,20260508_212317_suid_exec_dns_vandalism_9o1sm3,recon,yes,0,/usr/sbin/sshd,,,0,0,4294967295,23983,21008,(none),4294967295
-0.637871,recon/basic_enum,suid_exec,setresuid,privilege_transition,sshd,,/usr/sbin/sshd -D -R,,benign,,1778300595.843,39699,pre_context,20260508_212317_basic_enum_YrdGDI,20260508_212317_suid_exec_dns_vandalism_9o1sm3,recon,yes,0,/usr/sbin/sshd,,,0,1001,4294967295,23983,21008,(none),4294967295
-0.637871,recon/basic_enum,suid_exec,setresuid,privilege_transition,sshd,,/usr/sbin/sshd -D -R,,benign,,1778300595.843,39700,pre_context,20260508_212317_basic_enum_YrdGDI,20260508_212317_suid_exec_dns_vandalism_9o1sm3,recon,yes,0,/usr/sbin/sshd,,,0,0,4294967295,23983,21008,(none),4294967295
-0.637871,recon/basic_enum,suid_exec,setresgid,privilege_transition,sshd,,/usr/sbin/sshd -D -R,,benign,,1778300595.843,39701,pre_context,20260508_212317_basic_enum_YrdGDI,20260508_212317_suid_exec_dns_vandalism_9o1sm3,recon,yes,0,/usr/sbin/sshd,,,0,0,4294967295,23983,21008,(none),4294967295
-0.637871,recon/basic_enum,suid_exec,setresgid,privilege_transition,sshd,,/usr/sbin/sshd -D -R,,benign,,1778300595.843,39702,pre_context,20260508_212317_basic_enum_YrdGDI,20260508_212317_suid_exec_dns_vandalism_9o1sm3,recon,yes,0,/usr/sbin/sshd,,,0,0,4294967295,23983,21008,(none),4294967295
-0.637871,recon/basic_enum,suid_exec,setresuid,privilege_transition,sshd,,/usr/sbin/sshd -D -R,,benign,,1778300595.843,39703,pre_context,20260508_212317_basic_enum_YrdGDI,20260508_212317_suid_exec_dns_vandalism_9o1sm3,recon,yes,0,/usr/sbin/sshd,,,0,1001,4294967295,23983,21008,(none),4294967295
-0.637871,recon/basic_enum,suid_exec,connect,network_connect,sshd,,/usr/sbin/sshd -D -R,/,benign,,1778300595.843,39704,pre_context,20260508_212317_basic_enum_YrdGDI,20260508_212317_suid_exec_dns_vandalism_9o1sm3,recon,yes,0,/usr/sbin/sshd,/dev/log,/dev/log,0,1001,4294967295,23983,21008,(none),4294967295
-0.637871,recon/basic_enum,suid_exec,setresuid,privilege_transition,sshd,,/usr/sbin/sshd -D -R,,benign,,1778300595.843,39705,pre_context,20260508_212317_basic_enum_YrdGDI,20260508_212317_suid_exec_dns_vandalism_9o1sm3,recon,yes,0,/usr/sbin/sshd,,,0,0,4294967295,23983,21008,(none),4294967295
-0.637871,recon/basic_enum,suid_exec,setresgid,privilege_transition,sshd,,/usr/sbin/sshd -D -R,,benign,,1778300595.843,39706,pre_context,20260508_212317_basic_enum_YrdGDI,20260508_212317_suid_exec_dns_vandalism_9o1sm3,recon,yes,0,/usr/sbin/sshd,,,0,0,4294967295,23983,21008,(none),4294967295
-0.637871,recon/basic_enum,suid_exec,,,,,,,benign,,1778300595.843,39707,pre_context,20260508_212317_basic_enum_YrdGDI,20260508_212317_suid_exec_dns_vandalism_9o1sm3,recon,,,,,,,,,,,,
-0.611871,recon/basic_enum,suid_exec,connect,network_connect,sshd,,/usr/sbin/sshd -D -R,/,benign,,1778300595.869,39708,pre_context,20260508_212317_basic_enum_YrdGDI,20260508_212317_suid_exec_dns_vandalism_9o1sm3,recon,yes,0,/usr/sbin/sshd,/run/systemd/userdb/io.systemd.DynamicUser,/run/systemd/userdb/io.systemd.DynamicUser,0,0,4294967295,23983,21008,(none),4294967295
-0.610871,recon/basic_enum,suid_exec,,,,,,,benign,,1778300595.870,39709,pre_context,20260508_212317_basic_enum_YrdGDI,20260508_212317_suid_exec_dns_vandalism_9o1sm3,recon,,,,,,,,,,,,
-0.605871,recon/basic_enum,suid_exec,,,,,,,benign,,1778300595.875,39710,pre_context,20260508_212317_basic_enum_YrdGDI,20260508_212317_suid_exec_dns_vandalism_9o1sm3,recon,,,,,,,,,,,,
-0.605871,recon/basic_enum,suid_exec,connect,network_connect,sshd,,/usr/sbin/sshd -D -R,/,benign,,1778300595.875,39711,pre_context,20260508_212317_basic_enum_YrdGDI,20260508_212317_suid_exec_dns_vandalism_9o1sm3,recon,yes,0,/usr/sbin/sshd,/dev/log,/dev/log,0,0,4294967295,23983,21008,(none),4294967295
-0.605871,recon/basic_enum,suid_exec,connect,network_connect,sshd,,/usr/sbin/sshd -D -R,/,benign,,1778300595.875,39712,pre_context,20260508_212317_basic_enum_YrdGDI,20260508_212317_suid_exec_dns_vandalism_9o1sm3,recon,yes,0,/usr/sbin/sshd,/run/systemd/userdb/io.systemd.DynamicUser,/run/systemd/userdb/io.systemd.DynamicUser,0,0,4294967295,23983,21008,(none),4294967295
-0.604871,recon/basic_enum,suid_exec,126,privilege_transition,sshd,,/usr/sbin/sshd -D -R,,benign,,1778300595.876,39713,pre_context,20260508_212317_basic_enum_YrdGDI,20260508_212317_suid_exec_dns_vandalism_9o1sm3,recon,yes,0,/usr/sbin/sshd,,,0,0,4294967295,23983,21008,(none),4294967295
-0.604871,recon/basic_enum,suid_exec,,,,,,,benign,,1778300595.876,39714,pre_context,20260508_212317_basic_enum_YrdGDI,20260508_212317_suid_exec_dns_vandalism_9o1sm3,recon,,,,,,,,,,,,
-0.604871,recon/basic_enum,suid_exec,77,file_destroy,sshd,,/usr/sbin/sshd -D -R,,benign,,1778300595.876,39715,pre_context,20260508_212317_basic_enum_YrdGDI,20260508_212317_suid_exec_dns_vandalism_9o1sm3,recon,yes,0,/usr/sbin/sshd,,,0,0,4294967295,23983,21008,(none),4294967295
-0.604871,recon/basic_enum,suid_exec,write,(null),sshd,,/usr/sbin/sshd -D -R,,benign,,1778300595.876,39716,pre_context,20260508_212317_basic_enum_YrdGDI,20260508_212317_suid_exec_dns_vandalism_9o1sm3,recon,yes,4,/usr/sbin/sshd,,,0,0,1001,23983,21008,(none),118
-0.604871,recon/basic_enum,suid_exec,114,privilege_transition,sshd,,/usr/sbin/sshd -D -R,,benign,,1778300595.876,39717,pre_context,20260508_212317_basic_enum_YrdGDI,20260508_212317_suid_exec_dns_vandalism_9o1sm3,recon,yes,0,/usr/sbin/sshd,,,0,0,1001,23983,21008,(none),118
-0.604871,recon/basic_enum,suid_exec,113,privilege_transition,sshd,,/usr/sbin/sshd -D -R,,benign,,1778300595.876,39718,pre_context,20260508_212317_basic_enum_YrdGDI,20260508_212317_suid_exec_dns_vandalism_9o1sm3,recon,yes,0,/usr/sbin/sshd,,,1001,0,1001,23983,21008,(none),118
-0.604871,recon/basic_enum,suid_exec,113,privilege_transition,sshd,,/usr/sbin/sshd -D -R,,benign,,1778300595.876,39719,pre_context,20260508_212317_basic_enum_YrdGDI,20260508_212317_suid_exec_dns_vandalism_9o1sm3,recon,yes,0,/usr/sbin/sshd,,,0,0,1001,23983,21008,(none),118
-0.604871,recon/basic_enum,suid_exec,114,privilege_transition,sshd,,/usr/sbin/sshd -D -R,,benign,,1778300595.876,39720,pre_context,20260508_212317_basic_enum_YrdGDI,20260508_212317_suid_exec_dns_vandalism_9o1sm3,recon,yes,0,/usr/sbin/sshd,,,0,0,1001,23983,21008,(none),118
-0.604871,recon/basic_enum,suid_exec,connect,network_connect,sshd,,/usr/sbin/sshd -D -R,/,benign,,1778300595.876,39721,pre_context,20260508_212317_basic_enum_YrdGDI,20260508_212317_suid_exec_dns_vandalism_9o1sm3,recon,yes,0,/usr/sbin/sshd,/dev/log,/dev/log,0,0,1001,23983,21008,(none),118
-0.604871,recon/basic_enum,suid_exec,connect,network_connect,sshd,,/usr/sbin/sshd -D -R,/,benign,,1778300595.876,39722,pre_context,20260508_212317_basic_enum_YrdGDI,20260508_212317_suid_exec_dns_vandalism_9o1sm3,recon,no,-2,/usr/sbin/sshd,/run/systemd/userdb/io.systemd.Multiplexer,/run/systemd/userdb/io.systemd.Multiplexer,0,0,1001,23983,21008,(none),118
-0.604871,recon/basic_enum,suid_exec,connect,network_connect,sshd,,/usr/sbin/sshd -D -R,/,benign,,1778300595.876,39723,pre_context,20260508_212317_basic_enum_YrdGDI,20260508_212317_suid_exec_dns_vandalism_9o1sm3,recon,yes,0,/usr/sbin/sshd,/run/systemd/userdb/io.systemd.DynamicUser,/run/systemd/userdb/io.systemd.DynamicUser,0,0,1001,23983,21008,(none),118
-0.603871,recon/basic_enum,suid_exec,connect,network_connect,sshd,,/usr/sbin/sshd -D -R,/,benign,,1778300595.877,39724,pre_context,20260508_212317_basic_enum_YrdGDI,20260508_212317_suid_exec_dns_vandalism_9o1sm3,recon,yes,0,/usr/sbin/sshd,/run/dbus/system_bus_socket,/run/dbus/system_bus_socket,0,0,1001,23983,21008,(none),118
-0.596871,recon/basic_enum,suid_exec,execve,exec,sh,sh -c -- /usr/bin/env -i PATH=/usr/local/sbin:/usr/local/bin:/usr/sbin:/usr/bin:/sbin:/bin run-parts --lsbsysinit /etc/update-motd.d > /run/motd.dynamic.new,sh -c -- /usr/bin/env -i PATH=/usr/local/sbin:/usr/local/bin:/usr/sbin:/usr/bin:/sbin:/bin run-parts --lsbsysinit /etc/update-mo,/,benign,,1778300595.884,39725,pre_context,20260508_212317_basic_enum_YrdGDI,20260508_212317_suid_exec_dns_vandalism_9o1sm3,recon,yes,0,/usr/bin/dash,/bin/sh,/bin/sh|/lib64/ld-linux-x86-64.so.2,0,0,1001,23985,23983,(none),118
-0.595871,recon/basic_enum,suid_exec,execve,exec,env,/usr/bin/env -i PATH=/usr/local/sbin:/usr/local/bin:/usr/sbin:/usr/bin:/sbin:/bin run-parts --lsbsysinit /etc/update-motd.d,/usr/bin/env -i PATH=/usr/local/sbin:/usr/local/bin:/usr/sbin:/usr/bin:/sbin:/bin run-parts --lsbsysinit /etc/update-motd.d,/,benign,,1778300595.885,39726,pre_context,20260508_212317_basic_enum_YrdGDI,20260508_212317_suid_exec_dns_vandalism_9o1sm3,recon,yes,0,/usr/bin/env,/usr/bin/env,/usr/bin/env|/lib64/ld-linux-x86-64.so.2,0,0,1001,23986,23985,(none),118
-0.594871,recon/basic_enum,suid_exec,execve,exec,env,,/usr/bin/env -i PATH=/usr/local/sbin:/usr/local/bin:/usr/sbin:/usr/bin:/sbin:/bin run-parts --lsbsysinit /etc/update-motd.d,/,benign,,1778300595.886,39727,pre_context,20260508_212317_basic_enum_YrdGDI,20260508_212317_suid_exec_dns_vandalism_9o1sm3,recon,no,-2,/usr/bin/env,/usr/local/sbin/run-parts,/usr/local/sbin/run-parts,0,0,1001,23986,23985,(none),118
-0.594871,recon/basic_enum,suid_exec,execve,exec,env,,/usr/bin/env -i PATH=/usr/local/sbin:/usr/local/bin:/usr/sbin:/usr/bin:/sbin:/bin run-parts --lsbsysinit /etc/update-motd.d,/,benign,,1778300595.886,39728,pre_context,20260508_212317_basic_enum_YrdGDI,20260508_212317_suid_exec_dns_vandalism_9o1sm3,recon,no,-2,/usr/bin/env,/usr/local/bin/run-parts,/usr/local/bin/run-parts,0,0,1001,23986,23985,(none),118
-0.594871,recon/basic_enum,suid_exec,execve,exec,env,,/usr/bin/env -i PATH=/usr/local/sbin:/usr/local/bin:/usr/sbin:/usr/bin:/sbin:/bin run-parts --lsbsysinit /etc/update-motd.d,/,benign,,1778300595.886,39729,pre_context,20260508_212317_basic_enum_YrdGDI,20260508_212317_suid_exec_dns_vandalism_9o1sm3,recon,no,-2,/usr/bin/env,/usr/sbin/run-parts,/usr/sbin/run-parts,0,0,1001,23986,23985,(none),118
-0.594871,recon/basic_enum,suid_exec,execve,exec,run-parts,run-parts --lsbsysinit /etc/update-motd.d,/usr/bin/env -i PATH=/usr/local/sbin:/usr/local/bin:/usr/sbin:/usr/bin:/sbin:/bin run-parts --lsbsysinit /etc/update-motd.d,/,benign,,1778300595.886,39730,pre_context,20260508_212317_basic_enum_YrdGDI,20260508_212317_suid_exec_dns_vandalism_9o1sm3,recon,yes,0,/usr/bin/run-parts,/usr/bin/run-parts,/usr/bin/run-parts|/lib64/ld-linux-x86-64.so.2,0,0,1001,23986,23985,(none),118
-0.592871,recon/basic_enum,suid_exec,execve,exec,00-header,/bin/sh /etc/update-motd.d/00-header,/bin/sh /etc/update-motd.d/00-header,/,benign,,1778300595.888,39731,pre_context,20260508_212317_basic_enum_YrdGDI,20260508_212317_suid_exec_dns_vandalism_9o1sm3,recon,yes,0,/usr/bin/dash,/etc/update-motd.d/00-header,/etc/update-motd.d/00-header|/bin/sh|/lib64/ld-linux-x86-64.so.2,0,0,1001,23987,23986,(none),118
-0.591871,recon/basic_enum,suid_exec,execve,exec,uname,uname -o,uname -o,/,benign,,1778300595.889,39732,pre_context,20260508_212317_basic_enum_YrdGDI,20260508_212317_suid_exec_dns_vandalism_9o1sm3,recon,yes,0,/usr/bin/uname,/usr/bin/uname,/usr/bin/uname|/lib64/ld-linux-x86-64.so.2,0,0,1001,23988,23987,(none),118
-0.590871,recon/basic_enum,suid_exec,execve,exec,uname,uname -r,uname -r,/,benign,,1778300595.890,39733,pre_context,20260508_212317_basic_enum_YrdGDI,20260508_212317_suid_exec_dns_vandalism_9o1sm3,recon,yes,0,/usr/bin/uname,/usr/bin/uname,/usr/bin/uname|/lib64/ld-linux-x86-64.so.2,0,0,1001,23989,23987,(none),118
-0.588871,recon/basic_enum,suid_exec,execve,exec,uname,uname -m,uname -m,/,benign,,1778300595.892,39734,pre_context,20260508_212317_basic_enum_YrdGDI,20260508_212317_suid_exec_dns_vandalism_9o1sm3,recon,yes,0,/usr/bin/uname,/usr/bin/uname,/usr/bin/uname|/lib64/ld-linux-x86-64.so.2,0,0,1001,23990,23987,(none),118
-0.586871,recon/basic_enum,suid_exec,execve,exec,10-help-text,/bin/sh /etc/update-motd.d/10-help-text,/bin/sh /etc/update-motd.d/10-help-text,/,benign,,1778300595.894,39735,pre_context,20260508_212317_basic_enum_YrdGDI,20260508_212317_suid_exec_dns_vandalism_9o1sm3,recon,yes,0,/usr/bin/dash,/etc/update-motd.d/10-help-text,/etc/update-motd.d/10-help-text|/bin/sh|/lib64/ld-linux-x86-64.so.2,0,0,1001,23991,23986,(none),118
-0.585871,recon/basic_enum,suid_exec,execve,exec,50-landscape-sy,/bin/sh /etc/update-motd.d/50-landscape-sysinfo,/bin/sh /etc/update-motd.d/50-landscape-sysinfo,/,benign,,1778300595.895,39736,pre_context,20260508_212317_basic_enum_YrdGDI,20260508_212317_suid_exec_dns_vandalism_9o1sm3,recon,yes,0,/usr/bin/dash,/etc/update-motd.d/50-landscape-sysinfo,/etc/update-motd.d/50-landscape-sysinfo|/bin/sh|/lib64/ld-linux-x86-64.so.2,0,0,1001,23992,23986,(none),118
-0.585871,recon/basic_enum,suid_exec,execve,exec,find,find /var/lib/landscape/landscape-sysinfo.cache -newermt now-1 minutes,find /var/lib/landscape/landscape-sysinfo.cache -newermt now-1 minutes,/,benign,,1778300595.895,39737,pre_context,20260508_212317_basic_enum_YrdGDI,20260508_212317_suid_exec_dns_vandalism_9o1sm3,recon,yes,0,/usr/bin/find,/usr/bin/find,/usr/bin/find|/lib64/ld-linux-x86-64.so.2,0,0,1001,23993,23992,(none),118
-0.583871,recon/basic_enum,suid_exec,execve,exec,grep,grep -c ^processor /proc/cpuinfo,grep -c ^processor /proc/cpuinfo,/,benign,,1778300595.897,39738,pre_context,20260508_212317_basic_enum_YrdGDI,20260508_212317_suid_exec_dns_vandalism_9o1sm3,recon,yes,0,/usr/bin/grep,/usr/bin/grep,/usr/bin/grep|/lib64/ld-linux-x86-64.so.2,0,0,1001,23994,23992,(none),118
-0.582871,recon/basic_enum,suid_exec,execve,exec,bc,�,�,/,benign,,1778300595.898,39739,pre_context,20260508_212317_basic_enum_YrdGDI,20260508_212317_suid_exec_dns_vandalism_9o1sm3,recon,yes,0,/usr/bin/bc,/usr/bin/bc,/usr/bin/bc|/lib64/ld-linux-x86-64.so.2,0,0,1001,23997,23995,(none),118
-0.582871,recon/basic_enum,suid_exec,execve,exec,cut,cut -f1 -d /proc/loadavg,cut -f1 -d /proc/loadavg,/,benign,,1778300595.898,39740,pre_context,20260508_212317_basic_enum_YrdGDI,20260508_212317_suid_exec_dns_vandalism_9o1sm3,recon,yes,0,/usr/bin/cut,/usr/bin/cut,/usr/bin/cut|/lib64/ld-linux-x86-64.so.2,0,0,1001,23998,23996,(none),118
-0.578871,recon/basic_enum,suid_exec,execve,exec,date,/bin/date,/bin/date,/,benign,,1778300595.902,39741,pre_context,20260508_212317_basic_enum_YrdGDI,20260508_212317_suid_exec_dns_vandalism_9o1sm3,recon,yes,0,/usr/bin/date,/bin/date,/bin/date|/lib64/ld-linux-x86-64.so.2,0,0,1001,24000,23999,(none),118
-0.577871,recon/basic_enum,suid_exec,execve,exec,landscape-sysin,/usr/bin/python3 /usr/bin/landscape-sysinfo,/usr/bin/python3 /usr/bin/landscape-sysinfo,/,benign,,1778300595.903,39742,pre_context,20260508_212317_basic_enum_YrdGDI,20260508_212317_suid_exec_dns_vandalism_9o1sm3,recon,yes,0,/usr/bin/python3.12,/usr/bin/landscape-sysinfo,/usr/bin/landscape-sysinfo|/usr/bin/python3|/lib64/ld-linux-x86-64.so.2,0,0,1001,24001,23999,(none),118
-0.572871,recon/basic_enum,suid_exec,connect,network_connect,landscape-sysin,,/usr/bin/python3 /usr/bin/landscape-sysinfo,/,benign,,1778300595.908,39743,pre_context,20260508_212317_basic_enum_YrdGDI,20260508_212317_suid_exec_dns_vandalism_9o1sm3,recon,no,-2,/usr/bin/python3.12,/var/run/nscd/socket,/var/run/nscd/socket,0,0,1001,24001,23999,(none),118
-0.572871,recon/basic_enum,suid_exec,connect,network_connect,landscape-sysin,,/usr/bin/python3 /usr/bin/landscape-sysinfo,/,benign,,1778300595.908,39744,pre_context,20260508_212317_basic_enum_YrdGDI,20260508_212317_suid_exec_dns_vandalism_9o1sm3,recon,no,-2,/usr/bin/python3.12,/var/run/nscd/socket,/var/run/nscd/socket,0,0,1001,24001,23999,(none),118
-0.427871,recon/basic_enum,suid_exec,execve,exec,landscape-sysin,,/usr/bin/python3 /usr/bin/landscape-sysinfo,/,benign,,1778300596.053,39745,pre_context,20260508_212317_basic_enum_YrdGDI,20260508_212317_suid_exec_dns_vandalism_9o1sm3,recon,no,-2,/usr/bin/python3.12,/usr/local/sbin/who,/usr/local/sbin/who,0,0,1001,24002,24001,(none),118
-0.426871,recon/basic_enum,suid_exec,execve,exec,landscape-sysin,,/usr/bin/python3 /usr/bin/landscape-sysinfo,/,benign,,1778300596.054,39746,pre_context,20260508_212317_basic_enum_YrdGDI,20260508_212317_suid_exec_dns_vandalism_9o1sm3,recon,no,-2,/usr/bin/python3.12,/usr/local/bin/who,/usr/local/bin/who,0,0,1001,24002,24001,(none),118
-0.426871,recon/basic_enum,suid_exec,execve,exec,landscape-sysin,,/usr/bin/python3 /usr/bin/landscape-sysinfo,/,benign,,1778300596.054,39747,pre_context,20260508_212317_basic_enum_YrdGDI,20260508_212317_suid_exec_dns_vandalism_9o1sm3,recon,no,-2,/usr/bin/python3.12,/usr/sbin/who,/usr/sbin/who,0,0,1001,24002,24001,(none),118
-0.426871,recon/basic_enum,suid_exec,execve,exec,who,who -q,/usr/bin/python3 /usr/bin/landscape-sysinfo,/,benign,,1778300596.054,39748,pre_context,20260508_212317_basic_enum_YrdGDI,20260508_212317_suid_exec_dns_vandalism_9o1sm3,recon,yes,0,/usr/bin/who,/usr/bin/who,/usr/bin/who|/lib64/ld-linux-x86-64.so.2,0,0,1001,24002,24001,(none),118
-0.405871,recon/basic_enum,suid_exec,execve,exec,chmod,chmod 0644 /var/lib/landscape/landscape-sysinfo.cache,chmod 0644 /var/lib/landscape/landscape-sysinfo.cache,/,benign,,1778300596.075,39749,pre_context,20260508_212317_basic_enum_YrdGDI,20260508_212317_suid_exec_dns_vandalism_9o1sm3,recon,yes,0,/usr/bin/chmod,/usr/bin/chmod,/usr/bin/chmod|/lib64/ld-linux-x86-64.so.2,0,0,1001,24003,23992,(none),118
-0.404871,recon/basic_enum,suid_exec,fchmodat,chmod_change,chmod,,chmod 0644 /var/lib/landscape/landscape-sysinfo.cache,/,benign,,1778300596.076,39750,pre_context,20260508_212317_basic_enum_YrdGDI,20260508_212317_suid_exec_dns_vandalism_9o1sm3,recon,yes,0,/usr/bin/chmod,/var/lib/landscape/landscape-sysinfo.cache,/var/lib/landscape/landscape-sysinfo.cache,0,0,1001,24003,23992,(none),118
-0.404871,recon/basic_enum,suid_exec,execve,exec,50-motd-news,/bin/sh /etc/update-motd.d/50-motd-news,/bin/sh /etc/update-motd.d/50-motd-news,/,benign,,1778300596.076,39751,pre_context,20260508_212317_basic_enum_YrdGDI,20260508_212317_suid_exec_dns_vandalism_9o1sm3,recon,yes,0,/usr/bin/dash,/etc/update-motd.d/50-motd-news,/etc/update-motd.d/50-motd-news|/bin/sh|/lib64/ld-linux-x86-64.so.2,0,0,1001,24004,23986,(none),118
-0.403871,recon/basic_enum,suid_exec,execve,exec,cat,cat /var/cache/motd-news,cat /var/cache/motd-news,/,benign,,1778300596.077,39752,pre_context,20260508_212317_basic_enum_YrdGDI,20260508_212317_suid_exec_dns_vandalism_9o1sm3,recon,yes,0,/usr/bin/cat,/usr/bin/cat,/usr/bin/cat|/lib64/ld-linux-x86-64.so.2,0,0,1001,24005,24004,(none),118
-0.402871,recon/basic_enum,suid_exec,execve,exec,head,head -n 10,head -n 10,/,benign,,1778300596.078,39753,pre_context,20260508_212317_basic_enum_YrdGDI,20260508_212317_suid_exec_dns_vandalism_9o1sm3,recon,yes,0,/usr/bin/head,/usr/bin/head,/usr/bin/head|/lib64/ld-linux-x86-64.so.2,0,0,1001,24006,24004,(none),118
-0.402871,recon/basic_enum,suid_exec,execve,exec,cut,cut -c -80,cut -c -80,/,benign,,1778300596.078,39754,pre_context,20260508_212317_basic_enum_YrdGDI,20260508_212317_suid_exec_dns_vandalism_9o1sm3,recon,yes,0,/usr/bin/cut,/usr/bin/cut,/usr/bin/cut|/lib64/ld-linux-x86-64.so.2,0,0,1001,24008,24004,(none),118
-0.398871,recon/basic_enum,suid_exec,execve,exec,tr,tr -d \000-\011\013\014\016-\037,tr -d \000-\011\013\014\016-\037,/,benign,,1778300596.082,39755,pre_context,20260508_212317_basic_enum_YrdGDI,20260508_212317_suid_exec_dns_vandalism_9o1sm3,recon,yes,0,/usr/bin/tr,/usr/bin/tr,/usr/bin/tr|/lib64/ld-linux-x86-64.so.2,0,0,1001,24007,24004,(none),118
-0.397871,recon/basic_enum,suid_exec,execve,exec,85-fwupd,/bin/sh /etc/update-motd.d/85-fwupd,/bin/sh /etc/update-motd.d/85-fwupd,/,benign,,1778300596.083,39756,pre_context,20260508_212317_basic_enum_YrdGDI,20260508_212317_suid_exec_dns_vandalism_9o1sm3,recon,yes,0,/usr/bin/dash,/etc/update-motd.d/85-fwupd,/etc/update-motd.d/85-fwupd|/bin/sh|/lib64/ld-linux-x86-64.so.2,0,0,1001,24009,23986,(none),118
-0.396871,recon/basic_enum,suid_exec,execve,exec,cat,cat /run/motd.d/85-fwupd,cat /run/motd.d/85-fwupd,/,benign,,1778300596.084,39757,pre_context,20260508_212317_basic_enum_YrdGDI,20260508_212317_suid_exec_dns_vandalism_9o1sm3,recon,yes,0,/usr/bin/cat,/usr/bin/cat,/usr/bin/cat|/lib64/ld-linux-x86-64.so.2,0,0,1001,24010,24009,(none),118
-0.395871,recon/basic_enum,suid_exec,execve,exec,90-updates-avai,/bin/sh /etc/update-motd.d/90-updates-available,/bin/sh /etc/update-motd.d/90-updates-available,/,benign,,1778300596.085,39758,pre_context,20260508_212317_basic_enum_YrdGDI,20260508_212317_suid_exec_dns_vandalism_9o1sm3,recon,yes,0,/usr/bin/dash,/etc/update-motd.d/90-updates-available,/etc/update-motd.d/90-updates-available|/bin/sh|/lib64/ld-linux-x86-64.so.2,0,0,1001,24011,23986,(none),118
-0.394871,recon/basic_enum,suid_exec,execve,exec,cat,cat /var/lib/update-notifier/updates-available,cat /var/lib/update-notifier/updates-available,/,benign,,1778300596.086,39759,pre_context,20260508_212317_basic_enum_YrdGDI,20260508_212317_suid_exec_dns_vandalism_9o1sm3,recon,yes,0,/usr/bin/cat,/usr/bin/cat,/usr/bin/cat|/lib64/ld-linux-x86-64.so.2,0,0,1001,24012,24011,(none),118
-0.393871,recon/basic_enum,suid_exec,execve,exec,find,find /var/lib/update-notifier/updates-available -newermt now-7 days,find /var/lib/update-notifier/updates-available -newermt now-7 days,/,benign,,1778300596.087,39760,pre_context,20260508_212317_basic_enum_YrdGDI,20260508_212317_suid_exec_dns_vandalism_9o1sm3,recon,yes,0,/usr/bin/find,/usr/bin/find,/usr/bin/find|/lib64/ld-linux-x86-64.so.2,0,0,1001,24013,24011,(none),118
-0.393871,recon/basic_enum,suid_exec,execve,exec,grep,grep -q -m 1 .,grep -q -m 1 .,/,benign,,1778300596.087,39761,pre_context,20260508_212317_basic_enum_YrdGDI,20260508_212317_suid_exec_dns_vandalism_9o1sm3,recon,yes,0,/usr/bin/grep,/usr/bin/grep,/usr/bin/grep|/lib64/ld-linux-x86-64.so.2,0,0,1001,24014,24011,(none),118
-0.391871,recon/basic_enum,suid_exec,execve,exec,91-contract-ua-,/bin/sh /etc/update-motd.d/91-contract-ua-esm-status,/bin/sh /etc/update-motd.d/91-contract-ua-esm-status,/,benign,,1778300596.089,39762,pre_context,20260508_212317_basic_enum_YrdGDI,20260508_212317_suid_exec_dns_vandalism_9o1sm3,recon,yes,0,/usr/bin/dash,/etc/update-motd.d/91-contract-ua-esm-status,/etc/update-motd.d/91-contract-ua-esm-status|/bin/sh|/lib64/ld-linux-x86-64.so.2,0,0,1001,24015,23986,(none),118
-0.390871,recon/basic_enum,suid_exec,execve,exec,91-release-upgr,/bin/sh /etc/update-motd.d/91-release-upgrade,/bin/sh /etc/update-motd.d/91-release-upgrade,/,benign,,1778300596.090,39763,pre_context,20260508_212317_basic_enum_YrdGDI,20260508_212317_suid_exec_dns_vandalism_9o1sm3,recon,yes,0,/usr/bin/dash,/etc/update-motd.d/91-release-upgrade,/etc/update-motd.d/91-release-upgrade|/bin/sh|/lib64/ld-linux-x86-64.so.2,0,0,1001,24016,23986,(none),118
-0.388871,recon/basic_enum,suid_exec,execve,exec,cut,cut -d -f4,cut -d -f4,/,benign,,1778300596.092,39764,pre_context,20260508_212317_basic_enum_YrdGDI,20260508_212317_suid_exec_dns_vandalism_9o1sm3,recon,yes,0,/usr/bin/cut,/usr/bin/cut,/usr/bin/cut|/lib64/ld-linux-x86-64.so.2,0,0,1001,24019,24017,(none),118
-0.388871,recon/basic_enum,suid_exec,execve,exec,id,id -u,id -u,/,benign,,1778300596.092,39765,pre_context,20260508_212317_basic_enum_YrdGDI,20260508_212317_suid_exec_dns_vandalism_9o1sm3,recon,yes,0,/usr/bin/id,/usr/bin/id,/usr/bin/id|/lib64/ld-linux-x86-64.so.2,0,0,1001,24020,24016,(none),118
-0.387871,recon/basic_enum,suid_exec,execve,exec,release-upgrade,/bin/sh -e /usr/lib/ubuntu-release-upgrader/release-upgrade-motd,/bin/sh /etc/update-motd.d/91-release-upgrade,/,benign,,1778300596.093,39766,pre_context,20260508_212317_basic_enum_YrdGDI,20260508_212317_suid_exec_dns_vandalism_9o1sm3,recon,yes,0,/usr/bin/dash,/usr/lib/ubuntu-release-upgrader/release-upgrade-motd,/usr/lib/ubuntu-release-upgrader/release-upgrade-motd|/bin/sh|/lib64/ld-linux-x86-64.so.2,0,0,1001,24016,23986,(none),118
-0.385871,recon/basic_enum,suid_exec,execve,exec,date,date +%s,date +%s,/,benign,,1778300596.095,39767,pre_context,20260508_212317_basic_enum_YrdGDI,20260508_212317_suid_exec_dns_vandalism_9o1sm3,recon,yes,0,/usr/bin/date,/usr/bin/date,/usr/bin/date|/lib64/ld-linux-x86-64.so.2,0,0,1001,24021,24016,(none),118
-0.384871,recon/basic_enum,suid_exec,execve,exec,stat,stat -c %Y /var/lib/ubuntu-release-upgrader/release-upgrade-available,stat -c %Y /var/lib/ubuntu-release-upgrader/release-upgrade-available,/,benign,,1778300596.096,39768,pre_context,20260508_212317_basic_enum_YrdGDI,20260508_212317_suid_exec_dns_vandalism_9o1sm3,recon,yes,0,/usr/bin/stat,/usr/bin/stat,/usr/bin/stat|/lib64/ld-linux-x86-64.so.2,0,0,1001,24022,24016,(none),118
-0.382871,recon/basic_enum,suid_exec,execve,exec,expr,expr 1778282941 + 86400,expr 1778282941 + 86400,/,benign,,1778300596.098,39769,pre_context,20260508_212317_basic_enum_YrdGDI,20260508_212317_suid_exec_dns_vandalism_9o1sm3,recon,yes,0,/usr/bin/expr,/usr/bin/expr,/usr/bin/expr|/lib64/ld-linux-x86-64.so.2,0,0,1001,24023,24016,(none),118
-0.381871,recon/basic_enum,suid_exec,execve,exec,92-unattended-u,/bin/sh /etc/update-motd.d/92-unattended-upgrades,/bin/sh /etc/update-motd.d/92-unattended-upgrades,/,benign,,1778300596.099,39770,pre_context,20260508_212317_basic_enum_YrdGDI,20260508_212317_suid_exec_dns_vandalism_9o1sm3,recon,yes,0,/usr/bin/dash,/etc/update-motd.d/92-unattended-upgrades,/etc/update-motd.d/92-unattended-upgrades|/bin/sh|/lib64/ld-linux-x86-64.so.2,0,0,1001,24024,23986,(none),118
-0.380871,recon/basic_enum,suid_exec,execve,exec,update-motd-una,/bin/sh /usr/share/unattended-upgrades/update-motd-unattended-upgrades,/bin/sh /etc/update-motd.d/92-unattended-upgrades,/,benign,,1778300596.100,39771,pre_context,20260508_212317_basic_enum_YrdGDI,20260508_212317_suid_exec_dns_vandalism_9o1sm3,recon,yes,0,/usr/bin/dash,/usr/share/unattended-upgrades/update-motd-unattended-upgrades,/usr/share/unattended-upgrades/update-motd-unattended-upgrades|/bin/sh|/lib64/ld-linux-x86-64.so.2,0,0,1001,24024,23986,(none),118
-0.379871,recon/basic_enum,suid_exec,execve,exec,95-hwe-eol,/bin/sh /etc/update-motd.d/95-hwe-eol,/bin/sh /etc/update-motd.d/95-hwe-eol,/,benign,,1778300596.101,39772,pre_context,20260508_212317_basic_enum_YrdGDI,20260508_212317_suid_exec_dns_vandalism_9o1sm3,recon,yes,0,/usr/bin/dash,/etc/update-motd.d/95-hwe-eol,/etc/update-motd.d/95-hwe-eol|/bin/sh|/lib64/ld-linux-x86-64.so.2,0,0,1001,24025,23986,(none),118
-0.379871,recon/basic_enum,suid_exec,execve,exec,find,find /var/lib/update-notifier/hwe-eol -newermt now-1 days,find /var/lib/update-notifier/hwe-eol -newermt now-1 days,/,benign,,1778300596.101,39773,pre_context,20260508_212317_basic_enum_YrdGDI,20260508_212317_suid_exec_dns_vandalism_9o1sm3,recon,yes,0,/usr/bin/find,/usr/bin/find,/usr/bin/find|/lib64/ld-linux-x86-64.so.2,0,0,1001,24026,24025,(none),118
-0.378871,recon/basic_enum,suid_exec,execve,exec,97-overlayroot,/bin/sh /etc/update-motd.d/97-overlayroot,/bin/sh /etc/update-motd.d/97-overlayroot,/,benign,,1778300596.102,39774,pre_context,20260508_212317_basic_enum_YrdGDI,20260508_212317_suid_exec_dns_vandalism_9o1sm3,recon,yes,0,/usr/bin/dash,/etc/update-motd.d/97-overlayroot,/etc/update-motd.d/97-overlayroot|/bin/sh|/lib64/ld-linux-x86-64.so.2,0,0,1001,24027,23986,(none),118
-0.375871,recon/basic_enum,suid_exec,execve,exec,egrep,/bin/sh /usr/bin/egrep overlayroot|/media/root-ro|/media/root-rw /proc/mounts,/bin/sh /usr/bin/egrep overlayroot|/media/root-ro|/media/root-rw /proc/mounts,/,benign,,1778300596.105,39775,pre_context,20260508_212317_basic_enum_YrdGDI,20260508_212317_suid_exec_dns_vandalism_9o1sm3,recon,yes,0,/usr/bin/dash,/usr/bin/egrep,/usr/bin/egrep|/bin/sh|/lib64/ld-linux-x86-64.so.2,0,0,1001,24029,24028,(none),118
-0.375871,recon/basic_enum,suid_exec,execve,exec,sort,sort -r,sort -r,/,benign,,1778300596.105,39776,pre_context,20260508_212317_basic_enum_YrdGDI,20260508_212317_suid_exec_dns_vandalism_9o1sm3,recon,yes,0,/usr/bin/sort,/usr/bin/sort,/usr/bin/sort|/lib64/ld-linux-x86-64.so.2,0,0,1001,24030,24028,(none),118
-0.374871,recon/basic_enum,suid_exec,execve,exec,egrep,,/bin/sh /usr/bin/egrep overlayroot|/media/root-ro|/media/root-rw /proc/mounts,/,benign,,1778300596.106,39777,pre_context,20260508_212317_basic_enum_YrdGDI,20260508_212317_suid_exec_dns_vandalism_9o1sm3,recon,no,-2,/usr/bin/dash,/usr/local/sbin/grep,/usr/local/sbin/grep,0,0,1001,24029,24028,(none),118
-0.374871,recon/basic_enum,suid_exec,execve,exec,egrep,,/bin/sh /usr/bin/egrep overlayroot|/media/root-ro|/media/root-rw /proc/mounts,/,benign,,1778300596.106,39778,pre_context,20260508_212317_basic_enum_YrdGDI,20260508_212317_suid_exec_dns_vandalism_9o1sm3,recon,no,-2,/usr/bin/dash,/usr/local/bin/grep,/usr/local/bin/grep,0,0,1001,24029,24028,(none),118
-0.374871,recon/basic_enum,suid_exec,execve,exec,egrep,,/bin/sh /usr/bin/egrep overlayroot|/media/root-ro|/media/root-rw /proc/mounts,/,benign,,1778300596.106,39779,pre_context,20260508_212317_basic_enum_YrdGDI,20260508_212317_suid_exec_dns_vandalism_9o1sm3,recon,no,-2,/usr/bin/dash,/usr/sbin/grep,/usr/sbin/grep,0,0,1001,24029,24028,(none),118
-0.374871,recon/basic_enum,suid_exec,execve,exec,grep,grep -E overlayroot|/media/root-ro|/media/root-rw /proc/mounts,/bin/sh /usr/bin/egrep overlayroot|/media/root-ro|/media/root-rw /proc/mounts,/,benign,,1778300596.106,39780,pre_context,20260508_212317_basic_enum_YrdGDI,20260508_212317_suid_exec_dns_vandalism_9o1sm3,recon,yes,0,/usr/bin/grep,/usr/bin/grep,/usr/bin/grep|/lib64/ld-linux-x86-64.so.2,0,0,1001,24029,24028,(none),118
-0.371871,recon/basic_enum,suid_exec,execve,exec,98-fsck-at-rebo,/bin/sh /etc/update-motd.d/98-fsck-at-reboot,/bin/sh /etc/update-motd.d/98-fsck-at-reboot,/,benign,,1778300596.109,39781,pre_context,20260508_212317_basic_enum_YrdGDI,20260508_212317_suid_exec_dns_vandalism_9o1sm3,recon,yes,0,/usr/bin/dash,/etc/update-motd.d/98-fsck-at-reboot,/etc/update-motd.d/98-fsck-at-reboot|/bin/sh|/lib64/ld-linux-x86-64.so.2,0,0,1001,24031,23986,(none),118
-0.370871,recon/basic_enum,suid_exec,execve,exec,update-motd-fsc,/bin/sh /usr/lib/update-notifier/update-motd-fsck-at-reboot,/bin/sh /etc/update-motd.d/98-fsck-at-reboot,/,benign,,1778300596.110,39782,pre_context,20260508_212317_basic_enum_YrdGDI,20260508_212317_suid_exec_dns_vandalism_9o1sm3,recon,yes,0,/usr/bin/dash,/usr/lib/update-notifier/update-motd-fsck-at-reboot,/usr/lib/update-notifier/update-motd-fsck-at-reboot|/bin/sh|/lib64/ld-linux-x86-64.so.2,0,0,1001,24031,23986,(none),118
-0.369871,recon/basic_enum,suid_exec,execve,exec,id,id -u,id -u,/,benign,,1778300596.111,39783,pre_context,20260508_212317_basic_enum_YrdGDI,20260508_212317_suid_exec_dns_vandalism_9o1sm3,recon,yes,0,/usr/bin/id,/usr/bin/id,/usr/bin/id|/lib64/ld-linux-x86-64.so.2,0,0,1001,24032,24031,(none),118
-0.368871,recon/basic_enum,suid_exec,execve,exec,stat,stat -c %Y /var/lib/update-notifier/fsck-at-reboot,stat -c %Y /var/lib/update-notifier/fsck-at-reboot,/,benign,,1778300596.112,39784,pre_context,20260508_212317_basic_enum_YrdGDI,20260508_212317_suid_exec_dns_vandalism_9o1sm3,recon,yes,0,/usr/bin/stat,/usr/bin/stat,/usr/bin/stat|/lib64/ld-linux-x86-64.so.2,0,0,1001,24033,24031,(none),118
-0.367871,recon/basic_enum,suid_exec,execve,exec,awk,awk {print $1} /proc/uptime,awk {print $1} /proc/uptime,/,benign,,1778300596.113,39785,pre_context,20260508_212317_basic_enum_YrdGDI,20260508_212317_suid_exec_dns_vandalism_9o1sm3,recon,yes,0,/usr/bin/gawk,/usr/bin/awk,/usr/bin/awk|/lib64/ld-linux-x86-64.so.2,0,0,1001,24035,24034,(none),118
-0.365871,recon/basic_enum,suid_exec,execve,exec,date,date -d now - 2842.46 seconds +%s,date -d now - 2842.46 seconds +%s,/,benign,,1778300596.115,39786,pre_context,20260508_212317_basic_enum_YrdGDI,20260508_212317_suid_exec_dns_vandalism_9o1sm3,recon,yes,0,/usr/bin/date,/usr/bin/date,/usr/bin/date|/lib64/ld-linux-x86-64.so.2,0,0,1001,24034,24031,(none),118
-0.364871,recon/basic_enum,suid_exec,execve,exec,date,date +%s,date +%s,/,benign,,1778300596.116,39787,pre_context,20260508_212317_basic_enum_YrdGDI,20260508_212317_suid_exec_dns_vandalism_9o1sm3,recon,yes,0,/usr/bin/date,/usr/bin/date,/usr/bin/date|/lib64/ld-linux-x86-64.so.2,0,0,1001,24036,24031,(none),118
-0.364871,recon/basic_enum,suid_exec,execve,exec,cat,cat /var/lib/update-notifier/fsck-at-reboot,cat /var/lib/update-notifier/fsck-at-reboot,/,benign,,1778300596.116,39788,pre_context,20260508_212317_basic_enum_YrdGDI,20260508_212317_suid_exec_dns_vandalism_9o1sm3,recon,yes,0,/usr/bin/cat,/usr/bin/cat,/usr/bin/cat|/lib64/ld-linux-x86-64.so.2,0,0,1001,24037,24031,(none),118
-0.362871,recon/basic_enum,suid_exec,execve,exec,98-reboot-requi,/bin/sh /etc/update-motd.d/98-reboot-required,/bin/sh /etc/update-motd.d/98-reboot-required,/,benign,,1778300596.118,39789,pre_context,20260508_212317_basic_enum_YrdGDI,20260508_212317_suid_exec_dns_vandalism_9o1sm3,recon,yes,0,/usr/bin/dash,/etc/update-motd.d/98-reboot-required,/etc/update-motd.d/98-reboot-required|/bin/sh|/lib64/ld-linux-x86-64.so.2,0,0,1001,24038,23986,(none),118
-0.361871,recon/basic_enum,suid_exec,execve,exec,update-motd-reb,/bin/sh -e /usr/lib/update-notifier/update-motd-reboot-required,/bin/sh /etc/update-motd.d/98-reboot-required,/,benign,,1778300596.119,39790,pre_context,20260508_212317_basic_enum_YrdGDI,20260508_212317_suid_exec_dns_vandalism_9o1sm3,recon,yes,0,/usr/bin/dash,/usr/lib/update-notifier/update-motd-reboot-required,/usr/lib/update-notifier/update-motd-reboot-required|/bin/sh|/lib64/ld-linux-x86-64.so.2,0,0,1001,24038,23986,(none),118
-0.360871,recon/basic_enum,suid_exec,rename,file_destroy,sshd,,/usr/sbin/sshd -D -R,/,benign,,1778300596.120,39791,pre_context,20260508_212317_basic_enum_YrdGDI,20260508_212317_suid_exec_dns_vandalism_9o1sm3,recon,yes,0,/usr/sbin/sshd,/run/,/run/|/run/motd.dynamic.new|/run/motd.dynamic,0,0,1001,23983,21008,(none),118
-0.360871,recon/basic_enum,suid_exec,connect,network_connect,sshd,,/usr/sbin/sshd -D -R,/,benign,,1778300596.120,39792,pre_context,20260508_212317_basic_enum_YrdGDI,20260508_212317_suid_exec_dns_vandalism_9o1sm3,recon,yes,0,/usr/sbin/sshd,/run/systemd/userdb/io.systemd.DynamicUser,/run/systemd/userdb/io.systemd.DynamicUser,0,0,1001,23983,21008,(none),118
-0.359871,recon/basic_enum,suid_exec,connect,network_connect,sshd,,/usr/sbin/sshd -D -R,/,benign,,1778300596.121,39793,pre_context,20260508_212317_basic_enum_YrdGDI,20260508_212317_suid_exec_dns_vandalism_9o1sm3,recon,yes,0,/usr/sbin/sshd,/run/systemd/userdb/io.systemd.DynamicUser,/run/systemd/userdb/io.systemd.DynamicUser,0,0,1001,23983,21008,(none),118
-0.359871,recon/basic_enum,suid_exec,connect,network_connect,sshd,,/usr/sbin/sshd -D -R,/,benign,,1778300596.121,39794,pre_context,20260508_212317_basic_enum_YrdGDI,20260508_212317_suid_exec_dns_vandalism_9o1sm3,recon,yes,0,/usr/sbin/sshd,/run/systemd/userdb/io.systemd.DynamicUser,/run/systemd/userdb/io.systemd.DynamicUser,0,0,1001,23983,21008,(none),118
-0.359871,recon/basic_enum,suid_exec,connect,network_connect,sshd,,/usr/sbin/sshd -D -R,/,benign,,1778300596.121,39795,pre_context,20260508_212317_basic_enum_YrdGDI,20260508_212317_suid_exec_dns_vandalism_9o1sm3,recon,yes,0,/usr/sbin/sshd,/run/systemd/userdb/io.systemd.DynamicUser,/run/systemd/userdb/io.systemd.DynamicUser,0,0,1001,23983,21008,(none),118
-0.359871,recon/basic_enum,suid_exec,connect,network_connect,sshd,,/usr/sbin/sshd -D -R,/,benign,,1778300596.121,39796,pre_context,20260508_212317_basic_enum_YrdGDI,20260508_212317_suid_exec_dns_vandalism_9o1sm3,recon,yes,0,/usr/sbin/sshd,/run/systemd/userdb/io.systemd.DynamicUser,/run/systemd/userdb/io.systemd.DynamicUser,0,0,1001,23983,21008,(none),118
-0.359871,recon/basic_enum,suid_exec,,,,,,,benign,,1778300596.121,39797,pre_context,20260508_212317_basic_enum_YrdGDI,20260508_212317_suid_exec_dns_vandalism_9o1sm3,recon,,,,,,,,,,,,
-0.358871,recon/basic_enum,suid_exec,setgid,privilege_transition,sshd,,sshd: deploy-rkejw [priv],,benign,,1778300596.122,39798,pre_context,20260508_212317_basic_enum_YrdGDI,20260508_212317_suid_exec_dns_vandalism_9o1sm3,recon,yes,0,/usr/sbin/sshd,,,0,0,1001,24039,23983,(none),118
-0.358871,recon/basic_enum,suid_exec,connect,network_connect,sshd,,sshd: deploy-rkejw [priv],/,benign,,1778300596.122,39799,pre_context,20260508_212317_basic_enum_YrdGDI,20260508_212317_suid_exec_dns_vandalism_9o1sm3,recon,yes,0,/usr/sbin/sshd,/run/systemd/userdb/io.systemd.DynamicUser,/run/systemd/userdb/io.systemd.DynamicUser,0,0,1001,24039,23983,(none),118
-0.358871,recon/basic_enum,suid_exec,connect,network_connect,sshd,,sshd: deploy-rkejw [priv],/,benign,,1778300596.122,39800,pre_context,20260508_212317_basic_enum_YrdGDI,20260508_212317_suid_exec_dns_vandalism_9o1sm3,recon,yes,0,/usr/sbin/sshd,/run/systemd/userdb/io.systemd.DynamicUser,/run/systemd/userdb/io.systemd.DynamicUser,0,0,1001,24039,23983,(none),118
-0.358871,recon/basic_enum,suid_exec,126,privilege_transition,sshd,,sshd: deploy-rkejw [priv],,benign,,1778300596.122,39801,pre_context,20260508_212317_basic_enum_YrdGDI,20260508_212317_suid_exec_dns_vandalism_9o1sm3,recon,yes,0,/usr/sbin/sshd,,,0,0,1001,24039,23983,(none),118
-0.358871,recon/basic_enum,suid_exec,,,,,,,benign,,1778300596.122,39802,pre_context,20260508_212317_basic_enum_YrdGDI,20260508_212317_suid_exec_dns_vandalism_9o1sm3,recon,,,,,,,,,,,,
-0.358871,recon/basic_enum,suid_exec,setresgid,privilege_transition,sshd,,sshd: deploy-rkejw [priv],,benign,,1778300596.122,39803,pre_context,20260508_212317_basic_enum_YrdGDI,20260508_212317_suid_exec_dns_vandalism_9o1sm3,recon,yes,0,/usr/sbin/sshd,,,0,0,1001,24039,23983,(none),118
-0.357871,recon/basic_enum,suid_exec,setresuid,privilege_transition,sshd,,sshd: deploy-rkejw [priv],,benign,,1778300596.123,39804,pre_context,20260508_212317_basic_enum_YrdGDI,20260508_212317_suid_exec_dns_vandalism_9o1sm3,recon,yes,0,/usr/sbin/sshd,,,1001,1001,1001,24039,23983,(none),118
-0.357871,recon/basic_enum,suid_exec,setuid,privilege_transition,sshd,,sshd: deploy-rkejw [priv],,benign,,1778300596.123,39805,pre_context,20260508_212317_basic_enum_YrdGDI,20260508_212317_suid_exec_dns_vandalism_9o1sm3,recon,no,-1,/usr/sbin/sshd,,,1001,1001,1001,24039,23983,(none),118
-0.357871,recon/basic_enum,suid_exec,setresuid,privilege_transition,sshd,,sshd: deploy-rkejw [priv],,benign,,1778300596.123,39806,pre_context,20260508_212317_basic_enum_YrdGDI,20260508_212317_suid_exec_dns_vandalism_9o1sm3,recon,no,-1,/usr/sbin/sshd,,,1001,1001,1001,24039,23983,(none),118
-0.302871,recon/basic_enum,suid_exec,execve,shell_exec,bash,bash -c mkdir -p /dev/shm/aegis_20260508_212317_basic_enum_YrdGDI && test -d /dev/shm/aegis_20260508_212317_basic_enum_YrdGDI && test -w /dev/shm/aegis_20260508_212317_basic_enum_YrdGDI,bash -c mkdir -p /dev/shm/aegis_20260508_212317_basic_enum_YrdGDI && test -d /dev/shm/aegis_20260508_212317_basic_enum_YrdGDI &&,/home/deploy-rkejw,benign,,1778300596.178,39807,pre_context,20260508_212317_basic_enum_YrdGDI,20260508_212317_suid_exec_dns_vandalism_9o1sm3,recon,yes,0,/usr/bin/bash,/bin/bash,/bin/bash|/lib64/ld-linux-x86-64.so.2,1001,1001,1001,24040,24039,(none),118
-0.300871,recon/basic_enum,suid_exec,execve,exec,mkdir,mkdir -p /dev/shm/aegis_20260508_212317_basic_enum_YrdGDI,mkdir -p /dev/shm/aegis_20260508_212317_basic_enum_YrdGDI,/home/deploy-rkejw,benign,,1778300596.180,39808,pre_context,20260508_212317_basic_enum_YrdGDI,20260508_212317_suid_exec_dns_vandalism_9o1sm3,recon,yes,0,/usr/bin/mkdir,/usr/bin/mkdir,/usr/bin/mkdir|/lib64/ld-linux-x86-64.so.2,1001,1001,1001,24041,24040,(none),118
-0.299871,recon/basic_enum,suid_exec,mkdir,tmp_activity,mkdir,,mkdir -p /dev/shm/aegis_20260508_212317_basic_enum_YrdGDI,/dev/shm,benign,,1778300596.181,39809,pre_context,20260508_212317_basic_enum_YrdGDI,20260508_212317_suid_exec_dns_vandalism_9o1sm3,recon,yes,0,/usr/bin/mkdir,/dev/shm,/dev/shm|aegis_20260508_212317_basic_enum_YrdGDI,1001,1001,1001,24041,24040,(none),118
-0.298871,recon/basic_enum,suid_exec,connect,network_connect,sshd,,sshd: deploy-rkejw [priv],/,benign,,1778300596.182,39810,pre_context,20260508_212317_basic_enum_YrdGDI,20260508_212317_suid_exec_dns_vandalism_9o1sm3,recon,yes,0,/usr/sbin/sshd,/dev/log,/dev/log,1001,1001,1001,24039,23983,(none),118
-0.297871,recon/basic_enum,suid_exec,114,privilege_transition,sshd,,/usr/sbin/sshd -D -R,,benign,,1778300596.183,39811,pre_context,20260508_212317_basic_enum_YrdGDI,20260508_212317_suid_exec_dns_vandalism_9o1sm3,recon,yes,0,/usr/sbin/sshd,,,0,0,1001,23983,21008,(none),118
-0.297871,recon/basic_enum,suid_exec,setresuid,privilege_transition,sshd,,/usr/sbin/sshd -D -R,,benign,,1778300596.183,39812,pre_context,20260508_212317_basic_enum_YrdGDI,20260508_212317_suid_exec_dns_vandalism_9o1sm3,recon,yes,0,/usr/sbin/sshd,,,0,1001,1001,23983,21008,(none),118
-0.297871,recon/basic_enum,suid_exec,113,privilege_transition,sshd,,/usr/sbin/sshd -D -R,,benign,,1778300596.183,39813,pre_context,20260508_212317_basic_enum_YrdGDI,20260508_212317_suid_exec_dns_vandalism_9o1sm3,recon,yes,0,/usr/sbin/sshd,,,0,0,1001,23983,21008,(none),118
-0.297871,recon/basic_enum,suid_exec,114,privilege_transition,sshd,,/usr/sbin/sshd -D -R,,benign,,1778300596.183,39814,pre_context,20260508_212317_basic_enum_YrdGDI,20260508_212317_suid_exec_dns_vandalism_9o1sm3,recon,yes,0,/usr/sbin/sshd,,,0,0,1001,23983,21008,(none),118
-0.297871,recon/basic_enum,suid_exec,connect,network_connect,sshd,,/usr/sbin/sshd -D -R,/,benign,,1778300596.183,39815,pre_context,20260508_212317_basic_enum_YrdGDI,20260508_212317_suid_exec_dns_vandalism_9o1sm3,recon,yes,0,/usr/sbin/sshd,/run/dbus/system_bus_socket,/run/dbus/system_bus_socket,0,0,1001,23983,21008,(none),118
-0.296871,recon/basic_enum,suid_exec,,,,,,,benign,,1778300596.184,39816,pre_context,20260508_212317_basic_enum_YrdGDI,20260508_212317_suid_exec_dns_vandalism_9o1sm3,recon,,,,,,,,,,,,
-0.296871,recon/basic_enum,suid_exec,,,,,,,benign,,1778300596.184,39817,pre_context,20260508_212317_basic_enum_YrdGDI,20260508_212317_suid_exec_dns_vandalism_9o1sm3,recon,,,,,,,,,,,,
-0.296871,recon/basic_enum,suid_exec,setresgid,privilege_transition,sshd,,/usr/sbin/sshd -D -R,,benign,,1778300596.184,39818,pre_context,20260508_212317_basic_enum_YrdGDI,20260508_212317_suid_exec_dns_vandalism_9o1sm3,recon,yes,0,/usr/sbin/sshd,,,0,0,1001,23983,21008,(none),118
-0.296871,recon/basic_enum,suid_exec,setresuid,privilege_transition,sshd,,/usr/sbin/sshd -D -R,,benign,,1778300596.184,39819,pre_context,20260508_212317_basic_enum_YrdGDI,20260508_212317_suid_exec_dns_vandalism_9o1sm3,recon,yes,0,/usr/sbin/sshd,,,0,1001,1001,23983,21008,(none),118
-0.296871,recon/basic_enum,suid_exec,setresuid,privilege_transition,sshd,,/usr/sbin/sshd -D -R,,benign,,1778300596.184,39820,pre_context,20260508_212317_basic_enum_YrdGDI,20260508_212317_suid_exec_dns_vandalism_9o1sm3,recon,yes,0,/usr/sbin/sshd,,,0,0,1001,23983,21008,(none),118
-0.296871,recon/basic_enum,suid_exec,setresgid,privilege_transition,sshd,,/usr/sbin/sshd -D -R,,benign,,1778300596.184,39821,pre_context,20260508_212317_basic_enum_YrdGDI,20260508_212317_suid_exec_dns_vandalism_9o1sm3,recon,yes,0,/usr/sbin/sshd,,,0,0,1001,23983,21008,(none),118
-0.267871,recon/basic_enum,suid_exec,execve,exec,sshd,/usr/sbin/sshd -D -R,/usr/sbin/sshd -D -R,/,benign,,1778300596.213,39822,pre_context,20260508_212317_basic_enum_YrdGDI,20260508_212317_suid_exec_dns_vandalism_9o1sm3,recon,yes,0,/usr/sbin/sshd,/usr/sbin/sshd,/usr/sbin/sshd|/lib64/ld-linux-x86-64.so.2,0,0,4294967295,24042,21008,(none),4294967295
-0.264871,recon/basic_enum,suid_exec,connect,network_connect,sshd,,/usr/sbin/sshd -D -R,/,benign,,1778300596.216,39823,pre_context,20260508_212317_basic_enum_YrdGDI,20260508_212317_suid_exec_dns_vandalism_9o1sm3,recon,no,-2,/usr/sbin/sshd,/var/run/nscd/socket,/var/run/nscd/socket,0,0,4294967295,24042,21008,(none),4294967295
-0.264871,recon/basic_enum,suid_exec,connect,network_connect,sshd,,/usr/sbin/sshd -D -R,,benign,,1778300596.216,39824,pre_context,20260508_212317_basic_enum_YrdGDI,20260508_212317_suid_exec_dns_vandalism_9o1sm3,recon,yes,0,/usr/sbin/sshd,,,0,0,4294967295,24042,21008,(none),4294967295
-0.264871,recon/basic_enum,suid_exec,connect,network_connect,sshd,,/usr/sbin/sshd -D -R,,benign,,1778300596.216,39825,pre_context,20260508_212317_basic_enum_YrdGDI,20260508_212317_suid_exec_dns_vandalism_9o1sm3,recon,yes,0,/usr/sbin/sshd,,,0,0,4294967295,24042,21008,(none),4294967295
-0.264871,recon/basic_enum,suid_exec,connect,network_connect,sshd,,/usr/sbin/sshd -D -R,,benign,,1778300596.216,39826,pre_context,20260508_212317_basic_enum_YrdGDI,20260508_212317_suid_exec_dns_vandalism_9o1sm3,recon,yes,0,/usr/sbin/sshd,,,0,0,4294967295,24042,21008,(none),4294967295
-0.264871,recon/basic_enum,suid_exec,connect,network_connect,sshd,,/usr/sbin/sshd -D -R,/,benign,,1778300596.216,39827,pre_context,20260508_212317_basic_enum_YrdGDI,20260508_212317_suid_exec_dns_vandalism_9o1sm3,recon,no,-2,/usr/sbin/sshd,/var/run/nscd/socket,/var/run/nscd/socket,0,0,4294967295,24042,21008,(none),4294967295
-0.264871,recon/basic_enum,suid_exec,connect,network_connect,sshd,,/usr/sbin/sshd -D -R,/,benign,,1778300596.216,39828,pre_context,20260508_212317_basic_enum_YrdGDI,20260508_212317_suid_exec_dns_vandalism_9o1sm3,recon,no,-2,/usr/sbin/sshd,/var/run/nscd/socket,/var/run/nscd/socket,0,0,4294967295,24042,21008,(none),4294967295
-0.262871,recon/basic_enum,suid_exec,setresgid,privilege_transition,sshd,,sshd: [accepted],,benign,,1778300596.218,39829,pre_context,20260508_212317_basic_enum_YrdGDI,20260508_212317_suid_exec_dns_vandalism_9o1sm3,recon,yes,0,/usr/sbin/sshd,,,0,0,4294967295,24043,24042,(none),4294967295
-0.262871,recon/basic_enum,suid_exec,setresuid,privilege_transition,sshd,,sshd: [accepted],,benign,,1778300596.218,39830,pre_context,20260508_212317_basic_enum_YrdGDI,20260508_212317_suid_exec_dns_vandalism_9o1sm3,recon,yes,0,/usr/sbin/sshd,,,109,109,4294967295,24043,24042,(none),4294967295
-0.262871,recon/basic_enum,suid_exec,setgid,privilege_transition,sshd,,sshd: [accepted],,benign,,1778300596.218,39831,pre_context,20260508_212317_basic_enum_YrdGDI,20260508_212317_suid_exec_dns_vandalism_9o1sm3,recon,no,-1,/usr/sbin/sshd,,,109,109,4294967295,24043,24042,(none),4294967295
-0.262871,recon/basic_enum,suid_exec,setresgid,privilege_transition,sshd,,sshd: [accepted],,benign,,1778300596.218,39832,pre_context,20260508_212317_basic_enum_YrdGDI,20260508_212317_suid_exec_dns_vandalism_9o1sm3,recon,no,-1,/usr/sbin/sshd,,,109,109,4294967295,24043,24042,(none),4294967295
-0.262871,recon/basic_enum,suid_exec,setuid,privilege_transition,sshd,,sshd: [accepted],,benign,,1778300596.218,39833,pre_context,20260508_212317_basic_enum_YrdGDI,20260508_212317_suid_exec_dns_vandalism_9o1sm3,recon,no,-1,/usr/sbin/sshd,,,109,109,4294967295,24043,24042,(none),4294967295
-0.262871,recon/basic_enum,suid_exec,setresuid,privilege_transition,sshd,,sshd: [accepted],,benign,,1778300596.218,39834,pre_context,20260508_212317_basic_enum_YrdGDI,20260508_212317_suid_exec_dns_vandalism_9o1sm3,recon,no,-1,/usr/sbin/sshd,,,109,109,4294967295,24043,24042,(none),4294967295
-0.161871,recon/basic_enum,suid_exec,connect,network_connect,sshd,,/usr/sbin/sshd -D -R,/,benign,,1778300596.319,39835,pre_context,20260508_212317_basic_enum_YrdGDI,20260508_212317_suid_exec_dns_vandalism_9o1sm3,recon,no,-2,/usr/sbin/sshd,/var/run/nscd/socket,/var/run/nscd/socket,0,0,4294967295,24042,21008,(none),4294967295
-0.161871,recon/basic_enum,suid_exec,connect,network_connect,sshd,,/usr/sbin/sshd -D -R,/,benign,,1778300596.319,39836,pre_context,20260508_212317_basic_enum_YrdGDI,20260508_212317_suid_exec_dns_vandalism_9o1sm3,recon,no,-2,/usr/sbin/sshd,/var/run/nscd/socket,/var/run/nscd/socket,0,0,4294967295,24042,21008,(none),4294967295
-0.160871,recon/basic_enum,suid_exec,connect,network_connect,sshd,,/usr/sbin/sshd -D -R,/,benign,,1778300596.320,39837,pre_context,20260508_212317_basic_enum_YrdGDI,20260508_212317_suid_exec_dns_vandalism_9o1sm3,recon,yes,0,/usr/sbin/sshd,/run/systemd/userdb/io.systemd.DynamicUser,/run/systemd/userdb/io.systemd.DynamicUser,0,0,4294967295,24042,21008,(none),4294967295
-0.160871,recon/basic_enum,suid_exec,setresgid,privilege_transition,sshd,,/usr/sbin/sshd -D -R,,benign,,1778300596.320,39838,pre_context,20260508_212317_basic_enum_YrdGDI,20260508_212317_suid_exec_dns_vandalism_9o1sm3,recon,yes,0,/usr/sbin/sshd,,,0,0,4294967295,24042,21008,(none),4294967295
-0.160871,recon/basic_enum,suid_exec,setresuid,privilege_transition,sshd,,/usr/sbin/sshd -D -R,,benign,,1778300596.320,39839,pre_context,20260508_212317_basic_enum_YrdGDI,20260508_212317_suid_exec_dns_vandalism_9o1sm3,recon,yes,0,/usr/sbin/sshd,,,0,1001,4294967295,24042,21008,(none),4294967295
-0.160871,recon/basic_enum,suid_exec,setresuid,privilege_transition,sshd,,/usr/sbin/sshd -D -R,,benign,,1778300596.320,39840,pre_context,20260508_212317_basic_enum_YrdGDI,20260508_212317_suid_exec_dns_vandalism_9o1sm3,recon,yes,0,/usr/sbin/sshd,,,0,0,4294967295,24042,21008,(none),4294967295
-0.160871,recon/basic_enum,suid_exec,setresgid,privilege_transition,sshd,,/usr/sbin/sshd -D -R,,benign,,1778300596.320,39841,pre_context,20260508_212317_basic_enum_YrdGDI,20260508_212317_suid_exec_dns_vandalism_9o1sm3,recon,yes,0,/usr/sbin/sshd,,,0,0,4294967295,24042,21008,(none),4294967295
-0.160871,recon/basic_enum,suid_exec,setresgid,privilege_transition,sshd,,/usr/sbin/sshd -D -R,,benign,,1778300596.320,39842,pre_context,20260508_212317_basic_enum_YrdGDI,20260508_212317_suid_exec_dns_vandalism_9o1sm3,recon,yes,0,/usr/sbin/sshd,,,0,0,4294967295,24042,21008,(none),4294967295
-0.160871,recon/basic_enum,suid_exec,setresuid,privilege_transition,sshd,,/usr/sbin/sshd -D -R,,benign,,1778300596.320,39843,pre_context,20260508_212317_basic_enum_YrdGDI,20260508_212317_suid_exec_dns_vandalism_9o1sm3,recon,yes,0,/usr/sbin/sshd,,,0,1001,4294967295,24042,21008,(none),4294967295
-0.160871,recon/basic_enum,suid_exec,connect,network_connect,sshd,,/usr/sbin/sshd -D -R,/,benign,,1778300596.320,39844,pre_context,20260508_212317_basic_enum_YrdGDI,20260508_212317_suid_exec_dns_vandalism_9o1sm3,recon,yes,0,/usr/sbin/sshd,/dev/log,/dev/log,0,1001,4294967295,24042,21008,(none),4294967295
-0.160871,recon/basic_enum,suid_exec,setresuid,privilege_transition,sshd,,/usr/sbin/sshd -D -R,,benign,,1778300596.320,39845,pre_context,20260508_212317_basic_enum_YrdGDI,20260508_212317_suid_exec_dns_vandalism_9o1sm3,recon,yes,0,/usr/sbin/sshd,,,0,0,4294967295,24042,21008,(none),4294967295
-0.160871,recon/basic_enum,suid_exec,setresgid,privilege_transition,sshd,,/usr/sbin/sshd -D -R,,benign,,1778300596.320,39846,pre_context,20260508_212317_basic_enum_YrdGDI,20260508_212317_suid_exec_dns_vandalism_9o1sm3,recon,yes,0,/usr/sbin/sshd,,,0,0,4294967295,24042,21008,(none),4294967295
-0.160871,recon/basic_enum,suid_exec,,,,,,,benign,,1778300596.320,39847,pre_context,20260508_212317_basic_enum_YrdGDI,20260508_212317_suid_exec_dns_vandalism_9o1sm3,recon,,,,,,,,,,,,
-0.154871,recon/basic_enum,suid_exec,setresgid,privilege_transition,sshd,,/usr/sbin/sshd -D -R,,benign,,1778300596.326,39848,pre_context,20260508_212317_basic_enum_YrdGDI,20260508_212317_suid_exec_dns_vandalism_9o1sm3,recon,yes,0,/usr/sbin/sshd,,,0,0,4294967295,24042,21008,(none),4294967295
-0.154871,recon/basic_enum,suid_exec,setresuid,privilege_transition,sshd,,/usr/sbin/sshd -D -R,,benign,,1778300596.326,39849,pre_context,20260508_212317_basic_enum_YrdGDI,20260508_212317_suid_exec_dns_vandalism_9o1sm3,recon,yes,0,/usr/sbin/sshd,,,0,1001,4294967295,24042,21008,(none),4294967295
-0.154871,recon/basic_enum,suid_exec,setresuid,privilege_transition,sshd,,/usr/sbin/sshd -D -R,,benign,,1778300596.326,39850,pre_context,20260508_212317_basic_enum_YrdGDI,20260508_212317_suid_exec_dns_vandalism_9o1sm3,recon,yes,0,/usr/sbin/sshd,,,0,0,4294967295,24042,21008,(none),4294967295
-0.154871,recon/basic_enum,suid_exec,setresgid,privilege_transition,sshd,,/usr/sbin/sshd -D -R,,benign,,1778300596.326,39851,pre_context,20260508_212317_basic_enum_YrdGDI,20260508_212317_suid_exec_dns_vandalism_9o1sm3,recon,yes,0,/usr/sbin/sshd,,,0,0,4294967295,24042,21008,(none),4294967295
-0.154871,recon/basic_enum,suid_exec,setresgid,privilege_transition,sshd,,/usr/sbin/sshd -D -R,,benign,,1778300596.326,39852,pre_context,20260508_212317_basic_enum_YrdGDI,20260508_212317_suid_exec_dns_vandalism_9o1sm3,recon,yes,0,/usr/sbin/sshd,,,0,0,4294967295,24042,21008,(none),4294967295
-0.154871,recon/basic_enum,suid_exec,setresuid,privilege_transition,sshd,,/usr/sbin/sshd -D -R,,benign,,1778300596.326,39853,pre_context,20260508_212317_basic_enum_YrdGDI,20260508_212317_suid_exec_dns_vandalism_9o1sm3,recon,yes,0,/usr/sbin/sshd,,,0,1001,4294967295,24042,21008,(none),4294967295
-0.154871,recon/basic_enum,suid_exec,connect,network_connect,sshd,,/usr/sbin/sshd -D -R,/,benign,,1778300596.326,39854,pre_context,20260508_212317_basic_enum_YrdGDI,20260508_212317_suid_exec_dns_vandalism_9o1sm3,recon,yes,0,/usr/sbin/sshd,/dev/log,/dev/log,0,1001,4294967295,24042,21008,(none),4294967295
-0.154871,recon/basic_enum,suid_exec,setresuid,privilege_transition,sshd,,/usr/sbin/sshd -D -R,,benign,,1778300596.326,39855,pre_context,20260508_212317_basic_enum_YrdGDI,20260508_212317_suid_exec_dns_vandalism_9o1sm3,recon,yes,0,/usr/sbin/sshd,,,0,0,4294967295,24042,21008,(none),4294967295
-0.154871,recon/basic_enum,suid_exec,setresgid,privilege_transition,sshd,,/usr/sbin/sshd -D -R,,benign,,1778300596.326,39856,pre_context,20260508_212317_basic_enum_YrdGDI,20260508_212317_suid_exec_dns_vandalism_9o1sm3,recon,yes,0,/usr/sbin/sshd,,,0,0,4294967295,24042,21008,(none),4294967295
-0.154871,recon/basic_enum,suid_exec,,,,,,,benign,,1778300596.326,39857,pre_context,20260508_212317_basic_enum_YrdGDI,20260508_212317_suid_exec_dns_vandalism_9o1sm3,recon,,,,,,,,,,,,
-0.128871,recon/basic_enum,suid_exec,connect,network_connect,sshd,,/usr/sbin/sshd -D -R,/,benign,,1778300596.352,39858,pre_context,20260508_212317_basic_enum_YrdGDI,20260508_212317_suid_exec_dns_vandalism_9o1sm3,recon,yes,0,/usr/sbin/sshd,/run/systemd/userdb/io.systemd.DynamicUser,/run/systemd/userdb/io.systemd.DynamicUser,0,0,4294967295,24042,21008,(none),4294967295
-0.127871,recon/basic_enum,suid_exec,,,,,,,benign,,1778300596.353,39859,pre_context,20260508_212317_basic_enum_YrdGDI,20260508_212317_suid_exec_dns_vandalism_9o1sm3,recon,,,,,,,,,,,,
-0.122871,recon/basic_enum,suid_exec,,,,,,,benign,,1778300596.358,39860,pre_context,20260508_212317_basic_enum_YrdGDI,20260508_212317_suid_exec_dns_vandalism_9o1sm3,recon,,,,,,,,,,,,
-0.122871,recon/basic_enum,suid_exec,connect,network_connect,sshd,,/usr/sbin/sshd -D -R,/,benign,,1778300596.358,39861,pre_context,20260508_212317_basic_enum_YrdGDI,20260508_212317_suid_exec_dns_vandalism_9o1sm3,recon,yes,0,/usr/sbin/sshd,/dev/log,/dev/log,0,0,4294967295,24042,21008,(none),4294967295
-0.122871,recon/basic_enum,suid_exec,connect,network_connect,sshd,,/usr/sbin/sshd -D -R,/,benign,,1778300596.358,39862,pre_context,20260508_212317_basic_enum_YrdGDI,20260508_212317_suid_exec_dns_vandalism_9o1sm3,recon,yes,0,/usr/sbin/sshd,/run/systemd/userdb/io.systemd.DynamicUser,/run/systemd/userdb/io.systemd.DynamicUser,0,0,4294967295,24042,21008,(none),4294967295
-0.121871,recon/basic_enum,suid_exec,126,privilege_transition,sshd,,/usr/sbin/sshd -D -R,,benign,,1778300596.359,39863,pre_context,20260508_212317_basic_enum_YrdGDI,20260508_212317_suid_exec_dns_vandalism_9o1sm3,recon,yes,0,/usr/sbin/sshd,,,0,0,4294967295,24042,21008,(none),4294967295
-0.121871,recon/basic_enum,suid_exec,,,,,,,benign,,1778300596.359,39864,pre_context,20260508_212317_basic_enum_YrdGDI,20260508_212317_suid_exec_dns_vandalism_9o1sm3,recon,,,,,,,,,,,,
-0.121871,recon/basic_enum,suid_exec,77,file_destroy,sshd,,/usr/sbin/sshd -D -R,,benign,,1778300596.359,39865,pre_context,20260508_212317_basic_enum_YrdGDI,20260508_212317_suid_exec_dns_vandalism_9o1sm3,recon,yes,0,/usr/sbin/sshd,,,0,0,4294967295,24042,21008,(none),4294967295
-0.121871,recon/basic_enum,suid_exec,write,(null),sshd,,/usr/sbin/sshd -D -R,,benign,,1778300596.359,39866,pre_context,20260508_212317_basic_enum_YrdGDI,20260508_212317_suid_exec_dns_vandalism_9o1sm3,recon,yes,4,/usr/sbin/sshd,,,0,0,1001,24042,21008,(none),119
-0.121871,recon/basic_enum,suid_exec,114,privilege_transition,sshd,,/usr/sbin/sshd -D -R,,benign,,1778300596.359,39867,pre_context,20260508_212317_basic_enum_YrdGDI,20260508_212317_suid_exec_dns_vandalism_9o1sm3,recon,yes,0,/usr/sbin/sshd,,,0,0,1001,24042,21008,(none),119
-0.121871,recon/basic_enum,suid_exec,113,privilege_transition,sshd,,/usr/sbin/sshd -D -R,,benign,,1778300596.359,39868,pre_context,20260508_212317_basic_enum_YrdGDI,20260508_212317_suid_exec_dns_vandalism_9o1sm3,recon,yes,0,/usr/sbin/sshd,,,1001,0,1001,24042,21008,(none),119
-0.121871,recon/basic_enum,suid_exec,113,privilege_transition,sshd,,/usr/sbin/sshd -D -R,,benign,,1778300596.359,39869,pre_context,20260508_212317_basic_enum_YrdGDI,20260508_212317_suid_exec_dns_vandalism_9o1sm3,recon,yes,0,/usr/sbin/sshd,,,0,0,1001,24042,21008,(none),119
-0.121871,recon/basic_enum,suid_exec,114,privilege_transition,sshd,,/usr/sbin/sshd -D -R,,benign,,1778300596.359,39870,pre_context,20260508_212317_basic_enum_YrdGDI,20260508_212317_suid_exec_dns_vandalism_9o1sm3,recon,yes,0,/usr/sbin/sshd,,,0,0,1001,24042,21008,(none),119
-0.121871,recon/basic_enum,suid_exec,connect,network_connect,sshd,,/usr/sbin/sshd -D -R,/,benign,,1778300596.359,39871,pre_context,20260508_212317_basic_enum_YrdGDI,20260508_212317_suid_exec_dns_vandalism_9o1sm3,recon,yes,0,/usr/sbin/sshd,/dev/log,/dev/log,0,0,1001,24042,21008,(none),119
-0.121871,recon/basic_enum,suid_exec,connect,network_connect,sshd,,/usr/sbin/sshd -D -R,/,benign,,1778300596.359,39872,pre_context,20260508_212317_basic_enum_YrdGDI,20260508_212317_suid_exec_dns_vandalism_9o1sm3,recon,no,-2,/usr/sbin/sshd,/run/systemd/userdb/io.systemd.Multiplexer,/run/systemd/userdb/io.systemd.Multiplexer,0,0,1001,24042,21008,(none),119
-0.121871,recon/basic_enum,suid_exec,connect,network_connect,sshd,,/usr/sbin/sshd -D -R,/,benign,,1778300596.359,39873,pre_context,20260508_212317_basic_enum_YrdGDI,20260508_212317_suid_exec_dns_vandalism_9o1sm3,recon,yes,0,/usr/sbin/sshd,/run/systemd/userdb/io.systemd.DynamicUser,/run/systemd/userdb/io.systemd.DynamicUser,0,0,1001,24042,21008,(none),119
-0.121871,recon/basic_enum,suid_exec,connect,network_connect,sshd,,/usr/sbin/sshd -D -R,/,benign,,1778300596.359,39874,pre_context,20260508_212317_basic_enum_YrdGDI,20260508_212317_suid_exec_dns_vandalism_9o1sm3,recon,yes,0,/usr/sbin/sshd,/run/dbus/system_bus_socket,/run/dbus/system_bus_socket,0,0,1001,24042,21008,(none),119
-0.111871,recon/basic_enum,suid_exec,execve,exec,sh,sh -c -- /usr/bin/env -i PATH=/usr/local/sbin:/usr/local/bin:/usr/sbin:/usr/bin:/sbin:/bin run-parts --lsbsysinit /etc/update-motd.d > /run/motd.dynamic.new,sh -c -- /usr/bin/env -i PATH=/usr/local/sbin:/usr/local/bin:/usr/sbin:/usr/bin:/sbin:/bin run-parts --lsbsysinit /etc/update-mo,/,benign,,1778300596.369,39875,pre_context,20260508_212317_basic_enum_YrdGDI,20260508_212317_suid_exec_dns_vandalism_9o1sm3,recon,yes,0,/usr/bin/dash,/bin/sh,/bin/sh|/lib64/ld-linux-x86-64.so.2,0,0,1001,24044,24042,(none),119
-0.110871,recon/basic_enum,suid_exec,execve,exec,env,/usr/bin/env -i PATH=/usr/local/sbin:/usr/local/bin:/usr/sbin:/usr/bin:/sbin:/bin run-parts --lsbsysinit /etc/update-motd.d,/usr/bin/env -i PATH=/usr/local/sbin:/usr/local/bin:/usr/sbin:/usr/bin:/sbin:/bin run-parts --lsbsysinit /etc/update-motd.d,/,benign,,1778300596.370,39876,pre_context,20260508_212317_basic_enum_YrdGDI,20260508_212317_suid_exec_dns_vandalism_9o1sm3,recon,yes,0,/usr/bin/env,/usr/bin/env,/usr/bin/env|/lib64/ld-linux-x86-64.so.2,0,0,1001,24045,24044,(none),119
-0.110871,recon/basic_enum,suid_exec,execve,exec,env,,/usr/bin/env -i PATH=/usr/local/sbin:/usr/local/bin:/usr/sbin:/usr/bin:/sbin:/bin run-parts --lsbsysinit /etc/update-motd.d,/,benign,,1778300596.370,39877,pre_context,20260508_212317_basic_enum_YrdGDI,20260508_212317_suid_exec_dns_vandalism_9o1sm3,recon,no,-2,/usr/bin/env,/usr/local/sbin/run-parts,/usr/local/sbin/run-parts,0,0,1001,24045,24044,(none),119
-0.110871,recon/basic_enum,suid_exec,execve,exec,env,,/usr/bin/env -i PATH=/usr/local/sbin:/usr/local/bin:/usr/sbin:/usr/bin:/sbin:/bin run-parts --lsbsysinit /etc/update-motd.d,/,benign,,1778300596.370,39878,pre_context,20260508_212317_basic_enum_YrdGDI,20260508_212317_suid_exec_dns_vandalism_9o1sm3,recon,no,-2,/usr/bin/env,/usr/local/bin/run-parts,/usr/local/bin/run-parts,0,0,1001,24045,24044,(none),119
-0.110871,recon/basic_enum,suid_exec,execve,exec,env,,/usr/bin/env -i PATH=/usr/local/sbin:/usr/local/bin:/usr/sbin:/usr/bin:/sbin:/bin run-parts --lsbsysinit /etc/update-motd.d,/,benign,,1778300596.370,39879,pre_context,20260508_212317_basic_enum_YrdGDI,20260508_212317_suid_exec_dns_vandalism_9o1sm3,recon,no,-2,/usr/bin/env,/usr/sbin/run-parts,/usr/sbin/run-parts,0,0,1001,24045,24044,(none),119
-0.110871,recon/basic_enum,suid_exec,execve,exec,run-parts,run-parts --lsbsysinit /etc/update-motd.d,/usr/bin/env -i PATH=/usr/local/sbin:/usr/local/bin:/usr/sbin:/usr/bin:/sbin:/bin run-parts --lsbsysinit /etc/update-motd.d,/,benign,,1778300596.370,39880,pre_context,20260508_212317_basic_enum_YrdGDI,20260508_212317_suid_exec_dns_vandalism_9o1sm3,recon,yes,0,/usr/bin/run-parts,/usr/bin/run-parts,/usr/bin/run-parts|/lib64/ld-linux-x86-64.so.2,0,0,1001,24045,24044,(none),119
-0.109871,recon/basic_enum,suid_exec,execve,exec,00-header,/bin/sh /etc/update-motd.d/00-header,/bin/sh /etc/update-motd.d/00-header,/,benign,,1778300596.371,39881,pre_context,20260508_212317_basic_enum_YrdGDI,20260508_212317_suid_exec_dns_vandalism_9o1sm3,recon,yes,0,/usr/bin/dash,/etc/update-motd.d/00-header,/etc/update-motd.d/00-header|/bin/sh|/lib64/ld-linux-x86-64.so.2,0,0,1001,24046,24045,(none),119
-0.108871,recon/basic_enum,suid_exec,execve,exec,uname,uname -o,uname -o,/,benign,,1778300596.372,39882,pre_context,20260508_212317_basic_enum_YrdGDI,20260508_212317_suid_exec_dns_vandalism_9o1sm3,recon,yes,0,/usr/bin/uname,/usr/bin/uname,/usr/bin/uname|/lib64/ld-linux-x86-64.so.2,0,0,1001,24047,24046,(none),119
-0.106871,recon/basic_enum,suid_exec,execve,exec,uname,uname -r,uname -r,/,benign,,1778300596.374,39883,pre_context,20260508_212317_basic_enum_YrdGDI,20260508_212317_suid_exec_dns_vandalism_9o1sm3,recon,yes,0,/usr/bin/uname,/usr/bin/uname,/usr/bin/uname|/lib64/ld-linux-x86-64.so.2,0,0,1001,24048,24046,(none),119
-0.105871,recon/basic_enum,suid_exec,execve,exec,uname,uname -m,uname -m,/,benign,,1778300596.375,39884,pre_context,20260508_212317_basic_enum_YrdGDI,20260508_212317_suid_exec_dns_vandalism_9o1sm3,recon,yes,0,/usr/bin/uname,/usr/bin/uname,/usr/bin/uname|/lib64/ld-linux-x86-64.so.2,0,0,1001,24049,24046,(none),119
-0.102871,recon/basic_enum,suid_exec,execve,exec,10-help-text,/bin/sh /etc/update-motd.d/10-help-text,/bin/sh /etc/update-motd.d/10-help-text,/,benign,,1778300596.378,39885,pre_context,20260508_212317_basic_enum_YrdGDI,20260508_212317_suid_exec_dns_vandalism_9o1sm3,recon,yes,0,/usr/bin/dash,/etc/update-motd.d/10-help-text,/etc/update-motd.d/10-help-text|/bin/sh|/lib64/ld-linux-x86-64.so.2,0,0,1001,24050,24045,(none),119
-0.102871,recon/basic_enum,suid_exec,execve,exec,50-landscape-sy,/bin/sh /etc/update-motd.d/50-landscape-sysinfo,/bin/sh /etc/update-motd.d/50-landscape-sysinfo,/,benign,,1778300596.378,39886,pre_context,20260508_212317_basic_enum_YrdGDI,20260508_212317_suid_exec_dns_vandalism_9o1sm3,recon,yes,0,/usr/bin/dash,/etc/update-motd.d/50-landscape-sysinfo,/etc/update-motd.d/50-landscape-sysinfo|/bin/sh|/lib64/ld-linux-x86-64.so.2,0,0,1001,24051,24045,(none),119
-0.101871,recon/basic_enum,suid_exec,execve,exec,find,find /var/lib/landscape/landscape-sysinfo.cache -newermt now-1 minutes,find /var/lib/landscape/landscape-sysinfo.cache -newermt now-1 minutes,/,benign,,1778300596.379,39887,pre_context,20260508_212317_basic_enum_YrdGDI,20260508_212317_suid_exec_dns_vandalism_9o1sm3,recon,yes,0,/usr/bin/find,/usr/bin/find,/usr/bin/find|/lib64/ld-linux-x86-64.so.2,0,0,1001,24052,24051,(none),119
-0.100871,recon/basic_enum,suid_exec,execve,exec,cat,cat /var/lib/landscape/landscape-sysinfo.cache,cat /var/lib/landscape/landscape-sysinfo.cache,/,benign,,1778300596.380,39888,pre_context,20260508_212317_basic_enum_YrdGDI,20260508_212317_suid_exec_dns_vandalism_9o1sm3,recon,yes,0,/usr/bin/cat,/usr/bin/cat,/usr/bin/cat|/lib64/ld-linux-x86-64.so.2,0,0,1001,24053,24051,(none),119
-0.099871,recon/basic_enum,suid_exec,execve,exec,50-motd-news,/bin/sh /etc/update-motd.d/50-motd-news,/bin/sh /etc/update-motd.d/50-motd-news,/,benign,,1778300596.381,39889,pre_context,20260508_212317_basic_enum_YrdGDI,20260508_212317_suid_exec_dns_vandalism_9o1sm3,recon,yes,0,/usr/bin/dash,/etc/update-motd.d/50-motd-news,/etc/update-motd.d/50-motd-news|/bin/sh|/lib64/ld-linux-x86-64.so.2,0,0,1001,24054,24045,(none),119
-0.098871,recon/basic_enum,suid_exec,execve,exec,head,head -n 10,head -n 10,/,benign,,1778300596.382,39890,pre_context,20260508_212317_basic_enum_YrdGDI,20260508_212317_suid_exec_dns_vandalism_9o1sm3,recon,yes,0,/usr/bin/head,/usr/bin/head,/usr/bin/head|/lib64/ld-linux-x86-64.so.2,0,0,1001,24056,24054,(none),119
-0.097871,recon/basic_enum,suid_exec,execve,exec,tr,tr -d \000-\011\013\014\016-\037,tr -d \000-\011\013\014\016-\037,/,benign,,1778300596.383,39891,pre_context,20260508_212317_basic_enum_YrdGDI,20260508_212317_suid_exec_dns_vandalism_9o1sm3,recon,yes,0,/usr/bin/tr,/usr/bin/tr,/usr/bin/tr|/lib64/ld-linux-x86-64.so.2,0,0,1001,24057,24054,(none),119
-0.097871,recon/basic_enum,suid_exec,execve,exec,cat,cat /var/cache/motd-news,cat /var/cache/motd-news,/,benign,,1778300596.383,39892,pre_context,20260508_212317_basic_enum_YrdGDI,20260508_212317_suid_exec_dns_vandalism_9o1sm3,recon,yes,0,/usr/bin/cat,/usr/bin/cat,/usr/bin/cat|/lib64/ld-linux-x86-64.so.2,0,0,1001,24055,24054,(none),119
-0.097871,recon/basic_enum,suid_exec,execve,exec,cut,cut -c -80,cut -c -80,/,benign,,1778300596.383,39893,pre_context,20260508_212317_basic_enum_YrdGDI,20260508_212317_suid_exec_dns_vandalism_9o1sm3,recon,yes,0,/usr/bin/cut,/usr/bin/cut,/usr/bin/cut|/lib64/ld-linux-x86-64.so.2,0,0,1001,24058,24054,(none),119
-0.093871,recon/basic_enum,suid_exec,execve,exec,85-fwupd,/bin/sh /etc/update-motd.d/85-fwupd,/bin/sh /etc/update-motd.d/85-fwupd,/,benign,,1778300596.387,39894,pre_context,20260508_212317_basic_enum_YrdGDI,20260508_212317_suid_exec_dns_vandalism_9o1sm3,recon,yes,0,/usr/bin/dash,/etc/update-motd.d/85-fwupd,/etc/update-motd.d/85-fwupd|/bin/sh|/lib64/ld-linux-x86-64.so.2,0,0,1001,24059,24045,(none),119
-0.092871,recon/basic_enum,suid_exec,execve,exec,cat,cat /run/motd.d/85-fwupd,cat /run/motd.d/85-fwupd,/,benign,,1778300596.388,39895,pre_context,20260508_212317_basic_enum_YrdGDI,20260508_212317_suid_exec_dns_vandalism_9o1sm3,recon,yes,0,/usr/bin/cat,/usr/bin/cat,/usr/bin/cat|/lib64/ld-linux-x86-64.so.2,0,0,1001,24060,24059,(none),119
-0.091871,recon/basic_enum,suid_exec,execve,exec,90-updates-avai,/bin/sh /etc/update-motd.d/90-updates-available,/bin/sh /etc/update-motd.d/90-updates-available,/,benign,,1778300596.389,39896,pre_context,20260508_212317_basic_enum_YrdGDI,20260508_212317_suid_exec_dns_vandalism_9o1sm3,recon,yes,0,/usr/bin/dash,/etc/update-motd.d/90-updates-available,/etc/update-motd.d/90-updates-available|/bin/sh|/lib64/ld-linux-x86-64.so.2,0,0,1001,24061,24045,(none),119
-0.090871,recon/basic_enum,suid_exec,execve,exec,cat,cat /var/lib/update-notifier/updates-available,cat /var/lib/update-notifier/updates-available,/,benign,,1778300596.390,39897,pre_context,20260508_212317_basic_enum_YrdGDI,20260508_212317_suid_exec_dns_vandalism_9o1sm3,recon,yes,0,/usr/bin/cat,/usr/bin/cat,/usr/bin/cat|/lib64/ld-linux-x86-64.so.2,0,0,1001,24062,24061,(none),119
-0.089871,recon/basic_enum,suid_exec,execve,exec,find,find /var/lib/update-notifier/updates-available -newermt now-7 days,find /var/lib/update-notifier/updates-available -newermt now-7 days,/,benign,,1778300596.391,39898,pre_context,20260508_212317_basic_enum_YrdGDI,20260508_212317_suid_exec_dns_vandalism_9o1sm3,recon,yes,0,/usr/bin/find,/usr/bin/find,/usr/bin/find|/lib64/ld-linux-x86-64.so.2,0,0,1001,24063,24061,(none),119
-0.088871,recon/basic_enum,suid_exec,execve,exec,grep,grep -q -m 1 .,grep -q -m 1 .,/,benign,,1778300596.392,39899,pre_context,20260508_212317_basic_enum_YrdGDI,20260508_212317_suid_exec_dns_vandalism_9o1sm3,recon,yes,0,/usr/bin/grep,/usr/bin/grep,/usr/bin/grep|/lib64/ld-linux-x86-64.so.2,0,0,1001,24064,24061,(none),119
-0.085871,recon/basic_enum,suid_exec,execve,exec,91-contract-ua-,/bin/sh /etc/update-motd.d/91-contract-ua-esm-status,/bin/sh /etc/update-motd.d/91-contract-ua-esm-status,/,benign,,1778300596.395,39900,pre_context,20260508_212317_basic_enum_YrdGDI,20260508_212317_suid_exec_dns_vandalism_9o1sm3,recon,yes,0,/usr/bin/dash,/etc/update-motd.d/91-contract-ua-esm-status,/etc/update-motd.d/91-contract-ua-esm-status|/bin/sh|/lib64/ld-linux-x86-64.so.2,0,0,1001,24065,24045,(none),119
-0.084871,recon/basic_enum,suid_exec,execve,exec,91-release-upgr,/bin/sh /etc/update-motd.d/91-release-upgrade,/bin/sh /etc/update-motd.d/91-release-upgrade,/,benign,,1778300596.396,39901,pre_context,20260508_212317_basic_enum_YrdGDI,20260508_212317_suid_exec_dns_vandalism_9o1sm3,recon,yes,0,/usr/bin/dash,/etc/update-motd.d/91-release-upgrade,/etc/update-motd.d/91-release-upgrade|/bin/sh|/lib64/ld-linux-x86-64.so.2,0,0,1001,24066,24045,(none),119
-0.081871,recon/basic_enum,suid_exec,execve,exec,cut,cut -d -f4,cut -d -f4,/,benign,,1778300596.399,39902,pre_context,20260508_212317_basic_enum_YrdGDI,20260508_212317_suid_exec_dns_vandalism_9o1sm3,recon,yes,0,/usr/bin/cut,/usr/bin/cut,/usr/bin/cut|/lib64/ld-linux-x86-64.so.2,0,0,1001,24069,24067,(none),119
-0.080871,recon/basic_enum,suid_exec,execve,exec,id,id -u,id -u,/,benign,,1778300596.400,39903,pre_context,20260508_212317_basic_enum_YrdGDI,20260508_212317_suid_exec_dns_vandalism_9o1sm3,recon,yes,0,/usr/bin/id,/usr/bin/id,/usr/bin/id|/lib64/ld-linux-x86-64.so.2,0,0,1001,24070,24066,(none),119
-0.080871,recon/basic_enum,suid_exec,execve,exec,release-upgrade,/bin/sh -e /usr/lib/ubuntu-release-upgrader/release-upgrade-motd,/bin/sh /etc/update-motd.d/91-release-upgrade,/,benign,,1778300596.400,39904,pre_context,20260508_212317_basic_enum_YrdGDI,20260508_212317_suid_exec_dns_vandalism_9o1sm3,recon,yes,0,/usr/bin/dash,/usr/lib/ubuntu-release-upgrader/release-upgrade-motd,/usr/lib/ubuntu-release-upgrader/release-upgrade-motd|/bin/sh|/lib64/ld-linux-x86-64.so.2,0,0,1001,24066,24045,(none),119
-0.078871,recon/basic_enum,suid_exec,execve,exec,date,date +%s,date +%s,/,benign,,1778300596.402,39905,pre_context,20260508_212317_basic_enum_YrdGDI,20260508_212317_suid_exec_dns_vandalism_9o1sm3,recon,yes,0,/usr/bin/date,/usr/bin/date,/usr/bin/date|/lib64/ld-linux-x86-64.so.2,0,0,1001,24071,24066,(none),119
-0.076871,recon/basic_enum,suid_exec,execve,exec,stat,stat -c %Y /var/lib/ubuntu-release-upgrader/release-upgrade-available,stat -c %Y /var/lib/ubuntu-release-upgrader/release-upgrade-available,/,benign,,1778300596.404,39906,pre_context,20260508_212317_basic_enum_YrdGDI,20260508_212317_suid_exec_dns_vandalism_9o1sm3,recon,yes,0,/usr/bin/stat,/usr/bin/stat,/usr/bin/stat|/lib64/ld-linux-x86-64.so.2,0,0,1001,24072,24066,(none),119
-0.075871,recon/basic_enum,suid_exec,execve,exec,expr,expr 1778282941 + 86400,expr 1778282941 + 86400,/,benign,,1778300596.405,39907,pre_context,20260508_212317_basic_enum_YrdGDI,20260508_212317_suid_exec_dns_vandalism_9o1sm3,recon,yes,0,/usr/bin/expr,/usr/bin/expr,/usr/bin/expr|/lib64/ld-linux-x86-64.so.2,0,0,1001,24073,24066,(none),119
-0.073871,recon/basic_enum,suid_exec,execve,exec,92-unattended-u,/bin/sh /etc/update-motd.d/92-unattended-upgrades,/bin/sh /etc/update-motd.d/92-unattended-upgrades,/,benign,,1778300596.407,39908,pre_context,20260508_212317_basic_enum_YrdGDI,20260508_212317_suid_exec_dns_vandalism_9o1sm3,recon,yes,0,/usr/bin/dash,/etc/update-motd.d/92-unattended-upgrades,/etc/update-motd.d/92-unattended-upgrades|/bin/sh|/lib64/ld-linux-x86-64.so.2,0,0,1001,24074,24045,(none),119
-0.073871,recon/basic_enum,suid_exec,execve,exec,update-motd-una,/bin/sh /usr/share/unattended-upgrades/update-motd-unattended-upgrades,/bin/sh /etc/update-motd.d/92-unattended-upgrades,/,benign,,1778300596.407,39909,pre_context,20260508_212317_basic_enum_YrdGDI,20260508_212317_suid_exec_dns_vandalism_9o1sm3,recon,yes,0,/usr/bin/dash,/usr/share/unattended-upgrades/update-motd-unattended-upgrades,/usr/share/unattended-upgrades/update-motd-unattended-upgrades|/bin/sh|/lib64/ld-linux-x86-64.so.2,0,0,1001,24074,24045,(none),119
-0.072871,recon/basic_enum,suid_exec,execve,exec,95-hwe-eol,/bin/sh /etc/update-motd.d/95-hwe-eol,/bin/sh /etc/update-motd.d/95-hwe-eol,/,benign,,1778300596.408,39910,pre_context,20260508_212317_basic_enum_YrdGDI,20260508_212317_suid_exec_dns_vandalism_9o1sm3,recon,yes,0,/usr/bin/dash,/etc/update-motd.d/95-hwe-eol,/etc/update-motd.d/95-hwe-eol|/bin/sh|/lib64/ld-linux-x86-64.so.2,0,0,1001,24075,24045,(none),119
-0.070871,recon/basic_enum,suid_exec,execve,exec,find,find /var/lib/update-notifier/hwe-eol -newermt now-1 days,find /var/lib/update-notifier/hwe-eol -newermt now-1 days,/,benign,,1778300596.410,39911,pre_context,20260508_212317_basic_enum_YrdGDI,20260508_212317_suid_exec_dns_vandalism_9o1sm3,recon,yes,0,/usr/bin/find,/usr/bin/find,/usr/bin/find|/lib64/ld-linux-x86-64.so.2,0,0,1001,24076,24075,(none),119
-0.069871,recon/basic_enum,suid_exec,execve,exec,97-overlayroot,/bin/sh /etc/update-motd.d/97-overlayroot,/bin/sh /etc/update-motd.d/97-overlayroot,/,benign,,1778300596.411,39912,pre_context,20260508_212317_basic_enum_YrdGDI,20260508_212317_suid_exec_dns_vandalism_9o1sm3,recon,yes,0,/usr/bin/dash,/etc/update-motd.d/97-overlayroot,/etc/update-motd.d/97-overlayroot|/bin/sh|/lib64/ld-linux-x86-64.so.2,0,0,1001,24077,24045,(none),119
-0.068871,recon/basic_enum,suid_exec,execve,exec,egrep,/bin/sh /usr/bin/egrep overlayroot|/media/root-ro|/media/root-rw /proc/mounts,/bin/sh /usr/bin/egrep overlayroot|/media/root-ro|/media/root-rw /proc/mounts,/,benign,,1778300596.412,39913,pre_context,20260508_212317_basic_enum_YrdGDI,20260508_212317_suid_exec_dns_vandalism_9o1sm3,recon,yes,0,/usr/bin/dash,/usr/bin/egrep,/usr/bin/egrep|/bin/sh|/lib64/ld-linux-x86-64.so.2,0,0,1001,24079,24078,(none),119
-0.068871,recon/basic_enum,suid_exec,execve,exec,sort,sort -r,sort -r,/,benign,,1778300596.412,39914,pre_context,20260508_212317_basic_enum_YrdGDI,20260508_212317_suid_exec_dns_vandalism_9o1sm3,recon,yes,0,/usr/bin/sort,/usr/bin/sort,/usr/bin/sort|/lib64/ld-linux-x86-64.so.2,0,0,1001,24080,24078,(none),119
-0.067871,recon/basic_enum,suid_exec,execve,exec,egrep,,/bin/sh /usr/bin/egrep overlayroot|/media/root-ro|/media/root-rw /proc/mounts,/,benign,,1778300596.413,39915,pre_context,20260508_212317_basic_enum_YrdGDI,20260508_212317_suid_exec_dns_vandalism_9o1sm3,recon,no,-2,/usr/bin/dash,/usr/local/sbin/grep,/usr/local/sbin/grep,0,0,1001,24079,24078,(none),119
-0.065871,recon/basic_enum,suid_exec,execve,exec,egrep,,/bin/sh /usr/bin/egrep overlayroot|/media/root-ro|/media/root-rw /proc/mounts,/,benign,,1778300596.415,39916,pre_context,20260508_212317_basic_enum_YrdGDI,20260508_212317_suid_exec_dns_vandalism_9o1sm3,recon,no,-2,/usr/bin/dash,/usr/local/bin/grep,/usr/local/bin/grep,0,0,1001,24079,24078,(none),119
-0.065871,recon/basic_enum,suid_exec,execve,exec,egrep,,/bin/sh /usr/bin/egrep overlayroot|/media/root-ro|/media/root-rw /proc/mounts,/,benign,,1778300596.415,39917,pre_context,20260508_212317_basic_enum_YrdGDI,20260508_212317_suid_exec_dns_vandalism_9o1sm3,recon,no,-2,/usr/bin/dash,/usr/sbin/grep,/usr/sbin/grep,0,0,1001,24079,24078,(none),119
-0.065871,recon/basic_enum,suid_exec,execve,exec,grep,grep -E overlayroot|/media/root-ro|/media/root-rw /proc/mounts,/bin/sh /usr/bin/egrep overlayroot|/media/root-ro|/media/root-rw /proc/mounts,/,benign,,1778300596.415,39918,pre_context,20260508_212317_basic_enum_YrdGDI,20260508_212317_suid_exec_dns_vandalism_9o1sm3,recon,yes,0,/usr/bin/grep,/usr/bin/grep,/usr/bin/grep|/lib64/ld-linux-x86-64.so.2,0,0,1001,24079,24078,(none),119
-0.064871,recon/basic_enum,suid_exec,execve,exec,98-fsck-at-rebo,/bin/sh /etc/update-motd.d/98-fsck-at-reboot,/bin/sh /etc/update-motd.d/98-fsck-at-reboot,/,benign,,1778300596.416,39919,pre_context,20260508_212317_basic_enum_YrdGDI,20260508_212317_suid_exec_dns_vandalism_9o1sm3,recon,yes,0,/usr/bin/dash,/etc/update-motd.d/98-fsck-at-reboot,/etc/update-motd.d/98-fsck-at-reboot|/bin/sh|/lib64/ld-linux-x86-64.so.2,0,0,1001,24081,24045,(none),119
-0.063871,recon/basic_enum,suid_exec,execve,exec,update-motd-fsc,/bin/sh /usr/lib/update-notifier/update-motd-fsck-at-reboot,/bin/sh /etc/update-motd.d/98-fsck-at-reboot,/,benign,,1778300596.417,39920,pre_context,20260508_212317_basic_enum_YrdGDI,20260508_212317_suid_exec_dns_vandalism_9o1sm3,recon,yes,0,/usr/bin/dash,/usr/lib/update-notifier/update-motd-fsck-at-reboot,/usr/lib/update-notifier/update-motd-fsck-at-reboot|/bin/sh|/lib64/ld-linux-x86-64.so.2,0,0,1001,24081,24045,(none),119
-0.062871,recon/basic_enum,suid_exec,execve,exec,id,id -u,id -u,/,benign,,1778300596.418,39921,pre_context,20260508_212317_basic_enum_YrdGDI,20260508_212317_suid_exec_dns_vandalism_9o1sm3,recon,yes,0,/usr/bin/id,/usr/bin/id,/usr/bin/id|/lib64/ld-linux-x86-64.so.2,0,0,1001,24082,24081,(none),119
-0.061871,recon/basic_enum,suid_exec,execve,exec,stat,stat -c %Y /var/lib/update-notifier/fsck-at-reboot,stat -c %Y /var/lib/update-notifier/fsck-at-reboot,/,benign,,1778300596.419,39922,pre_context,20260508_212317_basic_enum_YrdGDI,20260508_212317_suid_exec_dns_vandalism_9o1sm3,recon,yes,0,/usr/bin/stat,/usr/bin/stat,/usr/bin/stat|/lib64/ld-linux-x86-64.so.2,0,0,1001,24083,24081,(none),119
-0.060871,recon/basic_enum,suid_exec,execve,exec,awk,awk {print $1} /proc/uptime,awk {print $1} /proc/uptime,/,benign,,1778300596.420,39923,pre_context,20260508_212317_basic_enum_YrdGDI,20260508_212317_suid_exec_dns_vandalism_9o1sm3,recon,yes,0,/usr/bin/gawk,/usr/bin/awk,/usr/bin/awk|/lib64/ld-linux-x86-64.so.2,0,0,1001,24085,24084,(none),119
-0.058871,recon/basic_enum,suid_exec,execve,exec,date,date -d now - 2842.77 seconds +%s,date -d now - 2842.77 seconds +%s,/,benign,,1778300596.422,39924,pre_context,20260508_212317_basic_enum_YrdGDI,20260508_212317_suid_exec_dns_vandalism_9o1sm3,recon,yes,0,/usr/bin/date,/usr/bin/date,/usr/bin/date|/lib64/ld-linux-x86-64.so.2,0,0,1001,24084,24081,(none),119
-0.057871,recon/basic_enum,suid_exec,execve,exec,date,date +%s,date +%s,/,benign,,1778300596.423,39925,pre_context,20260508_212317_basic_enum_YrdGDI,20260508_212317_suid_exec_dns_vandalism_9o1sm3,recon,yes,0,/usr/bin/date,/usr/bin/date,/usr/bin/date|/lib64/ld-linux-x86-64.so.2,0,0,1001,24086,24081,(none),119
-0.056871,recon/basic_enum,suid_exec,execve,exec,cat,cat /var/lib/update-notifier/fsck-at-reboot,cat /var/lib/update-notifier/fsck-at-reboot,/,benign,,1778300596.424,39926,pre_context,20260508_212317_basic_enum_YrdGDI,20260508_212317_suid_exec_dns_vandalism_9o1sm3,recon,yes,0,/usr/bin/cat,/usr/bin/cat,/usr/bin/cat|/lib64/ld-linux-x86-64.so.2,0,0,1001,24087,24081,(none),119
-0.055871,recon/basic_enum,suid_exec,execve,exec,98-reboot-requi,/bin/sh /etc/update-motd.d/98-reboot-required,/bin/sh /etc/update-motd.d/98-reboot-required,/,benign,,1778300596.425,39927,pre_context,20260508_212317_basic_enum_YrdGDI,20260508_212317_suid_exec_dns_vandalism_9o1sm3,recon,yes,0,/usr/bin/dash,/etc/update-motd.d/98-reboot-required,/etc/update-motd.d/98-reboot-required|/bin/sh|/lib64/ld-linux-x86-64.so.2,0,0,1001,24088,24045,(none),119
-0.054871,recon/basic_enum,suid_exec,execve,exec,update-motd-reb,/bin/sh -e /usr/lib/update-notifier/update-motd-reboot-required,/bin/sh /etc/update-motd.d/98-reboot-required,/,benign,,1778300596.426,39928,pre_context,20260508_212317_basic_enum_YrdGDI,20260508_212317_suid_exec_dns_vandalism_9o1sm3,recon,yes,0,/usr/bin/dash,/usr/lib/update-notifier/update-motd-reboot-required,/usr/lib/update-notifier/update-motd-reboot-required|/bin/sh|/lib64/ld-linux-x86-64.so.2,0,0,1001,24088,24045,(none),119
-0.053871,recon/basic_enum,suid_exec,rename,file_destroy,sshd,,/usr/sbin/sshd -D -R,/,benign,,1778300596.427,39929,pre_context,20260508_212317_basic_enum_YrdGDI,20260508_212317_suid_exec_dns_vandalism_9o1sm3,recon,yes,0,/usr/sbin/sshd,/run/,/run/|/run/motd.dynamic.new|/run/motd.dynamic,0,0,1001,24042,21008,(none),119
-0.053871,recon/basic_enum,suid_exec,connect,network_connect,sshd,,/usr/sbin/sshd -D -R,/,benign,,1778300596.427,39930,pre_context,20260508_212317_basic_enum_YrdGDI,20260508_212317_suid_exec_dns_vandalism_9o1sm3,recon,yes,0,/usr/sbin/sshd,/run/systemd/userdb/io.systemd.DynamicUser,/run/systemd/userdb/io.systemd.DynamicUser,0,0,1001,24042,21008,(none),119
-0.052871,recon/basic_enum,suid_exec,connect,network_connect,sshd,,/usr/sbin/sshd -D -R,/,benign,,1778300596.428,39931,pre_context,20260508_212317_basic_enum_YrdGDI,20260508_212317_suid_exec_dns_vandalism_9o1sm3,recon,yes,0,/usr/sbin/sshd,/run/systemd/userdb/io.systemd.DynamicUser,/run/systemd/userdb/io.systemd.DynamicUser,0,0,1001,24042,21008,(none),119
-0.052871,recon/basic_enum,suid_exec,connect,network_connect,sshd,,/usr/sbin/sshd -D -R,/,benign,,1778300596.428,39932,pre_context,20260508_212317_basic_enum_YrdGDI,20260508_212317_suid_exec_dns_vandalism_9o1sm3,recon,yes,0,/usr/sbin/sshd,/run/systemd/userdb/io.systemd.DynamicUser,/run/systemd/userdb/io.systemd.DynamicUser,0,0,1001,24042,21008,(none),119
-0.051871,recon/basic_enum,suid_exec,connect,network_connect,sshd,,/usr/sbin/sshd -D -R,/,benign,,1778300596.429,39933,pre_context,20260508_212317_basic_enum_YrdGDI,20260508_212317_suid_exec_dns_vandalism_9o1sm3,recon,yes,0,/usr/sbin/sshd,/run/systemd/userdb/io.systemd.DynamicUser,/run/systemd/userdb/io.systemd.DynamicUser,0,0,1001,24042,21008,(none),119
-0.051871,recon/basic_enum,suid_exec,connect,network_connect,sshd,,/usr/sbin/sshd -D -R,/,benign,,1778300596.429,39934,pre_context,20260508_212317_basic_enum_YrdGDI,20260508_212317_suid_exec_dns_vandalism_9o1sm3,recon,yes,0,/usr/sbin/sshd,/run/systemd/userdb/io.systemd.DynamicUser,/run/systemd/userdb/io.systemd.DynamicUser,0,0,1001,24042,21008,(none),119
-0.051871,recon/basic_enum,suid_exec,,,,,,,benign,,1778300596.429,39935,pre_context,20260508_212317_basic_enum_YrdGDI,20260508_212317_suid_exec_dns_vandalism_9o1sm3,recon,,,,,,,,,,,,
-0.050871,recon/basic_enum,suid_exec,setgid,privilege_transition,sshd,,sshd: deploy-rkejw [priv],,benign,,1778300596.430,39936,pre_context,20260508_212317_basic_enum_YrdGDI,20260508_212317_suid_exec_dns_vandalism_9o1sm3,recon,yes,0,/usr/sbin/sshd,,,0,0,1001,24089,24042,(none),119
-0.050871,recon/basic_enum,suid_exec,connect,network_connect,sshd,,sshd: deploy-rkejw [priv],/,benign,,1778300596.430,39937,pre_context,20260508_212317_basic_enum_YrdGDI,20260508_212317_suid_exec_dns_vandalism_9o1sm3,recon,yes,0,/usr/sbin/sshd,/run/systemd/userdb/io.systemd.DynamicUser,/run/systemd/userdb/io.systemd.DynamicUser,0,0,1001,24089,24042,(none),119
-0.050871,recon/basic_enum,suid_exec,connect,network_connect,sshd,,sshd: deploy-rkejw [priv],/,benign,,1778300596.430,39938,pre_context,20260508_212317_basic_enum_YrdGDI,20260508_212317_suid_exec_dns_vandalism_9o1sm3,recon,yes,0,/usr/sbin/sshd,/run/systemd/userdb/io.systemd.DynamicUser,/run/systemd/userdb/io.systemd.DynamicUser,0,0,1001,24089,24042,(none),119
-0.050871,recon/basic_enum,suid_exec,126,privilege_transition,sshd,,sshd: deploy-rkejw [priv],,benign,,1778300596.430,39939,pre_context,20260508_212317_basic_enum_YrdGDI,20260508_212317_suid_exec_dns_vandalism_9o1sm3,recon,yes,0,/usr/sbin/sshd,,,0,0,1001,24089,24042,(none),119
-0.050871,recon/basic_enum,suid_exec,,,,,,,benign,,1778300596.430,39940,pre_context,20260508_212317_basic_enum_YrdGDI,20260508_212317_suid_exec_dns_vandalism_9o1sm3,recon,,,,,,,,,,,,
-0.050871,recon/basic_enum,suid_exec,setresgid,privilege_transition,sshd,,sshd: deploy-rkejw [priv],,benign,,1778300596.430,39941,pre_context,20260508_212317_basic_enum_YrdGDI,20260508_212317_suid_exec_dns_vandalism_9o1sm3,recon,yes,0,/usr/sbin/sshd,,,0,0,1001,24089,24042,(none),119
-0.050871,recon/basic_enum,suid_exec,setresuid,privilege_transition,sshd,,sshd: deploy-rkejw [priv],,benign,,1778300596.430,39942,pre_context,20260508_212317_basic_enum_YrdGDI,20260508_212317_suid_exec_dns_vandalism_9o1sm3,recon,yes,0,/usr/sbin/sshd,,,1001,1001,1001,24089,24042,(none),119
-0.050871,recon/basic_enum,suid_exec,setuid,privilege_transition,sshd,,sshd: deploy-rkejw [priv],,benign,,1778300596.430,39943,pre_context,20260508_212317_basic_enum_YrdGDI,20260508_212317_suid_exec_dns_vandalism_9o1sm3,recon,no,-1,/usr/sbin/sshd,,,1001,1001,1001,24089,24042,(none),119
-0.050871,recon/basic_enum,suid_exec,setresuid,privilege_transition,sshd,,sshd: deploy-rkejw [priv],,benign,,1778300596.430,39944,pre_context,20260508_212317_basic_enum_YrdGDI,20260508_212317_suid_exec_dns_vandalism_9o1sm3,recon,no,-1,/usr/sbin/sshd,,,1001,1001,1001,24089,24042,(none),119
-0.004871,recon/basic_enum,suid_exec,execve,shell_exec,bash,"bash -c epoch=$(date +%s.%N) iso=$(date -Is) marker=START\ run_id=20260508_212317_basic_enum_YrdGDI\ chain_id=20260508_212317_suid_exec_dns_vandalism_9o1sm3\ delivery=suid_exec\ payload=recon/basic_enum\ category=recon\ privilege=user\ user=alex marker=""$marker epoch=$epoch iso=$iso"" logger -t aegis_attack_marker -- ""$marker"" printf 'target_epoch=%s\n' ""$epoch"" printf 'target_iso=%s\n' ""$iso""",bash -c epoch=$(date +%s.%N) iso=$(date -Is) marker=START\ run_id=20260508_212317_basic_enum_YrdGDI\ ch,/home/deploy-rkejw,benign,,1778300596.476,39945,pre_context,20260508_212317_basic_enum_YrdGDI,20260508_212317_suid_exec_dns_vandalism_9o1sm3,recon,yes,0,/usr/bin/bash,/bin/bash,/bin/bash|/lib64/ld-linux-x86-64.so.2,1001,1001,1001,24090,24089,(none),119
-0.002871,recon/basic_enum,suid_exec,execve,exec,date,date +%s.%N,date +%s.%N,/home/deploy-rkejw,benign,,1778300596.478,39946,pre_context,20260508_212317_basic_enum_YrdGDI,20260508_212317_suid_exec_dns_vandalism_9o1sm3,recon,yes,0,/usr/bin/date,/usr/bin/date,/usr/bin/date|/lib64/ld-linux-x86-64.so.2,1001,1001,1001,24091,24090,(none),119
-0.001871,recon/basic_enum,suid_exec,execve,exec,date,date -Is,date -Is,/home/deploy-rkejw,benign,,1778300596.479,39947,pre_context,20260508_212317_basic_enum_YrdGDI,20260508_212317_suid_exec_dns_vandalism_9o1sm3,recon,yes,0,/usr/bin/date,/usr/bin/date,/usr/bin/date|/lib64/ld-linux-x86-64.so.2,1001,1001,1001,24092,24090,(none),119
-0.000871,recon/basic_enum,suid_exec,execve,exec,logger,logger -t aegis_attack_marker -- START run_id=20260508_212317_basic_enum_YrdGDI chain_id=20260508_212317_suid_exec_dns_vandalism_9o1sm3 delivery=suid_exec payload=recon/basic_enum category=recon privilege=user user=alex epoch=1778300596.480870828 iso=2026-05-09T04:23:16+00:00,logger -t aegis_attack_marker -- START run_id=20260508_212317_basic_enum_YrdGDI chain_id=20260508_212317_suid_exec_dns_vandalism,/home/deploy-rkejw,benign,,1778300596.480,39948,pre_context,20260508_212317_basic_enum_YrdGDI,20260508_212317_suid_exec_dns_vandalism_9o1sm3,recon,yes,0,/usr/bin/logger,/usr/bin/logger,/usr/bin/logger|/lib64/ld-linux-x86-64.so.2,1001,1001,1001,24093,24090,(none),119
0.001129,recon/basic_enum,suid_exec,connect,network_connect,logger,,logger -t aegis_attack_marker -- START run_id=20260508_212317_basic_enum_YrdGDI chain_id=20260508_212317_suid_exec_dns_vandalism,/home/deploy-rkejw,benign,,1778300596.482,39949,attack_window,20260508_212317_basic_enum_YrdGDI,20260508_212317_suid_exec_dns_vandalism_9o1sm3,recon,yes,0,/usr/bin/logger,/dev/log,/dev/log,1001,1001,1001,24093,24090,(none),119
0.002129,recon/basic_enum,suid_exec,connect,network_connect,sshd,,sshd: deploy-rkejw [priv],/,benign,,1778300596.483,39950,attack_window,20260508_212317_basic_enum_YrdGDI,20260508_212317_suid_exec_dns_vandalism_9o1sm3,recon,yes,0,/usr/sbin/sshd,/dev/log,/dev/log,1001,1001,1001,24089,24042,(none),119
0.003129,recon/basic_enum,suid_exec,114,privilege_transition,sshd,,/usr/sbin/sshd -D -R,,benign,,1778300596.484,39951,attack_window,20260508_212317_basic_enum_YrdGDI,20260508_212317_suid_exec_dns_vandalism_9o1sm3,recon,yes,0,/usr/sbin/sshd,,,0,0,1001,24042,21008,(none),119
0.003129,recon/basic_enum,suid_exec,setresuid,privilege_transition,sshd,,/usr/sbin/sshd -D -R,,benign,,1778300596.484,39952,attack_window,20260508_212317_basic_enum_YrdGDI,20260508_212317_suid_exec_dns_vandalism_9o1sm3,recon,yes,0,/usr/sbin/sshd,,,0,1001,1001,24042,21008,(none),119
0.003129,recon/basic_enum,suid_exec,113,privilege_transition,sshd,,/usr/sbin/sshd -D -R,,benign,,1778300596.484,39953,attack_window,20260508_212317_basic_enum_YrdGDI,20260508_212317_suid_exec_dns_vandalism_9o1sm3,recon,yes,0,/usr/sbin/sshd,,,0,0,1001,24042,21008,(none),119
0.003129,recon/basic_enum,suid_exec,114,privilege_transition,sshd,,/usr/sbin/sshd -D -R,,benign,,1778300596.484,39954,attack_window,20260508_212317_basic_enum_YrdGDI,20260508_212317_suid_exec_dns_vandalism_9o1sm3,recon,yes,0,/usr/sbin/sshd,,,0,0,1001,24042,21008,(none),119
0.003129,recon/basic_enum,suid_exec,connect,network_connect,sshd,,/usr/sbin/sshd -D -R,/,benign,,1778300596.484,39955,attack_window,20260508_212317_basic_enum_YrdGDI,20260508_212317_suid_exec_dns_vandalism_9o1sm3,recon,yes,0,/usr/sbin/sshd,/run/dbus/system_bus_socket,/run/dbus/system_bus_socket,0,0,1001,24042,21008,(none),119
0.003129,recon/basic_enum,suid_exec,,,,,,,ambiguous,,1778300596.484,39956,attack_window,20260508_212317_basic_enum_YrdGDI,20260508_212317_suid_exec_dns_vandalism_9o1sm3,recon,,,,,,,,,,,,
0.003129,recon/basic_enum,suid_exec,,,,,,,ambiguous,,1778300596.484,39957,attack_window,20260508_212317_basic_enum_YrdGDI,20260508_212317_suid_exec_dns_vandalism_9o1sm3,recon,,,,,,,,,,,,
0.004129,recon/basic_enum,suid_exec,setresgid,privilege_transition,sshd,,/usr/sbin/sshd -D -R,,benign,,1778300596.485,39958,attack_window,20260508_212317_basic_enum_YrdGDI,20260508_212317_suid_exec_dns_vandalism_9o1sm3,recon,yes,0,/usr/sbin/sshd,,,0,0,1001,24042,21008,(none),119
0.004129,recon/basic_enum,suid_exec,setresuid,privilege_transition,sshd,,/usr/sbin/sshd -D -R,,benign,,1778300596.485,39959,attack_window,20260508_212317_basic_enum_YrdGDI,20260508_212317_suid_exec_dns_vandalism_9o1sm3,recon,yes,0,/usr/sbin/sshd,,,0,1001,1001,24042,21008,(none),119
0.004129,recon/basic_enum,suid_exec,setresuid,privilege_transition,sshd,,/usr/sbin/sshd -D -R,,benign,,1778300596.485,39960,attack_window,20260508_212317_basic_enum_YrdGDI,20260508_212317_suid_exec_dns_vandalism_9o1sm3,recon,yes,0,/usr/sbin/sshd,,,0,0,1001,24042,21008,(none),119
0.004129,recon/basic_enum,suid_exec,setresgid,privilege_transition,sshd,,/usr/sbin/sshd -D -R,,benign,,1778300596.485,39961,attack_window,20260508_212317_basic_enum_YrdGDI,20260508_212317_suid_exec_dns_vandalism_9o1sm3,recon,yes,0,/usr/sbin/sshd,,,0,0,1001,24042,21008,(none),119
0.119129,recon/basic_enum,suid_exec,execve,exec,sshd,/usr/sbin/sshd -D -R,/usr/sbin/sshd -D -R,/,benign,,1778300596.600,39962,attack_window,20260508_212317_basic_enum_YrdGDI,20260508_212317_suid_exec_dns_vandalism_9o1sm3,recon,yes,0,/usr/sbin/sshd,/usr/sbin/sshd,/usr/sbin/sshd|/lib64/ld-linux-x86-64.so.2,0,0,4294967295,24094,21008,(none),4294967295
0.122129,recon/basic_enum,suid_exec,connect,network_connect,sshd,,/usr/sbin/sshd -D -R,/,benign,,1778300596.603,39963,attack_window,20260508_212317_basic_enum_YrdGDI,20260508_212317_suid_exec_dns_vandalism_9o1sm3,recon,no,-2,/usr/sbin/sshd,/var/run/nscd/socket,/var/run/nscd/socket,0,0,4294967295,24094,21008,(none),4294967295
0.123129,recon/basic_enum,suid_exec,connect,network_connect,sshd,,/usr/sbin/sshd -D -R,,benign,,1778300596.604,39964,attack_window,20260508_212317_basic_enum_YrdGDI,20260508_212317_suid_exec_dns_vandalism_9o1sm3,recon,yes,0,/usr/sbin/sshd,,,0,0,4294967295,24094,21008,(none),4294967295
0.123129,recon/basic_enum,suid_exec,connect,network_connect,sshd,,/usr/sbin/sshd -D -R,,benign,,1778300596.604,39965,attack_window,20260508_212317_basic_enum_YrdGDI,20260508_212317_suid_exec_dns_vandalism_9o1sm3,recon,yes,0,/usr/sbin/sshd,,,0,0,4294967295,24094,21008,(none),4294967295
0.123129,recon/basic_enum,suid_exec,connect,network_connect,sshd,,/usr/sbin/sshd -D -R,,benign,,1778300596.604,39966,attack_window,20260508_212317_basic_enum_YrdGDI,20260508_212317_suid_exec_dns_vandalism_9o1sm3,recon,yes,0,/usr/sbin/sshd,,,0,0,4294967295,24094,21008,(none),4294967295
0.123129,recon/basic_enum,suid_exec,connect,network_connect,sshd,,/usr/sbin/sshd -D -R,/,benign,,1778300596.604,39967,attack_window,20260508_212317_basic_enum_YrdGDI,20260508_212317_suid_exec_dns_vandalism_9o1sm3,recon,no,-2,/usr/sbin/sshd,/var/run/nscd/socket,/var/run/nscd/socket,0,0,4294967295,24094,21008,(none),4294967295
0.123129,recon/basic_enum,suid_exec,connect,network_connect,sshd,,/usr/sbin/sshd -D -R,/,benign,,1778300596.604,39968,attack_window,20260508_212317_basic_enum_YrdGDI,20260508_212317_suid_exec_dns_vandalism_9o1sm3,recon,no,-2,/usr/sbin/sshd,/var/run/nscd/socket,/var/run/nscd/socket,0,0,4294967295,24094,21008,(none),4294967295
0.125129,recon/basic_enum,suid_exec,setresgid,privilege_transition,sshd,,sshd: [accepted],,benign,,1778300596.606,39969,attack_window,20260508_212317_basic_enum_YrdGDI,20260508_212317_suid_exec_dns_vandalism_9o1sm3,recon,yes,0,/usr/sbin/sshd,,,0,0,4294967295,24095,24094,(none),4294967295
0.125129,recon/basic_enum,suid_exec,setresuid,privilege_transition,sshd,,sshd: [accepted],,benign,,1778300596.606,39970,attack_window,20260508_212317_basic_enum_YrdGDI,20260508_212317_suid_exec_dns_vandalism_9o1sm3,recon,yes,0,/usr/sbin/sshd,,,109,109,4294967295,24095,24094,(none),4294967295
0.125129,recon/basic_enum,suid_exec,setgid,privilege_transition,sshd,,sshd: [accepted],,benign,,1778300596.606,39971,attack_window,20260508_212317_basic_enum_YrdGDI,20260508_212317_suid_exec_dns_vandalism_9o1sm3,recon,no,-1,/usr/sbin/sshd,,,109,109,4294967295,24095,24094,(none),4294967295
0.125129,recon/basic_enum,suid_exec,setresgid,privilege_transition,sshd,,sshd: [accepted],,benign,,1778300596.606,39972,attack_window,20260508_212317_basic_enum_YrdGDI,20260508_212317_suid_exec_dns_vandalism_9o1sm3,recon,no,-1,/usr/sbin/sshd,,,109,109,4294967295,24095,24094,(none),4294967295
0.126129,recon/basic_enum,suid_exec,setuid,privilege_transition,sshd,,sshd: [accepted],,benign,,1778300596.607,39973,attack_window,20260508_212317_basic_enum_YrdGDI,20260508_212317_suid_exec_dns_vandalism_9o1sm3,recon,no,-1,/usr/sbin/sshd,,,109,109,4294967295,24095,24094,(none),4294967295
0.126129,recon/basic_enum,suid_exec,setresuid,privilege_transition,sshd,,sshd: [accepted],,benign,,1778300596.607,39974,attack_window,20260508_212317_basic_enum_YrdGDI,20260508_212317_suid_exec_dns_vandalism_9o1sm3,recon,no,-1,/usr/sbin/sshd,,,109,109,4294967295,24095,24094,(none),4294967295
0.227129,recon/basic_enum,suid_exec,connect,network_connect,sshd,,/usr/sbin/sshd -D -R,/,benign,,1778300596.708,39975,attack_window,20260508_212317_basic_enum_YrdGDI,20260508_212317_suid_exec_dns_vandalism_9o1sm3,recon,no,-2,/usr/sbin/sshd,/var/run/nscd/socket,/var/run/nscd/socket,0,0,4294967295,24094,21008,(none),4294967295
0.227129,recon/basic_enum,suid_exec,connect,network_connect,sshd,,/usr/sbin/sshd -D -R,/,benign,,1778300596.708,39976,attack_window,20260508_212317_basic_enum_YrdGDI,20260508_212317_suid_exec_dns_vandalism_9o1sm3,recon,no,-2,/usr/sbin/sshd,/var/run/nscd/socket,/var/run/nscd/socket,0,0,4294967295,24094,21008,(none),4294967295
0.227129,recon/basic_enum,suid_exec,connect,network_connect,sshd,,/usr/sbin/sshd -D -R,/,benign,,1778300596.708,39977,attack_window,20260508_212317_basic_enum_YrdGDI,20260508_212317_suid_exec_dns_vandalism_9o1sm3,recon,yes,0,/usr/sbin/sshd,/run/systemd/userdb/io.systemd.DynamicUser,/run/systemd/userdb/io.systemd.DynamicUser,0,0,4294967295,24094,21008,(none),4294967295
0.228129,recon/basic_enum,suid_exec,setresgid,privilege_transition,sshd,,/usr/sbin/sshd -D -R,,benign,,1778300596.709,39978,attack_window,20260508_212317_basic_enum_YrdGDI,20260508_212317_suid_exec_dns_vandalism_9o1sm3,recon,yes,0,/usr/sbin/sshd,,,0,0,4294967295,24094,21008,(none),4294967295
0.228129,recon/basic_enum,suid_exec,setresuid,privilege_transition,sshd,,/usr/sbin/sshd -D -R,,benign,,1778300596.709,39979,attack_window,20260508_212317_basic_enum_YrdGDI,20260508_212317_suid_exec_dns_vandalism_9o1sm3,recon,yes,0,/usr/sbin/sshd,,,0,1001,4294967295,24094,21008,(none),4294967295
0.228129,recon/basic_enum,suid_exec,setresuid,privilege_transition,sshd,,/usr/sbin/sshd -D -R,,benign,,1778300596.709,39980,attack_window,20260508_212317_basic_enum_YrdGDI,20260508_212317_suid_exec_dns_vandalism_9o1sm3,recon,yes,0,/usr/sbin/sshd,,,0,0,4294967295,24094,21008,(none),4294967295
0.228129,recon/basic_enum,suid_exec,setresgid,privilege_transition,sshd,,/usr/sbin/sshd -D -R,,benign,,1778300596.709,39981,attack_window,20260508_212317_basic_enum_YrdGDI,20260508_212317_suid_exec_dns_vandalism_9o1sm3,recon,yes,0,/usr/sbin/sshd,,,0,0,4294967295,24094,21008,(none),4294967295
0.228129,recon/basic_enum,suid_exec,setresgid,privilege_transition,sshd,,/usr/sbin/sshd -D -R,,benign,,1778300596.709,39982,attack_window,20260508_212317_basic_enum_YrdGDI,20260508_212317_suid_exec_dns_vandalism_9o1sm3,recon,yes,0,/usr/sbin/sshd,,,0,0,4294967295,24094,21008,(none),4294967295
0.228129,recon/basic_enum,suid_exec,setresuid,privilege_transition,sshd,,/usr/sbin/sshd -D -R,,benign,,1778300596.709,39983,attack_window,20260508_212317_basic_enum_YrdGDI,20260508_212317_suid_exec_dns_vandalism_9o1sm3,recon,yes,0,/usr/sbin/sshd,,,0,1001,4294967295,24094,21008,(none),4294967295
0.228129,recon/basic_enum,suid_exec,connect,network_connect,sshd,,/usr/sbin/sshd -D -R,/,benign,,1778300596.709,39984,attack_window,20260508_212317_basic_enum_YrdGDI,20260508_212317_suid_exec_dns_vandalism_9o1sm3,recon,yes,0,/usr/sbin/sshd,/dev/log,/dev/log,0,1001,4294967295,24094,21008,(none),4294967295
0.228129,recon/basic_enum,suid_exec,setresuid,privilege_transition,sshd,,/usr/sbin/sshd -D -R,,benign,,1778300596.709,39985,attack_window,20260508_212317_basic_enum_YrdGDI,20260508_212317_suid_exec_dns_vandalism_9o1sm3,recon,yes,0,/usr/sbin/sshd,,,0,0,4294967295,24094,21008,(none),4294967295
0.228129,recon/basic_enum,suid_exec,setresgid,privilege_transition,sshd,,/usr/sbin/sshd -D -R,,benign,,1778300596.709,39986,attack_window,20260508_212317_basic_enum_YrdGDI,20260508_212317_suid_exec_dns_vandalism_9o1sm3,recon,yes,0,/usr/sbin/sshd,,,0,0,4294967295,24094,21008,(none),4294967295
0.228129,recon/basic_enum,suid_exec,,,,,,,ambiguous,,1778300596.709,39987,attack_window,20260508_212317_basic_enum_YrdGDI,20260508_212317_suid_exec_dns_vandalism_9o1sm3,recon,,,,,,,,,,,,
0.234129,recon/basic_enum,suid_exec,setresgid,privilege_transition,sshd,,/usr/sbin/sshd -D -R,,benign,,1778300596.715,39988,attack_window,20260508_212317_basic_enum_YrdGDI,20260508_212317_suid_exec_dns_vandalism_9o1sm3,recon,yes,0,/usr/sbin/sshd,,,0,0,4294967295,24094,21008,(none),4294967295
0.234129,recon/basic_enum,suid_exec,setresuid,privilege_transition,sshd,,/usr/sbin/sshd -D -R,,benign,,1778300596.715,39989,attack_window,20260508_212317_basic_enum_YrdGDI,20260508_212317_suid_exec_dns_vandalism_9o1sm3,recon,yes,0,/usr/sbin/sshd,,,0,1001,4294967295,24094,21008,(none),4294967295
0.234129,recon/basic_enum,suid_exec,setresuid,privilege_transition,sshd,,/usr/sbin/sshd -D -R,,benign,,1778300596.715,39990,attack_window,20260508_212317_basic_enum_YrdGDI,20260508_212317_suid_exec_dns_vandalism_9o1sm3,recon,yes,0,/usr/sbin/sshd,,,0,0,4294967295,24094,21008,(none),4294967295
0.234129,recon/basic_enum,suid_exec,setresgid,privilege_transition,sshd,,/usr/sbin/sshd -D -R,,benign,,1778300596.715,39991,attack_window,20260508_212317_basic_enum_YrdGDI,20260508_212317_suid_exec_dns_vandalism_9o1sm3,recon,yes,0,/usr/sbin/sshd,,,0,0,4294967295,24094,21008,(none),4294967295
0.234129,recon/basic_enum,suid_exec,setresgid,privilege_transition,sshd,,/usr/sbin/sshd -D -R,,benign,,1778300596.715,39992,attack_window,20260508_212317_basic_enum_YrdGDI,20260508_212317_suid_exec_dns_vandalism_9o1sm3,recon,yes,0,/usr/sbin/sshd,,,0,0,4294967295,24094,21008,(none),4294967295
0.234129,recon/basic_enum,suid_exec,setresuid,privilege_transition,sshd,,/usr/sbin/sshd -D -R,,benign,,1778300596.715,39993,attack_window,20260508_212317_basic_enum_YrdGDI,20260508_212317_suid_exec_dns_vandalism_9o1sm3,recon,yes,0,/usr/sbin/sshd,,,0,1001,4294967295,24094,21008,(none),4294967295
0.234129,recon/basic_enum,suid_exec,connect,network_connect,sshd,,/usr/sbin/sshd -D -R,/,benign,,1778300596.715,39994,attack_window,20260508_212317_basic_enum_YrdGDI,20260508_212317_suid_exec_dns_vandalism_9o1sm3,recon,yes,0,/usr/sbin/sshd,/dev/log,/dev/log,0,1001,4294967295,24094,21008,(none),4294967295
0.234129,recon/basic_enum,suid_exec,setresuid,privilege_transition,sshd,,/usr/sbin/sshd -D -R,,benign,,1778300596.715,39995,attack_window,20260508_212317_basic_enum_YrdGDI,20260508_212317_suid_exec_dns_vandalism_9o1sm3,recon,yes,0,/usr/sbin/sshd,,,0,0,4294967295,24094,21008,(none),4294967295
0.234129,recon/basic_enum,suid_exec,setresgid,privilege_transition,sshd,,/usr/sbin/sshd -D -R,,benign,,1778300596.715,39996,attack_window,20260508_212317_basic_enum_YrdGDI,20260508_212317_suid_exec_dns_vandalism_9o1sm3,recon,yes,0,/usr/sbin/sshd,,,0,0,4294967295,24094,21008,(none),4294967295
0.234129,recon/basic_enum,suid_exec,,,,,,,ambiguous,,1778300596.715,39997,attack_window,20260508_212317_basic_enum_YrdGDI,20260508_212317_suid_exec_dns_vandalism_9o1sm3,recon,,,,,,,,,,,,
0.260129,recon/basic_enum,suid_exec,connect,network_connect,sshd,,/usr/sbin/sshd -D -R,/,benign,,1778300596.741,39998,attack_window,20260508_212317_basic_enum_YrdGDI,20260508_212317_suid_exec_dns_vandalism_9o1sm3,recon,yes,0,/usr/sbin/sshd,/run/systemd/userdb/io.systemd.DynamicUser,/run/systemd/userdb/io.systemd.DynamicUser,0,0,4294967295,24094,21008,(none),4294967295
0.261129,recon/basic_enum,suid_exec,,,,,,,ambiguous,,1778300596.742,39999,attack_window,20260508_212317_basic_enum_YrdGDI,20260508_212317_suid_exec_dns_vandalism_9o1sm3,recon,,,,,,,,,,,,
0.266129,recon/basic_enum,suid_exec,,,,,,,ambiguous,,1778300596.747,40000,attack_window,20260508_212317_basic_enum_YrdGDI,20260508_212317_suid_exec_dns_vandalism_9o1sm3,recon,,,,,,,,,,,,
0.267129,recon/basic_enum,suid_exec,connect,network_connect,sshd,,/usr/sbin/sshd -D -R,/,benign,,1778300596.748,40001,attack_window,20260508_212317_basic_enum_YrdGDI,20260508_212317_suid_exec_dns_vandalism_9o1sm3,recon,yes,0,/usr/sbin/sshd,/dev/log,/dev/log,0,0,4294967295,24094,21008,(none),4294967295
0.267129,recon/basic_enum,suid_exec,connect,network_connect,sshd,,/usr/sbin/sshd -D -R,/,benign,,1778300596.748,40002,attack_window,20260508_212317_basic_enum_YrdGDI,20260508_212317_suid_exec_dns_vandalism_9o1sm3,recon,yes,0,/usr/sbin/sshd,/run/systemd/userdb/io.systemd.DynamicUser,/run/systemd/userdb/io.systemd.DynamicUser,0,0,4294967295,24094,21008,(none),4294967295
0.267129,recon/basic_enum,suid_exec,126,privilege_transition,sshd,,/usr/sbin/sshd -D -R,,benign,,1778300596.748,40003,attack_window,20260508_212317_basic_enum_YrdGDI,20260508_212317_suid_exec_dns_vandalism_9o1sm3,recon,yes,0,/usr/sbin/sshd,,,0,0,4294967295,24094,21008,(none),4294967295
0.267129,recon/basic_enum,suid_exec,,,,,,,ambiguous,,1778300596.748,40004,attack_window,20260508_212317_basic_enum_YrdGDI,20260508_212317_suid_exec_dns_vandalism_9o1sm3,recon,,,,,,,,,,,,
0.267129,recon/basic_enum,suid_exec,77,file_destroy,sshd,,/usr/sbin/sshd -D -R,,benign,,1778300596.748,40005,attack_window,20260508_212317_basic_enum_YrdGDI,20260508_212317_suid_exec_dns_vandalism_9o1sm3,recon,yes,0,/usr/sbin/sshd,,,0,0,4294967295,24094,21008,(none),4294967295
0.267129,recon/basic_enum,suid_exec,write,(null),sshd,,/usr/sbin/sshd -D -R,,benign,,1778300596.748,40006,attack_window,20260508_212317_basic_enum_YrdGDI,20260508_212317_suid_exec_dns_vandalism_9o1sm3,recon,yes,4,/usr/sbin/sshd,,,0,0,1001,24094,21008,(none),120
0.267129,recon/basic_enum,suid_exec,114,privilege_transition,sshd,,/usr/sbin/sshd -D -R,,benign,,1778300596.748,40007,attack_window,20260508_212317_basic_enum_YrdGDI,20260508_212317_suid_exec_dns_vandalism_9o1sm3,recon,yes,0,/usr/sbin/sshd,,,0,0,1001,24094,21008,(none),120
0.267129,recon/basic_enum,suid_exec,113,privilege_transition,sshd,,/usr/sbin/sshd -D -R,,benign,,1778300596.748,40008,attack_window,20260508_212317_basic_enum_YrdGDI,20260508_212317_suid_exec_dns_vandalism_9o1sm3,recon,yes,0,/usr/sbin/sshd,,,1001,0,1001,24094,21008,(none),120
0.267129,recon/basic_enum,suid_exec,113,privilege_transition,sshd,,/usr/sbin/sshd -D -R,,benign,,1778300596.748,40009,attack_window,20260508_212317_basic_enum_YrdGDI,20260508_212317_suid_exec_dns_vandalism_9o1sm3,recon,yes,0,/usr/sbin/sshd,,,0,0,1001,24094,21008,(none),120
0.267129,recon/basic_enum,suid_exec,114,privilege_transition,sshd,,/usr/sbin/sshd -D -R,,benign,,1778300596.748,40010,attack_window,20260508_212317_basic_enum_YrdGDI,20260508_212317_suid_exec_dns_vandalism_9o1sm3,recon,yes,0,/usr/sbin/sshd,,,0,0,1001,24094,21008,(none),120
0.268129,recon/basic_enum,suid_exec,connect,network_connect,sshd,,/usr/sbin/sshd -D -R,/,benign,,1778300596.749,40011,attack_window,20260508_212317_basic_enum_YrdGDI,20260508_212317_suid_exec_dns_vandalism_9o1sm3,recon,yes,0,/usr/sbin/sshd,/dev/log,/dev/log,0,0,1001,24094,21008,(none),120
0.268129,recon/basic_enum,suid_exec,connect,network_connect,sshd,,/usr/sbin/sshd -D -R,/,benign,,1778300596.749,40012,attack_window,20260508_212317_basic_enum_YrdGDI,20260508_212317_suid_exec_dns_vandalism_9o1sm3,recon,no,-2,/usr/sbin/sshd,/run/systemd/userdb/io.systemd.Multiplexer,/run/systemd/userdb/io.systemd.Multiplexer,0,0,1001,24094,21008,(none),120
0.268129,recon/basic_enum,suid_exec,connect,network_connect,sshd,,/usr/sbin/sshd -D -R,/,benign,,1778300596.749,40013,attack_window,20260508_212317_basic_enum_YrdGDI,20260508_212317_suid_exec_dns_vandalism_9o1sm3,recon,yes,0,/usr/sbin/sshd,/run/systemd/userdb/io.systemd.DynamicUser,/run/systemd/userdb/io.systemd.DynamicUser,0,0,1001,24094,21008,(none),120
0.268129,recon/basic_enum,suid_exec,connect,network_connect,sshd,,/usr/sbin/sshd -D -R,/,benign,,1778300596.749,40014,attack_window,20260508_212317_basic_enum_YrdGDI,20260508_212317_suid_exec_dns_vandalism_9o1sm3,recon,yes,0,/usr/sbin/sshd,/run/dbus/system_bus_socket,/run/dbus/system_bus_socket,0,0,1001,24094,21008,(none),120
0.275129,recon/basic_enum,suid_exec,execve,exec,sh,sh -c -- /usr/bin/env -i PATH=/usr/local/sbin:/usr/local/bin:/usr/sbin:/usr/bin:/sbin:/bin run-parts --lsbsysinit /etc/update-motd.d > /run/motd.dynamic.new,sh -c -- /usr/bin/env -i PATH=/usr/local/sbin:/usr/local/bin:/usr/sbin:/usr/bin:/sbin:/bin run-parts --lsbsysinit /etc/update-mo,/,benign,,1778300596.756,40015,attack_window,20260508_212317_basic_enum_YrdGDI,20260508_212317_suid_exec_dns_vandalism_9o1sm3,recon,yes,0,/usr/bin/dash,/bin/sh,/bin/sh|/lib64/ld-linux-x86-64.so.2,0,0,1001,24096,24094,(none),120
0.277129,recon/basic_enum,suid_exec,execve,exec,env,/usr/bin/env -i PATH=/usr/local/sbin:/usr/local/bin:/usr/sbin:/usr/bin:/sbin:/bin run-parts --lsbsysinit /etc/update-motd.d,/usr/bin/env -i PATH=/usr/local/sbin:/usr/local/bin:/usr/sbin:/usr/bin:/sbin:/bin run-parts --lsbsysinit /etc/update-motd.d,/,benign,,1778300596.758,40016,attack_window,20260508_212317_basic_enum_YrdGDI,20260508_212317_suid_exec_dns_vandalism_9o1sm3,recon,yes,0,/usr/bin/env,/usr/bin/env,/usr/bin/env|/lib64/ld-linux-x86-64.so.2,0,0,1001,24097,24096,(none),120
0.277129,recon/basic_enum,suid_exec,execve,exec,env,,/usr/bin/env -i PATH=/usr/local/sbin:/usr/local/bin:/usr/sbin:/usr/bin:/sbin:/bin run-parts --lsbsysinit /etc/update-motd.d,/,benign,,1778300596.758,40017,attack_window,20260508_212317_basic_enum_YrdGDI,20260508_212317_suid_exec_dns_vandalism_9o1sm3,recon,no,-2,/usr/bin/env,/usr/local/sbin/run-parts,/usr/local/sbin/run-parts,0,0,1001,24097,24096,(none),120
0.278129,recon/basic_enum,suid_exec,execve,exec,env,,/usr/bin/env -i PATH=/usr/local/sbin:/usr/local/bin:/usr/sbin:/usr/bin:/sbin:/bin run-parts --lsbsysinit /etc/update-motd.d,/,benign,,1778300596.759,40018,attack_window,20260508_212317_basic_enum_YrdGDI,20260508_212317_suid_exec_dns_vandalism_9o1sm3,recon,no,-2,/usr/bin/env,/usr/local/bin/run-parts,/usr/local/bin/run-parts,0,0,1001,24097,24096,(none),120
0.278129,recon/basic_enum,suid_exec,execve,exec,env,,/usr/bin/env -i PATH=/usr/local/sbin:/usr/local/bin:/usr/sbin:/usr/bin:/sbin:/bin run-parts --lsbsysinit /etc/update-motd.d,/,benign,,1778300596.759,40019,attack_window,20260508_212317_basic_enum_YrdGDI,20260508_212317_suid_exec_dns_vandalism_9o1sm3,recon,no,-2,/usr/bin/env,/usr/sbin/run-parts,/usr/sbin/run-parts,0,0,1001,24097,24096,(none),120
0.278129,recon/basic_enum,suid_exec,execve,exec,run-parts,run-parts --lsbsysinit /etc/update-motd.d,/usr/bin/env -i PATH=/usr/local/sbin:/usr/local/bin:/usr/sbin:/usr/bin:/sbin:/bin run-parts --lsbsysinit /etc/update-motd.d,/,benign,,1778300596.759,40020,attack_window,20260508_212317_basic_enum_YrdGDI,20260508_212317_suid_exec_dns_vandalism_9o1sm3,recon,yes,0,/usr/bin/run-parts,/usr/bin/run-parts,/usr/bin/run-parts|/lib64/ld-linux-x86-64.so.2,0,0,1001,24097,24096,(none),120
0.280129,recon/basic_enum,suid_exec,execve,exec,00-header,/bin/sh /etc/update-motd.d/00-header,/bin/sh /etc/update-motd.d/00-header,/,benign,,1778300596.761,40021,attack_window,20260508_212317_basic_enum_YrdGDI,20260508_212317_suid_exec_dns_vandalism_9o1sm3,recon,yes,0,/usr/bin/dash,/etc/update-motd.d/00-header,/etc/update-motd.d/00-header|/bin/sh|/lib64/ld-linux-x86-64.so.2,0,0,1001,24098,24097,(none),120
0.281129,recon/basic_enum,suid_exec,execve,exec,uname,uname -o,uname -o,/,benign,,1778300596.762,40022,attack_window,20260508_212317_basic_enum_YrdGDI,20260508_212317_suid_exec_dns_vandalism_9o1sm3,recon,yes,0,/usr/bin/uname,/usr/bin/uname,/usr/bin/uname|/lib64/ld-linux-x86-64.so.2,0,0,1001,24099,24098,(none),120
0.283129,recon/basic_enum,suid_exec,execve,exec,uname,uname -r,uname -r,/,benign,,1778300596.764,40023,attack_window,20260508_212317_basic_enum_YrdGDI,20260508_212317_suid_exec_dns_vandalism_9o1sm3,recon,yes,0,/usr/bin/uname,/usr/bin/uname,/usr/bin/uname|/lib64/ld-linux-x86-64.so.2,0,0,1001,24100,24098,(none),120
0.284129,recon/basic_enum,suid_exec,execve,exec,uname,uname -m,uname -m,/,benign,,1778300596.765,40024,attack_window,20260508_212317_basic_enum_YrdGDI,20260508_212317_suid_exec_dns_vandalism_9o1sm3,recon,yes,0,/usr/bin/uname,/usr/bin/uname,/usr/bin/uname|/lib64/ld-linux-x86-64.so.2,0,0,1001,24101,24098,(none),120
0.285129,recon/basic_enum,suid_exec,execve,exec,10-help-text,/bin/sh /etc/update-motd.d/10-help-text,/bin/sh /etc/update-motd.d/10-help-text,/,benign,,1778300596.766,40025,attack_window,20260508_212317_basic_enum_YrdGDI,20260508_212317_suid_exec_dns_vandalism_9o1sm3,recon,yes,0,/usr/bin/dash,/etc/update-motd.d/10-help-text,/etc/update-motd.d/10-help-text|/bin/sh|/lib64/ld-linux-x86-64.so.2,0,0,1001,24102,24097,(none),120
0.289129,recon/basic_enum,suid_exec,execve,exec,50-landscape-sy,/bin/sh /etc/update-motd.d/50-landscape-sysinfo,/bin/sh /etc/update-motd.d/50-landscape-sysinfo,/,benign,,1778300596.770,40026,attack_window,20260508_212317_basic_enum_YrdGDI,20260508_212317_suid_exec_dns_vandalism_9o1sm3,recon,yes,0,/usr/bin/dash,/etc/update-motd.d/50-landscape-sysinfo,/etc/update-motd.d/50-landscape-sysinfo|/bin/sh|/lib64/ld-linux-x86-64.so.2,0,0,1001,24103,24097,(none),120
0.290129,recon/basic_enum,suid_exec,execve,exec,find,find /var/lib/landscape/landscape-sysinfo.cache -newermt now-1 minutes,find /var/lib/landscape/landscape-sysinfo.cache -newermt now-1 minutes,/,benign,,1778300596.771,40027,attack_window,20260508_212317_basic_enum_YrdGDI,20260508_212317_suid_exec_dns_vandalism_9o1sm3,recon,yes,0,/usr/bin/find,/usr/bin/find,/usr/bin/find|/lib64/ld-linux-x86-64.so.2,0,0,1001,24104,24103,(none),120
0.291129,recon/basic_enum,suid_exec,execve,exec,cat,cat /var/lib/landscape/landscape-sysinfo.cache,cat /var/lib/landscape/landscape-sysinfo.cache,/,benign,,1778300596.772,40028,attack_window,20260508_212317_basic_enum_YrdGDI,20260508_212317_suid_exec_dns_vandalism_9o1sm3,recon,yes,0,/usr/bin/cat,/usr/bin/cat,/usr/bin/cat|/lib64/ld-linux-x86-64.so.2,0,0,1001,24105,24103,(none),120
0.294129,recon/basic_enum,suid_exec,execve,exec,50-motd-news,/bin/sh /etc/update-motd.d/50-motd-news,/bin/sh /etc/update-motd.d/50-motd-news,/,benign,,1778300596.775,40029,attack_window,20260508_212317_basic_enum_YrdGDI,20260508_212317_suid_exec_dns_vandalism_9o1sm3,recon,yes,0,/usr/bin/dash,/etc/update-motd.d/50-motd-news,/etc/update-motd.d/50-motd-news|/bin/sh|/lib64/ld-linux-x86-64.so.2,0,0,1001,24106,24097,(none),120
0.295129,recon/basic_enum,suid_exec,execve,exec,tr,tr -d \000-\011\013\014\016-\037,tr -d \000-\011\013\014\016-\037,/,benign,,1778300596.776,40030,attack_window,20260508_212317_basic_enum_YrdGDI,20260508_212317_suid_exec_dns_vandalism_9o1sm3,recon,yes,0,/usr/bin/tr,/usr/bin/tr,/usr/bin/tr|/lib64/ld-linux-x86-64.so.2,0,0,1001,24109,24106,(none),120
0.295129,recon/basic_enum,suid_exec,execve,exec,cat,cat /var/cache/motd-news,cat /var/cache/motd-news,/,benign,,1778300596.776,40031,attack_window,20260508_212317_basic_enum_YrdGDI,20260508_212317_suid_exec_dns_vandalism_9o1sm3,recon,yes,0,/usr/bin/cat,/usr/bin/cat,/usr/bin/cat|/lib64/ld-linux-x86-64.so.2,0,0,1001,24107,24106,(none),120
0.296129,recon/basic_enum,suid_exec,execve,exec,head,head -n 10,head -n 10,/,benign,,1778300596.777,40032,attack_window,20260508_212317_basic_enum_YrdGDI,20260508_212317_suid_exec_dns_vandalism_9o1sm3,recon,yes,0,/usr/bin/head,/usr/bin/head,/usr/bin/head|/lib64/ld-linux-x86-64.so.2,0,0,1001,24108,24106,(none),120
0.297129,recon/basic_enum,suid_exec,execve,exec,cut,cut -c -80,cut -c -80,/,benign,,1778300596.778,40033,attack_window,20260508_212317_basic_enum_YrdGDI,20260508_212317_suid_exec_dns_vandalism_9o1sm3,recon,yes,0,/usr/bin/cut,/usr/bin/cut,/usr/bin/cut|/lib64/ld-linux-x86-64.so.2,0,0,1001,24110,24106,(none),120
0.298129,recon/basic_enum,suid_exec,execve,exec,85-fwupd,/bin/sh /etc/update-motd.d/85-fwupd,/bin/sh /etc/update-motd.d/85-fwupd,/,benign,,1778300596.779,40034,attack_window,20260508_212317_basic_enum_YrdGDI,20260508_212317_suid_exec_dns_vandalism_9o1sm3,recon,yes,0,/usr/bin/dash,/etc/update-motd.d/85-fwupd,/etc/update-motd.d/85-fwupd|/bin/sh|/lib64/ld-linux-x86-64.so.2,0,0,1001,24111,24097,(none),120
0.299129,recon/basic_enum,suid_exec,execve,exec,cat,cat /run/motd.d/85-fwupd,cat /run/motd.d/85-fwupd,/,benign,,1778300596.780,40035,attack_window,20260508_212317_basic_enum_YrdGDI,20260508_212317_suid_exec_dns_vandalism_9o1sm3,recon,yes,0,/usr/bin/cat,/usr/bin/cat,/usr/bin/cat|/lib64/ld-linux-x86-64.so.2,0,0,1001,24112,24111,(none),120
0.301129,recon/basic_enum,suid_exec,execve,exec,90-updates-avai,/bin/sh /etc/update-motd.d/90-updates-available,/bin/sh /etc/update-motd.d/90-updates-available,/,benign,,1778300596.782,40036,attack_window,20260508_212317_basic_enum_YrdGDI,20260508_212317_suid_exec_dns_vandalism_9o1sm3,recon,yes,0,/usr/bin/dash,/etc/update-motd.d/90-updates-available,/etc/update-motd.d/90-updates-available|/bin/sh|/lib64/ld-linux-x86-64.so.2,0,0,1001,24113,24097,(none),120
0.301129,recon/basic_enum,suid_exec,execve,exec,cat,cat /var/lib/update-notifier/updates-available,cat /var/lib/update-notifier/updates-available,/,benign,,1778300596.782,40037,attack_window,20260508_212317_basic_enum_YrdGDI,20260508_212317_suid_exec_dns_vandalism_9o1sm3,recon,yes,0,/usr/bin/cat,/usr/bin/cat,/usr/bin/cat|/lib64/ld-linux-x86-64.so.2,0,0,1001,24114,24113,(none),120
0.303129,recon/basic_enum,suid_exec,execve,exec,find,find /var/lib/update-notifier/updates-available -newermt now-7 days,find /var/lib/update-notifier/updates-available -newermt now-7 days,/,benign,,1778300596.784,40038,attack_window,20260508_212317_basic_enum_YrdGDI,20260508_212317_suid_exec_dns_vandalism_9o1sm3,recon,yes,0,/usr/bin/find,/usr/bin/find,/usr/bin/find|/lib64/ld-linux-x86-64.so.2,0,0,1001,24115,24113,(none),120
0.304129,recon/basic_enum,suid_exec,execve,exec,grep,grep -q -m 1 .,grep -q -m 1 .,/,benign,,1778300596.785,40039,attack_window,20260508_212317_basic_enum_YrdGDI,20260508_212317_suid_exec_dns_vandalism_9o1sm3,recon,yes,0,/usr/bin/grep,/usr/bin/grep,/usr/bin/grep|/lib64/ld-linux-x86-64.so.2,0,0,1001,24116,24113,(none),120
0.305129,recon/basic_enum,suid_exec,execve,exec,91-contract-ua-,/bin/sh /etc/update-motd.d/91-contract-ua-esm-status,/bin/sh /etc/update-motd.d/91-contract-ua-esm-status,/,benign,,1778300596.786,40040,attack_window,20260508_212317_basic_enum_YrdGDI,20260508_212317_suid_exec_dns_vandalism_9o1sm3,recon,yes,0,/usr/bin/dash,/etc/update-motd.d/91-contract-ua-esm-status,/etc/update-motd.d/91-contract-ua-esm-status|/bin/sh|/lib64/ld-linux-x86-64.so.2,0,0,1001,24117,24097,(none),120
0.306129,recon/basic_enum,suid_exec,execve,exec,91-release-upgr,/bin/sh /etc/update-motd.d/91-release-upgrade,/bin/sh /etc/update-motd.d/91-release-upgrade,/,benign,,1778300596.787,40041,attack_window,20260508_212317_basic_enum_YrdGDI,20260508_212317_suid_exec_dns_vandalism_9o1sm3,recon,yes,0,/usr/bin/dash,/etc/update-motd.d/91-release-upgrade,/etc/update-motd.d/91-release-upgrade|/bin/sh|/lib64/ld-linux-x86-64.so.2,0,0,1001,24118,24097,(none),120
0.307129,recon/basic_enum,suid_exec,execve,exec,cut,cut -d -f4,cut -d -f4,/,benign,,1778300596.788,40042,attack_window,20260508_212317_basic_enum_YrdGDI,20260508_212317_suid_exec_dns_vandalism_9o1sm3,recon,yes,0,/usr/bin/cut,/usr/bin/cut,/usr/bin/cut|/lib64/ld-linux-x86-64.so.2,0,0,1001,24121,24119,(none),120
0.309129,recon/basic_enum,suid_exec,execve,exec,id,id -u,id -u,/,benign,,1778300596.790,40043,attack_window,20260508_212317_basic_enum_YrdGDI,20260508_212317_suid_exec_dns_vandalism_9o1sm3,recon,yes,0,/usr/bin/id,/usr/bin/id,/usr/bin/id|/lib64/ld-linux-x86-64.so.2,0,0,1001,24122,24118,(none),120
0.309129,recon/basic_enum,suid_exec,execve,exec,release-upgrade,/bin/sh -e /usr/lib/ubuntu-release-upgrader/release-upgrade-motd,/bin/sh /etc/update-motd.d/91-release-upgrade,/,benign,,1778300596.790,40044,attack_window,20260508_212317_basic_enum_YrdGDI,20260508_212317_suid_exec_dns_vandalism_9o1sm3,recon,yes,0,/usr/bin/dash,/usr/lib/ubuntu-release-upgrader/release-upgrade-motd,/usr/lib/ubuntu-release-upgrader/release-upgrade-motd|/bin/sh|/lib64/ld-linux-x86-64.so.2,0,0,1001,24118,24097,(none),120
0.310129,recon/basic_enum,suid_exec,execve,exec,date,date +%s,date +%s,/,benign,,1778300596.791,40045,attack_window,20260508_212317_basic_enum_YrdGDI,20260508_212317_suid_exec_dns_vandalism_9o1sm3,recon,yes,0,/usr/bin/date,/usr/bin/date,/usr/bin/date|/lib64/ld-linux-x86-64.so.2,0,0,1001,24123,24118,(none),120
0.311129,recon/basic_enum,suid_exec,execve,exec,stat,stat -c %Y /var/lib/ubuntu-release-upgrader/release-upgrade-available,stat -c %Y /var/lib/ubuntu-release-upgrader/release-upgrade-available,/,benign,,1778300596.792,40046,attack_window,20260508_212317_basic_enum_YrdGDI,20260508_212317_suid_exec_dns_vandalism_9o1sm3,recon,yes,0,/usr/bin/stat,/usr/bin/stat,/usr/bin/stat|/lib64/ld-linux-x86-64.so.2,0,0,1001,24124,24118,(none),120
0.312129,recon/basic_enum,suid_exec,execve,exec,expr,expr 1778282941 + 86400,expr 1778282941 + 86400,/,benign,,1778300596.793,40047,attack_window,20260508_212317_basic_enum_YrdGDI,20260508_212317_suid_exec_dns_vandalism_9o1sm3,recon,yes,0,/usr/bin/expr,/usr/bin/expr,/usr/bin/expr|/lib64/ld-linux-x86-64.so.2,0,0,1001,24125,24118,(none),120
0.313129,recon/basic_enum,suid_exec,execve,exec,92-unattended-u,/bin/sh /etc/update-motd.d/92-unattended-upgrades,/bin/sh /etc/update-motd.d/92-unattended-upgrades,/,benign,,1778300596.794,40048,attack_window,20260508_212317_basic_enum_YrdGDI,20260508_212317_suid_exec_dns_vandalism_9o1sm3,recon,yes,0,/usr/bin/dash,/etc/update-motd.d/92-unattended-upgrades,/etc/update-motd.d/92-unattended-upgrades|/bin/sh|/lib64/ld-linux-x86-64.so.2,0,0,1001,24126,24097,(none),120
0.314129,recon/basic_enum,suid_exec,execve,exec,update-motd-una,/bin/sh /usr/share/unattended-upgrades/update-motd-unattended-upgrades,/bin/sh /etc/update-motd.d/92-unattended-upgrades,/,benign,,1778300596.795,40049,attack_window,20260508_212317_basic_enum_YrdGDI,20260508_212317_suid_exec_dns_vandalism_9o1sm3,recon,yes,0,/usr/bin/dash,/usr/share/unattended-upgrades/update-motd-unattended-upgrades,/usr/share/unattended-upgrades/update-motd-unattended-upgrades|/bin/sh|/lib64/ld-linux-x86-64.so.2,0,0,1001,24126,24097,(none),120
0.315129,recon/basic_enum,suid_exec,execve,exec,95-hwe-eol,/bin/sh /etc/update-motd.d/95-hwe-eol,/bin/sh /etc/update-motd.d/95-hwe-eol,/,benign,,1778300596.796,40050,attack_window,20260508_212317_basic_enum_YrdGDI,20260508_212317_suid_exec_dns_vandalism_9o1sm3,recon,yes,0,/usr/bin/dash,/etc/update-motd.d/95-hwe-eol,/etc/update-motd.d/95-hwe-eol|/bin/sh|/lib64/ld-linux-x86-64.so.2,0,0,1001,24127,24097,(none),120
0.316129,recon/basic_enum,suid_exec,execve,exec,find,find /var/lib/update-notifier/hwe-eol -newermt now-1 days,find /var/lib/update-notifier/hwe-eol -newermt now-1 days,/,benign,,1778300596.797,40051,attack_window,20260508_212317_basic_enum_YrdGDI,20260508_212317_suid_exec_dns_vandalism_9o1sm3,recon,yes,0,/usr/bin/find,/usr/bin/find,/usr/bin/find|/lib64/ld-linux-x86-64.so.2,0,0,1001,24128,24127,(none),120
0.317129,recon/basic_enum,suid_exec,execve,exec,97-overlayroot,/bin/sh /etc/update-motd.d/97-overlayroot,/bin/sh /etc/update-motd.d/97-overlayroot,/,benign,,1778300596.798,40052,attack_window,20260508_212317_basic_enum_YrdGDI,20260508_212317_suid_exec_dns_vandalism_9o1sm3,recon,yes,0,/usr/bin/dash,/etc/update-motd.d/97-overlayroot,/etc/update-motd.d/97-overlayroot|/bin/sh|/lib64/ld-linux-x86-64.so.2,0,0,1001,24129,24097,(none),120
0.318129,recon/basic_enum,suid_exec,execve,exec,egrep,/bin/sh /usr/bin/egrep overlayroot|/media/root-ro|/media/root-rw /proc/mounts,/bin/sh /usr/bin/egrep overlayroot|/media/root-ro|/media/root-rw /proc/mounts,/,benign,,1778300596.799,40053,attack_window,20260508_212317_basic_enum_YrdGDI,20260508_212317_suid_exec_dns_vandalism_9o1sm3,recon,yes,0,/usr/bin/dash,/usr/bin/egrep,/usr/bin/egrep|/bin/sh|/lib64/ld-linux-x86-64.so.2,0,0,1001,24131,24130,(none),120
0.318129,recon/basic_enum,suid_exec,execve,exec,sort,sort -r,sort -r,/,benign,,1778300596.799,40058,attack_window,20260508_212317_basic_enum_YrdGDI,20260508_212317_suid_exec_dns_vandalism_9o1sm3,recon,yes,0,/usr/bin/sort,/usr/bin/sort,/usr/bin/sort|/lib64/ld-linux-x86-64.so.2,0,0,1001,24132,24130,(none),120
0.319129,recon/basic_enum,suid_exec,execve,exec,egrep,,/bin/sh /usr/bin/egrep overlayroot|/media/root-ro|/media/root-rw /proc/mounts,/,benign,,1778300596.800,40054,attack_window,20260508_212317_basic_enum_YrdGDI,20260508_212317_suid_exec_dns_vandalism_9o1sm3,recon,no,-2,/usr/bin/dash,/usr/local/sbin/grep,/usr/local/sbin/grep,0,0,1001,24131,24130,(none),120
0.319129,recon/basic_enum,suid_exec,execve,exec,egrep,,/bin/sh /usr/bin/egrep overlayroot|/media/root-ro|/media/root-rw /proc/mounts,/,benign,,1778300596.800,40055,attack_window,20260508_212317_basic_enum_YrdGDI,20260508_212317_suid_exec_dns_vandalism_9o1sm3,recon,no,-2,/usr/bin/dash,/usr/local/bin/grep,/usr/local/bin/grep,0,0,1001,24131,24130,(none),120
0.319129,recon/basic_enum,suid_exec,execve,exec,egrep,,/bin/sh /usr/bin/egrep overlayroot|/media/root-ro|/media/root-rw /proc/mounts,/,benign,,1778300596.800,40056,attack_window,20260508_212317_basic_enum_YrdGDI,20260508_212317_suid_exec_dns_vandalism_9o1sm3,recon,no,-2,/usr/bin/dash,/usr/sbin/grep,/usr/sbin/grep,0,0,1001,24131,24130,(none),120
0.319129,recon/basic_enum,suid_exec,execve,exec,grep,grep -E overlayroot|/media/root-ro|/media/root-rw /proc/mounts,/bin/sh /usr/bin/egrep overlayroot|/media/root-ro|/media/root-rw /proc/mounts,/,benign,,1778300596.800,40057,attack_window,20260508_212317_basic_enum_YrdGDI,20260508_212317_suid_exec_dns_vandalism_9o1sm3,recon,yes,0,/usr/bin/grep,/usr/bin/grep,/usr/bin/grep|/lib64/ld-linux-x86-64.so.2,0,0,1001,24131,24130,(none),120
0.322129,recon/basic_enum,suid_exec,execve,exec,98-fsck-at-rebo,/bin/sh /etc/update-motd.d/98-fsck-at-reboot,/bin/sh /etc/update-motd.d/98-fsck-at-reboot,/,benign,,1778300596.803,40059,attack_window,20260508_212317_basic_enum_YrdGDI,20260508_212317_suid_exec_dns_vandalism_9o1sm3,recon,yes,0,/usr/bin/dash,/etc/update-motd.d/98-fsck-at-reboot,/etc/update-motd.d/98-fsck-at-reboot|/bin/sh|/lib64/ld-linux-x86-64.so.2,0,0,1001,24133,24097,(none),120
0.323129,recon/basic_enum,suid_exec,execve,exec,update-motd-fsc,/bin/sh /usr/lib/update-notifier/update-motd-fsck-at-reboot,/bin/sh /etc/update-motd.d/98-fsck-at-reboot,/,benign,,1778300596.804,40060,attack_window,20260508_212317_basic_enum_YrdGDI,20260508_212317_suid_exec_dns_vandalism_9o1sm3,recon,yes,0,/usr/bin/dash,/usr/lib/update-notifier/update-motd-fsck-at-reboot,/usr/lib/update-notifier/update-motd-fsck-at-reboot|/bin/sh|/lib64/ld-linux-x86-64.so.2,0,0,1001,24133,24097,(none),120
0.324129,recon/basic_enum,suid_exec,execve,exec,id,id -u,id -u,/,benign,,1778300596.805,40061,attack_window,20260508_212317_basic_enum_YrdGDI,20260508_212317_suid_exec_dns_vandalism_9o1sm3,recon,yes,0,/usr/bin/id,/usr/bin/id,/usr/bin/id|/lib64/ld-linux-x86-64.so.2,0,0,1001,24134,24133,(none),120
0.325129,recon/basic_enum,suid_exec,execve,exec,stat,stat -c %Y /var/lib/update-notifier/fsck-at-reboot,stat -c %Y /var/lib/update-notifier/fsck-at-reboot,/,benign,,1778300596.806,40062,attack_window,20260508_212317_basic_enum_YrdGDI,20260508_212317_suid_exec_dns_vandalism_9o1sm3,recon,yes,0,/usr/bin/stat,/usr/bin/stat,/usr/bin/stat|/lib64/ld-linux-x86-64.so.2,0,0,1001,24135,24133,(none),120
0.326129,recon/basic_enum,suid_exec,execve,exec,awk,awk {print $1} /proc/uptime,awk {print $1} /proc/uptime,/,benign,,1778300596.807,40063,attack_window,20260508_212317_basic_enum_YrdGDI,20260508_212317_suid_exec_dns_vandalism_9o1sm3,recon,yes,0,/usr/bin/gawk,/usr/bin/awk,/usr/bin/awk|/lib64/ld-linux-x86-64.so.2,0,0,1001,24137,24136,(none),120
0.327129,recon/basic_enum,suid_exec,execve,exec,date,date -d now - 2843.16 seconds +%s,date -d now - 2843.16 seconds +%s,/,benign,,1778300596.808,40064,attack_window,20260508_212317_basic_enum_YrdGDI,20260508_212317_suid_exec_dns_vandalism_9o1sm3,recon,yes,0,/usr/bin/date,/usr/bin/date,/usr/bin/date|/lib64/ld-linux-x86-64.so.2,0,0,1001,24136,24133,(none),120
0.328129,recon/basic_enum,suid_exec,execve,exec,date,date +%s,date +%s,/,benign,,1778300596.809,40065,attack_window,20260508_212317_basic_enum_YrdGDI,20260508_212317_suid_exec_dns_vandalism_9o1sm3,recon,yes,0,/usr/bin/date,/usr/bin/date,/usr/bin/date|/lib64/ld-linux-x86-64.so.2,0,0,1001,24138,24133,(none),120
0.329129,recon/basic_enum,suid_exec,execve,exec,cat,cat /var/lib/update-notifier/fsck-at-reboot,cat /var/lib/update-notifier/fsck-at-reboot,/,benign,,1778300596.810,40066,attack_window,20260508_212317_basic_enum_YrdGDI,20260508_212317_suid_exec_dns_vandalism_9o1sm3,recon,yes,0,/usr/bin/cat,/usr/bin/cat,/usr/bin/cat|/lib64/ld-linux-x86-64.so.2,0,0,1001,24139,24133,(none),120
0.330129,recon/basic_enum,suid_exec,execve,exec,98-reboot-requi,/bin/sh /etc/update-motd.d/98-reboot-required,/bin/sh /etc/update-motd.d/98-reboot-required,/,benign,,1778300596.811,40067,attack_window,20260508_212317_basic_enum_YrdGDI,20260508_212317_suid_exec_dns_vandalism_9o1sm3,recon,yes,0,/usr/bin/dash,/etc/update-motd.d/98-reboot-required,/etc/update-motd.d/98-reboot-required|/bin/sh|/lib64/ld-linux-x86-64.so.2,0,0,1001,24140,24097,(none),120
0.331129,recon/basic_enum,suid_exec,execve,exec,update-motd-reb,/bin/sh -e /usr/lib/update-notifier/update-motd-reboot-required,/bin/sh /etc/update-motd.d/98-reboot-required,/,benign,,1778300596.812,40068,attack_window,20260508_212317_basic_enum_YrdGDI,20260508_212317_suid_exec_dns_vandalism_9o1sm3,recon,yes,0,/usr/bin/dash,/usr/lib/update-notifier/update-motd-reboot-required,/usr/lib/update-notifier/update-motd-reboot-required|/bin/sh|/lib64/ld-linux-x86-64.so.2,0,0,1001,24140,24097,(none),120
0.332129,recon/basic_enum,suid_exec,rename,file_destroy,sshd,,/usr/sbin/sshd -D -R,/,benign,,1778300596.813,40069,attack_window,20260508_212317_basic_enum_YrdGDI,20260508_212317_suid_exec_dns_vandalism_9o1sm3,recon,yes,0,/usr/sbin/sshd,/run/,/run/|/run/motd.dynamic.new|/run/motd.dynamic,0,0,1001,24094,21008,(none),120
0.334129,recon/basic_enum,suid_exec,connect,network_connect,sshd,,/usr/sbin/sshd -D -R,/,benign,,1778300596.815,40070,attack_window,20260508_212317_basic_enum_YrdGDI,20260508_212317_suid_exec_dns_vandalism_9o1sm3,recon,yes,0,/usr/sbin/sshd,/run/systemd/userdb/io.systemd.DynamicUser,/run/systemd/userdb/io.systemd.DynamicUser,0,0,1001,24094,21008,(none),120
0.334129,recon/basic_enum,suid_exec,connect,network_connect,sshd,,/usr/sbin/sshd -D -R,/,benign,,1778300596.815,40071,attack_window,20260508_212317_basic_enum_YrdGDI,20260508_212317_suid_exec_dns_vandalism_9o1sm3,recon,yes,0,/usr/sbin/sshd,/run/systemd/userdb/io.systemd.DynamicUser,/run/systemd/userdb/io.systemd.DynamicUser,0,0,1001,24094,21008,(none),120
0.335129,recon/basic_enum,suid_exec,connect,network_connect,sshd,,/usr/sbin/sshd -D -R,/,benign,,1778300596.816,40072,attack_window,20260508_212317_basic_enum_YrdGDI,20260508_212317_suid_exec_dns_vandalism_9o1sm3,recon,yes,0,/usr/sbin/sshd,/run/systemd/userdb/io.systemd.DynamicUser,/run/systemd/userdb/io.systemd.DynamicUser,0,0,1001,24094,21008,(none),120
0.335129,recon/basic_enum,suid_exec,connect,network_connect,sshd,,/usr/sbin/sshd -D -R,/,benign,,1778300596.816,40073,attack_window,20260508_212317_basic_enum_YrdGDI,20260508_212317_suid_exec_dns_vandalism_9o1sm3,recon,yes,0,/usr/sbin/sshd,/run/systemd/userdb/io.systemd.DynamicUser,/run/systemd/userdb/io.systemd.DynamicUser,0,0,1001,24094,21008,(none),120
0.335129,recon/basic_enum,suid_exec,connect,network_connect,sshd,,/usr/sbin/sshd -D -R,/,benign,,1778300596.816,40074,attack_window,20260508_212317_basic_enum_YrdGDI,20260508_212317_suid_exec_dns_vandalism_9o1sm3,recon,yes,0,/usr/sbin/sshd,/run/systemd/userdb/io.systemd.DynamicUser,/run/systemd/userdb/io.systemd.DynamicUser,0,0,1001,24094,21008,(none),120
0.335129,recon/basic_enum,suid_exec,,,,,,,ambiguous,,1778300596.816,40075,attack_window,20260508_212317_basic_enum_YrdGDI,20260508_212317_suid_exec_dns_vandalism_9o1sm3,recon,,,,,,,,,,,,
0.336129,recon/basic_enum,suid_exec,setgid,privilege_transition,sshd,,sshd: deploy-rkejw [priv],,benign,,1778300596.817,40076,attack_window,20260508_212317_basic_enum_YrdGDI,20260508_212317_suid_exec_dns_vandalism_9o1sm3,recon,yes,0,/usr/sbin/sshd,,,0,0,1001,24141,24094,(none),120
0.336129,recon/basic_enum,suid_exec,connect,network_connect,sshd,,sshd: deploy-rkejw [priv],/,benign,,1778300596.817,40077,attack_window,20260508_212317_basic_enum_YrdGDI,20260508_212317_suid_exec_dns_vandalism_9o1sm3,recon,yes,0,/usr/sbin/sshd,/run/systemd/userdb/io.systemd.DynamicUser,/run/systemd/userdb/io.systemd.DynamicUser,0,0,1001,24141,24094,(none),120
0.336129,recon/basic_enum,suid_exec,connect,network_connect,sshd,,sshd: deploy-rkejw [priv],/,benign,,1778300596.817,40078,attack_window,20260508_212317_basic_enum_YrdGDI,20260508_212317_suid_exec_dns_vandalism_9o1sm3,recon,yes,0,/usr/sbin/sshd,/run/systemd/userdb/io.systemd.DynamicUser,/run/systemd/userdb/io.systemd.DynamicUser,0,0,1001,24141,24094,(none),120
0.336129,recon/basic_enum,suid_exec,126,privilege_transition,sshd,,sshd: deploy-rkejw [priv],,benign,,1778300596.817,40079,attack_window,20260508_212317_basic_enum_YrdGDI,20260508_212317_suid_exec_dns_vandalism_9o1sm3,recon,yes,0,/usr/sbin/sshd,,,0,0,1001,24141,24094,(none),120
0.336129,recon/basic_enum,suid_exec,,,,,,,ambiguous,,1778300596.817,40080,attack_window,20260508_212317_basic_enum_YrdGDI,20260508_212317_suid_exec_dns_vandalism_9o1sm3,recon,,,,,,,,,,,,
0.336129,recon/basic_enum,suid_exec,setresgid,privilege_transition,sshd,,sshd: deploy-rkejw [priv],,benign,,1778300596.817,40081,attack_window,20260508_212317_basic_enum_YrdGDI,20260508_212317_suid_exec_dns_vandalism_9o1sm3,recon,yes,0,/usr/sbin/sshd,,,0,0,1001,24141,24094,(none),120
0.336129,recon/basic_enum,suid_exec,setresuid,privilege_transition,sshd,,sshd: deploy-rkejw [priv],,benign,,1778300596.817,40082,attack_window,20260508_212317_basic_enum_YrdGDI,20260508_212317_suid_exec_dns_vandalism_9o1sm3,recon,yes,0,/usr/sbin/sshd,,,1001,1001,1001,24141,24094,(none),120
0.336129,recon/basic_enum,suid_exec,setuid,privilege_transition,sshd,,sshd: deploy-rkejw [priv],,benign,,1778300596.817,40083,attack_window,20260508_212317_basic_enum_YrdGDI,20260508_212317_suid_exec_dns_vandalism_9o1sm3,recon,no,-1,/usr/sbin/sshd,,,1001,1001,1001,24141,24094,(none),120
0.336129,recon/basic_enum,suid_exec,setresuid,privilege_transition,sshd,,sshd: deploy-rkejw [priv],,benign,,1778300596.817,40084,attack_window,20260508_212317_basic_enum_YrdGDI,20260508_212317_suid_exec_dns_vandalism_9o1sm3,recon,no,-1,/usr/sbin/sshd,,,1001,1001,1001,24141,24094,(none),120
0.387129,recon/basic_enum,suid_exec,execve,shell_exec,bash,bash -c mkdir -p /dev/shm/aegis_20260508_212317_basic_enum_YrdGDI,bash -c mkdir -p /dev/shm/aegis_20260508_212317_basic_enum_YrdGDI,/home/deploy-rkejw,benign,,1778300596.868,40085,attack_window,20260508_212317_basic_enum_YrdGDI,20260508_212317_suid_exec_dns_vandalism_9o1sm3,recon,yes,0,/usr/bin/bash,/bin/bash,/bin/bash|/lib64/ld-linux-x86-64.so.2,1001,1001,1001,24142,24141,(none),120
0.388129,recon/basic_enum,suid_exec,execve,exec,mkdir,mkdir -p /dev/shm/aegis_20260508_212317_basic_enum_YrdGDI,bash -c mkdir -p /dev/shm/aegis_20260508_212317_basic_enum_YrdGDI,/home/deploy-rkejw,benign,,1778300596.869,40086,attack_window,20260508_212317_basic_enum_YrdGDI,20260508_212317_suid_exec_dns_vandalism_9o1sm3,recon,yes,0,/usr/bin/mkdir,/usr/bin/mkdir,/usr/bin/mkdir|/lib64/ld-linux-x86-64.so.2,1001,1001,1001,24142,24141,(none),120
0.389129,recon/basic_enum,suid_exec,mkdir,tmp_activity,mkdir,,bash -c mkdir -p /dev/shm/aegis_20260508_212317_basic_enum_YrdGDI,/dev/shm,benign,,1778300596.870,40087,attack_window,20260508_212317_basic_enum_YrdGDI,20260508_212317_suid_exec_dns_vandalism_9o1sm3,recon,no,-17,/usr/bin/mkdir,/dev/shm,/dev/shm,1001,1001,1001,24142,24141,(none),120
0.390129,recon/basic_enum,suid_exec,connect,network_connect,sshd,,sshd: deploy-rkejw [priv],/,benign,,1778300596.871,40088,attack_window,20260508_212317_basic_enum_YrdGDI,20260508_212317_suid_exec_dns_vandalism_9o1sm3,recon,yes,0,/usr/sbin/sshd,/dev/log,/dev/log,1001,1001,1001,24141,24094,(none),120
0.391129,recon/basic_enum,suid_exec,114,privilege_transition,sshd,,/usr/sbin/sshd -D -R,,benign,,1778300596.872,40089,attack_window,20260508_212317_basic_enum_YrdGDI,20260508_212317_suid_exec_dns_vandalism_9o1sm3,recon,yes,0,/usr/sbin/sshd,,,0,0,1001,24094,21008,(none),120
0.391129,recon/basic_enum,suid_exec,setresuid,privilege_transition,sshd,,/usr/sbin/sshd -D -R,,benign,,1778300596.872,40090,attack_window,20260508_212317_basic_enum_YrdGDI,20260508_212317_suid_exec_dns_vandalism_9o1sm3,recon,yes,0,/usr/sbin/sshd,,,0,1001,1001,24094,21008,(none),120
0.391129,recon/basic_enum,suid_exec,113,privilege_transition,sshd,,/usr/sbin/sshd -D -R,,benign,,1778300596.872,40091,attack_window,20260508_212317_basic_enum_YrdGDI,20260508_212317_suid_exec_dns_vandalism_9o1sm3,recon,yes,0,/usr/sbin/sshd,,,0,0,1001,24094,21008,(none),120
0.391129,recon/basic_enum,suid_exec,114,privilege_transition,sshd,,/usr/sbin/sshd -D -R,,benign,,1778300596.872,40092,attack_window,20260508_212317_basic_enum_YrdGDI,20260508_212317_suid_exec_dns_vandalism_9o1sm3,recon,yes,0,/usr/sbin/sshd,,,0,0,1001,24094,21008,(none),120
0.391129,recon/basic_enum,suid_exec,connect,network_connect,sshd,,/usr/sbin/sshd -D -R,/,benign,,1778300596.872,40093,attack_window,20260508_212317_basic_enum_YrdGDI,20260508_212317_suid_exec_dns_vandalism_9o1sm3,recon,yes,0,/usr/sbin/sshd,/run/dbus/system_bus_socket,/run/dbus/system_bus_socket,0,0,1001,24094,21008,(none),120
0.391129,recon/basic_enum,suid_exec,,,,,,,ambiguous,,1778300596.872,40094,attack_window,20260508_212317_basic_enum_YrdGDI,20260508_212317_suid_exec_dns_vandalism_9o1sm3,recon,,,,,,,,,,,,
0.391129,recon/basic_enum,suid_exec,,,,,,,ambiguous,,1778300596.872,40095,attack_window,20260508_212317_basic_enum_YrdGDI,20260508_212317_suid_exec_dns_vandalism_9o1sm3,recon,,,,,,,,,,,,
0.392129,recon/basic_enum,suid_exec,setresgid,privilege_transition,sshd,,/usr/sbin/sshd -D -R,,benign,,1778300596.873,40096,attack_window,20260508_212317_basic_enum_YrdGDI,20260508_212317_suid_exec_dns_vandalism_9o1sm3,recon,yes,0,/usr/sbin/sshd,,,0,0,1001,24094,21008,(none),120
0.392129,recon/basic_enum,suid_exec,setresuid,privilege_transition,sshd,,/usr/sbin/sshd -D -R,,benign,,1778300596.873,40097,attack_window,20260508_212317_basic_enum_YrdGDI,20260508_212317_suid_exec_dns_vandalism_9o1sm3,recon,yes,0,/usr/sbin/sshd,,,0,1001,1001,24094,21008,(none),120
0.392129,recon/basic_enum,suid_exec,setresuid,privilege_transition,sshd,,/usr/sbin/sshd -D -R,,benign,,1778300596.873,40098,attack_window,20260508_212317_basic_enum_YrdGDI,20260508_212317_suid_exec_dns_vandalism_9o1sm3,recon,yes,0,/usr/sbin/sshd,,,0,0,1001,24094,21008,(none),120
0.392129,recon/basic_enum,suid_exec,setresgid,privilege_transition,sshd,,/usr/sbin/sshd -D -R,,benign,,1778300596.873,40099,attack_window,20260508_212317_basic_enum_YrdGDI,20260508_212317_suid_exec_dns_vandalism_9o1sm3,recon,yes,0,/usr/sbin/sshd,,,0,0,1001,24094,21008,(none),120
0.406129,recon/basic_enum,suid_exec,execve,exec,sshd,/usr/sbin/sshd -D -R,/usr/sbin/sshd -D -R,/,benign,,1778300596.887,40100,attack_window,20260508_212317_basic_enum_YrdGDI,20260508_212317_suid_exec_dns_vandalism_9o1sm3,recon,yes,0,/usr/sbin/sshd,/usr/sbin/sshd,/usr/sbin/sshd|/lib64/ld-linux-x86-64.so.2,0,0,4294967295,24143,21008,(none),4294967295
0.409129,recon/basic_enum,suid_exec,connect,network_connect,sshd,,/usr/sbin/sshd -D -R,/,benign,,1778300596.890,40101,attack_window,20260508_212317_basic_enum_YrdGDI,20260508_212317_suid_exec_dns_vandalism_9o1sm3,recon,no,-2,/usr/sbin/sshd,/var/run/nscd/socket,/var/run/nscd/socket,0,0,4294967295,24143,21008,(none),4294967295
0.409129,recon/basic_enum,suid_exec,connect,network_connect,sshd,,/usr/sbin/sshd -D -R,,benign,,1778300596.890,40102,attack_window,20260508_212317_basic_enum_YrdGDI,20260508_212317_suid_exec_dns_vandalism_9o1sm3,recon,yes,0,/usr/sbin/sshd,,,0,0,4294967295,24143,21008,(none),4294967295
0.409129,recon/basic_enum,suid_exec,connect,network_connect,sshd,,/usr/sbin/sshd -D -R,,benign,,1778300596.890,40103,attack_window,20260508_212317_basic_enum_YrdGDI,20260508_212317_suid_exec_dns_vandalism_9o1sm3,recon,yes,0,/usr/sbin/sshd,,,0,0,4294967295,24143,21008,(none),4294967295
0.410129,recon/basic_enum,suid_exec,connect,network_connect,sshd,,/usr/sbin/sshd -D -R,,benign,,1778300596.891,40104,attack_window,20260508_212317_basic_enum_YrdGDI,20260508_212317_suid_exec_dns_vandalism_9o1sm3,recon,yes,0,/usr/sbin/sshd,,,0,0,4294967295,24143,21008,(none),4294967295
0.410129,recon/basic_enum,suid_exec,connect,network_connect,sshd,,/usr/sbin/sshd -D -R,/,benign,,1778300596.891,40105,attack_window,20260508_212317_basic_enum_YrdGDI,20260508_212317_suid_exec_dns_vandalism_9o1sm3,recon,no,-2,/usr/sbin/sshd,/var/run/nscd/socket,/var/run/nscd/socket,0,0,4294967295,24143,21008,(none),4294967295
0.410129,recon/basic_enum,suid_exec,connect,network_connect,sshd,,/usr/sbin/sshd -D -R,/,benign,,1778300596.891,40106,attack_window,20260508_212317_basic_enum_YrdGDI,20260508_212317_suid_exec_dns_vandalism_9o1sm3,recon,no,-2,/usr/sbin/sshd,/var/run/nscd/socket,/var/run/nscd/socket,0,0,4294967295,24143,21008,(none),4294967295
0.412129,recon/basic_enum,suid_exec,setresgid,privilege_transition,sshd,,sshd: [accepted],,benign,,1778300596.893,40107,attack_window,20260508_212317_basic_enum_YrdGDI,20260508_212317_suid_exec_dns_vandalism_9o1sm3,recon,yes,0,/usr/sbin/sshd,,,0,0,4294967295,24144,24143,(none),4294967295
0.412129,recon/basic_enum,suid_exec,setresuid,privilege_transition,sshd,,sshd: [accepted],,benign,,1778300596.893,40108,attack_window,20260508_212317_basic_enum_YrdGDI,20260508_212317_suid_exec_dns_vandalism_9o1sm3,recon,yes,0,/usr/sbin/sshd,,,109,109,4294967295,24144,24143,(none),4294967295
0.412129,recon/basic_enum,suid_exec,setgid,privilege_transition,sshd,,sshd: [accepted],,benign,,1778300596.893,40109,attack_window,20260508_212317_basic_enum_YrdGDI,20260508_212317_suid_exec_dns_vandalism_9o1sm3,recon,no,-1,/usr/sbin/sshd,,,109,109,4294967295,24144,24143,(none),4294967295
0.412129,recon/basic_enum,suid_exec,setresgid,privilege_transition,sshd,,sshd: [accepted],,benign,,1778300596.893,40110,attack_window,20260508_212317_basic_enum_YrdGDI,20260508_212317_suid_exec_dns_vandalism_9o1sm3,recon,no,-1,/usr/sbin/sshd,,,109,109,4294967295,24144,24143,(none),4294967295
0.412129,recon/basic_enum,suid_exec,setuid,privilege_transition,sshd,,sshd: [accepted],,benign,,1778300596.893,40111,attack_window,20260508_212317_basic_enum_YrdGDI,20260508_212317_suid_exec_dns_vandalism_9o1sm3,recon,no,-1,/usr/sbin/sshd,,,109,109,4294967295,24144,24143,(none),4294967295
0.412129,recon/basic_enum,suid_exec,setresuid,privilege_transition,sshd,,sshd: [accepted],,benign,,1778300596.893,40112,attack_window,20260508_212317_basic_enum_YrdGDI,20260508_212317_suid_exec_dns_vandalism_9o1sm3,recon,no,-1,/usr/sbin/sshd,,,109,109,4294967295,24144,24143,(none),4294967295
0.514129,recon/basic_enum,suid_exec,connect,network_connect,sshd,,/usr/sbin/sshd -D -R,/,benign,,1778300596.995,40113,attack_window,20260508_212317_basic_enum_YrdGDI,20260508_212317_suid_exec_dns_vandalism_9o1sm3,recon,no,-2,/usr/sbin/sshd,/var/run/nscd/socket,/var/run/nscd/socket,0,0,4294967295,24143,21008,(none),4294967295
0.514129,recon/basic_enum,suid_exec,connect,network_connect,sshd,,/usr/sbin/sshd -D -R,/,benign,,1778300596.995,40114,attack_window,20260508_212317_basic_enum_YrdGDI,20260508_212317_suid_exec_dns_vandalism_9o1sm3,recon,no,-2,/usr/sbin/sshd,/var/run/nscd/socket,/var/run/nscd/socket,0,0,4294967295,24143,21008,(none),4294967295
0.514129,recon/basic_enum,suid_exec,connect,network_connect,sshd,,/usr/sbin/sshd -D -R,/,benign,,1778300596.995,40115,attack_window,20260508_212317_basic_enum_YrdGDI,20260508_212317_suid_exec_dns_vandalism_9o1sm3,recon,yes,0,/usr/sbin/sshd,/run/systemd/userdb/io.systemd.DynamicUser,/run/systemd/userdb/io.systemd.DynamicUser,0,0,4294967295,24143,21008,(none),4294967295
0.515129,recon/basic_enum,suid_exec,setresgid,privilege_transition,sshd,,/usr/sbin/sshd -D -R,,benign,,1778300596.996,40116,attack_window,20260508_212317_basic_enum_YrdGDI,20260508_212317_suid_exec_dns_vandalism_9o1sm3,recon,yes,0,/usr/sbin/sshd,,,0,0,4294967295,24143,21008,(none),4294967295
0.515129,recon/basic_enum,suid_exec,setresuid,privilege_transition,sshd,,/usr/sbin/sshd -D -R,,benign,,1778300596.996,40117,attack_window,20260508_212317_basic_enum_YrdGDI,20260508_212317_suid_exec_dns_vandalism_9o1sm3,recon,yes,0,/usr/sbin/sshd,,,0,1001,4294967295,24143,21008,(none),4294967295
0.515129,recon/basic_enum,suid_exec,setresuid,privilege_transition,sshd,,/usr/sbin/sshd -D -R,,benign,,1778300596.996,40118,attack_window,20260508_212317_basic_enum_YrdGDI,20260508_212317_suid_exec_dns_vandalism_9o1sm3,recon,yes,0,/usr/sbin/sshd,,,0,0,4294967295,24143,21008,(none),4294967295
0.515129,recon/basic_enum,suid_exec,setresgid,privilege_transition,sshd,,/usr/sbin/sshd -D -R,,benign,,1778300596.996,40119,attack_window,20260508_212317_basic_enum_YrdGDI,20260508_212317_suid_exec_dns_vandalism_9o1sm3,recon,yes,0,/usr/sbin/sshd,,,0,0,4294967295,24143,21008,(none),4294967295
0.515129,recon/basic_enum,suid_exec,setresgid,privilege_transition,sshd,,/usr/sbin/sshd -D -R,,benign,,1778300596.996,40120,attack_window,20260508_212317_basic_enum_YrdGDI,20260508_212317_suid_exec_dns_vandalism_9o1sm3,recon,yes,0,/usr/sbin/sshd,,,0,0,4294967295,24143,21008,(none),4294967295
0.515129,recon/basic_enum,suid_exec,setresuid,privilege_transition,sshd,,/usr/sbin/sshd -D -R,,benign,,1778300596.996,40121,attack_window,20260508_212317_basic_enum_YrdGDI,20260508_212317_suid_exec_dns_vandalism_9o1sm3,recon,yes,0,/usr/sbin/sshd,,,0,1001,4294967295,24143,21008,(none),4294967295
0.515129,recon/basic_enum,suid_exec,connect,network_connect,sshd,,/usr/sbin/sshd -D -R,/,benign,,1778300596.996,40122,attack_window,20260508_212317_basic_enum_YrdGDI,20260508_212317_suid_exec_dns_vandalism_9o1sm3,recon,yes,0,/usr/sbin/sshd,/dev/log,/dev/log,0,1001,4294967295,24143,21008,(none),4294967295
0.516129,recon/basic_enum,suid_exec,setresuid,privilege_transition,sshd,,/usr/sbin/sshd -D -R,,benign,,1778300596.997,40123,attack_window,20260508_212317_basic_enum_YrdGDI,20260508_212317_suid_exec_dns_vandalism_9o1sm3,recon,yes,0,/usr/sbin/sshd,,,0,0,4294967295,24143,21008,(none),4294967295
0.516129,recon/basic_enum,suid_exec,setresgid,privilege_transition,sshd,,/usr/sbin/sshd -D -R,,benign,,1778300596.997,40124,attack_window,20260508_212317_basic_enum_YrdGDI,20260508_212317_suid_exec_dns_vandalism_9o1sm3,recon,yes,0,/usr/sbin/sshd,,,0,0,4294967295,24143,21008,(none),4294967295
0.516129,recon/basic_enum,suid_exec,,,,,,,ambiguous,,1778300596.997,40125,attack_window,20260508_212317_basic_enum_YrdGDI,20260508_212317_suid_exec_dns_vandalism_9o1sm3,recon,,,,,,,,,,,,
0.521129,recon/basic_enum,suid_exec,setresgid,privilege_transition,sshd,,/usr/sbin/sshd -D -R,,benign,,1778300597.002,40126,attack_window,20260508_212317_basic_enum_YrdGDI,20260508_212317_suid_exec_dns_vandalism_9o1sm3,recon,yes,0,/usr/sbin/sshd,,,0,0,4294967295,24143,21008,(none),4294967295
0.521129,recon/basic_enum,suid_exec,setresuid,privilege_transition,sshd,,/usr/sbin/sshd -D -R,,benign,,1778300597.002,40127,attack_window,20260508_212317_basic_enum_YrdGDI,20260508_212317_suid_exec_dns_vandalism_9o1sm3,recon,yes,0,/usr/sbin/sshd,,,0,1001,4294967295,24143,21008,(none),4294967295
0.521129,recon/basic_enum,suid_exec,setresuid,privilege_transition,sshd,,/usr/sbin/sshd -D -R,,benign,,1778300597.002,40128,attack_window,20260508_212317_basic_enum_YrdGDI,20260508_212317_suid_exec_dns_vandalism_9o1sm3,recon,yes,0,/usr/sbin/sshd,,,0,0,4294967295,24143,21008,(none),4294967295
0.521129,recon/basic_enum,suid_exec,setresgid,privilege_transition,sshd,,/usr/sbin/sshd -D -R,,benign,,1778300597.002,40129,attack_window,20260508_212317_basic_enum_YrdGDI,20260508_212317_suid_exec_dns_vandalism_9o1sm3,recon,yes,0,/usr/sbin/sshd,,,0,0,4294967295,24143,21008,(none),4294967295
0.521129,recon/basic_enum,suid_exec,setresgid,privilege_transition,sshd,,/usr/sbin/sshd -D -R,,benign,,1778300597.002,40130,attack_window,20260508_212317_basic_enum_YrdGDI,20260508_212317_suid_exec_dns_vandalism_9o1sm3,recon,yes,0,/usr/sbin/sshd,,,0,0,4294967295,24143,21008,(none),4294967295
0.521129,recon/basic_enum,suid_exec,setresuid,privilege_transition,sshd,,/usr/sbin/sshd -D -R,,benign,,1778300597.002,40131,attack_window,20260508_212317_basic_enum_YrdGDI,20260508_212317_suid_exec_dns_vandalism_9o1sm3,recon,yes,0,/usr/sbin/sshd,,,0,1001,4294967295,24143,21008,(none),4294967295
0.521129,recon/basic_enum,suid_exec,connect,network_connect,sshd,,/usr/sbin/sshd -D -R,/,benign,,1778300597.002,40132,attack_window,20260508_212317_basic_enum_YrdGDI,20260508_212317_suid_exec_dns_vandalism_9o1sm3,recon,yes,0,/usr/sbin/sshd,/dev/log,/dev/log,0,1001,4294967295,24143,21008,(none),4294967295
0.521129,recon/basic_enum,suid_exec,setresuid,privilege_transition,sshd,,/usr/sbin/sshd -D -R,,benign,,1778300597.002,40133,attack_window,20260508_212317_basic_enum_YrdGDI,20260508_212317_suid_exec_dns_vandalism_9o1sm3,recon,yes,0,/usr/sbin/sshd,,,0,0,4294967295,24143,21008,(none),4294967295
0.521129,recon/basic_enum,suid_exec,setresgid,privilege_transition,sshd,,/usr/sbin/sshd -D -R,,benign,,1778300597.002,40134,attack_window,20260508_212317_basic_enum_YrdGDI,20260508_212317_suid_exec_dns_vandalism_9o1sm3,recon,yes,0,/usr/sbin/sshd,,,0,0,4294967295,24143,21008,(none),4294967295
0.521129,recon/basic_enum,suid_exec,,,,,,,ambiguous,,1778300597.002,40135,attack_window,20260508_212317_basic_enum_YrdGDI,20260508_212317_suid_exec_dns_vandalism_9o1sm3,recon,,,,,,,,,,,,
0.547129,recon/basic_enum,suid_exec,connect,network_connect,sshd,,/usr/sbin/sshd -D -R,/,benign,,1778300597.028,40136,attack_window,20260508_212317_basic_enum_YrdGDI,20260508_212317_suid_exec_dns_vandalism_9o1sm3,recon,yes,0,/usr/sbin/sshd,/run/systemd/userdb/io.systemd.DynamicUser,/run/systemd/userdb/io.systemd.DynamicUser,0,0,4294967295,24143,21008,(none),4294967295
0.548129,recon/basic_enum,suid_exec,,,,,,,ambiguous,,1778300597.029,40137,attack_window,20260508_212317_basic_enum_YrdGDI,20260508_212317_suid_exec_dns_vandalism_9o1sm3,recon,,,,,,,,,,,,
0.555129,recon/basic_enum,suid_exec,,,,,,,ambiguous,,1778300597.036,40138,attack_window,20260508_212317_basic_enum_YrdGDI,20260508_212317_suid_exec_dns_vandalism_9o1sm3,recon,,,,,,,,,,,,
0.555129,recon/basic_enum,suid_exec,connect,network_connect,sshd,,/usr/sbin/sshd -D -R,/,benign,,1778300597.036,40139,attack_window,20260508_212317_basic_enum_YrdGDI,20260508_212317_suid_exec_dns_vandalism_9o1sm3,recon,yes,0,/usr/sbin/sshd,/dev/log,/dev/log,0,0,4294967295,24143,21008,(none),4294967295
0.555129,recon/basic_enum,suid_exec,connect,network_connect,sshd,,/usr/sbin/sshd -D -R,/,benign,,1778300597.036,40140,attack_window,20260508_212317_basic_enum_YrdGDI,20260508_212317_suid_exec_dns_vandalism_9o1sm3,recon,yes,0,/usr/sbin/sshd,/run/systemd/userdb/io.systemd.DynamicUser,/run/systemd/userdb/io.systemd.DynamicUser,0,0,4294967295,24143,21008,(none),4294967295
0.556129,recon/basic_enum,suid_exec,126,privilege_transition,sshd,,/usr/sbin/sshd -D -R,,benign,,1778300597.037,40141,attack_window,20260508_212317_basic_enum_YrdGDI,20260508_212317_suid_exec_dns_vandalism_9o1sm3,recon,yes,0,/usr/sbin/sshd,,,0,0,4294967295,24143,21008,(none),4294967295
0.556129,recon/basic_enum,suid_exec,,,,,,,ambiguous,,1778300597.037,40142,attack_window,20260508_212317_basic_enum_YrdGDI,20260508_212317_suid_exec_dns_vandalism_9o1sm3,recon,,,,,,,,,,,,
0.556129,recon/basic_enum,suid_exec,77,file_destroy,sshd,,/usr/sbin/sshd -D -R,,benign,,1778300597.037,40143,attack_window,20260508_212317_basic_enum_YrdGDI,20260508_212317_suid_exec_dns_vandalism_9o1sm3,recon,yes,0,/usr/sbin/sshd,,,0,0,4294967295,24143,21008,(none),4294967295
0.556129,recon/basic_enum,suid_exec,write,(null),sshd,,/usr/sbin/sshd -D -R,,benign,,1778300597.037,40144,attack_window,20260508_212317_basic_enum_YrdGDI,20260508_212317_suid_exec_dns_vandalism_9o1sm3,recon,yes,4,/usr/sbin/sshd,,,0,0,1001,24143,21008,(none),121
0.556129,recon/basic_enum,suid_exec,114,privilege_transition,sshd,,/usr/sbin/sshd -D -R,,benign,,1778300597.037,40145,attack_window,20260508_212317_basic_enum_YrdGDI,20260508_212317_suid_exec_dns_vandalism_9o1sm3,recon,yes,0,/usr/sbin/sshd,,,0,0,1001,24143,21008,(none),121
0.556129,recon/basic_enum,suid_exec,113,privilege_transition,sshd,,/usr/sbin/sshd -D -R,,benign,,1778300597.037,40146,attack_window,20260508_212317_basic_enum_YrdGDI,20260508_212317_suid_exec_dns_vandalism_9o1sm3,recon,yes,0,/usr/sbin/sshd,,,1001,0,1001,24143,21008,(none),121
0.556129,recon/basic_enum,suid_exec,113,privilege_transition,sshd,,/usr/sbin/sshd -D -R,,benign,,1778300597.037,40147,attack_window,20260508_212317_basic_enum_YrdGDI,20260508_212317_suid_exec_dns_vandalism_9o1sm3,recon,yes,0,/usr/sbin/sshd,,,0,0,1001,24143,21008,(none),121
0.556129,recon/basic_enum,suid_exec,114,privilege_transition,sshd,,/usr/sbin/sshd -D -R,,benign,,1778300597.037,40148,attack_window,20260508_212317_basic_enum_YrdGDI,20260508_212317_suid_exec_dns_vandalism_9o1sm3,recon,yes,0,/usr/sbin/sshd,,,0,0,1001,24143,21008,(none),121
0.556129,recon/basic_enum,suid_exec,connect,network_connect,sshd,,/usr/sbin/sshd -D -R,/,benign,,1778300597.037,40149,attack_window,20260508_212317_basic_enum_YrdGDI,20260508_212317_suid_exec_dns_vandalism_9o1sm3,recon,yes,0,/usr/sbin/sshd,/dev/log,/dev/log,0,0,1001,24143,21008,(none),121
0.557129,recon/basic_enum,suid_exec,connect,network_connect,sshd,,/usr/sbin/sshd -D -R,/,benign,,1778300597.038,40150,attack_window,20260508_212317_basic_enum_YrdGDI,20260508_212317_suid_exec_dns_vandalism_9o1sm3,recon,no,-2,/usr/sbin/sshd,/run/systemd/userdb/io.systemd.Multiplexer,/run/systemd/userdb/io.systemd.Multiplexer,0,0,1001,24143,21008,(none),121
0.557129,recon/basic_enum,suid_exec,connect,network_connect,sshd,,/usr/sbin/sshd -D -R,/,benign,,1778300597.038,40151,attack_window,20260508_212317_basic_enum_YrdGDI,20260508_212317_suid_exec_dns_vandalism_9o1sm3,recon,yes,0,/usr/sbin/sshd,/run/systemd/userdb/io.systemd.DynamicUser,/run/systemd/userdb/io.systemd.DynamicUser,0,0,1001,24143,21008,(none),121
0.557129,recon/basic_enum,suid_exec,connect,network_connect,sshd,,/usr/sbin/sshd -D -R,/,benign,,1778300597.038,40152,attack_window,20260508_212317_basic_enum_YrdGDI,20260508_212317_suid_exec_dns_vandalism_9o1sm3,recon,yes,0,/usr/sbin/sshd,/run/dbus/system_bus_socket,/run/dbus/system_bus_socket,0,0,1001,24143,21008,(none),121
0.567129,recon/basic_enum,suid_exec,execve,exec,sh,sh -c -- /usr/bin/env -i PATH=/usr/local/sbin:/usr/local/bin:/usr/sbin:/usr/bin:/sbin:/bin run-parts --lsbsysinit /etc/update-motd.d > /run/motd.dynamic.new,sh -c -- /usr/bin/env -i PATH=/usr/local/sbin:/usr/local/bin:/usr/sbin:/usr/bin:/sbin:/bin run-parts --lsbsysinit /etc/update-mo,/,benign,,1778300597.048,40153,attack_window,20260508_212317_basic_enum_YrdGDI,20260508_212317_suid_exec_dns_vandalism_9o1sm3,recon,yes,0,/usr/bin/dash,/bin/sh,/bin/sh|/lib64/ld-linux-x86-64.so.2,0,0,1001,24145,24143,(none),121
0.567129,recon/basic_enum,suid_exec,execve,exec,env,/usr/bin/env -i PATH=/usr/local/sbin:/usr/local/bin:/usr/sbin:/usr/bin:/sbin:/bin run-parts --lsbsysinit /etc/update-motd.d,/usr/bin/env -i PATH=/usr/local/sbin:/usr/local/bin:/usr/sbin:/usr/bin:/sbin:/bin run-parts --lsbsysinit /etc/update-motd.d,/,benign,,1778300597.048,40154,attack_window,20260508_212317_basic_enum_YrdGDI,20260508_212317_suid_exec_dns_vandalism_9o1sm3,recon,yes,0,/usr/bin/env,/usr/bin/env,/usr/bin/env|/lib64/ld-linux-x86-64.so.2,0,0,1001,24146,24145,(none),121
0.569129,recon/basic_enum,suid_exec,execve,exec,env,,/usr/bin/env -i PATH=/usr/local/sbin:/usr/local/bin:/usr/sbin:/usr/bin:/sbin:/bin run-parts --lsbsysinit /etc/update-motd.d,/,benign,,1778300597.050,40155,attack_window,20260508_212317_basic_enum_YrdGDI,20260508_212317_suid_exec_dns_vandalism_9o1sm3,recon,no,-2,/usr/bin/env,/usr/local/sbin/run-parts,/usr/local/sbin/run-parts,0,0,1001,24146,24145,(none),121
0.569129,recon/basic_enum,suid_exec,execve,exec,env,,/usr/bin/env -i PATH=/usr/local/sbin:/usr/local/bin:/usr/sbin:/usr/bin:/sbin:/bin run-parts --lsbsysinit /etc/update-motd.d,/,benign,,1778300597.050,40156,attack_window,20260508_212317_basic_enum_YrdGDI,20260508_212317_suid_exec_dns_vandalism_9o1sm3,recon,no,-2,/usr/bin/env,/usr/local/bin/run-parts,/usr/local/bin/run-parts,0,0,1001,24146,24145,(none),121
0.569129,recon/basic_enum,suid_exec,execve,exec,env,,/usr/bin/env -i PATH=/usr/local/sbin:/usr/local/bin:/usr/sbin:/usr/bin:/sbin:/bin run-parts --lsbsysinit /etc/update-motd.d,/,benign,,1778300597.050,40157,attack_window,20260508_212317_basic_enum_YrdGDI,20260508_212317_suid_exec_dns_vandalism_9o1sm3,recon,no,-2,/usr/bin/env,/usr/sbin/run-parts,/usr/sbin/run-parts,0,0,1001,24146,24145,(none),121
0.569129,recon/basic_enum,suid_exec,execve,exec,run-parts,run-parts --lsbsysinit /etc/update-motd.d,/usr/bin/env -i PATH=/usr/local/sbin:/usr/local/bin:/usr/sbin:/usr/bin:/sbin:/bin run-parts --lsbsysinit /etc/update-motd.d,/,benign,,1778300597.050,40158,attack_window,20260508_212317_basic_enum_YrdGDI,20260508_212317_suid_exec_dns_vandalism_9o1sm3,recon,yes,0,/usr/bin/run-parts,/usr/bin/run-parts,/usr/bin/run-parts|/lib64/ld-linux-x86-64.so.2,0,0,1001,24146,24145,(none),121
0.572129,recon/basic_enum,suid_exec,execve,exec,00-header,/bin/sh /etc/update-motd.d/00-header,/bin/sh /etc/update-motd.d/00-header,/,benign,,1778300597.053,40159,attack_window,20260508_212317_basic_enum_YrdGDI,20260508_212317_suid_exec_dns_vandalism_9o1sm3,recon,yes,0,/usr/bin/dash,/etc/update-motd.d/00-header,/etc/update-motd.d/00-header|/bin/sh|/lib64/ld-linux-x86-64.so.2,0,0,1001,24147,24146,(none),121
0.573129,recon/basic_enum,suid_exec,execve,exec,uname,uname -o,uname -o,/,benign,,1778300597.054,40160,attack_window,20260508_212317_basic_enum_YrdGDI,20260508_212317_suid_exec_dns_vandalism_9o1sm3,recon,yes,0,/usr/bin/uname,/usr/bin/uname,/usr/bin/uname|/lib64/ld-linux-x86-64.so.2,0,0,1001,24148,24147,(none),121
0.574129,recon/basic_enum,suid_exec,execve,exec,uname,uname -r,uname -r,/,benign,,1778300597.055,40161,attack_window,20260508_212317_basic_enum_YrdGDI,20260508_212317_suid_exec_dns_vandalism_9o1sm3,recon,yes,0,/usr/bin/uname,/usr/bin/uname,/usr/bin/uname|/lib64/ld-linux-x86-64.so.2,0,0,1001,24149,24147,(none),121
0.575129,recon/basic_enum,suid_exec,execve,exec,uname,uname -m,uname -m,/,benign,,1778300597.056,40162,attack_window,20260508_212317_basic_enum_YrdGDI,20260508_212317_suid_exec_dns_vandalism_9o1sm3,recon,yes,0,/usr/bin/uname,/usr/bin/uname,/usr/bin/uname|/lib64/ld-linux-x86-64.so.2,0,0,1001,24150,24147,(none),121
0.577129,recon/basic_enum,suid_exec,execve,exec,10-help-text,/bin/sh /etc/update-motd.d/10-help-text,/bin/sh /etc/update-motd.d/10-help-text,/,benign,,1778300597.058,40163,attack_window,20260508_212317_basic_enum_YrdGDI,20260508_212317_suid_exec_dns_vandalism_9o1sm3,recon,yes,0,/usr/bin/dash,/etc/update-motd.d/10-help-text,/etc/update-motd.d/10-help-text|/bin/sh|/lib64/ld-linux-x86-64.so.2,0,0,1001,24151,24146,(none),121
0.579129,recon/basic_enum,suid_exec,execve,exec,50-landscape-sy,/bin/sh /etc/update-motd.d/50-landscape-sysinfo,/bin/sh /etc/update-motd.d/50-landscape-sysinfo,/,benign,,1778300597.060,40164,attack_window,20260508_212317_basic_enum_YrdGDI,20260508_212317_suid_exec_dns_vandalism_9o1sm3,recon,yes,0,/usr/bin/dash,/etc/update-motd.d/50-landscape-sysinfo,/etc/update-motd.d/50-landscape-sysinfo|/bin/sh|/lib64/ld-linux-x86-64.so.2,0,0,1001,24152,24146,(none),121
0.580129,recon/basic_enum,suid_exec,execve,exec,find,find /var/lib/landscape/landscape-sysinfo.cache -newermt now-1 minutes,find /var/lib/landscape/landscape-sysinfo.cache -newermt now-1 minutes,/,benign,,1778300597.061,40165,attack_window,20260508_212317_basic_enum_YrdGDI,20260508_212317_suid_exec_dns_vandalism_9o1sm3,recon,yes,0,/usr/bin/find,/usr/bin/find,/usr/bin/find|/lib64/ld-linux-x86-64.so.2,0,0,1001,24153,24152,(none),121
0.581129,recon/basic_enum,suid_exec,execve,exec,cat,cat /var/lib/landscape/landscape-sysinfo.cache,cat /var/lib/landscape/landscape-sysinfo.cache,/,benign,,1778300597.062,40166,attack_window,20260508_212317_basic_enum_YrdGDI,20260508_212317_suid_exec_dns_vandalism_9o1sm3,recon,yes,0,/usr/bin/cat,/usr/bin/cat,/usr/bin/cat|/lib64/ld-linux-x86-64.so.2,0,0,1001,24154,24152,(none),121
0.583129,recon/basic_enum,suid_exec,execve,exec,50-motd-news,/bin/sh /etc/update-motd.d/50-motd-news,/bin/sh /etc/update-motd.d/50-motd-news,/,benign,,1778300597.064,40167,attack_window,20260508_212317_basic_enum_YrdGDI,20260508_212317_suid_exec_dns_vandalism_9o1sm3,recon,yes,0,/usr/bin/dash,/etc/update-motd.d/50-motd-news,/etc/update-motd.d/50-motd-news|/bin/sh|/lib64/ld-linux-x86-64.so.2,0,0,1001,24155,24146,(none),121
0.584129,recon/basic_enum,suid_exec,execve,exec,head,head -n 10,head -n 10,/,benign,,1778300597.065,40168,attack_window,20260508_212317_basic_enum_YrdGDI,20260508_212317_suid_exec_dns_vandalism_9o1sm3,recon,yes,0,/usr/bin/head,/usr/bin/head,/usr/bin/head|/lib64/ld-linux-x86-64.so.2,0,0,1001,24157,24155,(none),121
0.584129,recon/basic_enum,suid_exec,execve,exec,cat,cat /var/cache/motd-news,cat /var/cache/motd-news,/,benign,,1778300597.065,40169,attack_window,20260508_212317_basic_enum_YrdGDI,20260508_212317_suid_exec_dns_vandalism_9o1sm3,recon,yes,0,/usr/bin/cat,/usr/bin/cat,/usr/bin/cat|/lib64/ld-linux-x86-64.so.2,0,0,1001,24156,24155,(none),121
0.585129,recon/basic_enum,suid_exec,execve,exec,cut,cut -c -80,cut -c -80,/,benign,,1778300597.066,40170,attack_window,20260508_212317_basic_enum_YrdGDI,20260508_212317_suid_exec_dns_vandalism_9o1sm3,recon,yes,0,/usr/bin/cut,/usr/bin/cut,/usr/bin/cut|/lib64/ld-linux-x86-64.so.2,0,0,1001,24159,24155,(none),121
0.585129,recon/basic_enum,suid_exec,execve,exec,tr,tr -d \000-\011\013\014\016-\037,tr -d \000-\011\013\014\016-\037,/,benign,,1778300597.066,40171,attack_window,20260508_212317_basic_enum_YrdGDI,20260508_212317_suid_exec_dns_vandalism_9o1sm3,recon,yes,0,/usr/bin/tr,/usr/bin/tr,/usr/bin/tr|/lib64/ld-linux-x86-64.so.2,0,0,1001,24158,24155,(none),121
0.589129,recon/basic_enum,suid_exec,execve,exec,85-fwupd,/bin/sh /etc/update-motd.d/85-fwupd,/bin/sh /etc/update-motd.d/85-fwupd,/,benign,,1778300597.070,40172,attack_window,20260508_212317_basic_enum_YrdGDI,20260508_212317_suid_exec_dns_vandalism_9o1sm3,recon,yes,0,/usr/bin/dash,/etc/update-motd.d/85-fwupd,/etc/update-motd.d/85-fwupd|/bin/sh|/lib64/ld-linux-x86-64.so.2,0,0,1001,24160,24146,(none),121
0.590129,recon/basic_enum,suid_exec,execve,exec,cat,cat /run/motd.d/85-fwupd,cat /run/motd.d/85-fwupd,/,benign,,1778300597.071,40173,attack_window,20260508_212317_basic_enum_YrdGDI,20260508_212317_suid_exec_dns_vandalism_9o1sm3,recon,yes,0,/usr/bin/cat,/usr/bin/cat,/usr/bin/cat|/lib64/ld-linux-x86-64.so.2,0,0,1001,24161,24160,(none),121
0.590129,recon/basic_enum,suid_exec,execve,exec,90-updates-avai,/bin/sh /etc/update-motd.d/90-updates-available,/bin/sh /etc/update-motd.d/90-updates-available,/,benign,,1778300597.071,40174,attack_window,20260508_212317_basic_enum_YrdGDI,20260508_212317_suid_exec_dns_vandalism_9o1sm3,recon,yes,0,/usr/bin/dash,/etc/update-motd.d/90-updates-available,/etc/update-motd.d/90-updates-available|/bin/sh|/lib64/ld-linux-x86-64.so.2,0,0,1001,24162,24146,(none),121
0.593129,recon/basic_enum,suid_exec,execve,exec,cat,cat /var/lib/update-notifier/updates-available,cat /var/lib/update-notifier/updates-available,/,benign,,1778300597.074,40175,attack_window,20260508_212317_basic_enum_YrdGDI,20260508_212317_suid_exec_dns_vandalism_9o1sm3,recon,yes,0,/usr/bin/cat,/usr/bin/cat,/usr/bin/cat|/lib64/ld-linux-x86-64.so.2,0,0,1001,24163,24162,(none),121
0.593129,recon/basic_enum,suid_exec,execve,exec,find,find /var/lib/update-notifier/updates-available -newermt now-7 days,find /var/lib/update-notifier/updates-available -newermt now-7 days,/,benign,,1778300597.074,40176,attack_window,20260508_212317_basic_enum_YrdGDI,20260508_212317_suid_exec_dns_vandalism_9o1sm3,recon,yes,0,/usr/bin/find,/usr/bin/find,/usr/bin/find|/lib64/ld-linux-x86-64.so.2,0,0,1001,24164,24162,(none),121
0.596129,recon/basic_enum,suid_exec,execve,exec,grep,grep -q -m 1 .,grep -q -m 1 .,/,benign,,1778300597.077,40177,attack_window,20260508_212317_basic_enum_YrdGDI,20260508_212317_suid_exec_dns_vandalism_9o1sm3,recon,yes,0,/usr/bin/grep,/usr/bin/grep,/usr/bin/grep|/lib64/ld-linux-x86-64.so.2,0,0,1001,24165,24162,(none),121
0.597129,recon/basic_enum,suid_exec,execve,exec,91-contract-ua-,/bin/sh /etc/update-motd.d/91-contract-ua-esm-status,/bin/sh /etc/update-motd.d/91-contract-ua-esm-status,/,benign,,1778300597.078,40178,attack_window,20260508_212317_basic_enum_YrdGDI,20260508_212317_suid_exec_dns_vandalism_9o1sm3,recon,yes,0,/usr/bin/dash,/etc/update-motd.d/91-contract-ua-esm-status,/etc/update-motd.d/91-contract-ua-esm-status|/bin/sh|/lib64/ld-linux-x86-64.so.2,0,0,1001,24166,24146,(none),121
0.598129,recon/basic_enum,suid_exec,execve,exec,91-release-upgr,/bin/sh /etc/update-motd.d/91-release-upgrade,/bin/sh /etc/update-motd.d/91-release-upgrade,/,benign,,1778300597.079,40179,attack_window,20260508_212317_basic_enum_YrdGDI,20260508_212317_suid_exec_dns_vandalism_9o1sm3,recon,yes,0,/usr/bin/dash,/etc/update-motd.d/91-release-upgrade,/etc/update-motd.d/91-release-upgrade|/bin/sh|/lib64/ld-linux-x86-64.so.2,0,0,1001,24167,24146,(none),121
0.600129,recon/basic_enum,suid_exec,execve,exec,cut,cut -d -f4,cut -d -f4,/,benign,,1778300597.081,40180,attack_window,20260508_212317_basic_enum_YrdGDI,20260508_212317_suid_exec_dns_vandalism_9o1sm3,recon,yes,0,/usr/bin/cut,/usr/bin/cut,/usr/bin/cut|/lib64/ld-linux-x86-64.so.2,0,0,1001,24170,24168,(none),121
0.602129,recon/basic_enum,suid_exec,execve,exec,id,id -u,id -u,/,benign,,1778300597.083,40181,attack_window,20260508_212317_basic_enum_YrdGDI,20260508_212317_suid_exec_dns_vandalism_9o1sm3,recon,yes,0,/usr/bin/id,/usr/bin/id,/usr/bin/id|/lib64/ld-linux-x86-64.so.2,0,0,1001,24171,24167,(none),121
0.603129,recon/basic_enum,suid_exec,execve,exec,release-upgrade,/bin/sh -e /usr/lib/ubuntu-release-upgrader/release-upgrade-motd,/bin/sh /etc/update-motd.d/91-release-upgrade,/,benign,,1778300597.084,40182,attack_window,20260508_212317_basic_enum_YrdGDI,20260508_212317_suid_exec_dns_vandalism_9o1sm3,recon,yes,0,/usr/bin/dash,/usr/lib/ubuntu-release-upgrader/release-upgrade-motd,/usr/lib/ubuntu-release-upgrader/release-upgrade-motd|/bin/sh|/lib64/ld-linux-x86-64.so.2,0,0,1001,24167,24146,(none),121
0.604129,recon/basic_enum,suid_exec,execve,exec,date,date +%s,date +%s,/,benign,,1778300597.085,40183,attack_window,20260508_212317_basic_enum_YrdGDI,20260508_212317_suid_exec_dns_vandalism_9o1sm3,recon,yes,0,/usr/bin/date,/usr/bin/date,/usr/bin/date|/lib64/ld-linux-x86-64.so.2,0,0,1001,24172,24167,(none),121
0.605129,recon/basic_enum,suid_exec,execve,exec,stat,stat -c %Y /var/lib/ubuntu-release-upgrader/release-upgrade-available,stat -c %Y /var/lib/ubuntu-release-upgrader/release-upgrade-available,/,benign,,1778300597.086,40184,attack_window,20260508_212317_basic_enum_YrdGDI,20260508_212317_suid_exec_dns_vandalism_9o1sm3,recon,yes,0,/usr/bin/stat,/usr/bin/stat,/usr/bin/stat|/lib64/ld-linux-x86-64.so.2,0,0,1001,24173,24167,(none),121
0.606129,recon/basic_enum,suid_exec,execve,exec,expr,expr 1778282941 + 86400,expr 1778282941 + 86400,/,benign,,1778300597.087,40185,attack_window,20260508_212317_basic_enum_YrdGDI,20260508_212317_suid_exec_dns_vandalism_9o1sm3,recon,yes,0,/usr/bin/expr,/usr/bin/expr,/usr/bin/expr|/lib64/ld-linux-x86-64.so.2,0,0,1001,24174,24167,(none),121
0.607129,recon/basic_enum,suid_exec,execve,exec,92-unattended-u,/bin/sh /etc/update-motd.d/92-unattended-upgrades,/bin/sh /etc/update-motd.d/92-unattended-upgrades,/,benign,,1778300597.088,40186,attack_window,20260508_212317_basic_enum_YrdGDI,20260508_212317_suid_exec_dns_vandalism_9o1sm3,recon,yes,0,/usr/bin/dash,/etc/update-motd.d/92-unattended-upgrades,/etc/update-motd.d/92-unattended-upgrades|/bin/sh|/lib64/ld-linux-x86-64.so.2,0,0,1001,24175,24146,(none),121
0.608129,recon/basic_enum,suid_exec,execve,exec,update-motd-una,/bin/sh /usr/share/unattended-upgrades/update-motd-unattended-upgrades,/bin/sh /etc/update-motd.d/92-unattended-upgrades,/,benign,,1778300597.089,40187,attack_window,20260508_212317_basic_enum_YrdGDI,20260508_212317_suid_exec_dns_vandalism_9o1sm3,recon,yes,0,/usr/bin/dash,/usr/share/unattended-upgrades/update-motd-unattended-upgrades,/usr/share/unattended-upgrades/update-motd-unattended-upgrades|/bin/sh|/lib64/ld-linux-x86-64.so.2,0,0,1001,24175,24146,(none),121
0.610129,recon/basic_enum,suid_exec,execve,exec,95-hwe-eol,/bin/sh /etc/update-motd.d/95-hwe-eol,/bin/sh /etc/update-motd.d/95-hwe-eol,/,benign,,1778300597.091,40188,attack_window,20260508_212317_basic_enum_YrdGDI,20260508_212317_suid_exec_dns_vandalism_9o1sm3,recon,yes,0,/usr/bin/dash,/etc/update-motd.d/95-hwe-eol,/etc/update-motd.d/95-hwe-eol|/bin/sh|/lib64/ld-linux-x86-64.so.2,0,0,1001,24176,24146,(none),121
0.610129,recon/basic_enum,suid_exec,execve,exec,find,find /var/lib/update-notifier/hwe-eol -newermt now-1 days,find /var/lib/update-notifier/hwe-eol -newermt now-1 days,/,benign,,1778300597.091,40189,attack_window,20260508_212317_basic_enum_YrdGDI,20260508_212317_suid_exec_dns_vandalism_9o1sm3,recon,yes,0,/usr/bin/find,/usr/bin/find,/usr/bin/find|/lib64/ld-linux-x86-64.so.2,0,0,1001,24177,24176,(none),121
0.612129,recon/basic_enum,suid_exec,execve,exec,97-overlayroot,/bin/sh /etc/update-motd.d/97-overlayroot,/bin/sh /etc/update-motd.d/97-overlayroot,/,benign,,1778300597.093,40190,attack_window,20260508_212317_basic_enum_YrdGDI,20260508_212317_suid_exec_dns_vandalism_9o1sm3,recon,yes,0,/usr/bin/dash,/etc/update-motd.d/97-overlayroot,/etc/update-motd.d/97-overlayroot|/bin/sh|/lib64/ld-linux-x86-64.so.2,0,0,1001,24178,24146,(none),121
0.612129,recon/basic_enum,suid_exec,execve,exec,egrep,/bin/sh /usr/bin/egrep overlayroot|/media/root-ro|/media/root-rw /proc/mounts,/bin/sh /usr/bin/egrep overlayroot|/media/root-ro|/media/root-rw /proc/mounts,/,benign,,1778300597.093,40192,attack_window,20260508_212317_basic_enum_YrdGDI,20260508_212317_suid_exec_dns_vandalism_9o1sm3,recon,yes,0,/usr/bin/dash,/usr/bin/egrep,/usr/bin/egrep|/bin/sh|/lib64/ld-linux-x86-64.so.2,0,0,1001,24180,24179,(none),121
0.613129,recon/basic_enum,suid_exec,execve,exec,sort,sort -r,sort -r,/,benign,,1778300597.094,40191,attack_window,20260508_212317_basic_enum_YrdGDI,20260508_212317_suid_exec_dns_vandalism_9o1sm3,recon,yes,0,/usr/bin/sort,/usr/bin/sort,/usr/bin/sort|/lib64/ld-linux-x86-64.so.2,0,0,1001,24181,24179,(none),121
0.614129,recon/basic_enum,suid_exec,execve,exec,egrep,,/bin/sh /usr/bin/egrep overlayroot|/media/root-ro|/media/root-rw /proc/mounts,/,benign,,1778300597.095,40193,attack_window,20260508_212317_basic_enum_YrdGDI,20260508_212317_suid_exec_dns_vandalism_9o1sm3,recon,no,-2,/usr/bin/dash,/usr/local/sbin/grep,/usr/local/sbin/grep,0,0,1001,24180,24179,(none),121
0.615129,recon/basic_enum,suid_exec,execve,exec,egrep,,/bin/sh /usr/bin/egrep overlayroot|/media/root-ro|/media/root-rw /proc/mounts,/,benign,,1778300597.096,40194,attack_window,20260508_212317_basic_enum_YrdGDI,20260508_212317_suid_exec_dns_vandalism_9o1sm3,recon,no,-2,/usr/bin/dash,/usr/local/bin/grep,/usr/local/bin/grep,0,0,1001,24180,24179,(none),121
0.615129,recon/basic_enum,suid_exec,execve,exec,egrep,,/bin/sh /usr/bin/egrep overlayroot|/media/root-ro|/media/root-rw /proc/mounts,/,benign,,1778300597.096,40195,attack_window,20260508_212317_basic_enum_YrdGDI,20260508_212317_suid_exec_dns_vandalism_9o1sm3,recon,no,-2,/usr/bin/dash,/usr/sbin/grep,/usr/sbin/grep,0,0,1001,24180,24179,(none),121
0.616129,recon/basic_enum,suid_exec,execve,exec,grep,grep -E overlayroot|/media/root-ro|/media/root-rw /proc/mounts,/bin/sh /usr/bin/egrep overlayroot|/media/root-ro|/media/root-rw /proc/mounts,/,benign,,1778300597.097,40196,attack_window,20260508_212317_basic_enum_YrdGDI,20260508_212317_suid_exec_dns_vandalism_9o1sm3,recon,yes,0,/usr/bin/grep,/usr/bin/grep,/usr/bin/grep|/lib64/ld-linux-x86-64.so.2,0,0,1001,24180,24179,(none),121
0.617129,recon/basic_enum,suid_exec,execve,exec,98-fsck-at-rebo,/bin/sh /etc/update-motd.d/98-fsck-at-reboot,/bin/sh /etc/update-motd.d/98-fsck-at-reboot,/,benign,,1778300597.098,40197,attack_window,20260508_212317_basic_enum_YrdGDI,20260508_212317_suid_exec_dns_vandalism_9o1sm3,recon,yes,0,/usr/bin/dash,/etc/update-motd.d/98-fsck-at-reboot,/etc/update-motd.d/98-fsck-at-reboot|/bin/sh|/lib64/ld-linux-x86-64.so.2,0,0,1001,24182,24146,(none),121
0.618129,recon/basic_enum,suid_exec,execve,exec,update-motd-fsc,/bin/sh /usr/lib/update-notifier/update-motd-fsck-at-reboot,/bin/sh /etc/update-motd.d/98-fsck-at-reboot,/,benign,,1778300597.099,40198,attack_window,20260508_212317_basic_enum_YrdGDI,20260508_212317_suid_exec_dns_vandalism_9o1sm3,recon,yes,0,/usr/bin/dash,/usr/lib/update-notifier/update-motd-fsck-at-reboot,/usr/lib/update-notifier/update-motd-fsck-at-reboot|/bin/sh|/lib64/ld-linux-x86-64.so.2,0,0,1001,24182,24146,(none),121
0.619129,recon/basic_enum,suid_exec,execve,exec,id,id -u,id -u,/,benign,,1778300597.100,40199,attack_window,20260508_212317_basic_enum_YrdGDI,20260508_212317_suid_exec_dns_vandalism_9o1sm3,recon,yes,0,/usr/bin/id,/usr/bin/id,/usr/bin/id|/lib64/ld-linux-x86-64.so.2,0,0,1001,24183,24182,(none),121
0.621129,recon/basic_enum,suid_exec,execve,exec,stat,stat -c %Y /var/lib/update-notifier/fsck-at-reboot,stat -c %Y /var/lib/update-notifier/fsck-at-reboot,/,benign,,1778300597.102,40200,attack_window,20260508_212317_basic_enum_YrdGDI,20260508_212317_suid_exec_dns_vandalism_9o1sm3,recon,yes,0,/usr/bin/stat,/usr/bin/stat,/usr/bin/stat|/lib64/ld-linux-x86-64.so.2,0,0,1001,24184,24182,(none),121
0.623129,recon/basic_enum,suid_exec,execve,exec,awk,awk {print $1} /proc/uptime,awk {print $1} /proc/uptime,/,benign,,1778300597.104,40201,attack_window,20260508_212317_basic_enum_YrdGDI,20260508_212317_suid_exec_dns_vandalism_9o1sm3,recon,yes,0,/usr/bin/gawk,/usr/bin/awk,/usr/bin/awk|/lib64/ld-linux-x86-64.so.2,0,0,1001,24186,24185,(none),121
0.624129,recon/basic_enum,suid_exec,execve,exec,date,date -d now - 2843.45 seconds +%s,date -d now - 2843.45 seconds +%s,/,benign,,1778300597.105,40202,attack_window,20260508_212317_basic_enum_YrdGDI,20260508_212317_suid_exec_dns_vandalism_9o1sm3,recon,yes,0,/usr/bin/date,/usr/bin/date,/usr/bin/date|/lib64/ld-linux-x86-64.so.2,0,0,1001,24185,24182,(none),121
0.625129,recon/basic_enum,suid_exec,execve,exec,date,date +%s,date +%s,/,benign,,1778300597.106,40203,attack_window,20260508_212317_basic_enum_YrdGDI,20260508_212317_suid_exec_dns_vandalism_9o1sm3,recon,yes,0,/usr/bin/date,/usr/bin/date,/usr/bin/date|/lib64/ld-linux-x86-64.so.2,0,0,1001,24187,24182,(none),121
0.626129,recon/basic_enum,suid_exec,execve,exec,cat,cat /var/lib/update-notifier/fsck-at-reboot,cat /var/lib/update-notifier/fsck-at-reboot,/,benign,,1778300597.107,40204,attack_window,20260508_212317_basic_enum_YrdGDI,20260508_212317_suid_exec_dns_vandalism_9o1sm3,recon,yes,0,/usr/bin/cat,/usr/bin/cat,/usr/bin/cat|/lib64/ld-linux-x86-64.so.2,0,0,1001,24188,24182,(none),121
0.627129,recon/basic_enum,suid_exec,execve,exec,98-reboot-requi,/bin/sh /etc/update-motd.d/98-reboot-required,/bin/sh /etc/update-motd.d/98-reboot-required,/,benign,,1778300597.108,40205,attack_window,20260508_212317_basic_enum_YrdGDI,20260508_212317_suid_exec_dns_vandalism_9o1sm3,recon,yes,0,/usr/bin/dash,/etc/update-motd.d/98-reboot-required,/etc/update-motd.d/98-reboot-required|/bin/sh|/lib64/ld-linux-x86-64.so.2,0,0,1001,24189,24146,(none),121
0.628129,recon/basic_enum,suid_exec,execve,exec,update-motd-reb,/bin/sh -e /usr/lib/update-notifier/update-motd-reboot-required,/bin/sh /etc/update-motd.d/98-reboot-required,/,benign,,1778300597.109,40206,attack_window,20260508_212317_basic_enum_YrdGDI,20260508_212317_suid_exec_dns_vandalism_9o1sm3,recon,yes,0,/usr/bin/dash,/usr/lib/update-notifier/update-motd-reboot-required,/usr/lib/update-notifier/update-motd-reboot-required|/bin/sh|/lib64/ld-linux-x86-64.so.2,0,0,1001,24189,24146,(none),121
0.629129,recon/basic_enum,suid_exec,rename,file_destroy,sshd,,/usr/sbin/sshd -D -R,/,benign,,1778300597.110,40207,attack_window,20260508_212317_basic_enum_YrdGDI,20260508_212317_suid_exec_dns_vandalism_9o1sm3,recon,yes,0,/usr/sbin/sshd,/run/,/run/|/run/motd.dynamic.new|/run/motd.dynamic,0,0,1001,24143,21008,(none),121
0.629129,recon/basic_enum,suid_exec,connect,network_connect,sshd,,/usr/sbin/sshd -D -R,/,benign,,1778300597.110,40208,attack_window,20260508_212317_basic_enum_YrdGDI,20260508_212317_suid_exec_dns_vandalism_9o1sm3,recon,yes,0,/usr/sbin/sshd,/run/systemd/userdb/io.systemd.DynamicUser,/run/systemd/userdb/io.systemd.DynamicUser,0,0,1001,24143,21008,(none),121
0.629129,recon/basic_enum,suid_exec,connect,network_connect,sshd,,/usr/sbin/sshd -D -R,/,benign,,1778300597.110,40209,attack_window,20260508_212317_basic_enum_YrdGDI,20260508_212317_suid_exec_dns_vandalism_9o1sm3,recon,yes,0,/usr/sbin/sshd,/run/systemd/userdb/io.systemd.DynamicUser,/run/systemd/userdb/io.systemd.DynamicUser,0,0,1001,24143,21008,(none),121
0.630129,recon/basic_enum,suid_exec,connect,network_connect,sshd,,/usr/sbin/sshd -D -R,/,benign,,1778300597.111,40210,attack_window,20260508_212317_basic_enum_YrdGDI,20260508_212317_suid_exec_dns_vandalism_9o1sm3,recon,yes,0,/usr/sbin/sshd,/run/systemd/userdb/io.systemd.DynamicUser,/run/systemd/userdb/io.systemd.DynamicUser,0,0,1001,24143,21008,(none),121
0.630129,recon/basic_enum,suid_exec,connect,network_connect,sshd,,/usr/sbin/sshd -D -R,/,benign,,1778300597.111,40211,attack_window,20260508_212317_basic_enum_YrdGDI,20260508_212317_suid_exec_dns_vandalism_9o1sm3,recon,yes,0,/usr/sbin/sshd,/run/systemd/userdb/io.systemd.DynamicUser,/run/systemd/userdb/io.systemd.DynamicUser,0,0,1001,24143,21008,(none),121
0.631129,recon/basic_enum,suid_exec,connect,network_connect,sshd,,/usr/sbin/sshd -D -R,/,benign,,1778300597.112,40212,attack_window,20260508_212317_basic_enum_YrdGDI,20260508_212317_suid_exec_dns_vandalism_9o1sm3,recon,yes,0,/usr/sbin/sshd,/run/systemd/userdb/io.systemd.DynamicUser,/run/systemd/userdb/io.systemd.DynamicUser,0,0,1001,24143,21008,(none),121
0.632129,recon/basic_enum,suid_exec,,,,,,,ambiguous,,1778300597.113,40213,attack_window,20260508_212317_basic_enum_YrdGDI,20260508_212317_suid_exec_dns_vandalism_9o1sm3,recon,,,,,,,,,,,,
0.632129,recon/basic_enum,suid_exec,setgid,privilege_transition,sshd,,sshd: deploy-rkejw [priv],,benign,,1778300597.113,40214,attack_window,20260508_212317_basic_enum_YrdGDI,20260508_212317_suid_exec_dns_vandalism_9o1sm3,recon,yes,0,/usr/sbin/sshd,,,0,0,1001,24190,24143,(none),121
0.632129,recon/basic_enum,suid_exec,connect,network_connect,sshd,,sshd: deploy-rkejw [priv],/,benign,,1778300597.113,40215,attack_window,20260508_212317_basic_enum_YrdGDI,20260508_212317_suid_exec_dns_vandalism_9o1sm3,recon,yes,0,/usr/sbin/sshd,/run/systemd/userdb/io.systemd.DynamicUser,/run/systemd/userdb/io.systemd.DynamicUser,0,0,1001,24190,24143,(none),121
0.632129,recon/basic_enum,suid_exec,connect,network_connect,sshd,,sshd: deploy-rkejw [priv],/,benign,,1778300597.113,40216,attack_window,20260508_212317_basic_enum_YrdGDI,20260508_212317_suid_exec_dns_vandalism_9o1sm3,recon,yes,0,/usr/sbin/sshd,/run/systemd/userdb/io.systemd.DynamicUser,/run/systemd/userdb/io.systemd.DynamicUser,0,0,1001,24190,24143,(none),121
0.632129,recon/basic_enum,suid_exec,126,privilege_transition,sshd,,sshd: deploy-rkejw [priv],,benign,,1778300597.113,40217,attack_window,20260508_212317_basic_enum_YrdGDI,20260508_212317_suid_exec_dns_vandalism_9o1sm3,recon,yes,0,/usr/sbin/sshd,,,0,0,1001,24190,24143,(none),121
0.633129,recon/basic_enum,suid_exec,,,,,,,ambiguous,,1778300597.114,40218,attack_window,20260508_212317_basic_enum_YrdGDI,20260508_212317_suid_exec_dns_vandalism_9o1sm3,recon,,,,,,,,,,,,
0.633129,recon/basic_enum,suid_exec,setresgid,privilege_transition,sshd,,sshd: deploy-rkejw [priv],,benign,,1778300597.114,40219,attack_window,20260508_212317_basic_enum_YrdGDI,20260508_212317_suid_exec_dns_vandalism_9o1sm3,recon,yes,0,/usr/sbin/sshd,,,0,0,1001,24190,24143,(none),121
0.633129,recon/basic_enum,suid_exec,setresuid,privilege_transition,sshd,,sshd: deploy-rkejw [priv],,benign,,1778300597.114,40220,attack_window,20260508_212317_basic_enum_YrdGDI,20260508_212317_suid_exec_dns_vandalism_9o1sm3,recon,yes,0,/usr/sbin/sshd,,,1001,1001,1001,24190,24143,(none),121
0.633129,recon/basic_enum,suid_exec,setuid,privilege_transition,sshd,,sshd: deploy-rkejw [priv],,benign,,1778300597.114,40221,attack_window,20260508_212317_basic_enum_YrdGDI,20260508_212317_suid_exec_dns_vandalism_9o1sm3,recon,no,-1,/usr/sbin/sshd,,,1001,1001,1001,24190,24143,(none),121
0.633129,recon/basic_enum,suid_exec,setresuid,privilege_transition,sshd,,sshd: deploy-rkejw [priv],,benign,,1778300597.114,40222,attack_window,20260508_212317_basic_enum_YrdGDI,20260508_212317_suid_exec_dns_vandalism_9o1sm3,recon,no,-1,/usr/sbin/sshd,,,1001,1001,1001,24190,24143,(none),121
0.686129,recon/basic_enum,suid_exec,execve,shell_exec,bash,bash -c /usr/lib/openssh/sftp-server,bash -c /usr/lib/openssh/sftp-server,/home/deploy-rkejw,benign,,1778300597.167,40223,attack_window,20260508_212317_basic_enum_YrdGDI,20260508_212317_suid_exec_dns_vandalism_9o1sm3,recon,yes,0,/usr/bin/bash,/bin/bash,/bin/bash|/lib64/ld-linux-x86-64.so.2,1001,1001,1001,24191,24190,(none),121
0.687129,recon/basic_enum,suid_exec,execve,exec,sftp-server,/usr/lib/openssh/sftp-server,bash -c /usr/lib/openssh/sftp-server,/home/deploy-rkejw,benign,,1778300597.168,40224,attack_window,20260508_212317_basic_enum_YrdGDI,20260508_212317_suid_exec_dns_vandalism_9o1sm3,recon,yes,0,/usr/lib/openssh/sftp-server,/usr/lib/openssh/sftp-server,/usr/lib/openssh/sftp-server|/lib64/ld-linux-x86-64.so.2,1001,1001,1001,24191,24190,(none),121
0.688129,recon/basic_enum,suid_exec,connect,network_connect,sftp-server,,bash -c /usr/lib/openssh/sftp-server,/home/deploy-rkejw,benign,,1778300597.169,40225,attack_window,20260508_212317_basic_enum_YrdGDI,20260508_212317_suid_exec_dns_vandalism_9o1sm3,recon,no,-2,/usr/lib/openssh/sftp-server,/var/run/nscd/socket,/var/run/nscd/socket,1001,1001,1001,24191,24190,(none),121
0.688129,recon/basic_enum,suid_exec,connect,network_connect,sftp-server,,bash -c /usr/lib/openssh/sftp-server,/home/deploy-rkejw,benign,,1778300597.169,40226,attack_window,20260508_212317_basic_enum_YrdGDI,20260508_212317_suid_exec_dns_vandalism_9o1sm3,recon,no,-2,/usr/lib/openssh/sftp-server,/var/run/nscd/socket,/var/run/nscd/socket,1001,1001,1001,24191,24190,(none),121
0.691129,recon/basic_enum,suid_exec,openat,tmp_activity,sftp-server,,bash -c /usr/lib/openssh/sftp-server,/home/deploy-rkejw,benign,,1778300597.172,40227,attack_window,20260508_212317_basic_enum_YrdGDI,20260508_212317_suid_exec_dns_vandalism_9o1sm3,recon,yes,3,/usr/lib/openssh/sftp-server,/dev/shm/aegis_20260508_212317_basic_enum_YrdGDI/,/dev/shm/aegis_20260508_212317_basic_enum_YrdGDI/|/dev/shm/aegis_20260508_212317_basic_enum_YrdGDI/aegis_suid_exec_20260508_212317_basic_enum_YrdGDI.sh,1001,1001,1001,24191,24190,(none),121
0.692129,recon/basic_enum,suid_exec,77,file_destroy,sftp-server,,bash -c /usr/lib/openssh/sftp-server,,benign,,1778300597.173,40228,attack_window,20260508_212317_basic_enum_YrdGDI,20260508_212317_suid_exec_dns_vandalism_9o1sm3,recon,yes,0,/usr/lib/openssh/sftp-server,,,1001,1001,1001,24191,24190,(none),121
0.694129,recon/basic_enum,suid_exec,connect,network_connect,sshd,,sshd: deploy-rkejw [priv],/,benign,,1778300597.175,40229,attack_window,20260508_212317_basic_enum_YrdGDI,20260508_212317_suid_exec_dns_vandalism_9o1sm3,recon,yes,0,/usr/sbin/sshd,/dev/log,/dev/log,1001,1001,1001,24190,24143,(none),121
0.694129,recon/basic_enum,suid_exec,114,privilege_transition,sshd,,/usr/sbin/sshd -D -R,,benign,,1778300597.175,40230,attack_window,20260508_212317_basic_enum_YrdGDI,20260508_212317_suid_exec_dns_vandalism_9o1sm3,recon,yes,0,/usr/sbin/sshd,,,0,0,1001,24143,21008,(none),121
0.694129,recon/basic_enum,suid_exec,setresuid,privilege_transition,sshd,,/usr/sbin/sshd -D -R,,benign,,1778300597.175,40231,attack_window,20260508_212317_basic_enum_YrdGDI,20260508_212317_suid_exec_dns_vandalism_9o1sm3,recon,yes,0,/usr/sbin/sshd,,,0,1001,1001,24143,21008,(none),121
0.694129,recon/basic_enum,suid_exec,113,privilege_transition,sshd,,/usr/sbin/sshd -D -R,,benign,,1778300597.175,40232,attack_window,20260508_212317_basic_enum_YrdGDI,20260508_212317_suid_exec_dns_vandalism_9o1sm3,recon,yes,0,/usr/sbin/sshd,,,0,0,1001,24143,21008,(none),121
0.694129,recon/basic_enum,suid_exec,114,privilege_transition,sshd,,/usr/sbin/sshd -D -R,,benign,,1778300597.175,40233,attack_window,20260508_212317_basic_enum_YrdGDI,20260508_212317_suid_exec_dns_vandalism_9o1sm3,recon,yes,0,/usr/sbin/sshd,,,0,0,1001,24143,21008,(none),121
0.695129,recon/basic_enum,suid_exec,connect,network_connect,sshd,,/usr/sbin/sshd -D -R,/,benign,,1778300597.176,40234,attack_window,20260508_212317_basic_enum_YrdGDI,20260508_212317_suid_exec_dns_vandalism_9o1sm3,recon,yes,0,/usr/sbin/sshd,/run/dbus/system_bus_socket,/run/dbus/system_bus_socket,0,0,1001,24143,21008,(none),121
0.695129,recon/basic_enum,suid_exec,,,,,,,ambiguous,,1778300597.176,40235,attack_window,20260508_212317_basic_enum_YrdGDI,20260508_212317_suid_exec_dns_vandalism_9o1sm3,recon,,,,,,,,,,,,
0.695129,recon/basic_enum,suid_exec,,,,,,,ambiguous,,1778300597.176,40236,attack_window,20260508_212317_basic_enum_YrdGDI,20260508_212317_suid_exec_dns_vandalism_9o1sm3,recon,,,,,,,,,,,,
0.695129,recon/basic_enum,suid_exec,setresgid,privilege_transition,sshd,,/usr/sbin/sshd -D -R,,benign,,1778300597.176,40237,attack_window,20260508_212317_basic_enum_YrdGDI,20260508_212317_suid_exec_dns_vandalism_9o1sm3,recon,yes,0,/usr/sbin/sshd,,,0,0,1001,24143,21008,(none),121
0.695129,recon/basic_enum,suid_exec,setresuid,privilege_transition,sshd,,/usr/sbin/sshd -D -R,,benign,,1778300597.176,40238,attack_window,20260508_212317_basic_enum_YrdGDI,20260508_212317_suid_exec_dns_vandalism_9o1sm3,recon,yes,0,/usr/sbin/sshd,,,0,1001,1001,24143,21008,(none),121
0.695129,recon/basic_enum,suid_exec,setresuid,privilege_transition,sshd,,/usr/sbin/sshd -D -R,,benign,,1778300597.176,40239,attack_window,20260508_212317_basic_enum_YrdGDI,20260508_212317_suid_exec_dns_vandalism_9o1sm3,recon,yes,0,/usr/sbin/sshd,,,0,0,1001,24143,21008,(none),121
0.695129,recon/basic_enum,suid_exec,setresgid,privilege_transition,sshd,,/usr/sbin/sshd -D -R,,benign,,1778300597.176,40240,attack_window,20260508_212317_basic_enum_YrdGDI,20260508_212317_suid_exec_dns_vandalism_9o1sm3,recon,yes,0,/usr/sbin/sshd,,,0,0,1001,24143,21008,(none),121
0.710129,recon/basic_enum,suid_exec,execve,exec,sshd,/usr/sbin/sshd -D -R,/usr/sbin/sshd -D -R,/,benign,,1778300597.191,40241,attack_window,20260508_212317_basic_enum_YrdGDI,20260508_212317_suid_exec_dns_vandalism_9o1sm3,recon,yes,0,/usr/sbin/sshd,/usr/sbin/sshd,/usr/sbin/sshd|/lib64/ld-linux-x86-64.so.2,0,0,4294967295,24192,21008,(none),4294967295
0.713129,recon/basic_enum,suid_exec,connect,network_connect,sshd,,/usr/sbin/sshd -D -R,/,benign,,1778300597.194,40242,attack_window,20260508_212317_basic_enum_YrdGDI,20260508_212317_suid_exec_dns_vandalism_9o1sm3,recon,no,-2,/usr/sbin/sshd,/var/run/nscd/socket,/var/run/nscd/socket,0,0,4294967295,24192,21008,(none),4294967295
0.713129,recon/basic_enum,suid_exec,connect,network_connect,sshd,,/usr/sbin/sshd -D -R,,benign,,1778300597.194,40243,attack_window,20260508_212317_basic_enum_YrdGDI,20260508_212317_suid_exec_dns_vandalism_9o1sm3,recon,yes,0,/usr/sbin/sshd,,,0,0,4294967295,24192,21008,(none),4294967295
0.713129,recon/basic_enum,suid_exec,connect,network_connect,sshd,,/usr/sbin/sshd -D -R,,benign,,1778300597.194,40244,attack_window,20260508_212317_basic_enum_YrdGDI,20260508_212317_suid_exec_dns_vandalism_9o1sm3,recon,yes,0,/usr/sbin/sshd,,,0,0,4294967295,24192,21008,(none),4294967295
0.713129,recon/basic_enum,suid_exec,connect,network_connect,sshd,,/usr/sbin/sshd -D -R,,benign,,1778300597.194,40245,attack_window,20260508_212317_basic_enum_YrdGDI,20260508_212317_suid_exec_dns_vandalism_9o1sm3,recon,yes,0,/usr/sbin/sshd,,,0,0,4294967295,24192,21008,(none),4294967295
0.713129,recon/basic_enum,suid_exec,connect,network_connect,sshd,,/usr/sbin/sshd -D -R,/,benign,,1778300597.194,40246,attack_window,20260508_212317_basic_enum_YrdGDI,20260508_212317_suid_exec_dns_vandalism_9o1sm3,recon,no,-2,/usr/sbin/sshd,/var/run/nscd/socket,/var/run/nscd/socket,0,0,4294967295,24192,21008,(none),4294967295
0.713129,recon/basic_enum,suid_exec,connect,network_connect,sshd,,/usr/sbin/sshd -D -R,/,benign,,1778300597.194,40247,attack_window,20260508_212317_basic_enum_YrdGDI,20260508_212317_suid_exec_dns_vandalism_9o1sm3,recon,no,-2,/usr/sbin/sshd,/var/run/nscd/socket,/var/run/nscd/socket,0,0,4294967295,24192,21008,(none),4294967295
0.716129,recon/basic_enum,suid_exec,setresgid,privilege_transition,sshd,,sshd: [accepted],,benign,,1778300597.197,40248,attack_window,20260508_212317_basic_enum_YrdGDI,20260508_212317_suid_exec_dns_vandalism_9o1sm3,recon,yes,0,/usr/sbin/sshd,,,0,0,4294967295,24193,24192,(none),4294967295
0.716129,recon/basic_enum,suid_exec,setresuid,privilege_transition,sshd,,sshd: [accepted],,benign,,1778300597.197,40249,attack_window,20260508_212317_basic_enum_YrdGDI,20260508_212317_suid_exec_dns_vandalism_9o1sm3,recon,yes,0,/usr/sbin/sshd,,,109,109,4294967295,24193,24192,(none),4294967295
0.716129,recon/basic_enum,suid_exec,setgid,privilege_transition,sshd,,sshd: [accepted],,benign,,1778300597.197,40250,attack_window,20260508_212317_basic_enum_YrdGDI,20260508_212317_suid_exec_dns_vandalism_9o1sm3,recon,no,-1,/usr/sbin/sshd,,,109,109,4294967295,24193,24192,(none),4294967295
0.716129,recon/basic_enum,suid_exec,setresgid,privilege_transition,sshd,,sshd: [accepted],,benign,,1778300597.197,40251,attack_window,20260508_212317_basic_enum_YrdGDI,20260508_212317_suid_exec_dns_vandalism_9o1sm3,recon,no,-1,/usr/sbin/sshd,,,109,109,4294967295,24193,24192,(none),4294967295
0.716129,recon/basic_enum,suid_exec,setuid,privilege_transition,sshd,,sshd: [accepted],,benign,,1778300597.197,40252,attack_window,20260508_212317_basic_enum_YrdGDI,20260508_212317_suid_exec_dns_vandalism_9o1sm3,recon,no,-1,/usr/sbin/sshd,,,109,109,4294967295,24193,24192,(none),4294967295
0.716129,recon/basic_enum,suid_exec,setresuid,privilege_transition,sshd,,sshd: [accepted],,benign,,1778300597.197,40253,attack_window,20260508_212317_basic_enum_YrdGDI,20260508_212317_suid_exec_dns_vandalism_9o1sm3,recon,no,-1,/usr/sbin/sshd,,,109,109,4294967295,24193,24192,(none),4294967295
0.815129,recon/basic_enum,suid_exec,connect,network_connect,sshd,,/usr/sbin/sshd -D -R,/,benign,,1778300597.296,40254,attack_window,20260508_212317_basic_enum_YrdGDI,20260508_212317_suid_exec_dns_vandalism_9o1sm3,recon,no,-2,/usr/sbin/sshd,/var/run/nscd/socket,/var/run/nscd/socket,0,0,4294967295,24192,21008,(none),4294967295
0.815129,recon/basic_enum,suid_exec,connect,network_connect,sshd,,/usr/sbin/sshd -D -R,/,benign,,1778300597.296,40255,attack_window,20260508_212317_basic_enum_YrdGDI,20260508_212317_suid_exec_dns_vandalism_9o1sm3,recon,no,-2,/usr/sbin/sshd,/var/run/nscd/socket,/var/run/nscd/socket,0,0,4294967295,24192,21008,(none),4294967295
0.816129,recon/basic_enum,suid_exec,connect,network_connect,sshd,,/usr/sbin/sshd -D -R,/,benign,,1778300597.297,40256,attack_window,20260508_212317_basic_enum_YrdGDI,20260508_212317_suid_exec_dns_vandalism_9o1sm3,recon,yes,0,/usr/sbin/sshd,/run/systemd/userdb/io.systemd.DynamicUser,/run/systemd/userdb/io.systemd.DynamicUser,0,0,4294967295,24192,21008,(none),4294967295
0.816129,recon/basic_enum,suid_exec,setresgid,privilege_transition,sshd,,/usr/sbin/sshd -D -R,,benign,,1778300597.297,40257,attack_window,20260508_212317_basic_enum_YrdGDI,20260508_212317_suid_exec_dns_vandalism_9o1sm3,recon,yes,0,/usr/sbin/sshd,,,0,0,4294967295,24192,21008,(none),4294967295
0.816129,recon/basic_enum,suid_exec,setresuid,privilege_transition,sshd,,/usr/sbin/sshd -D -R,,benign,,1778300597.297,40258,attack_window,20260508_212317_basic_enum_YrdGDI,20260508_212317_suid_exec_dns_vandalism_9o1sm3,recon,yes,0,/usr/sbin/sshd,,,0,1001,4294967295,24192,21008,(none),4294967295
0.816129,recon/basic_enum,suid_exec,setresuid,privilege_transition,sshd,,/usr/sbin/sshd -D -R,,benign,,1778300597.297,40259,attack_window,20260508_212317_basic_enum_YrdGDI,20260508_212317_suid_exec_dns_vandalism_9o1sm3,recon,yes,0,/usr/sbin/sshd,,,0,0,4294967295,24192,21008,(none),4294967295
0.816129,recon/basic_enum,suid_exec,setresgid,privilege_transition,sshd,,/usr/sbin/sshd -D -R,,benign,,1778300597.297,40260,attack_window,20260508_212317_basic_enum_YrdGDI,20260508_212317_suid_exec_dns_vandalism_9o1sm3,recon,yes,0,/usr/sbin/sshd,,,0,0,4294967295,24192,21008,(none),4294967295
0.816129,recon/basic_enum,suid_exec,setresgid,privilege_transition,sshd,,/usr/sbin/sshd -D -R,,benign,,1778300597.297,40261,attack_window,20260508_212317_basic_enum_YrdGDI,20260508_212317_suid_exec_dns_vandalism_9o1sm3,recon,yes,0,/usr/sbin/sshd,,,0,0,4294967295,24192,21008,(none),4294967295
0.816129,recon/basic_enum,suid_exec,setresuid,privilege_transition,sshd,,/usr/sbin/sshd -D -R,,benign,,1778300597.297,40262,attack_window,20260508_212317_basic_enum_YrdGDI,20260508_212317_suid_exec_dns_vandalism_9o1sm3,recon,yes,0,/usr/sbin/sshd,,,0,1001,4294967295,24192,21008,(none),4294967295
0.816129,recon/basic_enum,suid_exec,connect,network_connect,sshd,,/usr/sbin/sshd -D -R,/,benign,,1778300597.297,40263,attack_window,20260508_212317_basic_enum_YrdGDI,20260508_212317_suid_exec_dns_vandalism_9o1sm3,recon,yes,0,/usr/sbin/sshd,/dev/log,/dev/log,0,1001,4294967295,24192,21008,(none),4294967295
0.816129,recon/basic_enum,suid_exec,setresuid,privilege_transition,sshd,,/usr/sbin/sshd -D -R,,benign,,1778300597.297,40264,attack_window,20260508_212317_basic_enum_YrdGDI,20260508_212317_suid_exec_dns_vandalism_9o1sm3,recon,yes,0,/usr/sbin/sshd,,,0,0,4294967295,24192,21008,(none),4294967295
0.817129,recon/basic_enum,suid_exec,setresgid,privilege_transition,sshd,,/usr/sbin/sshd -D -R,,benign,,1778300597.298,40265,attack_window,20260508_212317_basic_enum_YrdGDI,20260508_212317_suid_exec_dns_vandalism_9o1sm3,recon,yes,0,/usr/sbin/sshd,,,0,0,4294967295,24192,21008,(none),4294967295
0.817129,recon/basic_enum,suid_exec,,,,,,,ambiguous,,1778300597.298,40266,attack_window,20260508_212317_basic_enum_YrdGDI,20260508_212317_suid_exec_dns_vandalism_9o1sm3,recon,,,,,,,,,,,,
0.823129,recon/basic_enum,suid_exec,setresgid,privilege_transition,sshd,,/usr/sbin/sshd -D -R,,benign,,1778300597.304,40267,attack_window,20260508_212317_basic_enum_YrdGDI,20260508_212317_suid_exec_dns_vandalism_9o1sm3,recon,yes,0,/usr/sbin/sshd,,,0,0,4294967295,24192,21008,(none),4294967295
0.823129,recon/basic_enum,suid_exec,setresuid,privilege_transition,sshd,,/usr/sbin/sshd -D -R,,benign,,1778300597.304,40268,attack_window,20260508_212317_basic_enum_YrdGDI,20260508_212317_suid_exec_dns_vandalism_9o1sm3,recon,yes,0,/usr/sbin/sshd,,,0,1001,4294967295,24192,21008,(none),4294967295
0.823129,recon/basic_enum,suid_exec,setresuid,privilege_transition,sshd,,/usr/sbin/sshd -D -R,,benign,,1778300597.304,40269,attack_window,20260508_212317_basic_enum_YrdGDI,20260508_212317_suid_exec_dns_vandalism_9o1sm3,recon,yes,0,/usr/sbin/sshd,,,0,0,4294967295,24192,21008,(none),4294967295
0.823129,recon/basic_enum,suid_exec,setresgid,privilege_transition,sshd,,/usr/sbin/sshd -D -R,,benign,,1778300597.304,40270,attack_window,20260508_212317_basic_enum_YrdGDI,20260508_212317_suid_exec_dns_vandalism_9o1sm3,recon,yes,0,/usr/sbin/sshd,,,0,0,4294967295,24192,21008,(none),4294967295
0.823129,recon/basic_enum,suid_exec,setresgid,privilege_transition,sshd,,/usr/sbin/sshd -D -R,,benign,,1778300597.304,40271,attack_window,20260508_212317_basic_enum_YrdGDI,20260508_212317_suid_exec_dns_vandalism_9o1sm3,recon,yes,0,/usr/sbin/sshd,,,0,0,4294967295,24192,21008,(none),4294967295
0.823129,recon/basic_enum,suid_exec,setresuid,privilege_transition,sshd,,/usr/sbin/sshd -D -R,,benign,,1778300597.304,40272,attack_window,20260508_212317_basic_enum_YrdGDI,20260508_212317_suid_exec_dns_vandalism_9o1sm3,recon,yes,0,/usr/sbin/sshd,,,0,1001,4294967295,24192,21008,(none),4294967295
0.823129,recon/basic_enum,suid_exec,connect,network_connect,sshd,,/usr/sbin/sshd -D -R,/,benign,,1778300597.304,40273,attack_window,20260508_212317_basic_enum_YrdGDI,20260508_212317_suid_exec_dns_vandalism_9o1sm3,recon,yes,0,/usr/sbin/sshd,/dev/log,/dev/log,0,1001,4294967295,24192,21008,(none),4294967295
0.823129,recon/basic_enum,suid_exec,setresuid,privilege_transition,sshd,,/usr/sbin/sshd -D -R,,benign,,1778300597.304,40274,attack_window,20260508_212317_basic_enum_YrdGDI,20260508_212317_suid_exec_dns_vandalism_9o1sm3,recon,yes,0,/usr/sbin/sshd,,,0,0,4294967295,24192,21008,(none),4294967295
0.823129,recon/basic_enum,suid_exec,setresgid,privilege_transition,sshd,,/usr/sbin/sshd -D -R,,benign,,1778300597.304,40275,attack_window,20260508_212317_basic_enum_YrdGDI,20260508_212317_suid_exec_dns_vandalism_9o1sm3,recon,yes,0,/usr/sbin/sshd,,,0,0,4294967295,24192,21008,(none),4294967295
0.823129,recon/basic_enum,suid_exec,,,,,,,ambiguous,,1778300597.304,40276,attack_window,20260508_212317_basic_enum_YrdGDI,20260508_212317_suid_exec_dns_vandalism_9o1sm3,recon,,,,,,,,,,,,
0.848129,recon/basic_enum,suid_exec,connect,network_connect,sshd,,/usr/sbin/sshd -D -R,/,benign,,1778300597.329,40277,attack_window,20260508_212317_basic_enum_YrdGDI,20260508_212317_suid_exec_dns_vandalism_9o1sm3,recon,yes,0,/usr/sbin/sshd,/run/systemd/userdb/io.systemd.DynamicUser,/run/systemd/userdb/io.systemd.DynamicUser,0,0,4294967295,24192,21008,(none),4294967295
0.849129,recon/basic_enum,suid_exec,,,,,,,ambiguous,,1778300597.330,40278,attack_window,20260508_212317_basic_enum_YrdGDI,20260508_212317_suid_exec_dns_vandalism_9o1sm3,recon,,,,,,,,,,,,
0.854129,recon/basic_enum,suid_exec,,,,,,,ambiguous,,1778300597.335,40279,attack_window,20260508_212317_basic_enum_YrdGDI,20260508_212317_suid_exec_dns_vandalism_9o1sm3,recon,,,,,,,,,,,,
0.855129,recon/basic_enum,suid_exec,connect,network_connect,sshd,,/usr/sbin/sshd -D -R,/,benign,,1778300597.336,40280,attack_window,20260508_212317_basic_enum_YrdGDI,20260508_212317_suid_exec_dns_vandalism_9o1sm3,recon,yes,0,/usr/sbin/sshd,/dev/log,/dev/log,0,0,4294967295,24192,21008,(none),4294967295
0.855129,recon/basic_enum,suid_exec,connect,network_connect,sshd,,/usr/sbin/sshd -D -R,/,benign,,1778300597.336,40281,attack_window,20260508_212317_basic_enum_YrdGDI,20260508_212317_suid_exec_dns_vandalism_9o1sm3,recon,yes,0,/usr/sbin/sshd,/run/systemd/userdb/io.systemd.DynamicUser,/run/systemd/userdb/io.systemd.DynamicUser,0,0,4294967295,24192,21008,(none),4294967295
0.856129,recon/basic_enum,suid_exec,126,privilege_transition,sshd,,/usr/sbin/sshd -D -R,,benign,,1778300597.337,40282,attack_window,20260508_212317_basic_enum_YrdGDI,20260508_212317_suid_exec_dns_vandalism_9o1sm3,recon,yes,0,/usr/sbin/sshd,,,0,0,4294967295,24192,21008,(none),4294967295
0.856129,recon/basic_enum,suid_exec,,,,,,,ambiguous,,1778300597.337,40283,attack_window,20260508_212317_basic_enum_YrdGDI,20260508_212317_suid_exec_dns_vandalism_9o1sm3,recon,,,,,,,,,,,,
0.856129,recon/basic_enum,suid_exec,77,file_destroy,sshd,,/usr/sbin/sshd -D -R,,benign,,1778300597.337,40284,attack_window,20260508_212317_basic_enum_YrdGDI,20260508_212317_suid_exec_dns_vandalism_9o1sm3,recon,yes,0,/usr/sbin/sshd,,,0,0,4294967295,24192,21008,(none),4294967295
0.856129,recon/basic_enum,suid_exec,write,(null),sshd,,/usr/sbin/sshd -D -R,,benign,,1778300597.337,40285,attack_window,20260508_212317_basic_enum_YrdGDI,20260508_212317_suid_exec_dns_vandalism_9o1sm3,recon,yes,4,/usr/sbin/sshd,,,0,0,1001,24192,21008,(none),122
0.856129,recon/basic_enum,suid_exec,114,privilege_transition,sshd,,/usr/sbin/sshd -D -R,,benign,,1778300597.337,40286,attack_window,20260508_212317_basic_enum_YrdGDI,20260508_212317_suid_exec_dns_vandalism_9o1sm3,recon,yes,0,/usr/sbin/sshd,,,0,0,1001,24192,21008,(none),122
0.856129,recon/basic_enum,suid_exec,113,privilege_transition,sshd,,/usr/sbin/sshd -D -R,,benign,,1778300597.337,40287,attack_window,20260508_212317_basic_enum_YrdGDI,20260508_212317_suid_exec_dns_vandalism_9o1sm3,recon,yes,0,/usr/sbin/sshd,,,1001,0,1001,24192,21008,(none),122
0.856129,recon/basic_enum,suid_exec,113,privilege_transition,sshd,,/usr/sbin/sshd -D -R,,benign,,1778300597.337,40288,attack_window,20260508_212317_basic_enum_YrdGDI,20260508_212317_suid_exec_dns_vandalism_9o1sm3,recon,yes,0,/usr/sbin/sshd,,,0,0,1001,24192,21008,(none),122
0.856129,recon/basic_enum,suid_exec,114,privilege_transition,sshd,,/usr/sbin/sshd -D -R,,benign,,1778300597.337,40289,attack_window,20260508_212317_basic_enum_YrdGDI,20260508_212317_suid_exec_dns_vandalism_9o1sm3,recon,yes,0,/usr/sbin/sshd,,,0,0,1001,24192,21008,(none),122
0.857129,recon/basic_enum,suid_exec,connect,network_connect,sshd,,/usr/sbin/sshd -D -R,/,benign,,1778300597.338,40290,attack_window,20260508_212317_basic_enum_YrdGDI,20260508_212317_suid_exec_dns_vandalism_9o1sm3,recon,yes,0,/usr/sbin/sshd,/dev/log,/dev/log,0,0,1001,24192,21008,(none),122
0.857129,recon/basic_enum,suid_exec,connect,network_connect,sshd,,/usr/sbin/sshd -D -R,/,benign,,1778300597.338,40291,attack_window,20260508_212317_basic_enum_YrdGDI,20260508_212317_suid_exec_dns_vandalism_9o1sm3,recon,no,-2,/usr/sbin/sshd,/run/systemd/userdb/io.systemd.Multiplexer,/run/systemd/userdb/io.systemd.Multiplexer,0,0,1001,24192,21008,(none),122
0.857129,recon/basic_enum,suid_exec,connect,network_connect,sshd,,/usr/sbin/sshd -D -R,/,benign,,1778300597.338,40292,attack_window,20260508_212317_basic_enum_YrdGDI,20260508_212317_suid_exec_dns_vandalism_9o1sm3,recon,yes,0,/usr/sbin/sshd,/run/systemd/userdb/io.systemd.DynamicUser,/run/systemd/userdb/io.systemd.DynamicUser,0,0,1001,24192,21008,(none),122
0.857129,recon/basic_enum,suid_exec,connect,network_connect,sshd,,/usr/sbin/sshd -D -R,/,benign,,1778300597.338,40293,attack_window,20260508_212317_basic_enum_YrdGDI,20260508_212317_suid_exec_dns_vandalism_9o1sm3,recon,yes,0,/usr/sbin/sshd,/run/dbus/system_bus_socket,/run/dbus/system_bus_socket,0,0,1001,24192,21008,(none),122
0.867129,recon/basic_enum,suid_exec,execve,exec,sh,sh -c -- /usr/bin/env -i PATH=/usr/local/sbin:/usr/local/bin:/usr/sbin:/usr/bin:/sbin:/bin run-parts --lsbsysinit /etc/update-motd.d > /run/motd.dynamic.new,sh -c -- /usr/bin/env -i PATH=/usr/local/sbin:/usr/local/bin:/usr/sbin:/usr/bin:/sbin:/bin run-parts --lsbsysinit /etc/update-mo,/,benign,,1778300597.348,40294,attack_window,20260508_212317_basic_enum_YrdGDI,20260508_212317_suid_exec_dns_vandalism_9o1sm3,recon,yes,0,/usr/bin/dash,/bin/sh,/bin/sh|/lib64/ld-linux-x86-64.so.2,0,0,1001,24194,24192,(none),122
0.868129,recon/basic_enum,suid_exec,execve,exec,env,/usr/bin/env -i PATH=/usr/local/sbin:/usr/local/bin:/usr/sbin:/usr/bin:/sbin:/bin run-parts --lsbsysinit /etc/update-motd.d,/usr/bin/env -i PATH=/usr/local/sbin:/usr/local/bin:/usr/sbin:/usr/bin:/sbin:/bin run-parts --lsbsysinit /etc/update-motd.d,/,benign,,1778300597.349,40295,attack_window,20260508_212317_basic_enum_YrdGDI,20260508_212317_suid_exec_dns_vandalism_9o1sm3,recon,yes,0,/usr/bin/env,/usr/bin/env,/usr/bin/env|/lib64/ld-linux-x86-64.so.2,0,0,1001,24195,24194,(none),122
0.870129,recon/basic_enum,suid_exec,execve,exec,env,,/usr/bin/env -i PATH=/usr/local/sbin:/usr/local/bin:/usr/sbin:/usr/bin:/sbin:/bin run-parts --lsbsysinit /etc/update-motd.d,/,benign,,1778300597.351,40296,attack_window,20260508_212317_basic_enum_YrdGDI,20260508_212317_suid_exec_dns_vandalism_9o1sm3,recon,no,-2,/usr/bin/env,/usr/local/sbin/run-parts,/usr/local/sbin/run-parts,0,0,1001,24195,24194,(none),122
0.870129,recon/basic_enum,suid_exec,execve,exec,env,,/usr/bin/env -i PATH=/usr/local/sbin:/usr/local/bin:/usr/sbin:/usr/bin:/sbin:/bin run-parts --lsbsysinit /etc/update-motd.d,/,benign,,1778300597.351,40297,attack_window,20260508_212317_basic_enum_YrdGDI,20260508_212317_suid_exec_dns_vandalism_9o1sm3,recon,no,-2,/usr/bin/env,/usr/local/bin/run-parts,/usr/local/bin/run-parts,0,0,1001,24195,24194,(none),122
0.870129,recon/basic_enum,suid_exec,execve,exec,env,,/usr/bin/env -i PATH=/usr/local/sbin:/usr/local/bin:/usr/sbin:/usr/bin:/sbin:/bin run-parts --lsbsysinit /etc/update-motd.d,/,benign,,1778300597.351,40298,attack_window,20260508_212317_basic_enum_YrdGDI,20260508_212317_suid_exec_dns_vandalism_9o1sm3,recon,no,-2,/usr/bin/env,/usr/sbin/run-parts,/usr/sbin/run-parts,0,0,1001,24195,24194,(none),122
0.870129,recon/basic_enum,suid_exec,execve,exec,run-parts,run-parts --lsbsysinit /etc/update-motd.d,/usr/bin/env -i PATH=/usr/local/sbin:/usr/local/bin:/usr/sbin:/usr/bin:/sbin:/bin run-parts --lsbsysinit /etc/update-motd.d,/,benign,,1778300597.351,40299,attack_window,20260508_212317_basic_enum_YrdGDI,20260508_212317_suid_exec_dns_vandalism_9o1sm3,recon,yes,0,/usr/bin/run-parts,/usr/bin/run-parts,/usr/bin/run-parts|/lib64/ld-linux-x86-64.so.2,0,0,1001,24195,24194,(none),122
0.873129,recon/basic_enum,suid_exec,execve,exec,00-header,/bin/sh /etc/update-motd.d/00-header,/bin/sh /etc/update-motd.d/00-header,/,benign,,1778300597.354,40300,attack_window,20260508_212317_basic_enum_YrdGDI,20260508_212317_suid_exec_dns_vandalism_9o1sm3,recon,yes,0,/usr/bin/dash,/etc/update-motd.d/00-header,/etc/update-motd.d/00-header|/bin/sh|/lib64/ld-linux-x86-64.so.2,0,0,1001,24196,24195,(none),122
0.874129,recon/basic_enum,suid_exec,execve,exec,uname,uname -o,uname -o,/,benign,,1778300597.355,40301,attack_window,20260508_212317_basic_enum_YrdGDI,20260508_212317_suid_exec_dns_vandalism_9o1sm3,recon,yes,0,/usr/bin/uname,/usr/bin/uname,/usr/bin/uname|/lib64/ld-linux-x86-64.so.2,0,0,1001,24197,24196,(none),122
0.874129,recon/basic_enum,suid_exec,execve,exec,uname,uname -r,uname -r,/,benign,,1778300597.355,40302,attack_window,20260508_212317_basic_enum_YrdGDI,20260508_212317_suid_exec_dns_vandalism_9o1sm3,recon,yes,0,/usr/bin/uname,/usr/bin/uname,/usr/bin/uname|/lib64/ld-linux-x86-64.so.2,0,0,1001,24198,24196,(none),122
0.876129,recon/basic_enum,suid_exec,execve,exec,uname,uname -m,uname -m,/,benign,,1778300597.357,40303,attack_window,20260508_212317_basic_enum_YrdGDI,20260508_212317_suid_exec_dns_vandalism_9o1sm3,recon,yes,0,/usr/bin/uname,/usr/bin/uname,/usr/bin/uname|/lib64/ld-linux-x86-64.so.2,0,0,1001,24199,24196,(none),122
0.877129,recon/basic_enum,suid_exec,execve,exec,10-help-text,/bin/sh /etc/update-motd.d/10-help-text,/bin/sh /etc/update-motd.d/10-help-text,/,benign,,1778300597.358,40304,attack_window,20260508_212317_basic_enum_YrdGDI,20260508_212317_suid_exec_dns_vandalism_9o1sm3,recon,yes,0,/usr/bin/dash,/etc/update-motd.d/10-help-text,/etc/update-motd.d/10-help-text|/bin/sh|/lib64/ld-linux-x86-64.so.2,0,0,1001,24200,24195,(none),122
0.881129,recon/basic_enum,suid_exec,execve,exec,50-landscape-sy,/bin/sh /etc/update-motd.d/50-landscape-sysinfo,/bin/sh /etc/update-motd.d/50-landscape-sysinfo,/,benign,,1778300597.362,40305,attack_window,20260508_212317_basic_enum_YrdGDI,20260508_212317_suid_exec_dns_vandalism_9o1sm3,recon,yes,0,/usr/bin/dash,/etc/update-motd.d/50-landscape-sysinfo,/etc/update-motd.d/50-landscape-sysinfo|/bin/sh|/lib64/ld-linux-x86-64.so.2,0,0,1001,24201,24195,(none),122
0.882129,recon/basic_enum,suid_exec,execve,exec,find,find /var/lib/landscape/landscape-sysinfo.cache -newermt now-1 minutes,find /var/lib/landscape/landscape-sysinfo.cache -newermt now-1 minutes,/,benign,,1778300597.363,40306,attack_window,20260508_212317_basic_enum_YrdGDI,20260508_212317_suid_exec_dns_vandalism_9o1sm3,recon,yes,0,/usr/bin/find,/usr/bin/find,/usr/bin/find|/lib64/ld-linux-x86-64.so.2,0,0,1001,24202,24201,(none),122
0.883129,recon/basic_enum,suid_exec,execve,exec,cat,cat /var/lib/landscape/landscape-sysinfo.cache,cat /var/lib/landscape/landscape-sysinfo.cache,/,benign,,1778300597.364,40307,attack_window,20260508_212317_basic_enum_YrdGDI,20260508_212317_suid_exec_dns_vandalism_9o1sm3,recon,yes,0,/usr/bin/cat,/usr/bin/cat,/usr/bin/cat|/lib64/ld-linux-x86-64.so.2,0,0,1001,24203,24201,(none),122
0.885129,recon/basic_enum,suid_exec,execve,exec,50-motd-news,/bin/sh /etc/update-motd.d/50-motd-news,/bin/sh /etc/update-motd.d/50-motd-news,/,benign,,1778300597.366,40308,attack_window,20260508_212317_basic_enum_YrdGDI,20260508_212317_suid_exec_dns_vandalism_9o1sm3,recon,yes,0,/usr/bin/dash,/etc/update-motd.d/50-motd-news,/etc/update-motd.d/50-motd-news|/bin/sh|/lib64/ld-linux-x86-64.so.2,0,0,1001,24204,24195,(none),122
0.886129,recon/basic_enum,suid_exec,execve,exec,head,head -n 10,head -n 10,/,benign,,1778300597.367,40309,attack_window,20260508_212317_basic_enum_YrdGDI,20260508_212317_suid_exec_dns_vandalism_9o1sm3,recon,yes,0,/usr/bin/head,/usr/bin/head,/usr/bin/head|/lib64/ld-linux-x86-64.so.2,0,0,1001,24206,24204,(none),122
0.886129,recon/basic_enum,suid_exec,execve,exec,tr,tr -d \000-\011\013\014\016-\037,tr -d \000-\011\013\014\016-\037,/,benign,,1778300597.367,40310,attack_window,20260508_212317_basic_enum_YrdGDI,20260508_212317_suid_exec_dns_vandalism_9o1sm3,recon,yes,0,/usr/bin/tr,/usr/bin/tr,/usr/bin/tr|/lib64/ld-linux-x86-64.so.2,0,0,1001,24207,24204,(none),122
0.886129,recon/basic_enum,suid_exec,execve,exec,cut,cut -c -80,cut -c -80,/,benign,,1778300597.367,40311,attack_window,20260508_212317_basic_enum_YrdGDI,20260508_212317_suid_exec_dns_vandalism_9o1sm3,recon,yes,0,/usr/bin/cut,/usr/bin/cut,/usr/bin/cut|/lib64/ld-linux-x86-64.so.2,0,0,1001,24208,24204,(none),122
0.887129,recon/basic_enum,suid_exec,execve,exec,cat,cat /var/cache/motd-news,cat /var/cache/motd-news,/,benign,,1778300597.368,40312,attack_window,20260508_212317_basic_enum_YrdGDI,20260508_212317_suid_exec_dns_vandalism_9o1sm3,recon,yes,0,/usr/bin/cat,/usr/bin/cat,/usr/bin/cat|/lib64/ld-linux-x86-64.so.2,0,0,1001,24205,24204,(none),122
0.889129,recon/basic_enum,suid_exec,execve,exec,85-fwupd,/bin/sh /etc/update-motd.d/85-fwupd,/bin/sh /etc/update-motd.d/85-fwupd,/,benign,,1778300597.370,40313,attack_window,20260508_212317_basic_enum_YrdGDI,20260508_212317_suid_exec_dns_vandalism_9o1sm3,recon,yes,0,/usr/bin/dash,/etc/update-motd.d/85-fwupd,/etc/update-motd.d/85-fwupd|/bin/sh|/lib64/ld-linux-x86-64.so.2,0,0,1001,24209,24195,(none),122
0.890129,recon/basic_enum,suid_exec,execve,exec,cat,cat /run/motd.d/85-fwupd,cat /run/motd.d/85-fwupd,/,benign,,1778300597.371,40314,attack_window,20260508_212317_basic_enum_YrdGDI,20260508_212317_suid_exec_dns_vandalism_9o1sm3,recon,yes,0,/usr/bin/cat,/usr/bin/cat,/usr/bin/cat|/lib64/ld-linux-x86-64.so.2,0,0,1001,24210,24209,(none),122
0.891129,recon/basic_enum,suid_exec,execve,exec,90-updates-avai,/bin/sh /etc/update-motd.d/90-updates-available,/bin/sh /etc/update-motd.d/90-updates-available,/,benign,,1778300597.372,40315,attack_window,20260508_212317_basic_enum_YrdGDI,20260508_212317_suid_exec_dns_vandalism_9o1sm3,recon,yes,0,/usr/bin/dash,/etc/update-motd.d/90-updates-available,/etc/update-motd.d/90-updates-available|/bin/sh|/lib64/ld-linux-x86-64.so.2,0,0,1001,24211,24195,(none),122
0.895129,recon/basic_enum,suid_exec,execve,exec,cat,cat /var/lib/update-notifier/updates-available,cat /var/lib/update-notifier/updates-available,/,benign,,1778300597.376,40316,attack_window,20260508_212317_basic_enum_YrdGDI,20260508_212317_suid_exec_dns_vandalism_9o1sm3,recon,yes,0,/usr/bin/cat,/usr/bin/cat,/usr/bin/cat|/lib64/ld-linux-x86-64.so.2,0,0,1001,24212,24211,(none),122
0.896129,recon/basic_enum,suid_exec,execve,exec,find,find /var/lib/update-notifier/updates-available -newermt now-7 days,find /var/lib/update-notifier/updates-available -newermt now-7 days,/,benign,,1778300597.377,40317,attack_window,20260508_212317_basic_enum_YrdGDI,20260508_212317_suid_exec_dns_vandalism_9o1sm3,recon,yes,0,/usr/bin/find,/usr/bin/find,/usr/bin/find|/lib64/ld-linux-x86-64.so.2,0,0,1001,24213,24211,(none),122
0.896129,recon/basic_enum,suid_exec,execve,exec,grep,grep -q -m 1 .,grep -q -m 1 .,/,benign,,1778300597.377,40318,attack_window,20260508_212317_basic_enum_YrdGDI,20260508_212317_suid_exec_dns_vandalism_9o1sm3,recon,yes,0,/usr/bin/grep,/usr/bin/grep,/usr/bin/grep|/lib64/ld-linux-x86-64.so.2,0,0,1001,24214,24211,(none),122
0.902129,recon/basic_enum,suid_exec,execve,exec,91-contract-ua-,/bin/sh /etc/update-motd.d/91-contract-ua-esm-status,/bin/sh /etc/update-motd.d/91-contract-ua-esm-status,/,benign,,1778300597.383,40319,attack_window,20260508_212317_basic_enum_YrdGDI,20260508_212317_suid_exec_dns_vandalism_9o1sm3,recon,yes,0,/usr/bin/dash,/etc/update-motd.d/91-contract-ua-esm-status,/etc/update-motd.d/91-contract-ua-esm-status|/bin/sh|/lib64/ld-linux-x86-64.so.2,0,0,1001,24215,24195,(none),122
0.903129,recon/basic_enum,suid_exec,execve,exec,91-release-upgr,/bin/sh /etc/update-motd.d/91-release-upgrade,/bin/sh /etc/update-motd.d/91-release-upgrade,/,benign,,1778300597.384,40320,attack_window,20260508_212317_basic_enum_YrdGDI,20260508_212317_suid_exec_dns_vandalism_9o1sm3,recon,yes,0,/usr/bin/dash,/etc/update-motd.d/91-release-upgrade,/etc/update-motd.d/91-release-upgrade|/bin/sh|/lib64/ld-linux-x86-64.so.2,0,0,1001,24216,24195,(none),122
0.904129,recon/basic_enum,suid_exec,execve,exec,cut,cut -d -f4,cut -d -f4,/,benign,,1778300597.385,40321,attack_window,20260508_212317_basic_enum_YrdGDI,20260508_212317_suid_exec_dns_vandalism_9o1sm3,recon,yes,0,/usr/bin/cut,/usr/bin/cut,/usr/bin/cut|/lib64/ld-linux-x86-64.so.2,0,0,1001,24219,24217,(none),122
0.906129,recon/basic_enum,suid_exec,execve,exec,id,id -u,id -u,/,benign,,1778300597.387,40322,attack_window,20260508_212317_basic_enum_YrdGDI,20260508_212317_suid_exec_dns_vandalism_9o1sm3,recon,yes,0,/usr/bin/id,/usr/bin/id,/usr/bin/id|/lib64/ld-linux-x86-64.so.2,0,0,1001,24220,24216,(none),122
0.907129,recon/basic_enum,suid_exec,execve,exec,release-upgrade,/bin/sh -e /usr/lib/ubuntu-release-upgrader/release-upgrade-motd,/bin/sh /etc/update-motd.d/91-release-upgrade,/,benign,,1778300597.388,40323,attack_window,20260508_212317_basic_enum_YrdGDI,20260508_212317_suid_exec_dns_vandalism_9o1sm3,recon,yes,0,/usr/bin/dash,/usr/lib/ubuntu-release-upgrader/release-upgrade-motd,/usr/lib/ubuntu-release-upgrader/release-upgrade-motd|/bin/sh|/lib64/ld-linux-x86-64.so.2,0,0,1001,24216,24195,(none),122
0.908129,recon/basic_enum,suid_exec,execve,exec,date,date +%s,date +%s,/,benign,,1778300597.389,40324,attack_window,20260508_212317_basic_enum_YrdGDI,20260508_212317_suid_exec_dns_vandalism_9o1sm3,recon,yes,0,/usr/bin/date,/usr/bin/date,/usr/bin/date|/lib64/ld-linux-x86-64.so.2,0,0,1001,24221,24216,(none),122
0.909129,recon/basic_enum,suid_exec,execve,exec,stat,stat -c %Y /var/lib/ubuntu-release-upgrader/release-upgrade-available,stat -c %Y /var/lib/ubuntu-release-upgrader/release-upgrade-available,/,benign,,1778300597.390,40325,attack_window,20260508_212317_basic_enum_YrdGDI,20260508_212317_suid_exec_dns_vandalism_9o1sm3,recon,yes,0,/usr/bin/stat,/usr/bin/stat,/usr/bin/stat|/lib64/ld-linux-x86-64.so.2,0,0,1001,24222,24216,(none),122
0.910129,recon/basic_enum,suid_exec,execve,exec,expr,expr 1778282941 + 86400,expr 1778282941 + 86400,/,benign,,1778300597.391,40326,attack_window,20260508_212317_basic_enum_YrdGDI,20260508_212317_suid_exec_dns_vandalism_9o1sm3,recon,yes,0,/usr/bin/expr,/usr/bin/expr,/usr/bin/expr|/lib64/ld-linux-x86-64.so.2,0,0,1001,24223,24216,(none),122
0.911129,recon/basic_enum,suid_exec,execve,exec,92-unattended-u,/bin/sh /etc/update-motd.d/92-unattended-upgrades,/bin/sh /etc/update-motd.d/92-unattended-upgrades,/,benign,,1778300597.392,40327,attack_window,20260508_212317_basic_enum_YrdGDI,20260508_212317_suid_exec_dns_vandalism_9o1sm3,recon,yes,0,/usr/bin/dash,/etc/update-motd.d/92-unattended-upgrades,/etc/update-motd.d/92-unattended-upgrades|/bin/sh|/lib64/ld-linux-x86-64.so.2,0,0,1001,24224,24195,(none),122
0.912129,recon/basic_enum,suid_exec,execve,exec,update-motd-una,/bin/sh /usr/share/unattended-upgrades/update-motd-unattended-upgrades,/bin/sh /etc/update-motd.d/92-unattended-upgrades,/,benign,,1778300597.393,40328,attack_window,20260508_212317_basic_enum_YrdGDI,20260508_212317_suid_exec_dns_vandalism_9o1sm3,recon,yes,0,/usr/bin/dash,/usr/share/unattended-upgrades/update-motd-unattended-upgrades,/usr/share/unattended-upgrades/update-motd-unattended-upgrades|/bin/sh|/lib64/ld-linux-x86-64.so.2,0,0,1001,24224,24195,(none),122
0.913129,recon/basic_enum,suid_exec,execve,exec,95-hwe-eol,/bin/sh /etc/update-motd.d/95-hwe-eol,/bin/sh /etc/update-motd.d/95-hwe-eol,/,benign,,1778300597.394,40329,attack_window,20260508_212317_basic_enum_YrdGDI,20260508_212317_suid_exec_dns_vandalism_9o1sm3,recon,yes,0,/usr/bin/dash,/etc/update-motd.d/95-hwe-eol,/etc/update-motd.d/95-hwe-eol|/bin/sh|/lib64/ld-linux-x86-64.so.2,0,0,1001,24225,24195,(none),122
0.914129,recon/basic_enum,suid_exec,execve,exec,find,find /var/lib/update-notifier/hwe-eol -newermt now-1 days,find /var/lib/update-notifier/hwe-eol -newermt now-1 days,/,benign,,1778300597.395,40330,attack_window,20260508_212317_basic_enum_YrdGDI,20260508_212317_suid_exec_dns_vandalism_9o1sm3,recon,yes,0,/usr/bin/find,/usr/bin/find,/usr/bin/find|/lib64/ld-linux-x86-64.so.2,0,0,1001,24226,24225,(none),122
0.915129,recon/basic_enum,suid_exec,execve,exec,97-overlayroot,/bin/sh /etc/update-motd.d/97-overlayroot,/bin/sh /etc/update-motd.d/97-overlayroot,/,benign,,1778300597.396,40331,attack_window,20260508_212317_basic_enum_YrdGDI,20260508_212317_suid_exec_dns_vandalism_9o1sm3,recon,yes,0,/usr/bin/dash,/etc/update-motd.d/97-overlayroot,/etc/update-motd.d/97-overlayroot|/bin/sh|/lib64/ld-linux-x86-64.so.2,0,0,1001,24227,24195,(none),122
0.916129,recon/basic_enum,suid_exec,execve,exec,egrep,/bin/sh /usr/bin/egrep overlayroot|/media/root-ro|/media/root-rw /proc/mounts,/bin/sh /usr/bin/egrep overlayroot|/media/root-ro|/media/root-rw /proc/mounts,/,benign,,1778300597.397,40332,attack_window,20260508_212317_basic_enum_YrdGDI,20260508_212317_suid_exec_dns_vandalism_9o1sm3,recon,yes,0,/usr/bin/dash,/usr/bin/egrep,/usr/bin/egrep|/bin/sh|/lib64/ld-linux-x86-64.so.2,0,0,1001,24229,24228,(none),122
0.917129,recon/basic_enum,suid_exec,execve,exec,egrep,,/bin/sh /usr/bin/egrep overlayroot|/media/root-ro|/media/root-rw /proc/mounts,/,benign,,1778300597.398,40333,attack_window,20260508_212317_basic_enum_YrdGDI,20260508_212317_suid_exec_dns_vandalism_9o1sm3,recon,no,-2,/usr/bin/dash,/usr/local/sbin/grep,/usr/local/sbin/grep,0,0,1001,24229,24228,(none),122
0.917129,recon/basic_enum,suid_exec,execve,exec,egrep,,/bin/sh /usr/bin/egrep overlayroot|/media/root-ro|/media/root-rw /proc/mounts,/,benign,,1778300597.398,40334,attack_window,20260508_212317_basic_enum_YrdGDI,20260508_212317_suid_exec_dns_vandalism_9o1sm3,recon,no,-2,/usr/bin/dash,/usr/local/bin/grep,/usr/local/bin/grep,0,0,1001,24229,24228,(none),122
0.917129,recon/basic_enum,suid_exec,execve,exec,egrep,,/bin/sh /usr/bin/egrep overlayroot|/media/root-ro|/media/root-rw /proc/mounts,/,benign,,1778300597.398,40335,attack_window,20260508_212317_basic_enum_YrdGDI,20260508_212317_suid_exec_dns_vandalism_9o1sm3,recon,no,-2,/usr/bin/dash,/usr/sbin/grep,/usr/sbin/grep,0,0,1001,24229,24228,(none),122
0.917129,recon/basic_enum,suid_exec,execve,exec,grep,grep -E overlayroot|/media/root-ro|/media/root-rw /proc/mounts,/bin/sh /usr/bin/egrep overlayroot|/media/root-ro|/media/root-rw /proc/mounts,/,benign,,1778300597.398,40336,attack_window,20260508_212317_basic_enum_YrdGDI,20260508_212317_suid_exec_dns_vandalism_9o1sm3,recon,yes,0,/usr/bin/grep,/usr/bin/grep,/usr/bin/grep|/lib64/ld-linux-x86-64.so.2,0,0,1001,24229,24228,(none),122
0.919129,recon/basic_enum,suid_exec,execve,exec,sort,sort -r,sort -r,/,benign,,1778300597.400,40337,attack_window,20260508_212317_basic_enum_YrdGDI,20260508_212317_suid_exec_dns_vandalism_9o1sm3,recon,yes,0,/usr/bin/sort,/usr/bin/sort,/usr/bin/sort|/lib64/ld-linux-x86-64.so.2,0,0,1001,24230,24228,(none),122
0.920129,recon/basic_enum,suid_exec,execve,exec,98-fsck-at-rebo,/bin/sh /etc/update-motd.d/98-fsck-at-reboot,/bin/sh /etc/update-motd.d/98-fsck-at-reboot,/,benign,,1778300597.401,40338,attack_window,20260508_212317_basic_enum_YrdGDI,20260508_212317_suid_exec_dns_vandalism_9o1sm3,recon,yes,0,/usr/bin/dash,/etc/update-motd.d/98-fsck-at-reboot,/etc/update-motd.d/98-fsck-at-reboot|/bin/sh|/lib64/ld-linux-x86-64.so.2,0,0,1001,24231,24195,(none),122
0.921129,recon/basic_enum,suid_exec,execve,exec,update-motd-fsc,/bin/sh /usr/lib/update-notifier/update-motd-fsck-at-reboot,/bin/sh /etc/update-motd.d/98-fsck-at-reboot,/,benign,,1778300597.402,40339,attack_window,20260508_212317_basic_enum_YrdGDI,20260508_212317_suid_exec_dns_vandalism_9o1sm3,recon,yes,0,/usr/bin/dash,/usr/lib/update-notifier/update-motd-fsck-at-reboot,/usr/lib/update-notifier/update-motd-fsck-at-reboot|/bin/sh|/lib64/ld-linux-x86-64.so.2,0,0,1001,24231,24195,(none),122
0.922129,recon/basic_enum,suid_exec,execve,exec,id,id -u,id -u,/,benign,,1778300597.403,40340,attack_window,20260508_212317_basic_enum_YrdGDI,20260508_212317_suid_exec_dns_vandalism_9o1sm3,recon,yes,0,/usr/bin/id,/usr/bin/id,/usr/bin/id|/lib64/ld-linux-x86-64.so.2,0,0,1001,24232,24231,(none),122
0.923129,recon/basic_enum,suid_exec,execve,exec,stat,stat -c %Y /var/lib/update-notifier/fsck-at-reboot,stat -c %Y /var/lib/update-notifier/fsck-at-reboot,/,benign,,1778300597.404,40341,attack_window,20260508_212317_basic_enum_YrdGDI,20260508_212317_suid_exec_dns_vandalism_9o1sm3,recon,yes,0,/usr/bin/stat,/usr/bin/stat,/usr/bin/stat|/lib64/ld-linux-x86-64.so.2,0,0,1001,24233,24231,(none),122
0.925129,recon/basic_enum,suid_exec,execve,exec,awk,awk {print $1} /proc/uptime,awk {print $1} /proc/uptime,/,benign,,1778300597.406,40342,attack_window,20260508_212317_basic_enum_YrdGDI,20260508_212317_suid_exec_dns_vandalism_9o1sm3,recon,yes,0,/usr/bin/gawk,/usr/bin/awk,/usr/bin/awk|/lib64/ld-linux-x86-64.so.2,0,0,1001,24235,24234,(none),122
0.926129,recon/basic_enum,suid_exec,execve,exec,date,date -d now - 2843.75 seconds +%s,date -d now - 2843.75 seconds +%s,/,benign,,1778300597.407,40343,attack_window,20260508_212317_basic_enum_YrdGDI,20260508_212317_suid_exec_dns_vandalism_9o1sm3,recon,yes,0,/usr/bin/date,/usr/bin/date,/usr/bin/date|/lib64/ld-linux-x86-64.so.2,0,0,1001,24234,24231,(none),122
0.927129,recon/basic_enum,suid_exec,execve,exec,date,date +%s,date +%s,/,benign,,1778300597.408,40344,attack_window,20260508_212317_basic_enum_YrdGDI,20260508_212317_suid_exec_dns_vandalism_9o1sm3,recon,yes,0,/usr/bin/date,/usr/bin/date,/usr/bin/date|/lib64/ld-linux-x86-64.so.2,0,0,1001,24236,24231,(none),122
0.928129,recon/basic_enum,suid_exec,execve,exec,cat,cat /var/lib/update-notifier/fsck-at-reboot,cat /var/lib/update-notifier/fsck-at-reboot,/,benign,,1778300597.409,40345,attack_window,20260508_212317_basic_enum_YrdGDI,20260508_212317_suid_exec_dns_vandalism_9o1sm3,recon,yes,0,/usr/bin/cat,/usr/bin/cat,/usr/bin/cat|/lib64/ld-linux-x86-64.so.2,0,0,1001,24237,24231,(none),122
0.929129,recon/basic_enum,suid_exec,execve,exec,98-reboot-requi,/bin/sh /etc/update-motd.d/98-reboot-required,/bin/sh /etc/update-motd.d/98-reboot-required,/,benign,,1778300597.410,40346,attack_window,20260508_212317_basic_enum_YrdGDI,20260508_212317_suid_exec_dns_vandalism_9o1sm3,recon,yes,0,/usr/bin/dash,/etc/update-motd.d/98-reboot-required,/etc/update-motd.d/98-reboot-required|/bin/sh|/lib64/ld-linux-x86-64.so.2,0,0,1001,24238,24195,(none),122
0.930129,recon/basic_enum,suid_exec,execve,exec,update-motd-reb,/bin/sh -e /usr/lib/update-notifier/update-motd-reboot-required,/bin/sh /etc/update-motd.d/98-reboot-required,/,benign,,1778300597.411,40347,attack_window,20260508_212317_basic_enum_YrdGDI,20260508_212317_suid_exec_dns_vandalism_9o1sm3,recon,yes,0,/usr/bin/dash,/usr/lib/update-notifier/update-motd-reboot-required,/usr/lib/update-notifier/update-motd-reboot-required|/bin/sh|/lib64/ld-linux-x86-64.so.2,0,0,1001,24238,24195,(none),122
0.931129,recon/basic_enum,suid_exec,rename,file_destroy,sshd,,/usr/sbin/sshd -D -R,/,benign,,1778300597.412,40348,attack_window,20260508_212317_basic_enum_YrdGDI,20260508_212317_suid_exec_dns_vandalism_9o1sm3,recon,yes,0,/usr/sbin/sshd,/run/,/run/|/run/motd.dynamic.new|/run/motd.dynamic,0,0,1001,24192,21008,(none),122
0.932129,recon/basic_enum,suid_exec,connect,network_connect,sshd,,/usr/sbin/sshd -D -R,/,benign,,1778300597.413,40349,attack_window,20260508_212317_basic_enum_YrdGDI,20260508_212317_suid_exec_dns_vandalism_9o1sm3,recon,yes,0,/usr/sbin/sshd,/run/systemd/userdb/io.systemd.DynamicUser,/run/systemd/userdb/io.systemd.DynamicUser,0,0,1001,24192,21008,(none),122
0.932129,recon/basic_enum,suid_exec,connect,network_connect,sshd,,/usr/sbin/sshd -D -R,/,benign,,1778300597.413,40350,attack_window,20260508_212317_basic_enum_YrdGDI,20260508_212317_suid_exec_dns_vandalism_9o1sm3,recon,yes,0,/usr/sbin/sshd,/run/systemd/userdb/io.systemd.DynamicUser,/run/systemd/userdb/io.systemd.DynamicUser,0,0,1001,24192,21008,(none),122
0.932129,recon/basic_enum,suid_exec,connect,network_connect,sshd,,/usr/sbin/sshd -D -R,/,benign,,1778300597.413,40351,attack_window,20260508_212317_basic_enum_YrdGDI,20260508_212317_suid_exec_dns_vandalism_9o1sm3,recon,yes,0,/usr/sbin/sshd,/run/systemd/userdb/io.systemd.DynamicUser,/run/systemd/userdb/io.systemd.DynamicUser,0,0,1001,24192,21008,(none),122
0.932129,recon/basic_enum,suid_exec,connect,network_connect,sshd,,/usr/sbin/sshd -D -R,/,benign,,1778300597.413,40352,attack_window,20260508_212317_basic_enum_YrdGDI,20260508_212317_suid_exec_dns_vandalism_9o1sm3,recon,yes,0,/usr/sbin/sshd,/run/systemd/userdb/io.systemd.DynamicUser,/run/systemd/userdb/io.systemd.DynamicUser,0,0,1001,24192,21008,(none),122
0.933129,recon/basic_enum,suid_exec,connect,network_connect,sshd,,/usr/sbin/sshd -D -R,/,benign,,1778300597.414,40353,attack_window,20260508_212317_basic_enum_YrdGDI,20260508_212317_suid_exec_dns_vandalism_9o1sm3,recon,yes,0,/usr/sbin/sshd,/run/systemd/userdb/io.systemd.DynamicUser,/run/systemd/userdb/io.systemd.DynamicUser,0,0,1001,24192,21008,(none),122
0.933129,recon/basic_enum,suid_exec,,,,,,,ambiguous,,1778300597.414,40354,attack_window,20260508_212317_basic_enum_YrdGDI,20260508_212317_suid_exec_dns_vandalism_9o1sm3,recon,,,,,,,,,,,,
0.934129,recon/basic_enum,suid_exec,setgid,privilege_transition,sshd,,sshd: deploy-rkejw [priv],,benign,,1778300597.415,40355,attack_window,20260508_212317_basic_enum_YrdGDI,20260508_212317_suid_exec_dns_vandalism_9o1sm3,recon,yes,0,/usr/sbin/sshd,,,0,0,1001,24239,24192,(none),122
0.934129,recon/basic_enum,suid_exec,connect,network_connect,sshd,,sshd: deploy-rkejw [priv],/,benign,,1778300597.415,40356,attack_window,20260508_212317_basic_enum_YrdGDI,20260508_212317_suid_exec_dns_vandalism_9o1sm3,recon,yes,0,/usr/sbin/sshd,/run/systemd/userdb/io.systemd.DynamicUser,/run/systemd/userdb/io.systemd.DynamicUser,0,0,1001,24239,24192,(none),122
0.934129,recon/basic_enum,suid_exec,connect,network_connect,sshd,,sshd: deploy-rkejw [priv],/,benign,,1778300597.415,40357,attack_window,20260508_212317_basic_enum_YrdGDI,20260508_212317_suid_exec_dns_vandalism_9o1sm3,recon,yes,0,/usr/sbin/sshd,/run/systemd/userdb/io.systemd.DynamicUser,/run/systemd/userdb/io.systemd.DynamicUser,0,0,1001,24239,24192,(none),122
0.934129,recon/basic_enum,suid_exec,126,privilege_transition,sshd,,sshd: deploy-rkejw [priv],,benign,,1778300597.415,40358,attack_window,20260508_212317_basic_enum_YrdGDI,20260508_212317_suid_exec_dns_vandalism_9o1sm3,recon,yes,0,/usr/sbin/sshd,,,0,0,1001,24239,24192,(none),122
0.934129,recon/basic_enum,suid_exec,,,,,,,ambiguous,,1778300597.415,40359,attack_window,20260508_212317_basic_enum_YrdGDI,20260508_212317_suid_exec_dns_vandalism_9o1sm3,recon,,,,,,,,,,,,
0.934129,recon/basic_enum,suid_exec,setresgid,privilege_transition,sshd,,sshd: deploy-rkejw [priv],,benign,,1778300597.415,40360,attack_window,20260508_212317_basic_enum_YrdGDI,20260508_212317_suid_exec_dns_vandalism_9o1sm3,recon,yes,0,/usr/sbin/sshd,,,0,0,1001,24239,24192,(none),122
0.934129,recon/basic_enum,suid_exec,setresuid,privilege_transition,sshd,,sshd: deploy-rkejw [priv],,benign,,1778300597.415,40361,attack_window,20260508_212317_basic_enum_YrdGDI,20260508_212317_suid_exec_dns_vandalism_9o1sm3,recon,yes,0,/usr/sbin/sshd,,,1001,1001,1001,24239,24192,(none),122
0.934129,recon/basic_enum,suid_exec,setuid,privilege_transition,sshd,,sshd: deploy-rkejw [priv],,benign,,1778300597.415,40362,attack_window,20260508_212317_basic_enum_YrdGDI,20260508_212317_suid_exec_dns_vandalism_9o1sm3,recon,no,-1,/usr/sbin/sshd,,,1001,1001,1001,24239,24192,(none),122
0.934129,recon/basic_enum,suid_exec,setresuid,privilege_transition,sshd,,sshd: deploy-rkejw [priv],,benign,,1778300597.415,40363,attack_window,20260508_212317_basic_enum_YrdGDI,20260508_212317_suid_exec_dns_vandalism_9o1sm3,recon,no,-1,/usr/sbin/sshd,,,1001,1001,1001,24239,24192,(none),122
0.943129,recon/basic_enum,suid_exec,execve,exec,date,date -Is,date -Is,/home/analyst/baseline_workload/run_20260509_041538,benign,,1778300597.424,40364,attack_window,20260508_212317_basic_enum_YrdGDI,20260508_212317_suid_exec_dns_vandalism_9o1sm3,recon,yes,0,/usr/bin/date,/usr/bin/date,/usr/bin/date|/lib64/ld-linux-x86-64.so.2,1000,1000,1000,24240,23981,(none),25
0.944129,recon/basic_enum,suid_exec,openat,home_activity,bash,,bash ./baseline_workload.sh worker 20260509_041538,/home/analyst/baseline_workload/run_20260509_041538,benign,,1778300597.425,40365,attack_window,20260508_212317_basic_enum_YrdGDI,20260508_212317_suid_exec_dns_vandalism_9o1sm3,recon,yes,3,/usr/bin/bash,logs/,logs/|logs/python_hash_10.log,1000,1000,1000,24241,15400,(none),25
0.944129,recon/basic_enum,suid_exec,execve,exec,python3,"python3 -c import hashlib, os; print(hashlib.sha256(os.urandom(64)).hexdigest())",bash ./baseline_workload.sh worker 20260509_041538,/home/analyst/baseline_workload/run_20260509_041538,benign,,1778300597.425,40366,attack_window,20260508_212317_basic_enum_YrdGDI,20260508_212317_suid_exec_dns_vandalism_9o1sm3,recon,yes,0,/usr/bin/python3.12,/usr/bin/python3,/usr/bin/python3|/lib64/ld-linux-x86-64.so.2,1000,1000,1000,24241,15400,(none),25
0.957129,recon/basic_enum,suid_exec,execve,exec,sleep,sleep 2,sleep 2,/home/analyst/baseline_workload/run_20260509_041538,benign,,1778300597.438,40367,attack_window,20260508_212317_basic_enum_YrdGDI,20260508_212317_suid_exec_dns_vandalism_9o1sm3,recon,yes,0,/usr/bin/sleep,/usr/bin/sleep,/usr/bin/sleep|/lib64/ld-linux-x86-64.so.2,1000,1000,1000,24242,15400,(none),25
0.983129,recon/basic_enum,suid_exec,execve,shell_exec,bash,bash -c /usr/lib/openssh/sftp-server,bash -c /usr/lib/openssh/sftp-server,/home/deploy-rkejw,benign,,1778300597.464,40368,attack_window,20260508_212317_basic_enum_YrdGDI,20260508_212317_suid_exec_dns_vandalism_9o1sm3,recon,yes,0,/usr/bin/bash,/bin/bash,/bin/bash|/lib64/ld-linux-x86-64.so.2,1001,1001,1001,24243,24239,(none),122
0.984129,recon/basic_enum,suid_exec,execve,exec,sftp-server,/usr/lib/openssh/sftp-server,bash -c /usr/lib/openssh/sftp-server,/home/deploy-rkejw,benign,,1778300597.465,40369,attack_window,20260508_212317_basic_enum_YrdGDI,20260508_212317_suid_exec_dns_vandalism_9o1sm3,recon,yes,0,/usr/lib/openssh/sftp-server,/usr/lib/openssh/sftp-server,/usr/lib/openssh/sftp-server|/lib64/ld-linux-x86-64.so.2,1001,1001,1001,24243,24239,(none),122
0.985129,recon/basic_enum,suid_exec,connect,network_connect,sftp-server,,bash -c /usr/lib/openssh/sftp-server,/home/deploy-rkejw,benign,,1778300597.466,40370,attack_window,20260508_212317_basic_enum_YrdGDI,20260508_212317_suid_exec_dns_vandalism_9o1sm3,recon,no,-2,/usr/lib/openssh/sftp-server,/var/run/nscd/socket,/var/run/nscd/socket,1001,1001,1001,24243,24239,(none),122
0.985129,recon/basic_enum,suid_exec,connect,network_connect,sftp-server,,bash -c /usr/lib/openssh/sftp-server,/home/deploy-rkejw,benign,,1778300597.466,40371,attack_window,20260508_212317_basic_enum_YrdGDI,20260508_212317_suid_exec_dns_vandalism_9o1sm3,recon,no,-2,/usr/lib/openssh/sftp-server,/var/run/nscd/socket,/var/run/nscd/socket,1001,1001,1001,24243,24239,(none),122
0.987129,recon/basic_enum,suid_exec,openat,tmp_activity,sftp-server,,bash -c /usr/lib/openssh/sftp-server,/home/deploy-rkejw,benign,,1778300597.468,40372,attack_window,20260508_212317_basic_enum_YrdGDI,20260508_212317_suid_exec_dns_vandalism_9o1sm3,recon,yes,3,/usr/lib/openssh/sftp-server,/dev/shm/aegis_20260508_212317_basic_enum_YrdGDI/,/dev/shm/aegis_20260508_212317_basic_enum_YrdGDI/|/dev/shm/aegis_20260508_212317_basic_enum_YrdGDI/aegis_suid_exec_20260508_212317_basic_enum_YrdGDI_setuid.py,1001,1001,1001,24243,24239,(none),122
0.989129,recon/basic_enum,suid_exec,77,file_destroy,sftp-server,,bash -c /usr/lib/openssh/sftp-server,,benign,,1778300597.470,40373,attack_window,20260508_212317_basic_enum_YrdGDI,20260508_212317_suid_exec_dns_vandalism_9o1sm3,recon,yes,0,/usr/lib/openssh/sftp-server,,,1001,1001,1001,24243,24239,(none),122
0.991129,recon/basic_enum,suid_exec,connect,network_connect,sshd,,sshd: deploy-rkejw [priv],/,benign,,1778300597.472,40374,attack_window,20260508_212317_basic_enum_YrdGDI,20260508_212317_suid_exec_dns_vandalism_9o1sm3,recon,yes,0,/usr/sbin/sshd,/dev/log,/dev/log,1001,1001,1001,24239,24192,(none),122
0.991129,recon/basic_enum,suid_exec,114,privilege_transition,sshd,,/usr/sbin/sshd -D -R,,benign,,1778300597.472,40375,attack_window,20260508_212317_basic_enum_YrdGDI,20260508_212317_suid_exec_dns_vandalism_9o1sm3,recon,yes,0,/usr/sbin/sshd,,,0,0,1001,24192,21008,(none),122
0.991129,recon/basic_enum,suid_exec,setresuid,privilege_transition,sshd,,/usr/sbin/sshd -D -R,,benign,,1778300597.472,40376,attack_window,20260508_212317_basic_enum_YrdGDI,20260508_212317_suid_exec_dns_vandalism_9o1sm3,recon,yes,0,/usr/sbin/sshd,,,0,1001,1001,24192,21008,(none),122
0.991129,recon/basic_enum,suid_exec,113,privilege_transition,sshd,,/usr/sbin/sshd -D -R,,benign,,1778300597.472,40377,attack_window,20260508_212317_basic_enum_YrdGDI,20260508_212317_suid_exec_dns_vandalism_9o1sm3,recon,yes,0,/usr/sbin/sshd,,,0,0,1001,24192,21008,(none),122
0.991129,recon/basic_enum,suid_exec,114,privilege_transition,sshd,,/usr/sbin/sshd -D -R,,benign,,1778300597.472,40378,attack_window,20260508_212317_basic_enum_YrdGDI,20260508_212317_suid_exec_dns_vandalism_9o1sm3,recon,yes,0,/usr/sbin/sshd,,,0,0,1001,24192,21008,(none),122
0.991129,recon/basic_enum,suid_exec,connect,network_connect,sshd,,/usr/sbin/sshd -D -R,/,benign,,1778300597.472,40379,attack_window,20260508_212317_basic_enum_YrdGDI,20260508_212317_suid_exec_dns_vandalism_9o1sm3,recon,yes,0,/usr/sbin/sshd,/run/dbus/system_bus_socket,/run/dbus/system_bus_socket,0,0,1001,24192,21008,(none),122
0.992129,recon/basic_enum,suid_exec,,,,,,,ambiguous,,1778300597.473,40380,attack_window,20260508_212317_basic_enum_YrdGDI,20260508_212317_suid_exec_dns_vandalism_9o1sm3,recon,,,,,,,,,,,,
0.992129,recon/basic_enum,suid_exec,,,,,,,ambiguous,,1778300597.473,40381,attack_window,20260508_212317_basic_enum_YrdGDI,20260508_212317_suid_exec_dns_vandalism_9o1sm3,recon,,,,,,,,,,,,
0.992129,recon/basic_enum,suid_exec,setresgid,privilege_transition,sshd,,/usr/sbin/sshd -D -R,,benign,,1778300597.473,40382,attack_window,20260508_212317_basic_enum_YrdGDI,20260508_212317_suid_exec_dns_vandalism_9o1sm3,recon,yes,0,/usr/sbin/sshd,,,0,0,1001,24192,21008,(none),122
0.992129,recon/basic_enum,suid_exec,setresuid,privilege_transition,sshd,,/usr/sbin/sshd -D -R,,benign,,1778300597.473,40383,attack_window,20260508_212317_basic_enum_YrdGDI,20260508_212317_suid_exec_dns_vandalism_9o1sm3,recon,yes,0,/usr/sbin/sshd,,,0,1001,1001,24192,21008,(none),122
0.992129,recon/basic_enum,suid_exec,setresuid,privilege_transition,sshd,,/usr/sbin/sshd -D -R,,benign,,1778300597.473,40384,attack_window,20260508_212317_basic_enum_YrdGDI,20260508_212317_suid_exec_dns_vandalism_9o1sm3,recon,yes,0,/usr/sbin/sshd,,,0,0,1001,24192,21008,(none),122
0.992129,recon/basic_enum,suid_exec,setresgid,privilege_transition,sshd,,/usr/sbin/sshd -D -R,,benign,,1778300597.473,40385,attack_window,20260508_212317_basic_enum_YrdGDI,20260508_212317_suid_exec_dns_vandalism_9o1sm3,recon,yes,0,/usr/sbin/sshd,,,0,0,1001,24192,21008,(none),122
1.002129,recon/basic_enum,suid_exec,execve,exec,sshd,/usr/sbin/sshd -D -R,/usr/sbin/sshd -D -R,/,benign,,1778300597.483,40386,attack_window,20260508_212317_basic_enum_YrdGDI,20260508_212317_suid_exec_dns_vandalism_9o1sm3,recon,yes,0,/usr/sbin/sshd,/usr/sbin/sshd,/usr/sbin/sshd|/lib64/ld-linux-x86-64.so.2,0,0,4294967295,24244,21008,(none),4294967295
1.006129,recon/basic_enum,suid_exec,connect,network_connect,sshd,,/usr/sbin/sshd -D -R,/,benign,,1778300597.487,40387,attack_window,20260508_212317_basic_enum_YrdGDI,20260508_212317_suid_exec_dns_vandalism_9o1sm3,recon,no,-2,/usr/sbin/sshd,/var/run/nscd/socket,/var/run/nscd/socket,0,0,4294967295,24244,21008,(none),4294967295
1.006129,recon/basic_enum,suid_exec,connect,network_connect,sshd,,/usr/sbin/sshd -D -R,,benign,,1778300597.487,40388,attack_window,20260508_212317_basic_enum_YrdGDI,20260508_212317_suid_exec_dns_vandalism_9o1sm3,recon,yes,0,/usr/sbin/sshd,,,0,0,4294967295,24244,21008,(none),4294967295
1.006129,recon/basic_enum,suid_exec,connect,network_connect,sshd,,/usr/sbin/sshd -D -R,,benign,,1778300597.487,40389,attack_window,20260508_212317_basic_enum_YrdGDI,20260508_212317_suid_exec_dns_vandalism_9o1sm3,recon,yes,0,/usr/sbin/sshd,,,0,0,4294967295,24244,21008,(none),4294967295
1.006129,recon/basic_enum,suid_exec,connect,network_connect,sshd,,/usr/sbin/sshd -D -R,,benign,,1778300597.487,40390,attack_window,20260508_212317_basic_enum_YrdGDI,20260508_212317_suid_exec_dns_vandalism_9o1sm3,recon,yes,0,/usr/sbin/sshd,,,0,0,4294967295,24244,21008,(none),4294967295
1.006129,recon/basic_enum,suid_exec,connect,network_connect,sshd,,/usr/sbin/sshd -D -R,/,benign,,1778300597.487,40391,attack_window,20260508_212317_basic_enum_YrdGDI,20260508_212317_suid_exec_dns_vandalism_9o1sm3,recon,no,-2,/usr/sbin/sshd,/var/run/nscd/socket,/var/run/nscd/socket,0,0,4294967295,24244,21008,(none),4294967295
1.006129,recon/basic_enum,suid_exec,connect,network_connect,sshd,,/usr/sbin/sshd -D -R,/,benign,,1778300597.487,40392,attack_window,20260508_212317_basic_enum_YrdGDI,20260508_212317_suid_exec_dns_vandalism_9o1sm3,recon,no,-2,/usr/sbin/sshd,/var/run/nscd/socket,/var/run/nscd/socket,0,0,4294967295,24244,21008,(none),4294967295
1.008129,recon/basic_enum,suid_exec,setresgid,privilege_transition,sshd,,sshd: [accepted],,benign,,1778300597.489,40393,attack_window,20260508_212317_basic_enum_YrdGDI,20260508_212317_suid_exec_dns_vandalism_9o1sm3,recon,yes,0,/usr/sbin/sshd,,,0,0,4294967295,24245,24244,(none),4294967295
1.008129,recon/basic_enum,suid_exec,setresuid,privilege_transition,sshd,,sshd: [accepted],,benign,,1778300597.489,40394,attack_window,20260508_212317_basic_enum_YrdGDI,20260508_212317_suid_exec_dns_vandalism_9o1sm3,recon,yes,0,/usr/sbin/sshd,,,109,109,4294967295,24245,24244,(none),4294967295
1.008129,recon/basic_enum,suid_exec,setgid,privilege_transition,sshd,,sshd: [accepted],,benign,,1778300597.489,40395,attack_window,20260508_212317_basic_enum_YrdGDI,20260508_212317_suid_exec_dns_vandalism_9o1sm3,recon,no,-1,/usr/sbin/sshd,,,109,109,4294967295,24245,24244,(none),4294967295
1.008129,recon/basic_enum,suid_exec,setresgid,privilege_transition,sshd,,sshd: [accepted],,benign,,1778300597.489,40396,attack_window,20260508_212317_basic_enum_YrdGDI,20260508_212317_suid_exec_dns_vandalism_9o1sm3,recon,no,-1,/usr/sbin/sshd,,,109,109,4294967295,24245,24244,(none),4294967295
1.008129,recon/basic_enum,suid_exec,setuid,privilege_transition,sshd,,sshd: [accepted],,benign,,1778300597.489,40397,attack_window,20260508_212317_basic_enum_YrdGDI,20260508_212317_suid_exec_dns_vandalism_9o1sm3,recon,no,-1,/usr/sbin/sshd,,,109,109,4294967295,24245,24244,(none),4294967295
1.008129,recon/basic_enum,suid_exec,setresuid,privilege_transition,sshd,,sshd: [accepted],,benign,,1778300597.489,40398,attack_window,20260508_212317_basic_enum_YrdGDI,20260508_212317_suid_exec_dns_vandalism_9o1sm3,recon,no,-1,/usr/sbin/sshd,,,109,109,4294967295,24245,24244,(none),4294967295
1.112129,recon/basic_enum,suid_exec,connect,network_connect,sshd,,/usr/sbin/sshd -D -R,/,benign,,1778300597.593,40399,attack_window,20260508_212317_basic_enum_YrdGDI,20260508_212317_suid_exec_dns_vandalism_9o1sm3,recon,no,-2,/usr/sbin/sshd,/var/run/nscd/socket,/var/run/nscd/socket,0,0,4294967295,24244,21008,(none),4294967295
1.112129,recon/basic_enum,suid_exec,connect,network_connect,sshd,,/usr/sbin/sshd -D -R,/,benign,,1778300597.593,40400,attack_window,20260508_212317_basic_enum_YrdGDI,20260508_212317_suid_exec_dns_vandalism_9o1sm3,recon,no,-2,/usr/sbin/sshd,/var/run/nscd/socket,/var/run/nscd/socket,0,0,4294967295,24244,21008,(none),4294967295
1.112129,recon/basic_enum,suid_exec,connect,network_connect,sshd,,/usr/sbin/sshd -D -R,/,benign,,1778300597.593,40401,attack_window,20260508_212317_basic_enum_YrdGDI,20260508_212317_suid_exec_dns_vandalism_9o1sm3,recon,yes,0,/usr/sbin/sshd,/run/systemd/userdb/io.systemd.DynamicUser,/run/systemd/userdb/io.systemd.DynamicUser,0,0,4294967295,24244,21008,(none),4294967295
1.112129,recon/basic_enum,suid_exec,setresgid,privilege_transition,sshd,,/usr/sbin/sshd -D -R,,benign,,1778300597.593,40402,attack_window,20260508_212317_basic_enum_YrdGDI,20260508_212317_suid_exec_dns_vandalism_9o1sm3,recon,yes,0,/usr/sbin/sshd,,,0,0,4294967295,24244,21008,(none),4294967295
1.112129,recon/basic_enum,suid_exec,setresuid,privilege_transition,sshd,,/usr/sbin/sshd -D -R,,benign,,1778300597.593,40403,attack_window,20260508_212317_basic_enum_YrdGDI,20260508_212317_suid_exec_dns_vandalism_9o1sm3,recon,yes,0,/usr/sbin/sshd,,,0,1001,4294967295,24244,21008,(none),4294967295
1.112129,recon/basic_enum,suid_exec,setresuid,privilege_transition,sshd,,/usr/sbin/sshd -D -R,,benign,,1778300597.593,40404,attack_window,20260508_212317_basic_enum_YrdGDI,20260508_212317_suid_exec_dns_vandalism_9o1sm3,recon,yes,0,/usr/sbin/sshd,,,0,0,4294967295,24244,21008,(none),4294967295
1.112129,recon/basic_enum,suid_exec,setresgid,privilege_transition,sshd,,/usr/sbin/sshd -D -R,,benign,,1778300597.593,40405,attack_window,20260508_212317_basic_enum_YrdGDI,20260508_212317_suid_exec_dns_vandalism_9o1sm3,recon,yes,0,/usr/sbin/sshd,,,0,0,4294967295,24244,21008,(none),4294967295
1.112129,recon/basic_enum,suid_exec,setresgid,privilege_transition,sshd,,/usr/sbin/sshd -D -R,,benign,,1778300597.593,40406,attack_window,20260508_212317_basic_enum_YrdGDI,20260508_212317_suid_exec_dns_vandalism_9o1sm3,recon,yes,0,/usr/sbin/sshd,,,0,0,4294967295,24244,21008,(none),4294967295
1.112129,recon/basic_enum,suid_exec,setresuid,privilege_transition,sshd,,/usr/sbin/sshd -D -R,,benign,,1778300597.593,40407,attack_window,20260508_212317_basic_enum_YrdGDI,20260508_212317_suid_exec_dns_vandalism_9o1sm3,recon,yes,0,/usr/sbin/sshd,,,0,1001,4294967295,24244,21008,(none),4294967295
1.112129,recon/basic_enum,suid_exec,connect,network_connect,sshd,,/usr/sbin/sshd -D -R,/,benign,,1778300597.593,40408,attack_window,20260508_212317_basic_enum_YrdGDI,20260508_212317_suid_exec_dns_vandalism_9o1sm3,recon,yes,0,/usr/sbin/sshd,/dev/log,/dev/log,0,1001,4294967295,24244,21008,(none),4294967295
1.112129,recon/basic_enum,suid_exec,setresuid,privilege_transition,sshd,,/usr/sbin/sshd -D -R,,benign,,1778300597.593,40409,attack_window,20260508_212317_basic_enum_YrdGDI,20260508_212317_suid_exec_dns_vandalism_9o1sm3,recon,yes,0,/usr/sbin/sshd,,,0,0,4294967295,24244,21008,(none),4294967295
1.112129,recon/basic_enum,suid_exec,setresgid,privilege_transition,sshd,,/usr/sbin/sshd -D -R,,benign,,1778300597.593,40410,attack_window,20260508_212317_basic_enum_YrdGDI,20260508_212317_suid_exec_dns_vandalism_9o1sm3,recon,yes,0,/usr/sbin/sshd,,,0,0,4294967295,24244,21008,(none),4294967295
1.113129,recon/basic_enum,suid_exec,,,,,,,ambiguous,,1778300597.594,40411,attack_window,20260508_212317_basic_enum_YrdGDI,20260508_212317_suid_exec_dns_vandalism_9o1sm3,recon,,,,,,,,,,,,
1.119129,recon/basic_enum,suid_exec,setresgid,privilege_transition,sshd,,/usr/sbin/sshd -D -R,,benign,,1778300597.600,40412,attack_window,20260508_212317_basic_enum_YrdGDI,20260508_212317_suid_exec_dns_vandalism_9o1sm3,recon,yes,0,/usr/sbin/sshd,,,0,0,4294967295,24244,21008,(none),4294967295
1.119129,recon/basic_enum,suid_exec,setresuid,privilege_transition,sshd,,/usr/sbin/sshd -D -R,,benign,,1778300597.600,40413,attack_window,20260508_212317_basic_enum_YrdGDI,20260508_212317_suid_exec_dns_vandalism_9o1sm3,recon,yes,0,/usr/sbin/sshd,,,0,1001,4294967295,24244,21008,(none),4294967295
1.119129,recon/basic_enum,suid_exec,setresuid,privilege_transition,sshd,,/usr/sbin/sshd -D -R,,benign,,1778300597.600,40414,attack_window,20260508_212317_basic_enum_YrdGDI,20260508_212317_suid_exec_dns_vandalism_9o1sm3,recon,yes,0,/usr/sbin/sshd,,,0,0,4294967295,24244,21008,(none),4294967295
1.119129,recon/basic_enum,suid_exec,setresgid,privilege_transition,sshd,,/usr/sbin/sshd -D -R,,benign,,1778300597.600,40415,attack_window,20260508_212317_basic_enum_YrdGDI,20260508_212317_suid_exec_dns_vandalism_9o1sm3,recon,yes,0,/usr/sbin/sshd,,,0,0,4294967295,24244,21008,(none),4294967295
1.119129,recon/basic_enum,suid_exec,setresgid,privilege_transition,sshd,,/usr/sbin/sshd -D -R,,benign,,1778300597.600,40416,attack_window,20260508_212317_basic_enum_YrdGDI,20260508_212317_suid_exec_dns_vandalism_9o1sm3,recon,yes,0,/usr/sbin/sshd,,,0,0,4294967295,24244,21008,(none),4294967295
1.119129,recon/basic_enum,suid_exec,setresuid,privilege_transition,sshd,,/usr/sbin/sshd -D -R,,benign,,1778300597.600,40417,attack_window,20260508_212317_basic_enum_YrdGDI,20260508_212317_suid_exec_dns_vandalism_9o1sm3,recon,yes,0,/usr/sbin/sshd,,,0,1001,4294967295,24244,21008,(none),4294967295
1.119129,recon/basic_enum,suid_exec,connect,network_connect,sshd,,/usr/sbin/sshd -D -R,/,benign,,1778300597.600,40418,attack_window,20260508_212317_basic_enum_YrdGDI,20260508_212317_suid_exec_dns_vandalism_9o1sm3,recon,yes,0,/usr/sbin/sshd,/dev/log,/dev/log,0,1001,4294967295,24244,21008,(none),4294967295
1.119129,recon/basic_enum,suid_exec,setresuid,privilege_transition,sshd,,/usr/sbin/sshd -D -R,,benign,,1778300597.600,40419,attack_window,20260508_212317_basic_enum_YrdGDI,20260508_212317_suid_exec_dns_vandalism_9o1sm3,recon,yes,0,/usr/sbin/sshd,,,0,0,4294967295,24244,21008,(none),4294967295
1.120129,recon/basic_enum,suid_exec,setresgid,privilege_transition,sshd,,/usr/sbin/sshd -D -R,,benign,,1778300597.601,40420,attack_window,20260508_212317_basic_enum_YrdGDI,20260508_212317_suid_exec_dns_vandalism_9o1sm3,recon,yes,0,/usr/sbin/sshd,,,0,0,4294967295,24244,21008,(none),4294967295
1.120129,recon/basic_enum,suid_exec,,,,,,,ambiguous,,1778300597.601,40421,attack_window,20260508_212317_basic_enum_YrdGDI,20260508_212317_suid_exec_dns_vandalism_9o1sm3,recon,,,,,,,,,,,,
1.145129,recon/basic_enum,suid_exec,connect,network_connect,sshd,,/usr/sbin/sshd -D -R,/,benign,,1778300597.626,40422,attack_window,20260508_212317_basic_enum_YrdGDI,20260508_212317_suid_exec_dns_vandalism_9o1sm3,recon,yes,0,/usr/sbin/sshd,/run/systemd/userdb/io.systemd.DynamicUser,/run/systemd/userdb/io.systemd.DynamicUser,0,0,4294967295,24244,21008,(none),4294967295
1.146129,recon/basic_enum,suid_exec,,,,,,,ambiguous,,1778300597.627,40423,attack_window,20260508_212317_basic_enum_YrdGDI,20260508_212317_suid_exec_dns_vandalism_9o1sm3,recon,,,,,,,,,,,,
1.151129,recon/basic_enum,suid_exec,,,,,,,ambiguous,,1778300597.632,40424,attack_window,20260508_212317_basic_enum_YrdGDI,20260508_212317_suid_exec_dns_vandalism_9o1sm3,recon,,,,,,,,,,,,
1.151129,recon/basic_enum,suid_exec,connect,network_connect,sshd,,/usr/sbin/sshd -D -R,/,benign,,1778300597.632,40425,attack_window,20260508_212317_basic_enum_YrdGDI,20260508_212317_suid_exec_dns_vandalism_9o1sm3,recon,yes,0,/usr/sbin/sshd,/dev/log,/dev/log,0,0,4294967295,24244,21008,(none),4294967295
1.151129,recon/basic_enum,suid_exec,connect,network_connect,sshd,,/usr/sbin/sshd -D -R,/,benign,,1778300597.632,40426,attack_window,20260508_212317_basic_enum_YrdGDI,20260508_212317_suid_exec_dns_vandalism_9o1sm3,recon,yes,0,/usr/sbin/sshd,/run/systemd/userdb/io.systemd.DynamicUser,/run/systemd/userdb/io.systemd.DynamicUser,0,0,4294967295,24244,21008,(none),4294967295
1.152129,recon/basic_enum,suid_exec,126,privilege_transition,sshd,,/usr/sbin/sshd -D -R,,benign,,1778300597.633,40427,attack_window,20260508_212317_basic_enum_YrdGDI,20260508_212317_suid_exec_dns_vandalism_9o1sm3,recon,yes,0,/usr/sbin/sshd,,,0,0,4294967295,24244,21008,(none),4294967295
1.152129,recon/basic_enum,suid_exec,,,,,,,ambiguous,,1778300597.633,40428,attack_window,20260508_212317_basic_enum_YrdGDI,20260508_212317_suid_exec_dns_vandalism_9o1sm3,recon,,,,,,,,,,,,
1.152129,recon/basic_enum,suid_exec,77,file_destroy,sshd,,/usr/sbin/sshd -D -R,,benign,,1778300597.633,40429,attack_window,20260508_212317_basic_enum_YrdGDI,20260508_212317_suid_exec_dns_vandalism_9o1sm3,recon,yes,0,/usr/sbin/sshd,,,0,0,4294967295,24244,21008,(none),4294967295
1.152129,recon/basic_enum,suid_exec,write,(null),sshd,,/usr/sbin/sshd -D -R,,benign,,1778300597.633,40430,attack_window,20260508_212317_basic_enum_YrdGDI,20260508_212317_suid_exec_dns_vandalism_9o1sm3,recon,yes,4,/usr/sbin/sshd,,,0,0,1001,24244,21008,(none),123
1.152129,recon/basic_enum,suid_exec,114,privilege_transition,sshd,,/usr/sbin/sshd -D -R,,benign,,1778300597.633,40431,attack_window,20260508_212317_basic_enum_YrdGDI,20260508_212317_suid_exec_dns_vandalism_9o1sm3,recon,yes,0,/usr/sbin/sshd,,,0,0,1001,24244,21008,(none),123
1.152129,recon/basic_enum,suid_exec,113,privilege_transition,sshd,,/usr/sbin/sshd -D -R,,benign,,1778300597.633,40432,attack_window,20260508_212317_basic_enum_YrdGDI,20260508_212317_suid_exec_dns_vandalism_9o1sm3,recon,yes,0,/usr/sbin/sshd,,,1001,0,1001,24244,21008,(none),123
1.152129,recon/basic_enum,suid_exec,113,privilege_transition,sshd,,/usr/sbin/sshd -D -R,,benign,,1778300597.633,40433,attack_window,20260508_212317_basic_enum_YrdGDI,20260508_212317_suid_exec_dns_vandalism_9o1sm3,recon,yes,0,/usr/sbin/sshd,,,0,0,1001,24244,21008,(none),123
1.152129,recon/basic_enum,suid_exec,114,privilege_transition,sshd,,/usr/sbin/sshd -D -R,,benign,,1778300597.633,40434,attack_window,20260508_212317_basic_enum_YrdGDI,20260508_212317_suid_exec_dns_vandalism_9o1sm3,recon,yes,0,/usr/sbin/sshd,,,0,0,1001,24244,21008,(none),123
1.152129,recon/basic_enum,suid_exec,connect,network_connect,sshd,,/usr/sbin/sshd -D -R,/,benign,,1778300597.633,40435,attack_window,20260508_212317_basic_enum_YrdGDI,20260508_212317_suid_exec_dns_vandalism_9o1sm3,recon,yes,0,/usr/sbin/sshd,/dev/log,/dev/log,0,0,1001,24244,21008,(none),123
1.153129,recon/basic_enum,suid_exec,connect,network_connect,sshd,,/usr/sbin/sshd -D -R,/,benign,,1778300597.634,40436,attack_window,20260508_212317_basic_enum_YrdGDI,20260508_212317_suid_exec_dns_vandalism_9o1sm3,recon,no,-2,/usr/sbin/sshd,/run/systemd/userdb/io.systemd.Multiplexer,/run/systemd/userdb/io.systemd.Multiplexer,0,0,1001,24244,21008,(none),123
1.153129,recon/basic_enum,suid_exec,connect,network_connect,sshd,,/usr/sbin/sshd -D -R,/,benign,,1778300597.634,40437,attack_window,20260508_212317_basic_enum_YrdGDI,20260508_212317_suid_exec_dns_vandalism_9o1sm3,recon,yes,0,/usr/sbin/sshd,/run/systemd/userdb/io.systemd.DynamicUser,/run/systemd/userdb/io.systemd.DynamicUser,0,0,1001,24244,21008,(none),123
1.153129,recon/basic_enum,suid_exec,connect,network_connect,sshd,,/usr/sbin/sshd -D -R,/,benign,,1778300597.634,40438,attack_window,20260508_212317_basic_enum_YrdGDI,20260508_212317_suid_exec_dns_vandalism_9o1sm3,recon,yes,0,/usr/sbin/sshd,/run/dbus/system_bus_socket,/run/dbus/system_bus_socket,0,0,1001,24244,21008,(none),123
1.163129,recon/basic_enum,suid_exec,execve,exec,sh,sh -c -- /usr/bin/env -i PATH=/usr/local/sbin:/usr/local/bin:/usr/sbin:/usr/bin:/sbin:/bin run-parts --lsbsysinit /etc/update-motd.d > /run/motd.dynamic.new,sh -c -- /usr/bin/env -i PATH=/usr/local/sbin:/usr/local/bin:/usr/sbin:/usr/bin:/sbin:/bin run-parts --lsbsysinit /etc/update-mo,/,benign,,1778300597.644,40439,attack_window,20260508_212317_basic_enum_YrdGDI,20260508_212317_suid_exec_dns_vandalism_9o1sm3,recon,yes,0,/usr/bin/dash,/bin/sh,/bin/sh|/lib64/ld-linux-x86-64.so.2,0,0,1001,24246,24244,(none),123
1.167129,recon/basic_enum,suid_exec,execve,exec,env,/usr/bin/env -i PATH=/usr/local/sbin:/usr/local/bin:/usr/sbin:/usr/bin:/sbin:/bin run-parts --lsbsysinit /etc/update-motd.d,/usr/bin/env -i PATH=/usr/local/sbin:/usr/local/bin:/usr/sbin:/usr/bin:/sbin:/bin run-parts --lsbsysinit /etc/update-motd.d,/,benign,,1778300597.648,40440,attack_window,20260508_212317_basic_enum_YrdGDI,20260508_212317_suid_exec_dns_vandalism_9o1sm3,recon,yes,0,/usr/bin/env,/usr/bin/env,/usr/bin/env|/lib64/ld-linux-x86-64.so.2,0,0,1001,24247,24246,(none),123
1.167129,recon/basic_enum,suid_exec,execve,exec,env,,/usr/bin/env -i PATH=/usr/local/sbin:/usr/local/bin:/usr/sbin:/usr/bin:/sbin:/bin run-parts --lsbsysinit /etc/update-motd.d,/,benign,,1778300597.648,40441,attack_window,20260508_212317_basic_enum_YrdGDI,20260508_212317_suid_exec_dns_vandalism_9o1sm3,recon,no,-2,/usr/bin/env,/usr/local/sbin/run-parts,/usr/local/sbin/run-parts,0,0,1001,24247,24246,(none),123
1.167129,recon/basic_enum,suid_exec,execve,exec,env,,/usr/bin/env -i PATH=/usr/local/sbin:/usr/local/bin:/usr/sbin:/usr/bin:/sbin:/bin run-parts --lsbsysinit /etc/update-motd.d,/,benign,,1778300597.648,40442,attack_window,20260508_212317_basic_enum_YrdGDI,20260508_212317_suid_exec_dns_vandalism_9o1sm3,recon,no,-2,/usr/bin/env,/usr/local/bin/run-parts,/usr/local/bin/run-parts,0,0,1001,24247,24246,(none),123
1.168129,recon/basic_enum,suid_exec,execve,exec,env,,/usr/bin/env -i PATH=/usr/local/sbin:/usr/local/bin:/usr/sbin:/usr/bin:/sbin:/bin run-parts --lsbsysinit /etc/update-motd.d,/,benign,,1778300597.649,40443,attack_window,20260508_212317_basic_enum_YrdGDI,20260508_212317_suid_exec_dns_vandalism_9o1sm3,recon,no,-2,/usr/bin/env,/usr/sbin/run-parts,/usr/sbin/run-parts,0,0,1001,24247,24246,(none),123
1.168129,recon/basic_enum,suid_exec,execve,exec,run-parts,run-parts --lsbsysinit /etc/update-motd.d,/usr/bin/env -i PATH=/usr/local/sbin:/usr/local/bin:/usr/sbin:/usr/bin:/sbin:/bin run-parts --lsbsysinit /etc/update-motd.d,/,benign,,1778300597.649,40444,attack_window,20260508_212317_basic_enum_YrdGDI,20260508_212317_suid_exec_dns_vandalism_9o1sm3,recon,yes,0,/usr/bin/run-parts,/usr/bin/run-parts,/usr/bin/run-parts|/lib64/ld-linux-x86-64.so.2,0,0,1001,24247,24246,(none),123
1.169129,recon/basic_enum,suid_exec,execve,exec,00-header,/bin/sh /etc/update-motd.d/00-header,/bin/sh /etc/update-motd.d/00-header,/,benign,,1778300597.650,40445,attack_window,20260508_212317_basic_enum_YrdGDI,20260508_212317_suid_exec_dns_vandalism_9o1sm3,recon,yes,0,/usr/bin/dash,/etc/update-motd.d/00-header,/etc/update-motd.d/00-header|/bin/sh|/lib64/ld-linux-x86-64.so.2,0,0,1001,24248,24247,(none),123
1.171129,recon/basic_enum,suid_exec,execve,exec,uname,uname -o,uname -o,/,benign,,1778300597.652,40446,attack_window,20260508_212317_basic_enum_YrdGDI,20260508_212317_suid_exec_dns_vandalism_9o1sm3,recon,yes,0,/usr/bin/uname,/usr/bin/uname,/usr/bin/uname|/lib64/ld-linux-x86-64.so.2,0,0,1001,24249,24248,(none),123
1.171129,recon/basic_enum,suid_exec,execve,exec,uname,uname -r,uname -r,/,benign,,1778300597.652,40447,attack_window,20260508_212317_basic_enum_YrdGDI,20260508_212317_suid_exec_dns_vandalism_9o1sm3,recon,yes,0,/usr/bin/uname,/usr/bin/uname,/usr/bin/uname|/lib64/ld-linux-x86-64.so.2,0,0,1001,24250,24248,(none),123
1.172129,recon/basic_enum,suid_exec,execve,exec,uname,uname -m,uname -m,/,benign,,1778300597.653,40448,attack_window,20260508_212317_basic_enum_YrdGDI,20260508_212317_suid_exec_dns_vandalism_9o1sm3,recon,yes,0,/usr/bin/uname,/usr/bin/uname,/usr/bin/uname|/lib64/ld-linux-x86-64.so.2,0,0,1001,24251,24248,(none),123
1.175129,recon/basic_enum,suid_exec,execve,exec,10-help-text,/bin/sh /etc/update-motd.d/10-help-text,/bin/sh /etc/update-motd.d/10-help-text,/,benign,,1778300597.656,40449,attack_window,20260508_212317_basic_enum_YrdGDI,20260508_212317_suid_exec_dns_vandalism_9o1sm3,recon,yes,0,/usr/bin/dash,/etc/update-motd.d/10-help-text,/etc/update-motd.d/10-help-text|/bin/sh|/lib64/ld-linux-x86-64.so.2,0,0,1001,24252,24247,(none),123
1.176129,recon/basic_enum,suid_exec,execve,exec,50-landscape-sy,/bin/sh /etc/update-motd.d/50-landscape-sysinfo,/bin/sh /etc/update-motd.d/50-landscape-sysinfo,/,benign,,1778300597.657,40450,attack_window,20260508_212317_basic_enum_YrdGDI,20260508_212317_suid_exec_dns_vandalism_9o1sm3,recon,yes,0,/usr/bin/dash,/etc/update-motd.d/50-landscape-sysinfo,/etc/update-motd.d/50-landscape-sysinfo|/bin/sh|/lib64/ld-linux-x86-64.so.2,0,0,1001,24253,24247,(none),123
1.177129,recon/basic_enum,suid_exec,execve,exec,find,find /var/lib/landscape/landscape-sysinfo.cache -newermt now-1 minutes,find /var/lib/landscape/landscape-sysinfo.cache -newermt now-1 minutes,/,benign,,1778300597.658,40451,attack_window,20260508_212317_basic_enum_YrdGDI,20260508_212317_suid_exec_dns_vandalism_9o1sm3,recon,yes,0,/usr/bin/find,/usr/bin/find,/usr/bin/find|/lib64/ld-linux-x86-64.so.2,0,0,1001,24254,24253,(none),123
1.178129,recon/basic_enum,suid_exec,execve,exec,cat,cat /var/lib/landscape/landscape-sysinfo.cache,cat /var/lib/landscape/landscape-sysinfo.cache,/,benign,,1778300597.659,40452,attack_window,20260508_212317_basic_enum_YrdGDI,20260508_212317_suid_exec_dns_vandalism_9o1sm3,recon,yes,0,/usr/bin/cat,/usr/bin/cat,/usr/bin/cat|/lib64/ld-linux-x86-64.so.2,0,0,1001,24255,24253,(none),123
1.180129,recon/basic_enum,suid_exec,execve,exec,50-motd-news,/bin/sh /etc/update-motd.d/50-motd-news,/bin/sh /etc/update-motd.d/50-motd-news,/,benign,,1778300597.661,40453,attack_window,20260508_212317_basic_enum_YrdGDI,20260508_212317_suid_exec_dns_vandalism_9o1sm3,recon,yes,0,/usr/bin/dash,/etc/update-motd.d/50-motd-news,/etc/update-motd.d/50-motd-news|/bin/sh|/lib64/ld-linux-x86-64.so.2,0,0,1001,24256,24247,(none),123
1.182129,recon/basic_enum,suid_exec,execve,exec,tr,tr -d \000-\011\013\014\016-\037,tr -d \000-\011\013\014\016-\037,/,benign,,1778300597.663,40454,attack_window,20260508_212317_basic_enum_YrdGDI,20260508_212317_suid_exec_dns_vandalism_9o1sm3,recon,yes,0,/usr/bin/tr,/usr/bin/tr,/usr/bin/tr|/lib64/ld-linux-x86-64.so.2,0,0,1001,24259,24256,(none),123
1.182129,recon/basic_enum,suid_exec,execve,exec,head,head -n 10,head -n 10,/,benign,,1778300597.663,40455,attack_window,20260508_212317_basic_enum_YrdGDI,20260508_212317_suid_exec_dns_vandalism_9o1sm3,recon,yes,0,/usr/bin/head,/usr/bin/head,/usr/bin/head|/lib64/ld-linux-x86-64.so.2,0,0,1001,24258,24256,(none),123
1.182129,recon/basic_enum,suid_exec,execve,exec,cut,cut -c -80,cut -c -80,/,benign,,1778300597.663,40456,attack_window,20260508_212317_basic_enum_YrdGDI,20260508_212317_suid_exec_dns_vandalism_9o1sm3,recon,yes,0,/usr/bin/cut,/usr/bin/cut,/usr/bin/cut|/lib64/ld-linux-x86-64.so.2,0,0,1001,24260,24256,(none),123
1.183129,recon/basic_enum,suid_exec,execve,exec,cat,cat /var/cache/motd-news,cat /var/cache/motd-news,/,benign,,1778300597.664,40457,attack_window,20260508_212317_basic_enum_YrdGDI,20260508_212317_suid_exec_dns_vandalism_9o1sm3,recon,yes,0,/usr/bin/cat,/usr/bin/cat,/usr/bin/cat|/lib64/ld-linux-x86-64.so.2,0,0,1001,24257,24256,(none),123
1.188129,recon/basic_enum,suid_exec,execve,exec,85-fwupd,/bin/sh /etc/update-motd.d/85-fwupd,/bin/sh /etc/update-motd.d/85-fwupd,/,benign,,1778300597.669,40458,attack_window,20260508_212317_basic_enum_YrdGDI,20260508_212317_suid_exec_dns_vandalism_9o1sm3,recon,yes,0,/usr/bin/dash,/etc/update-motd.d/85-fwupd,/etc/update-motd.d/85-fwupd|/bin/sh|/lib64/ld-linux-x86-64.so.2,0,0,1001,24261,24247,(none),123
1.188129,recon/basic_enum,suid_exec,execve,exec,cat,cat /run/motd.d/85-fwupd,cat /run/motd.d/85-fwupd,/,benign,,1778300597.669,40459,attack_window,20260508_212317_basic_enum_YrdGDI,20260508_212317_suid_exec_dns_vandalism_9o1sm3,recon,yes,0,/usr/bin/cat,/usr/bin/cat,/usr/bin/cat|/lib64/ld-linux-x86-64.so.2,0,0,1001,24262,24261,(none),123
1.190129,recon/basic_enum,suid_exec,execve,exec,90-updates-avai,/bin/sh /etc/update-motd.d/90-updates-available,/bin/sh /etc/update-motd.d/90-updates-available,/,benign,,1778300597.671,40460,attack_window,20260508_212317_basic_enum_YrdGDI,20260508_212317_suid_exec_dns_vandalism_9o1sm3,recon,yes,0,/usr/bin/dash,/etc/update-motd.d/90-updates-available,/etc/update-motd.d/90-updates-available|/bin/sh|/lib64/ld-linux-x86-64.so.2,0,0,1001,24263,24247,(none),123
1.192129,recon/basic_enum,suid_exec,execve,exec,cat,cat /var/lib/update-notifier/updates-available,cat /var/lib/update-notifier/updates-available,/,benign,,1778300597.673,40461,attack_window,20260508_212317_basic_enum_YrdGDI,20260508_212317_suid_exec_dns_vandalism_9o1sm3,recon,yes,0,/usr/bin/cat,/usr/bin/cat,/usr/bin/cat|/lib64/ld-linux-x86-64.so.2,0,0,1001,24264,24263,(none),123
1.193129,recon/basic_enum,suid_exec,execve,exec,grep,grep -q -m 1 .,grep -q -m 1 .,/,benign,,1778300597.674,40462,attack_window,20260508_212317_basic_enum_YrdGDI,20260508_212317_suid_exec_dns_vandalism_9o1sm3,recon,yes,0,/usr/bin/grep,/usr/bin/grep,/usr/bin/grep|/lib64/ld-linux-x86-64.so.2,0,0,1001,24266,24263,(none),123
1.193129,recon/basic_enum,suid_exec,execve,exec,find,find /var/lib/update-notifier/updates-available -newermt now-7 days,find /var/lib/update-notifier/updates-available -newermt now-7 days,/,benign,,1778300597.674,40463,attack_window,20260508_212317_basic_enum_YrdGDI,20260508_212317_suid_exec_dns_vandalism_9o1sm3,recon,yes,0,/usr/bin/find,/usr/bin/find,/usr/bin/find|/lib64/ld-linux-x86-64.so.2,0,0,1001,24265,24263,(none),123
1.194129,recon/basic_enum,suid_exec,execve,exec,91-contract-ua-,/bin/sh /etc/update-motd.d/91-contract-ua-esm-status,/bin/sh /etc/update-motd.d/91-contract-ua-esm-status,/,benign,,1778300597.675,40464,attack_window,20260508_212317_basic_enum_YrdGDI,20260508_212317_suid_exec_dns_vandalism_9o1sm3,recon,yes,0,/usr/bin/dash,/etc/update-motd.d/91-contract-ua-esm-status,/etc/update-motd.d/91-contract-ua-esm-status|/bin/sh|/lib64/ld-linux-x86-64.so.2,0,0,1001,24267,24247,(none),123
1.195129,recon/basic_enum,suid_exec,execve,exec,91-release-upgr,/bin/sh /etc/update-motd.d/91-release-upgrade,/bin/sh /etc/update-motd.d/91-release-upgrade,/,benign,,1778300597.676,40465,attack_window,20260508_212317_basic_enum_YrdGDI,20260508_212317_suid_exec_dns_vandalism_9o1sm3,recon,yes,0,/usr/bin/dash,/etc/update-motd.d/91-release-upgrade,/etc/update-motd.d/91-release-upgrade|/bin/sh|/lib64/ld-linux-x86-64.so.2,0,0,1001,24268,24247,(none),123
1.198129,recon/basic_enum,suid_exec,execve,exec,cut,cut -d -f4,cut -d -f4,/,benign,,1778300597.679,40466,attack_window,20260508_212317_basic_enum_YrdGDI,20260508_212317_suid_exec_dns_vandalism_9o1sm3,recon,yes,0,/usr/bin/cut,/usr/bin/cut,/usr/bin/cut|/lib64/ld-linux-x86-64.so.2,0,0,1001,24271,24269,(none),123
1.203129,recon/basic_enum,suid_exec,execve,exec,id,id -u,id -u,/,benign,,1778300597.684,40467,attack_window,20260508_212317_basic_enum_YrdGDI,20260508_212317_suid_exec_dns_vandalism_9o1sm3,recon,yes,0,/usr/bin/id,/usr/bin/id,/usr/bin/id|/lib64/ld-linux-x86-64.so.2,0,0,1001,24272,24268,(none),123
1.204129,recon/basic_enum,suid_exec,execve,exec,release-upgrade,/bin/sh -e /usr/lib/ubuntu-release-upgrader/release-upgrade-motd,/bin/sh /etc/update-motd.d/91-release-upgrade,/,benign,,1778300597.685,40468,attack_window,20260508_212317_basic_enum_YrdGDI,20260508_212317_suid_exec_dns_vandalism_9o1sm3,recon,yes,0,/usr/bin/dash,/usr/lib/ubuntu-release-upgrader/release-upgrade-motd,/usr/lib/ubuntu-release-upgrader/release-upgrade-motd|/bin/sh|/lib64/ld-linux-x86-64.so.2,0,0,1001,24268,24247,(none),123
1.205129,recon/basic_enum,suid_exec,execve,exec,date,date +%s,date +%s,/,benign,,1778300597.686,40469,attack_window,20260508_212317_basic_enum_YrdGDI,20260508_212317_suid_exec_dns_vandalism_9o1sm3,recon,yes,0,/usr/bin/date,/usr/bin/date,/usr/bin/date|/lib64/ld-linux-x86-64.so.2,0,0,1001,24273,24268,(none),123
1.206129,recon/basic_enum,suid_exec,execve,exec,stat,stat -c %Y /var/lib/ubuntu-release-upgrader/release-upgrade-available,stat -c %Y /var/lib/ubuntu-release-upgrader/release-upgrade-available,/,benign,,1778300597.687,40470,attack_window,20260508_212317_basic_enum_YrdGDI,20260508_212317_suid_exec_dns_vandalism_9o1sm3,recon,yes,0,/usr/bin/stat,/usr/bin/stat,/usr/bin/stat|/lib64/ld-linux-x86-64.so.2,0,0,1001,24274,24268,(none),123
1.209129,recon/basic_enum,suid_exec,execve,exec,expr,expr 1778282941 + 86400,expr 1778282941 + 86400,/,benign,,1778300597.690,40471,attack_window,20260508_212317_basic_enum_YrdGDI,20260508_212317_suid_exec_dns_vandalism_9o1sm3,recon,yes,0,/usr/bin/expr,/usr/bin/expr,/usr/bin/expr|/lib64/ld-linux-x86-64.so.2,0,0,1001,24275,24268,(none),123
1.210129,recon/basic_enum,suid_exec,execve,exec,92-unattended-u,/bin/sh /etc/update-motd.d/92-unattended-upgrades,/bin/sh /etc/update-motd.d/92-unattended-upgrades,/,benign,,1778300597.691,40472,attack_window,20260508_212317_basic_enum_YrdGDI,20260508_212317_suid_exec_dns_vandalism_9o1sm3,recon,yes,0,/usr/bin/dash,/etc/update-motd.d/92-unattended-upgrades,/etc/update-motd.d/92-unattended-upgrades|/bin/sh|/lib64/ld-linux-x86-64.so.2,0,0,1001,24276,24247,(none),123
1.210129,recon/basic_enum,suid_exec,execve,exec,update-motd-una,/bin/sh /usr/share/unattended-upgrades/update-motd-unattended-upgrades,/bin/sh /etc/update-motd.d/92-unattended-upgrades,/,benign,,1778300597.691,40473,attack_window,20260508_212317_basic_enum_YrdGDI,20260508_212317_suid_exec_dns_vandalism_9o1sm3,recon,yes,0,/usr/bin/dash,/usr/share/unattended-upgrades/update-motd-unattended-upgrades,/usr/share/unattended-upgrades/update-motd-unattended-upgrades|/bin/sh|/lib64/ld-linux-x86-64.so.2,0,0,1001,24276,24247,(none),123
1.211129,recon/basic_enum,suid_exec,execve,exec,95-hwe-eol,/bin/sh /etc/update-motd.d/95-hwe-eol,/bin/sh /etc/update-motd.d/95-hwe-eol,/,benign,,1778300597.692,40474,attack_window,20260508_212317_basic_enum_YrdGDI,20260508_212317_suid_exec_dns_vandalism_9o1sm3,recon,yes,0,/usr/bin/dash,/etc/update-motd.d/95-hwe-eol,/etc/update-motd.d/95-hwe-eol|/bin/sh|/lib64/ld-linux-x86-64.so.2,0,0,1001,24277,24247,(none),123
1.213129,recon/basic_enum,suid_exec,execve,exec,find,find /var/lib/update-notifier/hwe-eol -newermt now-1 days,find /var/lib/update-notifier/hwe-eol -newermt now-1 days,/,benign,,1778300597.694,40475,attack_window,20260508_212317_basic_enum_YrdGDI,20260508_212317_suid_exec_dns_vandalism_9o1sm3,recon,yes,0,/usr/bin/find,/usr/bin/find,/usr/bin/find|/lib64/ld-linux-x86-64.so.2,0,0,1001,24278,24277,(none),123
1.214129,recon/basic_enum,suid_exec,execve,exec,97-overlayroot,/bin/sh /etc/update-motd.d/97-overlayroot,/bin/sh /etc/update-motd.d/97-overlayroot,/,benign,,1778300597.695,40476,attack_window,20260508_212317_basic_enum_YrdGDI,20260508_212317_suid_exec_dns_vandalism_9o1sm3,recon,yes,0,/usr/bin/dash,/etc/update-motd.d/97-overlayroot,/etc/update-motd.d/97-overlayroot|/bin/sh|/lib64/ld-linux-x86-64.so.2,0,0,1001,24279,24247,(none),123
1.215129,recon/basic_enum,suid_exec,execve,exec,egrep,/bin/sh /usr/bin/egrep overlayroot|/media/root-ro|/media/root-rw /proc/mounts,/bin/sh /usr/bin/egrep overlayroot|/media/root-ro|/media/root-rw /proc/mounts,/,benign,,1778300597.696,40477,attack_window,20260508_212317_basic_enum_YrdGDI,20260508_212317_suid_exec_dns_vandalism_9o1sm3,recon,yes,0,/usr/bin/dash,/usr/bin/egrep,/usr/bin/egrep|/bin/sh|/lib64/ld-linux-x86-64.so.2,0,0,1001,24281,24280,(none),123
1.215129,recon/basic_enum,suid_exec,execve,exec,sort,sort -r,sort -r,/,benign,,1778300597.696,40478,attack_window,20260508_212317_basic_enum_YrdGDI,20260508_212317_suid_exec_dns_vandalism_9o1sm3,recon,yes,0,/usr/bin/sort,/usr/bin/sort,/usr/bin/sort|/lib64/ld-linux-x86-64.so.2,0,0,1001,24282,24280,(none),123
1.217129,recon/basic_enum,suid_exec,execve,exec,egrep,,/bin/sh /usr/bin/egrep overlayroot|/media/root-ro|/media/root-rw /proc/mounts,/,benign,,1778300597.698,40479,attack_window,20260508_212317_basic_enum_YrdGDI,20260508_212317_suid_exec_dns_vandalism_9o1sm3,recon,no,-2,/usr/bin/dash,/usr/local/sbin/grep,/usr/local/sbin/grep,0,0,1001,24281,24280,(none),123
1.217129,recon/basic_enum,suid_exec,execve,exec,egrep,,/bin/sh /usr/bin/egrep overlayroot|/media/root-ro|/media/root-rw /proc/mounts,/,benign,,1778300597.698,40480,attack_window,20260508_212317_basic_enum_YrdGDI,20260508_212317_suid_exec_dns_vandalism_9o1sm3,recon,no,-2,/usr/bin/dash,/usr/local/bin/grep,/usr/local/bin/grep,0,0,1001,24281,24280,(none),123
1.217129,recon/basic_enum,suid_exec,execve,exec,egrep,,/bin/sh /usr/bin/egrep overlayroot|/media/root-ro|/media/root-rw /proc/mounts,/,benign,,1778300597.698,40481,attack_window,20260508_212317_basic_enum_YrdGDI,20260508_212317_suid_exec_dns_vandalism_9o1sm3,recon,no,-2,/usr/bin/dash,/usr/sbin/grep,/usr/sbin/grep,0,0,1001,24281,24280,(none),123
1.217129,recon/basic_enum,suid_exec,execve,exec,grep,grep -E overlayroot|/media/root-ro|/media/root-rw /proc/mounts,/bin/sh /usr/bin/egrep overlayroot|/media/root-ro|/media/root-rw /proc/mounts,/,benign,,1778300597.698,40482,attack_window,20260508_212317_basic_enum_YrdGDI,20260508_212317_suid_exec_dns_vandalism_9o1sm3,recon,yes,0,/usr/bin/grep,/usr/bin/grep,/usr/bin/grep|/lib64/ld-linux-x86-64.so.2,0,0,1001,24281,24280,(none),123
1.219129,recon/basic_enum,suid_exec,execve,exec,98-fsck-at-rebo,/bin/sh /etc/update-motd.d/98-fsck-at-reboot,/bin/sh /etc/update-motd.d/98-fsck-at-reboot,/,benign,,1778300597.700,40483,attack_window,20260508_212317_basic_enum_YrdGDI,20260508_212317_suid_exec_dns_vandalism_9o1sm3,recon,yes,0,/usr/bin/dash,/etc/update-motd.d/98-fsck-at-reboot,/etc/update-motd.d/98-fsck-at-reboot|/bin/sh|/lib64/ld-linux-x86-64.so.2,0,0,1001,24283,24247,(none),123
1.219129,recon/basic_enum,suid_exec,execve,exec,update-motd-fsc,/bin/sh /usr/lib/update-notifier/update-motd-fsck-at-reboot,/bin/sh /etc/update-motd.d/98-fsck-at-reboot,/,benign,,1778300597.700,40484,attack_window,20260508_212317_basic_enum_YrdGDI,20260508_212317_suid_exec_dns_vandalism_9o1sm3,recon,yes,0,/usr/bin/dash,/usr/lib/update-notifier/update-motd-fsck-at-reboot,/usr/lib/update-notifier/update-motd-fsck-at-reboot|/bin/sh|/lib64/ld-linux-x86-64.so.2,0,0,1001,24283,24247,(none),123
1.221129,recon/basic_enum,suid_exec,execve,exec,id,id -u,id -u,/,benign,,1778300597.702,40485,attack_window,20260508_212317_basic_enum_YrdGDI,20260508_212317_suid_exec_dns_vandalism_9o1sm3,recon,yes,0,/usr/bin/id,/usr/bin/id,/usr/bin/id|/lib64/ld-linux-x86-64.so.2,0,0,1001,24284,24283,(none),123
1.222129,recon/basic_enum,suid_exec,execve,exec,stat,stat -c %Y /var/lib/update-notifier/fsck-at-reboot,stat -c %Y /var/lib/update-notifier/fsck-at-reboot,/,benign,,1778300597.703,40486,attack_window,20260508_212317_basic_enum_YrdGDI,20260508_212317_suid_exec_dns_vandalism_9o1sm3,recon,yes,0,/usr/bin/stat,/usr/bin/stat,/usr/bin/stat|/lib64/ld-linux-x86-64.so.2,0,0,1001,24285,24283,(none),123
1.224129,recon/basic_enum,suid_exec,execve,exec,awk,awk {print $1} /proc/uptime,awk {print $1} /proc/uptime,/,benign,,1778300597.705,40487,attack_window,20260508_212317_basic_enum_YrdGDI,20260508_212317_suid_exec_dns_vandalism_9o1sm3,recon,yes,0,/usr/bin/gawk,/usr/bin/awk,/usr/bin/awk|/lib64/ld-linux-x86-64.so.2,0,0,1001,24287,24286,(none),123
1.225129,recon/basic_enum,suid_exec,execve,exec,date,date -d now - 2844.05 seconds +%s,date -d now - 2844.05 seconds +%s,/,benign,,1778300597.706,40488,attack_window,20260508_212317_basic_enum_YrdGDI,20260508_212317_suid_exec_dns_vandalism_9o1sm3,recon,yes,0,/usr/bin/date,/usr/bin/date,/usr/bin/date|/lib64/ld-linux-x86-64.so.2,0,0,1001,24286,24283,(none),123
1.226129,recon/basic_enum,suid_exec,execve,exec,date,date +%s,date +%s,/,benign,,1778300597.707,40489,attack_window,20260508_212317_basic_enum_YrdGDI,20260508_212317_suid_exec_dns_vandalism_9o1sm3,recon,yes,0,/usr/bin/date,/usr/bin/date,/usr/bin/date|/lib64/ld-linux-x86-64.so.2,0,0,1001,24288,24283,(none),123
1.227129,recon/basic_enum,suid_exec,execve,exec,cat,cat /var/lib/update-notifier/fsck-at-reboot,cat /var/lib/update-notifier/fsck-at-reboot,/,benign,,1778300597.708,40490,attack_window,20260508_212317_basic_enum_YrdGDI,20260508_212317_suid_exec_dns_vandalism_9o1sm3,recon,yes,0,/usr/bin/cat,/usr/bin/cat,/usr/bin/cat|/lib64/ld-linux-x86-64.so.2,0,0,1001,24289,24283,(none),123
1.228129,recon/basic_enum,suid_exec,execve,exec,98-reboot-requi,/bin/sh /etc/update-motd.d/98-reboot-required,/bin/sh /etc/update-motd.d/98-reboot-required,/,benign,,1778300597.709,40491,attack_window,20260508_212317_basic_enum_YrdGDI,20260508_212317_suid_exec_dns_vandalism_9o1sm3,recon,yes,0,/usr/bin/dash,/etc/update-motd.d/98-reboot-required,/etc/update-motd.d/98-reboot-required|/bin/sh|/lib64/ld-linux-x86-64.so.2,0,0,1001,24290,24247,(none),123
1.229129,recon/basic_enum,suid_exec,execve,exec,update-motd-reb,/bin/sh -e /usr/lib/update-notifier/update-motd-reboot-required,/bin/sh /etc/update-motd.d/98-reboot-required,/,benign,,1778300597.710,40492,attack_window,20260508_212317_basic_enum_YrdGDI,20260508_212317_suid_exec_dns_vandalism_9o1sm3,recon,yes,0,/usr/bin/dash,/usr/lib/update-notifier/update-motd-reboot-required,/usr/lib/update-notifier/update-motd-reboot-required|/bin/sh|/lib64/ld-linux-x86-64.so.2,0,0,1001,24290,24247,(none),123
1.229129,recon/basic_enum,suid_exec,rename,file_destroy,sshd,,/usr/sbin/sshd -D -R,/,benign,,1778300597.710,40493,attack_window,20260508_212317_basic_enum_YrdGDI,20260508_212317_suid_exec_dns_vandalism_9o1sm3,recon,yes,0,/usr/sbin/sshd,/run/,/run/|/run/motd.dynamic.new|/run/motd.dynamic,0,0,1001,24244,21008,(none),123
1.230129,recon/basic_enum,suid_exec,connect,network_connect,sshd,,/usr/sbin/sshd -D -R,/,benign,,1778300597.711,40494,attack_window,20260508_212317_basic_enum_YrdGDI,20260508_212317_suid_exec_dns_vandalism_9o1sm3,recon,yes,0,/usr/sbin/sshd,/run/systemd/userdb/io.systemd.DynamicUser,/run/systemd/userdb/io.systemd.DynamicUser,0,0,1001,24244,21008,(none),123
1.231129,recon/basic_enum,suid_exec,connect,network_connect,sshd,,/usr/sbin/sshd -D -R,/,benign,,1778300597.712,40495,attack_window,20260508_212317_basic_enum_YrdGDI,20260508_212317_suid_exec_dns_vandalism_9o1sm3,recon,yes,0,/usr/sbin/sshd,/run/systemd/userdb/io.systemd.DynamicUser,/run/systemd/userdb/io.systemd.DynamicUser,0,0,1001,24244,21008,(none),123
1.231129,recon/basic_enum,suid_exec,connect,network_connect,sshd,,/usr/sbin/sshd -D -R,/,benign,,1778300597.712,40496,attack_window,20260508_212317_basic_enum_YrdGDI,20260508_212317_suid_exec_dns_vandalism_9o1sm3,recon,yes,0,/usr/sbin/sshd,/run/systemd/userdb/io.systemd.DynamicUser,/run/systemd/userdb/io.systemd.DynamicUser,0,0,1001,24244,21008,(none),123
1.231129,recon/basic_enum,suid_exec,connect,network_connect,sshd,,/usr/sbin/sshd -D -R,/,benign,,1778300597.712,40497,attack_window,20260508_212317_basic_enum_YrdGDI,20260508_212317_suid_exec_dns_vandalism_9o1sm3,recon,yes,0,/usr/sbin/sshd,/run/systemd/userdb/io.systemd.DynamicUser,/run/systemd/userdb/io.systemd.DynamicUser,0,0,1001,24244,21008,(none),123
1.232129,recon/basic_enum,suid_exec,connect,network_connect,sshd,,/usr/sbin/sshd -D -R,/,benign,,1778300597.713,40498,attack_window,20260508_212317_basic_enum_YrdGDI,20260508_212317_suid_exec_dns_vandalism_9o1sm3,recon,yes,0,/usr/sbin/sshd,/run/systemd/userdb/io.systemd.DynamicUser,/run/systemd/userdb/io.systemd.DynamicUser,0,0,1001,24244,21008,(none),123
1.232129,recon/basic_enum,suid_exec,,,,,,,ambiguous,,1778300597.713,40499,attack_window,20260508_212317_basic_enum_YrdGDI,20260508_212317_suid_exec_dns_vandalism_9o1sm3,recon,,,,,,,,,,,,
1.232129,recon/basic_enum,suid_exec,setgid,privilege_transition,sshd,,sshd: deploy-rkejw [priv],,benign,,1778300597.713,40500,attack_window,20260508_212317_basic_enum_YrdGDI,20260508_212317_suid_exec_dns_vandalism_9o1sm3,recon,yes,0,/usr/sbin/sshd,,,0,0,1001,24291,24244,(none),123
1.232129,recon/basic_enum,suid_exec,connect,network_connect,sshd,,sshd: deploy-rkejw [priv],/,benign,,1778300597.713,40501,attack_window,20260508_212317_basic_enum_YrdGDI,20260508_212317_suid_exec_dns_vandalism_9o1sm3,recon,yes,0,/usr/sbin/sshd,/run/systemd/userdb/io.systemd.DynamicUser,/run/systemd/userdb/io.systemd.DynamicUser,0,0,1001,24291,24244,(none),123
1.233129,recon/basic_enum,suid_exec,connect,network_connect,sshd,,sshd: deploy-rkejw [priv],/,benign,,1778300597.714,40502,attack_window,20260508_212317_basic_enum_YrdGDI,20260508_212317_suid_exec_dns_vandalism_9o1sm3,recon,yes,0,/usr/sbin/sshd,/run/systemd/userdb/io.systemd.DynamicUser,/run/systemd/userdb/io.systemd.DynamicUser,0,0,1001,24291,24244,(none),123
1.233129,recon/basic_enum,suid_exec,126,privilege_transition,sshd,,sshd: deploy-rkejw [priv],,benign,,1778300597.714,40503,attack_window,20260508_212317_basic_enum_YrdGDI,20260508_212317_suid_exec_dns_vandalism_9o1sm3,recon,yes,0,/usr/sbin/sshd,,,0,0,1001,24291,24244,(none),123
1.233129,recon/basic_enum,suid_exec,,,,,,,ambiguous,,1778300597.714,40504,attack_window,20260508_212317_basic_enum_YrdGDI,20260508_212317_suid_exec_dns_vandalism_9o1sm3,recon,,,,,,,,,,,,
1.233129,recon/basic_enum,suid_exec,setresgid,privilege_transition,sshd,,sshd: deploy-rkejw [priv],,benign,,1778300597.714,40505,attack_window,20260508_212317_basic_enum_YrdGDI,20260508_212317_suid_exec_dns_vandalism_9o1sm3,recon,yes,0,/usr/sbin/sshd,,,0,0,1001,24291,24244,(none),123
1.233129,recon/basic_enum,suid_exec,setresuid,privilege_transition,sshd,,sshd: deploy-rkejw [priv],,benign,,1778300597.714,40506,attack_window,20260508_212317_basic_enum_YrdGDI,20260508_212317_suid_exec_dns_vandalism_9o1sm3,recon,yes,0,/usr/sbin/sshd,,,1001,1001,1001,24291,24244,(none),123
1.233129,recon/basic_enum,suid_exec,setuid,privilege_transition,sshd,,sshd: deploy-rkejw [priv],,benign,,1778300597.714,40507,attack_window,20260508_212317_basic_enum_YrdGDI,20260508_212317_suid_exec_dns_vandalism_9o1sm3,recon,no,-1,/usr/sbin/sshd,,,1001,1001,1001,24291,24244,(none),123
1.233129,recon/basic_enum,suid_exec,setresuid,privilege_transition,sshd,,sshd: deploy-rkejw [priv],,benign,,1778300597.714,40508,attack_window,20260508_212317_basic_enum_YrdGDI,20260508_212317_suid_exec_dns_vandalism_9o1sm3,recon,no,-1,/usr/sbin/sshd,,,1001,1001,1001,24291,24244,(none),123
1.281129,recon/basic_enum,suid_exec,execve,shell_exec,bash,bash -c test -u /usr/lib/openssh/ssh-keygen && test -x /usr/lib/openssh/ssh-keygen,bash -c test -u /usr/lib/openssh/ssh-keygen && test -x /usr/lib/openssh/ssh-keygen,/home/deploy-rkejw,benign,,1778300597.762,40509,attack_window,20260508_212317_basic_enum_YrdGDI,20260508_212317_suid_exec_dns_vandalism_9o1sm3,recon,yes,0,/usr/bin/bash,/bin/bash,/bin/bash|/lib64/ld-linux-x86-64.so.2,1001,1001,1001,24292,24291,(none),123
1.283129,recon/basic_enum,suid_exec,connect,network_connect,sshd,,sshd: deploy-rkejw [priv],/,benign,,1778300597.764,40510,attack_window,20260508_212317_basic_enum_YrdGDI,20260508_212317_suid_exec_dns_vandalism_9o1sm3,recon,yes,0,/usr/sbin/sshd,/dev/log,/dev/log,1001,1001,1001,24291,24244,(none),123
1.284129,recon/basic_enum,suid_exec,114,privilege_transition,sshd,,/usr/sbin/sshd -D -R,,benign,,1778300597.765,40511,attack_window,20260508_212317_basic_enum_YrdGDI,20260508_212317_suid_exec_dns_vandalism_9o1sm3,recon,yes,0,/usr/sbin/sshd,,,0,0,1001,24244,21008,(none),123
1.284129,recon/basic_enum,suid_exec,setresuid,privilege_transition,sshd,,/usr/sbin/sshd -D -R,,benign,,1778300597.765,40512,attack_window,20260508_212317_basic_enum_YrdGDI,20260508_212317_suid_exec_dns_vandalism_9o1sm3,recon,yes,0,/usr/sbin/sshd,,,0,1001,1001,24244,21008,(none),123
1.284129,recon/basic_enum,suid_exec,113,privilege_transition,sshd,,/usr/sbin/sshd -D -R,,benign,,1778300597.765,40513,attack_window,20260508_212317_basic_enum_YrdGDI,20260508_212317_suid_exec_dns_vandalism_9o1sm3,recon,yes,0,/usr/sbin/sshd,,,0,0,1001,24244,21008,(none),123
1.284129,recon/basic_enum,suid_exec,114,privilege_transition,sshd,,/usr/sbin/sshd -D -R,,benign,,1778300597.765,40514,attack_window,20260508_212317_basic_enum_YrdGDI,20260508_212317_suid_exec_dns_vandalism_9o1sm3,recon,yes,0,/usr/sbin/sshd,,,0,0,1001,24244,21008,(none),123
1.284129,recon/basic_enum,suid_exec,connect,network_connect,sshd,,/usr/sbin/sshd -D -R,/,benign,,1778300597.765,40515,attack_window,20260508_212317_basic_enum_YrdGDI,20260508_212317_suid_exec_dns_vandalism_9o1sm3,recon,yes,0,/usr/sbin/sshd,/run/dbus/system_bus_socket,/run/dbus/system_bus_socket,0,0,1001,24244,21008,(none),123
1.285129,recon/basic_enum,suid_exec,,,,,,,ambiguous,,1778300597.766,40516,attack_window,20260508_212317_basic_enum_YrdGDI,20260508_212317_suid_exec_dns_vandalism_9o1sm3,recon,,,,,,,,,,,,
1.285129,recon/basic_enum,suid_exec,,,,,,,ambiguous,,1778300597.766,40517,attack_window,20260508_212317_basic_enum_YrdGDI,20260508_212317_suid_exec_dns_vandalism_9o1sm3,recon,,,,,,,,,,,,
1.285129,recon/basic_enum,suid_exec,setresgid,privilege_transition,sshd,,/usr/sbin/sshd -D -R,,benign,,1778300597.766,40518,attack_window,20260508_212317_basic_enum_YrdGDI,20260508_212317_suid_exec_dns_vandalism_9o1sm3,recon,yes,0,/usr/sbin/sshd,,,0,0,1001,24244,21008,(none),123
1.285129,recon/basic_enum,suid_exec,setresuid,privilege_transition,sshd,,/usr/sbin/sshd -D -R,,benign,,1778300597.766,40519,attack_window,20260508_212317_basic_enum_YrdGDI,20260508_212317_suid_exec_dns_vandalism_9o1sm3,recon,yes,0,/usr/sbin/sshd,,,0,1001,1001,24244,21008,(none),123
1.285129,recon/basic_enum,suid_exec,setresuid,privilege_transition,sshd,,/usr/sbin/sshd -D -R,,benign,,1778300597.766,40520,attack_window,20260508_212317_basic_enum_YrdGDI,20260508_212317_suid_exec_dns_vandalism_9o1sm3,recon,yes,0,/usr/sbin/sshd,,,0,0,1001,24244,21008,(none),123
1.285129,recon/basic_enum,suid_exec,setresgid,privilege_transition,sshd,,/usr/sbin/sshd -D -R,,benign,,1778300597.766,40521,attack_window,20260508_212317_basic_enum_YrdGDI,20260508_212317_suid_exec_dns_vandalism_9o1sm3,recon,yes,0,/usr/sbin/sshd,,,0,0,1001,24244,21008,(none),123
1.295129,recon/basic_enum,suid_exec,execve,exec,sshd,/usr/sbin/sshd -D -R,/usr/sbin/sshd -D -R,/,benign,,1778300597.776,40522,attack_window,20260508_212317_basic_enum_YrdGDI,20260508_212317_suid_exec_dns_vandalism_9o1sm3,recon,yes,0,/usr/sbin/sshd,/usr/sbin/sshd,/usr/sbin/sshd|/lib64/ld-linux-x86-64.so.2,0,0,4294967295,24293,21008,(none),4294967295
1.298129,recon/basic_enum,suid_exec,connect,network_connect,sshd,,/usr/sbin/sshd -D -R,/,benign,,1778300597.779,40523,attack_window,20260508_212317_basic_enum_YrdGDI,20260508_212317_suid_exec_dns_vandalism_9o1sm3,recon,no,-2,/usr/sbin/sshd,/var/run/nscd/socket,/var/run/nscd/socket,0,0,4294967295,24293,21008,(none),4294967295
1.298129,recon/basic_enum,suid_exec,connect,network_connect,sshd,,/usr/sbin/sshd -D -R,,benign,,1778300597.779,40524,attack_window,20260508_212317_basic_enum_YrdGDI,20260508_212317_suid_exec_dns_vandalism_9o1sm3,recon,yes,0,/usr/sbin/sshd,,,0,0,4294967295,24293,21008,(none),4294967295
1.298129,recon/basic_enum,suid_exec,connect,network_connect,sshd,,/usr/sbin/sshd -D -R,,benign,,1778300597.779,40525,attack_window,20260508_212317_basic_enum_YrdGDI,20260508_212317_suid_exec_dns_vandalism_9o1sm3,recon,yes,0,/usr/sbin/sshd,,,0,0,4294967295,24293,21008,(none),4294967295
1.298129,recon/basic_enum,suid_exec,connect,network_connect,sshd,,/usr/sbin/sshd -D -R,,benign,,1778300597.779,40526,attack_window,20260508_212317_basic_enum_YrdGDI,20260508_212317_suid_exec_dns_vandalism_9o1sm3,recon,yes,0,/usr/sbin/sshd,,,0,0,4294967295,24293,21008,(none),4294967295
1.299129,recon/basic_enum,suid_exec,connect,network_connect,sshd,,/usr/sbin/sshd -D -R,/,benign,,1778300597.780,40527,attack_window,20260508_212317_basic_enum_YrdGDI,20260508_212317_suid_exec_dns_vandalism_9o1sm3,recon,no,-2,/usr/sbin/sshd,/var/run/nscd/socket,/var/run/nscd/socket,0,0,4294967295,24293,21008,(none),4294967295
1.299129,recon/basic_enum,suid_exec,connect,network_connect,sshd,,/usr/sbin/sshd -D -R,/,benign,,1778300597.780,40528,attack_window,20260508_212317_basic_enum_YrdGDI,20260508_212317_suid_exec_dns_vandalism_9o1sm3,recon,no,-2,/usr/sbin/sshd,/var/run/nscd/socket,/var/run/nscd/socket,0,0,4294967295,24293,21008,(none),4294967295
1.301129,recon/basic_enum,suid_exec,setresgid,privilege_transition,sshd,,sshd: [accepted],,benign,,1778300597.782,40529,attack_window,20260508_212317_basic_enum_YrdGDI,20260508_212317_suid_exec_dns_vandalism_9o1sm3,recon,yes,0,/usr/sbin/sshd,,,0,0,4294967295,24294,24293,(none),4294967295
1.301129,recon/basic_enum,suid_exec,setresuid,privilege_transition,sshd,,sshd: [accepted],,benign,,1778300597.782,40530,attack_window,20260508_212317_basic_enum_YrdGDI,20260508_212317_suid_exec_dns_vandalism_9o1sm3,recon,yes,0,/usr/sbin/sshd,,,109,109,4294967295,24294,24293,(none),4294967295
1.301129,recon/basic_enum,suid_exec,setgid,privilege_transition,sshd,,sshd: [accepted],,benign,,1778300597.782,40531,attack_window,20260508_212317_basic_enum_YrdGDI,20260508_212317_suid_exec_dns_vandalism_9o1sm3,recon,no,-1,/usr/sbin/sshd,,,109,109,4294967295,24294,24293,(none),4294967295
1.301129,recon/basic_enum,suid_exec,setresgid,privilege_transition,sshd,,sshd: [accepted],,benign,,1778300597.782,40532,attack_window,20260508_212317_basic_enum_YrdGDI,20260508_212317_suid_exec_dns_vandalism_9o1sm3,recon,no,-1,/usr/sbin/sshd,,,109,109,4294967295,24294,24293,(none),4294967295
1.301129,recon/basic_enum,suid_exec,setuid,privilege_transition,sshd,,sshd: [accepted],,benign,,1778300597.782,40533,attack_window,20260508_212317_basic_enum_YrdGDI,20260508_212317_suid_exec_dns_vandalism_9o1sm3,recon,no,-1,/usr/sbin/sshd,,,109,109,4294967295,24294,24293,(none),4294967295
1.301129,recon/basic_enum,suid_exec,setresuid,privilege_transition,sshd,,sshd: [accepted],,benign,,1778300597.782,40534,attack_window,20260508_212317_basic_enum_YrdGDI,20260508_212317_suid_exec_dns_vandalism_9o1sm3,recon,no,-1,/usr/sbin/sshd,,,109,109,4294967295,24294,24293,(none),4294967295
1.401129,recon/basic_enum,suid_exec,connect,network_connect,sshd,,/usr/sbin/sshd -D -R,/,benign,,1778300597.882,40535,attack_window,20260508_212317_basic_enum_YrdGDI,20260508_212317_suid_exec_dns_vandalism_9o1sm3,recon,no,-2,/usr/sbin/sshd,/var/run/nscd/socket,/var/run/nscd/socket,0,0,4294967295,24293,21008,(none),4294967295
1.401129,recon/basic_enum,suid_exec,connect,network_connect,sshd,,/usr/sbin/sshd -D -R,/,benign,,1778300597.882,40536,attack_window,20260508_212317_basic_enum_YrdGDI,20260508_212317_suid_exec_dns_vandalism_9o1sm3,recon,no,-2,/usr/sbin/sshd,/var/run/nscd/socket,/var/run/nscd/socket,0,0,4294967295,24293,21008,(none),4294967295
1.401129,recon/basic_enum,suid_exec,connect,network_connect,sshd,,/usr/sbin/sshd -D -R,/,benign,,1778300597.882,40537,attack_window,20260508_212317_basic_enum_YrdGDI,20260508_212317_suid_exec_dns_vandalism_9o1sm3,recon,yes,0,/usr/sbin/sshd,/run/systemd/userdb/io.systemd.DynamicUser,/run/systemd/userdb/io.systemd.DynamicUser,0,0,4294967295,24293,21008,(none),4294967295
1.402129,recon/basic_enum,suid_exec,setresgid,privilege_transition,sshd,,/usr/sbin/sshd -D -R,,benign,,1778300597.883,40538,attack_window,20260508_212317_basic_enum_YrdGDI,20260508_212317_suid_exec_dns_vandalism_9o1sm3,recon,yes,0,/usr/sbin/sshd,,,0,0,4294967295,24293,21008,(none),4294967295
1.402129,recon/basic_enum,suid_exec,setresuid,privilege_transition,sshd,,/usr/sbin/sshd -D -R,,benign,,1778300597.883,40539,attack_window,20260508_212317_basic_enum_YrdGDI,20260508_212317_suid_exec_dns_vandalism_9o1sm3,recon,yes,0,/usr/sbin/sshd,,,0,1001,4294967295,24293,21008,(none),4294967295
1.402129,recon/basic_enum,suid_exec,setresuid,privilege_transition,sshd,,/usr/sbin/sshd -D -R,,benign,,1778300597.883,40540,attack_window,20260508_212317_basic_enum_YrdGDI,20260508_212317_suid_exec_dns_vandalism_9o1sm3,recon,yes,0,/usr/sbin/sshd,,,0,0,4294967295,24293,21008,(none),4294967295
1.402129,recon/basic_enum,suid_exec,setresgid,privilege_transition,sshd,,/usr/sbin/sshd -D -R,,benign,,1778300597.883,40541,attack_window,20260508_212317_basic_enum_YrdGDI,20260508_212317_suid_exec_dns_vandalism_9o1sm3,recon,yes,0,/usr/sbin/sshd,,,0,0,4294967295,24293,21008,(none),4294967295
1.402129,recon/basic_enum,suid_exec,setresgid,privilege_transition,sshd,,/usr/sbin/sshd -D -R,,benign,,1778300597.883,40542,attack_window,20260508_212317_basic_enum_YrdGDI,20260508_212317_suid_exec_dns_vandalism_9o1sm3,recon,yes,0,/usr/sbin/sshd,,,0,0,4294967295,24293,21008,(none),4294967295
1.402129,recon/basic_enum,suid_exec,setresuid,privilege_transition,sshd,,/usr/sbin/sshd -D -R,,benign,,1778300597.883,40543,attack_window,20260508_212317_basic_enum_YrdGDI,20260508_212317_suid_exec_dns_vandalism_9o1sm3,recon,yes,0,/usr/sbin/sshd,,,0,1001,4294967295,24293,21008,(none),4294967295
1.402129,recon/basic_enum,suid_exec,connect,network_connect,sshd,,/usr/sbin/sshd -D -R,/,benign,,1778300597.883,40544,attack_window,20260508_212317_basic_enum_YrdGDI,20260508_212317_suid_exec_dns_vandalism_9o1sm3,recon,yes,0,/usr/sbin/sshd,/dev/log,/dev/log,0,1001,4294967295,24293,21008,(none),4294967295
1.402129,recon/basic_enum,suid_exec,setresuid,privilege_transition,sshd,,/usr/sbin/sshd -D -R,,benign,,1778300597.883,40545,attack_window,20260508_212317_basic_enum_YrdGDI,20260508_212317_suid_exec_dns_vandalism_9o1sm3,recon,yes,0,/usr/sbin/sshd,,,0,0,4294967295,24293,21008,(none),4294967295
1.402129,recon/basic_enum,suid_exec,setresgid,privilege_transition,sshd,,/usr/sbin/sshd -D -R,,benign,,1778300597.883,40546,attack_window,20260508_212317_basic_enum_YrdGDI,20260508_212317_suid_exec_dns_vandalism_9o1sm3,recon,yes,0,/usr/sbin/sshd,,,0,0,4294967295,24293,21008,(none),4294967295
1.402129,recon/basic_enum,suid_exec,,,,,,,ambiguous,,1778300597.883,40547,attack_window,20260508_212317_basic_enum_YrdGDI,20260508_212317_suid_exec_dns_vandalism_9o1sm3,recon,,,,,,,,,,,,
1.408129,recon/basic_enum,suid_exec,setresgid,privilege_transition,sshd,,/usr/sbin/sshd -D -R,,benign,,1778300597.889,40548,attack_window,20260508_212317_basic_enum_YrdGDI,20260508_212317_suid_exec_dns_vandalism_9o1sm3,recon,yes,0,/usr/sbin/sshd,,,0,0,4294967295,24293,21008,(none),4294967295
1.408129,recon/basic_enum,suid_exec,setresuid,privilege_transition,sshd,,/usr/sbin/sshd -D -R,,benign,,1778300597.889,40549,attack_window,20260508_212317_basic_enum_YrdGDI,20260508_212317_suid_exec_dns_vandalism_9o1sm3,recon,yes,0,/usr/sbin/sshd,,,0,1001,4294967295,24293,21008,(none),4294967295
1.408129,recon/basic_enum,suid_exec,setresuid,privilege_transition,sshd,,/usr/sbin/sshd -D -R,,benign,,1778300597.889,40550,attack_window,20260508_212317_basic_enum_YrdGDI,20260508_212317_suid_exec_dns_vandalism_9o1sm3,recon,yes,0,/usr/sbin/sshd,,,0,0,4294967295,24293,21008,(none),4294967295
1.408129,recon/basic_enum,suid_exec,setresgid,privilege_transition,sshd,,/usr/sbin/sshd -D -R,,benign,,1778300597.889,40551,attack_window,20260508_212317_basic_enum_YrdGDI,20260508_212317_suid_exec_dns_vandalism_9o1sm3,recon,yes,0,/usr/sbin/sshd,,,0,0,4294967295,24293,21008,(none),4294967295
1.408129,recon/basic_enum,suid_exec,setresgid,privilege_transition,sshd,,/usr/sbin/sshd -D -R,,benign,,1778300597.889,40552,attack_window,20260508_212317_basic_enum_YrdGDI,20260508_212317_suid_exec_dns_vandalism_9o1sm3,recon,yes,0,/usr/sbin/sshd,,,0,0,4294967295,24293,21008,(none),4294967295
1.408129,recon/basic_enum,suid_exec,setresuid,privilege_transition,sshd,,/usr/sbin/sshd -D -R,,benign,,1778300597.889,40553,attack_window,20260508_212317_basic_enum_YrdGDI,20260508_212317_suid_exec_dns_vandalism_9o1sm3,recon,yes,0,/usr/sbin/sshd,,,0,1001,4294967295,24293,21008,(none),4294967295
1.408129,recon/basic_enum,suid_exec,connect,network_connect,sshd,,/usr/sbin/sshd -D -R,/,benign,,1778300597.889,40554,attack_window,20260508_212317_basic_enum_YrdGDI,20260508_212317_suid_exec_dns_vandalism_9o1sm3,recon,yes,0,/usr/sbin/sshd,/dev/log,/dev/log,0,1001,4294967295,24293,21008,(none),4294967295
1.408129,recon/basic_enum,suid_exec,setresuid,privilege_transition,sshd,,/usr/sbin/sshd -D -R,,benign,,1778300597.889,40555,attack_window,20260508_212317_basic_enum_YrdGDI,20260508_212317_suid_exec_dns_vandalism_9o1sm3,recon,yes,0,/usr/sbin/sshd,,,0,0,4294967295,24293,21008,(none),4294967295
1.408129,recon/basic_enum,suid_exec,setresgid,privilege_transition,sshd,,/usr/sbin/sshd -D -R,,benign,,1778300597.889,40556,attack_window,20260508_212317_basic_enum_YrdGDI,20260508_212317_suid_exec_dns_vandalism_9o1sm3,recon,yes,0,/usr/sbin/sshd,,,0,0,4294967295,24293,21008,(none),4294967295
1.408129,recon/basic_enum,suid_exec,,,,,,,ambiguous,,1778300597.889,40557,attack_window,20260508_212317_basic_enum_YrdGDI,20260508_212317_suid_exec_dns_vandalism_9o1sm3,recon,,,,,,,,,,,,
1.434129,recon/basic_enum,suid_exec,connect,network_connect,sshd,,/usr/sbin/sshd -D -R,/,benign,,1778300597.915,40558,attack_window,20260508_212317_basic_enum_YrdGDI,20260508_212317_suid_exec_dns_vandalism_9o1sm3,recon,yes,0,/usr/sbin/sshd,/run/systemd/userdb/io.systemd.DynamicUser,/run/systemd/userdb/io.systemd.DynamicUser,0,0,4294967295,24293,21008,(none),4294967295
1.434129,recon/basic_enum,suid_exec,,,,,,,ambiguous,,1778300597.915,40559,attack_window,20260508_212317_basic_enum_YrdGDI,20260508_212317_suid_exec_dns_vandalism_9o1sm3,recon,,,,,,,,,,,,
1.440129,recon/basic_enum,suid_exec,,,,,,,ambiguous,,1778300597.921,40560,attack_window,20260508_212317_basic_enum_YrdGDI,20260508_212317_suid_exec_dns_vandalism_9o1sm3,recon,,,,,,,,,,,,
1.441129,recon/basic_enum,suid_exec,connect,network_connect,sshd,,/usr/sbin/sshd -D -R,/,benign,,1778300597.922,40561,attack_window,20260508_212317_basic_enum_YrdGDI,20260508_212317_suid_exec_dns_vandalism_9o1sm3,recon,yes,0,/usr/sbin/sshd,/dev/log,/dev/log,0,0,4294967295,24293,21008,(none),4294967295
1.441129,recon/basic_enum,suid_exec,connect,network_connect,sshd,,/usr/sbin/sshd -D -R,/,benign,,1778300597.922,40562,attack_window,20260508_212317_basic_enum_YrdGDI,20260508_212317_suid_exec_dns_vandalism_9o1sm3,recon,yes,0,/usr/sbin/sshd,/run/systemd/userdb/io.systemd.DynamicUser,/run/systemd/userdb/io.systemd.DynamicUser,0,0,4294967295,24293,21008,(none),4294967295
1.441129,recon/basic_enum,suid_exec,126,privilege_transition,sshd,,/usr/sbin/sshd -D -R,,benign,,1778300597.922,40563,attack_window,20260508_212317_basic_enum_YrdGDI,20260508_212317_suid_exec_dns_vandalism_9o1sm3,recon,yes,0,/usr/sbin/sshd,,,0,0,4294967295,24293,21008,(none),4294967295
1.442129,recon/basic_enum,suid_exec,,,,,,,ambiguous,,1778300597.923,40564,attack_window,20260508_212317_basic_enum_YrdGDI,20260508_212317_suid_exec_dns_vandalism_9o1sm3,recon,,,,,,,,,,,,
1.442129,recon/basic_enum,suid_exec,77,file_destroy,sshd,,/usr/sbin/sshd -D -R,,benign,,1778300597.923,40565,attack_window,20260508_212317_basic_enum_YrdGDI,20260508_212317_suid_exec_dns_vandalism_9o1sm3,recon,yes,0,/usr/sbin/sshd,,,0,0,4294967295,24293,21008,(none),4294967295
1.442129,recon/basic_enum,suid_exec,write,(null),sshd,,/usr/sbin/sshd -D -R,,benign,,1778300597.923,40566,attack_window,20260508_212317_basic_enum_YrdGDI,20260508_212317_suid_exec_dns_vandalism_9o1sm3,recon,yes,4,/usr/sbin/sshd,,,0,0,1001,24293,21008,(none),124
1.442129,recon/basic_enum,suid_exec,114,privilege_transition,sshd,,/usr/sbin/sshd -D -R,,benign,,1778300597.923,40567,attack_window,20260508_212317_basic_enum_YrdGDI,20260508_212317_suid_exec_dns_vandalism_9o1sm3,recon,yes,0,/usr/sbin/sshd,,,0,0,1001,24293,21008,(none),124
1.442129,recon/basic_enum,suid_exec,113,privilege_transition,sshd,,/usr/sbin/sshd -D -R,,benign,,1778300597.923,40568,attack_window,20260508_212317_basic_enum_YrdGDI,20260508_212317_suid_exec_dns_vandalism_9o1sm3,recon,yes,0,/usr/sbin/sshd,,,1001,0,1001,24293,21008,(none),124
1.442129,recon/basic_enum,suid_exec,113,privilege_transition,sshd,,/usr/sbin/sshd -D -R,,benign,,1778300597.923,40569,attack_window,20260508_212317_basic_enum_YrdGDI,20260508_212317_suid_exec_dns_vandalism_9o1sm3,recon,yes,0,/usr/sbin/sshd,,,0,0,1001,24293,21008,(none),124
1.442129,recon/basic_enum,suid_exec,114,privilege_transition,sshd,,/usr/sbin/sshd -D -R,,benign,,1778300597.923,40570,attack_window,20260508_212317_basic_enum_YrdGDI,20260508_212317_suid_exec_dns_vandalism_9o1sm3,recon,yes,0,/usr/sbin/sshd,,,0,0,1001,24293,21008,(none),124
1.442129,recon/basic_enum,suid_exec,connect,network_connect,sshd,,/usr/sbin/sshd -D -R,/,benign,,1778300597.923,40571,attack_window,20260508_212317_basic_enum_YrdGDI,20260508_212317_suid_exec_dns_vandalism_9o1sm3,recon,yes,0,/usr/sbin/sshd,/dev/log,/dev/log,0,0,1001,24293,21008,(none),124
1.442129,recon/basic_enum,suid_exec,connect,network_connect,sshd,,/usr/sbin/sshd -D -R,/,benign,,1778300597.923,40572,attack_window,20260508_212317_basic_enum_YrdGDI,20260508_212317_suid_exec_dns_vandalism_9o1sm3,recon,no,-2,/usr/sbin/sshd,/run/systemd/userdb/io.systemd.Multiplexer,/run/systemd/userdb/io.systemd.Multiplexer,0,0,1001,24293,21008,(none),124
1.442129,recon/basic_enum,suid_exec,connect,network_connect,sshd,,/usr/sbin/sshd -D -R,/,benign,,1778300597.923,40573,attack_window,20260508_212317_basic_enum_YrdGDI,20260508_212317_suid_exec_dns_vandalism_9o1sm3,recon,yes,0,/usr/sbin/sshd,/run/systemd/userdb/io.systemd.DynamicUser,/run/systemd/userdb/io.systemd.DynamicUser,0,0,1001,24293,21008,(none),124
1.442129,recon/basic_enum,suid_exec,connect,network_connect,sshd,,/usr/sbin/sshd -D -R,/,benign,,1778300597.923,40574,attack_window,20260508_212317_basic_enum_YrdGDI,20260508_212317_suid_exec_dns_vandalism_9o1sm3,recon,yes,0,/usr/sbin/sshd,/run/dbus/system_bus_socket,/run/dbus/system_bus_socket,0,0,1001,24293,21008,(none),124
1.450129,recon/basic_enum,suid_exec,execve,exec,sh,sh -c -- /usr/bin/env -i PATH=/usr/local/sbin:/usr/local/bin:/usr/sbin:/usr/bin:/sbin:/bin run-parts --lsbsysinit /etc/update-motd.d > /run/motd.dynamic.new,sh -c -- /usr/bin/env -i PATH=/usr/local/sbin:/usr/local/bin:/usr/sbin:/usr/bin:/sbin:/bin run-parts --lsbsysinit /etc/update-mo,/,benign,,1778300597.931,40575,attack_window,20260508_212317_basic_enum_YrdGDI,20260508_212317_suid_exec_dns_vandalism_9o1sm3,recon,yes,0,/usr/bin/dash,/bin/sh,/bin/sh|/lib64/ld-linux-x86-64.so.2,0,0,1001,24295,24293,(none),124
1.452129,recon/basic_enum,suid_exec,execve,exec,env,/usr/bin/env -i PATH=/usr/local/sbin:/usr/local/bin:/usr/sbin:/usr/bin:/sbin:/bin run-parts --lsbsysinit /etc/update-motd.d,/usr/bin/env -i PATH=/usr/local/sbin:/usr/local/bin:/usr/sbin:/usr/bin:/sbin:/bin run-parts --lsbsysinit /etc/update-motd.d,/,benign,,1778300597.933,40576,attack_window,20260508_212317_basic_enum_YrdGDI,20260508_212317_suid_exec_dns_vandalism_9o1sm3,recon,yes,0,/usr/bin/env,/usr/bin/env,/usr/bin/env|/lib64/ld-linux-x86-64.so.2,0,0,1001,24296,24295,(none),124
1.452129,recon/basic_enum,suid_exec,execve,exec,env,,/usr/bin/env -i PATH=/usr/local/sbin:/usr/local/bin:/usr/sbin:/usr/bin:/sbin:/bin run-parts --lsbsysinit /etc/update-motd.d,/,benign,,1778300597.933,40577,attack_window,20260508_212317_basic_enum_YrdGDI,20260508_212317_suid_exec_dns_vandalism_9o1sm3,recon,no,-2,/usr/bin/env,/usr/local/sbin/run-parts,/usr/local/sbin/run-parts,0,0,1001,24296,24295,(none),124
1.453129,recon/basic_enum,suid_exec,execve,exec,env,,/usr/bin/env -i PATH=/usr/local/sbin:/usr/local/bin:/usr/sbin:/usr/bin:/sbin:/bin run-parts --lsbsysinit /etc/update-motd.d,/,benign,,1778300597.934,40578,attack_window,20260508_212317_basic_enum_YrdGDI,20260508_212317_suid_exec_dns_vandalism_9o1sm3,recon,no,-2,/usr/bin/env,/usr/local/bin/run-parts,/usr/local/bin/run-parts,0,0,1001,24296,24295,(none),124
1.453129,recon/basic_enum,suid_exec,execve,exec,env,,/usr/bin/env -i PATH=/usr/local/sbin:/usr/local/bin:/usr/sbin:/usr/bin:/sbin:/bin run-parts --lsbsysinit /etc/update-motd.d,/,benign,,1778300597.934,40579,attack_window,20260508_212317_basic_enum_YrdGDI,20260508_212317_suid_exec_dns_vandalism_9o1sm3,recon,no,-2,/usr/bin/env,/usr/sbin/run-parts,/usr/sbin/run-parts,0,0,1001,24296,24295,(none),124
1.453129,recon/basic_enum,suid_exec,execve,exec,run-parts,run-parts --lsbsysinit /etc/update-motd.d,/usr/bin/env -i PATH=/usr/local/sbin:/usr/local/bin:/usr/sbin:/usr/bin:/sbin:/bin run-parts --lsbsysinit /etc/update-motd.d,/,benign,,1778300597.934,40580,attack_window,20260508_212317_basic_enum_YrdGDI,20260508_212317_suid_exec_dns_vandalism_9o1sm3,recon,yes,0,/usr/bin/run-parts,/usr/bin/run-parts,/usr/bin/run-parts|/lib64/ld-linux-x86-64.so.2,0,0,1001,24296,24295,(none),124
1.456129,recon/basic_enum,suid_exec,execve,exec,00-header,/bin/sh /etc/update-motd.d/00-header,/bin/sh /etc/update-motd.d/00-header,/,benign,,1778300597.937,40581,attack_window,20260508_212317_basic_enum_YrdGDI,20260508_212317_suid_exec_dns_vandalism_9o1sm3,recon,yes,0,/usr/bin/dash,/etc/update-motd.d/00-header,/etc/update-motd.d/00-header|/bin/sh|/lib64/ld-linux-x86-64.so.2,0,0,1001,24297,24296,(none),124
1.457129,recon/basic_enum,suid_exec,execve,exec,uname,uname -o,uname -o,/,benign,,1778300597.938,40582,attack_window,20260508_212317_basic_enum_YrdGDI,20260508_212317_suid_exec_dns_vandalism_9o1sm3,recon,yes,0,/usr/bin/uname,/usr/bin/uname,/usr/bin/uname|/lib64/ld-linux-x86-64.so.2,0,0,1001,24298,24297,(none),124
1.458129,recon/basic_enum,suid_exec,execve,exec,uname,uname -r,uname -r,/,benign,,1778300597.939,40583,attack_window,20260508_212317_basic_enum_YrdGDI,20260508_212317_suid_exec_dns_vandalism_9o1sm3,recon,yes,0,/usr/bin/uname,/usr/bin/uname,/usr/bin/uname|/lib64/ld-linux-x86-64.so.2,0,0,1001,24299,24297,(none),124
1.459129,recon/basic_enum,suid_exec,execve,exec,uname,uname -m,uname -m,/,benign,,1778300597.940,40584,attack_window,20260508_212317_basic_enum_YrdGDI,20260508_212317_suid_exec_dns_vandalism_9o1sm3,recon,yes,0,/usr/bin/uname,/usr/bin/uname,/usr/bin/uname|/lib64/ld-linux-x86-64.so.2,0,0,1001,24300,24297,(none),124
1.461129,recon/basic_enum,suid_exec,execve,exec,10-help-text,/bin/sh /etc/update-motd.d/10-help-text,/bin/sh /etc/update-motd.d/10-help-text,/,benign,,1778300597.942,40585,attack_window,20260508_212317_basic_enum_YrdGDI,20260508_212317_suid_exec_dns_vandalism_9o1sm3,recon,yes,0,/usr/bin/dash,/etc/update-motd.d/10-help-text,/etc/update-motd.d/10-help-text|/bin/sh|/lib64/ld-linux-x86-64.so.2,0,0,1001,24301,24296,(none),124
1.462129,recon/basic_enum,suid_exec,execve,exec,50-landscape-sy,/bin/sh /etc/update-motd.d/50-landscape-sysinfo,/bin/sh /etc/update-motd.d/50-landscape-sysinfo,/,benign,,1778300597.943,40586,attack_window,20260508_212317_basic_enum_YrdGDI,20260508_212317_suid_exec_dns_vandalism_9o1sm3,recon,yes,0,/usr/bin/dash,/etc/update-motd.d/50-landscape-sysinfo,/etc/update-motd.d/50-landscape-sysinfo|/bin/sh|/lib64/ld-linux-x86-64.so.2,0,0,1001,24302,24296,(none),124
1.464129,recon/basic_enum,suid_exec,execve,exec,find,find /var/lib/landscape/landscape-sysinfo.cache -newermt now-1 minutes,find /var/lib/landscape/landscape-sysinfo.cache -newermt now-1 minutes,/,benign,,1778300597.945,40587,attack_window,20260508_212317_basic_enum_YrdGDI,20260508_212317_suid_exec_dns_vandalism_9o1sm3,recon,yes,0,/usr/bin/find,/usr/bin/find,/usr/bin/find|/lib64/ld-linux-x86-64.so.2,0,0,1001,24303,24302,(none),124
1.465129,recon/basic_enum,suid_exec,execve,exec,cat,cat /var/lib/landscape/landscape-sysinfo.cache,cat /var/lib/landscape/landscape-sysinfo.cache,/,benign,,1778300597.946,40588,attack_window,20260508_212317_basic_enum_YrdGDI,20260508_212317_suid_exec_dns_vandalism_9o1sm3,recon,yes,0,/usr/bin/cat,/usr/bin/cat,/usr/bin/cat|/lib64/ld-linux-x86-64.so.2,0,0,1001,24304,24302,(none),124
1.466129,recon/basic_enum,suid_exec,execve,exec,50-motd-news,/bin/sh /etc/update-motd.d/50-motd-news,/bin/sh /etc/update-motd.d/50-motd-news,/,benign,,1778300597.947,40589,attack_window,20260508_212317_basic_enum_YrdGDI,20260508_212317_suid_exec_dns_vandalism_9o1sm3,recon,yes,0,/usr/bin/dash,/etc/update-motd.d/50-motd-news,/etc/update-motd.d/50-motd-news|/bin/sh|/lib64/ld-linux-x86-64.so.2,0,0,1001,24305,24296,(none),124
1.468129,recon/basic_enum,suid_exec,execve,exec,cat,cat /var/cache/motd-news,cat /var/cache/motd-news,/,benign,,1778300597.949,40590,attack_window,20260508_212317_basic_enum_YrdGDI,20260508_212317_suid_exec_dns_vandalism_9o1sm3,recon,yes,0,/usr/bin/cat,/usr/bin/cat,/usr/bin/cat|/lib64/ld-linux-x86-64.so.2,0,0,1001,24306,24305,(none),124
1.468129,recon/basic_enum,suid_exec,execve,exec,head,head -n 10,head -n 10,/,benign,,1778300597.949,40591,attack_window,20260508_212317_basic_enum_YrdGDI,20260508_212317_suid_exec_dns_vandalism_9o1sm3,recon,yes,0,/usr/bin/head,/usr/bin/head,/usr/bin/head|/lib64/ld-linux-x86-64.so.2,0,0,1001,24307,24305,(none),124
1.469129,recon/basic_enum,suid_exec,execve,exec,cut,cut -c -80,cut -c -80,/,benign,,1778300597.950,40592,attack_window,20260508_212317_basic_enum_YrdGDI,20260508_212317_suid_exec_dns_vandalism_9o1sm3,recon,yes,0,/usr/bin/cut,/usr/bin/cut,/usr/bin/cut|/lib64/ld-linux-x86-64.so.2,0,0,1001,24309,24305,(none),124
1.469129,recon/basic_enum,suid_exec,execve,exec,tr,tr -d \000-\011\013\014\016-\037,tr -d \000-\011\013\014\016-\037,/,benign,,1778300597.950,40593,attack_window,20260508_212317_basic_enum_YrdGDI,20260508_212317_suid_exec_dns_vandalism_9o1sm3,recon,yes,0,/usr/bin/tr,/usr/bin/tr,/usr/bin/tr|/lib64/ld-linux-x86-64.so.2,0,0,1001,24308,24305,(none),124
1.474129,recon/basic_enum,suid_exec,execve,exec,85-fwupd,/bin/sh /etc/update-motd.d/85-fwupd,/bin/sh /etc/update-motd.d/85-fwupd,/,benign,,1778300597.955,40594,attack_window,20260508_212317_basic_enum_YrdGDI,20260508_212317_suid_exec_dns_vandalism_9o1sm3,recon,yes,0,/usr/bin/dash,/etc/update-motd.d/85-fwupd,/etc/update-motd.d/85-fwupd|/bin/sh|/lib64/ld-linux-x86-64.so.2,0,0,1001,24310,24296,(none),124
1.474129,recon/basic_enum,suid_exec,execve,exec,cat,cat /run/motd.d/85-fwupd,cat /run/motd.d/85-fwupd,/,benign,,1778300597.955,40595,attack_window,20260508_212317_basic_enum_YrdGDI,20260508_212317_suid_exec_dns_vandalism_9o1sm3,recon,yes,0,/usr/bin/cat,/usr/bin/cat,/usr/bin/cat|/lib64/ld-linux-x86-64.so.2,0,0,1001,24311,24310,(none),124
1.475129,recon/basic_enum,suid_exec,execve,exec,90-updates-avai,/bin/sh /etc/update-motd.d/90-updates-available,/bin/sh /etc/update-motd.d/90-updates-available,/,benign,,1778300597.956,40596,attack_window,20260508_212317_basic_enum_YrdGDI,20260508_212317_suid_exec_dns_vandalism_9o1sm3,recon,yes,0,/usr/bin/dash,/etc/update-motd.d/90-updates-available,/etc/update-motd.d/90-updates-available|/bin/sh|/lib64/ld-linux-x86-64.so.2,0,0,1001,24312,24296,(none),124
1.476129,recon/basic_enum,suid_exec,execve,exec,cat,cat /var/lib/update-notifier/updates-available,cat /var/lib/update-notifier/updates-available,/,benign,,1778300597.957,40597,attack_window,20260508_212317_basic_enum_YrdGDI,20260508_212317_suid_exec_dns_vandalism_9o1sm3,recon,yes,0,/usr/bin/cat,/usr/bin/cat,/usr/bin/cat|/lib64/ld-linux-x86-64.so.2,0,0,1001,24313,24312,(none),124
1.477129,recon/basic_enum,suid_exec,execve,exec,grep,grep -q -m 1 .,grep -q -m 1 .,/,benign,,1778300597.958,40598,attack_window,20260508_212317_basic_enum_YrdGDI,20260508_212317_suid_exec_dns_vandalism_9o1sm3,recon,yes,0,/usr/bin/grep,/usr/bin/grep,/usr/bin/grep|/lib64/ld-linux-x86-64.so.2,0,0,1001,24315,24312,(none),124
1.478129,recon/basic_enum,suid_exec,execve,exec,find,find /var/lib/update-notifier/updates-available -newermt now-7 days,find /var/lib/update-notifier/updates-available -newermt now-7 days,/,benign,,1778300597.959,40599,attack_window,20260508_212317_basic_enum_YrdGDI,20260508_212317_suid_exec_dns_vandalism_9o1sm3,recon,yes,0,/usr/bin/find,/usr/bin/find,/usr/bin/find|/lib64/ld-linux-x86-64.so.2,0,0,1001,24314,24312,(none),124
1.479129,recon/basic_enum,suid_exec,execve,exec,91-contract-ua-,/bin/sh /etc/update-motd.d/91-contract-ua-esm-status,/bin/sh /etc/update-motd.d/91-contract-ua-esm-status,/,benign,,1778300597.960,40600,attack_window,20260508_212317_basic_enum_YrdGDI,20260508_212317_suid_exec_dns_vandalism_9o1sm3,recon,yes,0,/usr/bin/dash,/etc/update-motd.d/91-contract-ua-esm-status,/etc/update-motd.d/91-contract-ua-esm-status|/bin/sh|/lib64/ld-linux-x86-64.so.2,0,0,1001,24316,24296,(none),124
1.482129,recon/basic_enum,suid_exec,execve,exec,91-release-upgr,/bin/sh /etc/update-motd.d/91-release-upgrade,/bin/sh /etc/update-motd.d/91-release-upgrade,/,benign,,1778300597.963,40601,attack_window,20260508_212317_basic_enum_YrdGDI,20260508_212317_suid_exec_dns_vandalism_9o1sm3,recon,yes,0,/usr/bin/dash,/etc/update-motd.d/91-release-upgrade,/etc/update-motd.d/91-release-upgrade|/bin/sh|/lib64/ld-linux-x86-64.so.2,0,0,1001,24317,24296,(none),124
1.484129,recon/basic_enum,suid_exec,execve,exec,cut,cut -d -f4,cut -d -f4,/,benign,,1778300597.965,40602,attack_window,20260508_212317_basic_enum_YrdGDI,20260508_212317_suid_exec_dns_vandalism_9o1sm3,recon,yes,0,/usr/bin/cut,/usr/bin/cut,/usr/bin/cut|/lib64/ld-linux-x86-64.so.2,0,0,1001,24320,24318,(none),124
1.485129,recon/basic_enum,suid_exec,execve,exec,id,id -u,id -u,/,benign,,1778300597.966,40603,attack_window,20260508_212317_basic_enum_YrdGDI,20260508_212317_suid_exec_dns_vandalism_9o1sm3,recon,yes,0,/usr/bin/id,/usr/bin/id,/usr/bin/id|/lib64/ld-linux-x86-64.so.2,0,0,1001,24321,24317,(none),124
1.486129,recon/basic_enum,suid_exec,execve,exec,release-upgrade,/bin/sh -e /usr/lib/ubuntu-release-upgrader/release-upgrade-motd,/bin/sh /etc/update-motd.d/91-release-upgrade,/,benign,,1778300597.967,40604,attack_window,20260508_212317_basic_enum_YrdGDI,20260508_212317_suid_exec_dns_vandalism_9o1sm3,recon,yes,0,/usr/bin/dash,/usr/lib/ubuntu-release-upgrader/release-upgrade-motd,/usr/lib/ubuntu-release-upgrader/release-upgrade-motd|/bin/sh|/lib64/ld-linux-x86-64.so.2,0,0,1001,24317,24296,(none),124
1.487129,recon/basic_enum,suid_exec,execve,exec,date,date +%s,date +%s,/,benign,,1778300597.968,40605,attack_window,20260508_212317_basic_enum_YrdGDI,20260508_212317_suid_exec_dns_vandalism_9o1sm3,recon,yes,0,/usr/bin/date,/usr/bin/date,/usr/bin/date|/lib64/ld-linux-x86-64.so.2,0,0,1001,24322,24317,(none),124
1.490129,recon/basic_enum,suid_exec,execve,exec,stat,stat -c %Y /var/lib/ubuntu-release-upgrader/release-upgrade-available,stat -c %Y /var/lib/ubuntu-release-upgrader/release-upgrade-available,/,benign,,1778300597.971,40606,attack_window,20260508_212317_basic_enum_YrdGDI,20260508_212317_suid_exec_dns_vandalism_9o1sm3,recon,yes,0,/usr/bin/stat,/usr/bin/stat,/usr/bin/stat|/lib64/ld-linux-x86-64.so.2,0,0,1001,24323,24317,(none),124
1.491129,recon/basic_enum,suid_exec,execve,exec,expr,expr 1778282941 + 86400,expr 1778282941 + 86400,/,benign,,1778300597.972,40607,attack_window,20260508_212317_basic_enum_YrdGDI,20260508_212317_suid_exec_dns_vandalism_9o1sm3,recon,yes,0,/usr/bin/expr,/usr/bin/expr,/usr/bin/expr|/lib64/ld-linux-x86-64.so.2,0,0,1001,24324,24317,(none),124
1.492129,recon/basic_enum,suid_exec,execve,exec,92-unattended-u,/bin/sh /etc/update-motd.d/92-unattended-upgrades,/bin/sh /etc/update-motd.d/92-unattended-upgrades,/,benign,,1778300597.973,40608,attack_window,20260508_212317_basic_enum_YrdGDI,20260508_212317_suid_exec_dns_vandalism_9o1sm3,recon,yes,0,/usr/bin/dash,/etc/update-motd.d/92-unattended-upgrades,/etc/update-motd.d/92-unattended-upgrades|/bin/sh|/lib64/ld-linux-x86-64.so.2,0,0,1001,24325,24296,(none),124
1.493129,recon/basic_enum,suid_exec,execve,exec,update-motd-una,/bin/sh /usr/share/unattended-upgrades/update-motd-unattended-upgrades,/bin/sh /etc/update-motd.d/92-unattended-upgrades,/,benign,,1778300597.974,40609,attack_window,20260508_212317_basic_enum_YrdGDI,20260508_212317_suid_exec_dns_vandalism_9o1sm3,recon,yes,0,/usr/bin/dash,/usr/share/unattended-upgrades/update-motd-unattended-upgrades,/usr/share/unattended-upgrades/update-motd-unattended-upgrades|/bin/sh|/lib64/ld-linux-x86-64.so.2,0,0,1001,24325,24296,(none),124
1.495129,recon/basic_enum,suid_exec,execve,exec,95-hwe-eol,/bin/sh /etc/update-motd.d/95-hwe-eol,/bin/sh /etc/update-motd.d/95-hwe-eol,/,benign,,1778300597.976,40610,attack_window,20260508_212317_basic_enum_YrdGDI,20260508_212317_suid_exec_dns_vandalism_9o1sm3,recon,yes,0,/usr/bin/dash,/etc/update-motd.d/95-hwe-eol,/etc/update-motd.d/95-hwe-eol|/bin/sh|/lib64/ld-linux-x86-64.so.2,0,0,1001,24326,24296,(none),124
1.498129,recon/basic_enum,suid_exec,execve,exec,find,find /var/lib/update-notifier/hwe-eol -newermt now-1 days,find /var/lib/update-notifier/hwe-eol -newermt now-1 days,/,benign,,1778300597.979,40611,attack_window,20260508_212317_basic_enum_YrdGDI,20260508_212317_suid_exec_dns_vandalism_9o1sm3,recon,yes,0,/usr/bin/find,/usr/bin/find,/usr/bin/find|/lib64/ld-linux-x86-64.so.2,0,0,1001,24327,24326,(none),124
1.499129,recon/basic_enum,suid_exec,execve,exec,97-overlayroot,/bin/sh /etc/update-motd.d/97-overlayroot,/bin/sh /etc/update-motd.d/97-overlayroot,/,benign,,1778300597.980,40612,attack_window,20260508_212317_basic_enum_YrdGDI,20260508_212317_suid_exec_dns_vandalism_9o1sm3,recon,yes,0,/usr/bin/dash,/etc/update-motd.d/97-overlayroot,/etc/update-motd.d/97-overlayroot|/bin/sh|/lib64/ld-linux-x86-64.so.2,0,0,1001,24328,24296,(none),124
1.500129,recon/basic_enum,suid_exec,execve,exec,egrep,/bin/sh /usr/bin/egrep overlayroot|/media/root-ro|/media/root-rw /proc/mounts,/bin/sh /usr/bin/egrep overlayroot|/media/root-ro|/media/root-rw /proc/mounts,/,benign,,1778300597.981,40613,attack_window,20260508_212317_basic_enum_YrdGDI,20260508_212317_suid_exec_dns_vandalism_9o1sm3,recon,yes,0,/usr/bin/dash,/usr/bin/egrep,/usr/bin/egrep|/bin/sh|/lib64/ld-linux-x86-64.so.2,0,0,1001,24330,24329,(none),124
1.500129,recon/basic_enum,suid_exec,execve,exec,sort,sort -r,sort -r,/,benign,,1778300597.981,40614,attack_window,20260508_212317_basic_enum_YrdGDI,20260508_212317_suid_exec_dns_vandalism_9o1sm3,recon,yes,0,/usr/bin/sort,/usr/bin/sort,/usr/bin/sort|/lib64/ld-linux-x86-64.so.2,0,0,1001,24331,24329,(none),124
1.502129,recon/basic_enum,suid_exec,execve,exec,egrep,,/bin/sh /usr/bin/egrep overlayroot|/media/root-ro|/media/root-rw /proc/mounts,/,benign,,1778300597.983,40615,attack_window,20260508_212317_basic_enum_YrdGDI,20260508_212317_suid_exec_dns_vandalism_9o1sm3,recon,no,-2,/usr/bin/dash,/usr/local/sbin/grep,/usr/local/sbin/grep,0,0,1001,24330,24329,(none),124
1.503129,recon/basic_enum,suid_exec,execve,exec,egrep,,/bin/sh /usr/bin/egrep overlayroot|/media/root-ro|/media/root-rw /proc/mounts,/,benign,,1778300597.984,40616,attack_window,20260508_212317_basic_enum_YrdGDI,20260508_212317_suid_exec_dns_vandalism_9o1sm3,recon,no,-2,/usr/bin/dash,/usr/local/bin/grep,/usr/local/bin/grep,0,0,1001,24330,24329,(none),124
1.503129,recon/basic_enum,suid_exec,execve,exec,egrep,,/bin/sh /usr/bin/egrep overlayroot|/media/root-ro|/media/root-rw /proc/mounts,/,benign,,1778300597.984,40617,attack_window,20260508_212317_basic_enum_YrdGDI,20260508_212317_suid_exec_dns_vandalism_9o1sm3,recon,no,-2,/usr/bin/dash,/usr/sbin/grep,/usr/sbin/grep,0,0,1001,24330,24329,(none),124
1.503129,recon/basic_enum,suid_exec,execve,exec,grep,grep -E overlayroot|/media/root-ro|/media/root-rw /proc/mounts,/bin/sh /usr/bin/egrep overlayroot|/media/root-ro|/media/root-rw /proc/mounts,/,benign,,1778300597.984,40618,attack_window,20260508_212317_basic_enum_YrdGDI,20260508_212317_suid_exec_dns_vandalism_9o1sm3,recon,yes,0,/usr/bin/grep,/usr/bin/grep,/usr/bin/grep|/lib64/ld-linux-x86-64.so.2,0,0,1001,24330,24329,(none),124
1.504129,recon/basic_enum,suid_exec,execve,exec,98-fsck-at-rebo,/bin/sh /etc/update-motd.d/98-fsck-at-reboot,/bin/sh /etc/update-motd.d/98-fsck-at-reboot,/,benign,,1778300597.985,40619,attack_window,20260508_212317_basic_enum_YrdGDI,20260508_212317_suid_exec_dns_vandalism_9o1sm3,recon,yes,0,/usr/bin/dash,/etc/update-motd.d/98-fsck-at-reboot,/etc/update-motd.d/98-fsck-at-reboot|/bin/sh|/lib64/ld-linux-x86-64.so.2,0,0,1001,24332,24296,(none),124
1.505129,recon/basic_enum,suid_exec,execve,exec,update-motd-fsc,/bin/sh /usr/lib/update-notifier/update-motd-fsck-at-reboot,/bin/sh /etc/update-motd.d/98-fsck-at-reboot,/,benign,,1778300597.986,40620,attack_window,20260508_212317_basic_enum_YrdGDI,20260508_212317_suid_exec_dns_vandalism_9o1sm3,recon,yes,0,/usr/bin/dash,/usr/lib/update-notifier/update-motd-fsck-at-reboot,/usr/lib/update-notifier/update-motd-fsck-at-reboot|/bin/sh|/lib64/ld-linux-x86-64.so.2,0,0,1001,24332,24296,(none),124
1.506129,recon/basic_enum,suid_exec,execve,exec,id,id -u,id -u,/,benign,,1778300597.987,40621,attack_window,20260508_212317_basic_enum_YrdGDI,20260508_212317_suid_exec_dns_vandalism_9o1sm3,recon,yes,0,/usr/bin/id,/usr/bin/id,/usr/bin/id|/lib64/ld-linux-x86-64.so.2,0,0,1001,24333,24332,(none),124
1.507129,recon/basic_enum,suid_exec,execve,exec,stat,stat -c %Y /var/lib/update-notifier/fsck-at-reboot,stat -c %Y /var/lib/update-notifier/fsck-at-reboot,/,benign,,1778300597.988,40622,attack_window,20260508_212317_basic_enum_YrdGDI,20260508_212317_suid_exec_dns_vandalism_9o1sm3,recon,yes,0,/usr/bin/stat,/usr/bin/stat,/usr/bin/stat|/lib64/ld-linux-x86-64.so.2,0,0,1001,24334,24332,(none),124
1.508129,recon/basic_enum,suid_exec,execve,exec,awk,awk {print $1} /proc/uptime,awk {print $1} /proc/uptime,/,benign,,1778300597.989,40623,attack_window,20260508_212317_basic_enum_YrdGDI,20260508_212317_suid_exec_dns_vandalism_9o1sm3,recon,yes,0,/usr/bin/gawk,/usr/bin/awk,/usr/bin/awk|/lib64/ld-linux-x86-64.so.2,0,0,1001,24336,24335,(none),124
1.510129,recon/basic_enum,suid_exec,execve,exec,date,date -d now - 2844.34 seconds +%s,date -d now - 2844.34 seconds +%s,/,benign,,1778300597.991,40624,attack_window,20260508_212317_basic_enum_YrdGDI,20260508_212317_suid_exec_dns_vandalism_9o1sm3,recon,yes,0,/usr/bin/date,/usr/bin/date,/usr/bin/date|/lib64/ld-linux-x86-64.so.2,0,0,1001,24335,24332,(none),124
1.511129,recon/basic_enum,suid_exec,execve,exec,date,date +%s,date +%s,/,benign,,1778300597.992,40625,attack_window,20260508_212317_basic_enum_YrdGDI,20260508_212317_suid_exec_dns_vandalism_9o1sm3,recon,yes,0,/usr/bin/date,/usr/bin/date,/usr/bin/date|/lib64/ld-linux-x86-64.so.2,0,0,1001,24337,24332,(none),124
1.511129,recon/basic_enum,suid_exec,execve,exec,cat,cat /var/lib/update-notifier/fsck-at-reboot,cat /var/lib/update-notifier/fsck-at-reboot,/,benign,,1778300597.992,40626,attack_window,20260508_212317_basic_enum_YrdGDI,20260508_212317_suid_exec_dns_vandalism_9o1sm3,recon,yes,0,/usr/bin/cat,/usr/bin/cat,/usr/bin/cat|/lib64/ld-linux-x86-64.so.2,0,0,1001,24338,24332,(none),124
1.513129,recon/basic_enum,suid_exec,execve,exec,98-reboot-requi,/bin/sh /etc/update-motd.d/98-reboot-required,/bin/sh /etc/update-motd.d/98-reboot-required,/,benign,,1778300597.994,40627,attack_window,20260508_212317_basic_enum_YrdGDI,20260508_212317_suid_exec_dns_vandalism_9o1sm3,recon,yes,0,/usr/bin/dash,/etc/update-motd.d/98-reboot-required,/etc/update-motd.d/98-reboot-required|/bin/sh|/lib64/ld-linux-x86-64.so.2,0,0,1001,24339,24296,(none),124
1.514129,recon/basic_enum,suid_exec,execve,exec,update-motd-reb,/bin/sh -e /usr/lib/update-notifier/update-motd-reboot-required,/bin/sh /etc/update-motd.d/98-reboot-required,/,benign,,1778300597.995,40628,attack_window,20260508_212317_basic_enum_YrdGDI,20260508_212317_suid_exec_dns_vandalism_9o1sm3,recon,yes,0,/usr/bin/dash,/usr/lib/update-notifier/update-motd-reboot-required,/usr/lib/update-notifier/update-motd-reboot-required|/bin/sh|/lib64/ld-linux-x86-64.so.2,0,0,1001,24339,24296,(none),124
1.515129,recon/basic_enum,suid_exec,rename,file_destroy,sshd,,/usr/sbin/sshd -D -R,/,benign,,1778300597.996,40629,attack_window,20260508_212317_basic_enum_YrdGDI,20260508_212317_suid_exec_dns_vandalism_9o1sm3,recon,yes,0,/usr/sbin/sshd,/run/,/run/|/run/motd.dynamic.new|/run/motd.dynamic,0,0,1001,24293,21008,(none),124
1.515129,recon/basic_enum,suid_exec,connect,network_connect,sshd,,/usr/sbin/sshd -D -R,/,benign,,1778300597.996,40630,attack_window,20260508_212317_basic_enum_YrdGDI,20260508_212317_suid_exec_dns_vandalism_9o1sm3,recon,yes,0,/usr/sbin/sshd,/run/systemd/userdb/io.systemd.DynamicUser,/run/systemd/userdb/io.systemd.DynamicUser,0,0,1001,24293,21008,(none),124
1.516129,recon/basic_enum,suid_exec,connect,network_connect,sshd,,/usr/sbin/sshd -D -R,/,benign,,1778300597.997,40631,attack_window,20260508_212317_basic_enum_YrdGDI,20260508_212317_suid_exec_dns_vandalism_9o1sm3,recon,yes,0,/usr/sbin/sshd,/run/systemd/userdb/io.systemd.DynamicUser,/run/systemd/userdb/io.systemd.DynamicUser,0,0,1001,24293,21008,(none),124
1.516129,recon/basic_enum,suid_exec,connect,network_connect,sshd,,/usr/sbin/sshd -D -R,/,benign,,1778300597.997,40632,attack_window,20260508_212317_basic_enum_YrdGDI,20260508_212317_suid_exec_dns_vandalism_9o1sm3,recon,yes,0,/usr/sbin/sshd,/run/systemd/userdb/io.systemd.DynamicUser,/run/systemd/userdb/io.systemd.DynamicUser,0,0,1001,24293,21008,(none),124
1.516129,recon/basic_enum,suid_exec,connect,network_connect,sshd,,/usr/sbin/sshd -D -R,/,benign,,1778300597.997,40633,attack_window,20260508_212317_basic_enum_YrdGDI,20260508_212317_suid_exec_dns_vandalism_9o1sm3,recon,yes,0,/usr/sbin/sshd,/run/systemd/userdb/io.systemd.DynamicUser,/run/systemd/userdb/io.systemd.DynamicUser,0,0,1001,24293,21008,(none),124
1.516129,recon/basic_enum,suid_exec,connect,network_connect,sshd,,/usr/sbin/sshd -D -R,/,benign,,1778300597.997,40634,attack_window,20260508_212317_basic_enum_YrdGDI,20260508_212317_suid_exec_dns_vandalism_9o1sm3,recon,yes,0,/usr/sbin/sshd,/run/systemd/userdb/io.systemd.DynamicUser,/run/systemd/userdb/io.systemd.DynamicUser,0,0,1001,24293,21008,(none),124
1.517129,recon/basic_enum,suid_exec,,,,,,,ambiguous,,1778300597.998,40635,attack_window,20260508_212317_basic_enum_YrdGDI,20260508_212317_suid_exec_dns_vandalism_9o1sm3,recon,,,,,,,,,,,,
1.517129,recon/basic_enum,suid_exec,setgid,privilege_transition,sshd,,sshd: deploy-rkejw [priv],,benign,,1778300597.998,40636,attack_window,20260508_212317_basic_enum_YrdGDI,20260508_212317_suid_exec_dns_vandalism_9o1sm3,recon,yes,0,/usr/sbin/sshd,,,0,0,1001,24340,24293,(none),124
1.517129,recon/basic_enum,suid_exec,connect,network_connect,sshd,,sshd: deploy-rkejw [priv],/,benign,,1778300597.998,40637,attack_window,20260508_212317_basic_enum_YrdGDI,20260508_212317_suid_exec_dns_vandalism_9o1sm3,recon,yes,0,/usr/sbin/sshd,/run/systemd/userdb/io.systemd.DynamicUser,/run/systemd/userdb/io.systemd.DynamicUser,0,0,1001,24340,24293,(none),124
1.518129,recon/basic_enum,suid_exec,connect,network_connect,sshd,,sshd: deploy-rkejw [priv],/,benign,,1778300597.999,40638,attack_window,20260508_212317_basic_enum_YrdGDI,20260508_212317_suid_exec_dns_vandalism_9o1sm3,recon,yes,0,/usr/sbin/sshd,/run/systemd/userdb/io.systemd.DynamicUser,/run/systemd/userdb/io.systemd.DynamicUser,0,0,1001,24340,24293,(none),124
1.518129,recon/basic_enum,suid_exec,126,privilege_transition,sshd,,sshd: deploy-rkejw [priv],,benign,,1778300597.999,40639,attack_window,20260508_212317_basic_enum_YrdGDI,20260508_212317_suid_exec_dns_vandalism_9o1sm3,recon,yes,0,/usr/sbin/sshd,,,0,0,1001,24340,24293,(none),124
1.518129,recon/basic_enum,suid_exec,,,,,,,ambiguous,,1778300597.999,40640,attack_window,20260508_212317_basic_enum_YrdGDI,20260508_212317_suid_exec_dns_vandalism_9o1sm3,recon,,,,,,,,,,,,
1.518129,recon/basic_enum,suid_exec,setresgid,privilege_transition,sshd,,sshd: deploy-rkejw [priv],,benign,,1778300597.999,40641,attack_window,20260508_212317_basic_enum_YrdGDI,20260508_212317_suid_exec_dns_vandalism_9o1sm3,recon,yes,0,/usr/sbin/sshd,,,0,0,1001,24340,24293,(none),124
1.518129,recon/basic_enum,suid_exec,setresuid,privilege_transition,sshd,,sshd: deploy-rkejw [priv],,benign,,1778300597.999,40642,attack_window,20260508_212317_basic_enum_YrdGDI,20260508_212317_suid_exec_dns_vandalism_9o1sm3,recon,yes,0,/usr/sbin/sshd,,,1001,1001,1001,24340,24293,(none),124
1.518129,recon/basic_enum,suid_exec,setuid,privilege_transition,sshd,,sshd: deploy-rkejw [priv],,benign,,1778300597.999,40643,attack_window,20260508_212317_basic_enum_YrdGDI,20260508_212317_suid_exec_dns_vandalism_9o1sm3,recon,no,-1,/usr/sbin/sshd,,,1001,1001,1001,24340,24293,(none),124
1.518129,recon/basic_enum,suid_exec,setresuid,privilege_transition,sshd,,sshd: deploy-rkejw [priv],,benign,,1778300597.999,40644,attack_window,20260508_212317_basic_enum_YrdGDI,20260508_212317_suid_exec_dns_vandalism_9o1sm3,recon,no,-1,/usr/sbin/sshd,,,1001,1001,1001,24340,24293,(none),124
1.562129,recon/basic_enum,suid_exec,execve,shell_exec,bash,bash -c test -u /usr/sbin/chroot && test -x /usr/sbin/chroot,bash -c test -u /usr/sbin/chroot && test -x /usr/sbin/chroot,/home/deploy-rkejw,benign,,1778300598.043,40645,attack_window,20260508_212317_basic_enum_YrdGDI,20260508_212317_suid_exec_dns_vandalism_9o1sm3,recon,yes,0,/usr/bin/bash,/bin/bash,/bin/bash|/lib64/ld-linux-x86-64.so.2,1001,1001,1001,24341,24340,(none),124
1.564129,recon/basic_enum,suid_exec,connect,network_connect,sshd,,sshd: deploy-rkejw [priv],/,benign,,1778300598.045,40646,attack_window,20260508_212317_basic_enum_YrdGDI,20260508_212317_suid_exec_dns_vandalism_9o1sm3,recon,yes,0,/usr/sbin/sshd,/dev/log,/dev/log,1001,1001,1001,24340,24293,(none),124
1.564129,recon/basic_enum,suid_exec,114,privilege_transition,sshd,,/usr/sbin/sshd -D -R,,benign,,1778300598.045,40647,attack_window,20260508_212317_basic_enum_YrdGDI,20260508_212317_suid_exec_dns_vandalism_9o1sm3,recon,yes,0,/usr/sbin/sshd,,,0,0,1001,24293,21008,(none),124
1.565129,recon/basic_enum,suid_exec,setresuid,privilege_transition,sshd,,/usr/sbin/sshd -D -R,,benign,,1778300598.046,40648,attack_window,20260508_212317_basic_enum_YrdGDI,20260508_212317_suid_exec_dns_vandalism_9o1sm3,recon,yes,0,/usr/sbin/sshd,,,0,1001,1001,24293,21008,(none),124
1.565129,recon/basic_enum,suid_exec,113,privilege_transition,sshd,,/usr/sbin/sshd -D -R,,benign,,1778300598.046,40649,attack_window,20260508_212317_basic_enum_YrdGDI,20260508_212317_suid_exec_dns_vandalism_9o1sm3,recon,yes,0,/usr/sbin/sshd,,,0,0,1001,24293,21008,(none),124
1.565129,recon/basic_enum,suid_exec,114,privilege_transition,sshd,,/usr/sbin/sshd -D -R,,benign,,1778300598.046,40650,attack_window,20260508_212317_basic_enum_YrdGDI,20260508_212317_suid_exec_dns_vandalism_9o1sm3,recon,yes,0,/usr/sbin/sshd,,,0,0,1001,24293,21008,(none),124
1.565129,recon/basic_enum,suid_exec,connect,network_connect,sshd,,/usr/sbin/sshd -D -R,/,benign,,1778300598.046,40651,attack_window,20260508_212317_basic_enum_YrdGDI,20260508_212317_suid_exec_dns_vandalism_9o1sm3,recon,yes,0,/usr/sbin/sshd,/run/dbus/system_bus_socket,/run/dbus/system_bus_socket,0,0,1001,24293,21008,(none),124
1.566129,recon/basic_enum,suid_exec,,,,,,,ambiguous,,1778300598.047,40652,attack_window,20260508_212317_basic_enum_YrdGDI,20260508_212317_suid_exec_dns_vandalism_9o1sm3,recon,,,,,,,,,,,,
1.566129,recon/basic_enum,suid_exec,,,,,,,ambiguous,,1778300598.047,40653,attack_window,20260508_212317_basic_enum_YrdGDI,20260508_212317_suid_exec_dns_vandalism_9o1sm3,recon,,,,,,,,,,,,
1.566129,recon/basic_enum,suid_exec,setresgid,privilege_transition,sshd,,/usr/sbin/sshd -D -R,,benign,,1778300598.047,40654,attack_window,20260508_212317_basic_enum_YrdGDI,20260508_212317_suid_exec_dns_vandalism_9o1sm3,recon,yes,0,/usr/sbin/sshd,,,0,0,1001,24293,21008,(none),124
1.566129,recon/basic_enum,suid_exec,setresuid,privilege_transition,sshd,,/usr/sbin/sshd -D -R,,benign,,1778300598.047,40655,attack_window,20260508_212317_basic_enum_YrdGDI,20260508_212317_suid_exec_dns_vandalism_9o1sm3,recon,yes,0,/usr/sbin/sshd,,,0,1001,1001,24293,21008,(none),124
1.566129,recon/basic_enum,suid_exec,setresuid,privilege_transition,sshd,,/usr/sbin/sshd -D -R,,benign,,1778300598.047,40656,attack_window,20260508_212317_basic_enum_YrdGDI,20260508_212317_suid_exec_dns_vandalism_9o1sm3,recon,yes,0,/usr/sbin/sshd,,,0,0,1001,24293,21008,(none),124
1.566129,recon/basic_enum,suid_exec,setresgid,privilege_transition,sshd,,/usr/sbin/sshd -D -R,,benign,,1778300598.047,40657,attack_window,20260508_212317_basic_enum_YrdGDI,20260508_212317_suid_exec_dns_vandalism_9o1sm3,recon,yes,0,/usr/sbin/sshd,,,0,0,1001,24293,21008,(none),124
1.577129,recon/basic_enum,suid_exec,execve,exec,sshd,/usr/sbin/sshd -D -R,/usr/sbin/sshd -D -R,/,benign,,1778300598.058,40658,attack_window,20260508_212317_basic_enum_YrdGDI,20260508_212317_suid_exec_dns_vandalism_9o1sm3,recon,yes,0,/usr/sbin/sshd,/usr/sbin/sshd,/usr/sbin/sshd|/lib64/ld-linux-x86-64.so.2,0,0,4294967295,24342,21008,(none),4294967295
1.580129,recon/basic_enum,suid_exec,connect,network_connect,sshd,,/usr/sbin/sshd -D -R,/,benign,,1778300598.061,40659,attack_window,20260508_212317_basic_enum_YrdGDI,20260508_212317_suid_exec_dns_vandalism_9o1sm3,recon,no,-2,/usr/sbin/sshd,/var/run/nscd/socket,/var/run/nscd/socket,0,0,4294967295,24342,21008,(none),4294967295
1.580129,recon/basic_enum,suid_exec,connect,network_connect,sshd,,/usr/sbin/sshd -D -R,,benign,,1778300598.061,40660,attack_window,20260508_212317_basic_enum_YrdGDI,20260508_212317_suid_exec_dns_vandalism_9o1sm3,recon,yes,0,/usr/sbin/sshd,,,0,0,4294967295,24342,21008,(none),4294967295
1.580129,recon/basic_enum,suid_exec,connect,network_connect,sshd,,/usr/sbin/sshd -D -R,,benign,,1778300598.061,40661,attack_window,20260508_212317_basic_enum_YrdGDI,20260508_212317_suid_exec_dns_vandalism_9o1sm3,recon,yes,0,/usr/sbin/sshd,,,0,0,4294967295,24342,21008,(none),4294967295
1.580129,recon/basic_enum,suid_exec,connect,network_connect,sshd,,/usr/sbin/sshd -D -R,,benign,,1778300598.061,40662,attack_window,20260508_212317_basic_enum_YrdGDI,20260508_212317_suid_exec_dns_vandalism_9o1sm3,recon,yes,0,/usr/sbin/sshd,,,0,0,4294967295,24342,21008,(none),4294967295
1.580129,recon/basic_enum,suid_exec,connect,network_connect,sshd,,/usr/sbin/sshd -D -R,/,benign,,1778300598.061,40663,attack_window,20260508_212317_basic_enum_YrdGDI,20260508_212317_suid_exec_dns_vandalism_9o1sm3,recon,no,-2,/usr/sbin/sshd,/var/run/nscd/socket,/var/run/nscd/socket,0,0,4294967295,24342,21008,(none),4294967295
1.580129,recon/basic_enum,suid_exec,connect,network_connect,sshd,,/usr/sbin/sshd -D -R,/,benign,,1778300598.061,40664,attack_window,20260508_212317_basic_enum_YrdGDI,20260508_212317_suid_exec_dns_vandalism_9o1sm3,recon,no,-2,/usr/sbin/sshd,/var/run/nscd/socket,/var/run/nscd/socket,0,0,4294967295,24342,21008,(none),4294967295
1.583129,recon/basic_enum,suid_exec,setresgid,privilege_transition,sshd,,sshd: [accepted],,benign,,1778300598.064,40665,attack_window,20260508_212317_basic_enum_YrdGDI,20260508_212317_suid_exec_dns_vandalism_9o1sm3,recon,yes,0,/usr/sbin/sshd,,,0,0,4294967295,24343,24342,(none),4294967295
1.583129,recon/basic_enum,suid_exec,setresuid,privilege_transition,sshd,,sshd: [accepted],,benign,,1778300598.064,40666,attack_window,20260508_212317_basic_enum_YrdGDI,20260508_212317_suid_exec_dns_vandalism_9o1sm3,recon,yes,0,/usr/sbin/sshd,,,109,109,4294967295,24343,24342,(none),4294967295
1.583129,recon/basic_enum,suid_exec,setgid,privilege_transition,sshd,,sshd: [accepted],,benign,,1778300598.064,40667,attack_window,20260508_212317_basic_enum_YrdGDI,20260508_212317_suid_exec_dns_vandalism_9o1sm3,recon,no,-1,/usr/sbin/sshd,,,109,109,4294967295,24343,24342,(none),4294967295
1.583129,recon/basic_enum,suid_exec,setresgid,privilege_transition,sshd,,sshd: [accepted],,benign,,1778300598.064,40668,attack_window,20260508_212317_basic_enum_YrdGDI,20260508_212317_suid_exec_dns_vandalism_9o1sm3,recon,no,-1,/usr/sbin/sshd,,,109,109,4294967295,24343,24342,(none),4294967295
1.583129,recon/basic_enum,suid_exec,setuid,privilege_transition,sshd,,sshd: [accepted],,benign,,1778300598.064,40669,attack_window,20260508_212317_basic_enum_YrdGDI,20260508_212317_suid_exec_dns_vandalism_9o1sm3,recon,no,-1,/usr/sbin/sshd,,,109,109,4294967295,24343,24342,(none),4294967295
1.583129,recon/basic_enum,suid_exec,setresuid,privilege_transition,sshd,,sshd: [accepted],,benign,,1778300598.064,40670,attack_window,20260508_212317_basic_enum_YrdGDI,20260508_212317_suid_exec_dns_vandalism_9o1sm3,recon,no,-1,/usr/sbin/sshd,,,109,109,4294967295,24343,24342,(none),4294967295
1.685129,recon/basic_enum,suid_exec,connect,network_connect,sshd,,/usr/sbin/sshd -D -R,/,benign,,1778300598.166,40671,attack_window,20260508_212317_basic_enum_YrdGDI,20260508_212317_suid_exec_dns_vandalism_9o1sm3,recon,no,-2,/usr/sbin/sshd,/var/run/nscd/socket,/var/run/nscd/socket,0,0,4294967295,24342,21008,(none),4294967295
1.685129,recon/basic_enum,suid_exec,connect,network_connect,sshd,,/usr/sbin/sshd -D -R,/,benign,,1778300598.166,40672,attack_window,20260508_212317_basic_enum_YrdGDI,20260508_212317_suid_exec_dns_vandalism_9o1sm3,recon,no,-2,/usr/sbin/sshd,/var/run/nscd/socket,/var/run/nscd/socket,0,0,4294967295,24342,21008,(none),4294967295
1.685129,recon/basic_enum,suid_exec,connect,network_connect,sshd,,/usr/sbin/sshd -D -R,/,benign,,1778300598.166,40673,attack_window,20260508_212317_basic_enum_YrdGDI,20260508_212317_suid_exec_dns_vandalism_9o1sm3,recon,yes,0,/usr/sbin/sshd,/run/systemd/userdb/io.systemd.DynamicUser,/run/systemd/userdb/io.systemd.DynamicUser,0,0,4294967295,24342,21008,(none),4294967295
1.685129,recon/basic_enum,suid_exec,setresgid,privilege_transition,sshd,,/usr/sbin/sshd -D -R,,benign,,1778300598.166,40674,attack_window,20260508_212317_basic_enum_YrdGDI,20260508_212317_suid_exec_dns_vandalism_9o1sm3,recon,yes,0,/usr/sbin/sshd,,,0,0,4294967295,24342,21008,(none),4294967295
1.685129,recon/basic_enum,suid_exec,setresuid,privilege_transition,sshd,,/usr/sbin/sshd -D -R,,benign,,1778300598.166,40675,attack_window,20260508_212317_basic_enum_YrdGDI,20260508_212317_suid_exec_dns_vandalism_9o1sm3,recon,yes,0,/usr/sbin/sshd,,,0,1001,4294967295,24342,21008,(none),4294967295
1.685129,recon/basic_enum,suid_exec,setresuid,privilege_transition,sshd,,/usr/sbin/sshd -D -R,,benign,,1778300598.166,40676,attack_window,20260508_212317_basic_enum_YrdGDI,20260508_212317_suid_exec_dns_vandalism_9o1sm3,recon,yes,0,/usr/sbin/sshd,,,0,0,4294967295,24342,21008,(none),4294967295
1.685129,recon/basic_enum,suid_exec,setresgid,privilege_transition,sshd,,/usr/sbin/sshd -D -R,,benign,,1778300598.166,40677,attack_window,20260508_212317_basic_enum_YrdGDI,20260508_212317_suid_exec_dns_vandalism_9o1sm3,recon,yes,0,/usr/sbin/sshd,,,0,0,4294967295,24342,21008,(none),4294967295
1.685129,recon/basic_enum,suid_exec,setresgid,privilege_transition,sshd,,/usr/sbin/sshd -D -R,,benign,,1778300598.166,40678,attack_window,20260508_212317_basic_enum_YrdGDI,20260508_212317_suid_exec_dns_vandalism_9o1sm3,recon,yes,0,/usr/sbin/sshd,,,0,0,4294967295,24342,21008,(none),4294967295
1.685129,recon/basic_enum,suid_exec,setresuid,privilege_transition,sshd,,/usr/sbin/sshd -D -R,,benign,,1778300598.166,40679,attack_window,20260508_212317_basic_enum_YrdGDI,20260508_212317_suid_exec_dns_vandalism_9o1sm3,recon,yes,0,/usr/sbin/sshd,,,0,1001,4294967295,24342,21008,(none),4294967295
1.685129,recon/basic_enum,suid_exec,connect,network_connect,sshd,,/usr/sbin/sshd -D -R,/,benign,,1778300598.166,40680,attack_window,20260508_212317_basic_enum_YrdGDI,20260508_212317_suid_exec_dns_vandalism_9o1sm3,recon,yes,0,/usr/sbin/sshd,/dev/log,/dev/log,0,1001,4294967295,24342,21008,(none),4294967295
1.685129,recon/basic_enum,suid_exec,setresuid,privilege_transition,sshd,,/usr/sbin/sshd -D -R,,benign,,1778300598.166,40681,attack_window,20260508_212317_basic_enum_YrdGDI,20260508_212317_suid_exec_dns_vandalism_9o1sm3,recon,yes,0,/usr/sbin/sshd,,,0,0,4294967295,24342,21008,(none),4294967295
1.686129,recon/basic_enum,suid_exec,setresgid,privilege_transition,sshd,,/usr/sbin/sshd -D -R,,benign,,1778300598.167,40682,attack_window,20260508_212317_basic_enum_YrdGDI,20260508_212317_suid_exec_dns_vandalism_9o1sm3,recon,yes,0,/usr/sbin/sshd,,,0,0,4294967295,24342,21008,(none),4294967295
1.686129,recon/basic_enum,suid_exec,,,,,,,ambiguous,,1778300598.167,40683,attack_window,20260508_212317_basic_enum_YrdGDI,20260508_212317_suid_exec_dns_vandalism_9o1sm3,recon,,,,,,,,,,,,
1.691129,recon/basic_enum,suid_exec,setresgid,privilege_transition,sshd,,/usr/sbin/sshd -D -R,,benign,,1778300598.172,40684,attack_window,20260508_212317_basic_enum_YrdGDI,20260508_212317_suid_exec_dns_vandalism_9o1sm3,recon,yes,0,/usr/sbin/sshd,,,0,0,4294967295,24342,21008,(none),4294967295
1.691129,recon/basic_enum,suid_exec,setresuid,privilege_transition,sshd,,/usr/sbin/sshd -D -R,,benign,,1778300598.172,40685,attack_window,20260508_212317_basic_enum_YrdGDI,20260508_212317_suid_exec_dns_vandalism_9o1sm3,recon,yes,0,/usr/sbin/sshd,,,0,1001,4294967295,24342,21008,(none),4294967295
1.691129,recon/basic_enum,suid_exec,setresuid,privilege_transition,sshd,,/usr/sbin/sshd -D -R,,benign,,1778300598.172,40686,attack_window,20260508_212317_basic_enum_YrdGDI,20260508_212317_suid_exec_dns_vandalism_9o1sm3,recon,yes,0,/usr/sbin/sshd,,,0,0,4294967295,24342,21008,(none),4294967295
1.691129,recon/basic_enum,suid_exec,setresgid,privilege_transition,sshd,,/usr/sbin/sshd -D -R,,benign,,1778300598.172,40687,attack_window,20260508_212317_basic_enum_YrdGDI,20260508_212317_suid_exec_dns_vandalism_9o1sm3,recon,yes,0,/usr/sbin/sshd,,,0,0,4294967295,24342,21008,(none),4294967295
1.691129,recon/basic_enum,suid_exec,setresgid,privilege_transition,sshd,,/usr/sbin/sshd -D -R,,benign,,1778300598.172,40688,attack_window,20260508_212317_basic_enum_YrdGDI,20260508_212317_suid_exec_dns_vandalism_9o1sm3,recon,yes,0,/usr/sbin/sshd,,,0,0,4294967295,24342,21008,(none),4294967295
1.693129,recon/basic_enum,suid_exec,setresuid,privilege_transition,sshd,,/usr/sbin/sshd -D -R,,benign,,1778300598.174,40689,attack_window,20260508_212317_basic_enum_YrdGDI,20260508_212317_suid_exec_dns_vandalism_9o1sm3,recon,yes,0,/usr/sbin/sshd,,,0,1001,4294967295,24342,21008,(none),4294967295
1.693129,recon/basic_enum,suid_exec,connect,network_connect,sshd,,/usr/sbin/sshd -D -R,/,benign,,1778300598.174,40690,attack_window,20260508_212317_basic_enum_YrdGDI,20260508_212317_suid_exec_dns_vandalism_9o1sm3,recon,yes,0,/usr/sbin/sshd,/dev/log,/dev/log,0,1001,4294967295,24342,21008,(none),4294967295
1.693129,recon/basic_enum,suid_exec,setresuid,privilege_transition,sshd,,/usr/sbin/sshd -D -R,,benign,,1778300598.174,40691,attack_window,20260508_212317_basic_enum_YrdGDI,20260508_212317_suid_exec_dns_vandalism_9o1sm3,recon,yes,0,/usr/sbin/sshd,,,0,0,4294967295,24342,21008,(none),4294967295
1.693129,recon/basic_enum,suid_exec,setresgid,privilege_transition,sshd,,/usr/sbin/sshd -D -R,,benign,,1778300598.174,40692,attack_window,20260508_212317_basic_enum_YrdGDI,20260508_212317_suid_exec_dns_vandalism_9o1sm3,recon,yes,0,/usr/sbin/sshd,,,0,0,4294967295,24342,21008,(none),4294967295
1.693129,recon/basic_enum,suid_exec,,,,,,,ambiguous,,1778300598.174,40693,attack_window,20260508_212317_basic_enum_YrdGDI,20260508_212317_suid_exec_dns_vandalism_9o1sm3,recon,,,,,,,,,,,,
1.718129,recon/basic_enum,suid_exec,connect,network_connect,sshd,,/usr/sbin/sshd -D -R,/,benign,,1778300598.199,40694,attack_window,20260508_212317_basic_enum_YrdGDI,20260508_212317_suid_exec_dns_vandalism_9o1sm3,recon,yes,0,/usr/sbin/sshd,/run/systemd/userdb/io.systemd.DynamicUser,/run/systemd/userdb/io.systemd.DynamicUser,0,0,4294967295,24342,21008,(none),4294967295
1.719129,recon/basic_enum,suid_exec,,,,,,,ambiguous,,1778300598.200,40695,attack_window,20260508_212317_basic_enum_YrdGDI,20260508_212317_suid_exec_dns_vandalism_9o1sm3,recon,,,,,,,,,,,,
1.724129,recon/basic_enum,suid_exec,,,,,,,ambiguous,,1778300598.205,40696,attack_window,20260508_212317_basic_enum_YrdGDI,20260508_212317_suid_exec_dns_vandalism_9o1sm3,recon,,,,,,,,,,,,
1.725129,recon/basic_enum,suid_exec,connect,network_connect,sshd,,/usr/sbin/sshd -D -R,/,benign,,1778300598.206,40697,attack_window,20260508_212317_basic_enum_YrdGDI,20260508_212317_suid_exec_dns_vandalism_9o1sm3,recon,yes,0,/usr/sbin/sshd,/dev/log,/dev/log,0,0,4294967295,24342,21008,(none),4294967295
1.725129,recon/basic_enum,suid_exec,connect,network_connect,sshd,,/usr/sbin/sshd -D -R,/,benign,,1778300598.206,40698,attack_window,20260508_212317_basic_enum_YrdGDI,20260508_212317_suid_exec_dns_vandalism_9o1sm3,recon,yes,0,/usr/sbin/sshd,/run/systemd/userdb/io.systemd.DynamicUser,/run/systemd/userdb/io.systemd.DynamicUser,0,0,4294967295,24342,21008,(none),4294967295
1.725129,recon/basic_enum,suid_exec,126,privilege_transition,sshd,,/usr/sbin/sshd -D -R,,benign,,1778300598.206,40699,attack_window,20260508_212317_basic_enum_YrdGDI,20260508_212317_suid_exec_dns_vandalism_9o1sm3,recon,yes,0,/usr/sbin/sshd,,,0,0,4294967295,24342,21008,(none),4294967295
1.725129,recon/basic_enum,suid_exec,,,,,,,ambiguous,,1778300598.206,40700,attack_window,20260508_212317_basic_enum_YrdGDI,20260508_212317_suid_exec_dns_vandalism_9o1sm3,recon,,,,,,,,,,,,
1.726129,recon/basic_enum,suid_exec,77,file_destroy,sshd,,/usr/sbin/sshd -D -R,,benign,,1778300598.207,40701,attack_window,20260508_212317_basic_enum_YrdGDI,20260508_212317_suid_exec_dns_vandalism_9o1sm3,recon,yes,0,/usr/sbin/sshd,,,0,0,4294967295,24342,21008,(none),4294967295
1.726129,recon/basic_enum,suid_exec,write,(null),sshd,,/usr/sbin/sshd -D -R,,benign,,1778300598.207,40702,attack_window,20260508_212317_basic_enum_YrdGDI,20260508_212317_suid_exec_dns_vandalism_9o1sm3,recon,yes,4,/usr/sbin/sshd,,,0,0,1001,24342,21008,(none),125
1.726129,recon/basic_enum,suid_exec,114,privilege_transition,sshd,,/usr/sbin/sshd -D -R,,benign,,1778300598.207,40703,attack_window,20260508_212317_basic_enum_YrdGDI,20260508_212317_suid_exec_dns_vandalism_9o1sm3,recon,yes,0,/usr/sbin/sshd,,,0,0,1001,24342,21008,(none),125
1.726129,recon/basic_enum,suid_exec,113,privilege_transition,sshd,,/usr/sbin/sshd -D -R,,benign,,1778300598.207,40704,attack_window,20260508_212317_basic_enum_YrdGDI,20260508_212317_suid_exec_dns_vandalism_9o1sm3,recon,yes,0,/usr/sbin/sshd,,,1001,0,1001,24342,21008,(none),125
1.726129,recon/basic_enum,suid_exec,113,privilege_transition,sshd,,/usr/sbin/sshd -D -R,,benign,,1778300598.207,40705,attack_window,20260508_212317_basic_enum_YrdGDI,20260508_212317_suid_exec_dns_vandalism_9o1sm3,recon,yes,0,/usr/sbin/sshd,,,0,0,1001,24342,21008,(none),125
1.726129,recon/basic_enum,suid_exec,114,privilege_transition,sshd,,/usr/sbin/sshd -D -R,,benign,,1778300598.207,40706,attack_window,20260508_212317_basic_enum_YrdGDI,20260508_212317_suid_exec_dns_vandalism_9o1sm3,recon,yes,0,/usr/sbin/sshd,,,0,0,1001,24342,21008,(none),125
1.726129,recon/basic_enum,suid_exec,connect,network_connect,sshd,,/usr/sbin/sshd -D -R,/,benign,,1778300598.207,40707,attack_window,20260508_212317_basic_enum_YrdGDI,20260508_212317_suid_exec_dns_vandalism_9o1sm3,recon,yes,0,/usr/sbin/sshd,/dev/log,/dev/log,0,0,1001,24342,21008,(none),125
1.726129,recon/basic_enum,suid_exec,connect,network_connect,sshd,,/usr/sbin/sshd -D -R,/,benign,,1778300598.207,40708,attack_window,20260508_212317_basic_enum_YrdGDI,20260508_212317_suid_exec_dns_vandalism_9o1sm3,recon,no,-2,/usr/sbin/sshd,/run/systemd/userdb/io.systemd.Multiplexer,/run/systemd/userdb/io.systemd.Multiplexer,0,0,1001,24342,21008,(none),125
1.727129,recon/basic_enum,suid_exec,connect,network_connect,sshd,,/usr/sbin/sshd -D -R,/,benign,,1778300598.208,40709,attack_window,20260508_212317_basic_enum_YrdGDI,20260508_212317_suid_exec_dns_vandalism_9o1sm3,recon,yes,0,/usr/sbin/sshd,/run/systemd/userdb/io.systemd.DynamicUser,/run/systemd/userdb/io.systemd.DynamicUser,0,0,1001,24342,21008,(none),125
1.727129,recon/basic_enum,suid_exec,connect,network_connect,sshd,,/usr/sbin/sshd -D -R,/,benign,,1778300598.208,40710,attack_window,20260508_212317_basic_enum_YrdGDI,20260508_212317_suid_exec_dns_vandalism_9o1sm3,recon,yes,0,/usr/sbin/sshd,/run/dbus/system_bus_socket,/run/dbus/system_bus_socket,0,0,1001,24342,21008,(none),125
1.735129,recon/basic_enum,suid_exec,execve,exec,sh,sh -c -- /usr/bin/env -i PATH=/usr/local/sbin:/usr/local/bin:/usr/sbin:/usr/bin:/sbin:/bin run-parts --lsbsysinit /etc/update-motd.d > /run/motd.dynamic.new,sh -c -- /usr/bin/env -i PATH=/usr/local/sbin:/usr/local/bin:/usr/sbin:/usr/bin:/sbin:/bin run-parts --lsbsysinit /etc/update-mo,/,benign,,1778300598.216,40711,attack_window,20260508_212317_basic_enum_YrdGDI,20260508_212317_suid_exec_dns_vandalism_9o1sm3,recon,yes,0,/usr/bin/dash,/bin/sh,/bin/sh|/lib64/ld-linux-x86-64.so.2,0,0,1001,24344,24342,(none),125
1.736129,recon/basic_enum,suid_exec,execve,exec,env,/usr/bin/env -i PATH=/usr/local/sbin:/usr/local/bin:/usr/sbin:/usr/bin:/sbin:/bin run-parts --lsbsysinit /etc/update-motd.d,/usr/bin/env -i PATH=/usr/local/sbin:/usr/local/bin:/usr/sbin:/usr/bin:/sbin:/bin run-parts --lsbsysinit /etc/update-motd.d,/,benign,,1778300598.217,40712,attack_window,20260508_212317_basic_enum_YrdGDI,20260508_212317_suid_exec_dns_vandalism_9o1sm3,recon,yes,0,/usr/bin/env,/usr/bin/env,/usr/bin/env|/lib64/ld-linux-x86-64.so.2,0,0,1001,24345,24344,(none),125
1.736129,recon/basic_enum,suid_exec,execve,exec,env,,/usr/bin/env -i PATH=/usr/local/sbin:/usr/local/bin:/usr/sbin:/usr/bin:/sbin:/bin run-parts --lsbsysinit /etc/update-motd.d,/,benign,,1778300598.217,40713,attack_window,20260508_212317_basic_enum_YrdGDI,20260508_212317_suid_exec_dns_vandalism_9o1sm3,recon,no,-2,/usr/bin/env,/usr/local/sbin/run-parts,/usr/local/sbin/run-parts,0,0,1001,24345,24344,(none),125
1.737129,recon/basic_enum,suid_exec,execve,exec,env,,/usr/bin/env -i PATH=/usr/local/sbin:/usr/local/bin:/usr/sbin:/usr/bin:/sbin:/bin run-parts --lsbsysinit /etc/update-motd.d,/,benign,,1778300598.218,40714,attack_window,20260508_212317_basic_enum_YrdGDI,20260508_212317_suid_exec_dns_vandalism_9o1sm3,recon,no,-2,/usr/bin/env,/usr/local/bin/run-parts,/usr/local/bin/run-parts,0,0,1001,24345,24344,(none),125
1.737129,recon/basic_enum,suid_exec,execve,exec,env,,/usr/bin/env -i PATH=/usr/local/sbin:/usr/local/bin:/usr/sbin:/usr/bin:/sbin:/bin run-parts --lsbsysinit /etc/update-motd.d,/,benign,,1778300598.218,40715,attack_window,20260508_212317_basic_enum_YrdGDI,20260508_212317_suid_exec_dns_vandalism_9o1sm3,recon,no,-2,/usr/bin/env,/usr/sbin/run-parts,/usr/sbin/run-parts,0,0,1001,24345,24344,(none),125
1.737129,recon/basic_enum,suid_exec,execve,exec,run-parts,run-parts --lsbsysinit /etc/update-motd.d,/usr/bin/env -i PATH=/usr/local/sbin:/usr/local/bin:/usr/sbin:/usr/bin:/sbin:/bin run-parts --lsbsysinit /etc/update-motd.d,/,benign,,1778300598.218,40716,attack_window,20260508_212317_basic_enum_YrdGDI,20260508_212317_suid_exec_dns_vandalism_9o1sm3,recon,yes,0,/usr/bin/run-parts,/usr/bin/run-parts,/usr/bin/run-parts|/lib64/ld-linux-x86-64.so.2,0,0,1001,24345,24344,(none),125
1.739129,recon/basic_enum,suid_exec,execve,exec,00-header,/bin/sh /etc/update-motd.d/00-header,/bin/sh /etc/update-motd.d/00-header,/,benign,,1778300598.220,40717,attack_window,20260508_212317_basic_enum_YrdGDI,20260508_212317_suid_exec_dns_vandalism_9o1sm3,recon,yes,0,/usr/bin/dash,/etc/update-motd.d/00-header,/etc/update-motd.d/00-header|/bin/sh|/lib64/ld-linux-x86-64.so.2,0,0,1001,24346,24345,(none),125
1.740129,recon/basic_enum,suid_exec,execve,exec,uname,uname -o,uname -o,/,benign,,1778300598.221,40718,attack_window,20260508_212317_basic_enum_YrdGDI,20260508_212317_suid_exec_dns_vandalism_9o1sm3,recon,yes,0,/usr/bin/uname,/usr/bin/uname,/usr/bin/uname|/lib64/ld-linux-x86-64.so.2,0,0,1001,24347,24346,(none),125
1.742129,recon/basic_enum,suid_exec,execve,exec,uname,uname -r,uname -r,/,benign,,1778300598.223,40719,attack_window,20260508_212317_basic_enum_YrdGDI,20260508_212317_suid_exec_dns_vandalism_9o1sm3,recon,yes,0,/usr/bin/uname,/usr/bin/uname,/usr/bin/uname|/lib64/ld-linux-x86-64.so.2,0,0,1001,24348,24346,(none),125
1.743129,recon/basic_enum,suid_exec,execve,exec,uname,uname -m,uname -m,/,benign,,1778300598.224,40720,attack_window,20260508_212317_basic_enum_YrdGDI,20260508_212317_suid_exec_dns_vandalism_9o1sm3,recon,yes,0,/usr/bin/uname,/usr/bin/uname,/usr/bin/uname|/lib64/ld-linux-x86-64.so.2,0,0,1001,24349,24346,(none),125
1.744129,recon/basic_enum,suid_exec,execve,exec,10-help-text,/bin/sh /etc/update-motd.d/10-help-text,/bin/sh /etc/update-motd.d/10-help-text,/,benign,,1778300598.225,40721,attack_window,20260508_212317_basic_enum_YrdGDI,20260508_212317_suid_exec_dns_vandalism_9o1sm3,recon,yes,0,/usr/bin/dash,/etc/update-motd.d/10-help-text,/etc/update-motd.d/10-help-text|/bin/sh|/lib64/ld-linux-x86-64.so.2,0,0,1001,24350,24345,(none),125
1.745129,recon/basic_enum,suid_exec,execve,exec,50-landscape-sy,/bin/sh /etc/update-motd.d/50-landscape-sysinfo,/bin/sh /etc/update-motd.d/50-landscape-sysinfo,/,benign,,1778300598.226,40722,attack_window,20260508_212317_basic_enum_YrdGDI,20260508_212317_suid_exec_dns_vandalism_9o1sm3,recon,yes,0,/usr/bin/dash,/etc/update-motd.d/50-landscape-sysinfo,/etc/update-motd.d/50-landscape-sysinfo|/bin/sh|/lib64/ld-linux-x86-64.so.2,0,0,1001,24351,24345,(none),125
1.745129,recon/basic_enum,suid_exec,execve,exec,find,find /var/lib/landscape/landscape-sysinfo.cache -newermt now-1 minutes,find /var/lib/landscape/landscape-sysinfo.cache -newermt now-1 minutes,/,benign,,1778300598.226,40723,attack_window,20260508_212317_basic_enum_YrdGDI,20260508_212317_suid_exec_dns_vandalism_9o1sm3,recon,yes,0,/usr/bin/find,/usr/bin/find,/usr/bin/find|/lib64/ld-linux-x86-64.so.2,0,0,1001,24352,24351,(none),125
1.747129,recon/basic_enum,suid_exec,execve,exec,cat,cat /var/lib/landscape/landscape-sysinfo.cache,cat /var/lib/landscape/landscape-sysinfo.cache,/,benign,,1778300598.228,40724,attack_window,20260508_212317_basic_enum_YrdGDI,20260508_212317_suid_exec_dns_vandalism_9o1sm3,recon,yes,0,/usr/bin/cat,/usr/bin/cat,/usr/bin/cat|/lib64/ld-linux-x86-64.so.2,0,0,1001,24353,24351,(none),125
1.749129,recon/basic_enum,suid_exec,execve,exec,50-motd-news,/bin/sh /etc/update-motd.d/50-motd-news,/bin/sh /etc/update-motd.d/50-motd-news,/,benign,,1778300598.230,40725,attack_window,20260508_212317_basic_enum_YrdGDI,20260508_212317_suid_exec_dns_vandalism_9o1sm3,recon,yes,0,/usr/bin/dash,/etc/update-motd.d/50-motd-news,/etc/update-motd.d/50-motd-news|/bin/sh|/lib64/ld-linux-x86-64.so.2,0,0,1001,24354,24345,(none),125
1.750129,recon/basic_enum,suid_exec,execve,exec,tr,tr -d \000-\011\013\014\016-\037,tr -d \000-\011\013\014\016-\037,/,benign,,1778300598.231,40726,attack_window,20260508_212317_basic_enum_YrdGDI,20260508_212317_suid_exec_dns_vandalism_9o1sm3,recon,yes,0,/usr/bin/tr,/usr/bin/tr,/usr/bin/tr|/lib64/ld-linux-x86-64.so.2,0,0,1001,24357,24354,(none),125
1.750129,recon/basic_enum,suid_exec,execve,exec,cat,cat /var/cache/motd-news,cat /var/cache/motd-news,/,benign,,1778300598.231,40727,attack_window,20260508_212317_basic_enum_YrdGDI,20260508_212317_suid_exec_dns_vandalism_9o1sm3,recon,yes,0,/usr/bin/cat,/usr/bin/cat,/usr/bin/cat|/lib64/ld-linux-x86-64.so.2,0,0,1001,24355,24354,(none),125
1.750129,recon/basic_enum,suid_exec,execve,exec,head,head -n 10,head -n 10,/,benign,,1778300598.231,40728,attack_window,20260508_212317_basic_enum_YrdGDI,20260508_212317_suid_exec_dns_vandalism_9o1sm3,recon,yes,0,/usr/bin/head,/usr/bin/head,/usr/bin/head|/lib64/ld-linux-x86-64.so.2,0,0,1001,24356,24354,(none),125
1.751129,recon/basic_enum,suid_exec,execve,exec,cut,cut -c -80,cut -c -80,/,benign,,1778300598.232,40729,attack_window,20260508_212317_basic_enum_YrdGDI,20260508_212317_suid_exec_dns_vandalism_9o1sm3,recon,yes,0,/usr/bin/cut,/usr/bin/cut,/usr/bin/cut|/lib64/ld-linux-x86-64.so.2,0,0,1001,24358,24354,(none),125
1.754129,recon/basic_enum,suid_exec,execve,exec,85-fwupd,/bin/sh /etc/update-motd.d/85-fwupd,/bin/sh /etc/update-motd.d/85-fwupd,/,benign,,1778300598.235,40730,attack_window,20260508_212317_basic_enum_YrdGDI,20260508_212317_suid_exec_dns_vandalism_9o1sm3,recon,yes,0,/usr/bin/dash,/etc/update-motd.d/85-fwupd,/etc/update-motd.d/85-fwupd|/bin/sh|/lib64/ld-linux-x86-64.so.2,0,0,1001,24359,24345,(none),125
1.755129,recon/basic_enum,suid_exec,execve,exec,cat,cat /run/motd.d/85-fwupd,cat /run/motd.d/85-fwupd,/,benign,,1778300598.236,40731,attack_window,20260508_212317_basic_enum_YrdGDI,20260508_212317_suid_exec_dns_vandalism_9o1sm3,recon,yes,0,/usr/bin/cat,/usr/bin/cat,/usr/bin/cat|/lib64/ld-linux-x86-64.so.2,0,0,1001,24360,24359,(none),125
1.757129,recon/basic_enum,suid_exec,execve,exec,90-updates-avai,/bin/sh /etc/update-motd.d/90-updates-available,/bin/sh /etc/update-motd.d/90-updates-available,/,benign,,1778300598.238,40732,attack_window,20260508_212317_basic_enum_YrdGDI,20260508_212317_suid_exec_dns_vandalism_9o1sm3,recon,yes,0,/usr/bin/dash,/etc/update-motd.d/90-updates-available,/etc/update-motd.d/90-updates-available|/bin/sh|/lib64/ld-linux-x86-64.so.2,0,0,1001,24361,24345,(none),125
1.758129,recon/basic_enum,suid_exec,execve,exec,cat,cat /var/lib/update-notifier/updates-available,cat /var/lib/update-notifier/updates-available,/,benign,,1778300598.239,40733,attack_window,20260508_212317_basic_enum_YrdGDI,20260508_212317_suid_exec_dns_vandalism_9o1sm3,recon,yes,0,/usr/bin/cat,/usr/bin/cat,/usr/bin/cat|/lib64/ld-linux-x86-64.so.2,0,0,1001,24362,24361,(none),125
1.759129,recon/basic_enum,suid_exec,execve,exec,find,find /var/lib/update-notifier/updates-available -newermt now-7 days,find /var/lib/update-notifier/updates-available -newermt now-7 days,/,benign,,1778300598.240,40734,attack_window,20260508_212317_basic_enum_YrdGDI,20260508_212317_suid_exec_dns_vandalism_9o1sm3,recon,yes,0,/usr/bin/find,/usr/bin/find,/usr/bin/find|/lib64/ld-linux-x86-64.so.2,0,0,1001,24363,24361,(none),125
1.759129,recon/basic_enum,suid_exec,execve,exec,grep,grep -q -m 1 .,grep -q -m 1 .,/,benign,,1778300598.240,40735,attack_window,20260508_212317_basic_enum_YrdGDI,20260508_212317_suid_exec_dns_vandalism_9o1sm3,recon,yes,0,/usr/bin/grep,/usr/bin/grep,/usr/bin/grep|/lib64/ld-linux-x86-64.so.2,0,0,1001,24364,24361,(none),125
1.761129,recon/basic_enum,suid_exec,execve,exec,91-contract-ua-,/bin/sh /etc/update-motd.d/91-contract-ua-esm-status,/bin/sh /etc/update-motd.d/91-contract-ua-esm-status,/,benign,,1778300598.242,40736,attack_window,20260508_212317_basic_enum_YrdGDI,20260508_212317_suid_exec_dns_vandalism_9o1sm3,recon,yes,0,/usr/bin/dash,/etc/update-motd.d/91-contract-ua-esm-status,/etc/update-motd.d/91-contract-ua-esm-status|/bin/sh|/lib64/ld-linux-x86-64.so.2,0,0,1001,24365,24345,(none),125
1.764129,recon/basic_enum,suid_exec,execve,exec,91-release-upgr,/bin/sh /etc/update-motd.d/91-release-upgrade,/bin/sh /etc/update-motd.d/91-release-upgrade,/,benign,,1778300598.245,40737,attack_window,20260508_212317_basic_enum_YrdGDI,20260508_212317_suid_exec_dns_vandalism_9o1sm3,recon,yes,0,/usr/bin/dash,/etc/update-motd.d/91-release-upgrade,/etc/update-motd.d/91-release-upgrade|/bin/sh|/lib64/ld-linux-x86-64.so.2,0,0,1001,24366,24345,(none),125
1.765129,recon/basic_enum,suid_exec,execve,exec,cut,cut -d -f4,cut -d -f4,/,benign,,1778300598.246,40738,attack_window,20260508_212317_basic_enum_YrdGDI,20260508_212317_suid_exec_dns_vandalism_9o1sm3,recon,yes,0,/usr/bin/cut,/usr/bin/cut,/usr/bin/cut|/lib64/ld-linux-x86-64.so.2,0,0,1001,24369,24367,(none),125
1.766129,recon/basic_enum,suid_exec,execve,exec,id,id -u,id -u,/,benign,,1778300598.247,40739,attack_window,20260508_212317_basic_enum_YrdGDI,20260508_212317_suid_exec_dns_vandalism_9o1sm3,recon,yes,0,/usr/bin/id,/usr/bin/id,/usr/bin/id|/lib64/ld-linux-x86-64.so.2,0,0,1001,24370,24366,(none),125
1.767129,recon/basic_enum,suid_exec,execve,exec,release-upgrade,/bin/sh -e /usr/lib/ubuntu-release-upgrader/release-upgrade-motd,/bin/sh /etc/update-motd.d/91-release-upgrade,/,benign,,1778300598.248,40740,attack_window,20260508_212317_basic_enum_YrdGDI,20260508_212317_suid_exec_dns_vandalism_9o1sm3,recon,yes,0,/usr/bin/dash,/usr/lib/ubuntu-release-upgrader/release-upgrade-motd,/usr/lib/ubuntu-release-upgrader/release-upgrade-motd|/bin/sh|/lib64/ld-linux-x86-64.so.2,0,0,1001,24366,24345,(none),125
1.768129,recon/basic_enum,suid_exec,execve,exec,date,date +%s,date +%s,/,benign,,1778300598.249,40741,attack_window,20260508_212317_basic_enum_YrdGDI,20260508_212317_suid_exec_dns_vandalism_9o1sm3,recon,yes,0,/usr/bin/date,/usr/bin/date,/usr/bin/date|/lib64/ld-linux-x86-64.so.2,0,0,1001,24371,24366,(none),125
1.769129,recon/basic_enum,suid_exec,execve,exec,stat,stat -c %Y /var/lib/ubuntu-release-upgrader/release-upgrade-available,stat -c %Y /var/lib/ubuntu-release-upgrader/release-upgrade-available,/,benign,,1778300598.250,40742,attack_window,20260508_212317_basic_enum_YrdGDI,20260508_212317_suid_exec_dns_vandalism_9o1sm3,recon,yes,0,/usr/bin/stat,/usr/bin/stat,/usr/bin/stat|/lib64/ld-linux-x86-64.so.2,0,0,1001,24372,24366,(none),125
1.770129,recon/basic_enum,suid_exec,execve,exec,expr,expr 1778282941 + 86400,expr 1778282941 + 86400,/,benign,,1778300598.251,40743,attack_window,20260508_212317_basic_enum_YrdGDI,20260508_212317_suid_exec_dns_vandalism_9o1sm3,recon,yes,0,/usr/bin/expr,/usr/bin/expr,/usr/bin/expr|/lib64/ld-linux-x86-64.so.2,0,0,1001,24373,24366,(none),125
1.771129,recon/basic_enum,suid_exec,execve,exec,92-unattended-u,/bin/sh /etc/update-motd.d/92-unattended-upgrades,/bin/sh /etc/update-motd.d/92-unattended-upgrades,/,benign,,1778300598.252,40744,attack_window,20260508_212317_basic_enum_YrdGDI,20260508_212317_suid_exec_dns_vandalism_9o1sm3,recon,yes,0,/usr/bin/dash,/etc/update-motd.d/92-unattended-upgrades,/etc/update-motd.d/92-unattended-upgrades|/bin/sh|/lib64/ld-linux-x86-64.so.2,0,0,1001,24374,24345,(none),125
1.772129,recon/basic_enum,suid_exec,execve,exec,update-motd-una,/bin/sh /usr/share/unattended-upgrades/update-motd-unattended-upgrades,/bin/sh /etc/update-motd.d/92-unattended-upgrades,/,benign,,1778300598.253,40745,attack_window,20260508_212317_basic_enum_YrdGDI,20260508_212317_suid_exec_dns_vandalism_9o1sm3,recon,yes,0,/usr/bin/dash,/usr/share/unattended-upgrades/update-motd-unattended-upgrades,/usr/share/unattended-upgrades/update-motd-unattended-upgrades|/bin/sh|/lib64/ld-linux-x86-64.so.2,0,0,1001,24374,24345,(none),125
1.774129,recon/basic_enum,suid_exec,execve,exec,95-hwe-eol,/bin/sh /etc/update-motd.d/95-hwe-eol,/bin/sh /etc/update-motd.d/95-hwe-eol,/,benign,,1778300598.255,40746,attack_window,20260508_212317_basic_enum_YrdGDI,20260508_212317_suid_exec_dns_vandalism_9o1sm3,recon,yes,0,/usr/bin/dash,/etc/update-motd.d/95-hwe-eol,/etc/update-motd.d/95-hwe-eol|/bin/sh|/lib64/ld-linux-x86-64.so.2,0,0,1001,24375,24345,(none),125
1.775129,recon/basic_enum,suid_exec,execve,exec,find,find /var/lib/update-notifier/hwe-eol -newermt now-1 days,find /var/lib/update-notifier/hwe-eol -newermt now-1 days,/,benign,,1778300598.256,40747,attack_window,20260508_212317_basic_enum_YrdGDI,20260508_212317_suid_exec_dns_vandalism_9o1sm3,recon,yes,0,/usr/bin/find,/usr/bin/find,/usr/bin/find|/lib64/ld-linux-x86-64.so.2,0,0,1001,24376,24375,(none),125
1.776129,recon/basic_enum,suid_exec,execve,exec,97-overlayroot,/bin/sh /etc/update-motd.d/97-overlayroot,/bin/sh /etc/update-motd.d/97-overlayroot,/,benign,,1778300598.257,40748,attack_window,20260508_212317_basic_enum_YrdGDI,20260508_212317_suid_exec_dns_vandalism_9o1sm3,recon,yes,0,/usr/bin/dash,/etc/update-motd.d/97-overlayroot,/etc/update-motd.d/97-overlayroot|/bin/sh|/lib64/ld-linux-x86-64.so.2,0,0,1001,24377,24345,(none),125
1.777129,recon/basic_enum,suid_exec,execve,exec,egrep,/bin/sh /usr/bin/egrep overlayroot|/media/root-ro|/media/root-rw /proc/mounts,/bin/sh /usr/bin/egrep overlayroot|/media/root-ro|/media/root-rw /proc/mounts,/,benign,,1778300598.258,40749,attack_window,20260508_212317_basic_enum_YrdGDI,20260508_212317_suid_exec_dns_vandalism_9o1sm3,recon,yes,0,/usr/bin/dash,/usr/bin/egrep,/usr/bin/egrep|/bin/sh|/lib64/ld-linux-x86-64.so.2,0,0,1001,24379,24378,(none),125
1.777129,recon/basic_enum,suid_exec,execve,exec,sort,sort -r,sort -r,/,benign,,1778300598.258,40750,attack_window,20260508_212317_basic_enum_YrdGDI,20260508_212317_suid_exec_dns_vandalism_9o1sm3,recon,yes,0,/usr/bin/sort,/usr/bin/sort,/usr/bin/sort|/lib64/ld-linux-x86-64.so.2,0,0,1001,24380,24378,(none),125
1.778129,recon/basic_enum,suid_exec,execve,exec,egrep,,/bin/sh /usr/bin/egrep overlayroot|/media/root-ro|/media/root-rw /proc/mounts,/,benign,,1778300598.259,40751,attack_window,20260508_212317_basic_enum_YrdGDI,20260508_212317_suid_exec_dns_vandalism_9o1sm3,recon,no,-2,/usr/bin/dash,/usr/local/sbin/grep,/usr/local/sbin/grep,0,0,1001,24379,24378,(none),125
1.778129,recon/basic_enum,suid_exec,execve,exec,egrep,,/bin/sh /usr/bin/egrep overlayroot|/media/root-ro|/media/root-rw /proc/mounts,/,benign,,1778300598.259,40752,attack_window,20260508_212317_basic_enum_YrdGDI,20260508_212317_suid_exec_dns_vandalism_9o1sm3,recon,no,-2,/usr/bin/dash,/usr/local/bin/grep,/usr/local/bin/grep,0,0,1001,24379,24378,(none),125
1.779129,recon/basic_enum,suid_exec,execve,exec,egrep,,/bin/sh /usr/bin/egrep overlayroot|/media/root-ro|/media/root-rw /proc/mounts,/,benign,,1778300598.260,40753,attack_window,20260508_212317_basic_enum_YrdGDI,20260508_212317_suid_exec_dns_vandalism_9o1sm3,recon,no,-2,/usr/bin/dash,/usr/sbin/grep,/usr/sbin/grep,0,0,1001,24379,24378,(none),125
1.779129,recon/basic_enum,suid_exec,execve,exec,grep,grep -E overlayroot|/media/root-ro|/media/root-rw /proc/mounts,/bin/sh /usr/bin/egrep overlayroot|/media/root-ro|/media/root-rw /proc/mounts,/,benign,,1778300598.260,40754,attack_window,20260508_212317_basic_enum_YrdGDI,20260508_212317_suid_exec_dns_vandalism_9o1sm3,recon,yes,0,/usr/bin/grep,/usr/bin/grep,/usr/bin/grep|/lib64/ld-linux-x86-64.so.2,0,0,1001,24379,24378,(none),125
1.781129,recon/basic_enum,suid_exec,execve,exec,98-fsck-at-rebo,/bin/sh /etc/update-motd.d/98-fsck-at-reboot,/bin/sh /etc/update-motd.d/98-fsck-at-reboot,/,benign,,1778300598.262,40755,attack_window,20260508_212317_basic_enum_YrdGDI,20260508_212317_suid_exec_dns_vandalism_9o1sm3,recon,yes,0,/usr/bin/dash,/etc/update-motd.d/98-fsck-at-reboot,/etc/update-motd.d/98-fsck-at-reboot|/bin/sh|/lib64/ld-linux-x86-64.so.2,0,0,1001,24381,24345,(none),125
1.782129,recon/basic_enum,suid_exec,execve,exec,update-motd-fsc,/bin/sh /usr/lib/update-notifier/update-motd-fsck-at-reboot,/bin/sh /etc/update-motd.d/98-fsck-at-reboot,/,benign,,1778300598.263,40756,attack_window,20260508_212317_basic_enum_YrdGDI,20260508_212317_suid_exec_dns_vandalism_9o1sm3,recon,yes,0,/usr/bin/dash,/usr/lib/update-notifier/update-motd-fsck-at-reboot,/usr/lib/update-notifier/update-motd-fsck-at-reboot|/bin/sh|/lib64/ld-linux-x86-64.so.2,0,0,1001,24381,24345,(none),125
1.784129,recon/basic_enum,suid_exec,execve,exec,id,id -u,id -u,/,benign,,1778300598.265,40757,attack_window,20260508_212317_basic_enum_YrdGDI,20260508_212317_suid_exec_dns_vandalism_9o1sm3,recon,yes,0,/usr/bin/id,/usr/bin/id,/usr/bin/id|/lib64/ld-linux-x86-64.so.2,0,0,1001,24382,24381,(none),125
1.784129,recon/basic_enum,suid_exec,execve,exec,stat,stat -c %Y /var/lib/update-notifier/fsck-at-reboot,stat -c %Y /var/lib/update-notifier/fsck-at-reboot,/,benign,,1778300598.265,40758,attack_window,20260508_212317_basic_enum_YrdGDI,20260508_212317_suid_exec_dns_vandalism_9o1sm3,recon,yes,0,/usr/bin/stat,/usr/bin/stat,/usr/bin/stat|/lib64/ld-linux-x86-64.so.2,0,0,1001,24383,24381,(none),125
1.786129,recon/basic_enum,suid_exec,execve,exec,awk,awk {print $1} /proc/uptime,awk {print $1} /proc/uptime,/,benign,,1778300598.267,40759,attack_window,20260508_212317_basic_enum_YrdGDI,20260508_212317_suid_exec_dns_vandalism_9o1sm3,recon,yes,0,/usr/bin/gawk,/usr/bin/awk,/usr/bin/awk|/lib64/ld-linux-x86-64.so.2,0,0,1001,24385,24384,(none),125
1.787129,recon/basic_enum,suid_exec,execve,exec,date,date -d now - 2844.62 seconds +%s,date -d now - 2844.62 seconds +%s,/,benign,,1778300598.268,40760,attack_window,20260508_212317_basic_enum_YrdGDI,20260508_212317_suid_exec_dns_vandalism_9o1sm3,recon,yes,0,/usr/bin/date,/usr/bin/date,/usr/bin/date|/lib64/ld-linux-x86-64.so.2,0,0,1001,24384,24381,(none),125
1.788129,recon/basic_enum,suid_exec,execve,exec,date,date +%s,date +%s,/,benign,,1778300598.269,40761,attack_window,20260508_212317_basic_enum_YrdGDI,20260508_212317_suid_exec_dns_vandalism_9o1sm3,recon,yes,0,/usr/bin/date,/usr/bin/date,/usr/bin/date|/lib64/ld-linux-x86-64.so.2,0,0,1001,24386,24381,(none),125
1.790129,recon/basic_enum,suid_exec,execve,exec,cat,cat /var/lib/update-notifier/fsck-at-reboot,cat /var/lib/update-notifier/fsck-at-reboot,/,benign,,1778300598.271,40762,attack_window,20260508_212317_basic_enum_YrdGDI,20260508_212317_suid_exec_dns_vandalism_9o1sm3,recon,yes,0,/usr/bin/cat,/usr/bin/cat,/usr/bin/cat|/lib64/ld-linux-x86-64.so.2,0,0,1001,24387,24381,(none),125
1.791129,recon/basic_enum,suid_exec,execve,exec,98-reboot-requi,/bin/sh /etc/update-motd.d/98-reboot-required,/bin/sh /etc/update-motd.d/98-reboot-required,/,benign,,1778300598.272,40763,attack_window,20260508_212317_basic_enum_YrdGDI,20260508_212317_suid_exec_dns_vandalism_9o1sm3,recon,yes,0,/usr/bin/dash,/etc/update-motd.d/98-reboot-required,/etc/update-motd.d/98-reboot-required|/bin/sh|/lib64/ld-linux-x86-64.so.2,0,0,1001,24388,24345,(none),125
1.792129,recon/basic_enum,suid_exec,execve,exec,update-motd-reb,/bin/sh -e /usr/lib/update-notifier/update-motd-reboot-required,/bin/sh /etc/update-motd.d/98-reboot-required,/,benign,,1778300598.273,40764,attack_window,20260508_212317_basic_enum_YrdGDI,20260508_212317_suid_exec_dns_vandalism_9o1sm3,recon,yes,0,/usr/bin/dash,/usr/lib/update-notifier/update-motd-reboot-required,/usr/lib/update-notifier/update-motd-reboot-required|/bin/sh|/lib64/ld-linux-x86-64.so.2,0,0,1001,24388,24345,(none),125
1.793129,recon/basic_enum,suid_exec,rename,file_destroy,sshd,,/usr/sbin/sshd -D -R,/,benign,,1778300598.274,40765,attack_window,20260508_212317_basic_enum_YrdGDI,20260508_212317_suid_exec_dns_vandalism_9o1sm3,recon,yes,0,/usr/sbin/sshd,/run/,/run/|/run/motd.dynamic.new|/run/motd.dynamic,0,0,1001,24342,21008,(none),125
1.793129,recon/basic_enum,suid_exec,connect,network_connect,sshd,,/usr/sbin/sshd -D -R,/,benign,,1778300598.274,40766,attack_window,20260508_212317_basic_enum_YrdGDI,20260508_212317_suid_exec_dns_vandalism_9o1sm3,recon,yes,0,/usr/sbin/sshd,/run/systemd/userdb/io.systemd.DynamicUser,/run/systemd/userdb/io.systemd.DynamicUser,0,0,1001,24342,21008,(none),125
1.793129,recon/basic_enum,suid_exec,connect,network_connect,sshd,,/usr/sbin/sshd -D -R,/,benign,,1778300598.274,40767,attack_window,20260508_212317_basic_enum_YrdGDI,20260508_212317_suid_exec_dns_vandalism_9o1sm3,recon,yes,0,/usr/sbin/sshd,/run/systemd/userdb/io.systemd.DynamicUser,/run/systemd/userdb/io.systemd.DynamicUser,0,0,1001,24342,21008,(none),125
1.795129,recon/basic_enum,suid_exec,connect,network_connect,sshd,,/usr/sbin/sshd -D -R,/,benign,,1778300598.276,40768,attack_window,20260508_212317_basic_enum_YrdGDI,20260508_212317_suid_exec_dns_vandalism_9o1sm3,recon,yes,0,/usr/sbin/sshd,/run/systemd/userdb/io.systemd.DynamicUser,/run/systemd/userdb/io.systemd.DynamicUser,0,0,1001,24342,21008,(none),125
1.796129,recon/basic_enum,suid_exec,connect,network_connect,sshd,,/usr/sbin/sshd -D -R,/,benign,,1778300598.277,40769,attack_window,20260508_212317_basic_enum_YrdGDI,20260508_212317_suid_exec_dns_vandalism_9o1sm3,recon,yes,0,/usr/sbin/sshd,/run/systemd/userdb/io.systemd.DynamicUser,/run/systemd/userdb/io.systemd.DynamicUser,0,0,1001,24342,21008,(none),125
1.796129,recon/basic_enum,suid_exec,connect,network_connect,sshd,,/usr/sbin/sshd -D -R,/,benign,,1778300598.277,40770,attack_window,20260508_212317_basic_enum_YrdGDI,20260508_212317_suid_exec_dns_vandalism_9o1sm3,recon,yes,0,/usr/sbin/sshd,/run/systemd/userdb/io.systemd.DynamicUser,/run/systemd/userdb/io.systemd.DynamicUser,0,0,1001,24342,21008,(none),125
1.797129,recon/basic_enum,suid_exec,,,,,,,ambiguous,,1778300598.278,40771,attack_window,20260508_212317_basic_enum_YrdGDI,20260508_212317_suid_exec_dns_vandalism_9o1sm3,recon,,,,,,,,,,,,
1.797129,recon/basic_enum,suid_exec,setgid,privilege_transition,sshd,,sshd: deploy-rkejw [priv],,benign,,1778300598.278,40772,attack_window,20260508_212317_basic_enum_YrdGDI,20260508_212317_suid_exec_dns_vandalism_9o1sm3,recon,yes,0,/usr/sbin/sshd,,,0,0,1001,24389,24342,(none),125
1.797129,recon/basic_enum,suid_exec,connect,network_connect,sshd,,sshd: deploy-rkejw [priv],/,benign,,1778300598.278,40773,attack_window,20260508_212317_basic_enum_YrdGDI,20260508_212317_suid_exec_dns_vandalism_9o1sm3,recon,yes,0,/usr/sbin/sshd,/run/systemd/userdb/io.systemd.DynamicUser,/run/systemd/userdb/io.systemd.DynamicUser,0,0,1001,24389,24342,(none),125
1.798129,recon/basic_enum,suid_exec,connect,network_connect,sshd,,sshd: deploy-rkejw [priv],/,benign,,1778300598.279,40774,attack_window,20260508_212317_basic_enum_YrdGDI,20260508_212317_suid_exec_dns_vandalism_9o1sm3,recon,yes,0,/usr/sbin/sshd,/run/systemd/userdb/io.systemd.DynamicUser,/run/systemd/userdb/io.systemd.DynamicUser,0,0,1001,24389,24342,(none),125
1.798129,recon/basic_enum,suid_exec,126,privilege_transition,sshd,,sshd: deploy-rkejw [priv],,benign,,1778300598.279,40775,attack_window,20260508_212317_basic_enum_YrdGDI,20260508_212317_suid_exec_dns_vandalism_9o1sm3,recon,yes,0,/usr/sbin/sshd,,,0,0,1001,24389,24342,(none),125
1.798129,recon/basic_enum,suid_exec,,,,,,,ambiguous,,1778300598.279,40776,attack_window,20260508_212317_basic_enum_YrdGDI,20260508_212317_suid_exec_dns_vandalism_9o1sm3,recon,,,,,,,,,,,,
1.798129,recon/basic_enum,suid_exec,setresgid,privilege_transition,sshd,,sshd: deploy-rkejw [priv],,benign,,1778300598.279,40777,attack_window,20260508_212317_basic_enum_YrdGDI,20260508_212317_suid_exec_dns_vandalism_9o1sm3,recon,yes,0,/usr/sbin/sshd,,,0,0,1001,24389,24342,(none),125
1.798129,recon/basic_enum,suid_exec,setresuid,privilege_transition,sshd,,sshd: deploy-rkejw [priv],,benign,,1778300598.279,40778,attack_window,20260508_212317_basic_enum_YrdGDI,20260508_212317_suid_exec_dns_vandalism_9o1sm3,recon,yes,0,/usr/sbin/sshd,,,1001,1001,1001,24389,24342,(none),125
1.798129,recon/basic_enum,suid_exec,setuid,privilege_transition,sshd,,sshd: deploy-rkejw [priv],,benign,,1778300598.279,40779,attack_window,20260508_212317_basic_enum_YrdGDI,20260508_212317_suid_exec_dns_vandalism_9o1sm3,recon,no,-1,/usr/sbin/sshd,,,1001,1001,1001,24389,24342,(none),125
1.798129,recon/basic_enum,suid_exec,setresuid,privilege_transition,sshd,,sshd: deploy-rkejw [priv],,benign,,1778300598.279,40780,attack_window,20260508_212317_basic_enum_YrdGDI,20260508_212317_suid_exec_dns_vandalism_9o1sm3,recon,no,-1,/usr/sbin/sshd,,,1001,1001,1001,24389,24342,(none),125
1.844129,recon/basic_enum,suid_exec,execve,shell_exec,bash,"bash -c /usr/sbin/chroot / /usr/lib/openssh/ssh-keygen -p -c 'test ""$(id -u)"" = 0'","bash -c /usr/sbin/chroot / /usr/lib/openssh/ssh-keygen -p -c 'test ""$(id -u)"" = 0'",/home/deploy-rkejw,benign,,1778300598.325,40781,attack_window,20260508_212317_basic_enum_YrdGDI,20260508_212317_suid_exec_dns_vandalism_9o1sm3,recon,yes,0,/usr/bin/bash,/bin/bash,/bin/bash|/lib64/ld-linux-x86-64.so.2,1001,1001,1001,24390,24389,(none),125
1.846129,recon/basic_enum,suid_exec,execve,exec,chroot,"/usr/sbin/chroot / /usr/lib/openssh/ssh-keygen -p -c test ""$(id -u)"" = 0","bash -c /usr/sbin/chroot / /usr/lib/openssh/ssh-keygen -p -c 'test ""$(id -u)"" = 0'",/home/deploy-rkejw,benign,,1778300598.327,40782,attack_window,20260508_212317_basic_enum_YrdGDI,20260508_212317_suid_exec_dns_vandalism_9o1sm3,recon,yes,0,/usr/sbin/chroot,/usr/sbin/chroot,/usr/sbin/chroot|/lib64/ld-linux-x86-64.so.2,1001,0,1001,24390,24389,(none),125
1.847129,recon/basic_enum,suid_exec,execve,exec,ssh-keygen,"/usr/lib/openssh/ssh-keygen -p -c test ""$(id -u)"" = 0","bash -c /usr/sbin/chroot / /usr/lib/openssh/ssh-keygen -p -c 'test ""$(id -u)"" = 0'",/,benign,,1778300598.328,40783,attack_window,20260508_212317_basic_enum_YrdGDI,20260508_212317_suid_exec_dns_vandalism_9o1sm3,recon,yes,0,/usr/lib/openssh/ssh-keygen,/usr/lib/openssh/ssh-keygen,/usr/lib/openssh/ssh-keygen|/lib64/ld-linux-x86-64.so.2,1001,0,1001,24390,24389,(none),125
1.848129,recon/basic_enum,suid_exec,execve,exec,id,id -u,id -u,/,benign,,1778300598.329,40784,attack_window,20260508_212317_basic_enum_YrdGDI,20260508_212317_suid_exec_dns_vandalism_9o1sm3,recon,yes,0,/usr/bin/id,/usr/bin/id,/usr/bin/id|/lib64/ld-linux-x86-64.so.2,1001,0,1001,24391,24390,(none),125
1.850129,recon/basic_enum,suid_exec,connect,network_connect,sshd,,sshd: deploy-rkejw [priv],/,benign,,1778300598.331,40785,attack_window,20260508_212317_basic_enum_YrdGDI,20260508_212317_suid_exec_dns_vandalism_9o1sm3,recon,yes,0,/usr/sbin/sshd,/dev/log,/dev/log,1001,1001,1001,24389,24342,(none),125
1.850129,recon/basic_enum,suid_exec,114,privilege_transition,sshd,,/usr/sbin/sshd -D -R,,benign,,1778300598.331,40786,attack_window,20260508_212317_basic_enum_YrdGDI,20260508_212317_suid_exec_dns_vandalism_9o1sm3,recon,yes,0,/usr/sbin/sshd,,,0,0,1001,24342,21008,(none),125
1.850129,recon/basic_enum,suid_exec,setresuid,privilege_transition,sshd,,/usr/sbin/sshd -D -R,,benign,,1778300598.331,40787,attack_window,20260508_212317_basic_enum_YrdGDI,20260508_212317_suid_exec_dns_vandalism_9o1sm3,recon,yes,0,/usr/sbin/sshd,,,0,1001,1001,24342,21008,(none),125
1.850129,recon/basic_enum,suid_exec,113,privilege_transition,sshd,,/usr/sbin/sshd -D -R,,benign,,1778300598.331,40788,attack_window,20260508_212317_basic_enum_YrdGDI,20260508_212317_suid_exec_dns_vandalism_9o1sm3,recon,yes,0,/usr/sbin/sshd,,,0,0,1001,24342,21008,(none),125
1.850129,recon/basic_enum,suid_exec,114,privilege_transition,sshd,,/usr/sbin/sshd -D -R,,benign,,1778300598.331,40789,attack_window,20260508_212317_basic_enum_YrdGDI,20260508_212317_suid_exec_dns_vandalism_9o1sm3,recon,yes,0,/usr/sbin/sshd,,,0,0,1001,24342,21008,(none),125
1.850129,recon/basic_enum,suid_exec,connect,network_connect,sshd,,/usr/sbin/sshd -D -R,/,benign,,1778300598.331,40790,attack_window,20260508_212317_basic_enum_YrdGDI,20260508_212317_suid_exec_dns_vandalism_9o1sm3,recon,yes,0,/usr/sbin/sshd,/run/dbus/system_bus_socket,/run/dbus/system_bus_socket,0,0,1001,24342,21008,(none),125
1.852129,recon/basic_enum,suid_exec,,,,,,,ambiguous,,1778300598.333,40791,attack_window,20260508_212317_basic_enum_YrdGDI,20260508_212317_suid_exec_dns_vandalism_9o1sm3,recon,,,,,,,,,,,,
1.852129,recon/basic_enum,suid_exec,,,,,,,ambiguous,,1778300598.333,40792,attack_window,20260508_212317_basic_enum_YrdGDI,20260508_212317_suid_exec_dns_vandalism_9o1sm3,recon,,,,,,,,,,,,
1.852129,recon/basic_enum,suid_exec,setresgid,privilege_transition,sshd,,/usr/sbin/sshd -D -R,,benign,,1778300598.333,40793,attack_window,20260508_212317_basic_enum_YrdGDI,20260508_212317_suid_exec_dns_vandalism_9o1sm3,recon,yes,0,/usr/sbin/sshd,,,0,0,1001,24342,21008,(none),125
1.852129,recon/basic_enum,suid_exec,setresuid,privilege_transition,sshd,,/usr/sbin/sshd -D -R,,benign,,1778300598.333,40794,attack_window,20260508_212317_basic_enum_YrdGDI,20260508_212317_suid_exec_dns_vandalism_9o1sm3,recon,yes,0,/usr/sbin/sshd,,,0,1001,1001,24342,21008,(none),125
1.853129,recon/basic_enum,suid_exec,setresuid,privilege_transition,sshd,,/usr/sbin/sshd -D -R,,benign,,1778300598.334,40795,attack_window,20260508_212317_basic_enum_YrdGDI,20260508_212317_suid_exec_dns_vandalism_9o1sm3,recon,yes,0,/usr/sbin/sshd,,,0,0,1001,24342,21008,(none),125
1.853129,recon/basic_enum,suid_exec,setresgid,privilege_transition,sshd,,/usr/sbin/sshd -D -R,,benign,,1778300598.334,40796,attack_window,20260508_212317_basic_enum_YrdGDI,20260508_212317_suid_exec_dns_vandalism_9o1sm3,recon,yes,0,/usr/sbin/sshd,,,0,0,1001,24342,21008,(none),125
1.873129,recon/basic_enum,suid_exec,execve,exec,sshd,/usr/sbin/sshd -D -R,/usr/sbin/sshd -D -R,/,benign,,1778300598.354,40797,attack_window,20260508_212317_basic_enum_YrdGDI,20260508_212317_suid_exec_dns_vandalism_9o1sm3,recon,yes,0,/usr/sbin/sshd,/usr/sbin/sshd,/usr/sbin/sshd|/lib64/ld-linux-x86-64.so.2,0,0,4294967295,24393,21008,(none),4294967295
1.876129,recon/basic_enum,suid_exec,connect,network_connect,sshd,,/usr/sbin/sshd -D -R,/,benign,,1778300598.357,40798,attack_window,20260508_212317_basic_enum_YrdGDI,20260508_212317_suid_exec_dns_vandalism_9o1sm3,recon,no,-2,/usr/sbin/sshd,/var/run/nscd/socket,/var/run/nscd/socket,0,0,4294967295,24393,21008,(none),4294967295
1.876129,recon/basic_enum,suid_exec,connect,network_connect,sshd,,/usr/sbin/sshd -D -R,,benign,,1778300598.357,40799,attack_window,20260508_212317_basic_enum_YrdGDI,20260508_212317_suid_exec_dns_vandalism_9o1sm3,recon,yes,0,/usr/sbin/sshd,,,0,0,4294967295,24393,21008,(none),4294967295
1.876129,recon/basic_enum,suid_exec,connect,network_connect,sshd,,/usr/sbin/sshd -D -R,,benign,,1778300598.357,40800,attack_window,20260508_212317_basic_enum_YrdGDI,20260508_212317_suid_exec_dns_vandalism_9o1sm3,recon,yes,0,/usr/sbin/sshd,,,0,0,4294967295,24393,21008,(none),4294967295
1.876129,recon/basic_enum,suid_exec,connect,network_connect,sshd,,/usr/sbin/sshd -D -R,,benign,,1778300598.357,40801,attack_window,20260508_212317_basic_enum_YrdGDI,20260508_212317_suid_exec_dns_vandalism_9o1sm3,recon,yes,0,/usr/sbin/sshd,,,0,0,4294967295,24393,21008,(none),4294967295
1.876129,recon/basic_enum,suid_exec,connect,network_connect,sshd,,/usr/sbin/sshd -D -R,/,benign,,1778300598.357,40802,attack_window,20260508_212317_basic_enum_YrdGDI,20260508_212317_suid_exec_dns_vandalism_9o1sm3,recon,no,-2,/usr/sbin/sshd,/var/run/nscd/socket,/var/run/nscd/socket,0,0,4294967295,24393,21008,(none),4294967295
1.876129,recon/basic_enum,suid_exec,connect,network_connect,sshd,,/usr/sbin/sshd -D -R,/,benign,,1778300598.357,40803,attack_window,20260508_212317_basic_enum_YrdGDI,20260508_212317_suid_exec_dns_vandalism_9o1sm3,recon,no,-2,/usr/sbin/sshd,/var/run/nscd/socket,/var/run/nscd/socket,0,0,4294967295,24393,21008,(none),4294967295
1.878129,recon/basic_enum,suid_exec,setresgid,privilege_transition,sshd,,sshd: [accepted],,benign,,1778300598.359,40804,attack_window,20260508_212317_basic_enum_YrdGDI,20260508_212317_suid_exec_dns_vandalism_9o1sm3,recon,yes,0,/usr/sbin/sshd,,,0,0,4294967295,24394,24393,(none),4294967295
1.879129,recon/basic_enum,suid_exec,setresuid,privilege_transition,sshd,,sshd: [accepted],,benign,,1778300598.360,40805,attack_window,20260508_212317_basic_enum_YrdGDI,20260508_212317_suid_exec_dns_vandalism_9o1sm3,recon,yes,0,/usr/sbin/sshd,,,109,109,4294967295,24394,24393,(none),4294967295
1.879129,recon/basic_enum,suid_exec,setgid,privilege_transition,sshd,,sshd: [accepted],,benign,,1778300598.360,40806,attack_window,20260508_212317_basic_enum_YrdGDI,20260508_212317_suid_exec_dns_vandalism_9o1sm3,recon,no,-1,/usr/sbin/sshd,,,109,109,4294967295,24394,24393,(none),4294967295
1.879129,recon/basic_enum,suid_exec,setresgid,privilege_transition,sshd,,sshd: [accepted],,benign,,1778300598.360,40807,attack_window,20260508_212317_basic_enum_YrdGDI,20260508_212317_suid_exec_dns_vandalism_9o1sm3,recon,no,-1,/usr/sbin/sshd,,,109,109,4294967295,24394,24393,(none),4294967295
1.879129,recon/basic_enum,suid_exec,setuid,privilege_transition,sshd,,sshd: [accepted],,benign,,1778300598.360,40808,attack_window,20260508_212317_basic_enum_YrdGDI,20260508_212317_suid_exec_dns_vandalism_9o1sm3,recon,no,-1,/usr/sbin/sshd,,,109,109,4294967295,24394,24393,(none),4294967295
1.879129,recon/basic_enum,suid_exec,setresuid,privilege_transition,sshd,,sshd: [accepted],,benign,,1778300598.360,40809,attack_window,20260508_212317_basic_enum_YrdGDI,20260508_212317_suid_exec_dns_vandalism_9o1sm3,recon,no,-1,/usr/sbin/sshd,,,109,109,4294967295,24394,24393,(none),4294967295
1.992129,recon/basic_enum,suid_exec,connect,network_connect,sshd,,/usr/sbin/sshd -D -R,/,benign,,1778300598.473,40810,attack_window,20260508_212317_basic_enum_YrdGDI,20260508_212317_suid_exec_dns_vandalism_9o1sm3,recon,no,-2,/usr/sbin/sshd,/var/run/nscd/socket,/var/run/nscd/socket,0,0,4294967295,24393,21008,(none),4294967295
1.992129,recon/basic_enum,suid_exec,connect,network_connect,sshd,,/usr/sbin/sshd -D -R,/,benign,,1778300598.473,40811,attack_window,20260508_212317_basic_enum_YrdGDI,20260508_212317_suid_exec_dns_vandalism_9o1sm3,recon,no,-2,/usr/sbin/sshd,/var/run/nscd/socket,/var/run/nscd/socket,0,0,4294967295,24393,21008,(none),4294967295
1.993129,recon/basic_enum,suid_exec,connect,network_connect,sshd,,/usr/sbin/sshd -D -R,/,benign,,1778300598.474,40812,attack_window,20260508_212317_basic_enum_YrdGDI,20260508_212317_suid_exec_dns_vandalism_9o1sm3,recon,yes,0,/usr/sbin/sshd,/run/systemd/userdb/io.systemd.DynamicUser,/run/systemd/userdb/io.systemd.DynamicUser,0,0,4294967295,24393,21008,(none),4294967295
1.993129,recon/basic_enum,suid_exec,setresgid,privilege_transition,sshd,,/usr/sbin/sshd -D -R,,benign,,1778300598.474,40813,attack_window,20260508_212317_basic_enum_YrdGDI,20260508_212317_suid_exec_dns_vandalism_9o1sm3,recon,yes,0,/usr/sbin/sshd,,,0,0,4294967295,24393,21008,(none),4294967295
1.993129,recon/basic_enum,suid_exec,setresuid,privilege_transition,sshd,,/usr/sbin/sshd -D -R,,benign,,1778300598.474,40814,attack_window,20260508_212317_basic_enum_YrdGDI,20260508_212317_suid_exec_dns_vandalism_9o1sm3,recon,yes,0,/usr/sbin/sshd,,,0,1001,4294967295,24393,21008,(none),4294967295
1.993129,recon/basic_enum,suid_exec,setresuid,privilege_transition,sshd,,/usr/sbin/sshd -D -R,,benign,,1778300598.474,40815,attack_window,20260508_212317_basic_enum_YrdGDI,20260508_212317_suid_exec_dns_vandalism_9o1sm3,recon,yes,0,/usr/sbin/sshd,,,0,0,4294967295,24393,21008,(none),4294967295
1.993129,recon/basic_enum,suid_exec,setresgid,privilege_transition,sshd,,/usr/sbin/sshd -D -R,,benign,,1778300598.474,40816,attack_window,20260508_212317_basic_enum_YrdGDI,20260508_212317_suid_exec_dns_vandalism_9o1sm3,recon,yes,0,/usr/sbin/sshd,,,0,0,4294967295,24393,21008,(none),4294967295
1.993129,recon/basic_enum,suid_exec,setresgid,privilege_transition,sshd,,/usr/sbin/sshd -D -R,,benign,,1778300598.474,40817,attack_window,20260508_212317_basic_enum_YrdGDI,20260508_212317_suid_exec_dns_vandalism_9o1sm3,recon,yes,0,/usr/sbin/sshd,,,0,0,4294967295,24393,21008,(none),4294967295
1.993129,recon/basic_enum,suid_exec,setresuid,privilege_transition,sshd,,/usr/sbin/sshd -D -R,,benign,,1778300598.474,40818,attack_window,20260508_212317_basic_enum_YrdGDI,20260508_212317_suid_exec_dns_vandalism_9o1sm3,recon,yes,0,/usr/sbin/sshd,,,0,1001,4294967295,24393,21008,(none),4294967295
1.993129,recon/basic_enum,suid_exec,connect,network_connect,sshd,,/usr/sbin/sshd -D -R,/,benign,,1778300598.474,40819,attack_window,20260508_212317_basic_enum_YrdGDI,20260508_212317_suid_exec_dns_vandalism_9o1sm3,recon,yes,0,/usr/sbin/sshd,/dev/log,/dev/log,0,1001,4294967295,24393,21008,(none),4294967295
1.994129,recon/basic_enum,suid_exec,setresuid,privilege_transition,sshd,,/usr/sbin/sshd -D -R,,benign,,1778300598.475,40820,attack_window,20260508_212317_basic_enum_YrdGDI,20260508_212317_suid_exec_dns_vandalism_9o1sm3,recon,yes,0,/usr/sbin/sshd,,,0,0,4294967295,24393,21008,(none),4294967295
1.994129,recon/basic_enum,suid_exec,setresgid,privilege_transition,sshd,,/usr/sbin/sshd -D -R,,benign,,1778300598.475,40821,attack_window,20260508_212317_basic_enum_YrdGDI,20260508_212317_suid_exec_dns_vandalism_9o1sm3,recon,yes,0,/usr/sbin/sshd,,,0,0,4294967295,24393,21008,(none),4294967295
1.994129,recon/basic_enum,suid_exec,,,,,,,ambiguous,,1778300598.475,40822,attack_window,20260508_212317_basic_enum_YrdGDI,20260508_212317_suid_exec_dns_vandalism_9o1sm3,recon,,,,,,,,,,,,
1.999129,recon/basic_enum,suid_exec,setresgid,privilege_transition,sshd,,/usr/sbin/sshd -D -R,,benign,,1778300598.480,40823,attack_window,20260508_212317_basic_enum_YrdGDI,20260508_212317_suid_exec_dns_vandalism_9o1sm3,recon,yes,0,/usr/sbin/sshd,,,0,0,4294967295,24393,21008,(none),4294967295
2.000129,recon/basic_enum,suid_exec,setresuid,privilege_transition,sshd,,/usr/sbin/sshd -D -R,,benign,,1778300598.481,40824,attack_window,20260508_212317_basic_enum_YrdGDI,20260508_212317_suid_exec_dns_vandalism_9o1sm3,recon,yes,0,/usr/sbin/sshd,,,0,1001,4294967295,24393,21008,(none),4294967295
2.000129,recon/basic_enum,suid_exec,setresuid,privilege_transition,sshd,,/usr/sbin/sshd -D -R,,benign,,1778300598.481,40825,attack_window,20260508_212317_basic_enum_YrdGDI,20260508_212317_suid_exec_dns_vandalism_9o1sm3,recon,yes,0,/usr/sbin/sshd,,,0,0,4294967295,24393,21008,(none),4294967295
2.000129,recon/basic_enum,suid_exec,setresgid,privilege_transition,sshd,,/usr/sbin/sshd -D -R,,benign,,1778300598.481,40826,attack_window,20260508_212317_basic_enum_YrdGDI,20260508_212317_suid_exec_dns_vandalism_9o1sm3,recon,yes,0,/usr/sbin/sshd,,,0,0,4294967295,24393,21008,(none),4294967295
2.000129,recon/basic_enum,suid_exec,setresgid,privilege_transition,sshd,,/usr/sbin/sshd -D -R,,benign,,1778300598.481,40827,attack_window,20260508_212317_basic_enum_YrdGDI,20260508_212317_suid_exec_dns_vandalism_9o1sm3,recon,yes,0,/usr/sbin/sshd,,,0,0,4294967295,24393,21008,(none),4294967295
2.000129,recon/basic_enum,suid_exec,setresuid,privilege_transition,sshd,,/usr/sbin/sshd -D -R,,benign,,1778300598.481,40828,attack_window,20260508_212317_basic_enum_YrdGDI,20260508_212317_suid_exec_dns_vandalism_9o1sm3,recon,yes,0,/usr/sbin/sshd,,,0,1001,4294967295,24393,21008,(none),4294967295
2.000129,recon/basic_enum,suid_exec,connect,network_connect,sshd,,/usr/sbin/sshd -D -R,/,benign,,1778300598.481,40829,attack_window,20260508_212317_basic_enum_YrdGDI,20260508_212317_suid_exec_dns_vandalism_9o1sm3,recon,yes,0,/usr/sbin/sshd,/dev/log,/dev/log,0,1001,4294967295,24393,21008,(none),4294967295
2.000129,recon/basic_enum,suid_exec,setresuid,privilege_transition,sshd,,/usr/sbin/sshd -D -R,,benign,,1778300598.481,40830,attack_window,20260508_212317_basic_enum_YrdGDI,20260508_212317_suid_exec_dns_vandalism_9o1sm3,recon,yes,0,/usr/sbin/sshd,,,0,0,4294967295,24393,21008,(none),4294967295
2.000129,recon/basic_enum,suid_exec,setresgid,privilege_transition,sshd,,/usr/sbin/sshd -D -R,,benign,,1778300598.481,40831,attack_window,20260508_212317_basic_enum_YrdGDI,20260508_212317_suid_exec_dns_vandalism_9o1sm3,recon,yes,0,/usr/sbin/sshd,,,0,0,4294967295,24393,21008,(none),4294967295
2.000129,recon/basic_enum,suid_exec,,,,,,,ambiguous,,1778300598.481,40832,attack_window,20260508_212317_basic_enum_YrdGDI,20260508_212317_suid_exec_dns_vandalism_9o1sm3,recon,,,,,,,,,,,,
2.043129,recon/basic_enum,suid_exec,connect,network_connect,sshd,,/usr/sbin/sshd -D -R,/,benign,,1778300598.524,40833,attack_window,20260508_212317_basic_enum_YrdGDI,20260508_212317_suid_exec_dns_vandalism_9o1sm3,recon,yes,0,/usr/sbin/sshd,/run/systemd/userdb/io.systemd.DynamicUser,/run/systemd/userdb/io.systemd.DynamicUser,0,0,4294967295,24393,21008,(none),4294967295
2.044129,recon/basic_enum,suid_exec,,,,,,,ambiguous,,1778300598.525,40834,attack_window,20260508_212317_basic_enum_YrdGDI,20260508_212317_suid_exec_dns_vandalism_9o1sm3,recon,,,,,,,,,,,,
2.056129,recon/basic_enum,suid_exec,,,,,,,ambiguous,,1778300598.537,40835,attack_window,20260508_212317_basic_enum_YrdGDI,20260508_212317_suid_exec_dns_vandalism_9o1sm3,recon,,,,,,,,,,,,
2.057129,recon/basic_enum,suid_exec,connect,network_connect,sshd,,/usr/sbin/sshd -D -R,/,benign,,1778300598.538,40836,attack_window,20260508_212317_basic_enum_YrdGDI,20260508_212317_suid_exec_dns_vandalism_9o1sm3,recon,yes,0,/usr/sbin/sshd,/dev/log,/dev/log,0,0,4294967295,24393,21008,(none),4294967295
2.057129,recon/basic_enum,suid_exec,connect,network_connect,sshd,,/usr/sbin/sshd -D -R,/,benign,,1778300598.538,40837,attack_window,20260508_212317_basic_enum_YrdGDI,20260508_212317_suid_exec_dns_vandalism_9o1sm3,recon,yes,0,/usr/sbin/sshd,/run/systemd/userdb/io.systemd.DynamicUser,/run/systemd/userdb/io.systemd.DynamicUser,0,0,4294967295,24393,21008,(none),4294967295
2.057129,recon/basic_enum,suid_exec,126,privilege_transition,sshd,,/usr/sbin/sshd -D -R,,benign,,1778300598.538,40838,attack_window,20260508_212317_basic_enum_YrdGDI,20260508_212317_suid_exec_dns_vandalism_9o1sm3,recon,yes,0,/usr/sbin/sshd,,,0,0,4294967295,24393,21008,(none),4294967295
2.057129,recon/basic_enum,suid_exec,,,,,,,ambiguous,,1778300598.538,40839,attack_window,20260508_212317_basic_enum_YrdGDI,20260508_212317_suid_exec_dns_vandalism_9o1sm3,recon,,,,,,,,,,,,
2.057129,recon/basic_enum,suid_exec,77,file_destroy,sshd,,/usr/sbin/sshd -D -R,,benign,,1778300598.538,40840,attack_window,20260508_212317_basic_enum_YrdGDI,20260508_212317_suid_exec_dns_vandalism_9o1sm3,recon,yes,0,/usr/sbin/sshd,,,0,0,4294967295,24393,21008,(none),4294967295
2.057129,recon/basic_enum,suid_exec,write,(null),sshd,,/usr/sbin/sshd -D -R,,benign,,1778300598.538,40841,attack_window,20260508_212317_basic_enum_YrdGDI,20260508_212317_suid_exec_dns_vandalism_9o1sm3,recon,yes,4,/usr/sbin/sshd,,,0,0,1001,24393,21008,(none),126
2.057129,recon/basic_enum,suid_exec,114,privilege_transition,sshd,,/usr/sbin/sshd -D -R,,benign,,1778300598.538,40842,attack_window,20260508_212317_basic_enum_YrdGDI,20260508_212317_suid_exec_dns_vandalism_9o1sm3,recon,yes,0,/usr/sbin/sshd,,,0,0,1001,24393,21008,(none),126
2.057129,recon/basic_enum,suid_exec,113,privilege_transition,sshd,,/usr/sbin/sshd -D -R,,benign,,1778300598.538,40843,attack_window,20260508_212317_basic_enum_YrdGDI,20260508_212317_suid_exec_dns_vandalism_9o1sm3,recon,yes,0,/usr/sbin/sshd,,,1001,0,1001,24393,21008,(none),126
2.057129,recon/basic_enum,suid_exec,113,privilege_transition,sshd,,/usr/sbin/sshd -D -R,,benign,,1778300598.538,40844,attack_window,20260508_212317_basic_enum_YrdGDI,20260508_212317_suid_exec_dns_vandalism_9o1sm3,recon,yes,0,/usr/sbin/sshd,,,0,0,1001,24393,21008,(none),126
2.057129,recon/basic_enum,suid_exec,114,privilege_transition,sshd,,/usr/sbin/sshd -D -R,,benign,,1778300598.538,40845,attack_window,20260508_212317_basic_enum_YrdGDI,20260508_212317_suid_exec_dns_vandalism_9o1sm3,recon,yes,0,/usr/sbin/sshd,,,0,0,1001,24393,21008,(none),126
2.058129,recon/basic_enum,suid_exec,connect,network_connect,sshd,,/usr/sbin/sshd -D -R,/,benign,,1778300598.539,40846,attack_window,20260508_212317_basic_enum_YrdGDI,20260508_212317_suid_exec_dns_vandalism_9o1sm3,recon,yes,0,/usr/sbin/sshd,/dev/log,/dev/log,0,0,1001,24393,21008,(none),126
2.058129,recon/basic_enum,suid_exec,connect,network_connect,sshd,,/usr/sbin/sshd -D -R,/,benign,,1778300598.539,40847,attack_window,20260508_212317_basic_enum_YrdGDI,20260508_212317_suid_exec_dns_vandalism_9o1sm3,recon,no,-2,/usr/sbin/sshd,/run/systemd/userdb/io.systemd.Multiplexer,/run/systemd/userdb/io.systemd.Multiplexer,0,0,1001,24393,21008,(none),126
2.058129,recon/basic_enum,suid_exec,connect,network_connect,sshd,,/usr/sbin/sshd -D -R,/,benign,,1778300598.539,40848,attack_window,20260508_212317_basic_enum_YrdGDI,20260508_212317_suid_exec_dns_vandalism_9o1sm3,recon,yes,0,/usr/sbin/sshd,/run/systemd/userdb/io.systemd.DynamicUser,/run/systemd/userdb/io.systemd.DynamicUser,0,0,1001,24393,21008,(none),126
2.059129,recon/basic_enum,suid_exec,connect,network_connect,sshd,,/usr/sbin/sshd -D -R,/,benign,,1778300598.540,40849,attack_window,20260508_212317_basic_enum_YrdGDI,20260508_212317_suid_exec_dns_vandalism_9o1sm3,recon,yes,0,/usr/sbin/sshd,/run/dbus/system_bus_socket,/run/dbus/system_bus_socket,0,0,1001,24393,21008,(none),126
2.068129,recon/basic_enum,suid_exec,execve,exec,sh,sh -c -- /usr/bin/env -i PATH=/usr/local/sbin:/usr/local/bin:/usr/sbin:/usr/bin:/sbin:/bin run-parts --lsbsysinit /etc/update-motd.d > /run/motd.dynamic.new,sh -c -- /usr/bin/env -i PATH=/usr/local/sbin:/usr/local/bin:/usr/sbin:/usr/bin:/sbin:/bin run-parts --lsbsysinit /etc/update-mo,/,benign,,1778300598.549,40850,attack_window,20260508_212317_basic_enum_YrdGDI,20260508_212317_suid_exec_dns_vandalism_9o1sm3,recon,yes,0,/usr/bin/dash,/bin/sh,/bin/sh|/lib64/ld-linux-x86-64.so.2,0,0,1001,24395,24393,(none),126
2.069129,recon/basic_enum,suid_exec,execve,exec,env,/usr/bin/env -i PATH=/usr/local/sbin:/usr/local/bin:/usr/sbin:/usr/bin:/sbin:/bin run-parts --lsbsysinit /etc/update-motd.d,/usr/bin/env -i PATH=/usr/local/sbin:/usr/local/bin:/usr/sbin:/usr/bin:/sbin:/bin run-parts --lsbsysinit /etc/update-motd.d,/,benign,,1778300598.550,40851,attack_window,20260508_212317_basic_enum_YrdGDI,20260508_212317_suid_exec_dns_vandalism_9o1sm3,recon,yes,0,/usr/bin/env,/usr/bin/env,/usr/bin/env|/lib64/ld-linux-x86-64.so.2,0,0,1001,24396,24395,(none),126
2.070129,recon/basic_enum,suid_exec,execve,exec,env,,/usr/bin/env -i PATH=/usr/local/sbin:/usr/local/bin:/usr/sbin:/usr/bin:/sbin:/bin run-parts --lsbsysinit /etc/update-motd.d,/,benign,,1778300598.551,40852,attack_window,20260508_212317_basic_enum_YrdGDI,20260508_212317_suid_exec_dns_vandalism_9o1sm3,recon,no,-2,/usr/bin/env,/usr/local/sbin/run-parts,/usr/local/sbin/run-parts,0,0,1001,24396,24395,(none),126
2.070129,recon/basic_enum,suid_exec,execve,exec,env,,/usr/bin/env -i PATH=/usr/local/sbin:/usr/local/bin:/usr/sbin:/usr/bin:/sbin:/bin run-parts --lsbsysinit /etc/update-motd.d,/,benign,,1778300598.551,40853,attack_window,20260508_212317_basic_enum_YrdGDI,20260508_212317_suid_exec_dns_vandalism_9o1sm3,recon,no,-2,/usr/bin/env,/usr/local/bin/run-parts,/usr/local/bin/run-parts,0,0,1001,24396,24395,(none),126
2.070129,recon/basic_enum,suid_exec,execve,exec,env,,/usr/bin/env -i PATH=/usr/local/sbin:/usr/local/bin:/usr/sbin:/usr/bin:/sbin:/bin run-parts --lsbsysinit /etc/update-motd.d,/,benign,,1778300598.551,40854,attack_window,20260508_212317_basic_enum_YrdGDI,20260508_212317_suid_exec_dns_vandalism_9o1sm3,recon,no,-2,/usr/bin/env,/usr/sbin/run-parts,/usr/sbin/run-parts,0,0,1001,24396,24395,(none),126
2.070129,recon/basic_enum,suid_exec,execve,exec,run-parts,run-parts --lsbsysinit /etc/update-motd.d,/usr/bin/env -i PATH=/usr/local/sbin:/usr/local/bin:/usr/sbin:/usr/bin:/sbin:/bin run-parts --lsbsysinit /etc/update-motd.d,/,benign,,1778300598.551,40855,attack_window,20260508_212317_basic_enum_YrdGDI,20260508_212317_suid_exec_dns_vandalism_9o1sm3,recon,yes,0,/usr/bin/run-parts,/usr/bin/run-parts,/usr/bin/run-parts|/lib64/ld-linux-x86-64.so.2,0,0,1001,24396,24395,(none),126
2.072129,recon/basic_enum,suid_exec,execve,exec,00-header,/bin/sh /etc/update-motd.d/00-header,/bin/sh /etc/update-motd.d/00-header,/,benign,,1778300598.553,40856,attack_window,20260508_212317_basic_enum_YrdGDI,20260508_212317_suid_exec_dns_vandalism_9o1sm3,recon,yes,0,/usr/bin/dash,/etc/update-motd.d/00-header,/etc/update-motd.d/00-header|/bin/sh|/lib64/ld-linux-x86-64.so.2,0,0,1001,24397,24396,(none),126
2.073129,recon/basic_enum,suid_exec,execve,exec,uname,uname -o,uname -o,/,benign,,1778300598.554,40857,attack_window,20260508_212317_basic_enum_YrdGDI,20260508_212317_suid_exec_dns_vandalism_9o1sm3,recon,yes,0,/usr/bin/uname,/usr/bin/uname,/usr/bin/uname|/lib64/ld-linux-x86-64.so.2,0,0,1001,24398,24397,(none),126
2.075129,recon/basic_enum,suid_exec,execve,exec,uname,uname -r,uname -r,/,benign,,1778300598.556,40858,attack_window,20260508_212317_basic_enum_YrdGDI,20260508_212317_suid_exec_dns_vandalism_9o1sm3,recon,yes,0,/usr/bin/uname,/usr/bin/uname,/usr/bin/uname|/lib64/ld-linux-x86-64.so.2,0,0,1001,24399,24397,(none),126
2.077129,recon/basic_enum,suid_exec,execve,exec,uname,uname -m,uname -m,/,benign,,1778300598.558,40859,attack_window,20260508_212317_basic_enum_YrdGDI,20260508_212317_suid_exec_dns_vandalism_9o1sm3,recon,yes,0,/usr/bin/uname,/usr/bin/uname,/usr/bin/uname|/lib64/ld-linux-x86-64.so.2,0,0,1001,24400,24397,(none),126
2.082129,recon/basic_enum,suid_exec,execve,exec,10-help-text,/bin/sh /etc/update-motd.d/10-help-text,/bin/sh /etc/update-motd.d/10-help-text,/,benign,,1778300598.563,40860,attack_window,20260508_212317_basic_enum_YrdGDI,20260508_212317_suid_exec_dns_vandalism_9o1sm3,recon,yes,0,/usr/bin/dash,/etc/update-motd.d/10-help-text,/etc/update-motd.d/10-help-text|/bin/sh|/lib64/ld-linux-x86-64.so.2,0,0,1001,24401,24396,(none),126
2.082129,recon/basic_enum,suid_exec,execve,exec,50-landscape-sy,/bin/sh /etc/update-motd.d/50-landscape-sysinfo,/bin/sh /etc/update-motd.d/50-landscape-sysinfo,/,benign,,1778300598.563,40861,attack_window,20260508_212317_basic_enum_YrdGDI,20260508_212317_suid_exec_dns_vandalism_9o1sm3,recon,yes,0,/usr/bin/dash,/etc/update-motd.d/50-landscape-sysinfo,/etc/update-motd.d/50-landscape-sysinfo|/bin/sh|/lib64/ld-linux-x86-64.so.2,0,0,1001,24402,24396,(none),126
2.084129,recon/basic_enum,suid_exec,execve,exec,find,find /var/lib/landscape/landscape-sysinfo.cache -newermt now-1 minutes,find /var/lib/landscape/landscape-sysinfo.cache -newermt now-1 minutes,/,benign,,1778300598.565,40862,attack_window,20260508_212317_basic_enum_YrdGDI,20260508_212317_suid_exec_dns_vandalism_9o1sm3,recon,yes,0,/usr/bin/find,/usr/bin/find,/usr/bin/find|/lib64/ld-linux-x86-64.so.2,0,0,1001,24403,24402,(none),126
2.085129,recon/basic_enum,suid_exec,execve,exec,cat,cat /var/lib/landscape/landscape-sysinfo.cache,cat /var/lib/landscape/landscape-sysinfo.cache,/,benign,,1778300598.566,40863,attack_window,20260508_212317_basic_enum_YrdGDI,20260508_212317_suid_exec_dns_vandalism_9o1sm3,recon,yes,0,/usr/bin/cat,/usr/bin/cat,/usr/bin/cat|/lib64/ld-linux-x86-64.so.2,0,0,1001,24404,24402,(none),126
2.086129,recon/basic_enum,suid_exec,execve,exec,50-motd-news,/bin/sh /etc/update-motd.d/50-motd-news,/bin/sh /etc/update-motd.d/50-motd-news,/,benign,,1778300598.567,40864,attack_window,20260508_212317_basic_enum_YrdGDI,20260508_212317_suid_exec_dns_vandalism_9o1sm3,recon,yes,0,/usr/bin/dash,/etc/update-motd.d/50-motd-news,/etc/update-motd.d/50-motd-news|/bin/sh|/lib64/ld-linux-x86-64.so.2,0,0,1001,24405,24396,(none),126
2.088129,recon/basic_enum,suid_exec,execve,exec,head,head -n 10,head -n 10,/,benign,,1778300598.569,40865,attack_window,20260508_212317_basic_enum_YrdGDI,20260508_212317_suid_exec_dns_vandalism_9o1sm3,recon,yes,0,/usr/bin/head,/usr/bin/head,/usr/bin/head|/lib64/ld-linux-x86-64.so.2,0,0,1001,24407,24405,(none),126
2.088129,recon/basic_enum,suid_exec,execve,exec,cat,cat /var/cache/motd-news,cat /var/cache/motd-news,/,benign,,1778300598.569,40866,attack_window,20260508_212317_basic_enum_YrdGDI,20260508_212317_suid_exec_dns_vandalism_9o1sm3,recon,yes,0,/usr/bin/cat,/usr/bin/cat,/usr/bin/cat|/lib64/ld-linux-x86-64.so.2,0,0,1001,24406,24405,(none),126
2.088129,recon/basic_enum,suid_exec,execve,exec,tr,tr -d \000-\011\013\014\016-\037,tr -d \000-\011\013\014\016-\037,/,benign,,1778300598.569,40867,attack_window,20260508_212317_basic_enum_YrdGDI,20260508_212317_suid_exec_dns_vandalism_9o1sm3,recon,yes,0,/usr/bin/tr,/usr/bin/tr,/usr/bin/tr|/lib64/ld-linux-x86-64.so.2,0,0,1001,24408,24405,(none),126
2.088129,recon/basic_enum,suid_exec,execve,exec,cut,cut -c -80,cut -c -80,/,benign,,1778300598.569,40868,attack_window,20260508_212317_basic_enum_YrdGDI,20260508_212317_suid_exec_dns_vandalism_9o1sm3,recon,yes,0,/usr/bin/cut,/usr/bin/cut,/usr/bin/cut|/lib64/ld-linux-x86-64.so.2,0,0,1001,24409,24405,(none),126
2.096129,recon/basic_enum,suid_exec,execve,exec,85-fwupd,/bin/sh /etc/update-motd.d/85-fwupd,/bin/sh /etc/update-motd.d/85-fwupd,/,benign,,1778300598.577,40869,attack_window,20260508_212317_basic_enum_YrdGDI,20260508_212317_suid_exec_dns_vandalism_9o1sm3,recon,yes,0,/usr/bin/dash,/etc/update-motd.d/85-fwupd,/etc/update-motd.d/85-fwupd|/bin/sh|/lib64/ld-linux-x86-64.so.2,0,0,1001,24410,24396,(none),126
2.097129,recon/basic_enum,suid_exec,execve,exec,cat,cat /run/motd.d/85-fwupd,cat /run/motd.d/85-fwupd,/,benign,,1778300598.578,40870,attack_window,20260508_212317_basic_enum_YrdGDI,20260508_212317_suid_exec_dns_vandalism_9o1sm3,recon,yes,0,/usr/bin/cat,/usr/bin/cat,/usr/bin/cat|/lib64/ld-linux-x86-64.so.2,0,0,1001,24411,24410,(none),126
2.098129,recon/basic_enum,suid_exec,execve,exec,90-updates-avai,/bin/sh /etc/update-motd.d/90-updates-available,/bin/sh /etc/update-motd.d/90-updates-available,/,benign,,1778300598.579,40871,attack_window,20260508_212317_basic_enum_YrdGDI,20260508_212317_suid_exec_dns_vandalism_9o1sm3,recon,yes,0,/usr/bin/dash,/etc/update-motd.d/90-updates-available,/etc/update-motd.d/90-updates-available|/bin/sh|/lib64/ld-linux-x86-64.so.2,0,0,1001,24412,24396,(none),126
2.098129,recon/basic_enum,suid_exec,execve,exec,cat,cat /var/lib/update-notifier/updates-available,cat /var/lib/update-notifier/updates-available,/,benign,,1778300598.579,40872,attack_window,20260508_212317_basic_enum_YrdGDI,20260508_212317_suid_exec_dns_vandalism_9o1sm3,recon,yes,0,/usr/bin/cat,/usr/bin/cat,/usr/bin/cat|/lib64/ld-linux-x86-64.so.2,0,0,1001,24413,24412,(none),126
2.100129,recon/basic_enum,suid_exec,execve,exec,find,find /var/lib/update-notifier/updates-available -newermt now-7 days,find /var/lib/update-notifier/updates-available -newermt now-7 days,/,benign,,1778300598.581,40873,attack_window,20260508_212317_basic_enum_YrdGDI,20260508_212317_suid_exec_dns_vandalism_9o1sm3,recon,yes,0,/usr/bin/find,/usr/bin/find,/usr/bin/find|/lib64/ld-linux-x86-64.so.2,0,0,1001,24414,24412,(none),126
2.101129,recon/basic_enum,suid_exec,execve,exec,grep,grep -q -m 1 .,grep -q -m 1 .,/,benign,,1778300598.582,40874,attack_window,20260508_212317_basic_enum_YrdGDI,20260508_212317_suid_exec_dns_vandalism_9o1sm3,recon,yes,0,/usr/bin/grep,/usr/bin/grep,/usr/bin/grep|/lib64/ld-linux-x86-64.so.2,0,0,1001,24415,24412,(none),126
2.102129,recon/basic_enum,suid_exec,execve,exec,91-contract-ua-,/bin/sh /etc/update-motd.d/91-contract-ua-esm-status,/bin/sh /etc/update-motd.d/91-contract-ua-esm-status,/,benign,,1778300598.583,40875,attack_window,20260508_212317_basic_enum_YrdGDI,20260508_212317_suid_exec_dns_vandalism_9o1sm3,recon,yes,0,/usr/bin/dash,/etc/update-motd.d/91-contract-ua-esm-status,/etc/update-motd.d/91-contract-ua-esm-status|/bin/sh|/lib64/ld-linux-x86-64.so.2,0,0,1001,24416,24396,(none),126
2.103129,recon/basic_enum,suid_exec,execve,exec,91-release-upgr,/bin/sh /etc/update-motd.d/91-release-upgrade,/bin/sh /etc/update-motd.d/91-release-upgrade,/,benign,,1778300598.584,40876,attack_window,20260508_212317_basic_enum_YrdGDI,20260508_212317_suid_exec_dns_vandalism_9o1sm3,recon,yes,0,/usr/bin/dash,/etc/update-motd.d/91-release-upgrade,/etc/update-motd.d/91-release-upgrade|/bin/sh|/lib64/ld-linux-x86-64.so.2,0,0,1001,24417,24396,(none),126
2.104129,recon/basic_enum,suid_exec,execve,exec,cut,cut -d -f4,cut -d -f4,/,benign,,1778300598.585,40877,attack_window,20260508_212317_basic_enum_YrdGDI,20260508_212317_suid_exec_dns_vandalism_9o1sm3,recon,yes,0,/usr/bin/cut,/usr/bin/cut,/usr/bin/cut|/lib64/ld-linux-x86-64.so.2,0,0,1001,24420,24418,(none),126
2.105129,recon/basic_enum,suid_exec,execve,exec,id,id -u,id -u,/,benign,,1778300598.586,40878,attack_window,20260508_212317_basic_enum_YrdGDI,20260508_212317_suid_exec_dns_vandalism_9o1sm3,recon,yes,0,/usr/bin/id,/usr/bin/id,/usr/bin/id|/lib64/ld-linux-x86-64.so.2,0,0,1001,24421,24417,(none),126
2.105129,recon/basic_enum,suid_exec,execve,exec,release-upgrade,/bin/sh -e /usr/lib/ubuntu-release-upgrader/release-upgrade-motd,/bin/sh /etc/update-motd.d/91-release-upgrade,/,benign,,1778300598.586,40879,attack_window,20260508_212317_basic_enum_YrdGDI,20260508_212317_suid_exec_dns_vandalism_9o1sm3,recon,yes,0,/usr/bin/dash,/usr/lib/ubuntu-release-upgrader/release-upgrade-motd,/usr/lib/ubuntu-release-upgrader/release-upgrade-motd|/bin/sh|/lib64/ld-linux-x86-64.so.2,0,0,1001,24417,24396,(none),126
2.106129,recon/basic_enum,suid_exec,execve,exec,date,date +%s,date +%s,/,benign,,1778300598.587,40880,attack_window,20260508_212317_basic_enum_YrdGDI,20260508_212317_suid_exec_dns_vandalism_9o1sm3,recon,yes,0,/usr/bin/date,/usr/bin/date,/usr/bin/date|/lib64/ld-linux-x86-64.so.2,0,0,1001,24422,24417,(none),126
2.108129,recon/basic_enum,suid_exec,execve,exec,stat,stat -c %Y /var/lib/ubuntu-release-upgrader/release-upgrade-available,stat -c %Y /var/lib/ubuntu-release-upgrader/release-upgrade-available,/,benign,,1778300598.589,40881,attack_window,20260508_212317_basic_enum_YrdGDI,20260508_212317_suid_exec_dns_vandalism_9o1sm3,recon,yes,0,/usr/bin/stat,/usr/bin/stat,/usr/bin/stat|/lib64/ld-linux-x86-64.so.2,0,0,1001,24423,24417,(none),126
2.110129,recon/basic_enum,suid_exec,execve,exec,expr,expr 1778282941 + 86400,expr 1778282941 + 86400,/,benign,,1778300598.591,40882,attack_window,20260508_212317_basic_enum_YrdGDI,20260508_212317_suid_exec_dns_vandalism_9o1sm3,recon,yes,0,/usr/bin/expr,/usr/bin/expr,/usr/bin/expr|/lib64/ld-linux-x86-64.so.2,0,0,1001,24424,24417,(none),126
2.111129,recon/basic_enum,suid_exec,execve,exec,92-unattended-u,/bin/sh /etc/update-motd.d/92-unattended-upgrades,/bin/sh /etc/update-motd.d/92-unattended-upgrades,/,benign,,1778300598.592,40883,attack_window,20260508_212317_basic_enum_YrdGDI,20260508_212317_suid_exec_dns_vandalism_9o1sm3,recon,yes,0,/usr/bin/dash,/etc/update-motd.d/92-unattended-upgrades,/etc/update-motd.d/92-unattended-upgrades|/bin/sh|/lib64/ld-linux-x86-64.so.2,0,0,1001,24425,24396,(none),126
2.111129,recon/basic_enum,suid_exec,execve,exec,update-motd-una,/bin/sh /usr/share/unattended-upgrades/update-motd-unattended-upgrades,/bin/sh /etc/update-motd.d/92-unattended-upgrades,/,benign,,1778300598.592,40884,attack_window,20260508_212317_basic_enum_YrdGDI,20260508_212317_suid_exec_dns_vandalism_9o1sm3,recon,yes,0,/usr/bin/dash,/usr/share/unattended-upgrades/update-motd-unattended-upgrades,/usr/share/unattended-upgrades/update-motd-unattended-upgrades|/bin/sh|/lib64/ld-linux-x86-64.so.2,0,0,1001,24425,24396,(none),126
2.112129,recon/basic_enum,suid_exec,execve,exec,95-hwe-eol,/bin/sh /etc/update-motd.d/95-hwe-eol,/bin/sh /etc/update-motd.d/95-hwe-eol,/,benign,,1778300598.593,40885,attack_window,20260508_212317_basic_enum_YrdGDI,20260508_212317_suid_exec_dns_vandalism_9o1sm3,recon,yes,0,/usr/bin/dash,/etc/update-motd.d/95-hwe-eol,/etc/update-motd.d/95-hwe-eol|/bin/sh|/lib64/ld-linux-x86-64.so.2,0,0,1001,24426,24396,(none),126
2.113129,recon/basic_enum,suid_exec,execve,exec,find,find /var/lib/update-notifier/hwe-eol -newermt now-1 days,find /var/lib/update-notifier/hwe-eol -newermt now-1 days,/,benign,,1778300598.594,40886,attack_window,20260508_212317_basic_enum_YrdGDI,20260508_212317_suid_exec_dns_vandalism_9o1sm3,recon,yes,0,/usr/bin/find,/usr/bin/find,/usr/bin/find|/lib64/ld-linux-x86-64.so.2,0,0,1001,24427,24426,(none),126
2.114129,recon/basic_enum,suid_exec,execve,exec,97-overlayroot,/bin/sh /etc/update-motd.d/97-overlayroot,/bin/sh /etc/update-motd.d/97-overlayroot,/,benign,,1778300598.595,40887,attack_window,20260508_212317_basic_enum_YrdGDI,20260508_212317_suid_exec_dns_vandalism_9o1sm3,recon,yes,0,/usr/bin/dash,/etc/update-motd.d/97-overlayroot,/etc/update-motd.d/97-overlayroot|/bin/sh|/lib64/ld-linux-x86-64.so.2,0,0,1001,24428,24396,(none),126
2.115129,recon/basic_enum,suid_exec,execve,exec,egrep,/bin/sh /usr/bin/egrep overlayroot|/media/root-ro|/media/root-rw /proc/mounts,/bin/sh /usr/bin/egrep overlayroot|/media/root-ro|/media/root-rw /proc/mounts,/,benign,,1778300598.596,40888,attack_window,20260508_212317_basic_enum_YrdGDI,20260508_212317_suid_exec_dns_vandalism_9o1sm3,recon,yes,0,/usr/bin/dash,/usr/bin/egrep,/usr/bin/egrep|/bin/sh|/lib64/ld-linux-x86-64.so.2,0,0,1001,24430,24429,(none),126
2.116129,recon/basic_enum,suid_exec,execve,exec,egrep,,/bin/sh /usr/bin/egrep overlayroot|/media/root-ro|/media/root-rw /proc/mounts,/,benign,,1778300598.597,40889,attack_window,20260508_212317_basic_enum_YrdGDI,20260508_212317_suid_exec_dns_vandalism_9o1sm3,recon,no,-2,/usr/bin/dash,/usr/local/sbin/grep,/usr/local/sbin/grep,0,0,1001,24430,24429,(none),126
2.116129,recon/basic_enum,suid_exec,execve,exec,egrep,,/bin/sh /usr/bin/egrep overlayroot|/media/root-ro|/media/root-rw /proc/mounts,/,benign,,1778300598.597,40890,attack_window,20260508_212317_basic_enum_YrdGDI,20260508_212317_suid_exec_dns_vandalism_9o1sm3,recon,no,-2,/usr/bin/dash,/usr/local/bin/grep,/usr/local/bin/grep,0,0,1001,24430,24429,(none),126
2.116129,recon/basic_enum,suid_exec,execve,exec,egrep,,/bin/sh /usr/bin/egrep overlayroot|/media/root-ro|/media/root-rw /proc/mounts,/,benign,,1778300598.597,40891,attack_window,20260508_212317_basic_enum_YrdGDI,20260508_212317_suid_exec_dns_vandalism_9o1sm3,recon,no,-2,/usr/bin/dash,/usr/sbin/grep,/usr/sbin/grep,0,0,1001,24430,24429,(none),126
2.116129,recon/basic_enum,suid_exec,execve,exec,grep,grep -E overlayroot|/media/root-ro|/media/root-rw /proc/mounts,/bin/sh /usr/bin/egrep overlayroot|/media/root-ro|/media/root-rw /proc/mounts,/,benign,,1778300598.597,40892,attack_window,20260508_212317_basic_enum_YrdGDI,20260508_212317_suid_exec_dns_vandalism_9o1sm3,recon,yes,0,/usr/bin/grep,/usr/bin/grep,/usr/bin/grep|/lib64/ld-linux-x86-64.so.2,0,0,1001,24430,24429,(none),126
2.117129,recon/basic_enum,suid_exec,execve,exec,sort,sort -r,sort -r,/,benign,,1778300598.598,40893,attack_window,20260508_212317_basic_enum_YrdGDI,20260508_212317_suid_exec_dns_vandalism_9o1sm3,recon,yes,0,/usr/bin/sort,/usr/bin/sort,/usr/bin/sort|/lib64/ld-linux-x86-64.so.2,0,0,1001,24431,24429,(none),126
2.118129,recon/basic_enum,suid_exec,execve,exec,98-fsck-at-rebo,/bin/sh /etc/update-motd.d/98-fsck-at-reboot,/bin/sh /etc/update-motd.d/98-fsck-at-reboot,/,benign,,1778300598.599,40894,attack_window,20260508_212317_basic_enum_YrdGDI,20260508_212317_suid_exec_dns_vandalism_9o1sm3,recon,yes,0,/usr/bin/dash,/etc/update-motd.d/98-fsck-at-reboot,/etc/update-motd.d/98-fsck-at-reboot|/bin/sh|/lib64/ld-linux-x86-64.so.2,0,0,1001,24432,24396,(none),126
2.119129,recon/basic_enum,suid_exec,execve,exec,update-motd-fsc,/bin/sh /usr/lib/update-notifier/update-motd-fsck-at-reboot,/bin/sh /etc/update-motd.d/98-fsck-at-reboot,/,benign,,1778300598.600,40895,attack_window,20260508_212317_basic_enum_YrdGDI,20260508_212317_suid_exec_dns_vandalism_9o1sm3,recon,yes,0,/usr/bin/dash,/usr/lib/update-notifier/update-motd-fsck-at-reboot,/usr/lib/update-notifier/update-motd-fsck-at-reboot|/bin/sh|/lib64/ld-linux-x86-64.so.2,0,0,1001,24432,24396,(none),126
2.120129,recon/basic_enum,suid_exec,execve,exec,id,id -u,id -u,/,benign,,1778300598.601,40896,attack_window,20260508_212317_basic_enum_YrdGDI,20260508_212317_suid_exec_dns_vandalism_9o1sm3,recon,yes,0,/usr/bin/id,/usr/bin/id,/usr/bin/id|/lib64/ld-linux-x86-64.so.2,0,0,1001,24433,24432,(none),126
2.121129,recon/basic_enum,suid_exec,execve,exec,stat,stat -c %Y /var/lib/update-notifier/fsck-at-reboot,stat -c %Y /var/lib/update-notifier/fsck-at-reboot,/,benign,,1778300598.602,40897,attack_window,20260508_212317_basic_enum_YrdGDI,20260508_212317_suid_exec_dns_vandalism_9o1sm3,recon,yes,0,/usr/bin/stat,/usr/bin/stat,/usr/bin/stat|/lib64/ld-linux-x86-64.so.2,0,0,1001,24434,24432,(none),126
2.122129,recon/basic_enum,suid_exec,execve,exec,awk,awk {print $1} /proc/uptime,awk {print $1} /proc/uptime,/,benign,,1778300598.603,40898,attack_window,20260508_212317_basic_enum_YrdGDI,20260508_212317_suid_exec_dns_vandalism_9o1sm3,recon,yes,0,/usr/bin/gawk,/usr/bin/awk,/usr/bin/awk|/lib64/ld-linux-x86-64.so.2,0,0,1001,24436,24435,(none),126
2.124129,recon/basic_enum,suid_exec,execve,exec,date,date -d now - 2844.95 seconds +%s,date -d now - 2844.95 seconds +%s,/,benign,,1778300598.605,40899,attack_window,20260508_212317_basic_enum_YrdGDI,20260508_212317_suid_exec_dns_vandalism_9o1sm3,recon,yes,0,/usr/bin/date,/usr/bin/date,/usr/bin/date|/lib64/ld-linux-x86-64.so.2,0,0,1001,24435,24432,(none),126
2.125129,recon/basic_enum,suid_exec,execve,exec,date,date +%s,date +%s,/,benign,,1778300598.606,40900,attack_window,20260508_212317_basic_enum_YrdGDI,20260508_212317_suid_exec_dns_vandalism_9o1sm3,recon,yes,0,/usr/bin/date,/usr/bin/date,/usr/bin/date|/lib64/ld-linux-x86-64.so.2,0,0,1001,24437,24432,(none),126
2.125129,recon/basic_enum,suid_exec,execve,exec,cat,cat /var/lib/update-notifier/fsck-at-reboot,cat /var/lib/update-notifier/fsck-at-reboot,/,benign,,1778300598.606,40901,attack_window,20260508_212317_basic_enum_YrdGDI,20260508_212317_suid_exec_dns_vandalism_9o1sm3,recon,yes,0,/usr/bin/cat,/usr/bin/cat,/usr/bin/cat|/lib64/ld-linux-x86-64.so.2,0,0,1001,24438,24432,(none),126
2.126129,recon/basic_enum,suid_exec,execve,exec,98-reboot-requi,/bin/sh /etc/update-motd.d/98-reboot-required,/bin/sh /etc/update-motd.d/98-reboot-required,/,benign,,1778300598.607,40902,attack_window,20260508_212317_basic_enum_YrdGDI,20260508_212317_suid_exec_dns_vandalism_9o1sm3,recon,yes,0,/usr/bin/dash,/etc/update-motd.d/98-reboot-required,/etc/update-motd.d/98-reboot-required|/bin/sh|/lib64/ld-linux-x86-64.so.2,0,0,1001,24439,24396,(none),126
2.127129,recon/basic_enum,suid_exec,execve,exec,update-motd-reb,/bin/sh -e /usr/lib/update-notifier/update-motd-reboot-required,/bin/sh /etc/update-motd.d/98-reboot-required,/,benign,,1778300598.608,40903,attack_window,20260508_212317_basic_enum_YrdGDI,20260508_212317_suid_exec_dns_vandalism_9o1sm3,recon,yes,0,/usr/bin/dash,/usr/lib/update-notifier/update-motd-reboot-required,/usr/lib/update-notifier/update-motd-reboot-required|/bin/sh|/lib64/ld-linux-x86-64.so.2,0,0,1001,24439,24396,(none),126
2.129129,recon/basic_enum,suid_exec,rename,file_destroy,sshd,,/usr/sbin/sshd -D -R,/,benign,,1778300598.610,40904,attack_window,20260508_212317_basic_enum_YrdGDI,20260508_212317_suid_exec_dns_vandalism_9o1sm3,recon,yes,0,/usr/sbin/sshd,/run/,/run/|/run/motd.dynamic.new|/run/motd.dynamic,0,0,1001,24393,21008,(none),126
2.129129,recon/basic_enum,suid_exec,connect,network_connect,sshd,,/usr/sbin/sshd -D -R,/,benign,,1778300598.610,40905,attack_window,20260508_212317_basic_enum_YrdGDI,20260508_212317_suid_exec_dns_vandalism_9o1sm3,recon,yes,0,/usr/sbin/sshd,/run/systemd/userdb/io.systemd.DynamicUser,/run/systemd/userdb/io.systemd.DynamicUser,0,0,1001,24393,21008,(none),126
2.131129,recon/basic_enum,suid_exec,connect,network_connect,sshd,,/usr/sbin/sshd -D -R,/,benign,,1778300598.612,40906,attack_window,20260508_212317_basic_enum_YrdGDI,20260508_212317_suid_exec_dns_vandalism_9o1sm3,recon,yes,0,/usr/sbin/sshd,/run/systemd/userdb/io.systemd.DynamicUser,/run/systemd/userdb/io.systemd.DynamicUser,0,0,1001,24393,21008,(none),126
2.131129,recon/basic_enum,suid_exec,connect,network_connect,sshd,,/usr/sbin/sshd -D -R,/,benign,,1778300598.612,40907,attack_window,20260508_212317_basic_enum_YrdGDI,20260508_212317_suid_exec_dns_vandalism_9o1sm3,recon,yes,0,/usr/sbin/sshd,/run/systemd/userdb/io.systemd.DynamicUser,/run/systemd/userdb/io.systemd.DynamicUser,0,0,1001,24393,21008,(none),126
2.131129,recon/basic_enum,suid_exec,connect,network_connect,sshd,,/usr/sbin/sshd -D -R,/,benign,,1778300598.612,40908,attack_window,20260508_212317_basic_enum_YrdGDI,20260508_212317_suid_exec_dns_vandalism_9o1sm3,recon,yes,0,/usr/sbin/sshd,/run/systemd/userdb/io.systemd.DynamicUser,/run/systemd/userdb/io.systemd.DynamicUser,0,0,1001,24393,21008,(none),126
2.132129,recon/basic_enum,suid_exec,connect,network_connect,sshd,,/usr/sbin/sshd -D -R,/,benign,,1778300598.613,40909,attack_window,20260508_212317_basic_enum_YrdGDI,20260508_212317_suid_exec_dns_vandalism_9o1sm3,recon,yes,0,/usr/sbin/sshd,/run/systemd/userdb/io.systemd.DynamicUser,/run/systemd/userdb/io.systemd.DynamicUser,0,0,1001,24393,21008,(none),126
2.133129,recon/basic_enum,suid_exec,,,,,,,ambiguous,,1778300598.614,40910,attack_window,20260508_212317_basic_enum_YrdGDI,20260508_212317_suid_exec_dns_vandalism_9o1sm3,recon,,,,,,,,,,,,
2.133129,recon/basic_enum,suid_exec,setgid,privilege_transition,sshd,,sshd: deploy-rkejw [priv],,benign,,1778300598.614,40911,attack_window,20260508_212317_basic_enum_YrdGDI,20260508_212317_suid_exec_dns_vandalism_9o1sm3,recon,yes,0,/usr/sbin/sshd,,,0,0,1001,24440,24393,(none),126
2.133129,recon/basic_enum,suid_exec,connect,network_connect,sshd,,sshd: deploy-rkejw [priv],/,benign,,1778300598.614,40912,attack_window,20260508_212317_basic_enum_YrdGDI,20260508_212317_suid_exec_dns_vandalism_9o1sm3,recon,yes,0,/usr/sbin/sshd,/run/systemd/userdb/io.systemd.DynamicUser,/run/systemd/userdb/io.systemd.DynamicUser,0,0,1001,24440,24393,(none),126
2.133129,recon/basic_enum,suid_exec,connect,network_connect,sshd,,sshd: deploy-rkejw [priv],/,benign,,1778300598.614,40913,attack_window,20260508_212317_basic_enum_YrdGDI,20260508_212317_suid_exec_dns_vandalism_9o1sm3,recon,yes,0,/usr/sbin/sshd,/run/systemd/userdb/io.systemd.DynamicUser,/run/systemd/userdb/io.systemd.DynamicUser,0,0,1001,24440,24393,(none),126
2.134129,recon/basic_enum,suid_exec,126,privilege_transition,sshd,,sshd: deploy-rkejw [priv],,benign,,1778300598.615,40914,attack_window,20260508_212317_basic_enum_YrdGDI,20260508_212317_suid_exec_dns_vandalism_9o1sm3,recon,yes,0,/usr/sbin/sshd,,,0,0,1001,24440,24393,(none),126
2.134129,recon/basic_enum,suid_exec,,,,,,,ambiguous,,1778300598.615,40915,attack_window,20260508_212317_basic_enum_YrdGDI,20260508_212317_suid_exec_dns_vandalism_9o1sm3,recon,,,,,,,,,,,,
2.134129,recon/basic_enum,suid_exec,setresgid,privilege_transition,sshd,,sshd: deploy-rkejw [priv],,benign,,1778300598.615,40916,attack_window,20260508_212317_basic_enum_YrdGDI,20260508_212317_suid_exec_dns_vandalism_9o1sm3,recon,yes,0,/usr/sbin/sshd,,,0,0,1001,24440,24393,(none),126
2.134129,recon/basic_enum,suid_exec,setresuid,privilege_transition,sshd,,sshd: deploy-rkejw [priv],,benign,,1778300598.615,40917,attack_window,20260508_212317_basic_enum_YrdGDI,20260508_212317_suid_exec_dns_vandalism_9o1sm3,recon,yes,0,/usr/sbin/sshd,,,1001,1001,1001,24440,24393,(none),126
2.134129,recon/basic_enum,suid_exec,setuid,privilege_transition,sshd,,sshd: deploy-rkejw [priv],,benign,,1778300598.615,40918,attack_window,20260508_212317_basic_enum_YrdGDI,20260508_212317_suid_exec_dns_vandalism_9o1sm3,recon,no,-1,/usr/sbin/sshd,,,1001,1001,1001,24440,24393,(none),126
2.134129,recon/basic_enum,suid_exec,setresuid,privilege_transition,sshd,,sshd: deploy-rkejw [priv],,benign,,1778300598.615,40919,attack_window,20260508_212317_basic_enum_YrdGDI,20260508_212317_suid_exec_dns_vandalism_9o1sm3,recon,no,-1,/usr/sbin/sshd,,,1001,1001,1001,24440,24393,(none),126
2.187129,recon/basic_enum,suid_exec,execve,shell_exec,bash,bash -c /usr/sbin/chroot / /usr/lib/openssh/ssh-keygen -p -c 'python3 /dev/shm/aegis_20260508_212317_basic_enum_YrdGDI/aegis_suid_exec_20260508_212317_basic_enum_YrdGDI_setuid.py env id -u',bash -c /usr/sbin/chroot / /usr/lib/openssh/ssh-keygen -p -c 'python3 /dev/shm/aegis_20260508_212317_basic_enum_YrdGDI/aegis_sui,/home/deploy-rkejw,benign,,1778300598.668,40920,attack_window,20260508_212317_basic_enum_YrdGDI,20260508_212317_suid_exec_dns_vandalism_9o1sm3,recon,yes,0,/usr/bin/bash,/bin/bash,/bin/bash|/lib64/ld-linux-x86-64.so.2,1001,1001,1001,24441,24440,(none),126
2.188129,recon/basic_enum,suid_exec,execve,exec,chroot,/usr/sbin/chroot / /usr/lib/openssh/ssh-keygen -p -c python3 /dev/shm/aegis_20260508_212317_basic_enum_YrdGDI/aegis_suid_exec_20260508_212317_basic_enum_YrdGDI_setuid.py env id -u,bash -c /usr/sbin/chroot / /usr/lib/openssh/ssh-keygen -p -c 'python3 /dev/shm/aegis_20260508_212317_basic_enum_YrdGDI/aegis_sui,/home/deploy-rkejw,benign,,1778300598.669,40921,attack_window,20260508_212317_basic_enum_YrdGDI,20260508_212317_suid_exec_dns_vandalism_9o1sm3,recon,yes,0,/usr/sbin/chroot,/usr/sbin/chroot,/usr/sbin/chroot|/lib64/ld-linux-x86-64.so.2,1001,0,1001,24441,24440,(none),126
2.189129,recon/basic_enum,suid_exec,execve,exec,ssh-keygen,/usr/lib/openssh/ssh-keygen -p -c python3 /dev/shm/aegis_20260508_212317_basic_enum_YrdGDI/aegis_suid_exec_20260508_212317_basic_enum_YrdGDI_setuid.py env id -u,bash -c /usr/sbin/chroot / /usr/lib/openssh/ssh-keygen -p -c 'python3 /dev/shm/aegis_20260508_212317_basic_enum_YrdGDI/aegis_sui,/,benign,,1778300598.670,40922,attack_window,20260508_212317_basic_enum_YrdGDI,20260508_212317_suid_exec_dns_vandalism_9o1sm3,recon,yes,0,/usr/lib/openssh/ssh-keygen,/usr/lib/openssh/ssh-keygen,/usr/lib/openssh/ssh-keygen|/lib64/ld-linux-x86-64.so.2,1001,0,1001,24441,24440,(none),126
2.190129,recon/basic_enum,suid_exec,execve,exec,python3,python3 /dev/shm/aegis_20260508_212317_basic_enum_YrdGDI/aegis_suid_exec_20260508_212317_basic_enum_YrdGDI_setuid.py env id -u,bash -c /usr/sbin/chroot / /usr/lib/openssh/ssh-keygen -p -c 'python3 /dev/shm/aegis_20260508_212317_basic_enum_YrdGDI/aegis_sui,/,benign,,1778300598.671,40923,attack_window,20260508_212317_basic_enum_YrdGDI,20260508_212317_suid_exec_dns_vandalism_9o1sm3,recon,yes,0,/usr/bin/python3.12,/usr/bin/python3,/usr/bin/python3|/lib64/ld-linux-x86-64.so.2,1001,0,1001,24441,24440,(none),126
2.199129,recon/basic_enum,suid_exec,setgid,privilege_transition,python3,,bash -c /usr/sbin/chroot / /usr/lib/openssh/ssh-keygen -p -c 'python3 /dev/shm/aegis_20260508_212317_basic_enum_YrdGDI/aegis_sui,,benign,,1778300598.680,40924,attack_window,20260508_212317_basic_enum_YrdGDI,20260508_212317_suid_exec_dns_vandalism_9o1sm3,recon,yes,0,/usr/bin/python3.12,,,1001,0,1001,24441,24440,(none),126
2.199129,recon/basic_enum,suid_exec,setuid,privilege_transition,python3,,bash -c /usr/sbin/chroot / /usr/lib/openssh/ssh-keygen -p -c 'python3 /dev/shm/aegis_20260508_212317_basic_enum_YrdGDI/aegis_sui,,benign,,1778300598.680,40925,attack_window,20260508_212317_basic_enum_YrdGDI,20260508_212317_suid_exec_dns_vandalism_9o1sm3,recon,yes,0,/usr/bin/python3.12,,,0,0,1001,24441,24440,(none),126
2.199129,recon/basic_enum,suid_exec,execve,exec,python3,,bash -c /usr/sbin/chroot / /usr/lib/openssh/ssh-keygen -p -c 'python3 /dev/shm/aegis_20260508_212317_basic_enum_YrdGDI/aegis_sui,/,benign,,1778300598.680,40926,attack_window,20260508_212317_basic_enum_YrdGDI,20260508_212317_suid_exec_dns_vandalism_9o1sm3,recon,no,-2,/usr/bin/python3.12,/usr/local/sbin/env,/usr/local/sbin/env,0,0,1001,24441,24440,(none),126
2.199129,recon/basic_enum,suid_exec,execve,exec,python3,,bash -c /usr/sbin/chroot / /usr/lib/openssh/ssh-keygen -p -c 'python3 /dev/shm/aegis_20260508_212317_basic_enum_YrdGDI/aegis_sui,/,benign,,1778300598.680,40927,attack_window,20260508_212317_basic_enum_YrdGDI,20260508_212317_suid_exec_dns_vandalism_9o1sm3,recon,no,-2,/usr/bin/python3.12,/usr/local/bin/env,/usr/local/bin/env,0,0,1001,24441,24440,(none),126
2.199129,recon/basic_enum,suid_exec,execve,exec,python3,,bash -c /usr/sbin/chroot / /usr/lib/openssh/ssh-keygen -p -c 'python3 /dev/shm/aegis_20260508_212317_basic_enum_YrdGDI/aegis_sui,/,benign,,1778300598.680,40928,attack_window,20260508_212317_basic_enum_YrdGDI,20260508_212317_suid_exec_dns_vandalism_9o1sm3,recon,no,-2,/usr/bin/python3.12,/usr/sbin/env,/usr/sbin/env,0,0,1001,24441,24440,(none),126
2.199129,recon/basic_enum,suid_exec,execve,exec,env,env id -u,bash -c /usr/sbin/chroot / /usr/lib/openssh/ssh-keygen -p -c 'python3 /dev/shm/aegis_20260508_212317_basic_enum_YrdGDI/aegis_sui,/,benign,,1778300598.680,40929,attack_window,20260508_212317_basic_enum_YrdGDI,20260508_212317_suid_exec_dns_vandalism_9o1sm3,recon,yes,0,/usr/bin/env,/usr/bin/env,/usr/bin/env|/lib64/ld-linux-x86-64.so.2,0,0,1001,24441,24440,(none),126
2.200129,recon/basic_enum,suid_exec,execve,exec,env,,bash -c /usr/sbin/chroot / /usr/lib/openssh/ssh-keygen -p -c 'python3 /dev/shm/aegis_20260508_212317_basic_enum_YrdGDI/aegis_sui,/,benign,,1778300598.681,40930,attack_window,20260508_212317_basic_enum_YrdGDI,20260508_212317_suid_exec_dns_vandalism_9o1sm3,recon,no,-2,/usr/bin/env,/usr/local/sbin/id,/usr/local/sbin/id,0,0,1001,24441,24440,(none),126
2.200129,recon/basic_enum,suid_exec,execve,exec,env,,bash -c /usr/sbin/chroot / /usr/lib/openssh/ssh-keygen -p -c 'python3 /dev/shm/aegis_20260508_212317_basic_enum_YrdGDI/aegis_sui,/,benign,,1778300598.681,40931,attack_window,20260508_212317_basic_enum_YrdGDI,20260508_212317_suid_exec_dns_vandalism_9o1sm3,recon,no,-2,/usr/bin/env,/usr/local/bin/id,/usr/local/bin/id,0,0,1001,24441,24440,(none),126
2.200129,recon/basic_enum,suid_exec,execve,exec,env,,bash -c /usr/sbin/chroot / /usr/lib/openssh/ssh-keygen -p -c 'python3 /dev/shm/aegis_20260508_212317_basic_enum_YrdGDI/aegis_sui,/,benign,,1778300598.681,40932,attack_window,20260508_212317_basic_enum_YrdGDI,20260508_212317_suid_exec_dns_vandalism_9o1sm3,recon,no,-2,/usr/bin/env,/usr/sbin/id,/usr/sbin/id,0,0,1001,24441,24440,(none),126
2.200129,recon/basic_enum,suid_exec,execve,exec,id,id -u,bash -c /usr/sbin/chroot / /usr/lib/openssh/ssh-keygen -p -c 'python3 /dev/shm/aegis_20260508_212317_basic_enum_YrdGDI/aegis_sui,/,benign,,1778300598.681,40933,attack_window,20260508_212317_basic_enum_YrdGDI,20260508_212317_suid_exec_dns_vandalism_9o1sm3,recon,yes,0,/usr/bin/id,/usr/bin/id,/usr/bin/id|/lib64/ld-linux-x86-64.so.2,0,0,1001,24441,24440,(none),126
2.202129,recon/basic_enum,suid_exec,connect,network_connect,sshd,,sshd: deploy-rkejw [priv],/,benign,,1778300598.683,40934,attack_window,20260508_212317_basic_enum_YrdGDI,20260508_212317_suid_exec_dns_vandalism_9o1sm3,recon,yes,0,/usr/sbin/sshd,/dev/log,/dev/log,1001,1001,1001,24440,24393,(none),126
2.202129,recon/basic_enum,suid_exec,114,privilege_transition,sshd,,/usr/sbin/sshd -D -R,,benign,,1778300598.683,40935,attack_window,20260508_212317_basic_enum_YrdGDI,20260508_212317_suid_exec_dns_vandalism_9o1sm3,recon,yes,0,/usr/sbin/sshd,,,0,0,1001,24393,21008,(none),126
2.202129,recon/basic_enum,suid_exec,setresuid,privilege_transition,sshd,,/usr/sbin/sshd -D -R,,benign,,1778300598.683,40936,attack_window,20260508_212317_basic_enum_YrdGDI,20260508_212317_suid_exec_dns_vandalism_9o1sm3,recon,yes,0,/usr/sbin/sshd,,,0,1001,1001,24393,21008,(none),126
2.202129,recon/basic_enum,suid_exec,113,privilege_transition,sshd,,/usr/sbin/sshd -D -R,,benign,,1778300598.683,40937,attack_window,20260508_212317_basic_enum_YrdGDI,20260508_212317_suid_exec_dns_vandalism_9o1sm3,recon,yes,0,/usr/sbin/sshd,,,0,0,1001,24393,21008,(none),126
2.202129,recon/basic_enum,suid_exec,114,privilege_transition,sshd,,/usr/sbin/sshd -D -R,,benign,,1778300598.683,40938,attack_window,20260508_212317_basic_enum_YrdGDI,20260508_212317_suid_exec_dns_vandalism_9o1sm3,recon,yes,0,/usr/sbin/sshd,,,0,0,1001,24393,21008,(none),126
2.202129,recon/basic_enum,suid_exec,connect,network_connect,sshd,,/usr/sbin/sshd -D -R,/,benign,,1778300598.683,40939,attack_window,20260508_212317_basic_enum_YrdGDI,20260508_212317_suid_exec_dns_vandalism_9o1sm3,recon,yes,0,/usr/sbin/sshd,/run/dbus/system_bus_socket,/run/dbus/system_bus_socket,0,0,1001,24393,21008,(none),126
2.204129,recon/basic_enum,suid_exec,,,,,,,ambiguous,,1778300598.685,40940,attack_window,20260508_212317_basic_enum_YrdGDI,20260508_212317_suid_exec_dns_vandalism_9o1sm3,recon,,,,,,,,,,,,
2.204129,recon/basic_enum,suid_exec,,,,,,,ambiguous,,1778300598.685,40941,attack_window,20260508_212317_basic_enum_YrdGDI,20260508_212317_suid_exec_dns_vandalism_9o1sm3,recon,,,,,,,,,,,,
2.204129,recon/basic_enum,suid_exec,setresgid,privilege_transition,sshd,,/usr/sbin/sshd -D -R,,benign,,1778300598.685,40942,attack_window,20260508_212317_basic_enum_YrdGDI,20260508_212317_suid_exec_dns_vandalism_9o1sm3,recon,yes,0,/usr/sbin/sshd,,,0,0,1001,24393,21008,(none),126
2.204129,recon/basic_enum,suid_exec,setresuid,privilege_transition,sshd,,/usr/sbin/sshd -D -R,,benign,,1778300598.685,40943,attack_window,20260508_212317_basic_enum_YrdGDI,20260508_212317_suid_exec_dns_vandalism_9o1sm3,recon,yes,0,/usr/sbin/sshd,,,0,1001,1001,24393,21008,(none),126
2.204129,recon/basic_enum,suid_exec,setresuid,privilege_transition,sshd,,/usr/sbin/sshd -D -R,,benign,,1778300598.685,40944,attack_window,20260508_212317_basic_enum_YrdGDI,20260508_212317_suid_exec_dns_vandalism_9o1sm3,recon,yes,0,/usr/sbin/sshd,,,0,0,1001,24393,21008,(none),126
2.204129,recon/basic_enum,suid_exec,setresgid,privilege_transition,sshd,,/usr/sbin/sshd -D -R,,benign,,1778300598.685,40945,attack_window,20260508_212317_basic_enum_YrdGDI,20260508_212317_suid_exec_dns_vandalism_9o1sm3,recon,yes,0,/usr/sbin/sshd,,,0,0,1001,24393,21008,(none),126
2.215129,recon/basic_enum,suid_exec,execve,exec,sshd,/usr/sbin/sshd -D -R,/usr/sbin/sshd -D -R,/,benign,,1778300598.696,40946,attack_window,20260508_212317_basic_enum_YrdGDI,20260508_212317_suid_exec_dns_vandalism_9o1sm3,recon,yes,0,/usr/sbin/sshd,/usr/sbin/sshd,/usr/sbin/sshd|/lib64/ld-linux-x86-64.so.2,0,0,4294967295,24442,21008,(none),4294967295
2.218129,recon/basic_enum,suid_exec,connect,network_connect,sshd,,/usr/sbin/sshd -D -R,/,benign,,1778300598.699,40947,attack_window,20260508_212317_basic_enum_YrdGDI,20260508_212317_suid_exec_dns_vandalism_9o1sm3,recon,no,-2,/usr/sbin/sshd,/var/run/nscd/socket,/var/run/nscd/socket,0,0,4294967295,24442,21008,(none),4294967295
2.218129,recon/basic_enum,suid_exec,connect,network_connect,sshd,,/usr/sbin/sshd -D -R,,benign,,1778300598.699,40948,attack_window,20260508_212317_basic_enum_YrdGDI,20260508_212317_suid_exec_dns_vandalism_9o1sm3,recon,yes,0,/usr/sbin/sshd,,,0,0,4294967295,24442,21008,(none),4294967295
2.218129,recon/basic_enum,suid_exec,connect,network_connect,sshd,,/usr/sbin/sshd -D -R,,benign,,1778300598.699,40949,attack_window,20260508_212317_basic_enum_YrdGDI,20260508_212317_suid_exec_dns_vandalism_9o1sm3,recon,yes,0,/usr/sbin/sshd,,,0,0,4294967295,24442,21008,(none),4294967295
2.218129,recon/basic_enum,suid_exec,connect,network_connect,sshd,,/usr/sbin/sshd -D -R,,benign,,1778300598.699,40950,attack_window,20260508_212317_basic_enum_YrdGDI,20260508_212317_suid_exec_dns_vandalism_9o1sm3,recon,yes,0,/usr/sbin/sshd,,,0,0,4294967295,24442,21008,(none),4294967295
2.218129,recon/basic_enum,suid_exec,connect,network_connect,sshd,,/usr/sbin/sshd -D -R,/,benign,,1778300598.699,40951,attack_window,20260508_212317_basic_enum_YrdGDI,20260508_212317_suid_exec_dns_vandalism_9o1sm3,recon,no,-2,/usr/sbin/sshd,/var/run/nscd/socket,/var/run/nscd/socket,0,0,4294967295,24442,21008,(none),4294967295
2.218129,recon/basic_enum,suid_exec,connect,network_connect,sshd,,/usr/sbin/sshd -D -R,/,benign,,1778300598.699,40952,attack_window,20260508_212317_basic_enum_YrdGDI,20260508_212317_suid_exec_dns_vandalism_9o1sm3,recon,no,-2,/usr/sbin/sshd,/var/run/nscd/socket,/var/run/nscd/socket,0,0,4294967295,24442,21008,(none),4294967295
2.221129,recon/basic_enum,suid_exec,setresgid,privilege_transition,sshd,,sshd: [accepted],,benign,,1778300598.702,40953,attack_window,20260508_212317_basic_enum_YrdGDI,20260508_212317_suid_exec_dns_vandalism_9o1sm3,recon,yes,0,/usr/sbin/sshd,,,0,0,4294967295,24443,24442,(none),4294967295
2.221129,recon/basic_enum,suid_exec,setresuid,privilege_transition,sshd,,sshd: [accepted],,benign,,1778300598.702,40954,attack_window,20260508_212317_basic_enum_YrdGDI,20260508_212317_suid_exec_dns_vandalism_9o1sm3,recon,yes,0,/usr/sbin/sshd,,,109,109,4294967295,24443,24442,(none),4294967295
2.221129,recon/basic_enum,suid_exec,setgid,privilege_transition,sshd,,sshd: [accepted],,benign,,1778300598.702,40955,attack_window,20260508_212317_basic_enum_YrdGDI,20260508_212317_suid_exec_dns_vandalism_9o1sm3,recon,no,-1,/usr/sbin/sshd,,,109,109,4294967295,24443,24442,(none),4294967295
2.221129,recon/basic_enum,suid_exec,setresgid,privilege_transition,sshd,,sshd: [accepted],,benign,,1778300598.702,40956,attack_window,20260508_212317_basic_enum_YrdGDI,20260508_212317_suid_exec_dns_vandalism_9o1sm3,recon,no,-1,/usr/sbin/sshd,,,109,109,4294967295,24443,24442,(none),4294967295
2.221129,recon/basic_enum,suid_exec,setuid,privilege_transition,sshd,,sshd: [accepted],,benign,,1778300598.702,40957,attack_window,20260508_212317_basic_enum_YrdGDI,20260508_212317_suid_exec_dns_vandalism_9o1sm3,recon,no,-1,/usr/sbin/sshd,,,109,109,4294967295,24443,24442,(none),4294967295
2.221129,recon/basic_enum,suid_exec,setresuid,privilege_transition,sshd,,sshd: [accepted],,benign,,1778300598.702,40958,attack_window,20260508_212317_basic_enum_YrdGDI,20260508_212317_suid_exec_dns_vandalism_9o1sm3,recon,no,-1,/usr/sbin/sshd,,,109,109,4294967295,24443,24442,(none),4294967295
2.322129,recon/basic_enum,suid_exec,connect,network_connect,sshd,,/usr/sbin/sshd -D -R,/,benign,,1778300598.803,40959,attack_window,20260508_212317_basic_enum_YrdGDI,20260508_212317_suid_exec_dns_vandalism_9o1sm3,recon,no,-2,/usr/sbin/sshd,/var/run/nscd/socket,/var/run/nscd/socket,0,0,4294967295,24442,21008,(none),4294967295
2.322129,recon/basic_enum,suid_exec,connect,network_connect,sshd,,/usr/sbin/sshd -D -R,/,benign,,1778300598.803,40960,attack_window,20260508_212317_basic_enum_YrdGDI,20260508_212317_suid_exec_dns_vandalism_9o1sm3,recon,no,-2,/usr/sbin/sshd,/var/run/nscd/socket,/var/run/nscd/socket,0,0,4294967295,24442,21008,(none),4294967295
2.322129,recon/basic_enum,suid_exec,connect,network_connect,sshd,,/usr/sbin/sshd -D -R,/,benign,,1778300598.803,40961,attack_window,20260508_212317_basic_enum_YrdGDI,20260508_212317_suid_exec_dns_vandalism_9o1sm3,recon,yes,0,/usr/sbin/sshd,/run/systemd/userdb/io.systemd.DynamicUser,/run/systemd/userdb/io.systemd.DynamicUser,0,0,4294967295,24442,21008,(none),4294967295
2.322129,recon/basic_enum,suid_exec,setresgid,privilege_transition,sshd,,/usr/sbin/sshd -D -R,,benign,,1778300598.803,40962,attack_window,20260508_212317_basic_enum_YrdGDI,20260508_212317_suid_exec_dns_vandalism_9o1sm3,recon,yes,0,/usr/sbin/sshd,,,0,0,4294967295,24442,21008,(none),4294967295
2.322129,recon/basic_enum,suid_exec,setresuid,privilege_transition,sshd,,/usr/sbin/sshd -D -R,,benign,,1778300598.803,40963,attack_window,20260508_212317_basic_enum_YrdGDI,20260508_212317_suid_exec_dns_vandalism_9o1sm3,recon,yes,0,/usr/sbin/sshd,,,0,1001,4294967295,24442,21008,(none),4294967295
2.322129,recon/basic_enum,suid_exec,setresuid,privilege_transition,sshd,,/usr/sbin/sshd -D -R,,benign,,1778300598.803,40964,attack_window,20260508_212317_basic_enum_YrdGDI,20260508_212317_suid_exec_dns_vandalism_9o1sm3,recon,yes,0,/usr/sbin/sshd,,,0,0,4294967295,24442,21008,(none),4294967295
2.322129,recon/basic_enum,suid_exec,setresgid,privilege_transition,sshd,,/usr/sbin/sshd -D -R,,benign,,1778300598.803,40965,attack_window,20260508_212317_basic_enum_YrdGDI,20260508_212317_suid_exec_dns_vandalism_9o1sm3,recon,yes,0,/usr/sbin/sshd,,,0,0,4294967295,24442,21008,(none),4294967295
2.322129,recon/basic_enum,suid_exec,setresgid,privilege_transition,sshd,,/usr/sbin/sshd -D -R,,benign,,1778300598.803,40966,attack_window,20260508_212317_basic_enum_YrdGDI,20260508_212317_suid_exec_dns_vandalism_9o1sm3,recon,yes,0,/usr/sbin/sshd,,,0,0,4294967295,24442,21008,(none),4294967295
2.322129,recon/basic_enum,suid_exec,setresuid,privilege_transition,sshd,,/usr/sbin/sshd -D -R,,benign,,1778300598.803,40967,attack_window,20260508_212317_basic_enum_YrdGDI,20260508_212317_suid_exec_dns_vandalism_9o1sm3,recon,yes,0,/usr/sbin/sshd,,,0,1001,4294967295,24442,21008,(none),4294967295
2.322129,recon/basic_enum,suid_exec,connect,network_connect,sshd,,/usr/sbin/sshd -D -R,/,benign,,1778300598.803,40968,attack_window,20260508_212317_basic_enum_YrdGDI,20260508_212317_suid_exec_dns_vandalism_9o1sm3,recon,yes,0,/usr/sbin/sshd,/dev/log,/dev/log,0,1001,4294967295,24442,21008,(none),4294967295
2.322129,recon/basic_enum,suid_exec,setresuid,privilege_transition,sshd,,/usr/sbin/sshd -D -R,,benign,,1778300598.803,40969,attack_window,20260508_212317_basic_enum_YrdGDI,20260508_212317_suid_exec_dns_vandalism_9o1sm3,recon,yes,0,/usr/sbin/sshd,,,0,0,4294967295,24442,21008,(none),4294967295
2.322129,recon/basic_enum,suid_exec,setresgid,privilege_transition,sshd,,/usr/sbin/sshd -D -R,,benign,,1778300598.803,40970,attack_window,20260508_212317_basic_enum_YrdGDI,20260508_212317_suid_exec_dns_vandalism_9o1sm3,recon,yes,0,/usr/sbin/sshd,,,0,0,4294967295,24442,21008,(none),4294967295
2.323129,recon/basic_enum,suid_exec,,,,,,,ambiguous,,1778300598.804,40971,attack_window,20260508_212317_basic_enum_YrdGDI,20260508_212317_suid_exec_dns_vandalism_9o1sm3,recon,,,,,,,,,,,,
2.329129,recon/basic_enum,suid_exec,setresgid,privilege_transition,sshd,,/usr/sbin/sshd -D -R,,benign,,1778300598.810,40972,attack_window,20260508_212317_basic_enum_YrdGDI,20260508_212317_suid_exec_dns_vandalism_9o1sm3,recon,yes,0,/usr/sbin/sshd,,,0,0,4294967295,24442,21008,(none),4294967295
2.329129,recon/basic_enum,suid_exec,setresuid,privilege_transition,sshd,,/usr/sbin/sshd -D -R,,benign,,1778300598.810,40973,attack_window,20260508_212317_basic_enum_YrdGDI,20260508_212317_suid_exec_dns_vandalism_9o1sm3,recon,yes,0,/usr/sbin/sshd,,,0,1001,4294967295,24442,21008,(none),4294967295
2.329129,recon/basic_enum,suid_exec,setresuid,privilege_transition,sshd,,/usr/sbin/sshd -D -R,,benign,,1778300598.810,40974,attack_window,20260508_212317_basic_enum_YrdGDI,20260508_212317_suid_exec_dns_vandalism_9o1sm3,recon,yes,0,/usr/sbin/sshd,,,0,0,4294967295,24442,21008,(none),4294967295
2.329129,recon/basic_enum,suid_exec,setresgid,privilege_transition,sshd,,/usr/sbin/sshd -D -R,,benign,,1778300598.810,40975,attack_window,20260508_212317_basic_enum_YrdGDI,20260508_212317_suid_exec_dns_vandalism_9o1sm3,recon,yes,0,/usr/sbin/sshd,,,0,0,4294967295,24442,21008,(none),4294967295
2.329129,recon/basic_enum,suid_exec,setresgid,privilege_transition,sshd,,/usr/sbin/sshd -D -R,,benign,,1778300598.810,40976,attack_window,20260508_212317_basic_enum_YrdGDI,20260508_212317_suid_exec_dns_vandalism_9o1sm3,recon,yes,0,/usr/sbin/sshd,,,0,0,4294967295,24442,21008,(none),4294967295
2.329129,recon/basic_enum,suid_exec,setresuid,privilege_transition,sshd,,/usr/sbin/sshd -D -R,,benign,,1778300598.810,40977,attack_window,20260508_212317_basic_enum_YrdGDI,20260508_212317_suid_exec_dns_vandalism_9o1sm3,recon,yes,0,/usr/sbin/sshd,,,0,1001,4294967295,24442,21008,(none),4294967295
2.329129,recon/basic_enum,suid_exec,connect,network_connect,sshd,,/usr/sbin/sshd -D -R,/,benign,,1778300598.810,40978,attack_window,20260508_212317_basic_enum_YrdGDI,20260508_212317_suid_exec_dns_vandalism_9o1sm3,recon,yes,0,/usr/sbin/sshd,/dev/log,/dev/log,0,1001,4294967295,24442,21008,(none),4294967295
2.329129,recon/basic_enum,suid_exec,setresuid,privilege_transition,sshd,,/usr/sbin/sshd -D -R,,benign,,1778300598.810,40979,attack_window,20260508_212317_basic_enum_YrdGDI,20260508_212317_suid_exec_dns_vandalism_9o1sm3,recon,yes,0,/usr/sbin/sshd,,,0,0,4294967295,24442,21008,(none),4294967295
2.329129,recon/basic_enum,suid_exec,setresgid,privilege_transition,sshd,,/usr/sbin/sshd -D -R,,benign,,1778300598.810,40980,attack_window,20260508_212317_basic_enum_YrdGDI,20260508_212317_suid_exec_dns_vandalism_9o1sm3,recon,yes,0,/usr/sbin/sshd,,,0,0,4294967295,24442,21008,(none),4294967295
2.329129,recon/basic_enum,suid_exec,,,,,,,ambiguous,,1778300598.810,40981,attack_window,20260508_212317_basic_enum_YrdGDI,20260508_212317_suid_exec_dns_vandalism_9o1sm3,recon,,,,,,,,,,,,
2.356129,recon/basic_enum,suid_exec,connect,network_connect,sshd,,/usr/sbin/sshd -D -R,/,benign,,1778300598.837,40982,attack_window,20260508_212317_basic_enum_YrdGDI,20260508_212317_suid_exec_dns_vandalism_9o1sm3,recon,yes,0,/usr/sbin/sshd,/run/systemd/userdb/io.systemd.DynamicUser,/run/systemd/userdb/io.systemd.DynamicUser,0,0,4294967295,24442,21008,(none),4294967295
2.356129,recon/basic_enum,suid_exec,,,,,,,ambiguous,,1778300598.837,40983,attack_window,20260508_212317_basic_enum_YrdGDI,20260508_212317_suid_exec_dns_vandalism_9o1sm3,recon,,,,,,,,,,,,
2.362129,recon/basic_enum,suid_exec,,,,,,,ambiguous,,1778300598.843,40984,attack_window,20260508_212317_basic_enum_YrdGDI,20260508_212317_suid_exec_dns_vandalism_9o1sm3,recon,,,,,,,,,,,,
2.362129,recon/basic_enum,suid_exec,connect,network_connect,sshd,,/usr/sbin/sshd -D -R,/,benign,,1778300598.843,40985,attack_window,20260508_212317_basic_enum_YrdGDI,20260508_212317_suid_exec_dns_vandalism_9o1sm3,recon,yes,0,/usr/sbin/sshd,/dev/log,/dev/log,0,0,4294967295,24442,21008,(none),4294967295
2.362129,recon/basic_enum,suid_exec,connect,network_connect,sshd,,/usr/sbin/sshd -D -R,/,benign,,1778300598.843,40986,attack_window,20260508_212317_basic_enum_YrdGDI,20260508_212317_suid_exec_dns_vandalism_9o1sm3,recon,yes,0,/usr/sbin/sshd,/run/systemd/userdb/io.systemd.DynamicUser,/run/systemd/userdb/io.systemd.DynamicUser,0,0,4294967295,24442,21008,(none),4294967295
2.363129,recon/basic_enum,suid_exec,126,privilege_transition,sshd,,/usr/sbin/sshd -D -R,,benign,,1778300598.844,40987,attack_window,20260508_212317_basic_enum_YrdGDI,20260508_212317_suid_exec_dns_vandalism_9o1sm3,recon,yes,0,/usr/sbin/sshd,,,0,0,4294967295,24442,21008,(none),4294967295
2.363129,recon/basic_enum,suid_exec,,,,,,,ambiguous,,1778300598.844,40988,attack_window,20260508_212317_basic_enum_YrdGDI,20260508_212317_suid_exec_dns_vandalism_9o1sm3,recon,,,,,,,,,,,,
2.363129,recon/basic_enum,suid_exec,77,file_destroy,sshd,,/usr/sbin/sshd -D -R,,benign,,1778300598.844,40989,attack_window,20260508_212317_basic_enum_YrdGDI,20260508_212317_suid_exec_dns_vandalism_9o1sm3,recon,yes,0,/usr/sbin/sshd,,,0,0,4294967295,24442,21008,(none),4294967295
2.363129,recon/basic_enum,suid_exec,write,(null),sshd,,/usr/sbin/sshd -D -R,,benign,,1778300598.844,40990,attack_window,20260508_212317_basic_enum_YrdGDI,20260508_212317_suid_exec_dns_vandalism_9o1sm3,recon,yes,4,/usr/sbin/sshd,,,0,0,1001,24442,21008,(none),127
2.363129,recon/basic_enum,suid_exec,114,privilege_transition,sshd,,/usr/sbin/sshd -D -R,,benign,,1778300598.844,40991,attack_window,20260508_212317_basic_enum_YrdGDI,20260508_212317_suid_exec_dns_vandalism_9o1sm3,recon,yes,0,/usr/sbin/sshd,,,0,0,1001,24442,21008,(none),127
2.363129,recon/basic_enum,suid_exec,113,privilege_transition,sshd,,/usr/sbin/sshd -D -R,,benign,,1778300598.844,40992,attack_window,20260508_212317_basic_enum_YrdGDI,20260508_212317_suid_exec_dns_vandalism_9o1sm3,recon,yes,0,/usr/sbin/sshd,,,1001,0,1001,24442,21008,(none),127
2.363129,recon/basic_enum,suid_exec,113,privilege_transition,sshd,,/usr/sbin/sshd -D -R,,benign,,1778300598.844,40993,attack_window,20260508_212317_basic_enum_YrdGDI,20260508_212317_suid_exec_dns_vandalism_9o1sm3,recon,yes,0,/usr/sbin/sshd,,,0,0,1001,24442,21008,(none),127
2.363129,recon/basic_enum,suid_exec,114,privilege_transition,sshd,,/usr/sbin/sshd -D -R,,benign,,1778300598.844,40994,attack_window,20260508_212317_basic_enum_YrdGDI,20260508_212317_suid_exec_dns_vandalism_9o1sm3,recon,yes,0,/usr/sbin/sshd,,,0,0,1001,24442,21008,(none),127
2.363129,recon/basic_enum,suid_exec,connect,network_connect,sshd,,/usr/sbin/sshd -D -R,/,benign,,1778300598.844,40995,attack_window,20260508_212317_basic_enum_YrdGDI,20260508_212317_suid_exec_dns_vandalism_9o1sm3,recon,yes,0,/usr/sbin/sshd,/dev/log,/dev/log,0,0,1001,24442,21008,(none),127
2.363129,recon/basic_enum,suid_exec,connect,network_connect,sshd,,/usr/sbin/sshd -D -R,/,benign,,1778300598.844,40996,attack_window,20260508_212317_basic_enum_YrdGDI,20260508_212317_suid_exec_dns_vandalism_9o1sm3,recon,no,-2,/usr/sbin/sshd,/run/systemd/userdb/io.systemd.Multiplexer,/run/systemd/userdb/io.systemd.Multiplexer,0,0,1001,24442,21008,(none),127
2.363129,recon/basic_enum,suid_exec,connect,network_connect,sshd,,/usr/sbin/sshd -D -R,/,benign,,1778300598.844,40997,attack_window,20260508_212317_basic_enum_YrdGDI,20260508_212317_suid_exec_dns_vandalism_9o1sm3,recon,yes,0,/usr/sbin/sshd,/run/systemd/userdb/io.systemd.DynamicUser,/run/systemd/userdb/io.systemd.DynamicUser,0,0,1001,24442,21008,(none),127
2.364129,recon/basic_enum,suid_exec,connect,network_connect,sshd,,/usr/sbin/sshd -D -R,/,benign,,1778300598.845,40998,attack_window,20260508_212317_basic_enum_YrdGDI,20260508_212317_suid_exec_dns_vandalism_9o1sm3,recon,yes,0,/usr/sbin/sshd,/run/dbus/system_bus_socket,/run/dbus/system_bus_socket,0,0,1001,24442,21008,(none),127
2.373129,recon/basic_enum,suid_exec,execve,exec,sh,sh -c -- /usr/bin/env -i PATH=/usr/local/sbin:/usr/local/bin:/usr/sbin:/usr/bin:/sbin:/bin run-parts --lsbsysinit /etc/update-motd.d > /run/motd.dynamic.new,sh -c -- /usr/bin/env -i PATH=/usr/local/sbin:/usr/local/bin:/usr/sbin:/usr/bin:/sbin:/bin run-parts --lsbsysinit /etc/update-mo,/,benign,,1778300598.854,40999,attack_window,20260508_212317_basic_enum_YrdGDI,20260508_212317_suid_exec_dns_vandalism_9o1sm3,recon,yes,0,/usr/bin/dash,/bin/sh,/bin/sh|/lib64/ld-linux-x86-64.so.2,0,0,1001,24444,24442,(none),127
2.374129,recon/basic_enum,suid_exec,execve,exec,env,/usr/bin/env -i PATH=/usr/local/sbin:/usr/local/bin:/usr/sbin:/usr/bin:/sbin:/bin run-parts --lsbsysinit /etc/update-motd.d,/usr/bin/env -i PATH=/usr/local/sbin:/usr/local/bin:/usr/sbin:/usr/bin:/sbin:/bin run-parts --lsbsysinit /etc/update-motd.d,/,benign,,1778300598.855,41000,attack_window,20260508_212317_basic_enum_YrdGDI,20260508_212317_suid_exec_dns_vandalism_9o1sm3,recon,yes,0,/usr/bin/env,/usr/bin/env,/usr/bin/env|/lib64/ld-linux-x86-64.so.2,0,0,1001,24445,24444,(none),127
2.375129,recon/basic_enum,suid_exec,execve,exec,env,,/usr/bin/env -i PATH=/usr/local/sbin:/usr/local/bin:/usr/sbin:/usr/bin:/sbin:/bin run-parts --lsbsysinit /etc/update-motd.d,/,benign,,1778300598.856,41001,attack_window,20260508_212317_basic_enum_YrdGDI,20260508_212317_suid_exec_dns_vandalism_9o1sm3,recon,no,-2,/usr/bin/env,/usr/local/sbin/run-parts,/usr/local/sbin/run-parts,0,0,1001,24445,24444,(none),127
2.375129,recon/basic_enum,suid_exec,execve,exec,env,,/usr/bin/env -i PATH=/usr/local/sbin:/usr/local/bin:/usr/sbin:/usr/bin:/sbin:/bin run-parts --lsbsysinit /etc/update-motd.d,/,benign,,1778300598.856,41002,attack_window,20260508_212317_basic_enum_YrdGDI,20260508_212317_suid_exec_dns_vandalism_9o1sm3,recon,no,-2,/usr/bin/env,/usr/local/bin/run-parts,/usr/local/bin/run-parts,0,0,1001,24445,24444,(none),127
2.375129,recon/basic_enum,suid_exec,execve,exec,env,,/usr/bin/env -i PATH=/usr/local/sbin:/usr/local/bin:/usr/sbin:/usr/bin:/sbin:/bin run-parts --lsbsysinit /etc/update-motd.d,/,benign,,1778300598.856,41003,attack_window,20260508_212317_basic_enum_YrdGDI,20260508_212317_suid_exec_dns_vandalism_9o1sm3,recon,no,-2,/usr/bin/env,/usr/sbin/run-parts,/usr/sbin/run-parts,0,0,1001,24445,24444,(none),127
2.375129,recon/basic_enum,suid_exec,execve,exec,run-parts,run-parts --lsbsysinit /etc/update-motd.d,/usr/bin/env -i PATH=/usr/local/sbin:/usr/local/bin:/usr/sbin:/usr/bin:/sbin:/bin run-parts --lsbsysinit /etc/update-motd.d,/,benign,,1778300598.856,41004,attack_window,20260508_212317_basic_enum_YrdGDI,20260508_212317_suid_exec_dns_vandalism_9o1sm3,recon,yes,0,/usr/bin/run-parts,/usr/bin/run-parts,/usr/bin/run-parts|/lib64/ld-linux-x86-64.so.2,0,0,1001,24445,24444,(none),127
2.376129,recon/basic_enum,suid_exec,execve,exec,00-header,/bin/sh /etc/update-motd.d/00-header,/bin/sh /etc/update-motd.d/00-header,/,benign,,1778300598.857,41005,attack_window,20260508_212317_basic_enum_YrdGDI,20260508_212317_suid_exec_dns_vandalism_9o1sm3,recon,yes,0,/usr/bin/dash,/etc/update-motd.d/00-header,/etc/update-motd.d/00-header|/bin/sh|/lib64/ld-linux-x86-64.so.2,0,0,1001,24446,24445,(none),127
2.378129,recon/basic_enum,suid_exec,execve,exec,uname,uname -o,uname -o,/,benign,,1778300598.859,41006,attack_window,20260508_212317_basic_enum_YrdGDI,20260508_212317_suid_exec_dns_vandalism_9o1sm3,recon,yes,0,/usr/bin/uname,/usr/bin/uname,/usr/bin/uname|/lib64/ld-linux-x86-64.so.2,0,0,1001,24447,24446,(none),127
2.381129,recon/basic_enum,suid_exec,execve,exec,uname,uname -r,uname -r,/,benign,,1778300598.862,41007,attack_window,20260508_212317_basic_enum_YrdGDI,20260508_212317_suid_exec_dns_vandalism_9o1sm3,recon,yes,0,/usr/bin/uname,/usr/bin/uname,/usr/bin/uname|/lib64/ld-linux-x86-64.so.2,0,0,1001,24448,24446,(none),127
2.382129,recon/basic_enum,suid_exec,execve,exec,uname,uname -m,uname -m,/,benign,,1778300598.863,41008,attack_window,20260508_212317_basic_enum_YrdGDI,20260508_212317_suid_exec_dns_vandalism_9o1sm3,recon,yes,0,/usr/bin/uname,/usr/bin/uname,/usr/bin/uname|/lib64/ld-linux-x86-64.so.2,0,0,1001,24449,24446,(none),127
2.383129,recon/basic_enum,suid_exec,execve,exec,10-help-text,/bin/sh /etc/update-motd.d/10-help-text,/bin/sh /etc/update-motd.d/10-help-text,/,benign,,1778300598.864,41009,attack_window,20260508_212317_basic_enum_YrdGDI,20260508_212317_suid_exec_dns_vandalism_9o1sm3,recon,yes,0,/usr/bin/dash,/etc/update-motd.d/10-help-text,/etc/update-motd.d/10-help-text|/bin/sh|/lib64/ld-linux-x86-64.so.2,0,0,1001,24450,24445,(none),127
2.384129,recon/basic_enum,suid_exec,execve,exec,50-landscape-sy,/bin/sh /etc/update-motd.d/50-landscape-sysinfo,/bin/sh /etc/update-motd.d/50-landscape-sysinfo,/,benign,,1778300598.865,41010,attack_window,20260508_212317_basic_enum_YrdGDI,20260508_212317_suid_exec_dns_vandalism_9o1sm3,recon,yes,0,/usr/bin/dash,/etc/update-motd.d/50-landscape-sysinfo,/etc/update-motd.d/50-landscape-sysinfo|/bin/sh|/lib64/ld-linux-x86-64.so.2,0,0,1001,24451,24445,(none),127
2.385129,recon/basic_enum,suid_exec,execve,exec,find,find /var/lib/landscape/landscape-sysinfo.cache -newermt now-1 minutes,find /var/lib/landscape/landscape-sysinfo.cache -newermt now-1 minutes,/,benign,,1778300598.866,41011,attack_window,20260508_212317_basic_enum_YrdGDI,20260508_212317_suid_exec_dns_vandalism_9o1sm3,recon,yes,0,/usr/bin/find,/usr/bin/find,/usr/bin/find|/lib64/ld-linux-x86-64.so.2,0,0,1001,24452,24451,(none),127
2.386129,recon/basic_enum,suid_exec,execve,exec,cat,cat /var/lib/landscape/landscape-sysinfo.cache,cat /var/lib/landscape/landscape-sysinfo.cache,/,benign,,1778300598.867,41012,attack_window,20260508_212317_basic_enum_YrdGDI,20260508_212317_suid_exec_dns_vandalism_9o1sm3,recon,yes,0,/usr/bin/cat,/usr/bin/cat,/usr/bin/cat|/lib64/ld-linux-x86-64.so.2,0,0,1001,24453,24451,(none),127
2.387129,recon/basic_enum,suid_exec,execve,exec,50-motd-news,/bin/sh /etc/update-motd.d/50-motd-news,/bin/sh /etc/update-motd.d/50-motd-news,/,benign,,1778300598.868,41013,attack_window,20260508_212317_basic_enum_YrdGDI,20260508_212317_suid_exec_dns_vandalism_9o1sm3,recon,yes,0,/usr/bin/dash,/etc/update-motd.d/50-motd-news,/etc/update-motd.d/50-motd-news|/bin/sh|/lib64/ld-linux-x86-64.so.2,0,0,1001,24454,24445,(none),127
2.388129,recon/basic_enum,suid_exec,execve,exec,head,head -n 10,head -n 10,/,benign,,1778300598.869,41014,attack_window,20260508_212317_basic_enum_YrdGDI,20260508_212317_suid_exec_dns_vandalism_9o1sm3,recon,yes,0,/usr/bin/head,/usr/bin/head,/usr/bin/head|/lib64/ld-linux-x86-64.so.2,0,0,1001,24456,24454,(none),127
2.388129,recon/basic_enum,suid_exec,execve,exec,cat,cat /var/cache/motd-news,cat /var/cache/motd-news,/,benign,,1778300598.869,41015,attack_window,20260508_212317_basic_enum_YrdGDI,20260508_212317_suid_exec_dns_vandalism_9o1sm3,recon,yes,0,/usr/bin/cat,/usr/bin/cat,/usr/bin/cat|/lib64/ld-linux-x86-64.so.2,0,0,1001,24455,24454,(none),127
2.389129,recon/basic_enum,suid_exec,execve,exec,tr,tr -d \000-\011\013\014\016-\037,tr -d \000-\011\013\014\016-\037,/,benign,,1778300598.870,41016,attack_window,20260508_212317_basic_enum_YrdGDI,20260508_212317_suid_exec_dns_vandalism_9o1sm3,recon,yes,0,/usr/bin/tr,/usr/bin/tr,/usr/bin/tr|/lib64/ld-linux-x86-64.so.2,0,0,1001,24457,24454,(none),127
2.390129,recon/basic_enum,suid_exec,execve,exec,cut,cut -c -80,cut -c -80,/,benign,,1778300598.871,41017,attack_window,20260508_212317_basic_enum_YrdGDI,20260508_212317_suid_exec_dns_vandalism_9o1sm3,recon,yes,0,/usr/bin/cut,/usr/bin/cut,/usr/bin/cut|/lib64/ld-linux-x86-64.so.2,0,0,1001,24458,24454,(none),127
2.393129,recon/basic_enum,suid_exec,execve,exec,85-fwupd,/bin/sh /etc/update-motd.d/85-fwupd,/bin/sh /etc/update-motd.d/85-fwupd,/,benign,,1778300598.874,41018,attack_window,20260508_212317_basic_enum_YrdGDI,20260508_212317_suid_exec_dns_vandalism_9o1sm3,recon,yes,0,/usr/bin/dash,/etc/update-motd.d/85-fwupd,/etc/update-motd.d/85-fwupd|/bin/sh|/lib64/ld-linux-x86-64.so.2,0,0,1001,24459,24445,(none),127
2.394129,recon/basic_enum,suid_exec,execve,exec,cat,cat /run/motd.d/85-fwupd,cat /run/motd.d/85-fwupd,/,benign,,1778300598.875,41019,attack_window,20260508_212317_basic_enum_YrdGDI,20260508_212317_suid_exec_dns_vandalism_9o1sm3,recon,yes,0,/usr/bin/cat,/usr/bin/cat,/usr/bin/cat|/lib64/ld-linux-x86-64.so.2,0,0,1001,24460,24459,(none),127
2.395129,recon/basic_enum,suid_exec,execve,exec,90-updates-avai,/bin/sh /etc/update-motd.d/90-updates-available,/bin/sh /etc/update-motd.d/90-updates-available,/,benign,,1778300598.876,41020,attack_window,20260508_212317_basic_enum_YrdGDI,20260508_212317_suid_exec_dns_vandalism_9o1sm3,recon,yes,0,/usr/bin/dash,/etc/update-motd.d/90-updates-available,/etc/update-motd.d/90-updates-available|/bin/sh|/lib64/ld-linux-x86-64.so.2,0,0,1001,24461,24445,(none),127
2.395129,recon/basic_enum,suid_exec,execve,exec,cat,cat /var/lib/update-notifier/updates-available,cat /var/lib/update-notifier/updates-available,/,benign,,1778300598.876,41021,attack_window,20260508_212317_basic_enum_YrdGDI,20260508_212317_suid_exec_dns_vandalism_9o1sm3,recon,yes,0,/usr/bin/cat,/usr/bin/cat,/usr/bin/cat|/lib64/ld-linux-x86-64.so.2,0,0,1001,24462,24461,(none),127
2.396129,recon/basic_enum,suid_exec,execve,exec,find,find /var/lib/update-notifier/updates-available -newermt now-7 days,find /var/lib/update-notifier/updates-available -newermt now-7 days,/,benign,,1778300598.877,41022,attack_window,20260508_212317_basic_enum_YrdGDI,20260508_212317_suid_exec_dns_vandalism_9o1sm3,recon,yes,0,/usr/bin/find,/usr/bin/find,/usr/bin/find|/lib64/ld-linux-x86-64.so.2,0,0,1001,24463,24461,(none),127
2.397129,recon/basic_enum,suid_exec,execve,exec,grep,grep -q -m 1 .,grep -q -m 1 .,/,benign,,1778300598.878,41023,attack_window,20260508_212317_basic_enum_YrdGDI,20260508_212317_suid_exec_dns_vandalism_9o1sm3,recon,yes,0,/usr/bin/grep,/usr/bin/grep,/usr/bin/grep|/lib64/ld-linux-x86-64.so.2,0,0,1001,24464,24461,(none),127
2.398129,recon/basic_enum,suid_exec,execve,exec,91-contract-ua-,/bin/sh /etc/update-motd.d/91-contract-ua-esm-status,/bin/sh /etc/update-motd.d/91-contract-ua-esm-status,/,benign,,1778300598.879,41024,attack_window,20260508_212317_basic_enum_YrdGDI,20260508_212317_suid_exec_dns_vandalism_9o1sm3,recon,yes,0,/usr/bin/dash,/etc/update-motd.d/91-contract-ua-esm-status,/etc/update-motd.d/91-contract-ua-esm-status|/bin/sh|/lib64/ld-linux-x86-64.so.2,0,0,1001,24465,24445,(none),127
2.400129,recon/basic_enum,suid_exec,execve,exec,91-release-upgr,/bin/sh /etc/update-motd.d/91-release-upgrade,/bin/sh /etc/update-motd.d/91-release-upgrade,/,benign,,1778300598.881,41025,attack_window,20260508_212317_basic_enum_YrdGDI,20260508_212317_suid_exec_dns_vandalism_9o1sm3,recon,yes,0,/usr/bin/dash,/etc/update-motd.d/91-release-upgrade,/etc/update-motd.d/91-release-upgrade|/bin/sh|/lib64/ld-linux-x86-64.so.2,0,0,1001,24466,24445,(none),127
2.402129,recon/basic_enum,suid_exec,execve,exec,cut,cut -d -f4,cut -d -f4,/,benign,,1778300598.883,41026,attack_window,20260508_212317_basic_enum_YrdGDI,20260508_212317_suid_exec_dns_vandalism_9o1sm3,recon,yes,0,/usr/bin/cut,/usr/bin/cut,/usr/bin/cut|/lib64/ld-linux-x86-64.so.2,0,0,1001,24469,24467,(none),127
2.403129,recon/basic_enum,suid_exec,execve,exec,id,id -u,id -u,/,benign,,1778300598.884,41027,attack_window,20260508_212317_basic_enum_YrdGDI,20260508_212317_suid_exec_dns_vandalism_9o1sm3,recon,yes,0,/usr/bin/id,/usr/bin/id,/usr/bin/id|/lib64/ld-linux-x86-64.so.2,0,0,1001,24470,24466,(none),127
2.403129,recon/basic_enum,suid_exec,execve,exec,release-upgrade,/bin/sh -e /usr/lib/ubuntu-release-upgrader/release-upgrade-motd,/bin/sh /etc/update-motd.d/91-release-upgrade,/,benign,,1778300598.884,41028,attack_window,20260508_212317_basic_enum_YrdGDI,20260508_212317_suid_exec_dns_vandalism_9o1sm3,recon,yes,0,/usr/bin/dash,/usr/lib/ubuntu-release-upgrader/release-upgrade-motd,/usr/lib/ubuntu-release-upgrader/release-upgrade-motd|/bin/sh|/lib64/ld-linux-x86-64.so.2,0,0,1001,24466,24445,(none),127
2.405129,recon/basic_enum,suid_exec,execve,exec,date,date +%s,date +%s,/,benign,,1778300598.886,41029,attack_window,20260508_212317_basic_enum_YrdGDI,20260508_212317_suid_exec_dns_vandalism_9o1sm3,recon,yes,0,/usr/bin/date,/usr/bin/date,/usr/bin/date|/lib64/ld-linux-x86-64.so.2,0,0,1001,24471,24466,(none),127
2.406129,recon/basic_enum,suid_exec,execve,exec,stat,stat -c %Y /var/lib/ubuntu-release-upgrader/release-upgrade-available,stat -c %Y /var/lib/ubuntu-release-upgrader/release-upgrade-available,/,benign,,1778300598.887,41030,attack_window,20260508_212317_basic_enum_YrdGDI,20260508_212317_suid_exec_dns_vandalism_9o1sm3,recon,yes,0,/usr/bin/stat,/usr/bin/stat,/usr/bin/stat|/lib64/ld-linux-x86-64.so.2,0,0,1001,24472,24466,(none),127
2.407129,recon/basic_enum,suid_exec,execve,exec,expr,expr 1778282941 + 86400,expr 1778282941 + 86400,/,benign,,1778300598.888,41031,attack_window,20260508_212317_basic_enum_YrdGDI,20260508_212317_suid_exec_dns_vandalism_9o1sm3,recon,yes,0,/usr/bin/expr,/usr/bin/expr,/usr/bin/expr|/lib64/ld-linux-x86-64.so.2,0,0,1001,24473,24466,(none),127
2.409129,recon/basic_enum,suid_exec,execve,exec,92-unattended-u,/bin/sh /etc/update-motd.d/92-unattended-upgrades,/bin/sh /etc/update-motd.d/92-unattended-upgrades,/,benign,,1778300598.890,41032,attack_window,20260508_212317_basic_enum_YrdGDI,20260508_212317_suid_exec_dns_vandalism_9o1sm3,recon,yes,0,/usr/bin/dash,/etc/update-motd.d/92-unattended-upgrades,/etc/update-motd.d/92-unattended-upgrades|/bin/sh|/lib64/ld-linux-x86-64.so.2,0,0,1001,24474,24445,(none),127
2.410129,recon/basic_enum,suid_exec,execve,exec,update-motd-una,/bin/sh /usr/share/unattended-upgrades/update-motd-unattended-upgrades,/bin/sh /etc/update-motd.d/92-unattended-upgrades,/,benign,,1778300598.891,41033,attack_window,20260508_212317_basic_enum_YrdGDI,20260508_212317_suid_exec_dns_vandalism_9o1sm3,recon,yes,0,/usr/bin/dash,/usr/share/unattended-upgrades/update-motd-unattended-upgrades,/usr/share/unattended-upgrades/update-motd-unattended-upgrades|/bin/sh|/lib64/ld-linux-x86-64.so.2,0,0,1001,24474,24445,(none),127
2.410129,recon/basic_enum,suid_exec,execve,exec,95-hwe-eol,/bin/sh /etc/update-motd.d/95-hwe-eol,/bin/sh /etc/update-motd.d/95-hwe-eol,/,benign,,1778300598.891,41034,attack_window,20260508_212317_basic_enum_YrdGDI,20260508_212317_suid_exec_dns_vandalism_9o1sm3,recon,yes,0,/usr/bin/dash,/etc/update-motd.d/95-hwe-eol,/etc/update-motd.d/95-hwe-eol|/bin/sh|/lib64/ld-linux-x86-64.so.2,0,0,1001,24475,24445,(none),127
2.411129,recon/basic_enum,suid_exec,execve,exec,find,find /var/lib/update-notifier/hwe-eol -newermt now-1 days,find /var/lib/update-notifier/hwe-eol -newermt now-1 days,/,benign,,1778300598.892,41035,attack_window,20260508_212317_basic_enum_YrdGDI,20260508_212317_suid_exec_dns_vandalism_9o1sm3,recon,yes,0,/usr/bin/find,/usr/bin/find,/usr/bin/find|/lib64/ld-linux-x86-64.so.2,0,0,1001,24476,24475,(none),127
2.412129,recon/basic_enum,suid_exec,execve,exec,97-overlayroot,/bin/sh /etc/update-motd.d/97-overlayroot,/bin/sh /etc/update-motd.d/97-overlayroot,/,benign,,1778300598.893,41036,attack_window,20260508_212317_basic_enum_YrdGDI,20260508_212317_suid_exec_dns_vandalism_9o1sm3,recon,yes,0,/usr/bin/dash,/etc/update-motd.d/97-overlayroot,/etc/update-motd.d/97-overlayroot|/bin/sh|/lib64/ld-linux-x86-64.so.2,0,0,1001,24477,24445,(none),127
2.414129,recon/basic_enum,suid_exec,execve,exec,egrep,/bin/sh /usr/bin/egrep overlayroot|/media/root-ro|/media/root-rw /proc/mounts,/bin/sh /usr/bin/egrep overlayroot|/media/root-ro|/media/root-rw /proc/mounts,/,benign,,1778300598.895,41037,attack_window,20260508_212317_basic_enum_YrdGDI,20260508_212317_suid_exec_dns_vandalism_9o1sm3,recon,yes,0,/usr/bin/dash,/usr/bin/egrep,/usr/bin/egrep|/bin/sh|/lib64/ld-linux-x86-64.so.2,0,0,1001,24479,24478,(none),127
2.415129,recon/basic_enum,suid_exec,execve,exec,sort,sort -r,sort -r,/,benign,,1778300598.896,41038,attack_window,20260508_212317_basic_enum_YrdGDI,20260508_212317_suid_exec_dns_vandalism_9o1sm3,recon,yes,0,/usr/bin/sort,/usr/bin/sort,/usr/bin/sort|/lib64/ld-linux-x86-64.so.2,0,0,1001,24480,24478,(none),127
2.416129,recon/basic_enum,suid_exec,execve,exec,egrep,,/bin/sh /usr/bin/egrep overlayroot|/media/root-ro|/media/root-rw /proc/mounts,/,benign,,1778300598.897,41039,attack_window,20260508_212317_basic_enum_YrdGDI,20260508_212317_suid_exec_dns_vandalism_9o1sm3,recon,no,-2,/usr/bin/dash,/usr/local/sbin/grep,/usr/local/sbin/grep,0,0,1001,24479,24478,(none),127
2.416129,recon/basic_enum,suid_exec,execve,exec,egrep,,/bin/sh /usr/bin/egrep overlayroot|/media/root-ro|/media/root-rw /proc/mounts,/,benign,,1778300598.897,41040,attack_window,20260508_212317_basic_enum_YrdGDI,20260508_212317_suid_exec_dns_vandalism_9o1sm3,recon,no,-2,/usr/bin/dash,/usr/local/bin/grep,/usr/local/bin/grep,0,0,1001,24479,24478,(none),127
2.416129,recon/basic_enum,suid_exec,execve,exec,egrep,,/bin/sh /usr/bin/egrep overlayroot|/media/root-ro|/media/root-rw /proc/mounts,/,benign,,1778300598.897,41041,attack_window,20260508_212317_basic_enum_YrdGDI,20260508_212317_suid_exec_dns_vandalism_9o1sm3,recon,no,-2,/usr/bin/dash,/usr/sbin/grep,/usr/sbin/grep,0,0,1001,24479,24478,(none),127
2.416129,recon/basic_enum,suid_exec,execve,exec,grep,grep -E overlayroot|/media/root-ro|/media/root-rw /proc/mounts,/bin/sh /usr/bin/egrep overlayroot|/media/root-ro|/media/root-rw /proc/mounts,/,benign,,1778300598.897,41042,attack_window,20260508_212317_basic_enum_YrdGDI,20260508_212317_suid_exec_dns_vandalism_9o1sm3,recon,yes,0,/usr/bin/grep,/usr/bin/grep,/usr/bin/grep|/lib64/ld-linux-x86-64.so.2,0,0,1001,24479,24478,(none),127
2.417129,recon/basic_enum,suid_exec,execve,exec,98-fsck-at-rebo,/bin/sh /etc/update-motd.d/98-fsck-at-reboot,/bin/sh /etc/update-motd.d/98-fsck-at-reboot,/,benign,,1778300598.898,41043,attack_window,20260508_212317_basic_enum_YrdGDI,20260508_212317_suid_exec_dns_vandalism_9o1sm3,recon,yes,0,/usr/bin/dash,/etc/update-motd.d/98-fsck-at-reboot,/etc/update-motd.d/98-fsck-at-reboot|/bin/sh|/lib64/ld-linux-x86-64.so.2,0,0,1001,24481,24445,(none),127
2.418129,recon/basic_enum,suid_exec,execve,exec,update-motd-fsc,/bin/sh /usr/lib/update-notifier/update-motd-fsck-at-reboot,/bin/sh /etc/update-motd.d/98-fsck-at-reboot,/,benign,,1778300598.899,41044,attack_window,20260508_212317_basic_enum_YrdGDI,20260508_212317_suid_exec_dns_vandalism_9o1sm3,recon,yes,0,/usr/bin/dash,/usr/lib/update-notifier/update-motd-fsck-at-reboot,/usr/lib/update-notifier/update-motd-fsck-at-reboot|/bin/sh|/lib64/ld-linux-x86-64.so.2,0,0,1001,24481,24445,(none),127
2.419129,recon/basic_enum,suid_exec,execve,exec,id,id -u,id -u,/,benign,,1778300598.900,41045,attack_window,20260508_212317_basic_enum_YrdGDI,20260508_212317_suid_exec_dns_vandalism_9o1sm3,recon,yes,0,/usr/bin/id,/usr/bin/id,/usr/bin/id|/lib64/ld-linux-x86-64.so.2,0,0,1001,24482,24481,(none),127
2.420129,recon/basic_enum,suid_exec,execve,exec,stat,stat -c %Y /var/lib/update-notifier/fsck-at-reboot,stat -c %Y /var/lib/update-notifier/fsck-at-reboot,/,benign,,1778300598.901,41046,attack_window,20260508_212317_basic_enum_YrdGDI,20260508_212317_suid_exec_dns_vandalism_9o1sm3,recon,yes,0,/usr/bin/stat,/usr/bin/stat,/usr/bin/stat|/lib64/ld-linux-x86-64.so.2,0,0,1001,24483,24481,(none),127
2.421129,recon/basic_enum,suid_exec,execve,exec,awk,awk {print $1} /proc/uptime,awk {print $1} /proc/uptime,/,benign,,1778300598.902,41047,attack_window,20260508_212317_basic_enum_YrdGDI,20260508_212317_suid_exec_dns_vandalism_9o1sm3,recon,yes,0,/usr/bin/gawk,/usr/bin/awk,/usr/bin/awk|/lib64/ld-linux-x86-64.so.2,0,0,1001,24485,24484,(none),127
2.423129,recon/basic_enum,suid_exec,execve,exec,date,date -d now - 2845.25 seconds +%s,date -d now - 2845.25 seconds +%s,/,benign,,1778300598.904,41048,attack_window,20260508_212317_basic_enum_YrdGDI,20260508_212317_suid_exec_dns_vandalism_9o1sm3,recon,yes,0,/usr/bin/date,/usr/bin/date,/usr/bin/date|/lib64/ld-linux-x86-64.so.2,0,0,1001,24484,24481,(none),127
2.424129,recon/basic_enum,suid_exec,execve,exec,date,date +%s,date +%s,/,benign,,1778300598.905,41049,attack_window,20260508_212317_basic_enum_YrdGDI,20260508_212317_suid_exec_dns_vandalism_9o1sm3,recon,yes,0,/usr/bin/date,/usr/bin/date,/usr/bin/date|/lib64/ld-linux-x86-64.so.2,0,0,1001,24486,24481,(none),127
2.424129,recon/basic_enum,suid_exec,execve,exec,cat,cat /var/lib/update-notifier/fsck-at-reboot,cat /var/lib/update-notifier/fsck-at-reboot,/,benign,,1778300598.905,41050,attack_window,20260508_212317_basic_enum_YrdGDI,20260508_212317_suid_exec_dns_vandalism_9o1sm3,recon,yes,0,/usr/bin/cat,/usr/bin/cat,/usr/bin/cat|/lib64/ld-linux-x86-64.so.2,0,0,1001,24487,24481,(none),127
2.426129,recon/basic_enum,suid_exec,execve,exec,98-reboot-requi,/bin/sh /etc/update-motd.d/98-reboot-required,/bin/sh /etc/update-motd.d/98-reboot-required,/,benign,,1778300598.907,41051,attack_window,20260508_212317_basic_enum_YrdGDI,20260508_212317_suid_exec_dns_vandalism_9o1sm3,recon,yes,0,/usr/bin/dash,/etc/update-motd.d/98-reboot-required,/etc/update-motd.d/98-reboot-required|/bin/sh|/lib64/ld-linux-x86-64.so.2,0,0,1001,24488,24445,(none),127
2.426129,recon/basic_enum,suid_exec,execve,exec,update-motd-reb,/bin/sh -e /usr/lib/update-notifier/update-motd-reboot-required,/bin/sh /etc/update-motd.d/98-reboot-required,/,benign,,1778300598.907,41052,attack_window,20260508_212317_basic_enum_YrdGDI,20260508_212317_suid_exec_dns_vandalism_9o1sm3,recon,yes,0,/usr/bin/dash,/usr/lib/update-notifier/update-motd-reboot-required,/usr/lib/update-notifier/update-motd-reboot-required|/bin/sh|/lib64/ld-linux-x86-64.so.2,0,0,1001,24488,24445,(none),127
2.428129,recon/basic_enum,suid_exec,rename,file_destroy,sshd,,/usr/sbin/sshd -D -R,/,benign,,1778300598.909,41053,attack_window,20260508_212317_basic_enum_YrdGDI,20260508_212317_suid_exec_dns_vandalism_9o1sm3,recon,yes,0,/usr/sbin/sshd,/run/,/run/|/run/motd.dynamic.new|/run/motd.dynamic,0,0,1001,24442,21008,(none),127
2.428129,recon/basic_enum,suid_exec,connect,network_connect,sshd,,/usr/sbin/sshd -D -R,/,benign,,1778300598.909,41054,attack_window,20260508_212317_basic_enum_YrdGDI,20260508_212317_suid_exec_dns_vandalism_9o1sm3,recon,yes,0,/usr/sbin/sshd,/run/systemd/userdb/io.systemd.DynamicUser,/run/systemd/userdb/io.systemd.DynamicUser,0,0,1001,24442,21008,(none),127
2.428129,recon/basic_enum,suid_exec,connect,network_connect,sshd,,/usr/sbin/sshd -D -R,/,benign,,1778300598.909,41055,attack_window,20260508_212317_basic_enum_YrdGDI,20260508_212317_suid_exec_dns_vandalism_9o1sm3,recon,yes,0,/usr/sbin/sshd,/run/systemd/userdb/io.systemd.DynamicUser,/run/systemd/userdb/io.systemd.DynamicUser,0,0,1001,24442,21008,(none),127
2.428129,recon/basic_enum,suid_exec,connect,network_connect,sshd,,/usr/sbin/sshd -D -R,/,benign,,1778300598.909,41056,attack_window,20260508_212317_basic_enum_YrdGDI,20260508_212317_suid_exec_dns_vandalism_9o1sm3,recon,yes,0,/usr/sbin/sshd,/run/systemd/userdb/io.systemd.DynamicUser,/run/systemd/userdb/io.systemd.DynamicUser,0,0,1001,24442,21008,(none),127
2.429129,recon/basic_enum,suid_exec,connect,network_connect,sshd,,/usr/sbin/sshd -D -R,/,benign,,1778300598.910,41057,attack_window,20260508_212317_basic_enum_YrdGDI,20260508_212317_suid_exec_dns_vandalism_9o1sm3,recon,yes,0,/usr/sbin/sshd,/run/systemd/userdb/io.systemd.DynamicUser,/run/systemd/userdb/io.systemd.DynamicUser,0,0,1001,24442,21008,(none),127
2.430129,recon/basic_enum,suid_exec,connect,network_connect,sshd,,/usr/sbin/sshd -D -R,/,benign,,1778300598.911,41058,attack_window,20260508_212317_basic_enum_YrdGDI,20260508_212317_suid_exec_dns_vandalism_9o1sm3,recon,yes,0,/usr/sbin/sshd,/run/systemd/userdb/io.systemd.DynamicUser,/run/systemd/userdb/io.systemd.DynamicUser,0,0,1001,24442,21008,(none),127
2.430129,recon/basic_enum,suid_exec,,,,,,,ambiguous,,1778300598.911,41059,attack_window,20260508_212317_basic_enum_YrdGDI,20260508_212317_suid_exec_dns_vandalism_9o1sm3,recon,,,,,,,,,,,,
2.430129,recon/basic_enum,suid_exec,setgid,privilege_transition,sshd,,sshd: deploy-rkejw [priv],,benign,,1778300598.911,41060,attack_window,20260508_212317_basic_enum_YrdGDI,20260508_212317_suid_exec_dns_vandalism_9o1sm3,recon,yes,0,/usr/sbin/sshd,,,0,0,1001,24489,24442,(none),127
2.431129,recon/basic_enum,suid_exec,connect,network_connect,sshd,,sshd: deploy-rkejw [priv],/,benign,,1778300598.912,41061,attack_window,20260508_212317_basic_enum_YrdGDI,20260508_212317_suid_exec_dns_vandalism_9o1sm3,recon,yes,0,/usr/sbin/sshd,/run/systemd/userdb/io.systemd.DynamicUser,/run/systemd/userdb/io.systemd.DynamicUser,0,0,1001,24489,24442,(none),127
2.431129,recon/basic_enum,suid_exec,connect,network_connect,sshd,,sshd: deploy-rkejw [priv],/,benign,,1778300598.912,41062,attack_window,20260508_212317_basic_enum_YrdGDI,20260508_212317_suid_exec_dns_vandalism_9o1sm3,recon,yes,0,/usr/sbin/sshd,/run/systemd/userdb/io.systemd.DynamicUser,/run/systemd/userdb/io.systemd.DynamicUser,0,0,1001,24489,24442,(none),127
2.431129,recon/basic_enum,suid_exec,126,privilege_transition,sshd,,sshd: deploy-rkejw [priv],,benign,,1778300598.912,41063,attack_window,20260508_212317_basic_enum_YrdGDI,20260508_212317_suid_exec_dns_vandalism_9o1sm3,recon,yes,0,/usr/sbin/sshd,,,0,0,1001,24489,24442,(none),127
2.431129,recon/basic_enum,suid_exec,,,,,,,ambiguous,,1778300598.912,41064,attack_window,20260508_212317_basic_enum_YrdGDI,20260508_212317_suid_exec_dns_vandalism_9o1sm3,recon,,,,,,,,,,,,
2.431129,recon/basic_enum,suid_exec,setresgid,privilege_transition,sshd,,sshd: deploy-rkejw [priv],,benign,,1778300598.912,41065,attack_window,20260508_212317_basic_enum_YrdGDI,20260508_212317_suid_exec_dns_vandalism_9o1sm3,recon,yes,0,/usr/sbin/sshd,,,0,0,1001,24489,24442,(none),127
2.431129,recon/basic_enum,suid_exec,setresuid,privilege_transition,sshd,,sshd: deploy-rkejw [priv],,benign,,1778300598.912,41066,attack_window,20260508_212317_basic_enum_YrdGDI,20260508_212317_suid_exec_dns_vandalism_9o1sm3,recon,yes,0,/usr/sbin/sshd,,,1001,1001,1001,24489,24442,(none),127
2.431129,recon/basic_enum,suid_exec,setuid,privilege_transition,sshd,,sshd: deploy-rkejw [priv],,benign,,1778300598.912,41067,attack_window,20260508_212317_basic_enum_YrdGDI,20260508_212317_suid_exec_dns_vandalism_9o1sm3,recon,no,-1,/usr/sbin/sshd,,,1001,1001,1001,24489,24442,(none),127
2.431129,recon/basic_enum,suid_exec,setresuid,privilege_transition,sshd,,sshd: deploy-rkejw [priv],,benign,,1778300598.912,41068,attack_window,20260508_212317_basic_enum_YrdGDI,20260508_212317_suid_exec_dns_vandalism_9o1sm3,recon,no,-1,/usr/sbin/sshd,,,1001,1001,1001,24489,24442,(none),127
2.482129,recon/basic_enum,suid_exec,execve,shell_exec,bash,bash -c chmod +x /dev/shm/aegis_20260508_212317_basic_enum_YrdGDI/aegis_suid_exec_20260508_212317_basic_enum_YrdGDI.sh /dev/shm/aegis_20260508_212317_basic_enum_YrdGDI/aegis_suid_exec_20260508_212317_basic_enum_YrdGDI_setuid.py && timeout 45 /usr/sbin/chroot / /usr/lib/openssh/ssh-keygen -p -c 'python3 /dev/shm/aegis_20260508_212317_basic_enum_YrdGDI/aegis_suid_exec_20260508_212317_basic_enum_YrdGDI_setuid.py /bin/bash /dev/shm/aegis_20260508_212317_basic_enum_YrdGDI/aegis_suid_exec_20260508_212...,bash -c chmod +x /dev/shm/aegis_20260508_212317_basic_enum_YrdGDI/aegis_suid_exec_20260508_212317_basic_enum_YrdGDI.sh /dev/shm/,/home/deploy-rkejw,benign,,1778300598.963,41069,attack_window,20260508_212317_basic_enum_YrdGDI,20260508_212317_suid_exec_dns_vandalism_9o1sm3,recon,yes,0,/usr/bin/bash,/bin/bash,/bin/bash|/lib64/ld-linux-x86-64.so.2,1001,1001,1001,24490,24489,(none),127
2.484129,recon/basic_enum,suid_exec,execve,exec,chmod,chmod +x /dev/shm/aegis_20260508_212317_basic_enum_YrdGDI/aegis_suid_exec_20260508_212317_basic_enum_YrdGDI.sh /dev/shm/aegis_20260508_212317_basic_enum_YrdGDI/aegis_suid_exec_20260508_212317_basic_enum_YrdGDI_setuid.py,chmod +x /dev/shm/aegis_20260508_212317_basic_enum_YrdGDI/aegis_suid_exec_20260508_212317_basic_enum_YrdGDI.sh /dev/shm/aegis_20,/home/deploy-rkejw,benign,,1778300598.965,41070,attack_window,20260508_212317_basic_enum_YrdGDI,20260508_212317_suid_exec_dns_vandalism_9o1sm3,recon,yes,0,/usr/bin/chmod,/usr/bin/chmod,/usr/bin/chmod|/lib64/ld-linux-x86-64.so.2,1001,1001,1001,24491,24490,(none),127
2.484129,recon/basic_enum,suid_exec,fchmodat,tmp_activity,chmod,,chmod +x /dev/shm/aegis_20260508_212317_basic_enum_YrdGDI/aegis_suid_exec_20260508_212317_basic_enum_YrdGDI.sh /dev/shm/aegis_20,/home/deploy-rkejw,benign,,1778300598.965,41071,attack_window,20260508_212317_basic_enum_YrdGDI,20260508_212317_suid_exec_dns_vandalism_9o1sm3,recon,yes,0,/usr/bin/chmod,/dev/shm/aegis_20260508_212317_basic_enum_YrdGDI/aegis_suid_exec_20260508_212317_basic_enum_YrdGDI.sh,/dev/shm/aegis_20260508_212317_basic_enum_YrdGDI/aegis_suid_exec_20260508_212317_basic_enum_YrdGDI.sh,1001,1001,1001,24491,24490,(none),127
2.484129,recon/basic_enum,suid_exec,fchmodat,tmp_activity,chmod,,chmod +x /dev/shm/aegis_20260508_212317_basic_enum_YrdGDI/aegis_suid_exec_20260508_212317_basic_enum_YrdGDI.sh /dev/shm/aegis_20,/home/deploy-rkejw,benign,,1778300598.965,41072,attack_window,20260508_212317_basic_enum_YrdGDI,20260508_212317_suid_exec_dns_vandalism_9o1sm3,recon,yes,0,/usr/bin/chmod,/dev/shm/aegis_20260508_212317_basic_enum_YrdGDI/aegis_suid_exec_20260508_212317_basic_enum_YrdGDI_setuid.py,/dev/shm/aegis_20260508_212317_basic_enum_YrdGDI/aegis_suid_exec_20260508_212317_basic_enum_YrdGDI_setuid.py,1001,1001,1001,24491,24490,(none),127
2.485129,recon/basic_enum,suid_exec,execve,exec,timeout,timeout E /usr/sbin/chroot / /usr/lib/openssh/ssh-keygen -p -c python3 /dev/shm/aegis_20260508_212317_basic_enum_YrdGDI/aegis_suid_exec_20260508_212317_basic_enum_YrdGDI_setuid.py /bin/bash /dev/shm/aegis_20260508_212317_basic_enum_YrdGDI/aegis_suid_exec_20260508_212317_basic_enum_YrdGDI.sh,bash -c chmod +x /dev/shm/aegis_20260508_212317_basic_enum_YrdGDI/aegis_suid_exec_20260508_212317_basic_enum_YrdGDI.sh /dev/shm/,/home/deploy-rkejw,benign,,1778300598.966,41073,attack_window,20260508_212317_basic_enum_YrdGDI,20260508_212317_suid_exec_dns_vandalism_9o1sm3,recon,yes,0,/usr/bin/timeout,/usr/bin/timeout,/usr/bin/timeout|/lib64/ld-linux-x86-64.so.2,1001,1001,1001,24490,24489,(none),127
2.486129,recon/basic_enum,suid_exec,execve,exec,chroot,/usr/sbin/chroot / /usr/lib/openssh/ssh-keygen -p -c python3 /dev/shm/aegis_20260508_212317_basic_enum_YrdGDI/aegis_suid_exec_20260508_212317_basic_enum_YrdGDI_setuid.py /bin/bash /dev/shm/aegis_20260508_212317_basic_enum_YrdGDI/aegis_suid_exec_20260508_212317_basic_enum_YrdGDI.sh,/usr/sbin/chroot / /usr/lib/openssh/ssh-keygen -p -c python3 /dev/shm/aegis_20260508_212317_basic_enum_YrdGDI/aegis_suid_exec_20,/home/deploy-rkejw,benign,,1778300598.967,41074,attack_window,20260508_212317_basic_enum_YrdGDI,20260508_212317_suid_exec_dns_vandalism_9o1sm3,recon,yes,0,/usr/sbin/chroot,/usr/sbin/chroot,/usr/sbin/chroot|/lib64/ld-linux-x86-64.so.2,1001,0,1001,24492,24490,(none),127
2.488129,recon/basic_enum,suid_exec,execve,exec,ssh-keygen,/usr/lib/openssh/ssh-keygen -p -c python3 /dev/shm/aegis_20260508_212317_basic_enum_YrdGDI/aegis_suid_exec_20260508_212317_basic_enum_YrdGDI_setuid.py /bin/bash /dev/shm/aegis_20260508_212317_basic_enum_YrdGDI/aegis_suid_exec_20260508_212317_basic_enum_YrdGDI.sh,/usr/sbin/chroot / /usr/lib/openssh/ssh-keygen -p -c python3 /dev/shm/aegis_20260508_212317_basic_enum_YrdGDI/aegis_suid_exec_20,/,benign,,1778300598.969,41075,attack_window,20260508_212317_basic_enum_YrdGDI,20260508_212317_suid_exec_dns_vandalism_9o1sm3,recon,yes,0,/usr/lib/openssh/ssh-keygen,/usr/lib/openssh/ssh-keygen,/usr/lib/openssh/ssh-keygen|/lib64/ld-linux-x86-64.so.2,1001,0,1001,24492,24490,(none),127
2.489129,recon/basic_enum,suid_exec,execve,exec,python3,python3 /dev/shm/aegis_20260508_212317_basic_enum_YrdGDI/aegis_suid_exec_20260508_212317_basic_enum_YrdGDI_setuid.py /bin/bash /dev/shm/aegis_20260508_212317_basic_enum_YrdGDI/aegis_suid_exec_20260508_212317_basic_enum_YrdGDI.sh,/usr/sbin/chroot / /usr/lib/openssh/ssh-keygen -p -c python3 /dev/shm/aegis_20260508_212317_basic_enum_YrdGDI/aegis_suid_exec_20,/,benign,,1778300598.970,41076,attack_window,20260508_212317_basic_enum_YrdGDI,20260508_212317_suid_exec_dns_vandalism_9o1sm3,recon,yes,0,/usr/bin/python3.12,/usr/bin/python3,/usr/bin/python3|/lib64/ld-linux-x86-64.so.2,1001,0,1001,24492,24490,(none),127
2.497129,recon/basic_enum,suid_exec,setgid,privilege_transition,python3,,/usr/sbin/chroot / /usr/lib/openssh/ssh-keygen -p -c python3 /dev/shm/aegis_20260508_212317_basic_enum_YrdGDI/aegis_suid_exec_20,,benign,,1778300598.978,41077,attack_window,20260508_212317_basic_enum_YrdGDI,20260508_212317_suid_exec_dns_vandalism_9o1sm3,recon,yes,0,/usr/bin/python3.12,,,1001,0,1001,24492,24490,(none),127
2.498129,recon/basic_enum,suid_exec,setuid,privilege_transition,python3,,/usr/sbin/chroot / /usr/lib/openssh/ssh-keygen -p -c python3 /dev/shm/aegis_20260508_212317_basic_enum_YrdGDI/aegis_suid_exec_20,,benign,,1778300598.979,41078,attack_window,20260508_212317_basic_enum_YrdGDI,20260508_212317_suid_exec_dns_vandalism_9o1sm3,recon,yes,0,/usr/bin/python3.12,,,0,0,1001,24492,24490,(none),127
2.498129,recon/basic_enum,suid_exec,execve,shell_exec,bash,/bin/bash /dev/shm/aegis_20260508_212317_basic_enum_YrdGDI/aegis_suid_exec_20260508_212317_basic_enum_YrdGDI.sh,/usr/sbin/chroot / /usr/lib/openssh/ssh-keygen -p -c python3 /dev/shm/aegis_20260508_212317_basic_enum_YrdGDI/aegis_suid_exec_20,/,benign,,1778300598.979,41079,attack_window,20260508_212317_basic_enum_YrdGDI,20260508_212317_suid_exec_dns_vandalism_9o1sm3,recon,yes,0,/usr/bin/bash,/bin/bash,/bin/bash|/lib64/ld-linux-x86-64.so.2,0,0,1001,24492,24490,(none),127
2.499129,recon/basic_enum,suid_exec,execve,exec,cat,cat,cat,/,benign,,1778300598.980,41080,attack_window,20260508_212317_basic_enum_YrdGDI,20260508_212317_suid_exec_dns_vandalism_9o1sm3,recon,yes,0,/usr/bin/cat,/usr/bin/cat,/usr/bin/cat|/lib64/ld-linux-x86-64.so.2,0,0,1001,24494,24493,(none),127
2.500129,recon/basic_enum,suid_exec,execve,exec,cat,cat,cat,/,benign,,1778300598.981,41081,attack_window,20260508_212317_basic_enum_YrdGDI,20260508_212317_suid_exec_dns_vandalism_9o1sm3,recon,yes,0,/usr/bin/cat,/usr/bin/cat,/usr/bin/cat|/lib64/ld-linux-x86-64.so.2,0,0,1001,24496,24495,(none),127
2.502129,recon/basic_enum,suid_exec,execve,exec,cat,cat,cat,/,benign,,1778300598.983,41082,attack_window,20260508_212317_basic_enum_YrdGDI,20260508_212317_suid_exec_dns_vandalism_9o1sm3,recon,yes,0,/usr/bin/cat,/usr/bin/cat,/usr/bin/cat|/lib64/ld-linux-x86-64.so.2,0,0,1001,24498,24497,(none),127
2.503129,recon/basic_enum,suid_exec,execve,exec,cat,cat,cat,/,benign,,1778300598.984,41083,attack_window,20260508_212317_basic_enum_YrdGDI,20260508_212317_suid_exec_dns_vandalism_9o1sm3,recon,yes,0,/usr/bin/cat,/usr/bin/cat,/usr/bin/cat|/lib64/ld-linux-x86-64.so.2,0,0,1001,24500,24499,(none),127
2.505129,recon/basic_enum,suid_exec,execve,exec,cat,cat,cat,/,benign,,1778300598.986,41084,attack_window,20260508_212317_basic_enum_YrdGDI,20260508_212317_suid_exec_dns_vandalism_9o1sm3,recon,yes,0,/usr/bin/cat,/usr/bin/cat,/usr/bin/cat|/lib64/ld-linux-x86-64.so.2,0,0,1001,24502,24501,(none),127
2.507129,recon/basic_enum,suid_exec,execve,exec,cat,cat,cat,/,benign,,1778300598.988,41085,attack_window,20260508_212317_basic_enum_YrdGDI,20260508_212317_suid_exec_dns_vandalism_9o1sm3,recon,yes,0,/usr/bin/cat,/usr/bin/cat,/usr/bin/cat|/lib64/ld-linux-x86-64.so.2,0,0,1001,24504,24503,(none),127
2.508129,recon/basic_enum,suid_exec,execve,exec,dirname,dirname /dev/shm/aegis_20260508_212317_basic_enum_YrdGDI/metadata.txt,dirname /dev/shm/aegis_20260508_212317_basic_enum_YrdGDI/metadata.txt,/,benign,,1778300598.989,41086,attack_window,20260508_212317_basic_enum_YrdGDI,20260508_212317_suid_exec_dns_vandalism_9o1sm3,recon,yes,0,/usr/bin/dirname,/usr/bin/dirname,/usr/bin/dirname|/lib64/ld-linux-x86-64.so.2,0,0,1001,24505,24492,(none),127
2.509129,recon/basic_enum,suid_exec,execve,exec,mkdir,mkdir -p /dev/shm/aegis_20260508_212317_basic_enum_YrdGDI,mkdir -p /dev/shm/aegis_20260508_212317_basic_enum_YrdGDI,/,benign,,1778300598.990,41087,attack_window,20260508_212317_basic_enum_YrdGDI,20260508_212317_suid_exec_dns_vandalism_9o1sm3,recon,yes,0,/usr/bin/mkdir,/usr/bin/mkdir,/usr/bin/mkdir|/lib64/ld-linux-x86-64.so.2,0,0,1001,24506,24492,(none),127
2.510129,recon/basic_enum,suid_exec,mkdir,tmp_activity,mkdir,,mkdir -p /dev/shm/aegis_20260508_212317_basic_enum_YrdGDI,/dev/shm,benign,,1778300598.991,41088,attack_window,20260508_212317_basic_enum_YrdGDI,20260508_212317_suid_exec_dns_vandalism_9o1sm3,recon,no,-17,/usr/bin/mkdir,/dev/shm,/dev/shm,0,0,1001,24506,24492,(none),127
2.510129,recon/basic_enum,suid_exec,execve,exec,dirname,dirname /dev/shm/aegis_20260508_212317_basic_enum_YrdGDI/metadata.json,dirname /dev/shm/aegis_20260508_212317_basic_enum_YrdGDI/metadata.json,/,benign,,1778300598.991,41089,attack_window,20260508_212317_basic_enum_YrdGDI,20260508_212317_suid_exec_dns_vandalism_9o1sm3,recon,yes,0,/usr/bin/dirname,/usr/bin/dirname,/usr/bin/dirname|/lib64/ld-linux-x86-64.so.2,0,0,1001,24507,24492,(none),127
2.511129,recon/basic_enum,suid_exec,execve,exec,mkdir,mkdir -p /dev/shm/aegis_20260508_212317_basic_enum_YrdGDI,mkdir -p /dev/shm/aegis_20260508_212317_basic_enum_YrdGDI,/,benign,,1778300598.992,41090,attack_window,20260508_212317_basic_enum_YrdGDI,20260508_212317_suid_exec_dns_vandalism_9o1sm3,recon,yes,0,/usr/bin/mkdir,/usr/bin/mkdir,/usr/bin/mkdir|/lib64/ld-linux-x86-64.so.2,0,0,1001,24508,24492,(none),127
2.512129,recon/basic_enum,suid_exec,mkdir,tmp_activity,mkdir,,mkdir -p /dev/shm/aegis_20260508_212317_basic_enum_YrdGDI,/dev/shm,benign,,1778300598.993,41091,attack_window,20260508_212317_basic_enum_YrdGDI,20260508_212317_suid_exec_dns_vandalism_9o1sm3,recon,no,-17,/usr/bin/mkdir,/dev/shm,/dev/shm,0,0,1001,24508,24492,(none),127
2.512129,recon/basic_enum,suid_exec,openat,tmp_activity,bash,,/usr/sbin/chroot / /usr/lib/openssh/ssh-keygen -p -c python3 /dev/shm/aegis_20260508_212317_basic_enum_YrdGDI/aegis_suid_exec_20,/,benign,,1778300598.993,41092,attack_window,20260508_212317_basic_enum_YrdGDI,20260508_212317_suid_exec_dns_vandalism_9o1sm3,recon,yes,3,/usr/bin/bash,/dev/shm/aegis_20260508_212317_basic_enum_YrdGDI/,/dev/shm/aegis_20260508_212317_basic_enum_YrdGDI/|/dev/shm/aegis_20260508_212317_basic_enum_YrdGDI/metadata.txt,0,0,1001,24492,24490,(none),127
2.513129,recon/basic_enum,suid_exec,openat,tmp_activity,bash,,/usr/sbin/chroot / /usr/lib/openssh/ssh-keygen -p -c python3 /dev/shm/aegis_20260508_212317_basic_enum_YrdGDI/aegis_suid_exec_20,/,benign,,1778300598.994,41093,attack_window,20260508_212317_basic_enum_YrdGDI,20260508_212317_suid_exec_dns_vandalism_9o1sm3,recon,yes,3,/usr/bin/bash,/dev/shm/aegis_20260508_212317_basic_enum_YrdGDI/,/dev/shm/aegis_20260508_212317_basic_enum_YrdGDI/|/dev/shm/aegis_20260508_212317_basic_enum_YrdGDI/metadata.json,0,0,1001,24492,24490,(none),127
2.513129,recon/basic_enum,suid_exec,openat,tmp_activity,bash,,/usr/sbin/chroot / /usr/lib/openssh/ssh-keygen -p -c python3 /dev/shm/aegis_20260508_212317_basic_enum_YrdGDI/aegis_suid_exec_20,/,benign,,1778300598.994,41094,attack_window,20260508_212317_basic_enum_YrdGDI,20260508_212317_suid_exec_dns_vandalism_9o1sm3,recon,yes,3,/usr/bin/bash,/dev/shm/aegis_20260508_212317_basic_enum_YrdGDI/,/dev/shm/aegis_20260508_212317_basic_enum_YrdGDI/|/dev/shm/aegis_20260508_212317_basic_enum_YrdGDI/metadata.json,0,0,1001,24492,24490,(none),127
2.513129,recon/basic_enum,suid_exec,openat,tmp_activity,bash,,/usr/sbin/chroot / /usr/lib/openssh/ssh-keygen -p -c python3 /dev/shm/aegis_20260508_212317_basic_enum_YrdGDI/aegis_suid_exec_20,/,benign,,1778300598.994,41095,attack_window,20260508_212317_basic_enum_YrdGDI,20260508_212317_suid_exec_dns_vandalism_9o1sm3,recon,yes,3,/usr/bin/bash,/dev/shm/aegis_20260508_212317_basic_enum_YrdGDI/,/dev/shm/aegis_20260508_212317_basic_enum_YrdGDI/|/dev/shm/aegis_20260508_212317_basic_enum_YrdGDI/metadata.txt,0,0,1001,24492,24490,(none),127
2.513129,recon/basic_enum,suid_exec,openat,tmp_activity,bash,,/usr/sbin/chroot / /usr/lib/openssh/ssh-keygen -p -c python3 /dev/shm/aegis_20260508_212317_basic_enum_YrdGDI/aegis_suid_exec_20,/,benign,,1778300598.994,41096,attack_window,20260508_212317_basic_enum_YrdGDI,20260508_212317_suid_exec_dns_vandalism_9o1sm3,recon,yes,3,/usr/bin/bash,/dev/shm/aegis_20260508_212317_basic_enum_YrdGDI/,/dev/shm/aegis_20260508_212317_basic_enum_YrdGDI/|/dev/shm/aegis_20260508_212317_basic_enum_YrdGDI/metadata.json,0,0,1001,24492,24490,(none),127
2.513129,recon/basic_enum,suid_exec,openat,tmp_activity,bash,,/usr/sbin/chroot / /usr/lib/openssh/ssh-keygen -p -c python3 /dev/shm/aegis_20260508_212317_basic_enum_YrdGDI/aegis_suid_exec_20,/,benign,,1778300598.994,41097,attack_window,20260508_212317_basic_enum_YrdGDI,20260508_212317_suid_exec_dns_vandalism_9o1sm3,recon,yes,3,/usr/bin/bash,/dev/shm/aegis_20260508_212317_basic_enum_YrdGDI/,/dev/shm/aegis_20260508_212317_basic_enum_YrdGDI/|/dev/shm/aegis_20260508_212317_basic_enum_YrdGDI/metadata.txt,0,0,1001,24492,24490,(none),127
2.514129,recon/basic_enum,suid_exec,openat,tmp_activity,bash,,/usr/sbin/chroot / /usr/lib/openssh/ssh-keygen -p -c python3 /dev/shm/aegis_20260508_212317_basic_enum_YrdGDI/aegis_suid_exec_20,/,benign,,1778300598.995,41098,attack_window,20260508_212317_basic_enum_YrdGDI,20260508_212317_suid_exec_dns_vandalism_9o1sm3,recon,yes,3,/usr/bin/bash,/dev/shm/aegis_20260508_212317_basic_enum_YrdGDI/,/dev/shm/aegis_20260508_212317_basic_enum_YrdGDI/|/dev/shm/aegis_20260508_212317_basic_enum_YrdGDI/metadata.json,0,0,1001,24492,24490,(none),127
2.514129,recon/basic_enum,suid_exec,openat,tmp_activity,bash,,/usr/sbin/chroot / /usr/lib/openssh/ssh-keygen -p -c python3 /dev/shm/aegis_20260508_212317_basic_enum_YrdGDI/aegis_suid_exec_20,/,benign,,1778300598.995,41099,attack_window,20260508_212317_basic_enum_YrdGDI,20260508_212317_suid_exec_dns_vandalism_9o1sm3,recon,yes,3,/usr/bin/bash,/dev/shm/aegis_20260508_212317_basic_enum_YrdGDI/,/dev/shm/aegis_20260508_212317_basic_enum_YrdGDI/|/dev/shm/aegis_20260508_212317_basic_enum_YrdGDI/metadata.txt,0,0,1001,24492,24490,(none),127
2.514129,recon/basic_enum,suid_exec,openat,tmp_activity,bash,,/usr/sbin/chroot / /usr/lib/openssh/ssh-keygen -p -c python3 /dev/shm/aegis_20260508_212317_basic_enum_YrdGDI/aegis_suid_exec_20,/,benign,,1778300598.995,41100,attack_window,20260508_212317_basic_enum_YrdGDI,20260508_212317_suid_exec_dns_vandalism_9o1sm3,recon,yes,3,/usr/bin/bash,/dev/shm/aegis_20260508_212317_basic_enum_YrdGDI/,/dev/shm/aegis_20260508_212317_basic_enum_YrdGDI/|/dev/shm/aegis_20260508_212317_basic_enum_YrdGDI/metadata.json,0,0,1001,24492,24490,(none),127
2.514129,recon/basic_enum,suid_exec,openat,tmp_activity,bash,,/usr/sbin/chroot / /usr/lib/openssh/ssh-keygen -p -c python3 /dev/shm/aegis_20260508_212317_basic_enum_YrdGDI/aegis_suid_exec_20,/,benign,,1778300598.995,41101,attack_window,20260508_212317_basic_enum_YrdGDI,20260508_212317_suid_exec_dns_vandalism_9o1sm3,recon,yes,3,/usr/bin/bash,/dev/shm/aegis_20260508_212317_basic_enum_YrdGDI/,/dev/shm/aegis_20260508_212317_basic_enum_YrdGDI/|/dev/shm/aegis_20260508_212317_basic_enum_YrdGDI/metadata.txt,0,0,1001,24492,24490,(none),127
2.516129,recon/basic_enum,suid_exec,openat,tmp_activity,bash,,/usr/sbin/chroot / /usr/lib/openssh/ssh-keygen -p -c python3 /dev/shm/aegis_20260508_212317_basic_enum_YrdGDI/aegis_suid_exec_20,/,benign,,1778300598.997,41102,attack_window,20260508_212317_basic_enum_YrdGDI,20260508_212317_suid_exec_dns_vandalism_9o1sm3,recon,yes,3,/usr/bin/bash,/dev/shm/aegis_20260508_212317_basic_enum_YrdGDI/,/dev/shm/aegis_20260508_212317_basic_enum_YrdGDI/|/dev/shm/aegis_20260508_212317_basic_enum_YrdGDI/metadata.json,0,0,1001,24492,24490,(none),127
2.516129,recon/basic_enum,suid_exec,openat,tmp_activity,bash,,/usr/sbin/chroot / /usr/lib/openssh/ssh-keygen -p -c python3 /dev/shm/aegis_20260508_212317_basic_enum_YrdGDI/aegis_suid_exec_20,/,benign,,1778300598.997,41103,attack_window,20260508_212317_basic_enum_YrdGDI,20260508_212317_suid_exec_dns_vandalism_9o1sm3,recon,yes,3,/usr/bin/bash,/dev/shm/aegis_20260508_212317_basic_enum_YrdGDI/,/dev/shm/aegis_20260508_212317_basic_enum_YrdGDI/|/dev/shm/aegis_20260508_212317_basic_enum_YrdGDI/metadata.txt,0,0,1001,24492,24490,(none),127
2.516129,recon/basic_enum,suid_exec,openat,tmp_activity,bash,,/usr/sbin/chroot / /usr/lib/openssh/ssh-keygen -p -c python3 /dev/shm/aegis_20260508_212317_basic_enum_YrdGDI/aegis_suid_exec_20,/,benign,,1778300598.997,41104,attack_window,20260508_212317_basic_enum_YrdGDI,20260508_212317_suid_exec_dns_vandalism_9o1sm3,recon,yes,3,/usr/bin/bash,/dev/shm/aegis_20260508_212317_basic_enum_YrdGDI/,/dev/shm/aegis_20260508_212317_basic_enum_YrdGDI/|/dev/shm/aegis_20260508_212317_basic_enum_YrdGDI/metadata.json,0,0,1001,24492,24490,(none),127
2.516129,recon/basic_enum,suid_exec,openat,tmp_activity,bash,,/usr/sbin/chroot / /usr/lib/openssh/ssh-keygen -p -c python3 /dev/shm/aegis_20260508_212317_basic_enum_YrdGDI/aegis_suid_exec_20,/,benign,,1778300598.997,41105,attack_window,20260508_212317_basic_enum_YrdGDI,20260508_212317_suid_exec_dns_vandalism_9o1sm3,recon,yes,3,/usr/bin/bash,/dev/shm/aegis_20260508_212317_basic_enum_YrdGDI/,/dev/shm/aegis_20260508_212317_basic_enum_YrdGDI/|/dev/shm/aegis_20260508_212317_basic_enum_YrdGDI/metadata.txt,0,0,1001,24492,24490,(none),127
2.517129,recon/basic_enum,suid_exec,openat,tmp_activity,bash,,/usr/sbin/chroot / /usr/lib/openssh/ssh-keygen -p -c python3 /dev/shm/aegis_20260508_212317_basic_enum_YrdGDI/aegis_suid_exec_20,/,benign,,1778300598.998,41106,attack_window,20260508_212317_basic_enum_YrdGDI,20260508_212317_suid_exec_dns_vandalism_9o1sm3,recon,yes,3,/usr/bin/bash,/dev/shm/aegis_20260508_212317_basic_enum_YrdGDI/,/dev/shm/aegis_20260508_212317_basic_enum_YrdGDI/|/dev/shm/aegis_20260508_212317_basic_enum_YrdGDI/metadata.json,0,0,1001,24492,24490,(none),127
2.517129,recon/basic_enum,suid_exec,execve,exec,whoami,whoami,whoami,/,benign,,1778300598.998,41107,attack_window,20260508_212317_basic_enum_YrdGDI,20260508_212317_suid_exec_dns_vandalism_9o1sm3,recon,yes,0,/usr/bin/whoami,/usr/bin/whoami,/usr/bin/whoami|/lib64/ld-linux-x86-64.so.2,0,0,1001,24521,24492,(none),127
2.519129,recon/basic_enum,suid_exec,connect,network_connect,whoami,,whoami,/,benign,,1778300599.000,41108,attack_window,20260508_212317_basic_enum_YrdGDI,20260508_212317_suid_exec_dns_vandalism_9o1sm3,recon,no,-2,/usr/bin/whoami,/var/run/nscd/socket,/var/run/nscd/socket,0,0,1001,24521,24492,(none),127
2.519129,recon/basic_enum,suid_exec,connect,network_connect,whoami,,whoami,/,benign,,1778300599.000,41109,attack_window,20260508_212317_basic_enum_YrdGDI,20260508_212317_suid_exec_dns_vandalism_9o1sm3,recon,no,-2,/usr/bin/whoami,/var/run/nscd/socket,/var/run/nscd/socket,0,0,1001,24521,24492,(none),127
2.519129,recon/basic_enum,suid_exec,execve,exec,id,id,id,/,benign,,1778300599.000,41110,attack_window,20260508_212317_basic_enum_YrdGDI,20260508_212317_suid_exec_dns_vandalism_9o1sm3,recon,yes,0,/usr/bin/id,/usr/bin/id,/usr/bin/id|/lib64/ld-linux-x86-64.so.2,0,0,1001,24522,24492,(none),127
2.520129,recon/basic_enum,suid_exec,connect,network_connect,id,,id,/,benign,,1778300599.001,41111,attack_window,20260508_212317_basic_enum_YrdGDI,20260508_212317_suid_exec_dns_vandalism_9o1sm3,recon,no,-2,/usr/bin/id,/var/run/nscd/socket,/var/run/nscd/socket,0,0,1001,24522,24492,(none),127
2.520129,recon/basic_enum,suid_exec,connect,network_connect,id,,id,/,benign,,1778300599.001,41112,attack_window,20260508_212317_basic_enum_YrdGDI,20260508_212317_suid_exec_dns_vandalism_9o1sm3,recon,no,-2,/usr/bin/id,/var/run/nscd/socket,/var/run/nscd/socket,0,0,1001,24522,24492,(none),127
2.520129,recon/basic_enum,suid_exec,connect,network_connect,id,,id,/,benign,,1778300599.001,41113,attack_window,20260508_212317_basic_enum_YrdGDI,20260508_212317_suid_exec_dns_vandalism_9o1sm3,recon,no,-2,/usr/bin/id,/var/run/nscd/socket,/var/run/nscd/socket,0,0,1001,24522,24492,(none),127
2.520129,recon/basic_enum,suid_exec,connect,network_connect,id,,id,/,benign,,1778300599.001,41114,attack_window,20260508_212317_basic_enum_YrdGDI,20260508_212317_suid_exec_dns_vandalism_9o1sm3,recon,no,-2,/usr/bin/id,/var/run/nscd/socket,/var/run/nscd/socket,0,0,1001,24522,24492,(none),127
2.521129,recon/basic_enum,suid_exec,execve,exec,groups,groups,groups,/,benign,,1778300599.002,41115,attack_window,20260508_212317_basic_enum_YrdGDI,20260508_212317_suid_exec_dns_vandalism_9o1sm3,recon,yes,0,/usr/bin/groups,/usr/bin/groups,/usr/bin/groups|/lib64/ld-linux-x86-64.so.2,0,0,1001,24523,24492,(none),127
2.522129,recon/basic_enum,suid_exec,connect,network_connect,groups,,groups,/,benign,,1778300599.003,41116,attack_window,20260508_212317_basic_enum_YrdGDI,20260508_212317_suid_exec_dns_vandalism_9o1sm3,recon,no,-2,/usr/bin/groups,/var/run/nscd/socket,/var/run/nscd/socket,0,0,1001,24523,24492,(none),127
2.522129,recon/basic_enum,suid_exec,connect,network_connect,groups,,groups,/,benign,,1778300599.003,41117,attack_window,20260508_212317_basic_enum_YrdGDI,20260508_212317_suid_exec_dns_vandalism_9o1sm3,recon,no,-2,/usr/bin/groups,/var/run/nscd/socket,/var/run/nscd/socket,0,0,1001,24523,24492,(none),127
2.523129,recon/basic_enum,suid_exec,execve,exec,hostname,hostname,hostname,/,benign,,1778300599.004,41118,attack_window,20260508_212317_basic_enum_YrdGDI,20260508_212317_suid_exec_dns_vandalism_9o1sm3,recon,yes,0,/usr/bin/hostname,/usr/bin/hostname,/usr/bin/hostname|/lib64/ld-linux-x86-64.so.2,0,0,1001,24524,24492,(none),127
2.524129,recon/basic_enum,suid_exec,execve,exec,uname,uname -a,uname -a,/,benign,,1778300599.005,41119,attack_window,20260508_212317_basic_enum_YrdGDI,20260508_212317_suid_exec_dns_vandalism_9o1sm3,recon,yes,0,/usr/bin/uname,/usr/bin/uname,/usr/bin/uname|/lib64/ld-linux-x86-64.so.2,0,0,1001,24525,24492,(none),127
2.526129,recon/basic_enum,suid_exec,execve,exec,cat,cat /etc/os-release,cat /etc/os-release,/,benign,,1778300599.007,41120,attack_window,20260508_212317_basic_enum_YrdGDI,20260508_212317_suid_exec_dns_vandalism_9o1sm3,recon,yes,0,/usr/bin/cat,/usr/bin/cat,/usr/bin/cat|/lib64/ld-linux-x86-64.so.2,0,0,1001,24526,24492,(none),127
2.527129,recon/basic_enum,suid_exec,execve,exec,ls,ls -la .,ls -la .,/,benign,,1778300599.008,41121,attack_window,20260508_212317_basic_enum_YrdGDI,20260508_212317_suid_exec_dns_vandalism_9o1sm3,recon,yes,0,/usr/bin/ls,/usr/bin/ls,/usr/bin/ls|/lib64/ld-linux-x86-64.so.2,0,0,1001,24527,24492,(none),127
2.528129,recon/basic_enum,suid_exec,connect,network_connect,ls,,ls -la .,/,benign,,1778300599.009,41122,attack_window,20260508_212317_basic_enum_YrdGDI,20260508_212317_suid_exec_dns_vandalism_9o1sm3,recon,no,-2,/usr/bin/ls,/var/run/nscd/socket,/var/run/nscd/socket,0,0,1001,24527,24492,(none),127
2.528129,recon/basic_enum,suid_exec,connect,network_connect,ls,,ls -la .,/,benign,,1778300599.009,41123,attack_window,20260508_212317_basic_enum_YrdGDI,20260508_212317_suid_exec_dns_vandalism_9o1sm3,recon,no,-2,/usr/bin/ls,/var/run/nscd/socket,/var/run/nscd/socket,0,0,1001,24527,24492,(none),127
2.528129,recon/basic_enum,suid_exec,connect,network_connect,ls,,ls -la .,/,benign,,1778300599.009,41124,attack_window,20260508_212317_basic_enum_YrdGDI,20260508_212317_suid_exec_dns_vandalism_9o1sm3,recon,no,-2,/usr/bin/ls,/var/run/nscd/socket,/var/run/nscd/socket,0,0,1001,24527,24492,(none),127
2.528129,recon/basic_enum,suid_exec,connect,network_connect,ls,,ls -la .,/,benign,,1778300599.009,41125,attack_window,20260508_212317_basic_enum_YrdGDI,20260508_212317_suid_exec_dns_vandalism_9o1sm3,recon,no,-2,/usr/bin/ls,/var/run/nscd/socket,/var/run/nscd/socket,0,0,1001,24527,24492,(none),127
2.531129,recon/basic_enum,suid_exec,execve,shell_exec,bash,bash -lc ls -la /home,bash -lc ls -la /home,/,benign,,1778300599.012,41126,attack_window,20260508_212317_basic_enum_YrdGDI,20260508_212317_suid_exec_dns_vandalism_9o1sm3,recon,yes,0,/usr/bin/bash,/usr/bin/bash,/usr/bin/bash|/lib64/ld-linux-x86-64.so.2,0,0,1001,24528,24492,(none),127
2.532129,recon/basic_enum,suid_exec,execve,exec,locale-check,/usr/bin/locale-check C.UTF-8,/usr/bin/locale-check C.UTF-8,/,benign,,1778300599.013,41127,attack_window,20260508_212317_basic_enum_YrdGDI,20260508_212317_suid_exec_dns_vandalism_9o1sm3,recon,yes,0,/usr/bin/locale-check,/usr/bin/locale-check,/usr/bin/locale-check|/lib64/ld-linux-x86-64.so.2,0,0,1001,24529,24528,(none),127
2.534129,recon/basic_enum,suid_exec,execve,exec,locale,locale,locale,/,benign,,1778300599.015,41128,attack_window,20260508_212317_basic_enum_YrdGDI,20260508_212317_suid_exec_dns_vandalism_9o1sm3,recon,yes,0,/usr/bin/locale,/usr/bin/locale,/usr/bin/locale|/lib64/ld-linux-x86-64.so.2,0,0,1001,24530,24528,(none),127
2.538129,recon/basic_enum,suid_exec,execve,exec,ls,ls -la /home,bash -lc ls -la /home,/,benign,,1778300599.019,41129,attack_window,20260508_212317_basic_enum_YrdGDI,20260508_212317_suid_exec_dns_vandalism_9o1sm3,recon,yes,0,/usr/bin/ls,/usr/bin/ls,/usr/bin/ls|/lib64/ld-linux-x86-64.so.2,0,0,1001,24528,24492,(none),127
2.539129,recon/basic_enum,suid_exec,connect,network_connect,ls,,bash -lc ls -la /home,/,benign,,1778300599.020,41130,attack_window,20260508_212317_basic_enum_YrdGDI,20260508_212317_suid_exec_dns_vandalism_9o1sm3,recon,no,-2,/usr/bin/ls,/var/run/nscd/socket,/var/run/nscd/socket,0,0,1001,24528,24492,(none),127
2.539129,recon/basic_enum,suid_exec,connect,network_connect,ls,,bash -lc ls -la /home,/,benign,,1778300599.020,41131,attack_window,20260508_212317_basic_enum_YrdGDI,20260508_212317_suid_exec_dns_vandalism_9o1sm3,recon,no,-2,/usr/bin/ls,/var/run/nscd/socket,/var/run/nscd/socket,0,0,1001,24528,24492,(none),127
2.539129,recon/basic_enum,suid_exec,connect,network_connect,ls,,bash -lc ls -la /home,/,benign,,1778300599.020,41132,attack_window,20260508_212317_basic_enum_YrdGDI,20260508_212317_suid_exec_dns_vandalism_9o1sm3,recon,no,-2,/usr/bin/ls,/var/run/nscd/socket,/var/run/nscd/socket,0,0,1001,24528,24492,(none),127
2.539129,recon/basic_enum,suid_exec,connect,network_connect,ls,,bash -lc ls -la /home,/,benign,,1778300599.020,41133,attack_window,20260508_212317_basic_enum_YrdGDI,20260508_212317_suid_exec_dns_vandalism_9o1sm3,recon,no,-2,/usr/bin/ls,/var/run/nscd/socket,/var/run/nscd/socket,0,0,1001,24528,24492,(none),127
2.539129,recon/basic_enum,suid_exec,execve,shell_exec,bash,bash -lc ls -la /home,bash -lc ls -la /home,/,benign,,1778300599.020,41134,attack_window,20260508_212317_basic_enum_YrdGDI,20260508_212317_suid_exec_dns_vandalism_9o1sm3,recon,yes,0,/usr/bin/bash,/usr/bin/bash,/usr/bin/bash|/lib64/ld-linux-x86-64.so.2,0,0,1001,24532,24492,(none),127
2.540129,recon/basic_enum,suid_exec,execve,exec,locale-check,/usr/bin/locale-check C.UTF-8,/usr/bin/locale-check C.UTF-8,/,benign,,1778300599.021,41135,attack_window,20260508_212317_basic_enum_YrdGDI,20260508_212317_suid_exec_dns_vandalism_9o1sm3,recon,yes,0,/usr/bin/locale-check,/usr/bin/locale-check,/usr/bin/locale-check|/lib64/ld-linux-x86-64.so.2,0,0,1001,24533,24532,(none),127
2.542129,recon/basic_enum,suid_exec,execve,exec,locale,locale,locale,/,benign,,1778300599.023,41136,attack_window,20260508_212317_basic_enum_YrdGDI,20260508_212317_suid_exec_dns_vandalism_9o1sm3,recon,yes,0,/usr/bin/locale,/usr/bin/locale,/usr/bin/locale|/lib64/ld-linux-x86-64.so.2,0,0,1001,24534,24532,(none),127
2.544129,recon/basic_enum,suid_exec,execve,exec,ls,ls -la /home,bash -lc ls -la /home,/,benign,,1778300599.025,41137,attack_window,20260508_212317_basic_enum_YrdGDI,20260508_212317_suid_exec_dns_vandalism_9o1sm3,recon,yes,0,/usr/bin/ls,/usr/bin/ls,/usr/bin/ls|/lib64/ld-linux-x86-64.so.2,0,0,1001,24532,24492,(none),127
2.545129,recon/basic_enum,suid_exec,connect,network_connect,ls,,bash -lc ls -la /home,/,benign,,1778300599.026,41138,attack_window,20260508_212317_basic_enum_YrdGDI,20260508_212317_suid_exec_dns_vandalism_9o1sm3,recon,no,-2,/usr/bin/ls,/var/run/nscd/socket,/var/run/nscd/socket,0,0,1001,24532,24492,(none),127
2.545129,recon/basic_enum,suid_exec,connect,network_connect,ls,,bash -lc ls -la /home,/,benign,,1778300599.026,41139,attack_window,20260508_212317_basic_enum_YrdGDI,20260508_212317_suid_exec_dns_vandalism_9o1sm3,recon,no,-2,/usr/bin/ls,/var/run/nscd/socket,/var/run/nscd/socket,0,0,1001,24532,24492,(none),127
2.545129,recon/basic_enum,suid_exec,connect,network_connect,ls,,bash -lc ls -la /home,/,benign,,1778300599.026,41140,attack_window,20260508_212317_basic_enum_YrdGDI,20260508_212317_suid_exec_dns_vandalism_9o1sm3,recon,no,-2,/usr/bin/ls,/var/run/nscd/socket,/var/run/nscd/socket,0,0,1001,24532,24492,(none),127
2.545129,recon/basic_enum,suid_exec,connect,network_connect,ls,,bash -lc ls -la /home,/,benign,,1778300599.026,41141,attack_window,20260508_212317_basic_enum_YrdGDI,20260508_212317_suid_exec_dns_vandalism_9o1sm3,recon,no,-2,/usr/bin/ls,/var/run/nscd/socket,/var/run/nscd/socket,0,0,1001,24532,24492,(none),127
2.547129,recon/basic_enum,suid_exec,execve,shell_exec,bash,bash -lc cat /etc/passwd,bash -lc cat /etc/passwd,/,benign,,1778300599.028,41142,attack_window,20260508_212317_basic_enum_YrdGDI,20260508_212317_suid_exec_dns_vandalism_9o1sm3,recon,yes,0,/usr/bin/bash,/usr/bin/bash,/usr/bin/bash|/lib64/ld-linux-x86-64.so.2,0,0,1001,24536,24492,(none),127
2.548129,recon/basic_enum,suid_exec,execve,exec,locale-check,/usr/bin/locale-check C.UTF-8,/usr/bin/locale-check C.UTF-8,/,benign,,1778300599.029,41143,attack_window,20260508_212317_basic_enum_YrdGDI,20260508_212317_suid_exec_dns_vandalism_9o1sm3,recon,yes,0,/usr/bin/locale-check,/usr/bin/locale-check,/usr/bin/locale-check|/lib64/ld-linux-x86-64.so.2,0,0,1001,24537,24536,(none),127
2.549129,recon/basic_enum,suid_exec,execve,exec,locale,locale,locale,/,benign,,1778300599.030,41144,attack_window,20260508_212317_basic_enum_YrdGDI,20260508_212317_suid_exec_dns_vandalism_9o1sm3,recon,yes,0,/usr/bin/locale,/usr/bin/locale,/usr/bin/locale|/lib64/ld-linux-x86-64.so.2,0,0,1001,24538,24536,(none),127
2.552129,recon/basic_enum,suid_exec,execve,exec,cat,cat /etc/passwd,bash -lc cat /etc/passwd,/,benign,,1778300599.033,41145,attack_window,20260508_212317_basic_enum_YrdGDI,20260508_212317_suid_exec_dns_vandalism_9o1sm3,recon,yes,0,/usr/bin/cat,/usr/bin/cat,/usr/bin/cat|/lib64/ld-linux-x86-64.so.2,0,0,1001,24536,24492,(none),127
2.553129,recon/basic_enum,suid_exec,execve,shell_exec,bash,bash -lc cat /etc/passwd,bash -lc cat /etc/passwd,/,benign,,1778300599.034,41146,attack_window,20260508_212317_basic_enum_YrdGDI,20260508_212317_suid_exec_dns_vandalism_9o1sm3,recon,yes,0,/usr/bin/bash,/usr/bin/bash,/usr/bin/bash|/lib64/ld-linux-x86-64.so.2,0,0,1001,24540,24492,(none),127
2.554129,recon/basic_enum,suid_exec,execve,exec,locale-check,/usr/bin/locale-check C.UTF-8,/usr/bin/locale-check C.UTF-8,/,benign,,1778300599.035,41147,attack_window,20260508_212317_basic_enum_YrdGDI,20260508_212317_suid_exec_dns_vandalism_9o1sm3,recon,yes,0,/usr/bin/locale-check,/usr/bin/locale-check,/usr/bin/locale-check|/lib64/ld-linux-x86-64.so.2,0,0,1001,24541,24540,(none),127
2.555129,recon/basic_enum,suid_exec,execve,exec,locale,locale,locale,/,benign,,1778300599.036,41148,attack_window,20260508_212317_basic_enum_YrdGDI,20260508_212317_suid_exec_dns_vandalism_9o1sm3,recon,yes,0,/usr/bin/locale,/usr/bin/locale,/usr/bin/locale|/lib64/ld-linux-x86-64.so.2,0,0,1001,24542,24540,(none),127
2.557129,recon/basic_enum,suid_exec,execve,exec,cat,cat /etc/passwd,bash -lc cat /etc/passwd,/,benign,,1778300599.038,41149,attack_window,20260508_212317_basic_enum_YrdGDI,20260508_212317_suid_exec_dns_vandalism_9o1sm3,recon,yes,0,/usr/bin/cat,/usr/bin/cat,/usr/bin/cat|/lib64/ld-linux-x86-64.so.2,0,0,1001,24540,24492,(none),127
2.558129,recon/basic_enum,suid_exec,execve,shell_exec,bash,bash -lc ls -la /tmp,bash -lc ls -la /tmp,/,benign,,1778300599.039,41150,attack_window,20260508_212317_basic_enum_YrdGDI,20260508_212317_suid_exec_dns_vandalism_9o1sm3,recon,yes,0,/usr/bin/bash,/usr/bin/bash,/usr/bin/bash|/lib64/ld-linux-x86-64.so.2,0,0,1001,24544,24492,(none),127
2.560129,recon/basic_enum,suid_exec,execve,exec,locale-check,/usr/bin/locale-check C.UTF-8,/usr/bin/locale-check C.UTF-8,/,benign,,1778300599.041,41151,attack_window,20260508_212317_basic_enum_YrdGDI,20260508_212317_suid_exec_dns_vandalism_9o1sm3,recon,yes,0,/usr/bin/locale-check,/usr/bin/locale-check,/usr/bin/locale-check|/lib64/ld-linux-x86-64.so.2,0,0,1001,24545,24544,(none),127
2.562129,recon/basic_enum,suid_exec,execve,exec,locale,locale,locale,/,benign,,1778300599.043,41152,attack_window,20260508_212317_basic_enum_YrdGDI,20260508_212317_suid_exec_dns_vandalism_9o1sm3,recon,yes,0,/usr/bin/locale,/usr/bin/locale,/usr/bin/locale|/lib64/ld-linux-x86-64.so.2,0,0,1001,24546,24544,(none),127
2.564129,recon/basic_enum,suid_exec,execve,exec,ls,ls -la /tmp,bash -lc ls -la /tmp,/,benign,,1778300599.045,41153,attack_window,20260508_212317_basic_enum_YrdGDI,20260508_212317_suid_exec_dns_vandalism_9o1sm3,recon,yes,0,/usr/bin/ls,/usr/bin/ls,/usr/bin/ls|/lib64/ld-linux-x86-64.so.2,0,0,1001,24544,24492,(none),127
2.565129,recon/basic_enum,suid_exec,connect,network_connect,ls,,bash -lc ls -la /tmp,/,benign,,1778300599.046,41154,attack_window,20260508_212317_basic_enum_YrdGDI,20260508_212317_suid_exec_dns_vandalism_9o1sm3,recon,no,-2,/usr/bin/ls,/var/run/nscd/socket,/var/run/nscd/socket,0,0,1001,24544,24492,(none),127
2.565129,recon/basic_enum,suid_exec,connect,network_connect,ls,,bash -lc ls -la /tmp,/,benign,,1778300599.046,41155,attack_window,20260508_212317_basic_enum_YrdGDI,20260508_212317_suid_exec_dns_vandalism_9o1sm3,recon,no,-2,/usr/bin/ls,/var/run/nscd/socket,/var/run/nscd/socket,0,0,1001,24544,24492,(none),127
2.565129,recon/basic_enum,suid_exec,connect,network_connect,ls,,bash -lc ls -la /tmp,/,benign,,1778300599.046,41156,attack_window,20260508_212317_basic_enum_YrdGDI,20260508_212317_suid_exec_dns_vandalism_9o1sm3,recon,no,-2,/usr/bin/ls,/var/run/nscd/socket,/var/run/nscd/socket,0,0,1001,24544,24492,(none),127
2.565129,recon/basic_enum,suid_exec,connect,network_connect,ls,,bash -lc ls -la /tmp,/,benign,,1778300599.046,41157,attack_window,20260508_212317_basic_enum_YrdGDI,20260508_212317_suid_exec_dns_vandalism_9o1sm3,recon,no,-2,/usr/bin/ls,/var/run/nscd/socket,/var/run/nscd/socket,0,0,1001,24544,24492,(none),127
2.566129,recon/basic_enum,suid_exec,execve,shell_exec,bash,bash -lc ls -la /tmp,bash -lc ls -la /tmp,/,benign,,1778300599.047,41158,attack_window,20260508_212317_basic_enum_YrdGDI,20260508_212317_suid_exec_dns_vandalism_9o1sm3,recon,yes,0,/usr/bin/bash,/usr/bin/bash,/usr/bin/bash|/lib64/ld-linux-x86-64.so.2,0,0,1001,24548,24492,(none),127
2.567129,recon/basic_enum,suid_exec,execve,exec,locale-check,/usr/bin/locale-check C.UTF-8,/usr/bin/locale-check C.UTF-8,/,benign,,1778300599.048,41159,attack_window,20260508_212317_basic_enum_YrdGDI,20260508_212317_suid_exec_dns_vandalism_9o1sm3,recon,yes,0,/usr/bin/locale-check,/usr/bin/locale-check,/usr/bin/locale-check|/lib64/ld-linux-x86-64.so.2,0,0,1001,24549,24548,(none),127
2.568129,recon/basic_enum,suid_exec,execve,exec,locale,locale,locale,/,benign,,1778300599.049,41160,attack_window,20260508_212317_basic_enum_YrdGDI,20260508_212317_suid_exec_dns_vandalism_9o1sm3,recon,yes,0,/usr/bin/locale,/usr/bin/locale,/usr/bin/locale|/lib64/ld-linux-x86-64.so.2,0,0,1001,24550,24548,(none),127
2.570129,recon/basic_enum,suid_exec,execve,exec,ls,ls -la /tmp,bash -lc ls -la /tmp,/,benign,,1778300599.051,41161,attack_window,20260508_212317_basic_enum_YrdGDI,20260508_212317_suid_exec_dns_vandalism_9o1sm3,recon,yes,0,/usr/bin/ls,/usr/bin/ls,/usr/bin/ls|/lib64/ld-linux-x86-64.so.2,0,0,1001,24548,24492,(none),127
2.571129,recon/basic_enum,suid_exec,connect,network_connect,ls,,bash -lc ls -la /tmp,/,benign,,1778300599.052,41162,attack_window,20260508_212317_basic_enum_YrdGDI,20260508_212317_suid_exec_dns_vandalism_9o1sm3,recon,no,-2,/usr/bin/ls,/var/run/nscd/socket,/var/run/nscd/socket,0,0,1001,24548,24492,(none),127
2.571129,recon/basic_enum,suid_exec,connect,network_connect,ls,,bash -lc ls -la /tmp,/,benign,,1778300599.052,41163,attack_window,20260508_212317_basic_enum_YrdGDI,20260508_212317_suid_exec_dns_vandalism_9o1sm3,recon,no,-2,/usr/bin/ls,/var/run/nscd/socket,/var/run/nscd/socket,0,0,1001,24548,24492,(none),127
2.571129,recon/basic_enum,suid_exec,connect,network_connect,ls,,bash -lc ls -la /tmp,/,benign,,1778300599.052,41164,attack_window,20260508_212317_basic_enum_YrdGDI,20260508_212317_suid_exec_dns_vandalism_9o1sm3,recon,no,-2,/usr/bin/ls,/var/run/nscd/socket,/var/run/nscd/socket,0,0,1001,24548,24492,(none),127
2.571129,recon/basic_enum,suid_exec,connect,network_connect,ls,,bash -lc ls -la /tmp,/,benign,,1778300599.052,41165,attack_window,20260508_212317_basic_enum_YrdGDI,20260508_212317_suid_exec_dns_vandalism_9o1sm3,recon,no,-2,/usr/bin/ls,/var/run/nscd/socket,/var/run/nscd/socket,0,0,1001,24548,24492,(none),127
2.572129,recon/basic_enum,suid_exec,execve,shell_exec,bash,bash -lc ls -la /var/tmp,bash -lc ls -la /var/tmp,/,benign,,1778300599.053,41166,attack_window,20260508_212317_basic_enum_YrdGDI,20260508_212317_suid_exec_dns_vandalism_9o1sm3,recon,yes,0,/usr/bin/bash,/usr/bin/bash,/usr/bin/bash|/lib64/ld-linux-x86-64.so.2,0,0,1001,24552,24492,(none),127
2.573129,recon/basic_enum,suid_exec,execve,exec,locale-check,/usr/bin/locale-check C.UTF-8,/usr/bin/locale-check C.UTF-8,/,benign,,1778300599.054,41167,attack_window,20260508_212317_basic_enum_YrdGDI,20260508_212317_suid_exec_dns_vandalism_9o1sm3,recon,yes,0,/usr/bin/locale-check,/usr/bin/locale-check,/usr/bin/locale-check|/lib64/ld-linux-x86-64.so.2,0,0,1001,24553,24552,(none),127
2.575129,recon/basic_enum,suid_exec,execve,exec,locale,locale,locale,/,benign,,1778300599.056,41168,attack_window,20260508_212317_basic_enum_YrdGDI,20260508_212317_suid_exec_dns_vandalism_9o1sm3,recon,yes,0,/usr/bin/locale,/usr/bin/locale,/usr/bin/locale|/lib64/ld-linux-x86-64.so.2,0,0,1001,24554,24552,(none),127
2.579129,recon/basic_enum,suid_exec,execve,exec,ls,ls -la /var/tmp,bash -lc ls -la /var/tmp,/,benign,,1778300599.060,41169,attack_window,20260508_212317_basic_enum_YrdGDI,20260508_212317_suid_exec_dns_vandalism_9o1sm3,recon,yes,0,/usr/bin/ls,/usr/bin/ls,/usr/bin/ls|/lib64/ld-linux-x86-64.so.2,0,0,1001,24552,24492,(none),127
2.580129,recon/basic_enum,suid_exec,connect,network_connect,ls,,bash -lc ls -la /var/tmp,/,benign,,1778300599.061,41170,attack_window,20260508_212317_basic_enum_YrdGDI,20260508_212317_suid_exec_dns_vandalism_9o1sm3,recon,no,-2,/usr/bin/ls,/var/run/nscd/socket,/var/run/nscd/socket,0,0,1001,24552,24492,(none),127
2.580129,recon/basic_enum,suid_exec,connect,network_connect,ls,,bash -lc ls -la /var/tmp,/,benign,,1778300599.061,41171,attack_window,20260508_212317_basic_enum_YrdGDI,20260508_212317_suid_exec_dns_vandalism_9o1sm3,recon,no,-2,/usr/bin/ls,/var/run/nscd/socket,/var/run/nscd/socket,0,0,1001,24552,24492,(none),127
2.580129,recon/basic_enum,suid_exec,connect,network_connect,ls,,bash -lc ls -la /var/tmp,/,benign,,1778300599.061,41172,attack_window,20260508_212317_basic_enum_YrdGDI,20260508_212317_suid_exec_dns_vandalism_9o1sm3,recon,no,-2,/usr/bin/ls,/var/run/nscd/socket,/var/run/nscd/socket,0,0,1001,24552,24492,(none),127
2.580129,recon/basic_enum,suid_exec,connect,network_connect,ls,,bash -lc ls -la /var/tmp,/,benign,,1778300599.061,41173,attack_window,20260508_212317_basic_enum_YrdGDI,20260508_212317_suid_exec_dns_vandalism_9o1sm3,recon,no,-2,/usr/bin/ls,/var/run/nscd/socket,/var/run/nscd/socket,0,0,1001,24552,24492,(none),127
2.581129,recon/basic_enum,suid_exec,execve,shell_exec,bash,bash -lc ls -la /var/tmp,bash -lc ls -la /var/tmp,/,benign,,1778300599.062,41174,attack_window,20260508_212317_basic_enum_YrdGDI,20260508_212317_suid_exec_dns_vandalism_9o1sm3,recon,yes,0,/usr/bin/bash,/usr/bin/bash,/usr/bin/bash|/lib64/ld-linux-x86-64.so.2,0,0,1001,24556,24492,(none),127
2.582129,recon/basic_enum,suid_exec,execve,exec,locale-check,/usr/bin/locale-check C.UTF-8,/usr/bin/locale-check C.UTF-8,/,benign,,1778300599.063,41175,attack_window,20260508_212317_basic_enum_YrdGDI,20260508_212317_suid_exec_dns_vandalism_9o1sm3,recon,yes,0,/usr/bin/locale-check,/usr/bin/locale-check,/usr/bin/locale-check|/lib64/ld-linux-x86-64.so.2,0,0,1001,24557,24556,(none),127
2.584129,recon/basic_enum,suid_exec,execve,exec,locale,locale,locale,/,benign,,1778300599.065,41176,attack_window,20260508_212317_basic_enum_YrdGDI,20260508_212317_suid_exec_dns_vandalism_9o1sm3,recon,yes,0,/usr/bin/locale,/usr/bin/locale,/usr/bin/locale|/lib64/ld-linux-x86-64.so.2,0,0,1001,24558,24556,(none),127
2.585129,recon/basic_enum,suid_exec,execve,exec,ls,ls -la /var/tmp,bash -lc ls -la /var/tmp,/,benign,,1778300599.066,41177,attack_window,20260508_212317_basic_enum_YrdGDI,20260508_212317_suid_exec_dns_vandalism_9o1sm3,recon,yes,0,/usr/bin/ls,/usr/bin/ls,/usr/bin/ls|/lib64/ld-linux-x86-64.so.2,0,0,1001,24556,24492,(none),127
2.586129,recon/basic_enum,suid_exec,connect,network_connect,ls,,bash -lc ls -la /var/tmp,/,benign,,1778300599.067,41178,attack_window,20260508_212317_basic_enum_YrdGDI,20260508_212317_suid_exec_dns_vandalism_9o1sm3,recon,no,-2,/usr/bin/ls,/var/run/nscd/socket,/var/run/nscd/socket,0,0,1001,24556,24492,(none),127
2.586129,recon/basic_enum,suid_exec,connect,network_connect,ls,,bash -lc ls -la /var/tmp,/,benign,,1778300599.067,41179,attack_window,20260508_212317_basic_enum_YrdGDI,20260508_212317_suid_exec_dns_vandalism_9o1sm3,recon,no,-2,/usr/bin/ls,/var/run/nscd/socket,/var/run/nscd/socket,0,0,1001,24556,24492,(none),127
2.586129,recon/basic_enum,suid_exec,connect,network_connect,ls,,bash -lc ls -la /var/tmp,/,benign,,1778300599.067,41180,attack_window,20260508_212317_basic_enum_YrdGDI,20260508_212317_suid_exec_dns_vandalism_9o1sm3,recon,no,-2,/usr/bin/ls,/var/run/nscd/socket,/var/run/nscd/socket,0,0,1001,24556,24492,(none),127
2.586129,recon/basic_enum,suid_exec,connect,network_connect,ls,,bash -lc ls -la /var/tmp,/,benign,,1778300599.067,41181,attack_window,20260508_212317_basic_enum_YrdGDI,20260508_212317_suid_exec_dns_vandalism_9o1sm3,recon,no,-2,/usr/bin/ls,/var/run/nscd/socket,/var/run/nscd/socket,0,0,1001,24556,24492,(none),127
2.587129,recon/basic_enum,suid_exec,execve,shell_exec,bash,bash -lc ls -la /dev/shm,bash -lc ls -la /dev/shm,/,benign,,1778300599.068,41182,attack_window,20260508_212317_basic_enum_YrdGDI,20260508_212317_suid_exec_dns_vandalism_9o1sm3,recon,yes,0,/usr/bin/bash,/usr/bin/bash,/usr/bin/bash|/lib64/ld-linux-x86-64.so.2,0,0,1001,24560,24492,(none),127
2.589129,recon/basic_enum,suid_exec,execve,exec,locale-check,/usr/bin/locale-check C.UTF-8,/usr/bin/locale-check C.UTF-8,/,benign,,1778300599.070,41183,attack_window,20260508_212317_basic_enum_YrdGDI,20260508_212317_suid_exec_dns_vandalism_9o1sm3,recon,yes,0,/usr/bin/locale-check,/usr/bin/locale-check,/usr/bin/locale-check|/lib64/ld-linux-x86-64.so.2,0,0,1001,24561,24560,(none),127
2.590129,recon/basic_enum,suid_exec,execve,exec,locale,locale,locale,/,benign,,1778300599.071,41184,attack_window,20260508_212317_basic_enum_YrdGDI,20260508_212317_suid_exec_dns_vandalism_9o1sm3,recon,yes,0,/usr/bin/locale,/usr/bin/locale,/usr/bin/locale|/lib64/ld-linux-x86-64.so.2,0,0,1001,24562,24560,(none),127
2.591129,recon/basic_enum,suid_exec,execve,exec,ls,ls -la /dev/shm,bash -lc ls -la /dev/shm,/,benign,,1778300599.072,41185,attack_window,20260508_212317_basic_enum_YrdGDI,20260508_212317_suid_exec_dns_vandalism_9o1sm3,recon,yes,0,/usr/bin/ls,/usr/bin/ls,/usr/bin/ls|/lib64/ld-linux-x86-64.so.2,0,0,1001,24560,24492,(none),127
2.593129,recon/basic_enum,suid_exec,connect,network_connect,ls,,bash -lc ls -la /dev/shm,/,benign,,1778300599.074,41186,attack_window,20260508_212317_basic_enum_YrdGDI,20260508_212317_suid_exec_dns_vandalism_9o1sm3,recon,no,-2,/usr/bin/ls,/var/run/nscd/socket,/var/run/nscd/socket,0,0,1001,24560,24492,(none),127
2.593129,recon/basic_enum,suid_exec,connect,network_connect,ls,,bash -lc ls -la /dev/shm,/,benign,,1778300599.074,41187,attack_window,20260508_212317_basic_enum_YrdGDI,20260508_212317_suid_exec_dns_vandalism_9o1sm3,recon,no,-2,/usr/bin/ls,/var/run/nscd/socket,/var/run/nscd/socket,0,0,1001,24560,24492,(none),127
2.593129,recon/basic_enum,suid_exec,connect,network_connect,ls,,bash -lc ls -la /dev/shm,/,benign,,1778300599.074,41188,attack_window,20260508_212317_basic_enum_YrdGDI,20260508_212317_suid_exec_dns_vandalism_9o1sm3,recon,no,-2,/usr/bin/ls,/var/run/nscd/socket,/var/run/nscd/socket,0,0,1001,24560,24492,(none),127
2.593129,recon/basic_enum,suid_exec,connect,network_connect,ls,,bash -lc ls -la /dev/shm,/,benign,,1778300599.074,41189,attack_window,20260508_212317_basic_enum_YrdGDI,20260508_212317_suid_exec_dns_vandalism_9o1sm3,recon,no,-2,/usr/bin/ls,/var/run/nscd/socket,/var/run/nscd/socket,0,0,1001,24560,24492,(none),127
2.593129,recon/basic_enum,suid_exec,execve,shell_exec,bash,bash -lc ls -la /dev/shm,bash -lc ls -la /dev/shm,/,benign,,1778300599.074,41190,attack_window,20260508_212317_basic_enum_YrdGDI,20260508_212317_suid_exec_dns_vandalism_9o1sm3,recon,yes,0,/usr/bin/bash,/usr/bin/bash,/usr/bin/bash|/lib64/ld-linux-x86-64.so.2,0,0,1001,24564,24492,(none),127
2.595129,recon/basic_enum,suid_exec,execve,exec,locale-check,/usr/bin/locale-check C.UTF-8,/usr/bin/locale-check C.UTF-8,/,benign,,1778300599.076,41191,attack_window,20260508_212317_basic_enum_YrdGDI,20260508_212317_suid_exec_dns_vandalism_9o1sm3,recon,yes,0,/usr/bin/locale-check,/usr/bin/locale-check,/usr/bin/locale-check|/lib64/ld-linux-x86-64.so.2,0,0,1001,24565,24564,(none),127
2.596129,recon/basic_enum,suid_exec,execve,exec,locale,locale,locale,/,benign,,1778300599.077,41192,attack_window,20260508_212317_basic_enum_YrdGDI,20260508_212317_suid_exec_dns_vandalism_9o1sm3,recon,yes,0,/usr/bin/locale,/usr/bin/locale,/usr/bin/locale|/lib64/ld-linux-x86-64.so.2,0,0,1001,24566,24564,(none),127
2.598129,recon/basic_enum,suid_exec,execve,exec,ls,ls -la /dev/shm,bash -lc ls -la /dev/shm,/,benign,,1778300599.079,41193,attack_window,20260508_212317_basic_enum_YrdGDI,20260508_212317_suid_exec_dns_vandalism_9o1sm3,recon,yes,0,/usr/bin/ls,/usr/bin/ls,/usr/bin/ls|/lib64/ld-linux-x86-64.so.2,0,0,1001,24564,24492,(none),127
2.599129,recon/basic_enum,suid_exec,connect,network_connect,ls,,bash -lc ls -la /dev/shm,/,benign,,1778300599.080,41194,attack_window,20260508_212317_basic_enum_YrdGDI,20260508_212317_suid_exec_dns_vandalism_9o1sm3,recon,no,-2,/usr/bin/ls,/var/run/nscd/socket,/var/run/nscd/socket,0,0,1001,24564,24492,(none),127
2.599129,recon/basic_enum,suid_exec,connect,network_connect,ls,,bash -lc ls -la /dev/shm,/,benign,,1778300599.080,41195,attack_window,20260508_212317_basic_enum_YrdGDI,20260508_212317_suid_exec_dns_vandalism_9o1sm3,recon,no,-2,/usr/bin/ls,/var/run/nscd/socket,/var/run/nscd/socket,0,0,1001,24564,24492,(none),127
2.599129,recon/basic_enum,suid_exec,connect,network_connect,ls,,bash -lc ls -la /dev/shm,/,benign,,1778300599.080,41196,attack_window,20260508_212317_basic_enum_YrdGDI,20260508_212317_suid_exec_dns_vandalism_9o1sm3,recon,no,-2,/usr/bin/ls,/var/run/nscd/socket,/var/run/nscd/socket,0,0,1001,24564,24492,(none),127
2.599129,recon/basic_enum,suid_exec,connect,network_connect,ls,,bash -lc ls -la /dev/shm,/,benign,,1778300599.080,41197,attack_window,20260508_212317_basic_enum_YrdGDI,20260508_212317_suid_exec_dns_vandalism_9o1sm3,recon,no,-2,/usr/bin/ls,/var/run/nscd/socket,/var/run/nscd/socket,0,0,1001,24564,24492,(none),127
2.600129,recon/basic_enum,suid_exec,execve,shell_exec,bash,bash -lc find /home -maxdepth 3 -type d -name .ssh -print 2>/dev/null || true,bash -lc find /home -maxdepth 3 -type d -name .ssh -print 2>/dev/null || true,/,benign,,1778300599.081,41198,attack_window,20260508_212317_basic_enum_YrdGDI,20260508_212317_suid_exec_dns_vandalism_9o1sm3,recon,yes,0,/usr/bin/bash,/usr/bin/bash,/usr/bin/bash|/lib64/ld-linux-x86-64.so.2,0,0,1001,24568,24492,(none),127
2.601129,recon/basic_enum,suid_exec,execve,exec,locale-check,/usr/bin/locale-check C.UTF-8,/usr/bin/locale-check C.UTF-8,/,benign,,1778300599.082,41199,attack_window,20260508_212317_basic_enum_YrdGDI,20260508_212317_suid_exec_dns_vandalism_9o1sm3,recon,yes,0,/usr/bin/locale-check,/usr/bin/locale-check,/usr/bin/locale-check|/lib64/ld-linux-x86-64.so.2,0,0,1001,24569,24568,(none),127
2.602129,recon/basic_enum,suid_exec,execve,exec,locale,locale,locale,/,benign,,1778300599.083,41200,attack_window,20260508_212317_basic_enum_YrdGDI,20260508_212317_suid_exec_dns_vandalism_9o1sm3,recon,yes,0,/usr/bin/locale,/usr/bin/locale,/usr/bin/locale|/lib64/ld-linux-x86-64.so.2,0,0,1001,24570,24568,(none),127
2.605129,recon/basic_enum,suid_exec,execve,exec,find,find /home -maxdepth 3 -type d -name .ssh -print,find /home -maxdepth 3 -type d -name .ssh -print,/,benign,,1778300599.086,41201,attack_window,20260508_212317_basic_enum_YrdGDI,20260508_212317_suid_exec_dns_vandalism_9o1sm3,recon,yes,0,/usr/bin/find,/usr/bin/find,/usr/bin/find|/lib64/ld-linux-x86-64.so.2,0,0,1001,24572,24568,(none),127
2.607129,recon/basic_enum,suid_exec,execve,shell_exec,bash,bash -lc find /home -maxdepth 3 -type d -name .ssh -print 2>/dev/null || true,bash -lc find /home -maxdepth 3 -type d -name .ssh -print 2>/dev/null || true,/,benign,,1778300599.088,41202,attack_window,20260508_212317_basic_enum_YrdGDI,20260508_212317_suid_exec_dns_vandalism_9o1sm3,recon,yes,0,/usr/bin/bash,/usr/bin/bash,/usr/bin/bash|/lib64/ld-linux-x86-64.so.2,0,0,1001,24573,24492,(none),127
2.608129,recon/basic_enum,suid_exec,execve,exec,locale-check,/usr/bin/locale-check C.UTF-8,/usr/bin/locale-check C.UTF-8,/,benign,,1778300599.089,41203,attack_window,20260508_212317_basic_enum_YrdGDI,20260508_212317_suid_exec_dns_vandalism_9o1sm3,recon,yes,0,/usr/bin/locale-check,/usr/bin/locale-check,/usr/bin/locale-check|/lib64/ld-linux-x86-64.so.2,0,0,1001,24574,24573,(none),127
2.610129,recon/basic_enum,suid_exec,execve,exec,locale,locale,locale,/,benign,,1778300599.091,41204,attack_window,20260508_212317_basic_enum_YrdGDI,20260508_212317_suid_exec_dns_vandalism_9o1sm3,recon,yes,0,/usr/bin/locale,/usr/bin/locale,/usr/bin/locale|/lib64/ld-linux-x86-64.so.2,0,0,1001,24575,24573,(none),127
2.611129,recon/basic_enum,suid_exec,execve,exec,find,find /home -maxdepth 3 -type d -name .ssh -print,find /home -maxdepth 3 -type d -name .ssh -print,/,benign,,1778300599.092,41205,attack_window,20260508_212317_basic_enum_YrdGDI,20260508_212317_suid_exec_dns_vandalism_9o1sm3,recon,yes,0,/usr/bin/find,/usr/bin/find,/usr/bin/find|/lib64/ld-linux-x86-64.so.2,0,0,1001,24577,24573,(none),127
2.612129,recon/basic_enum,suid_exec,openat,tmp_activity,bash,,/usr/sbin/chroot / /usr/lib/openssh/ssh-keygen -p -c python3 /dev/shm/aegis_20260508_212317_basic_enum_YrdGDI/aegis_suid_exec_20,/,benign,,1778300599.093,41206,attack_window,20260508_212317_basic_enum_YrdGDI,20260508_212317_suid_exec_dns_vandalism_9o1sm3,recon,yes,3,/usr/bin/bash,/dev/shm/aegis_20260508_212317_basic_enum_YrdGDI/,/dev/shm/aegis_20260508_212317_basic_enum_YrdGDI/|/dev/shm/aegis_20260508_212317_basic_enum_YrdGDI/metadata.txt,0,0,1001,24492,24490,(none),127
2.613129,recon/basic_enum,suid_exec,openat,tmp_activity,bash,,/usr/sbin/chroot / /usr/lib/openssh/ssh-keygen -p -c python3 /dev/shm/aegis_20260508_212317_basic_enum_YrdGDI/aegis_suid_exec_20,/,benign,,1778300599.094,41207,attack_window,20260508_212317_basic_enum_YrdGDI,20260508_212317_suid_exec_dns_vandalism_9o1sm3,recon,yes,3,/usr/bin/bash,/dev/shm/aegis_20260508_212317_basic_enum_YrdGDI/,/dev/shm/aegis_20260508_212317_basic_enum_YrdGDI/|/dev/shm/aegis_20260508_212317_basic_enum_YrdGDI/metadata.json,0,0,1001,24492,24490,(none),127
2.614129,recon/basic_enum,suid_exec,connect,network_connect,sshd,,sshd: deploy-rkejw [priv],/,benign,,1778300599.095,41208,attack_window,20260508_212317_basic_enum_YrdGDI,20260508_212317_suid_exec_dns_vandalism_9o1sm3,recon,yes,0,/usr/sbin/sshd,/dev/log,/dev/log,1001,1001,1001,24489,24442,(none),127
2.615129,recon/basic_enum,suid_exec,114,privilege_transition,sshd,,/usr/sbin/sshd -D -R,,benign,,1778300599.096,41209,attack_window,20260508_212317_basic_enum_YrdGDI,20260508_212317_suid_exec_dns_vandalism_9o1sm3,recon,yes,0,/usr/sbin/sshd,,,0,0,1001,24442,21008,(none),127
2.615129,recon/basic_enum,suid_exec,setresuid,privilege_transition,sshd,,/usr/sbin/sshd -D -R,,benign,,1778300599.096,41210,attack_window,20260508_212317_basic_enum_YrdGDI,20260508_212317_suid_exec_dns_vandalism_9o1sm3,recon,yes,0,/usr/sbin/sshd,,,0,1001,1001,24442,21008,(none),127
2.615129,recon/basic_enum,suid_exec,113,privilege_transition,sshd,,/usr/sbin/sshd -D -R,,benign,,1778300599.096,41211,attack_window,20260508_212317_basic_enum_YrdGDI,20260508_212317_suid_exec_dns_vandalism_9o1sm3,recon,yes,0,/usr/sbin/sshd,,,0,0,1001,24442,21008,(none),127
2.615129,recon/basic_enum,suid_exec,114,privilege_transition,sshd,,/usr/sbin/sshd -D -R,,benign,,1778300599.096,41212,attack_window,20260508_212317_basic_enum_YrdGDI,20260508_212317_suid_exec_dns_vandalism_9o1sm3,recon,yes,0,/usr/sbin/sshd,,,0,0,1001,24442,21008,(none),127
2.615129,recon/basic_enum,suid_exec,connect,network_connect,sshd,,/usr/sbin/sshd -D -R,/,benign,,1778300599.096,41213,attack_window,20260508_212317_basic_enum_YrdGDI,20260508_212317_suid_exec_dns_vandalism_9o1sm3,recon,yes,0,/usr/sbin/sshd,/run/dbus/system_bus_socket,/run/dbus/system_bus_socket,0,0,1001,24442,21008,(none),127
2.616129,recon/basic_enum,suid_exec,,,,,,,ambiguous,,1778300599.097,41214,attack_window,20260508_212317_basic_enum_YrdGDI,20260508_212317_suid_exec_dns_vandalism_9o1sm3,recon,,,,,,,,,,,,
2.617129,recon/basic_enum,suid_exec,,,,,,,ambiguous,,1778300599.098,41215,attack_window,20260508_212317_basic_enum_YrdGDI,20260508_212317_suid_exec_dns_vandalism_9o1sm3,recon,,,,,,,,,,,,
2.617129,recon/basic_enum,suid_exec,setresgid,privilege_transition,sshd,,/usr/sbin/sshd -D -R,,benign,,1778300599.098,41216,attack_window,20260508_212317_basic_enum_YrdGDI,20260508_212317_suid_exec_dns_vandalism_9o1sm3,recon,yes,0,/usr/sbin/sshd,,,0,0,1001,24442,21008,(none),127
2.617129,recon/basic_enum,suid_exec,setresuid,privilege_transition,sshd,,/usr/sbin/sshd -D -R,,benign,,1778300599.098,41217,attack_window,20260508_212317_basic_enum_YrdGDI,20260508_212317_suid_exec_dns_vandalism_9o1sm3,recon,yes,0,/usr/sbin/sshd,,,0,1001,1001,24442,21008,(none),127
2.617129,recon/basic_enum,suid_exec,setresuid,privilege_transition,sshd,,/usr/sbin/sshd -D -R,,benign,,1778300599.098,41218,attack_window,20260508_212317_basic_enum_YrdGDI,20260508_212317_suid_exec_dns_vandalism_9o1sm3,recon,yes,0,/usr/sbin/sshd,,,0,0,1001,24442,21008,(none),127
2.617129,recon/basic_enum,suid_exec,setresgid,privilege_transition,sshd,,/usr/sbin/sshd -D -R,,benign,,1778300599.098,41219,attack_window,20260508_212317_basic_enum_YrdGDI,20260508_212317_suid_exec_dns_vandalism_9o1sm3,recon,yes,0,/usr/sbin/sshd,,,0,0,1001,24442,21008,(none),127
2.630129,recon/basic_enum,suid_exec,execve,exec,sshd,/usr/sbin/sshd -D -R,/usr/sbin/sshd -D -R,/,benign,,1778300599.111,41220,attack_window,20260508_212317_basic_enum_YrdGDI,20260508_212317_suid_exec_dns_vandalism_9o1sm3,recon,yes,0,/usr/sbin/sshd,/usr/sbin/sshd,/usr/sbin/sshd|/lib64/ld-linux-x86-64.so.2,0,0,4294967295,24580,21008,(none),4294967295
2.633129,recon/basic_enum,suid_exec,connect,network_connect,sshd,,/usr/sbin/sshd -D -R,/,benign,,1778300599.114,41221,attack_window,20260508_212317_basic_enum_YrdGDI,20260508_212317_suid_exec_dns_vandalism_9o1sm3,recon,no,-2,/usr/sbin/sshd,/var/run/nscd/socket,/var/run/nscd/socket,0,0,4294967295,24580,21008,(none),4294967295
2.633129,recon/basic_enum,suid_exec,connect,network_connect,sshd,,/usr/sbin/sshd -D -R,,benign,,1778300599.114,41222,attack_window,20260508_212317_basic_enum_YrdGDI,20260508_212317_suid_exec_dns_vandalism_9o1sm3,recon,yes,0,/usr/sbin/sshd,,,0,0,4294967295,24580,21008,(none),4294967295
2.633129,recon/basic_enum,suid_exec,connect,network_connect,sshd,,/usr/sbin/sshd -D -R,,benign,,1778300599.114,41223,attack_window,20260508_212317_basic_enum_YrdGDI,20260508_212317_suid_exec_dns_vandalism_9o1sm3,recon,yes,0,/usr/sbin/sshd,,,0,0,4294967295,24580,21008,(none),4294967295
2.633129,recon/basic_enum,suid_exec,connect,network_connect,sshd,,/usr/sbin/sshd -D -R,,benign,,1778300599.114,41224,attack_window,20260508_212317_basic_enum_YrdGDI,20260508_212317_suid_exec_dns_vandalism_9o1sm3,recon,yes,0,/usr/sbin/sshd,,,0,0,4294967295,24580,21008,(none),4294967295
2.633129,recon/basic_enum,suid_exec,connect,network_connect,sshd,,/usr/sbin/sshd -D -R,/,benign,,1778300599.114,41225,attack_window,20260508_212317_basic_enum_YrdGDI,20260508_212317_suid_exec_dns_vandalism_9o1sm3,recon,no,-2,/usr/sbin/sshd,/var/run/nscd/socket,/var/run/nscd/socket,0,0,4294967295,24580,21008,(none),4294967295
2.633129,recon/basic_enum,suid_exec,connect,network_connect,sshd,,/usr/sbin/sshd -D -R,/,benign,,1778300599.114,41226,attack_window,20260508_212317_basic_enum_YrdGDI,20260508_212317_suid_exec_dns_vandalism_9o1sm3,recon,no,-2,/usr/sbin/sshd,/var/run/nscd/socket,/var/run/nscd/socket,0,0,4294967295,24580,21008,(none),4294967295
2.636129,recon/basic_enum,suid_exec,setresgid,privilege_transition,sshd,,sshd: [accepted],,benign,,1778300599.117,41227,attack_window,20260508_212317_basic_enum_YrdGDI,20260508_212317_suid_exec_dns_vandalism_9o1sm3,recon,yes,0,/usr/sbin/sshd,,,0,0,4294967295,24581,24580,(none),4294967295
2.636129,recon/basic_enum,suid_exec,setresuid,privilege_transition,sshd,,sshd: [accepted],,benign,,1778300599.117,41228,attack_window,20260508_212317_basic_enum_YrdGDI,20260508_212317_suid_exec_dns_vandalism_9o1sm3,recon,yes,0,/usr/sbin/sshd,,,109,109,4294967295,24581,24580,(none),4294967295
2.636129,recon/basic_enum,suid_exec,setgid,privilege_transition,sshd,,sshd: [accepted],,benign,,1778300599.117,41229,attack_window,20260508_212317_basic_enum_YrdGDI,20260508_212317_suid_exec_dns_vandalism_9o1sm3,recon,no,-1,/usr/sbin/sshd,,,109,109,4294967295,24581,24580,(none),4294967295
2.636129,recon/basic_enum,suid_exec,setresgid,privilege_transition,sshd,,sshd: [accepted],,benign,,1778300599.117,41230,attack_window,20260508_212317_basic_enum_YrdGDI,20260508_212317_suid_exec_dns_vandalism_9o1sm3,recon,no,-1,/usr/sbin/sshd,,,109,109,4294967295,24581,24580,(none),4294967295
2.636129,recon/basic_enum,suid_exec,setuid,privilege_transition,sshd,,sshd: [accepted],,benign,,1778300599.117,41231,attack_window,20260508_212317_basic_enum_YrdGDI,20260508_212317_suid_exec_dns_vandalism_9o1sm3,recon,no,-1,/usr/sbin/sshd,,,109,109,4294967295,24581,24580,(none),4294967295
2.636129,recon/basic_enum,suid_exec,setresuid,privilege_transition,sshd,,sshd: [accepted],,benign,,1778300599.117,41232,attack_window,20260508_212317_basic_enum_YrdGDI,20260508_212317_suid_exec_dns_vandalism_9o1sm3,recon,no,-1,/usr/sbin/sshd,,,109,109,4294967295,24581,24580,(none),4294967295
2.735129,recon/basic_enum,suid_exec,connect,network_connect,sshd,,/usr/sbin/sshd -D -R,/,benign,,1778300599.216,41233,attack_window,20260508_212317_basic_enum_YrdGDI,20260508_212317_suid_exec_dns_vandalism_9o1sm3,recon,no,-2,/usr/sbin/sshd,/var/run/nscd/socket,/var/run/nscd/socket,0,0,4294967295,24580,21008,(none),4294967295
2.735129,recon/basic_enum,suid_exec,connect,network_connect,sshd,,/usr/sbin/sshd -D -R,/,benign,,1778300599.216,41234,attack_window,20260508_212317_basic_enum_YrdGDI,20260508_212317_suid_exec_dns_vandalism_9o1sm3,recon,no,-2,/usr/sbin/sshd,/var/run/nscd/socket,/var/run/nscd/socket,0,0,4294967295,24580,21008,(none),4294967295
2.735129,recon/basic_enum,suid_exec,connect,network_connect,sshd,,/usr/sbin/sshd -D -R,/,benign,,1778300599.216,41235,attack_window,20260508_212317_basic_enum_YrdGDI,20260508_212317_suid_exec_dns_vandalism_9o1sm3,recon,yes,0,/usr/sbin/sshd,/run/systemd/userdb/io.systemd.DynamicUser,/run/systemd/userdb/io.systemd.DynamicUser,0,0,4294967295,24580,21008,(none),4294967295
2.735129,recon/basic_enum,suid_exec,setresgid,privilege_transition,sshd,,/usr/sbin/sshd -D -R,,benign,,1778300599.216,41236,attack_window,20260508_212317_basic_enum_YrdGDI,20260508_212317_suid_exec_dns_vandalism_9o1sm3,recon,yes,0,/usr/sbin/sshd,,,0,0,4294967295,24580,21008,(none),4294967295
2.735129,recon/basic_enum,suid_exec,setresuid,privilege_transition,sshd,,/usr/sbin/sshd -D -R,,benign,,1778300599.216,41237,attack_window,20260508_212317_basic_enum_YrdGDI,20260508_212317_suid_exec_dns_vandalism_9o1sm3,recon,yes,0,/usr/sbin/sshd,,,0,1001,4294967295,24580,21008,(none),4294967295
2.735129,recon/basic_enum,suid_exec,setresuid,privilege_transition,sshd,,/usr/sbin/sshd -D -R,,benign,,1778300599.216,41238,attack_window,20260508_212317_basic_enum_YrdGDI,20260508_212317_suid_exec_dns_vandalism_9o1sm3,recon,yes,0,/usr/sbin/sshd,,,0,0,4294967295,24580,21008,(none),4294967295
2.735129,recon/basic_enum,suid_exec,setresgid,privilege_transition,sshd,,/usr/sbin/sshd -D -R,,benign,,1778300599.216,41239,attack_window,20260508_212317_basic_enum_YrdGDI,20260508_212317_suid_exec_dns_vandalism_9o1sm3,recon,yes,0,/usr/sbin/sshd,,,0,0,4294967295,24580,21008,(none),4294967295
2.735129,recon/basic_enum,suid_exec,setresgid,privilege_transition,sshd,,/usr/sbin/sshd -D -R,,benign,,1778300599.216,41240,attack_window,20260508_212317_basic_enum_YrdGDI,20260508_212317_suid_exec_dns_vandalism_9o1sm3,recon,yes,0,/usr/sbin/sshd,,,0,0,4294967295,24580,21008,(none),4294967295
2.735129,recon/basic_enum,suid_exec,setresuid,privilege_transition,sshd,,/usr/sbin/sshd -D -R,,benign,,1778300599.216,41241,attack_window,20260508_212317_basic_enum_YrdGDI,20260508_212317_suid_exec_dns_vandalism_9o1sm3,recon,yes,0,/usr/sbin/sshd,,,0,1001,4294967295,24580,21008,(none),4294967295
2.735129,recon/basic_enum,suid_exec,connect,network_connect,sshd,,/usr/sbin/sshd -D -R,/,benign,,1778300599.216,41242,attack_window,20260508_212317_basic_enum_YrdGDI,20260508_212317_suid_exec_dns_vandalism_9o1sm3,recon,yes,0,/usr/sbin/sshd,/dev/log,/dev/log,0,1001,4294967295,24580,21008,(none),4294967295
2.735129,recon/basic_enum,suid_exec,setresuid,privilege_transition,sshd,,/usr/sbin/sshd -D -R,,benign,,1778300599.216,41243,attack_window,20260508_212317_basic_enum_YrdGDI,20260508_212317_suid_exec_dns_vandalism_9o1sm3,recon,yes,0,/usr/sbin/sshd,,,0,0,4294967295,24580,21008,(none),4294967295
2.735129,recon/basic_enum,suid_exec,setresgid,privilege_transition,sshd,,/usr/sbin/sshd -D -R,,benign,,1778300599.216,41244,attack_window,20260508_212317_basic_enum_YrdGDI,20260508_212317_suid_exec_dns_vandalism_9o1sm3,recon,yes,0,/usr/sbin/sshd,,,0,0,4294967295,24580,21008,(none),4294967295
2.735129,recon/basic_enum,suid_exec,,,,,,,ambiguous,,1778300599.216,41245,attack_window,20260508_212317_basic_enum_YrdGDI,20260508_212317_suid_exec_dns_vandalism_9o1sm3,recon,,,,,,,,,,,,
2.742129,recon/basic_enum,suid_exec,setresgid,privilege_transition,sshd,,/usr/sbin/sshd -D -R,,benign,,1778300599.223,41246,attack_window,20260508_212317_basic_enum_YrdGDI,20260508_212317_suid_exec_dns_vandalism_9o1sm3,recon,yes,0,/usr/sbin/sshd,,,0,0,4294967295,24580,21008,(none),4294967295
2.742129,recon/basic_enum,suid_exec,setresuid,privilege_transition,sshd,,/usr/sbin/sshd -D -R,,benign,,1778300599.223,41247,attack_window,20260508_212317_basic_enum_YrdGDI,20260508_212317_suid_exec_dns_vandalism_9o1sm3,recon,yes,0,/usr/sbin/sshd,,,0,1001,4294967295,24580,21008,(none),4294967295
2.742129,recon/basic_enum,suid_exec,setresuid,privilege_transition,sshd,,/usr/sbin/sshd -D -R,,benign,,1778300599.223,41248,attack_window,20260508_212317_basic_enum_YrdGDI,20260508_212317_suid_exec_dns_vandalism_9o1sm3,recon,yes,0,/usr/sbin/sshd,,,0,0,4294967295,24580,21008,(none),4294967295
2.742129,recon/basic_enum,suid_exec,setresgid,privilege_transition,sshd,,/usr/sbin/sshd -D -R,,benign,,1778300599.223,41249,attack_window,20260508_212317_basic_enum_YrdGDI,20260508_212317_suid_exec_dns_vandalism_9o1sm3,recon,yes,0,/usr/sbin/sshd,,,0,0,4294967295,24580,21008,(none),4294967295
2.742129,recon/basic_enum,suid_exec,setresgid,privilege_transition,sshd,,/usr/sbin/sshd -D -R,,benign,,1778300599.223,41250,attack_window,20260508_212317_basic_enum_YrdGDI,20260508_212317_suid_exec_dns_vandalism_9o1sm3,recon,yes,0,/usr/sbin/sshd,,,0,0,4294967295,24580,21008,(none),4294967295
2.743129,recon/basic_enum,suid_exec,setresuid,privilege_transition,sshd,,/usr/sbin/sshd -D -R,,benign,,1778300599.224,41251,attack_window,20260508_212317_basic_enum_YrdGDI,20260508_212317_suid_exec_dns_vandalism_9o1sm3,recon,yes,0,/usr/sbin/sshd,,,0,1001,4294967295,24580,21008,(none),4294967295
2.743129,recon/basic_enum,suid_exec,connect,network_connect,sshd,,/usr/sbin/sshd -D -R,/,benign,,1778300599.224,41252,attack_window,20260508_212317_basic_enum_YrdGDI,20260508_212317_suid_exec_dns_vandalism_9o1sm3,recon,yes,0,/usr/sbin/sshd,/dev/log,/dev/log,0,1001,4294967295,24580,21008,(none),4294967295
2.743129,recon/basic_enum,suid_exec,setresuid,privilege_transition,sshd,,/usr/sbin/sshd -D -R,,benign,,1778300599.224,41253,attack_window,20260508_212317_basic_enum_YrdGDI,20260508_212317_suid_exec_dns_vandalism_9o1sm3,recon,yes,0,/usr/sbin/sshd,,,0,0,4294967295,24580,21008,(none),4294967295
2.743129,recon/basic_enum,suid_exec,setresgid,privilege_transition,sshd,,/usr/sbin/sshd -D -R,,benign,,1778300599.224,41254,attack_window,20260508_212317_basic_enum_YrdGDI,20260508_212317_suid_exec_dns_vandalism_9o1sm3,recon,yes,0,/usr/sbin/sshd,,,0,0,4294967295,24580,21008,(none),4294967295
2.743129,recon/basic_enum,suid_exec,,,,,,,ambiguous,,1778300599.224,41255,attack_window,20260508_212317_basic_enum_YrdGDI,20260508_212317_suid_exec_dns_vandalism_9o1sm3,recon,,,,,,,,,,,,
2.770129,recon/basic_enum,suid_exec,connect,network_connect,sshd,,/usr/sbin/sshd -D -R,/,benign,,1778300599.251,41256,attack_window,20260508_212317_basic_enum_YrdGDI,20260508_212317_suid_exec_dns_vandalism_9o1sm3,recon,yes,0,/usr/sbin/sshd,/run/systemd/userdb/io.systemd.DynamicUser,/run/systemd/userdb/io.systemd.DynamicUser,0,0,4294967295,24580,21008,(none),4294967295
2.770129,recon/basic_enum,suid_exec,,,,,,,ambiguous,,1778300599.251,41257,attack_window,20260508_212317_basic_enum_YrdGDI,20260508_212317_suid_exec_dns_vandalism_9o1sm3,recon,,,,,,,,,,,,
2.775129,recon/basic_enum,suid_exec,,,,,,,ambiguous,,1778300599.256,41258,attack_window,20260508_212317_basic_enum_YrdGDI,20260508_212317_suid_exec_dns_vandalism_9o1sm3,recon,,,,,,,,,,,,
2.775129,recon/basic_enum,suid_exec,connect,network_connect,sshd,,/usr/sbin/sshd -D -R,/,benign,,1778300599.256,41259,attack_window,20260508_212317_basic_enum_YrdGDI,20260508_212317_suid_exec_dns_vandalism_9o1sm3,recon,yes,0,/usr/sbin/sshd,/dev/log,/dev/log,0,0,4294967295,24580,21008,(none),4294967295
2.776129,recon/basic_enum,suid_exec,connect,network_connect,sshd,,/usr/sbin/sshd -D -R,/,benign,,1778300599.257,41260,attack_window,20260508_212317_basic_enum_YrdGDI,20260508_212317_suid_exec_dns_vandalism_9o1sm3,recon,yes,0,/usr/sbin/sshd,/run/systemd/userdb/io.systemd.DynamicUser,/run/systemd/userdb/io.systemd.DynamicUser,0,0,4294967295,24580,21008,(none),4294967295
2.776129,recon/basic_enum,suid_exec,126,privilege_transition,sshd,,/usr/sbin/sshd -D -R,,benign,,1778300599.257,41261,attack_window,20260508_212317_basic_enum_YrdGDI,20260508_212317_suid_exec_dns_vandalism_9o1sm3,recon,yes,0,/usr/sbin/sshd,,,0,0,4294967295,24580,21008,(none),4294967295
2.776129,recon/basic_enum,suid_exec,,,,,,,ambiguous,,1778300599.257,41262,attack_window,20260508_212317_basic_enum_YrdGDI,20260508_212317_suid_exec_dns_vandalism_9o1sm3,recon,,,,,,,,,,,,
2.776129,recon/basic_enum,suid_exec,77,file_destroy,sshd,,/usr/sbin/sshd -D -R,,benign,,1778300599.257,41263,attack_window,20260508_212317_basic_enum_YrdGDI,20260508_212317_suid_exec_dns_vandalism_9o1sm3,recon,yes,0,/usr/sbin/sshd,,,0,0,4294967295,24580,21008,(none),4294967295
2.776129,recon/basic_enum,suid_exec,write,(null),sshd,,/usr/sbin/sshd -D -R,,benign,,1778300599.257,41264,attack_window,20260508_212317_basic_enum_YrdGDI,20260508_212317_suid_exec_dns_vandalism_9o1sm3,recon,yes,4,/usr/sbin/sshd,,,0,0,1001,24580,21008,(none),128
2.776129,recon/basic_enum,suid_exec,114,privilege_transition,sshd,,/usr/sbin/sshd -D -R,,benign,,1778300599.257,41265,attack_window,20260508_212317_basic_enum_YrdGDI,20260508_212317_suid_exec_dns_vandalism_9o1sm3,recon,yes,0,/usr/sbin/sshd,,,0,0,1001,24580,21008,(none),128
2.776129,recon/basic_enum,suid_exec,113,privilege_transition,sshd,,/usr/sbin/sshd -D -R,,benign,,1778300599.257,41266,attack_window,20260508_212317_basic_enum_YrdGDI,20260508_212317_suid_exec_dns_vandalism_9o1sm3,recon,yes,0,/usr/sbin/sshd,,,1001,0,1001,24580,21008,(none),128
2.776129,recon/basic_enum,suid_exec,113,privilege_transition,sshd,,/usr/sbin/sshd -D -R,,benign,,1778300599.257,41267,attack_window,20260508_212317_basic_enum_YrdGDI,20260508_212317_suid_exec_dns_vandalism_9o1sm3,recon,yes,0,/usr/sbin/sshd,,,0,0,1001,24580,21008,(none),128
2.776129,recon/basic_enum,suid_exec,114,privilege_transition,sshd,,/usr/sbin/sshd -D -R,,benign,,1778300599.257,41268,attack_window,20260508_212317_basic_enum_YrdGDI,20260508_212317_suid_exec_dns_vandalism_9o1sm3,recon,yes,0,/usr/sbin/sshd,,,0,0,1001,24580,21008,(none),128
2.776129,recon/basic_enum,suid_exec,connect,network_connect,sshd,,/usr/sbin/sshd -D -R,/,benign,,1778300599.257,41269,attack_window,20260508_212317_basic_enum_YrdGDI,20260508_212317_suid_exec_dns_vandalism_9o1sm3,recon,yes,0,/usr/sbin/sshd,/dev/log,/dev/log,0,0,1001,24580,21008,(none),128
2.776129,recon/basic_enum,suid_exec,connect,network_connect,sshd,,/usr/sbin/sshd -D -R,/,benign,,1778300599.257,41270,attack_window,20260508_212317_basic_enum_YrdGDI,20260508_212317_suid_exec_dns_vandalism_9o1sm3,recon,no,-2,/usr/sbin/sshd,/run/systemd/userdb/io.systemd.Multiplexer,/run/systemd/userdb/io.systemd.Multiplexer,0,0,1001,24580,21008,(none),128
2.776129,recon/basic_enum,suid_exec,connect,network_connect,sshd,,/usr/sbin/sshd -D -R,/,benign,,1778300599.257,41271,attack_window,20260508_212317_basic_enum_YrdGDI,20260508_212317_suid_exec_dns_vandalism_9o1sm3,recon,yes,0,/usr/sbin/sshd,/run/systemd/userdb/io.systemd.DynamicUser,/run/systemd/userdb/io.systemd.DynamicUser,0,0,1001,24580,21008,(none),128
2.777129,recon/basic_enum,suid_exec,connect,network_connect,sshd,,/usr/sbin/sshd -D -R,/,benign,,1778300599.258,41272,attack_window,20260508_212317_basic_enum_YrdGDI,20260508_212317_suid_exec_dns_vandalism_9o1sm3,recon,yes,0,/usr/sbin/sshd,/run/dbus/system_bus_socket,/run/dbus/system_bus_socket,0,0,1001,24580,21008,(none),128
2.784129,recon/basic_enum,suid_exec,execve,exec,sh,sh -c -- /usr/bin/env -i PATH=/usr/local/sbin:/usr/local/bin:/usr/sbin:/usr/bin:/sbin:/bin run-parts --lsbsysinit /etc/update-motd.d > /run/motd.dynamic.new,sh -c -- /usr/bin/env -i PATH=/usr/local/sbin:/usr/local/bin:/usr/sbin:/usr/bin:/sbin:/bin run-parts --lsbsysinit /etc/update-mo,/,benign,,1778300599.265,41273,attack_window,20260508_212317_basic_enum_YrdGDI,20260508_212317_suid_exec_dns_vandalism_9o1sm3,recon,yes,0,/usr/bin/dash,/bin/sh,/bin/sh|/lib64/ld-linux-x86-64.so.2,0,0,1001,24582,24580,(none),128
2.785129,recon/basic_enum,suid_exec,execve,exec,env,/usr/bin/env -i PATH=/usr/local/sbin:/usr/local/bin:/usr/sbin:/usr/bin:/sbin:/bin run-parts --lsbsysinit /etc/update-motd.d,/usr/bin/env -i PATH=/usr/local/sbin:/usr/local/bin:/usr/sbin:/usr/bin:/sbin:/bin run-parts --lsbsysinit /etc/update-motd.d,/,benign,,1778300599.266,41274,attack_window,20260508_212317_basic_enum_YrdGDI,20260508_212317_suid_exec_dns_vandalism_9o1sm3,recon,yes,0,/usr/bin/env,/usr/bin/env,/usr/bin/env|/lib64/ld-linux-x86-64.so.2,0,0,1001,24583,24582,(none),128
2.786129,recon/basic_enum,suid_exec,execve,exec,env,,/usr/bin/env -i PATH=/usr/local/sbin:/usr/local/bin:/usr/sbin:/usr/bin:/sbin:/bin run-parts --lsbsysinit /etc/update-motd.d,/,benign,,1778300599.267,41275,attack_window,20260508_212317_basic_enum_YrdGDI,20260508_212317_suid_exec_dns_vandalism_9o1sm3,recon,no,-2,/usr/bin/env,/usr/local/sbin/run-parts,/usr/local/sbin/run-parts,0,0,1001,24583,24582,(none),128
2.786129,recon/basic_enum,suid_exec,execve,exec,env,,/usr/bin/env -i PATH=/usr/local/sbin:/usr/local/bin:/usr/sbin:/usr/bin:/sbin:/bin run-parts --lsbsysinit /etc/update-motd.d,/,benign,,1778300599.267,41276,attack_window,20260508_212317_basic_enum_YrdGDI,20260508_212317_suid_exec_dns_vandalism_9o1sm3,recon,no,-2,/usr/bin/env,/usr/local/bin/run-parts,/usr/local/bin/run-parts,0,0,1001,24583,24582,(none),128
2.786129,recon/basic_enum,suid_exec,execve,exec,env,,/usr/bin/env -i PATH=/usr/local/sbin:/usr/local/bin:/usr/sbin:/usr/bin:/sbin:/bin run-parts --lsbsysinit /etc/update-motd.d,/,benign,,1778300599.267,41277,attack_window,20260508_212317_basic_enum_YrdGDI,20260508_212317_suid_exec_dns_vandalism_9o1sm3,recon,no,-2,/usr/bin/env,/usr/sbin/run-parts,/usr/sbin/run-parts,0,0,1001,24583,24582,(none),128
2.786129,recon/basic_enum,suid_exec,execve,exec,run-parts,run-parts --lsbsysinit /etc/update-motd.d,/usr/bin/env -i PATH=/usr/local/sbin:/usr/local/bin:/usr/sbin:/usr/bin:/sbin:/bin run-parts --lsbsysinit /etc/update-motd.d,/,benign,,1778300599.267,41278,attack_window,20260508_212317_basic_enum_YrdGDI,20260508_212317_suid_exec_dns_vandalism_9o1sm3,recon,yes,0,/usr/bin/run-parts,/usr/bin/run-parts,/usr/bin/run-parts|/lib64/ld-linux-x86-64.so.2,0,0,1001,24583,24582,(none),128
2.788129,recon/basic_enum,suid_exec,execve,exec,00-header,/bin/sh /etc/update-motd.d/00-header,/bin/sh /etc/update-motd.d/00-header,/,benign,,1778300599.269,41279,attack_window,20260508_212317_basic_enum_YrdGDI,20260508_212317_suid_exec_dns_vandalism_9o1sm3,recon,yes,0,/usr/bin/dash,/etc/update-motd.d/00-header,/etc/update-motd.d/00-header|/bin/sh|/lib64/ld-linux-x86-64.so.2,0,0,1001,24584,24583,(none),128
2.790129,recon/basic_enum,suid_exec,execve,exec,uname,uname -o,uname -o,/,benign,,1778300599.271,41280,attack_window,20260508_212317_basic_enum_YrdGDI,20260508_212317_suid_exec_dns_vandalism_9o1sm3,recon,yes,0,/usr/bin/uname,/usr/bin/uname,/usr/bin/uname|/lib64/ld-linux-x86-64.so.2,0,0,1001,24585,24584,(none),128
2.791129,recon/basic_enum,suid_exec,execve,exec,uname,uname -r,uname -r,/,benign,,1778300599.272,41281,attack_window,20260508_212317_basic_enum_YrdGDI,20260508_212317_suid_exec_dns_vandalism_9o1sm3,recon,yes,0,/usr/bin/uname,/usr/bin/uname,/usr/bin/uname|/lib64/ld-linux-x86-64.so.2,0,0,1001,24586,24584,(none),128
2.791129,recon/basic_enum,suid_exec,execve,exec,uname,uname -m,uname -m,/,benign,,1778300599.272,41282,attack_window,20260508_212317_basic_enum_YrdGDI,20260508_212317_suid_exec_dns_vandalism_9o1sm3,recon,yes,0,/usr/bin/uname,/usr/bin/uname,/usr/bin/uname|/lib64/ld-linux-x86-64.so.2,0,0,1001,24587,24584,(none),128
2.793129,recon/basic_enum,suid_exec,execve,exec,10-help-text,/bin/sh /etc/update-motd.d/10-help-text,/bin/sh /etc/update-motd.d/10-help-text,/,benign,,1778300599.274,41283,attack_window,20260508_212317_basic_enum_YrdGDI,20260508_212317_suid_exec_dns_vandalism_9o1sm3,recon,yes,0,/usr/bin/dash,/etc/update-motd.d/10-help-text,/etc/update-motd.d/10-help-text|/bin/sh|/lib64/ld-linux-x86-64.so.2,0,0,1001,24588,24583,(none),128
2.796129,recon/basic_enum,suid_exec,execve,exec,50-landscape-sy,/bin/sh /etc/update-motd.d/50-landscape-sysinfo,/bin/sh /etc/update-motd.d/50-landscape-sysinfo,/,benign,,1778300599.277,41284,attack_window,20260508_212317_basic_enum_YrdGDI,20260508_212317_suid_exec_dns_vandalism_9o1sm3,recon,yes,0,/usr/bin/dash,/etc/update-motd.d/50-landscape-sysinfo,/etc/update-motd.d/50-landscape-sysinfo|/bin/sh|/lib64/ld-linux-x86-64.so.2,0,0,1001,24589,24583,(none),128
2.797129,recon/basic_enum,suid_exec,execve,exec,find,find /var/lib/landscape/landscape-sysinfo.cache -newermt now-1 minutes,find /var/lib/landscape/landscape-sysinfo.cache -newermt now-1 minutes,/,benign,,1778300599.278,41285,attack_window,20260508_212317_basic_enum_YrdGDI,20260508_212317_suid_exec_dns_vandalism_9o1sm3,recon,yes,0,/usr/bin/find,/usr/bin/find,/usr/bin/find|/lib64/ld-linux-x86-64.so.2,0,0,1001,24590,24589,(none),128
2.798129,recon/basic_enum,suid_exec,execve,exec,cat,cat /var/lib/landscape/landscape-sysinfo.cache,cat /var/lib/landscape/landscape-sysinfo.cache,/,benign,,1778300599.279,41286,attack_window,20260508_212317_basic_enum_YrdGDI,20260508_212317_suid_exec_dns_vandalism_9o1sm3,recon,yes,0,/usr/bin/cat,/usr/bin/cat,/usr/bin/cat|/lib64/ld-linux-x86-64.so.2,0,0,1001,24591,24589,(none),128
2.799129,recon/basic_enum,suid_exec,execve,exec,50-motd-news,/bin/sh /etc/update-motd.d/50-motd-news,/bin/sh /etc/update-motd.d/50-motd-news,/,benign,,1778300599.280,41287,attack_window,20260508_212317_basic_enum_YrdGDI,20260508_212317_suid_exec_dns_vandalism_9o1sm3,recon,yes,0,/usr/bin/dash,/etc/update-motd.d/50-motd-news,/etc/update-motd.d/50-motd-news|/bin/sh|/lib64/ld-linux-x86-64.so.2,0,0,1001,24592,24583,(none),128
2.800129,recon/basic_enum,suid_exec,execve,exec,cat,cat /var/cache/motd-news,cat /var/cache/motd-news,/,benign,,1778300599.281,41288,attack_window,20260508_212317_basic_enum_YrdGDI,20260508_212317_suid_exec_dns_vandalism_9o1sm3,recon,yes,0,/usr/bin/cat,/usr/bin/cat,/usr/bin/cat|/lib64/ld-linux-x86-64.so.2,0,0,1001,24593,24592,(none),128
2.800129,recon/basic_enum,suid_exec,execve,exec,head,head -n 10,head -n 10,/,benign,,1778300599.281,41290,attack_window,20260508_212317_basic_enum_YrdGDI,20260508_212317_suid_exec_dns_vandalism_9o1sm3,recon,yes,0,/usr/bin/head,/usr/bin/head,/usr/bin/head|/lib64/ld-linux-x86-64.so.2,0,0,1001,24594,24592,(none),128
2.801129,recon/basic_enum,suid_exec,execve,exec,cut,cut -c -80,cut -c -80,/,benign,,1778300599.282,41289,attack_window,20260508_212317_basic_enum_YrdGDI,20260508_212317_suid_exec_dns_vandalism_9o1sm3,recon,yes,0,/usr/bin/cut,/usr/bin/cut,/usr/bin/cut|/lib64/ld-linux-x86-64.so.2,0,0,1001,24596,24592,(none),128
2.804129,recon/basic_enum,suid_exec,execve,exec,tr,tr -d \000-\011\013\014\016-\037,tr -d \000-\011\013\014\016-\037,/,benign,,1778300599.285,41291,attack_window,20260508_212317_basic_enum_YrdGDI,20260508_212317_suid_exec_dns_vandalism_9o1sm3,recon,yes,0,/usr/bin/tr,/usr/bin/tr,/usr/bin/tr|/lib64/ld-linux-x86-64.so.2,0,0,1001,24595,24592,(none),128
2.804129,recon/basic_enum,suid_exec,execve,exec,85-fwupd,/bin/sh /etc/update-motd.d/85-fwupd,/bin/sh /etc/update-motd.d/85-fwupd,/,benign,,1778300599.285,41292,attack_window,20260508_212317_basic_enum_YrdGDI,20260508_212317_suid_exec_dns_vandalism_9o1sm3,recon,yes,0,/usr/bin/dash,/etc/update-motd.d/85-fwupd,/etc/update-motd.d/85-fwupd|/bin/sh|/lib64/ld-linux-x86-64.so.2,0,0,1001,24597,24583,(none),128
2.806129,recon/basic_enum,suid_exec,execve,exec,cat,cat /run/motd.d/85-fwupd,cat /run/motd.d/85-fwupd,/,benign,,1778300599.287,41293,attack_window,20260508_212317_basic_enum_YrdGDI,20260508_212317_suid_exec_dns_vandalism_9o1sm3,recon,yes,0,/usr/bin/cat,/usr/bin/cat,/usr/bin/cat|/lib64/ld-linux-x86-64.so.2,0,0,1001,24598,24597,(none),128
2.807129,recon/basic_enum,suid_exec,execve,exec,90-updates-avai,/bin/sh /etc/update-motd.d/90-updates-available,/bin/sh /etc/update-motd.d/90-updates-available,/,benign,,1778300599.288,41294,attack_window,20260508_212317_basic_enum_YrdGDI,20260508_212317_suid_exec_dns_vandalism_9o1sm3,recon,yes,0,/usr/bin/dash,/etc/update-motd.d/90-updates-available,/etc/update-motd.d/90-updates-available|/bin/sh|/lib64/ld-linux-x86-64.so.2,0,0,1001,24599,24583,(none),128
2.808129,recon/basic_enum,suid_exec,execve,exec,cat,cat /var/lib/update-notifier/updates-available,cat /var/lib/update-notifier/updates-available,/,benign,,1778300599.289,41295,attack_window,20260508_212317_basic_enum_YrdGDI,20260508_212317_suid_exec_dns_vandalism_9o1sm3,recon,yes,0,/usr/bin/cat,/usr/bin/cat,/usr/bin/cat|/lib64/ld-linux-x86-64.so.2,0,0,1001,24600,24599,(none),128
2.809129,recon/basic_enum,suid_exec,execve,exec,find,find /var/lib/update-notifier/updates-available -newermt now-7 days,find /var/lib/update-notifier/updates-available -newermt now-7 days,/,benign,,1778300599.290,41296,attack_window,20260508_212317_basic_enum_YrdGDI,20260508_212317_suid_exec_dns_vandalism_9o1sm3,recon,yes,0,/usr/bin/find,/usr/bin/find,/usr/bin/find|/lib64/ld-linux-x86-64.so.2,0,0,1001,24601,24599,(none),128
2.809129,recon/basic_enum,suid_exec,execve,exec,grep,grep -q -m 1 .,grep -q -m 1 .,/,benign,,1778300599.290,41297,attack_window,20260508_212317_basic_enum_YrdGDI,20260508_212317_suid_exec_dns_vandalism_9o1sm3,recon,yes,0,/usr/bin/grep,/usr/bin/grep,/usr/bin/grep|/lib64/ld-linux-x86-64.so.2,0,0,1001,24602,24599,(none),128
2.811129,recon/basic_enum,suid_exec,execve,exec,91-contract-ua-,/bin/sh /etc/update-motd.d/91-contract-ua-esm-status,/bin/sh /etc/update-motd.d/91-contract-ua-esm-status,/,benign,,1778300599.292,41298,attack_window,20260508_212317_basic_enum_YrdGDI,20260508_212317_suid_exec_dns_vandalism_9o1sm3,recon,yes,0,/usr/bin/dash,/etc/update-motd.d/91-contract-ua-esm-status,/etc/update-motd.d/91-contract-ua-esm-status|/bin/sh|/lib64/ld-linux-x86-64.so.2,0,0,1001,24603,24583,(none),128
2.812129,recon/basic_enum,suid_exec,execve,exec,91-release-upgr,/bin/sh /etc/update-motd.d/91-release-upgrade,/bin/sh /etc/update-motd.d/91-release-upgrade,/,benign,,1778300599.293,41299,attack_window,20260508_212317_basic_enum_YrdGDI,20260508_212317_suid_exec_dns_vandalism_9o1sm3,recon,yes,0,/usr/bin/dash,/etc/update-motd.d/91-release-upgrade,/etc/update-motd.d/91-release-upgrade|/bin/sh|/lib64/ld-linux-x86-64.so.2,0,0,1001,24604,24583,(none),128
2.813129,recon/basic_enum,suid_exec,execve,exec,cut,cut -d -f4,cut -d -f4,/,benign,,1778300599.294,41300,attack_window,20260508_212317_basic_enum_YrdGDI,20260508_212317_suid_exec_dns_vandalism_9o1sm3,recon,yes,0,/usr/bin/cut,/usr/bin/cut,/usr/bin/cut|/lib64/ld-linux-x86-64.so.2,0,0,1001,24607,24605,(none),128
2.815129,recon/basic_enum,suid_exec,execve,exec,id,id -u,id -u,/,benign,,1778300599.296,41301,attack_window,20260508_212317_basic_enum_YrdGDI,20260508_212317_suid_exec_dns_vandalism_9o1sm3,recon,yes,0,/usr/bin/id,/usr/bin/id,/usr/bin/id|/lib64/ld-linux-x86-64.so.2,0,0,1001,24608,24604,(none),128
2.816129,recon/basic_enum,suid_exec,execve,exec,release-upgrade,/bin/sh -e /usr/lib/ubuntu-release-upgrader/release-upgrade-motd,/bin/sh /etc/update-motd.d/91-release-upgrade,/,benign,,1778300599.297,41302,attack_window,20260508_212317_basic_enum_YrdGDI,20260508_212317_suid_exec_dns_vandalism_9o1sm3,recon,yes,0,/usr/bin/dash,/usr/lib/ubuntu-release-upgrader/release-upgrade-motd,/usr/lib/ubuntu-release-upgrader/release-upgrade-motd|/bin/sh|/lib64/ld-linux-x86-64.so.2,0,0,1001,24604,24583,(none),128
2.816129,recon/basic_enum,suid_exec,execve,exec,date,date +%s,date +%s,/,benign,,1778300599.297,41303,attack_window,20260508_212317_basic_enum_YrdGDI,20260508_212317_suid_exec_dns_vandalism_9o1sm3,recon,yes,0,/usr/bin/date,/usr/bin/date,/usr/bin/date|/lib64/ld-linux-x86-64.so.2,0,0,1001,24609,24604,(none),128
2.818129,recon/basic_enum,suid_exec,execve,exec,stat,stat -c %Y /var/lib/ubuntu-release-upgrader/release-upgrade-available,stat -c %Y /var/lib/ubuntu-release-upgrader/release-upgrade-available,/,benign,,1778300599.299,41304,attack_window,20260508_212317_basic_enum_YrdGDI,20260508_212317_suid_exec_dns_vandalism_9o1sm3,recon,yes,0,/usr/bin/stat,/usr/bin/stat,/usr/bin/stat|/lib64/ld-linux-x86-64.so.2,0,0,1001,24610,24604,(none),128
2.819129,recon/basic_enum,suid_exec,execve,exec,expr,expr 1778282941 + 86400,expr 1778282941 + 86400,/,benign,,1778300599.300,41305,attack_window,20260508_212317_basic_enum_YrdGDI,20260508_212317_suid_exec_dns_vandalism_9o1sm3,recon,yes,0,/usr/bin/expr,/usr/bin/expr,/usr/bin/expr|/lib64/ld-linux-x86-64.so.2,0,0,1001,24611,24604,(none),128
2.820129,recon/basic_enum,suid_exec,execve,exec,92-unattended-u,/bin/sh /etc/update-motd.d/92-unattended-upgrades,/bin/sh /etc/update-motd.d/92-unattended-upgrades,/,benign,,1778300599.301,41306,attack_window,20260508_212317_basic_enum_YrdGDI,20260508_212317_suid_exec_dns_vandalism_9o1sm3,recon,yes,0,/usr/bin/dash,/etc/update-motd.d/92-unattended-upgrades,/etc/update-motd.d/92-unattended-upgrades|/bin/sh|/lib64/ld-linux-x86-64.so.2,0,0,1001,24612,24583,(none),128
2.821129,recon/basic_enum,suid_exec,execve,exec,update-motd-una,/bin/sh /usr/share/unattended-upgrades/update-motd-unattended-upgrades,/bin/sh /etc/update-motd.d/92-unattended-upgrades,/,benign,,1778300599.302,41307,attack_window,20260508_212317_basic_enum_YrdGDI,20260508_212317_suid_exec_dns_vandalism_9o1sm3,recon,yes,0,/usr/bin/dash,/usr/share/unattended-upgrades/update-motd-unattended-upgrades,/usr/share/unattended-upgrades/update-motd-unattended-upgrades|/bin/sh|/lib64/ld-linux-x86-64.so.2,0,0,1001,24612,24583,(none),128
2.821129,recon/basic_enum,suid_exec,execve,exec,95-hwe-eol,/bin/sh /etc/update-motd.d/95-hwe-eol,/bin/sh /etc/update-motd.d/95-hwe-eol,/,benign,,1778300599.302,41308,attack_window,20260508_212317_basic_enum_YrdGDI,20260508_212317_suid_exec_dns_vandalism_9o1sm3,recon,yes,0,/usr/bin/dash,/etc/update-motd.d/95-hwe-eol,/etc/update-motd.d/95-hwe-eol|/bin/sh|/lib64/ld-linux-x86-64.so.2,0,0,1001,24613,24583,(none),128
2.823129,recon/basic_enum,suid_exec,execve,exec,find,find /var/lib/update-notifier/hwe-eol -newermt now-1 days,find /var/lib/update-notifier/hwe-eol -newermt now-1 days,/,benign,,1778300599.304,41309,attack_window,20260508_212317_basic_enum_YrdGDI,20260508_212317_suid_exec_dns_vandalism_9o1sm3,recon,yes,0,/usr/bin/find,/usr/bin/find,/usr/bin/find|/lib64/ld-linux-x86-64.so.2,0,0,1001,24614,24613,(none),128
2.824129,recon/basic_enum,suid_exec,execve,exec,97-overlayroot,/bin/sh /etc/update-motd.d/97-overlayroot,/bin/sh /etc/update-motd.d/97-overlayroot,/,benign,,1778300599.305,41310,attack_window,20260508_212317_basic_enum_YrdGDI,20260508_212317_suid_exec_dns_vandalism_9o1sm3,recon,yes,0,/usr/bin/dash,/etc/update-motd.d/97-overlayroot,/etc/update-motd.d/97-overlayroot|/bin/sh|/lib64/ld-linux-x86-64.so.2,0,0,1001,24615,24583,(none),128
2.825129,recon/basic_enum,suid_exec,execve,exec,egrep,/bin/sh /usr/bin/egrep overlayroot|/media/root-ro|/media/root-rw /proc/mounts,/bin/sh /usr/bin/egrep overlayroot|/media/root-ro|/media/root-rw /proc/mounts,/,benign,,1778300599.306,41311,attack_window,20260508_212317_basic_enum_YrdGDI,20260508_212317_suid_exec_dns_vandalism_9o1sm3,recon,yes,0,/usr/bin/dash,/usr/bin/egrep,/usr/bin/egrep|/bin/sh|/lib64/ld-linux-x86-64.so.2,0,0,1001,24617,24616,(none),128
2.825129,recon/basic_enum,suid_exec,execve,exec,sort,sort -r,sort -r,/,benign,,1778300599.306,41315,attack_window,20260508_212317_basic_enum_YrdGDI,20260508_212317_suid_exec_dns_vandalism_9o1sm3,recon,yes,0,/usr/bin/sort,/usr/bin/sort,/usr/bin/sort|/lib64/ld-linux-x86-64.so.2,0,0,1001,24618,24616,(none),128
2.826129,recon/basic_enum,suid_exec,execve,exec,egrep,,/bin/sh /usr/bin/egrep overlayroot|/media/root-ro|/media/root-rw /proc/mounts,/,benign,,1778300599.307,41312,attack_window,20260508_212317_basic_enum_YrdGDI,20260508_212317_suid_exec_dns_vandalism_9o1sm3,recon,no,-2,/usr/bin/dash,/usr/local/sbin/grep,/usr/local/sbin/grep,0,0,1001,24617,24616,(none),128
2.826129,recon/basic_enum,suid_exec,execve,exec,egrep,,/bin/sh /usr/bin/egrep overlayroot|/media/root-ro|/media/root-rw /proc/mounts,/,benign,,1778300599.307,41313,attack_window,20260508_212317_basic_enum_YrdGDI,20260508_212317_suid_exec_dns_vandalism_9o1sm3,recon,no,-2,/usr/bin/dash,/usr/local/bin/grep,/usr/local/bin/grep,0,0,1001,24617,24616,(none),128
2.826129,recon/basic_enum,suid_exec,execve,exec,egrep,,/bin/sh /usr/bin/egrep overlayroot|/media/root-ro|/media/root-rw /proc/mounts,/,benign,,1778300599.307,41314,attack_window,20260508_212317_basic_enum_YrdGDI,20260508_212317_suid_exec_dns_vandalism_9o1sm3,recon,no,-2,/usr/bin/dash,/usr/sbin/grep,/usr/sbin/grep,0,0,1001,24617,24616,(none),128
2.826129,recon/basic_enum,suid_exec,execve,exec,grep,grep -E overlayroot|/media/root-ro|/media/root-rw /proc/mounts,/bin/sh /usr/bin/egrep overlayroot|/media/root-ro|/media/root-rw /proc/mounts,/,benign,,1778300599.307,41316,attack_window,20260508_212317_basic_enum_YrdGDI,20260508_212317_suid_exec_dns_vandalism_9o1sm3,recon,yes,0,/usr/bin/grep,/usr/bin/grep,/usr/bin/grep|/lib64/ld-linux-x86-64.so.2,0,0,1001,24617,24616,(none),128
2.829129,recon/basic_enum,suid_exec,execve,exec,98-fsck-at-rebo,/bin/sh /etc/update-motd.d/98-fsck-at-reboot,/bin/sh /etc/update-motd.d/98-fsck-at-reboot,/,benign,,1778300599.310,41317,attack_window,20260508_212317_basic_enum_YrdGDI,20260508_212317_suid_exec_dns_vandalism_9o1sm3,recon,yes,0,/usr/bin/dash,/etc/update-motd.d/98-fsck-at-reboot,/etc/update-motd.d/98-fsck-at-reboot|/bin/sh|/lib64/ld-linux-x86-64.so.2,0,0,1001,24619,24583,(none),128
2.830129,recon/basic_enum,suid_exec,execve,exec,update-motd-fsc,/bin/sh /usr/lib/update-notifier/update-motd-fsck-at-reboot,/bin/sh /etc/update-motd.d/98-fsck-at-reboot,/,benign,,1778300599.311,41318,attack_window,20260508_212317_basic_enum_YrdGDI,20260508_212317_suid_exec_dns_vandalism_9o1sm3,recon,yes,0,/usr/bin/dash,/usr/lib/update-notifier/update-motd-fsck-at-reboot,/usr/lib/update-notifier/update-motd-fsck-at-reboot|/bin/sh|/lib64/ld-linux-x86-64.so.2,0,0,1001,24619,24583,(none),128
2.831129,recon/basic_enum,suid_exec,execve,exec,id,id -u,id -u,/,benign,,1778300599.312,41319,attack_window,20260508_212317_basic_enum_YrdGDI,20260508_212317_suid_exec_dns_vandalism_9o1sm3,recon,yes,0,/usr/bin/id,/usr/bin/id,/usr/bin/id|/lib64/ld-linux-x86-64.so.2,0,0,1001,24620,24619,(none),128
2.832129,recon/basic_enum,suid_exec,execve,exec,stat,stat -c %Y /var/lib/update-notifier/fsck-at-reboot,stat -c %Y /var/lib/update-notifier/fsck-at-reboot,/,benign,,1778300599.313,41320,attack_window,20260508_212317_basic_enum_YrdGDI,20260508_212317_suid_exec_dns_vandalism_9o1sm3,recon,yes,0,/usr/bin/stat,/usr/bin/stat,/usr/bin/stat|/lib64/ld-linux-x86-64.so.2,0,0,1001,24621,24619,(none),128
2.834129,recon/basic_enum,suid_exec,execve,exec,awk,awk {print $1} /proc/uptime,awk {print $1} /proc/uptime,/,benign,,1778300599.315,41321,attack_window,20260508_212317_basic_enum_YrdGDI,20260508_212317_suid_exec_dns_vandalism_9o1sm3,recon,yes,0,/usr/bin/gawk,/usr/bin/awk,/usr/bin/awk|/lib64/ld-linux-x86-64.so.2,0,0,1001,24623,24622,(none),128
2.835129,recon/basic_enum,suid_exec,execve,exec,date,date -d now - 2845.66 seconds +%s,date -d now - 2845.66 seconds +%s,/,benign,,1778300599.316,41322,attack_window,20260508_212317_basic_enum_YrdGDI,20260508_212317_suid_exec_dns_vandalism_9o1sm3,recon,yes,0,/usr/bin/date,/usr/bin/date,/usr/bin/date|/lib64/ld-linux-x86-64.so.2,0,0,1001,24622,24619,(none),128
2.836129,recon/basic_enum,suid_exec,execve,exec,date,date +%s,date +%s,/,benign,,1778300599.317,41323,attack_window,20260508_212317_basic_enum_YrdGDI,20260508_212317_suid_exec_dns_vandalism_9o1sm3,recon,yes,0,/usr/bin/date,/usr/bin/date,/usr/bin/date|/lib64/ld-linux-x86-64.so.2,0,0,1001,24624,24619,(none),128
2.837129,recon/basic_enum,suid_exec,execve,exec,cat,cat /var/lib/update-notifier/fsck-at-reboot,cat /var/lib/update-notifier/fsck-at-reboot,/,benign,,1778300599.318,41324,attack_window,20260508_212317_basic_enum_YrdGDI,20260508_212317_suid_exec_dns_vandalism_9o1sm3,recon,yes,0,/usr/bin/cat,/usr/bin/cat,/usr/bin/cat|/lib64/ld-linux-x86-64.so.2,0,0,1001,24625,24619,(none),128
2.838129,recon/basic_enum,suid_exec,execve,exec,98-reboot-requi,/bin/sh /etc/update-motd.d/98-reboot-required,/bin/sh /etc/update-motd.d/98-reboot-required,/,benign,,1778300599.319,41325,attack_window,20260508_212317_basic_enum_YrdGDI,20260508_212317_suid_exec_dns_vandalism_9o1sm3,recon,yes,0,/usr/bin/dash,/etc/update-motd.d/98-reboot-required,/etc/update-motd.d/98-reboot-required|/bin/sh|/lib64/ld-linux-x86-64.so.2,0,0,1001,24626,24583,(none),128
2.838129,recon/basic_enum,suid_exec,execve,exec,update-motd-reb,/bin/sh -e /usr/lib/update-notifier/update-motd-reboot-required,/bin/sh /etc/update-motd.d/98-reboot-required,/,benign,,1778300599.319,41326,attack_window,20260508_212317_basic_enum_YrdGDI,20260508_212317_suid_exec_dns_vandalism_9o1sm3,recon,yes,0,/usr/bin/dash,/usr/lib/update-notifier/update-motd-reboot-required,/usr/lib/update-notifier/update-motd-reboot-required|/bin/sh|/lib64/ld-linux-x86-64.so.2,0,0,1001,24626,24583,(none),128
2.840129,recon/basic_enum,suid_exec,rename,file_destroy,sshd,,/usr/sbin/sshd -D -R,/,benign,,1778300599.321,41327,attack_window,20260508_212317_basic_enum_YrdGDI,20260508_212317_suid_exec_dns_vandalism_9o1sm3,recon,yes,0,/usr/sbin/sshd,/run/,/run/|/run/motd.dynamic.new|/run/motd.dynamic,0,0,1001,24580,21008,(none),128
2.840129,recon/basic_enum,suid_exec,connect,network_connect,sshd,,/usr/sbin/sshd -D -R,/,benign,,1778300599.321,41328,attack_window,20260508_212317_basic_enum_YrdGDI,20260508_212317_suid_exec_dns_vandalism_9o1sm3,recon,yes,0,/usr/sbin/sshd,/run/systemd/userdb/io.systemd.DynamicUser,/run/systemd/userdb/io.systemd.DynamicUser,0,0,1001,24580,21008,(none),128
2.841129,recon/basic_enum,suid_exec,connect,network_connect,sshd,,/usr/sbin/sshd -D -R,/,benign,,1778300599.322,41329,attack_window,20260508_212317_basic_enum_YrdGDI,20260508_212317_suid_exec_dns_vandalism_9o1sm3,recon,yes,0,/usr/sbin/sshd,/run/systemd/userdb/io.systemd.DynamicUser,/run/systemd/userdb/io.systemd.DynamicUser,0,0,1001,24580,21008,(none),128
2.841129,recon/basic_enum,suid_exec,connect,network_connect,sshd,,/usr/sbin/sshd -D -R,/,benign,,1778300599.322,41330,attack_window,20260508_212317_basic_enum_YrdGDI,20260508_212317_suid_exec_dns_vandalism_9o1sm3,recon,yes,0,/usr/sbin/sshd,/run/systemd/userdb/io.systemd.DynamicUser,/run/systemd/userdb/io.systemd.DynamicUser,0,0,1001,24580,21008,(none),128
2.841129,recon/basic_enum,suid_exec,connect,network_connect,sshd,,/usr/sbin/sshd -D -R,/,benign,,1778300599.322,41331,attack_window,20260508_212317_basic_enum_YrdGDI,20260508_212317_suid_exec_dns_vandalism_9o1sm3,recon,yes,0,/usr/sbin/sshd,/run/systemd/userdb/io.systemd.DynamicUser,/run/systemd/userdb/io.systemd.DynamicUser,0,0,1001,24580,21008,(none),128
2.842129,recon/basic_enum,suid_exec,connect,network_connect,sshd,,/usr/sbin/sshd -D -R,/,benign,,1778300599.323,41332,attack_window,20260508_212317_basic_enum_YrdGDI,20260508_212317_suid_exec_dns_vandalism_9o1sm3,recon,yes,0,/usr/sbin/sshd,/run/systemd/userdb/io.systemd.DynamicUser,/run/systemd/userdb/io.systemd.DynamicUser,0,0,1001,24580,21008,(none),128
2.842129,recon/basic_enum,suid_exec,,,,,,,ambiguous,,1778300599.323,41333,attack_window,20260508_212317_basic_enum_YrdGDI,20260508_212317_suid_exec_dns_vandalism_9o1sm3,recon,,,,,,,,,,,,
2.842129,recon/basic_enum,suid_exec,setgid,privilege_transition,sshd,,sshd: deploy-rkejw [priv],,benign,,1778300599.323,41334,attack_window,20260508_212317_basic_enum_YrdGDI,20260508_212317_suid_exec_dns_vandalism_9o1sm3,recon,yes,0,/usr/sbin/sshd,,,0,0,1001,24627,24580,(none),128
2.842129,recon/basic_enum,suid_exec,connect,network_connect,sshd,,sshd: deploy-rkejw [priv],/,benign,,1778300599.323,41335,attack_window,20260508_212317_basic_enum_YrdGDI,20260508_212317_suid_exec_dns_vandalism_9o1sm3,recon,yes,0,/usr/sbin/sshd,/run/systemd/userdb/io.systemd.DynamicUser,/run/systemd/userdb/io.systemd.DynamicUser,0,0,1001,24627,24580,(none),128
2.843129,recon/basic_enum,suid_exec,connect,network_connect,sshd,,sshd: deploy-rkejw [priv],/,benign,,1778300599.324,41336,attack_window,20260508_212317_basic_enum_YrdGDI,20260508_212317_suid_exec_dns_vandalism_9o1sm3,recon,yes,0,/usr/sbin/sshd,/run/systemd/userdb/io.systemd.DynamicUser,/run/systemd/userdb/io.systemd.DynamicUser,0,0,1001,24627,24580,(none),128
2.843129,recon/basic_enum,suid_exec,126,privilege_transition,sshd,,sshd: deploy-rkejw [priv],,benign,,1778300599.324,41337,attack_window,20260508_212317_basic_enum_YrdGDI,20260508_212317_suid_exec_dns_vandalism_9o1sm3,recon,yes,0,/usr/sbin/sshd,,,0,0,1001,24627,24580,(none),128
2.844129,recon/basic_enum,suid_exec,,,,,,,ambiguous,,1778300599.325,41338,attack_window,20260508_212317_basic_enum_YrdGDI,20260508_212317_suid_exec_dns_vandalism_9o1sm3,recon,,,,,,,,,,,,
2.844129,recon/basic_enum,suid_exec,setresgid,privilege_transition,sshd,,sshd: deploy-rkejw [priv],,benign,,1778300599.325,41339,attack_window,20260508_212317_basic_enum_YrdGDI,20260508_212317_suid_exec_dns_vandalism_9o1sm3,recon,yes,0,/usr/sbin/sshd,,,0,0,1001,24627,24580,(none),128
2.844129,recon/basic_enum,suid_exec,setresuid,privilege_transition,sshd,,sshd: deploy-rkejw [priv],,benign,,1778300599.325,41340,attack_window,20260508_212317_basic_enum_YrdGDI,20260508_212317_suid_exec_dns_vandalism_9o1sm3,recon,yes,0,/usr/sbin/sshd,,,1001,1001,1001,24627,24580,(none),128
2.844129,recon/basic_enum,suid_exec,setuid,privilege_transition,sshd,,sshd: deploy-rkejw [priv],,benign,,1778300599.325,41341,attack_window,20260508_212317_basic_enum_YrdGDI,20260508_212317_suid_exec_dns_vandalism_9o1sm3,recon,no,-1,/usr/sbin/sshd,,,1001,1001,1001,24627,24580,(none),128
2.844129,recon/basic_enum,suid_exec,setresuid,privilege_transition,sshd,,sshd: deploy-rkejw [priv],,benign,,1778300599.325,41342,attack_window,20260508_212317_basic_enum_YrdGDI,20260508_212317_suid_exec_dns_vandalism_9o1sm3,recon,no,-1,/usr/sbin/sshd,,,1001,1001,1001,24627,24580,(none),128
2.891129,recon/basic_enum,suid_exec,execve,shell_exec,bash,bash -c /usr/lib/openssh/sftp-server,bash -c /usr/lib/openssh/sftp-server,/home/deploy-rkejw,benign,,1778300599.372,41343,attack_window,20260508_212317_basic_enum_YrdGDI,20260508_212317_suid_exec_dns_vandalism_9o1sm3,recon,yes,0,/usr/bin/bash,/bin/bash,/bin/bash|/lib64/ld-linux-x86-64.so.2,1001,1001,1001,24628,24627,(none),128
2.893129,recon/basic_enum,suid_exec,execve,exec,sftp-server,/usr/lib/openssh/sftp-server,bash -c /usr/lib/openssh/sftp-server,/home/deploy-rkejw,benign,,1778300599.374,41344,attack_window,20260508_212317_basic_enum_YrdGDI,20260508_212317_suid_exec_dns_vandalism_9o1sm3,recon,yes,0,/usr/lib/openssh/sftp-server,/usr/lib/openssh/sftp-server,/usr/lib/openssh/sftp-server|/lib64/ld-linux-x86-64.so.2,1001,1001,1001,24628,24627,(none),128
2.894129,recon/basic_enum,suid_exec,connect,network_connect,sftp-server,,bash -c /usr/lib/openssh/sftp-server,/home/deploy-rkejw,benign,,1778300599.375,41345,attack_window,20260508_212317_basic_enum_YrdGDI,20260508_212317_suid_exec_dns_vandalism_9o1sm3,recon,no,-2,/usr/lib/openssh/sftp-server,/var/run/nscd/socket,/var/run/nscd/socket,1001,1001,1001,24628,24627,(none),128
2.894129,recon/basic_enum,suid_exec,connect,network_connect,sftp-server,,bash -c /usr/lib/openssh/sftp-server,/home/deploy-rkejw,benign,,1778300599.375,41346,attack_window,20260508_212317_basic_enum_YrdGDI,20260508_212317_suid_exec_dns_vandalism_9o1sm3,recon,no,-2,/usr/lib/openssh/sftp-server,/var/run/nscd/socket,/var/run/nscd/socket,1001,1001,1001,24628,24627,(none),128
2.899129,recon/basic_enum,suid_exec,connect,network_connect,sshd,,sshd: deploy-rkejw [priv],/,benign,,1778300599.380,41347,attack_window,20260508_212317_basic_enum_YrdGDI,20260508_212317_suid_exec_dns_vandalism_9o1sm3,recon,yes,0,/usr/sbin/sshd,/dev/log,/dev/log,1001,1001,1001,24627,24580,(none),128
2.899129,recon/basic_enum,suid_exec,114,privilege_transition,sshd,,/usr/sbin/sshd -D -R,,benign,,1778300599.380,41348,attack_window,20260508_212317_basic_enum_YrdGDI,20260508_212317_suid_exec_dns_vandalism_9o1sm3,recon,yes,0,/usr/sbin/sshd,,,0,0,1001,24580,21008,(none),128
2.899129,recon/basic_enum,suid_exec,setresuid,privilege_transition,sshd,,/usr/sbin/sshd -D -R,,benign,,1778300599.380,41349,attack_window,20260508_212317_basic_enum_YrdGDI,20260508_212317_suid_exec_dns_vandalism_9o1sm3,recon,yes,0,/usr/sbin/sshd,,,0,1001,1001,24580,21008,(none),128
2.899129,recon/basic_enum,suid_exec,113,privilege_transition,sshd,,/usr/sbin/sshd -D -R,,benign,,1778300599.380,41350,attack_window,20260508_212317_basic_enum_YrdGDI,20260508_212317_suid_exec_dns_vandalism_9o1sm3,recon,yes,0,/usr/sbin/sshd,,,0,0,1001,24580,21008,(none),128
2.899129,recon/basic_enum,suid_exec,114,privilege_transition,sshd,,/usr/sbin/sshd -D -R,,benign,,1778300599.380,41351,attack_window,20260508_212317_basic_enum_YrdGDI,20260508_212317_suid_exec_dns_vandalism_9o1sm3,recon,yes,0,/usr/sbin/sshd,,,0,0,1001,24580,21008,(none),128
2.900129,recon/basic_enum,suid_exec,connect,network_connect,sshd,,/usr/sbin/sshd -D -R,/,benign,,1778300599.381,41352,attack_window,20260508_212317_basic_enum_YrdGDI,20260508_212317_suid_exec_dns_vandalism_9o1sm3,recon,yes,0,/usr/sbin/sshd,/run/dbus/system_bus_socket,/run/dbus/system_bus_socket,0,0,1001,24580,21008,(none),128
2.901129,recon/basic_enum,suid_exec,,,,,,,ambiguous,,1778300599.382,41353,attack_window,20260508_212317_basic_enum_YrdGDI,20260508_212317_suid_exec_dns_vandalism_9o1sm3,recon,,,,,,,,,,,,
2.901129,recon/basic_enum,suid_exec,,,,,,,ambiguous,,1778300599.382,41354,attack_window,20260508_212317_basic_enum_YrdGDI,20260508_212317_suid_exec_dns_vandalism_9o1sm3,recon,,,,,,,,,,,,
2.901129,recon/basic_enum,suid_exec,setresgid,privilege_transition,sshd,,/usr/sbin/sshd -D -R,,benign,,1778300599.382,41355,attack_window,20260508_212317_basic_enum_YrdGDI,20260508_212317_suid_exec_dns_vandalism_9o1sm3,recon,yes,0,/usr/sbin/sshd,,,0,0,1001,24580,21008,(none),128
2.901129,recon/basic_enum,suid_exec,setresuid,privilege_transition,sshd,,/usr/sbin/sshd -D -R,,benign,,1778300599.382,41356,attack_window,20260508_212317_basic_enum_YrdGDI,20260508_212317_suid_exec_dns_vandalism_9o1sm3,recon,yes,0,/usr/sbin/sshd,,,0,1001,1001,24580,21008,(none),128
2.901129,recon/basic_enum,suid_exec,setresuid,privilege_transition,sshd,,/usr/sbin/sshd -D -R,,benign,,1778300599.382,41357,attack_window,20260508_212317_basic_enum_YrdGDI,20260508_212317_suid_exec_dns_vandalism_9o1sm3,recon,yes,0,/usr/sbin/sshd,,,0,0,1001,24580,21008,(none),128
2.901129,recon/basic_enum,suid_exec,setresgid,privilege_transition,sshd,,/usr/sbin/sshd -D -R,,benign,,1778300599.382,41358,attack_window,20260508_212317_basic_enum_YrdGDI,20260508_212317_suid_exec_dns_vandalism_9o1sm3,recon,yes,0,/usr/sbin/sshd,,,0,0,1001,24580,21008,(none),128
2.914129,recon/basic_enum,suid_exec,execve,exec,sshd,/usr/sbin/sshd -D -R,/usr/sbin/sshd -D -R,/,benign,,1778300599.395,41359,attack_window,20260508_212317_basic_enum_YrdGDI,20260508_212317_suid_exec_dns_vandalism_9o1sm3,recon,yes,0,/usr/sbin/sshd,/usr/sbin/sshd,/usr/sbin/sshd|/lib64/ld-linux-x86-64.so.2,0,0,4294967295,24629,21008,(none),4294967295
2.916129,recon/basic_enum,suid_exec,connect,network_connect,sshd,,/usr/sbin/sshd -D -R,/,benign,,1778300599.397,41360,attack_window,20260508_212317_basic_enum_YrdGDI,20260508_212317_suid_exec_dns_vandalism_9o1sm3,recon,no,-2,/usr/sbin/sshd,/var/run/nscd/socket,/var/run/nscd/socket,0,0,4294967295,24629,21008,(none),4294967295
2.916129,recon/basic_enum,suid_exec,connect,network_connect,sshd,,/usr/sbin/sshd -D -R,,benign,,1778300599.397,41361,attack_window,20260508_212317_basic_enum_YrdGDI,20260508_212317_suid_exec_dns_vandalism_9o1sm3,recon,yes,0,/usr/sbin/sshd,,,0,0,4294967295,24629,21008,(none),4294967295
2.916129,recon/basic_enum,suid_exec,connect,network_connect,sshd,,/usr/sbin/sshd -D -R,,benign,,1778300599.397,41362,attack_window,20260508_212317_basic_enum_YrdGDI,20260508_212317_suid_exec_dns_vandalism_9o1sm3,recon,yes,0,/usr/sbin/sshd,,,0,0,4294967295,24629,21008,(none),4294967295
2.916129,recon/basic_enum,suid_exec,connect,network_connect,sshd,,/usr/sbin/sshd -D -R,,benign,,1778300599.397,41363,attack_window,20260508_212317_basic_enum_YrdGDI,20260508_212317_suid_exec_dns_vandalism_9o1sm3,recon,yes,0,/usr/sbin/sshd,,,0,0,4294967295,24629,21008,(none),4294967295
2.916129,recon/basic_enum,suid_exec,connect,network_connect,sshd,,/usr/sbin/sshd -D -R,/,benign,,1778300599.397,41364,attack_window,20260508_212317_basic_enum_YrdGDI,20260508_212317_suid_exec_dns_vandalism_9o1sm3,recon,no,-2,/usr/sbin/sshd,/var/run/nscd/socket,/var/run/nscd/socket,0,0,4294967295,24629,21008,(none),4294967295
2.917129,recon/basic_enum,suid_exec,connect,network_connect,sshd,,/usr/sbin/sshd -D -R,/,benign,,1778300599.398,41365,attack_window,20260508_212317_basic_enum_YrdGDI,20260508_212317_suid_exec_dns_vandalism_9o1sm3,recon,no,-2,/usr/sbin/sshd,/var/run/nscd/socket,/var/run/nscd/socket,0,0,4294967295,24629,21008,(none),4294967295
2.918129,recon/basic_enum,suid_exec,setresgid,privilege_transition,sshd,,sshd: [accepted],,benign,,1778300599.399,41366,attack_window,20260508_212317_basic_enum_YrdGDI,20260508_212317_suid_exec_dns_vandalism_9o1sm3,recon,yes,0,/usr/sbin/sshd,,,0,0,4294967295,24630,24629,(none),4294967295
2.919129,recon/basic_enum,suid_exec,setresuid,privilege_transition,sshd,,sshd: [accepted],,benign,,1778300599.400,41367,attack_window,20260508_212317_basic_enum_YrdGDI,20260508_212317_suid_exec_dns_vandalism_9o1sm3,recon,yes,0,/usr/sbin/sshd,,,109,109,4294967295,24630,24629,(none),4294967295
2.919129,recon/basic_enum,suid_exec,setgid,privilege_transition,sshd,,sshd: [accepted],,benign,,1778300599.400,41368,attack_window,20260508_212317_basic_enum_YrdGDI,20260508_212317_suid_exec_dns_vandalism_9o1sm3,recon,no,-1,/usr/sbin/sshd,,,109,109,4294967295,24630,24629,(none),4294967295
2.919129,recon/basic_enum,suid_exec,setresgid,privilege_transition,sshd,,sshd: [accepted],,benign,,1778300599.400,41369,attack_window,20260508_212317_basic_enum_YrdGDI,20260508_212317_suid_exec_dns_vandalism_9o1sm3,recon,no,-1,/usr/sbin/sshd,,,109,109,4294967295,24630,24629,(none),4294967295
2.919129,recon/basic_enum,suid_exec,setuid,privilege_transition,sshd,,sshd: [accepted],,benign,,1778300599.400,41370,attack_window,20260508_212317_basic_enum_YrdGDI,20260508_212317_suid_exec_dns_vandalism_9o1sm3,recon,no,-1,/usr/sbin/sshd,,,109,109,4294967295,24630,24629,(none),4294967295
2.919129,recon/basic_enum,suid_exec,setresuid,privilege_transition,sshd,,sshd: [accepted],,benign,,1778300599.400,41371,attack_window,20260508_212317_basic_enum_YrdGDI,20260508_212317_suid_exec_dns_vandalism_9o1sm3,recon,no,-1,/usr/sbin/sshd,,,109,109,4294967295,24630,24629,(none),4294967295
2.960129,recon/basic_enum,suid_exec,execve,exec,mkdir,mkdir -p projects/project_10/src projects/project_10/data projects/project_10/notes projects/project_10/reports projects/project_10/config docs scripts downloads temp archive logs,mkdir -p projects/project_10/src projects/project_10/data projects/project_10/notes projects/project_10/reports projects/project,/home/analyst/baseline_workload/run_20260509_041538,benign,,1778300599.441,41372,attack_window,20260508_212317_basic_enum_YrdGDI,20260508_212317_suid_exec_dns_vandalism_9o1sm3,recon,yes,0,/usr/bin/mkdir,/usr/bin/mkdir,/usr/bin/mkdir|/lib64/ld-linux-x86-64.so.2,1000,1000,1000,24631,15400,(none),25
2.961129,recon/basic_enum,suid_exec,mkdir,home_activity,mkdir,,mkdir -p projects/project_10/src projects/project_10/data projects/project_10/notes projects/project_10/reports projects/project,/home/analyst/baseline_workload/run_20260509_041538,benign,,1778300599.442,41373,attack_window,20260508_212317_basic_enum_YrdGDI,20260508_212317_suid_exec_dns_vandalism_9o1sm3,recon,no,-17,/usr/bin/mkdir,/home/analyst/baseline_workload/run_20260509_041538,/home/analyst/baseline_workload/run_20260509_041538,1000,1000,1000,24631,15400,(none),25
2.961129,recon/basic_enum,suid_exec,mkdir,home_activity,mkdir,,mkdir -p projects/project_10/src projects/project_10/data projects/project_10/notes projects/project_10/reports projects/project,/home/analyst/baseline_workload/run_20260509_041538/projects,benign,,1778300599.442,41374,attack_window,20260508_212317_basic_enum_YrdGDI,20260508_212317_suid_exec_dns_vandalism_9o1sm3,recon,no,-17,/usr/bin/mkdir,/home/analyst/baseline_workload/run_20260509_041538/projects,/home/analyst/baseline_workload/run_20260509_041538/projects,1000,1000,1000,24631,15400,(none),25
2.961129,recon/basic_enum,suid_exec,mkdir,home_activity,mkdir,,mkdir -p projects/project_10/src projects/project_10/data projects/project_10/notes projects/project_10/reports projects/project,/home/analyst/baseline_workload/run_20260509_041538/projects/project_10,benign,,1778300599.442,41375,attack_window,20260508_212317_basic_enum_YrdGDI,20260508_212317_suid_exec_dns_vandalism_9o1sm3,recon,no,-17,/usr/bin/mkdir,/home/analyst/baseline_workload/run_20260509_041538/projects/project_10,/home/analyst/baseline_workload/run_20260509_041538/projects/project_10,1000,1000,1000,24631,15400,(none),25
2.961129,recon/basic_enum,suid_exec,mkdir,home_activity,mkdir,,mkdir -p projects/project_10/src projects/project_10/data projects/project_10/notes projects/project_10/reports projects/project,/home/analyst/baseline_workload/run_20260509_041538,benign,,1778300599.442,41376,attack_window,20260508_212317_basic_enum_YrdGDI,20260508_212317_suid_exec_dns_vandalism_9o1sm3,recon,no,-17,/usr/bin/mkdir,/home/analyst/baseline_workload/run_20260509_041538,/home/analyst/baseline_workload/run_20260509_041538,1000,1000,1000,24631,15400,(none),25
2.961129,recon/basic_enum,suid_exec,mkdir,home_activity,mkdir,,mkdir -p projects/project_10/src projects/project_10/data projects/project_10/notes projects/project_10/reports projects/project,/home/analyst/baseline_workload/run_20260509_041538/projects,benign,,1778300599.442,41377,attack_window,20260508_212317_basic_enum_YrdGDI,20260508_212317_suid_exec_dns_vandalism_9o1sm3,recon,no,-17,/usr/bin/mkdir,/home/analyst/baseline_workload/run_20260509_041538/projects,/home/analyst/baseline_workload/run_20260509_041538/projects,1000,1000,1000,24631,15400,(none),25
2.961129,recon/basic_enum,suid_exec,mkdir,home_activity,mkdir,,mkdir -p projects/project_10/src projects/project_10/data projects/project_10/notes projects/project_10/reports projects/project,/home/analyst/baseline_workload/run_20260509_041538/projects/project_10,benign,,1778300599.442,41378,attack_window,20260508_212317_basic_enum_YrdGDI,20260508_212317_suid_exec_dns_vandalism_9o1sm3,recon,no,-17,/usr/bin/mkdir,/home/analyst/baseline_workload/run_20260509_041538/projects/project_10,/home/analyst/baseline_workload/run_20260509_041538/projects/project_10,1000,1000,1000,24631,15400,(none),25
2.961129,recon/basic_enum,suid_exec,mkdir,home_activity,mkdir,,mkdir -p projects/project_10/src projects/project_10/data projects/project_10/notes projects/project_10/reports projects/project,/home/analyst/baseline_workload/run_20260509_041538,benign,,1778300599.442,41379,attack_window,20260508_212317_basic_enum_YrdGDI,20260508_212317_suid_exec_dns_vandalism_9o1sm3,recon,no,-17,/usr/bin/mkdir,/home/analyst/baseline_workload/run_20260509_041538,/home/analyst/baseline_workload/run_20260509_041538,1000,1000,1000,24631,15400,(none),25
2.961129,recon/basic_enum,suid_exec,mkdir,home_activity,mkdir,,mkdir -p projects/project_10/src projects/project_10/data projects/project_10/notes projects/project_10/reports projects/project,/home/analyst/baseline_workload/run_20260509_041538/projects,benign,,1778300599.442,41380,attack_window,20260508_212317_basic_enum_YrdGDI,20260508_212317_suid_exec_dns_vandalism_9o1sm3,recon,no,-17,/usr/bin/mkdir,/home/analyst/baseline_workload/run_20260509_041538/projects,/home/analyst/baseline_workload/run_20260509_041538/projects,1000,1000,1000,24631,15400,(none),25
2.961129,recon/basic_enum,suid_exec,mkdir,home_activity,mkdir,,mkdir -p projects/project_10/src projects/project_10/data projects/project_10/notes projects/project_10/reports projects/project,/home/analyst/baseline_workload/run_20260509_041538/projects/project_10,benign,,1778300599.442,41381,attack_window,20260508_212317_basic_enum_YrdGDI,20260508_212317_suid_exec_dns_vandalism_9o1sm3,recon,no,-17,/usr/bin/mkdir,/home/analyst/baseline_workload/run_20260509_041538/projects/project_10,/home/analyst/baseline_workload/run_20260509_041538/projects/project_10,1000,1000,1000,24631,15400,(none),25
2.961129,recon/basic_enum,suid_exec,mkdir,home_activity,mkdir,,mkdir -p projects/project_10/src projects/project_10/data projects/project_10/notes projects/project_10/reports projects/project,/home/analyst/baseline_workload/run_20260509_041538,benign,,1778300599.442,41382,attack_window,20260508_212317_basic_enum_YrdGDI,20260508_212317_suid_exec_dns_vandalism_9o1sm3,recon,no,-17,/usr/bin/mkdir,/home/analyst/baseline_workload/run_20260509_041538,/home/analyst/baseline_workload/run_20260509_041538,1000,1000,1000,24631,15400,(none),25
2.961129,recon/basic_enum,suid_exec,mkdir,home_activity,mkdir,,mkdir -p projects/project_10/src projects/project_10/data projects/project_10/notes projects/project_10/reports projects/project,/home/analyst/baseline_workload/run_20260509_041538/projects,benign,,1778300599.442,41383,attack_window,20260508_212317_basic_enum_YrdGDI,20260508_212317_suid_exec_dns_vandalism_9o1sm3,recon,no,-17,/usr/bin/mkdir,/home/analyst/baseline_workload/run_20260509_041538/projects,/home/analyst/baseline_workload/run_20260509_041538/projects,1000,1000,1000,24631,15400,(none),25
2.961129,recon/basic_enum,suid_exec,mkdir,home_activity,mkdir,,mkdir -p projects/project_10/src projects/project_10/data projects/project_10/notes projects/project_10/reports projects/project,/home/analyst/baseline_workload/run_20260509_041538/projects/project_10,benign,,1778300599.442,41384,attack_window,20260508_212317_basic_enum_YrdGDI,20260508_212317_suid_exec_dns_vandalism_9o1sm3,recon,no,-17,/usr/bin/mkdir,/home/analyst/baseline_workload/run_20260509_041538/projects/project_10,/home/analyst/baseline_workload/run_20260509_041538/projects/project_10,1000,1000,1000,24631,15400,(none),25
2.961129,recon/basic_enum,suid_exec,mkdir,home_activity,mkdir,,mkdir -p projects/project_10/src projects/project_10/data projects/project_10/notes projects/project_10/reports projects/project,/home/analyst/baseline_workload/run_20260509_041538,benign,,1778300599.442,41385,attack_window,20260508_212317_basic_enum_YrdGDI,20260508_212317_suid_exec_dns_vandalism_9o1sm3,recon,no,-17,/usr/bin/mkdir,/home/analyst/baseline_workload/run_20260509_041538,/home/analyst/baseline_workload/run_20260509_041538,1000,1000,1000,24631,15400,(none),25
2.961129,recon/basic_enum,suid_exec,mkdir,home_activity,mkdir,,mkdir -p projects/project_10/src projects/project_10/data projects/project_10/notes projects/project_10/reports projects/project,/home/analyst/baseline_workload/run_20260509_041538/projects,benign,,1778300599.442,41386,attack_window,20260508_212317_basic_enum_YrdGDI,20260508_212317_suid_exec_dns_vandalism_9o1sm3,recon,no,-17,/usr/bin/mkdir,/home/analyst/baseline_workload/run_20260509_041538/projects,/home/analyst/baseline_workload/run_20260509_041538/projects,1000,1000,1000,24631,15400,(none),25
2.961129,recon/basic_enum,suid_exec,mkdir,home_activity,mkdir,,mkdir -p projects/project_10/src projects/project_10/data projects/project_10/notes projects/project_10/reports projects/project,/home/analyst/baseline_workload/run_20260509_041538/projects/project_10,benign,,1778300599.442,41387,attack_window,20260508_212317_basic_enum_YrdGDI,20260508_212317_suid_exec_dns_vandalism_9o1sm3,recon,no,-17,/usr/bin/mkdir,/home/analyst/baseline_workload/run_20260509_041538/projects/project_10,/home/analyst/baseline_workload/run_20260509_041538/projects/project_10,1000,1000,1000,24631,15400,(none),25
2.961129,recon/basic_enum,suid_exec,mkdir,home_activity,mkdir,,mkdir -p projects/project_10/src projects/project_10/data projects/project_10/notes projects/project_10/reports projects/project,/home/analyst/baseline_workload/run_20260509_041538,benign,,1778300599.442,41388,attack_window,20260508_212317_basic_enum_YrdGDI,20260508_212317_suid_exec_dns_vandalism_9o1sm3,recon,no,-17,/usr/bin/mkdir,/home/analyst/baseline_workload/run_20260509_041538,/home/analyst/baseline_workload/run_20260509_041538,1000,1000,1000,24631,15400,(none),25
2.961129,recon/basic_enum,suid_exec,mkdir,home_activity,mkdir,,mkdir -p projects/project_10/src projects/project_10/data projects/project_10/notes projects/project_10/reports projects/project,/home/analyst/baseline_workload/run_20260509_041538,benign,,1778300599.442,41389,attack_window,20260508_212317_basic_enum_YrdGDI,20260508_212317_suid_exec_dns_vandalism_9o1sm3,recon,no,-17,/usr/bin/mkdir,/home/analyst/baseline_workload/run_20260509_041538,/home/analyst/baseline_workload/run_20260509_041538,1000,1000,1000,24631,15400,(none),25
2.961129,recon/basic_enum,suid_exec,mkdir,home_activity,mkdir,,mkdir -p projects/project_10/src projects/project_10/data projects/project_10/notes projects/project_10/reports projects/project,/home/analyst/baseline_workload/run_20260509_041538,benign,,1778300599.442,41390,attack_window,20260508_212317_basic_enum_YrdGDI,20260508_212317_suid_exec_dns_vandalism_9o1sm3,recon,no,-17,/usr/bin/mkdir,/home/analyst/baseline_workload/run_20260509_041538,/home/analyst/baseline_workload/run_20260509_041538,1000,1000,1000,24631,15400,(none),25
2.961129,recon/basic_enum,suid_exec,mkdir,home_activity,mkdir,,mkdir -p projects/project_10/src projects/project_10/data projects/project_10/notes projects/project_10/reports projects/project,/home/analyst/baseline_workload/run_20260509_041538,benign,,1778300599.442,41391,attack_window,20260508_212317_basic_enum_YrdGDI,20260508_212317_suid_exec_dns_vandalism_9o1sm3,recon,no,-17,/usr/bin/mkdir,/home/analyst/baseline_workload/run_20260509_041538,/home/analyst/baseline_workload/run_20260509_041538,1000,1000,1000,24631,15400,(none),25
2.961129,recon/basic_enum,suid_exec,mkdir,home_activity,mkdir,,mkdir -p projects/project_10/src projects/project_10/data projects/project_10/notes projects/project_10/reports projects/project,/home/analyst/baseline_workload/run_20260509_041538,benign,,1778300599.442,41392,attack_window,20260508_212317_basic_enum_YrdGDI,20260508_212317_suid_exec_dns_vandalism_9o1sm3,recon,no,-17,/usr/bin/mkdir,/home/analyst/baseline_workload/run_20260509_041538,/home/analyst/baseline_workload/run_20260509_041538,1000,1000,1000,24631,15400,(none),25
2.961129,recon/basic_enum,suid_exec,mkdir,home_activity,mkdir,,mkdir -p projects/project_10/src projects/project_10/data projects/project_10/notes projects/project_10/reports projects/project,/home/analyst/baseline_workload/run_20260509_041538,benign,,1778300599.442,41393,attack_window,20260508_212317_basic_enum_YrdGDI,20260508_212317_suid_exec_dns_vandalism_9o1sm3,recon,no,-17,/usr/bin/mkdir,/home/analyst/baseline_workload/run_20260509_041538,/home/analyst/baseline_workload/run_20260509_041538,1000,1000,1000,24631,15400,(none),25
2.962129,recon/basic_enum,suid_exec,execve,exec,mkdir,mkdir -p /home/analyst/Documents/aegis_baseline /home/analyst/Downloads/aegis_baseline,mkdir -p /home/analyst/Documents/aegis_baseline /home/analyst/Downloads/aegis_baseline,/home/analyst/baseline_workload/run_20260509_041538,benign,,1778300599.443,41394,attack_window,20260508_212317_basic_enum_YrdGDI,20260508_212317_suid_exec_dns_vandalism_9o1sm3,recon,yes,0,/usr/bin/mkdir,/usr/bin/mkdir,/usr/bin/mkdir|/lib64/ld-linux-x86-64.so.2,1000,1000,1000,24632,15400,(none),25
2.964129,recon/basic_enum,suid_exec,mkdir,home_activity,mkdir,,mkdir -p /home/analyst/Documents/aegis_baseline /home/analyst/Downloads/aegis_baseline,/home,benign,,1778300599.445,41395,attack_window,20260508_212317_basic_enum_YrdGDI,20260508_212317_suid_exec_dns_vandalism_9o1sm3,recon,no,-17,/usr/bin/mkdir,/home,/home,1000,1000,1000,24632,15400,(none),25
2.964129,recon/basic_enum,suid_exec,mkdir,home_activity,mkdir,,mkdir -p /home/analyst/Documents/aegis_baseline /home/analyst/Downloads/aegis_baseline,/home/analyst,benign,,1778300599.445,41396,attack_window,20260508_212317_basic_enum_YrdGDI,20260508_212317_suid_exec_dns_vandalism_9o1sm3,recon,no,-17,/usr/bin/mkdir,/home/analyst,/home/analyst,1000,1000,1000,24632,15400,(none),25
2.964129,recon/basic_enum,suid_exec,mkdir,home_activity,mkdir,,mkdir -p /home/analyst/Documents/aegis_baseline /home/analyst/Downloads/aegis_baseline,/home/analyst/Documents,benign,,1778300599.445,41397,attack_window,20260508_212317_basic_enum_YrdGDI,20260508_212317_suid_exec_dns_vandalism_9o1sm3,recon,no,-17,/usr/bin/mkdir,/home/analyst/Documents,/home/analyst/Documents,1000,1000,1000,24632,15400,(none),25
2.964129,recon/basic_enum,suid_exec,mkdir,home_activity,mkdir,,mkdir -p /home/analyst/Documents/aegis_baseline /home/analyst/Downloads/aegis_baseline,/home,benign,,1778300599.445,41398,attack_window,20260508_212317_basic_enum_YrdGDI,20260508_212317_suid_exec_dns_vandalism_9o1sm3,recon,no,-17,/usr/bin/mkdir,/home,/home,1000,1000,1000,24632,15400,(none),25
2.964129,recon/basic_enum,suid_exec,mkdir,home_activity,mkdir,,mkdir -p /home/analyst/Documents/aegis_baseline /home/analyst/Downloads/aegis_baseline,/home/analyst,benign,,1778300599.445,41399,attack_window,20260508_212317_basic_enum_YrdGDI,20260508_212317_suid_exec_dns_vandalism_9o1sm3,recon,no,-17,/usr/bin/mkdir,/home/analyst,/home/analyst,1000,1000,1000,24632,15400,(none),25
2.964129,recon/basic_enum,suid_exec,mkdir,home_activity,mkdir,,mkdir -p /home/analyst/Documents/aegis_baseline /home/analyst/Downloads/aegis_baseline,/home/analyst/Downloads,benign,,1778300599.445,41400,attack_window,20260508_212317_basic_enum_YrdGDI,20260508_212317_suid_exec_dns_vandalism_9o1sm3,recon,no,-17,/usr/bin/mkdir,/home/analyst/Downloads,/home/analyst/Downloads,1000,1000,1000,24632,15400,(none),25
2.964129,recon/basic_enum,suid_exec,openat,home_activity,bash,,bash ./baseline_workload.sh start,/home/analyst/baseline_workload/run_20260509_041538,benign,,1778300599.445,41401,attack_window,20260508_212317_basic_enum_YrdGDI,20260508_212317_suid_exec_dns_vandalism_9o1sm3,recon,yes,3,/usr/bin/bash,projects/project_10/data/,projects/project_10/data/|projects/project_10/data/events_10.csv,1000,1000,1000,15400,1,(none),25
2.964129,recon/basic_enum,suid_exec,execve,exec,seq,seq 1 @,seq 1 40,/home/analyst/baseline_workload/run_20260509_041538,benign,,1778300599.445,41402,attack_window,20260508_212317_basic_enum_YrdGDI,20260508_212317_suid_exec_dns_vandalism_9o1sm3,recon,yes,0,/usr/bin/seq,/usr/bin/seq,/usr/bin/seq|/lib64/ld-linux-x86-64.so.2,1000,1000,1000,24633,15400,(none),25
2.966129,recon/basic_enum,suid_exec,openat,home_activity,bash,,bash ./baseline_workload.sh worker 20260509_041538,/home/analyst/baseline_workload/run_20260509_041538,benign,,1778300599.447,41403,attack_window,20260508_212317_basic_enum_YrdGDI,20260508_212317_suid_exec_dns_vandalism_9o1sm3,recon,yes,3,/usr/bin/bash,projects/project_10/data/,projects/project_10/data/|projects/project_10/data/events_10_sorted.csv,1000,1000,1000,24634,15400,(none),25
2.966129,recon/basic_enum,suid_exec,execve,exec,sort,"sort -t, -k2,2 projects/project_10/data/events_10.csv",bash ./baseline_workload.sh worker 20260509_041538,/home/analyst/baseline_workload/run_20260509_041538,benign,,1778300599.447,41404,attack_window,20260508_212317_basic_enum_YrdGDI,20260508_212317_suid_exec_dns_vandalism_9o1sm3,recon,yes,0,/usr/bin/sort,/usr/bin/sort,/usr/bin/sort|/lib64/ld-linux-x86-64.so.2,1000,1000,1000,24634,15400,(none),25
2.967129,recon/basic_enum,suid_exec,openat,home_activity,bash,,bash ./baseline_workload.sh worker 20260509_041538,/home/analyst/baseline_workload/run_20260509_041538,benign,,1778300599.448,41405,attack_window,20260508_212317_basic_enum_YrdGDI,20260508_212317_suid_exec_dns_vandalism_9o1sm3,recon,yes,3,/usr/bin/bash,projects/project_10/data/,projects/project_10/data/|projects/project_10/data/category_counts_10.txt,1000,1000,1000,24637,15400,(none),25
2.967129,recon/basic_enum,suid_exec,execve,exec,sort,sort,sort,/home/analyst/baseline_workload/run_20260509_041538,benign,,1778300599.448,41406,attack_window,20260508_212317_basic_enum_YrdGDI,20260508_212317_suid_exec_dns_vandalism_9o1sm3,recon,yes,0,/usr/bin/sort,/usr/bin/sort,/usr/bin/sort|/lib64/ld-linux-x86-64.so.2,1000,1000,1000,24636,15400,(none),25
2.967129,recon/basic_enum,suid_exec,execve,exec,cut,"cut -d, -f2 projects/project_10/data/events_10.csv","cut -d, -f2 projects/project_10/data/events_10.csv",/home/analyst/baseline_workload/run_20260509_041538,benign,,1778300599.448,41407,attack_window,20260508_212317_basic_enum_YrdGDI,20260508_212317_suid_exec_dns_vandalism_9o1sm3,recon,yes,0,/usr/bin/cut,/usr/bin/cut,/usr/bin/cut|/lib64/ld-linux-x86-64.so.2,1000,1000,1000,24635,15400,(none),25
2.967129,recon/basic_enum,suid_exec,execve,exec,uniq,uniq -c,bash ./baseline_workload.sh worker 20260509_041538,/home/analyst/baseline_workload/run_20260509_041538,benign,,1778300599.448,41408,attack_window,20260508_212317_basic_enum_YrdGDI,20260508_212317_suid_exec_dns_vandalism_9o1sm3,recon,yes,0,/usr/bin/uniq,/usr/bin/uniq,/usr/bin/uniq|/lib64/ld-linux-x86-64.so.2,1000,1000,1000,24637,15400,(none),25
2.972129,recon/basic_enum,suid_exec,openat,home_activity,bash,,bash ./baseline_workload.sh worker 20260509_041538,/home/analyst/baseline_workload/run_20260509_041538,benign,,1778300599.453,41409,attack_window,20260508_212317_basic_enum_YrdGDI,20260508_212317_suid_exec_dns_vandalism_9o1sm3,recon,yes,3,/usr/bin/bash,logs/,logs/|logs/wc_events_10.log,1000,1000,1000,24638,15400,(none),25
2.972129,recon/basic_enum,suid_exec,execve,exec,wc,wc -l projects/project_10/data/events_10.csv,bash ./baseline_workload.sh worker 20260509_041538,/home/analyst/baseline_workload/run_20260509_041538,benign,,1778300599.453,41410,attack_window,20260508_212317_basic_enum_YrdGDI,20260508_212317_suid_exec_dns_vandalism_9o1sm3,recon,yes,0,/usr/bin/wc,/usr/bin/wc,/usr/bin/wc|/lib64/ld-linux-x86-64.so.2,1000,1000,1000,24638,15400,(none),25
2.973129,recon/basic_enum,suid_exec,openat,home_activity,bash,,bash ./baseline_workload.sh start,/home/analyst/baseline_workload/run_20260509_041538,benign,,1778300599.454,41411,attack_window,20260508_212317_basic_enum_YrdGDI,20260508_212317_suid_exec_dns_vandalism_9o1sm3,recon,yes,3,/usr/bin/bash,projects/project_10/data/,projects/project_10/data/|projects/project_10/data/records_10.jsonl,1000,1000,1000,15400,1,(none),25
2.973129,recon/basic_enum,suid_exec,execve,exec,seq,seq 1 12,seq 1 12,/home/analyst/baseline_workload/run_20260509_041538,benign,,1778300599.454,41412,attack_window,20260508_212317_basic_enum_YrdGDI,20260508_212317_suid_exec_dns_vandalism_9o1sm3,recon,yes,0,/usr/bin/seq,/usr/bin/seq,/usr/bin/seq|/lib64/ld-linux-x86-64.so.2,1000,1000,1000,24639,15400,(none),25
2.974129,recon/basic_enum,suid_exec,openat,home_activity,bash,,bash ./baseline_workload.sh worker 20260509_041538,/home/analyst/baseline_workload/run_20260509_041538,benign,,1778300599.455,41413,attack_window,20260508_212317_basic_enum_YrdGDI,20260508_212317_suid_exec_dns_vandalism_9o1sm3,recon,yes,3,/usr/bin/bash,logs/,logs/|logs/jq_records_10.log,1000,1000,1000,24640,15400,(none),25
2.974129,recon/basic_enum,suid_exec,execve,exec,jq,jq -s length projects/project_10/data/records_10.jsonl,bash ./baseline_workload.sh worker 20260509_041538,/home/analyst/baseline_workload/run_20260509_041538,benign,,1778300599.455,41414,attack_window,20260508_212317_basic_enum_YrdGDI,20260508_212317_suid_exec_dns_vandalism_9o1sm3,recon,yes,0,/usr/bin/jq,/usr/bin/jq,/usr/bin/jq|/lib64/ld-linux-x86-64.so.2,1000,1000,1000,24640,15400,(none),25
2.976129,recon/basic_enum,suid_exec,openat,home_activity,bash,,bash ./baseline_workload.sh worker 20260509_041538,/home/analyst/baseline_workload/run_20260509_041538,benign,,1778300599.457,41415,attack_window,20260508_212317_basic_enum_YrdGDI,20260508_212317_suid_exec_dns_vandalism_9o1sm3,recon,yes,3,/usr/bin/bash,archive/,archive/|archive/events_10_12011.csv.gz,1000,1000,1000,24641,15400,(none),25
2.977129,recon/basic_enum,suid_exec,execve,exec,gzip,gzip -c projects/project_10/data/events_10.csv,bash ./baseline_workload.sh worker 20260509_041538,/home/analyst/baseline_workload/run_20260509_041538,benign,,1778300599.458,41416,attack_window,20260508_212317_basic_enum_YrdGDI,20260508_212317_suid_exec_dns_vandalism_9o1sm3,recon,yes,0,/usr/bin/gzip,/usr/bin/gzip,/usr/bin/gzip|/lib64/ld-linux-x86-64.so.2,1000,1000,1000,24641,15400,(none),25
2.978129,recon/basic_enum,suid_exec,execve,exec,cp,cp projects/project_10/data/events_10.csv /home/analyst/Downloads/aegis_baseline/events_10_26624.csv,cp projects/project_10/data/events_10.csv /home/analyst/Downloads/aegis_baseline/events_10_26624.csv,/home/analyst/baseline_workload/run_20260509_041538,benign,,1778300599.459,41417,attack_window,20260508_212317_basic_enum_YrdGDI,20260508_212317_suid_exec_dns_vandalism_9o1sm3,recon,yes,0,/usr/bin/cp,/usr/bin/cp,/usr/bin/cp|/lib64/ld-linux-x86-64.so.2,1000,1000,1000,24642,15400,(none),25
2.979129,recon/basic_enum,suid_exec,openat,home_activity,cp,,cp projects/project_10/data/events_10.csv /home/analyst/Downloads/aegis_baseline/events_10_26624.csv,/home/analyst/baseline_workload/run_20260509_041538,benign,,1778300599.460,41418,attack_window,20260508_212317_basic_enum_YrdGDI,20260508_212317_suid_exec_dns_vandalism_9o1sm3,recon,yes,4,/usr/bin/cp,/home/analyst/Downloads/aegis_baseline/,/home/analyst/Downloads/aegis_baseline/|/home/analyst/Downloads/aegis_baseline/events_10_26624.csv,1000,1000,1000,24642,15400,(none),25
2.979129,recon/basic_enum,suid_exec,execve,exec,sleep,sleep 1,sleep 1,/home/analyst/baseline_workload/run_20260509_041538,benign,,1778300599.460,41419,attack_window,20260508_212317_basic_enum_YrdGDI,20260508_212317_suid_exec_dns_vandalism_9o1sm3,recon,yes,0,/usr/bin/sleep,/usr/bin/sleep,/usr/bin/sleep|/lib64/ld-linux-x86-64.so.2,1000,1000,1000,24643,15400,(none),25
3.022129,recon/basic_enum,suid_exec,connect,network_connect,sshd,,/usr/sbin/sshd -D -R,/,benign,,1778300599.503,41420,attack_window,20260508_212317_basic_enum_YrdGDI,20260508_212317_suid_exec_dns_vandalism_9o1sm3,recon,no,-2,/usr/sbin/sshd,/var/run/nscd/socket,/var/run/nscd/socket,0,0,4294967295,24629,21008,(none),4294967295
3.022129,recon/basic_enum,suid_exec,connect,network_connect,sshd,,/usr/sbin/sshd -D -R,/,benign,,1778300599.503,41421,attack_window,20260508_212317_basic_enum_YrdGDI,20260508_212317_suid_exec_dns_vandalism_9o1sm3,recon,no,-2,/usr/sbin/sshd,/var/run/nscd/socket,/var/run/nscd/socket,0,0,4294967295,24629,21008,(none),4294967295
3.022129,recon/basic_enum,suid_exec,connect,network_connect,sshd,,/usr/sbin/sshd -D -R,/,benign,,1778300599.503,41422,attack_window,20260508_212317_basic_enum_YrdGDI,20260508_212317_suid_exec_dns_vandalism_9o1sm3,recon,yes,0,/usr/sbin/sshd,/run/systemd/userdb/io.systemd.DynamicUser,/run/systemd/userdb/io.systemd.DynamicUser,0,0,4294967295,24629,21008,(none),4294967295
3.022129,recon/basic_enum,suid_exec,setresgid,privilege_transition,sshd,,/usr/sbin/sshd -D -R,,benign,,1778300599.503,41423,attack_window,20260508_212317_basic_enum_YrdGDI,20260508_212317_suid_exec_dns_vandalism_9o1sm3,recon,yes,0,/usr/sbin/sshd,,,0,0,4294967295,24629,21008,(none),4294967295
3.022129,recon/basic_enum,suid_exec,setresuid,privilege_transition,sshd,,/usr/sbin/sshd -D -R,,benign,,1778300599.503,41424,attack_window,20260508_212317_basic_enum_YrdGDI,20260508_212317_suid_exec_dns_vandalism_9o1sm3,recon,yes,0,/usr/sbin/sshd,,,0,1001,4294967295,24629,21008,(none),4294967295
3.022129,recon/basic_enum,suid_exec,setresuid,privilege_transition,sshd,,/usr/sbin/sshd -D -R,,benign,,1778300599.503,41425,attack_window,20260508_212317_basic_enum_YrdGDI,20260508_212317_suid_exec_dns_vandalism_9o1sm3,recon,yes,0,/usr/sbin/sshd,,,0,0,4294967295,24629,21008,(none),4294967295
3.022129,recon/basic_enum,suid_exec,setresgid,privilege_transition,sshd,,/usr/sbin/sshd -D -R,,benign,,1778300599.503,41426,attack_window,20260508_212317_basic_enum_YrdGDI,20260508_212317_suid_exec_dns_vandalism_9o1sm3,recon,yes,0,/usr/sbin/sshd,,,0,0,4294967295,24629,21008,(none),4294967295
3.022129,recon/basic_enum,suid_exec,setresgid,privilege_transition,sshd,,/usr/sbin/sshd -D -R,,benign,,1778300599.503,41427,attack_window,20260508_212317_basic_enum_YrdGDI,20260508_212317_suid_exec_dns_vandalism_9o1sm3,recon,yes,0,/usr/sbin/sshd,,,0,0,4294967295,24629,21008,(none),4294967295
3.022129,recon/basic_enum,suid_exec,setresuid,privilege_transition,sshd,,/usr/sbin/sshd -D -R,,benign,,1778300599.503,41428,attack_window,20260508_212317_basic_enum_YrdGDI,20260508_212317_suid_exec_dns_vandalism_9o1sm3,recon,yes,0,/usr/sbin/sshd,,,0,1001,4294967295,24629,21008,(none),4294967295
3.023129,recon/basic_enum,suid_exec,connect,network_connect,sshd,,/usr/sbin/sshd -D -R,/,benign,,1778300599.504,41429,attack_window,20260508_212317_basic_enum_YrdGDI,20260508_212317_suid_exec_dns_vandalism_9o1sm3,recon,yes,0,/usr/sbin/sshd,/dev/log,/dev/log,0,1001,4294967295,24629,21008,(none),4294967295
3.023129,recon/basic_enum,suid_exec,setresuid,privilege_transition,sshd,,/usr/sbin/sshd -D -R,,benign,,1778300599.504,41430,attack_window,20260508_212317_basic_enum_YrdGDI,20260508_212317_suid_exec_dns_vandalism_9o1sm3,recon,yes,0,/usr/sbin/sshd,,,0,0,4294967295,24629,21008,(none),4294967295
3.023129,recon/basic_enum,suid_exec,setresgid,privilege_transition,sshd,,/usr/sbin/sshd -D -R,,benign,,1778300599.504,41431,attack_window,20260508_212317_basic_enum_YrdGDI,20260508_212317_suid_exec_dns_vandalism_9o1sm3,recon,yes,0,/usr/sbin/sshd,,,0,0,4294967295,24629,21008,(none),4294967295
3.023129,recon/basic_enum,suid_exec,,,,,,,ambiguous,,1778300599.504,41432,attack_window,20260508_212317_basic_enum_YrdGDI,20260508_212317_suid_exec_dns_vandalism_9o1sm3,recon,,,,,,,,,,,,
3.029129,recon/basic_enum,suid_exec,setresgid,privilege_transition,sshd,,/usr/sbin/sshd -D -R,,benign,,1778300599.510,41433,attack_window,20260508_212317_basic_enum_YrdGDI,20260508_212317_suid_exec_dns_vandalism_9o1sm3,recon,yes,0,/usr/sbin/sshd,,,0,0,4294967295,24629,21008,(none),4294967295
3.029129,recon/basic_enum,suid_exec,setresuid,privilege_transition,sshd,,/usr/sbin/sshd -D -R,,benign,,1778300599.510,41434,attack_window,20260508_212317_basic_enum_YrdGDI,20260508_212317_suid_exec_dns_vandalism_9o1sm3,recon,yes,0,/usr/sbin/sshd,,,0,1001,4294967295,24629,21008,(none),4294967295
3.029129,recon/basic_enum,suid_exec,setresuid,privilege_transition,sshd,,/usr/sbin/sshd -D -R,,benign,,1778300599.510,41435,attack_window,20260508_212317_basic_enum_YrdGDI,20260508_212317_suid_exec_dns_vandalism_9o1sm3,recon,yes,0,/usr/sbin/sshd,,,0,0,4294967295,24629,21008,(none),4294967295
3.029129,recon/basic_enum,suid_exec,setresgid,privilege_transition,sshd,,/usr/sbin/sshd -D -R,,benign,,1778300599.510,41436,attack_window,20260508_212317_basic_enum_YrdGDI,20260508_212317_suid_exec_dns_vandalism_9o1sm3,recon,yes,0,/usr/sbin/sshd,,,0,0,4294967295,24629,21008,(none),4294967295
3.029129,recon/basic_enum,suid_exec,setresgid,privilege_transition,sshd,,/usr/sbin/sshd -D -R,,benign,,1778300599.510,41437,attack_window,20260508_212317_basic_enum_YrdGDI,20260508_212317_suid_exec_dns_vandalism_9o1sm3,recon,yes,0,/usr/sbin/sshd,,,0,0,4294967295,24629,21008,(none),4294967295
3.029129,recon/basic_enum,suid_exec,setresuid,privilege_transition,sshd,,/usr/sbin/sshd -D -R,,benign,,1778300599.510,41438,attack_window,20260508_212317_basic_enum_YrdGDI,20260508_212317_suid_exec_dns_vandalism_9o1sm3,recon,yes,0,/usr/sbin/sshd,,,0,1001,4294967295,24629,21008,(none),4294967295
3.029129,recon/basic_enum,suid_exec,connect,network_connect,sshd,,/usr/sbin/sshd -D -R,/,benign,,1778300599.510,41439,attack_window,20260508_212317_basic_enum_YrdGDI,20260508_212317_suid_exec_dns_vandalism_9o1sm3,recon,yes,0,/usr/sbin/sshd,/dev/log,/dev/log,0,1001,4294967295,24629,21008,(none),4294967295
3.029129,recon/basic_enum,suid_exec,setresuid,privilege_transition,sshd,,/usr/sbin/sshd -D -R,,benign,,1778300599.510,41440,attack_window,20260508_212317_basic_enum_YrdGDI,20260508_212317_suid_exec_dns_vandalism_9o1sm3,recon,yes,0,/usr/sbin/sshd,,,0,0,4294967295,24629,21008,(none),4294967295
3.029129,recon/basic_enum,suid_exec,setresgid,privilege_transition,sshd,,/usr/sbin/sshd -D -R,,benign,,1778300599.510,41441,attack_window,20260508_212317_basic_enum_YrdGDI,20260508_212317_suid_exec_dns_vandalism_9o1sm3,recon,yes,0,/usr/sbin/sshd,,,0,0,4294967295,24629,21008,(none),4294967295
3.029129,recon/basic_enum,suid_exec,,,,,,,ambiguous,,1778300599.510,41442,attack_window,20260508_212317_basic_enum_YrdGDI,20260508_212317_suid_exec_dns_vandalism_9o1sm3,recon,,,,,,,,,,,,
3.056129,recon/basic_enum,suid_exec,connect,network_connect,sshd,,/usr/sbin/sshd -D -R,/,benign,,1778300599.537,41443,attack_window,20260508_212317_basic_enum_YrdGDI,20260508_212317_suid_exec_dns_vandalism_9o1sm3,recon,yes,0,/usr/sbin/sshd,/run/systemd/userdb/io.systemd.DynamicUser,/run/systemd/userdb/io.systemd.DynamicUser,0,0,4294967295,24629,21008,(none),4294967295
3.056129,recon/basic_enum,suid_exec,,,,,,,ambiguous,,1778300599.537,41444,attack_window,20260508_212317_basic_enum_YrdGDI,20260508_212317_suid_exec_dns_vandalism_9o1sm3,recon,,,,,,,,,,,,
3.061129,recon/basic_enum,suid_exec,,,,,,,ambiguous,,1778300599.542,41445,attack_window,20260508_212317_basic_enum_YrdGDI,20260508_212317_suid_exec_dns_vandalism_9o1sm3,recon,,,,,,,,,,,,
3.061129,recon/basic_enum,suid_exec,connect,network_connect,sshd,,/usr/sbin/sshd -D -R,/,benign,,1778300599.542,41446,attack_window,20260508_212317_basic_enum_YrdGDI,20260508_212317_suid_exec_dns_vandalism_9o1sm3,recon,yes,0,/usr/sbin/sshd,/dev/log,/dev/log,0,0,4294967295,24629,21008,(none),4294967295
3.062129,recon/basic_enum,suid_exec,connect,network_connect,sshd,,/usr/sbin/sshd -D -R,/,benign,,1778300599.543,41447,attack_window,20260508_212317_basic_enum_YrdGDI,20260508_212317_suid_exec_dns_vandalism_9o1sm3,recon,yes,0,/usr/sbin/sshd,/run/systemd/userdb/io.systemd.DynamicUser,/run/systemd/userdb/io.systemd.DynamicUser,0,0,4294967295,24629,21008,(none),4294967295
3.062129,recon/basic_enum,suid_exec,126,privilege_transition,sshd,,/usr/sbin/sshd -D -R,,benign,,1778300599.543,41448,attack_window,20260508_212317_basic_enum_YrdGDI,20260508_212317_suid_exec_dns_vandalism_9o1sm3,recon,yes,0,/usr/sbin/sshd,,,0,0,4294967295,24629,21008,(none),4294967295
3.062129,recon/basic_enum,suid_exec,,,,,,,ambiguous,,1778300599.543,41449,attack_window,20260508_212317_basic_enum_YrdGDI,20260508_212317_suid_exec_dns_vandalism_9o1sm3,recon,,,,,,,,,,,,
3.063129,recon/basic_enum,suid_exec,77,file_destroy,sshd,,/usr/sbin/sshd -D -R,,benign,,1778300599.544,41450,attack_window,20260508_212317_basic_enum_YrdGDI,20260508_212317_suid_exec_dns_vandalism_9o1sm3,recon,yes,0,/usr/sbin/sshd,,,0,0,4294967295,24629,21008,(none),4294967295
3.063129,recon/basic_enum,suid_exec,write,(null),sshd,,/usr/sbin/sshd -D -R,,benign,,1778300599.544,41451,attack_window,20260508_212317_basic_enum_YrdGDI,20260508_212317_suid_exec_dns_vandalism_9o1sm3,recon,yes,4,/usr/sbin/sshd,,,0,0,1001,24629,21008,(none),129
3.063129,recon/basic_enum,suid_exec,114,privilege_transition,sshd,,/usr/sbin/sshd -D -R,,benign,,1778300599.544,41452,attack_window,20260508_212317_basic_enum_YrdGDI,20260508_212317_suid_exec_dns_vandalism_9o1sm3,recon,yes,0,/usr/sbin/sshd,,,0,0,1001,24629,21008,(none),129
3.063129,recon/basic_enum,suid_exec,113,privilege_transition,sshd,,/usr/sbin/sshd -D -R,,benign,,1778300599.544,41453,attack_window,20260508_212317_basic_enum_YrdGDI,20260508_212317_suid_exec_dns_vandalism_9o1sm3,recon,yes,0,/usr/sbin/sshd,,,1001,0,1001,24629,21008,(none),129
3.063129,recon/basic_enum,suid_exec,113,privilege_transition,sshd,,/usr/sbin/sshd -D -R,,benign,,1778300599.544,41454,attack_window,20260508_212317_basic_enum_YrdGDI,20260508_212317_suid_exec_dns_vandalism_9o1sm3,recon,yes,0,/usr/sbin/sshd,,,0,0,1001,24629,21008,(none),129
3.063129,recon/basic_enum,suid_exec,114,privilege_transition,sshd,,/usr/sbin/sshd -D -R,,benign,,1778300599.544,41455,attack_window,20260508_212317_basic_enum_YrdGDI,20260508_212317_suid_exec_dns_vandalism_9o1sm3,recon,yes,0,/usr/sbin/sshd,,,0,0,1001,24629,21008,(none),129
3.063129,recon/basic_enum,suid_exec,connect,network_connect,sshd,,/usr/sbin/sshd -D -R,/,benign,,1778300599.544,41456,attack_window,20260508_212317_basic_enum_YrdGDI,20260508_212317_suid_exec_dns_vandalism_9o1sm3,recon,yes,0,/usr/sbin/sshd,/dev/log,/dev/log,0,0,1001,24629,21008,(none),129
3.063129,recon/basic_enum,suid_exec,connect,network_connect,sshd,,/usr/sbin/sshd -D -R,/,benign,,1778300599.544,41457,attack_window,20260508_212317_basic_enum_YrdGDI,20260508_212317_suid_exec_dns_vandalism_9o1sm3,recon,no,-2,/usr/sbin/sshd,/run/systemd/userdb/io.systemd.Multiplexer,/run/systemd/userdb/io.systemd.Multiplexer,0,0,1001,24629,21008,(none),129
3.063129,recon/basic_enum,suid_exec,connect,network_connect,sshd,,/usr/sbin/sshd -D -R,/,benign,,1778300599.544,41458,attack_window,20260508_212317_basic_enum_YrdGDI,20260508_212317_suid_exec_dns_vandalism_9o1sm3,recon,yes,0,/usr/sbin/sshd,/run/systemd/userdb/io.systemd.DynamicUser,/run/systemd/userdb/io.systemd.DynamicUser,0,0,1001,24629,21008,(none),129
3.063129,recon/basic_enum,suid_exec,connect,network_connect,sshd,,/usr/sbin/sshd -D -R,/,benign,,1778300599.544,41459,attack_window,20260508_212317_basic_enum_YrdGDI,20260508_212317_suid_exec_dns_vandalism_9o1sm3,recon,yes,0,/usr/sbin/sshd,/run/dbus/system_bus_socket,/run/dbus/system_bus_socket,0,0,1001,24629,21008,(none),129
3.076129,recon/basic_enum,suid_exec,execve,exec,sh,sh -c -- /usr/bin/env -i PATH=/usr/local/sbin:/usr/local/bin:/usr/sbin:/usr/bin:/sbin:/bin run-parts --lsbsysinit /etc/update-motd.d > /run/motd.dynamic.new,sh -c -- /usr/bin/env -i PATH=/usr/local/sbin:/usr/local/bin:/usr/sbin:/usr/bin:/sbin:/bin run-parts --lsbsysinit /etc/update-mo,/,benign,,1778300599.557,41460,attack_window,20260508_212317_basic_enum_YrdGDI,20260508_212317_suid_exec_dns_vandalism_9o1sm3,recon,yes,0,/usr/bin/dash,/bin/sh,/bin/sh|/lib64/ld-linux-x86-64.so.2,0,0,1001,24644,24629,(none),129
3.080129,recon/basic_enum,suid_exec,execve,exec,env,/usr/bin/env -i PATH=/usr/local/sbin:/usr/local/bin:/usr/sbin:/usr/bin:/sbin:/bin run-parts --lsbsysinit /etc/update-motd.d,/usr/bin/env -i PATH=/usr/local/sbin:/usr/local/bin:/usr/sbin:/usr/bin:/sbin:/bin run-parts --lsbsysinit /etc/update-motd.d,/,benign,,1778300599.561,41461,attack_window,20260508_212317_basic_enum_YrdGDI,20260508_212317_suid_exec_dns_vandalism_9o1sm3,recon,yes,0,/usr/bin/env,/usr/bin/env,/usr/bin/env|/lib64/ld-linux-x86-64.so.2,0,0,1001,24645,24644,(none),129
3.080129,recon/basic_enum,suid_exec,execve,exec,env,,/usr/bin/env -i PATH=/usr/local/sbin:/usr/local/bin:/usr/sbin:/usr/bin:/sbin:/bin run-parts --lsbsysinit /etc/update-motd.d,/,benign,,1778300599.561,41462,attack_window,20260508_212317_basic_enum_YrdGDI,20260508_212317_suid_exec_dns_vandalism_9o1sm3,recon,no,-2,/usr/bin/env,/usr/local/sbin/run-parts,/usr/local/sbin/run-parts,0,0,1001,24645,24644,(none),129
3.081129,recon/basic_enum,suid_exec,execve,exec,env,,/usr/bin/env -i PATH=/usr/local/sbin:/usr/local/bin:/usr/sbin:/usr/bin:/sbin:/bin run-parts --lsbsysinit /etc/update-motd.d,/,benign,,1778300599.562,41463,attack_window,20260508_212317_basic_enum_YrdGDI,20260508_212317_suid_exec_dns_vandalism_9o1sm3,recon,no,-2,/usr/bin/env,/usr/local/bin/run-parts,/usr/local/bin/run-parts,0,0,1001,24645,24644,(none),129
3.081129,recon/basic_enum,suid_exec,execve,exec,env,,/usr/bin/env -i PATH=/usr/local/sbin:/usr/local/bin:/usr/sbin:/usr/bin:/sbin:/bin run-parts --lsbsysinit /etc/update-motd.d,/,benign,,1778300599.562,41464,attack_window,20260508_212317_basic_enum_YrdGDI,20260508_212317_suid_exec_dns_vandalism_9o1sm3,recon,no,-2,/usr/bin/env,/usr/sbin/run-parts,/usr/sbin/run-parts,0,0,1001,24645,24644,(none),129
3.081129,recon/basic_enum,suid_exec,execve,exec,run-parts,run-parts --lsbsysinit /etc/update-motd.d,/usr/bin/env -i PATH=/usr/local/sbin:/usr/local/bin:/usr/sbin:/usr/bin:/sbin:/bin run-parts --lsbsysinit /etc/update-motd.d,/,benign,,1778300599.562,41465,attack_window,20260508_212317_basic_enum_YrdGDI,20260508_212317_suid_exec_dns_vandalism_9o1sm3,recon,yes,0,/usr/bin/run-parts,/usr/bin/run-parts,/usr/bin/run-parts|/lib64/ld-linux-x86-64.so.2,0,0,1001,24645,24644,(none),129
3.082129,recon/basic_enum,suid_exec,execve,exec,00-header,/bin/sh /etc/update-motd.d/00-header,/bin/sh /etc/update-motd.d/00-header,/,benign,,1778300599.563,41466,attack_window,20260508_212317_basic_enum_YrdGDI,20260508_212317_suid_exec_dns_vandalism_9o1sm3,recon,yes,0,/usr/bin/dash,/etc/update-motd.d/00-header,/etc/update-motd.d/00-header|/bin/sh|/lib64/ld-linux-x86-64.so.2,0,0,1001,24646,24645,(none),129
3.083129,recon/basic_enum,suid_exec,execve,exec,uname,uname -o,uname -o,/,benign,,1778300599.564,41467,attack_window,20260508_212317_basic_enum_YrdGDI,20260508_212317_suid_exec_dns_vandalism_9o1sm3,recon,yes,0,/usr/bin/uname,/usr/bin/uname,/usr/bin/uname|/lib64/ld-linux-x86-64.so.2,0,0,1001,24647,24646,(none),129
3.084129,recon/basic_enum,suid_exec,execve,exec,uname,uname -r,uname -r,/,benign,,1778300599.565,41468,attack_window,20260508_212317_basic_enum_YrdGDI,20260508_212317_suid_exec_dns_vandalism_9o1sm3,recon,yes,0,/usr/bin/uname,/usr/bin/uname,/usr/bin/uname|/lib64/ld-linux-x86-64.so.2,0,0,1001,24648,24646,(none),129
3.085129,recon/basic_enum,suid_exec,execve,exec,uname,uname -m,uname -m,/,benign,,1778300599.566,41469,attack_window,20260508_212317_basic_enum_YrdGDI,20260508_212317_suid_exec_dns_vandalism_9o1sm3,recon,yes,0,/usr/bin/uname,/usr/bin/uname,/usr/bin/uname|/lib64/ld-linux-x86-64.so.2,0,0,1001,24649,24646,(none),129
3.086129,recon/basic_enum,suid_exec,execve,exec,10-help-text,/bin/sh /etc/update-motd.d/10-help-text,/bin/sh /etc/update-motd.d/10-help-text,/,benign,,1778300599.567,41470,attack_window,20260508_212317_basic_enum_YrdGDI,20260508_212317_suid_exec_dns_vandalism_9o1sm3,recon,yes,0,/usr/bin/dash,/etc/update-motd.d/10-help-text,/etc/update-motd.d/10-help-text|/bin/sh|/lib64/ld-linux-x86-64.so.2,0,0,1001,24650,24645,(none),129
3.088129,recon/basic_enum,suid_exec,execve,exec,50-landscape-sy,/bin/sh /etc/update-motd.d/50-landscape-sysinfo,/bin/sh /etc/update-motd.d/50-landscape-sysinfo,/,benign,,1778300599.569,41471,attack_window,20260508_212317_basic_enum_YrdGDI,20260508_212317_suid_exec_dns_vandalism_9o1sm3,recon,yes,0,/usr/bin/dash,/etc/update-motd.d/50-landscape-sysinfo,/etc/update-motd.d/50-landscape-sysinfo|/bin/sh|/lib64/ld-linux-x86-64.so.2,0,0,1001,24651,24645,(none),129
3.089129,recon/basic_enum,suid_exec,execve,exec,find,find /var/lib/landscape/landscape-sysinfo.cache -newermt now-1 minutes,find /var/lib/landscape/landscape-sysinfo.cache -newermt now-1 minutes,/,benign,,1778300599.570,41472,attack_window,20260508_212317_basic_enum_YrdGDI,20260508_212317_suid_exec_dns_vandalism_9o1sm3,recon,yes,0,/usr/bin/find,/usr/bin/find,/usr/bin/find|/lib64/ld-linux-x86-64.so.2,0,0,1001,24652,24651,(none),129
3.090129,recon/basic_enum,suid_exec,execve,exec,cat,cat /var/lib/landscape/landscape-sysinfo.cache,cat /var/lib/landscape/landscape-sysinfo.cache,/,benign,,1778300599.571,41473,attack_window,20260508_212317_basic_enum_YrdGDI,20260508_212317_suid_exec_dns_vandalism_9o1sm3,recon,yes,0,/usr/bin/cat,/usr/bin/cat,/usr/bin/cat|/lib64/ld-linux-x86-64.so.2,0,0,1001,24653,24651,(none),129
3.092129,recon/basic_enum,suid_exec,execve,exec,50-motd-news,/bin/sh /etc/update-motd.d/50-motd-news,/bin/sh /etc/update-motd.d/50-motd-news,/,benign,,1778300599.573,41474,attack_window,20260508_212317_basic_enum_YrdGDI,20260508_212317_suid_exec_dns_vandalism_9o1sm3,recon,yes,0,/usr/bin/dash,/etc/update-motd.d/50-motd-news,/etc/update-motd.d/50-motd-news|/bin/sh|/lib64/ld-linux-x86-64.so.2,0,0,1001,24654,24645,(none),129
3.093129,recon/basic_enum,suid_exec,execve,exec,head,head -n 10,head -n 10,/,benign,,1778300599.574,41475,attack_window,20260508_212317_basic_enum_YrdGDI,20260508_212317_suid_exec_dns_vandalism_9o1sm3,recon,yes,0,/usr/bin/head,/usr/bin/head,/usr/bin/head|/lib64/ld-linux-x86-64.so.2,0,0,1001,24656,24654,(none),129
3.094129,recon/basic_enum,suid_exec,execve,exec,cat,cat /var/cache/motd-news,cat /var/cache/motd-news,/,benign,,1778300599.575,41476,attack_window,20260508_212317_basic_enum_YrdGDI,20260508_212317_suid_exec_dns_vandalism_9o1sm3,recon,yes,0,/usr/bin/cat,/usr/bin/cat,/usr/bin/cat|/lib64/ld-linux-x86-64.so.2,0,0,1001,24655,24654,(none),129
3.094129,recon/basic_enum,suid_exec,execve,exec,cut,cut -c -80,cut -c -80,/,benign,,1778300599.575,41477,attack_window,20260508_212317_basic_enum_YrdGDI,20260508_212317_suid_exec_dns_vandalism_9o1sm3,recon,yes,0,/usr/bin/cut,/usr/bin/cut,/usr/bin/cut|/lib64/ld-linux-x86-64.so.2,0,0,1001,24658,24654,(none),129
3.094129,recon/basic_enum,suid_exec,execve,exec,tr,tr -d \000-\011\013\014\016-\037,tr -d \000-\011\013\014\016-\037,/,benign,,1778300599.575,41478,attack_window,20260508_212317_basic_enum_YrdGDI,20260508_212317_suid_exec_dns_vandalism_9o1sm3,recon,yes,0,/usr/bin/tr,/usr/bin/tr,/usr/bin/tr|/lib64/ld-linux-x86-64.so.2,0,0,1001,24657,24654,(none),129
3.100129,recon/basic_enum,suid_exec,execve,exec,85-fwupd,/bin/sh /etc/update-motd.d/85-fwupd,/bin/sh /etc/update-motd.d/85-fwupd,/,benign,,1778300599.581,41479,attack_window,20260508_212317_basic_enum_YrdGDI,20260508_212317_suid_exec_dns_vandalism_9o1sm3,recon,yes,0,/usr/bin/dash,/etc/update-motd.d/85-fwupd,/etc/update-motd.d/85-fwupd|/bin/sh|/lib64/ld-linux-x86-64.so.2,0,0,1001,24659,24645,(none),129
3.101129,recon/basic_enum,suid_exec,execve,exec,cat,cat /run/motd.d/85-fwupd,cat /run/motd.d/85-fwupd,/,benign,,1778300599.582,41480,attack_window,20260508_212317_basic_enum_YrdGDI,20260508_212317_suid_exec_dns_vandalism_9o1sm3,recon,yes,0,/usr/bin/cat,/usr/bin/cat,/usr/bin/cat|/lib64/ld-linux-x86-64.so.2,0,0,1001,24660,24659,(none),129
3.102129,recon/basic_enum,suid_exec,execve,exec,90-updates-avai,/bin/sh /etc/update-motd.d/90-updates-available,/bin/sh /etc/update-motd.d/90-updates-available,/,benign,,1778300599.583,41481,attack_window,20260508_212317_basic_enum_YrdGDI,20260508_212317_suid_exec_dns_vandalism_9o1sm3,recon,yes,0,/usr/bin/dash,/etc/update-motd.d/90-updates-available,/etc/update-motd.d/90-updates-available|/bin/sh|/lib64/ld-linux-x86-64.so.2,0,0,1001,24661,24645,(none),129
3.103129,recon/basic_enum,suid_exec,execve,exec,cat,cat /var/lib/update-notifier/updates-available,cat /var/lib/update-notifier/updates-available,/,benign,,1778300599.584,41482,attack_window,20260508_212317_basic_enum_YrdGDI,20260508_212317_suid_exec_dns_vandalism_9o1sm3,recon,yes,0,/usr/bin/cat,/usr/bin/cat,/usr/bin/cat|/lib64/ld-linux-x86-64.so.2,0,0,1001,24662,24661,(none),129
3.105129,recon/basic_enum,suid_exec,execve,exec,grep,grep -q -m 1 .,grep -q -m 1 .,/,benign,,1778300599.586,41483,attack_window,20260508_212317_basic_enum_YrdGDI,20260508_212317_suid_exec_dns_vandalism_9o1sm3,recon,yes,0,/usr/bin/grep,/usr/bin/grep,/usr/bin/grep|/lib64/ld-linux-x86-64.so.2,0,0,1001,24664,24661,(none),129
3.105129,recon/basic_enum,suid_exec,execve,exec,find,find /var/lib/update-notifier/updates-available -newermt now-7 days,find /var/lib/update-notifier/updates-available -newermt now-7 days,/,benign,,1778300599.586,41484,attack_window,20260508_212317_basic_enum_YrdGDI,20260508_212317_suid_exec_dns_vandalism_9o1sm3,recon,yes,0,/usr/bin/find,/usr/bin/find,/usr/bin/find|/lib64/ld-linux-x86-64.so.2,0,0,1001,24663,24661,(none),129
3.107129,recon/basic_enum,suid_exec,execve,exec,91-contract-ua-,/bin/sh /etc/update-motd.d/91-contract-ua-esm-status,/bin/sh /etc/update-motd.d/91-contract-ua-esm-status,/,benign,,1778300599.588,41485,attack_window,20260508_212317_basic_enum_YrdGDI,20260508_212317_suid_exec_dns_vandalism_9o1sm3,recon,yes,0,/usr/bin/dash,/etc/update-motd.d/91-contract-ua-esm-status,/etc/update-motd.d/91-contract-ua-esm-status|/bin/sh|/lib64/ld-linux-x86-64.so.2,0,0,1001,24665,24645,(none),129
3.111129,recon/basic_enum,suid_exec,execve,exec,91-release-upgr,/bin/sh /etc/update-motd.d/91-release-upgrade,/bin/sh /etc/update-motd.d/91-release-upgrade,/,benign,,1778300599.592,41486,attack_window,20260508_212317_basic_enum_YrdGDI,20260508_212317_suid_exec_dns_vandalism_9o1sm3,recon,yes,0,/usr/bin/dash,/etc/update-motd.d/91-release-upgrade,/etc/update-motd.d/91-release-upgrade|/bin/sh|/lib64/ld-linux-x86-64.so.2,0,0,1001,24666,24645,(none),129
3.112129,recon/basic_enum,suid_exec,execve,exec,cut,cut -d -f4,cut -d -f4,/,benign,,1778300599.593,41487,attack_window,20260508_212317_basic_enum_YrdGDI,20260508_212317_suid_exec_dns_vandalism_9o1sm3,recon,yes,0,/usr/bin/cut,/usr/bin/cut,/usr/bin/cut|/lib64/ld-linux-x86-64.so.2,0,0,1001,24669,24667,(none),129
3.113129,recon/basic_enum,suid_exec,execve,exec,id,id -u,id -u,/,benign,,1778300599.594,41488,attack_window,20260508_212317_basic_enum_YrdGDI,20260508_212317_suid_exec_dns_vandalism_9o1sm3,recon,yes,0,/usr/bin/id,/usr/bin/id,/usr/bin/id|/lib64/ld-linux-x86-64.so.2,0,0,1001,24670,24666,(none),129
3.114129,recon/basic_enum,suid_exec,execve,exec,release-upgrade,/bin/sh -e /usr/lib/ubuntu-release-upgrader/release-upgrade-motd,/bin/sh /etc/update-motd.d/91-release-upgrade,/,benign,,1778300599.595,41489,attack_window,20260508_212317_basic_enum_YrdGDI,20260508_212317_suid_exec_dns_vandalism_9o1sm3,recon,yes,0,/usr/bin/dash,/usr/lib/ubuntu-release-upgrader/release-upgrade-motd,/usr/lib/ubuntu-release-upgrader/release-upgrade-motd|/bin/sh|/lib64/ld-linux-x86-64.so.2,0,0,1001,24666,24645,(none),129
3.115129,recon/basic_enum,suid_exec,execve,exec,date,date +%s,date +%s,/,benign,,1778300599.596,41490,attack_window,20260508_212317_basic_enum_YrdGDI,20260508_212317_suid_exec_dns_vandalism_9o1sm3,recon,yes,0,/usr/bin/date,/usr/bin/date,/usr/bin/date|/lib64/ld-linux-x86-64.so.2,0,0,1001,24671,24666,(none),129
3.117129,recon/basic_enum,suid_exec,execve,exec,stat,stat -c %Y /var/lib/ubuntu-release-upgrader/release-upgrade-available,stat -c %Y /var/lib/ubuntu-release-upgrader/release-upgrade-available,/,benign,,1778300599.598,41491,attack_window,20260508_212317_basic_enum_YrdGDI,20260508_212317_suid_exec_dns_vandalism_9o1sm3,recon,yes,0,/usr/bin/stat,/usr/bin/stat,/usr/bin/stat|/lib64/ld-linux-x86-64.so.2,0,0,1001,24672,24666,(none),129
3.118129,recon/basic_enum,suid_exec,execve,exec,expr,expr 1778282941 + 86400,expr 1778282941 + 86400,/,benign,,1778300599.599,41492,attack_window,20260508_212317_basic_enum_YrdGDI,20260508_212317_suid_exec_dns_vandalism_9o1sm3,recon,yes,0,/usr/bin/expr,/usr/bin/expr,/usr/bin/expr|/lib64/ld-linux-x86-64.so.2,0,0,1001,24673,24666,(none),129
3.119129,recon/basic_enum,suid_exec,execve,exec,92-unattended-u,/bin/sh /etc/update-motd.d/92-unattended-upgrades,/bin/sh /etc/update-motd.d/92-unattended-upgrades,/,benign,,1778300599.600,41493,attack_window,20260508_212317_basic_enum_YrdGDI,20260508_212317_suid_exec_dns_vandalism_9o1sm3,recon,yes,0,/usr/bin/dash,/etc/update-motd.d/92-unattended-upgrades,/etc/update-motd.d/92-unattended-upgrades|/bin/sh|/lib64/ld-linux-x86-64.so.2,0,0,1001,24674,24645,(none),129
3.121129,recon/basic_enum,suid_exec,execve,exec,update-motd-una,/bin/sh /usr/share/unattended-upgrades/update-motd-unattended-upgrades,/bin/sh /etc/update-motd.d/92-unattended-upgrades,/,benign,,1778300599.602,41494,attack_window,20260508_212317_basic_enum_YrdGDI,20260508_212317_suid_exec_dns_vandalism_9o1sm3,recon,yes,0,/usr/bin/dash,/usr/share/unattended-upgrades/update-motd-unattended-upgrades,/usr/share/unattended-upgrades/update-motd-unattended-upgrades|/bin/sh|/lib64/ld-linux-x86-64.so.2,0,0,1001,24674,24645,(none),129
3.122129,recon/basic_enum,suid_exec,execve,exec,95-hwe-eol,/bin/sh /etc/update-motd.d/95-hwe-eol,/bin/sh /etc/update-motd.d/95-hwe-eol,/,benign,,1778300599.603,41495,attack_window,20260508_212317_basic_enum_YrdGDI,20260508_212317_suid_exec_dns_vandalism_9o1sm3,recon,yes,0,/usr/bin/dash,/etc/update-motd.d/95-hwe-eol,/etc/update-motd.d/95-hwe-eol|/bin/sh|/lib64/ld-linux-x86-64.so.2,0,0,1001,24675,24645,(none),129
3.125129,recon/basic_enum,suid_exec,execve,exec,find,find /var/lib/update-notifier/hwe-eol -newermt now-1 days,find /var/lib/update-notifier/hwe-eol -newermt now-1 days,/,benign,,1778300599.606,41496,attack_window,20260508_212317_basic_enum_YrdGDI,20260508_212317_suid_exec_dns_vandalism_9o1sm3,recon,yes,0,/usr/bin/find,/usr/bin/find,/usr/bin/find|/lib64/ld-linux-x86-64.so.2,0,0,1001,24676,24675,(none),129
3.126129,recon/basic_enum,suid_exec,execve,exec,97-overlayroot,/bin/sh /etc/update-motd.d/97-overlayroot,/bin/sh /etc/update-motd.d/97-overlayroot,/,benign,,1778300599.607,41497,attack_window,20260508_212317_basic_enum_YrdGDI,20260508_212317_suid_exec_dns_vandalism_9o1sm3,recon,yes,0,/usr/bin/dash,/etc/update-motd.d/97-overlayroot,/etc/update-motd.d/97-overlayroot|/bin/sh|/lib64/ld-linux-x86-64.so.2,0,0,1001,24677,24645,(none),129
3.127129,recon/basic_enum,suid_exec,execve,exec,egrep,/bin/sh /usr/bin/egrep overlayroot|/media/root-ro|/media/root-rw /proc/mounts,/bin/sh /usr/bin/egrep overlayroot|/media/root-ro|/media/root-rw /proc/mounts,/,benign,,1778300599.608,41498,attack_window,20260508_212317_basic_enum_YrdGDI,20260508_212317_suid_exec_dns_vandalism_9o1sm3,recon,yes,0,/usr/bin/dash,/usr/bin/egrep,/usr/bin/egrep|/bin/sh|/lib64/ld-linux-x86-64.so.2,0,0,1001,24679,24678,(none),129
3.127129,recon/basic_enum,suid_exec,execve,exec,sort,sort -r,sort -r,/,benign,,1778300599.608,41499,attack_window,20260508_212317_basic_enum_YrdGDI,20260508_212317_suid_exec_dns_vandalism_9o1sm3,recon,yes,0,/usr/bin/sort,/usr/bin/sort,/usr/bin/sort|/lib64/ld-linux-x86-64.so.2,0,0,1001,24680,24678,(none),129
3.129129,recon/basic_enum,suid_exec,execve,exec,egrep,,/bin/sh /usr/bin/egrep overlayroot|/media/root-ro|/media/root-rw /proc/mounts,/,benign,,1778300599.610,41500,attack_window,20260508_212317_basic_enum_YrdGDI,20260508_212317_suid_exec_dns_vandalism_9o1sm3,recon,no,-2,/usr/bin/dash,/usr/local/sbin/grep,/usr/local/sbin/grep,0,0,1001,24679,24678,(none),129
3.129129,recon/basic_enum,suid_exec,execve,exec,egrep,,/bin/sh /usr/bin/egrep overlayroot|/media/root-ro|/media/root-rw /proc/mounts,/,benign,,1778300599.610,41501,attack_window,20260508_212317_basic_enum_YrdGDI,20260508_212317_suid_exec_dns_vandalism_9o1sm3,recon,no,-2,/usr/bin/dash,/usr/local/bin/grep,/usr/local/bin/grep,0,0,1001,24679,24678,(none),129
3.129129,recon/basic_enum,suid_exec,execve,exec,egrep,,/bin/sh /usr/bin/egrep overlayroot|/media/root-ro|/media/root-rw /proc/mounts,/,benign,,1778300599.610,41502,attack_window,20260508_212317_basic_enum_YrdGDI,20260508_212317_suid_exec_dns_vandalism_9o1sm3,recon,no,-2,/usr/bin/dash,/usr/sbin/grep,/usr/sbin/grep,0,0,1001,24679,24678,(none),129
3.129129,recon/basic_enum,suid_exec,execve,exec,grep,grep -E overlayroot|/media/root-ro|/media/root-rw /proc/mounts,/bin/sh /usr/bin/egrep overlayroot|/media/root-ro|/media/root-rw /proc/mounts,/,benign,,1778300599.610,41503,attack_window,20260508_212317_basic_enum_YrdGDI,20260508_212317_suid_exec_dns_vandalism_9o1sm3,recon,yes,0,/usr/bin/grep,/usr/bin/grep,/usr/bin/grep|/lib64/ld-linux-x86-64.so.2,0,0,1001,24679,24678,(none),129
3.132129,recon/basic_enum,suid_exec,execve,exec,98-fsck-at-rebo,/bin/sh /etc/update-motd.d/98-fsck-at-reboot,/bin/sh /etc/update-motd.d/98-fsck-at-reboot,/,benign,,1778300599.613,41504,attack_window,20260508_212317_basic_enum_YrdGDI,20260508_212317_suid_exec_dns_vandalism_9o1sm3,recon,yes,0,/usr/bin/dash,/etc/update-motd.d/98-fsck-at-reboot,/etc/update-motd.d/98-fsck-at-reboot|/bin/sh|/lib64/ld-linux-x86-64.so.2,0,0,1001,24681,24645,(none),129
3.133129,recon/basic_enum,suid_exec,execve,exec,update-motd-fsc,/bin/sh /usr/lib/update-notifier/update-motd-fsck-at-reboot,/bin/sh /etc/update-motd.d/98-fsck-at-reboot,/,benign,,1778300599.614,41505,attack_window,20260508_212317_basic_enum_YrdGDI,20260508_212317_suid_exec_dns_vandalism_9o1sm3,recon,yes,0,/usr/bin/dash,/usr/lib/update-notifier/update-motd-fsck-at-reboot,/usr/lib/update-notifier/update-motd-fsck-at-reboot|/bin/sh|/lib64/ld-linux-x86-64.so.2,0,0,1001,24681,24645,(none),129
3.133129,recon/basic_enum,suid_exec,execve,exec,id,id -u,id -u,/,benign,,1778300599.614,41506,attack_window,20260508_212317_basic_enum_YrdGDI,20260508_212317_suid_exec_dns_vandalism_9o1sm3,recon,yes,0,/usr/bin/id,/usr/bin/id,/usr/bin/id|/lib64/ld-linux-x86-64.so.2,0,0,1001,24682,24681,(none),129
3.134129,recon/basic_enum,suid_exec,execve,exec,stat,stat -c %Y /var/lib/update-notifier/fsck-at-reboot,stat -c %Y /var/lib/update-notifier/fsck-at-reboot,/,benign,,1778300599.615,41507,attack_window,20260508_212317_basic_enum_YrdGDI,20260508_212317_suid_exec_dns_vandalism_9o1sm3,recon,yes,0,/usr/bin/stat,/usr/bin/stat,/usr/bin/stat|/lib64/ld-linux-x86-64.so.2,0,0,1001,24683,24681,(none),129
3.135129,recon/basic_enum,suid_exec,execve,exec,awk,awk {print $1} /proc/uptime,awk {print $1} /proc/uptime,/,benign,,1778300599.616,41508,attack_window,20260508_212317_basic_enum_YrdGDI,20260508_212317_suid_exec_dns_vandalism_9o1sm3,recon,yes,0,/usr/bin/gawk,/usr/bin/awk,/usr/bin/awk|/lib64/ld-linux-x86-64.so.2,0,0,1001,24685,24684,(none),129
3.137129,recon/basic_enum,suid_exec,execve,exec,date,date -d now - 2845.97 seconds +%s,date -d now - 2845.97 seconds +%s,/,benign,,1778300599.618,41509,attack_window,20260508_212317_basic_enum_YrdGDI,20260508_212317_suid_exec_dns_vandalism_9o1sm3,recon,yes,0,/usr/bin/date,/usr/bin/date,/usr/bin/date|/lib64/ld-linux-x86-64.so.2,0,0,1001,24684,24681,(none),129
3.138129,recon/basic_enum,suid_exec,execve,exec,date,date +%s,date +%s,/,benign,,1778300599.619,41510,attack_window,20260508_212317_basic_enum_YrdGDI,20260508_212317_suid_exec_dns_vandalism_9o1sm3,recon,yes,0,/usr/bin/date,/usr/bin/date,/usr/bin/date|/lib64/ld-linux-x86-64.so.2,0,0,1001,24686,24681,(none),129
3.139129,recon/basic_enum,suid_exec,execve,exec,cat,cat /var/lib/update-notifier/fsck-at-reboot,cat /var/lib/update-notifier/fsck-at-reboot,/,benign,,1778300599.620,41511,attack_window,20260508_212317_basic_enum_YrdGDI,20260508_212317_suid_exec_dns_vandalism_9o1sm3,recon,yes,0,/usr/bin/cat,/usr/bin/cat,/usr/bin/cat|/lib64/ld-linux-x86-64.so.2,0,0,1001,24687,24681,(none),129
3.140129,recon/basic_enum,suid_exec,execve,exec,98-reboot-requi,/bin/sh /etc/update-motd.d/98-reboot-required,/bin/sh /etc/update-motd.d/98-reboot-required,/,benign,,1778300599.621,41512,attack_window,20260508_212317_basic_enum_YrdGDI,20260508_212317_suid_exec_dns_vandalism_9o1sm3,recon,yes,0,/usr/bin/dash,/etc/update-motd.d/98-reboot-required,/etc/update-motd.d/98-reboot-required|/bin/sh|/lib64/ld-linux-x86-64.so.2,0,0,1001,24688,24645,(none),129
3.141129,recon/basic_enum,suid_exec,execve,exec,update-motd-reb,/bin/sh -e /usr/lib/update-notifier/update-motd-reboot-required,/bin/sh /etc/update-motd.d/98-reboot-required,/,benign,,1778300599.622,41513,attack_window,20260508_212317_basic_enum_YrdGDI,20260508_212317_suid_exec_dns_vandalism_9o1sm3,recon,yes,0,/usr/bin/dash,/usr/lib/update-notifier/update-motd-reboot-required,/usr/lib/update-notifier/update-motd-reboot-required|/bin/sh|/lib64/ld-linux-x86-64.so.2,0,0,1001,24688,24645,(none),129
3.142129,recon/basic_enum,suid_exec,rename,file_destroy,sshd,,/usr/sbin/sshd -D -R,/,benign,,1778300599.623,41514,attack_window,20260508_212317_basic_enum_YrdGDI,20260508_212317_suid_exec_dns_vandalism_9o1sm3,recon,yes,0,/usr/sbin/sshd,/run/,/run/|/run/motd.dynamic.new|/run/motd.dynamic,0,0,1001,24629,21008,(none),129
3.142129,recon/basic_enum,suid_exec,connect,network_connect,sshd,,/usr/sbin/sshd -D -R,/,benign,,1778300599.623,41515,attack_window,20260508_212317_basic_enum_YrdGDI,20260508_212317_suid_exec_dns_vandalism_9o1sm3,recon,yes,0,/usr/sbin/sshd,/run/systemd/userdb/io.systemd.DynamicUser,/run/systemd/userdb/io.systemd.DynamicUser,0,0,1001,24629,21008,(none),129
3.143129,recon/basic_enum,suid_exec,connect,network_connect,sshd,,/usr/sbin/sshd -D -R,/,benign,,1778300599.624,41516,attack_window,20260508_212317_basic_enum_YrdGDI,20260508_212317_suid_exec_dns_vandalism_9o1sm3,recon,yes,0,/usr/sbin/sshd,/run/systemd/userdb/io.systemd.DynamicUser,/run/systemd/userdb/io.systemd.DynamicUser,0,0,1001,24629,21008,(none),129
3.143129,recon/basic_enum,suid_exec,connect,network_connect,sshd,,/usr/sbin/sshd -D -R,/,benign,,1778300599.624,41517,attack_window,20260508_212317_basic_enum_YrdGDI,20260508_212317_suid_exec_dns_vandalism_9o1sm3,recon,yes,0,/usr/sbin/sshd,/run/systemd/userdb/io.systemd.DynamicUser,/run/systemd/userdb/io.systemd.DynamicUser,0,0,1001,24629,21008,(none),129
3.143129,recon/basic_enum,suid_exec,connect,network_connect,sshd,,/usr/sbin/sshd -D -R,/,benign,,1778300599.624,41518,attack_window,20260508_212317_basic_enum_YrdGDI,20260508_212317_suid_exec_dns_vandalism_9o1sm3,recon,yes,0,/usr/sbin/sshd,/run/systemd/userdb/io.systemd.DynamicUser,/run/systemd/userdb/io.systemd.DynamicUser,0,0,1001,24629,21008,(none),129
3.144129,recon/basic_enum,suid_exec,connect,network_connect,sshd,,/usr/sbin/sshd -D -R,/,benign,,1778300599.625,41519,attack_window,20260508_212317_basic_enum_YrdGDI,20260508_212317_suid_exec_dns_vandalism_9o1sm3,recon,yes,0,/usr/sbin/sshd,/run/systemd/userdb/io.systemd.DynamicUser,/run/systemd/userdb/io.systemd.DynamicUser,0,0,1001,24629,21008,(none),129
3.144129,recon/basic_enum,suid_exec,,,,,,,ambiguous,,1778300599.625,41520,attack_window,20260508_212317_basic_enum_YrdGDI,20260508_212317_suid_exec_dns_vandalism_9o1sm3,recon,,,,,,,,,,,,
3.145129,recon/basic_enum,suid_exec,setgid,privilege_transition,sshd,,sshd: deploy-rkejw [priv],,benign,,1778300599.626,41521,attack_window,20260508_212317_basic_enum_YrdGDI,20260508_212317_suid_exec_dns_vandalism_9o1sm3,recon,yes,0,/usr/sbin/sshd,,,0,0,1001,24689,24629,(none),129
3.145129,recon/basic_enum,suid_exec,connect,network_connect,sshd,,sshd: deploy-rkejw [priv],/,benign,,1778300599.626,41522,attack_window,20260508_212317_basic_enum_YrdGDI,20260508_212317_suid_exec_dns_vandalism_9o1sm3,recon,yes,0,/usr/sbin/sshd,/run/systemd/userdb/io.systemd.DynamicUser,/run/systemd/userdb/io.systemd.DynamicUser,0,0,1001,24689,24629,(none),129
3.145129,recon/basic_enum,suid_exec,connect,network_connect,sshd,,sshd: deploy-rkejw [priv],/,benign,,1778300599.626,41523,attack_window,20260508_212317_basic_enum_YrdGDI,20260508_212317_suid_exec_dns_vandalism_9o1sm3,recon,yes,0,/usr/sbin/sshd,/run/systemd/userdb/io.systemd.DynamicUser,/run/systemd/userdb/io.systemd.DynamicUser,0,0,1001,24689,24629,(none),129
3.145129,recon/basic_enum,suid_exec,126,privilege_transition,sshd,,sshd: deploy-rkejw [priv],,benign,,1778300599.626,41524,attack_window,20260508_212317_basic_enum_YrdGDI,20260508_212317_suid_exec_dns_vandalism_9o1sm3,recon,yes,0,/usr/sbin/sshd,,,0,0,1001,24689,24629,(none),129
3.145129,recon/basic_enum,suid_exec,,,,,,,ambiguous,,1778300599.626,41525,attack_window,20260508_212317_basic_enum_YrdGDI,20260508_212317_suid_exec_dns_vandalism_9o1sm3,recon,,,,,,,,,,,,
3.145129,recon/basic_enum,suid_exec,setresgid,privilege_transition,sshd,,sshd: deploy-rkejw [priv],,benign,,1778300599.626,41526,attack_window,20260508_212317_basic_enum_YrdGDI,20260508_212317_suid_exec_dns_vandalism_9o1sm3,recon,yes,0,/usr/sbin/sshd,,,0,0,1001,24689,24629,(none),129
3.145129,recon/basic_enum,suid_exec,setresuid,privilege_transition,sshd,,sshd: deploy-rkejw [priv],,benign,,1778300599.626,41527,attack_window,20260508_212317_basic_enum_YrdGDI,20260508_212317_suid_exec_dns_vandalism_9o1sm3,recon,yes,0,/usr/sbin/sshd,,,1001,1001,1001,24689,24629,(none),129
3.145129,recon/basic_enum,suid_exec,setuid,privilege_transition,sshd,,sshd: deploy-rkejw [priv],,benign,,1778300599.626,41528,attack_window,20260508_212317_basic_enum_YrdGDI,20260508_212317_suid_exec_dns_vandalism_9o1sm3,recon,no,-1,/usr/sbin/sshd,,,1001,1001,1001,24689,24629,(none),129
3.145129,recon/basic_enum,suid_exec,setresuid,privilege_transition,sshd,,sshd: deploy-rkejw [priv],,benign,,1778300599.626,41529,attack_window,20260508_212317_basic_enum_YrdGDI,20260508_212317_suid_exec_dns_vandalism_9o1sm3,recon,no,-1,/usr/sbin/sshd,,,1001,1001,1001,24689,24629,(none),129
3.188129,recon/basic_enum,suid_exec,execve,shell_exec,bash,bash -c /usr/lib/openssh/sftp-server,bash -c /usr/lib/openssh/sftp-server,/home/deploy-rkejw,benign,,1778300599.669,41530,attack_window,20260508_212317_basic_enum_YrdGDI,20260508_212317_suid_exec_dns_vandalism_9o1sm3,recon,yes,0,/usr/bin/bash,/bin/bash,/bin/bash|/lib64/ld-linux-x86-64.so.2,1001,1001,1001,24690,24689,(none),129
3.190129,recon/basic_enum,suid_exec,execve,exec,sftp-server,/usr/lib/openssh/sftp-server,bash -c /usr/lib/openssh/sftp-server,/home/deploy-rkejw,benign,,1778300599.671,41531,attack_window,20260508_212317_basic_enum_YrdGDI,20260508_212317_suid_exec_dns_vandalism_9o1sm3,recon,yes,0,/usr/lib/openssh/sftp-server,/usr/lib/openssh/sftp-server,/usr/lib/openssh/sftp-server|/lib64/ld-linux-x86-64.so.2,1001,1001,1001,24690,24689,(none),129
3.191129,recon/basic_enum,suid_exec,connect,network_connect,sftp-server,,bash -c /usr/lib/openssh/sftp-server,/home/deploy-rkejw,benign,,1778300599.672,41532,attack_window,20260508_212317_basic_enum_YrdGDI,20260508_212317_suid_exec_dns_vandalism_9o1sm3,recon,no,-2,/usr/lib/openssh/sftp-server,/var/run/nscd/socket,/var/run/nscd/socket,1001,1001,1001,24690,24689,(none),129
3.191129,recon/basic_enum,suid_exec,connect,network_connect,sftp-server,,bash -c /usr/lib/openssh/sftp-server,/home/deploy-rkejw,benign,,1778300599.672,41533,attack_window,20260508_212317_basic_enum_YrdGDI,20260508_212317_suid_exec_dns_vandalism_9o1sm3,recon,no,-2,/usr/lib/openssh/sftp-server,/var/run/nscd/socket,/var/run/nscd/socket,1001,1001,1001,24690,24689,(none),129
3.196129,recon/basic_enum,suid_exec,connect,network_connect,sshd,,sshd: deploy-rkejw [priv],/,benign,,1778300599.677,41534,attack_window,20260508_212317_basic_enum_YrdGDI,20260508_212317_suid_exec_dns_vandalism_9o1sm3,recon,yes,0,/usr/sbin/sshd,/dev/log,/dev/log,1001,1001,1001,24689,24629,(none),129
3.196129,recon/basic_enum,suid_exec,114,privilege_transition,sshd,,/usr/sbin/sshd -D -R,,benign,,1778300599.677,41535,attack_window,20260508_212317_basic_enum_YrdGDI,20260508_212317_suid_exec_dns_vandalism_9o1sm3,recon,yes,0,/usr/sbin/sshd,,,0,0,1001,24629,21008,(none),129
3.196129,recon/basic_enum,suid_exec,setresuid,privilege_transition,sshd,,/usr/sbin/sshd -D -R,,benign,,1778300599.677,41536,attack_window,20260508_212317_basic_enum_YrdGDI,20260508_212317_suid_exec_dns_vandalism_9o1sm3,recon,yes,0,/usr/sbin/sshd,,,0,1001,1001,24629,21008,(none),129
3.196129,recon/basic_enum,suid_exec,113,privilege_transition,sshd,,/usr/sbin/sshd -D -R,,benign,,1778300599.677,41537,attack_window,20260508_212317_basic_enum_YrdGDI,20260508_212317_suid_exec_dns_vandalism_9o1sm3,recon,yes,0,/usr/sbin/sshd,,,0,0,1001,24629,21008,(none),129
3.196129,recon/basic_enum,suid_exec,114,privilege_transition,sshd,,/usr/sbin/sshd -D -R,,benign,,1778300599.677,41538,attack_window,20260508_212317_basic_enum_YrdGDI,20260508_212317_suid_exec_dns_vandalism_9o1sm3,recon,yes,0,/usr/sbin/sshd,,,0,0,1001,24629,21008,(none),129
3.196129,recon/basic_enum,suid_exec,connect,network_connect,sshd,,/usr/sbin/sshd -D -R,/,benign,,1778300599.677,41539,attack_window,20260508_212317_basic_enum_YrdGDI,20260508_212317_suid_exec_dns_vandalism_9o1sm3,recon,yes,0,/usr/sbin/sshd,/run/dbus/system_bus_socket,/run/dbus/system_bus_socket,0,0,1001,24629,21008,(none),129
3.199129,recon/basic_enum,suid_exec,,,,,,,ambiguous,,1778300599.680,41540,attack_window,20260508_212317_basic_enum_YrdGDI,20260508_212317_suid_exec_dns_vandalism_9o1sm3,recon,,,,,,,,,,,,
3.199129,recon/basic_enum,suid_exec,,,,,,,ambiguous,,1778300599.680,41541,attack_window,20260508_212317_basic_enum_YrdGDI,20260508_212317_suid_exec_dns_vandalism_9o1sm3,recon,,,,,,,,,,,,
3.199129,recon/basic_enum,suid_exec,setresgid,privilege_transition,sshd,,/usr/sbin/sshd -D -R,,benign,,1778300599.680,41542,attack_window,20260508_212317_basic_enum_YrdGDI,20260508_212317_suid_exec_dns_vandalism_9o1sm3,recon,yes,0,/usr/sbin/sshd,,,0,0,1001,24629,21008,(none),129
3.199129,recon/basic_enum,suid_exec,setresuid,privilege_transition,sshd,,/usr/sbin/sshd -D -R,,benign,,1778300599.680,41543,attack_window,20260508_212317_basic_enum_YrdGDI,20260508_212317_suid_exec_dns_vandalism_9o1sm3,recon,yes,0,/usr/sbin/sshd,,,0,1001,1001,24629,21008,(none),129
3.199129,recon/basic_enum,suid_exec,setresuid,privilege_transition,sshd,,/usr/sbin/sshd -D -R,,benign,,1778300599.680,41544,attack_window,20260508_212317_basic_enum_YrdGDI,20260508_212317_suid_exec_dns_vandalism_9o1sm3,recon,yes,0,/usr/sbin/sshd,,,0,0,1001,24629,21008,(none),129
3.199129,recon/basic_enum,suid_exec,setresgid,privilege_transition,sshd,,/usr/sbin/sshd -D -R,,benign,,1778300599.680,41545,attack_window,20260508_212317_basic_enum_YrdGDI,20260508_212317_suid_exec_dns_vandalism_9o1sm3,recon,yes,0,/usr/sbin/sshd,,,0,0,1001,24629,21008,(none),129
3.207129,recon/basic_enum,suid_exec,execve,exec,sshd,/usr/sbin/sshd -D -R,/usr/sbin/sshd -D -R,/,benign,,1778300599.688,41546,attack_window,20260508_212317_basic_enum_YrdGDI,20260508_212317_suid_exec_dns_vandalism_9o1sm3,recon,yes,0,/usr/sbin/sshd,/usr/sbin/sshd,/usr/sbin/sshd|/lib64/ld-linux-x86-64.so.2,0,0,4294967295,24691,21008,(none),4294967295
3.210129,recon/basic_enum,suid_exec,connect,network_connect,sshd,,/usr/sbin/sshd -D -R,/,benign,,1778300599.691,41547,attack_window,20260508_212317_basic_enum_YrdGDI,20260508_212317_suid_exec_dns_vandalism_9o1sm3,recon,no,-2,/usr/sbin/sshd,/var/run/nscd/socket,/var/run/nscd/socket,0,0,4294967295,24691,21008,(none),4294967295
3.210129,recon/basic_enum,suid_exec,connect,network_connect,sshd,,/usr/sbin/sshd -D -R,,benign,,1778300599.691,41548,attack_window,20260508_212317_basic_enum_YrdGDI,20260508_212317_suid_exec_dns_vandalism_9o1sm3,recon,yes,0,/usr/sbin/sshd,,,0,0,4294967295,24691,21008,(none),4294967295
3.210129,recon/basic_enum,suid_exec,connect,network_connect,sshd,,/usr/sbin/sshd -D -R,,benign,,1778300599.691,41549,attack_window,20260508_212317_basic_enum_YrdGDI,20260508_212317_suid_exec_dns_vandalism_9o1sm3,recon,yes,0,/usr/sbin/sshd,,,0,0,4294967295,24691,21008,(none),4294967295
3.210129,recon/basic_enum,suid_exec,connect,network_connect,sshd,,/usr/sbin/sshd -D -R,,benign,,1778300599.691,41550,attack_window,20260508_212317_basic_enum_YrdGDI,20260508_212317_suid_exec_dns_vandalism_9o1sm3,recon,yes,0,/usr/sbin/sshd,,,0,0,4294967295,24691,21008,(none),4294967295
3.210129,recon/basic_enum,suid_exec,connect,network_connect,sshd,,/usr/sbin/sshd -D -R,/,benign,,1778300599.691,41551,attack_window,20260508_212317_basic_enum_YrdGDI,20260508_212317_suid_exec_dns_vandalism_9o1sm3,recon,no,-2,/usr/sbin/sshd,/var/run/nscd/socket,/var/run/nscd/socket,0,0,4294967295,24691,21008,(none),4294967295
3.211129,recon/basic_enum,suid_exec,connect,network_connect,sshd,,/usr/sbin/sshd -D -R,/,benign,,1778300599.692,41552,attack_window,20260508_212317_basic_enum_YrdGDI,20260508_212317_suid_exec_dns_vandalism_9o1sm3,recon,no,-2,/usr/sbin/sshd,/var/run/nscd/socket,/var/run/nscd/socket,0,0,4294967295,24691,21008,(none),4294967295
3.213129,recon/basic_enum,suid_exec,setresgid,privilege_transition,sshd,,sshd: [accepted],,benign,,1778300599.694,41553,attack_window,20260508_212317_basic_enum_YrdGDI,20260508_212317_suid_exec_dns_vandalism_9o1sm3,recon,yes,0,/usr/sbin/sshd,,,0,0,4294967295,24692,24691,(none),4294967295
3.213129,recon/basic_enum,suid_exec,setresuid,privilege_transition,sshd,,sshd: [accepted],,benign,,1778300599.694,41554,attack_window,20260508_212317_basic_enum_YrdGDI,20260508_212317_suid_exec_dns_vandalism_9o1sm3,recon,yes,0,/usr/sbin/sshd,,,109,109,4294967295,24692,24691,(none),4294967295
3.213129,recon/basic_enum,suid_exec,setgid,privilege_transition,sshd,,sshd: [accepted],,benign,,1778300599.694,41555,attack_window,20260508_212317_basic_enum_YrdGDI,20260508_212317_suid_exec_dns_vandalism_9o1sm3,recon,no,-1,/usr/sbin/sshd,,,109,109,4294967295,24692,24691,(none),4294967295
3.213129,recon/basic_enum,suid_exec,setresgid,privilege_transition,sshd,,sshd: [accepted],,benign,,1778300599.694,41556,attack_window,20260508_212317_basic_enum_YrdGDI,20260508_212317_suid_exec_dns_vandalism_9o1sm3,recon,no,-1,/usr/sbin/sshd,,,109,109,4294967295,24692,24691,(none),4294967295
3.213129,recon/basic_enum,suid_exec,setuid,privilege_transition,sshd,,sshd: [accepted],,benign,,1778300599.694,41557,attack_window,20260508_212317_basic_enum_YrdGDI,20260508_212317_suid_exec_dns_vandalism_9o1sm3,recon,no,-1,/usr/sbin/sshd,,,109,109,4294967295,24692,24691,(none),4294967295
3.213129,recon/basic_enum,suid_exec,setresuid,privilege_transition,sshd,,sshd: [accepted],,benign,,1778300599.694,41558,attack_window,20260508_212317_basic_enum_YrdGDI,20260508_212317_suid_exec_dns_vandalism_9o1sm3,recon,no,-1,/usr/sbin/sshd,,,109,109,4294967295,24692,24691,(none),4294967295
3.314129,recon/basic_enum,suid_exec,connect,network_connect,sshd,,/usr/sbin/sshd -D -R,/,benign,,1778300599.795,41559,attack_window,20260508_212317_basic_enum_YrdGDI,20260508_212317_suid_exec_dns_vandalism_9o1sm3,recon,no,-2,/usr/sbin/sshd,/var/run/nscd/socket,/var/run/nscd/socket,0,0,4294967295,24691,21008,(none),4294967295
3.314129,recon/basic_enum,suid_exec,connect,network_connect,sshd,,/usr/sbin/sshd -D -R,/,benign,,1778300599.795,41560,attack_window,20260508_212317_basic_enum_YrdGDI,20260508_212317_suid_exec_dns_vandalism_9o1sm3,recon,no,-2,/usr/sbin/sshd,/var/run/nscd/socket,/var/run/nscd/socket,0,0,4294967295,24691,21008,(none),4294967295
3.314129,recon/basic_enum,suid_exec,connect,network_connect,sshd,,/usr/sbin/sshd -D -R,/,benign,,1778300599.795,41561,attack_window,20260508_212317_basic_enum_YrdGDI,20260508_212317_suid_exec_dns_vandalism_9o1sm3,recon,yes,0,/usr/sbin/sshd,/run/systemd/userdb/io.systemd.DynamicUser,/run/systemd/userdb/io.systemd.DynamicUser,0,0,4294967295,24691,21008,(none),4294967295
3.315129,recon/basic_enum,suid_exec,setresgid,privilege_transition,sshd,,/usr/sbin/sshd -D -R,,benign,,1778300599.796,41562,attack_window,20260508_212317_basic_enum_YrdGDI,20260508_212317_suid_exec_dns_vandalism_9o1sm3,recon,yes,0,/usr/sbin/sshd,,,0,0,4294967295,24691,21008,(none),4294967295
3.315129,recon/basic_enum,suid_exec,setresuid,privilege_transition,sshd,,/usr/sbin/sshd -D -R,,benign,,1778300599.796,41563,attack_window,20260508_212317_basic_enum_YrdGDI,20260508_212317_suid_exec_dns_vandalism_9o1sm3,recon,yes,0,/usr/sbin/sshd,,,0,1001,4294967295,24691,21008,(none),4294967295
3.315129,recon/basic_enum,suid_exec,setresuid,privilege_transition,sshd,,/usr/sbin/sshd -D -R,,benign,,1778300599.796,41564,attack_window,20260508_212317_basic_enum_YrdGDI,20260508_212317_suid_exec_dns_vandalism_9o1sm3,recon,yes,0,/usr/sbin/sshd,,,0,0,4294967295,24691,21008,(none),4294967295
3.315129,recon/basic_enum,suid_exec,setresgid,privilege_transition,sshd,,/usr/sbin/sshd -D -R,,benign,,1778300599.796,41565,attack_window,20260508_212317_basic_enum_YrdGDI,20260508_212317_suid_exec_dns_vandalism_9o1sm3,recon,yes,0,/usr/sbin/sshd,,,0,0,4294967295,24691,21008,(none),4294967295
3.315129,recon/basic_enum,suid_exec,setresgid,privilege_transition,sshd,,/usr/sbin/sshd -D -R,,benign,,1778300599.796,41566,attack_window,20260508_212317_basic_enum_YrdGDI,20260508_212317_suid_exec_dns_vandalism_9o1sm3,recon,yes,0,/usr/sbin/sshd,,,0,0,4294967295,24691,21008,(none),4294967295
3.315129,recon/basic_enum,suid_exec,setresuid,privilege_transition,sshd,,/usr/sbin/sshd -D -R,,benign,,1778300599.796,41567,attack_window,20260508_212317_basic_enum_YrdGDI,20260508_212317_suid_exec_dns_vandalism_9o1sm3,recon,yes,0,/usr/sbin/sshd,,,0,1001,4294967295,24691,21008,(none),4294967295
3.315129,recon/basic_enum,suid_exec,connect,network_connect,sshd,,/usr/sbin/sshd -D -R,/,benign,,1778300599.796,41568,attack_window,20260508_212317_basic_enum_YrdGDI,20260508_212317_suid_exec_dns_vandalism_9o1sm3,recon,yes,0,/usr/sbin/sshd,/dev/log,/dev/log,0,1001,4294967295,24691,21008,(none),4294967295
3.316129,recon/basic_enum,suid_exec,setresuid,privilege_transition,sshd,,/usr/sbin/sshd -D -R,,benign,,1778300599.797,41569,attack_window,20260508_212317_basic_enum_YrdGDI,20260508_212317_suid_exec_dns_vandalism_9o1sm3,recon,yes,0,/usr/sbin/sshd,,,0,0,4294967295,24691,21008,(none),4294967295
3.316129,recon/basic_enum,suid_exec,setresgid,privilege_transition,sshd,,/usr/sbin/sshd -D -R,,benign,,1778300599.797,41570,attack_window,20260508_212317_basic_enum_YrdGDI,20260508_212317_suid_exec_dns_vandalism_9o1sm3,recon,yes,0,/usr/sbin/sshd,,,0,0,4294967295,24691,21008,(none),4294967295
3.316129,recon/basic_enum,suid_exec,,,,,,,ambiguous,,1778300599.797,41571,attack_window,20260508_212317_basic_enum_YrdGDI,20260508_212317_suid_exec_dns_vandalism_9o1sm3,recon,,,,,,,,,,,,
3.321129,recon/basic_enum,suid_exec,setresgid,privilege_transition,sshd,,/usr/sbin/sshd -D -R,,benign,,1778300599.802,41572,attack_window,20260508_212317_basic_enum_YrdGDI,20260508_212317_suid_exec_dns_vandalism_9o1sm3,recon,yes,0,/usr/sbin/sshd,,,0,0,4294967295,24691,21008,(none),4294967295
3.321129,recon/basic_enum,suid_exec,setresuid,privilege_transition,sshd,,/usr/sbin/sshd -D -R,,benign,,1778300599.802,41573,attack_window,20260508_212317_basic_enum_YrdGDI,20260508_212317_suid_exec_dns_vandalism_9o1sm3,recon,yes,0,/usr/sbin/sshd,,,0,1001,4294967295,24691,21008,(none),4294967295
3.321129,recon/basic_enum,suid_exec,setresuid,privilege_transition,sshd,,/usr/sbin/sshd -D -R,,benign,,1778300599.802,41574,attack_window,20260508_212317_basic_enum_YrdGDI,20260508_212317_suid_exec_dns_vandalism_9o1sm3,recon,yes,0,/usr/sbin/sshd,,,0,0,4294967295,24691,21008,(none),4294967295
3.321129,recon/basic_enum,suid_exec,setresgid,privilege_transition,sshd,,/usr/sbin/sshd -D -R,,benign,,1778300599.802,41575,attack_window,20260508_212317_basic_enum_YrdGDI,20260508_212317_suid_exec_dns_vandalism_9o1sm3,recon,yes,0,/usr/sbin/sshd,,,0,0,4294967295,24691,21008,(none),4294967295
3.321129,recon/basic_enum,suid_exec,setresgid,privilege_transition,sshd,,/usr/sbin/sshd -D -R,,benign,,1778300599.802,41576,attack_window,20260508_212317_basic_enum_YrdGDI,20260508_212317_suid_exec_dns_vandalism_9o1sm3,recon,yes,0,/usr/sbin/sshd,,,0,0,4294967295,24691,21008,(none),4294967295
3.321129,recon/basic_enum,suid_exec,setresuid,privilege_transition,sshd,,/usr/sbin/sshd -D -R,,benign,,1778300599.802,41577,attack_window,20260508_212317_basic_enum_YrdGDI,20260508_212317_suid_exec_dns_vandalism_9o1sm3,recon,yes,0,/usr/sbin/sshd,,,0,1001,4294967295,24691,21008,(none),4294967295
3.321129,recon/basic_enum,suid_exec,connect,network_connect,sshd,,/usr/sbin/sshd -D -R,/,benign,,1778300599.802,41578,attack_window,20260508_212317_basic_enum_YrdGDI,20260508_212317_suid_exec_dns_vandalism_9o1sm3,recon,yes,0,/usr/sbin/sshd,/dev/log,/dev/log,0,1001,4294967295,24691,21008,(none),4294967295
3.321129,recon/basic_enum,suid_exec,setresuid,privilege_transition,sshd,,/usr/sbin/sshd -D -R,,benign,,1778300599.802,41579,attack_window,20260508_212317_basic_enum_YrdGDI,20260508_212317_suid_exec_dns_vandalism_9o1sm3,recon,yes,0,/usr/sbin/sshd,,,0,0,4294967295,24691,21008,(none),4294967295
3.321129,recon/basic_enum,suid_exec,setresgid,privilege_transition,sshd,,/usr/sbin/sshd -D -R,,benign,,1778300599.802,41580,attack_window,20260508_212317_basic_enum_YrdGDI,20260508_212317_suid_exec_dns_vandalism_9o1sm3,recon,yes,0,/usr/sbin/sshd,,,0,0,4294967295,24691,21008,(none),4294967295
3.321129,recon/basic_enum,suid_exec,,,,,,,ambiguous,,1778300599.802,41581,attack_window,20260508_212317_basic_enum_YrdGDI,20260508_212317_suid_exec_dns_vandalism_9o1sm3,recon,,,,,,,,,,,,
3.347129,recon/basic_enum,suid_exec,connect,network_connect,sshd,,/usr/sbin/sshd -D -R,/,benign,,1778300599.828,41582,attack_window,20260508_212317_basic_enum_YrdGDI,20260508_212317_suid_exec_dns_vandalism_9o1sm3,recon,yes,0,/usr/sbin/sshd,/run/systemd/userdb/io.systemd.DynamicUser,/run/systemd/userdb/io.systemd.DynamicUser,0,0,4294967295,24691,21008,(none),4294967295
3.348129,recon/basic_enum,suid_exec,,,,,,,ambiguous,,1778300599.829,41583,attack_window,20260508_212317_basic_enum_YrdGDI,20260508_212317_suid_exec_dns_vandalism_9o1sm3,recon,,,,,,,,,,,,
3.353129,recon/basic_enum,suid_exec,,,,,,,ambiguous,,1778300599.834,41584,attack_window,20260508_212317_basic_enum_YrdGDI,20260508_212317_suid_exec_dns_vandalism_9o1sm3,recon,,,,,,,,,,,,
3.353129,recon/basic_enum,suid_exec,connect,network_connect,sshd,,/usr/sbin/sshd -D -R,/,benign,,1778300599.834,41585,attack_window,20260508_212317_basic_enum_YrdGDI,20260508_212317_suid_exec_dns_vandalism_9o1sm3,recon,yes,0,/usr/sbin/sshd,/dev/log,/dev/log,0,0,4294967295,24691,21008,(none),4294967295
3.355129,recon/basic_enum,suid_exec,connect,network_connect,sshd,,/usr/sbin/sshd -D -R,/,benign,,1778300599.836,41586,attack_window,20260508_212317_basic_enum_YrdGDI,20260508_212317_suid_exec_dns_vandalism_9o1sm3,recon,yes,0,/usr/sbin/sshd,/run/systemd/userdb/io.systemd.DynamicUser,/run/systemd/userdb/io.systemd.DynamicUser,0,0,4294967295,24691,21008,(none),4294967295
3.355129,recon/basic_enum,suid_exec,126,privilege_transition,sshd,,/usr/sbin/sshd -D -R,,benign,,1778300599.836,41587,attack_window,20260508_212317_basic_enum_YrdGDI,20260508_212317_suid_exec_dns_vandalism_9o1sm3,recon,yes,0,/usr/sbin/sshd,,,0,0,4294967295,24691,21008,(none),4294967295
3.355129,recon/basic_enum,suid_exec,,,,,,,ambiguous,,1778300599.836,41588,attack_window,20260508_212317_basic_enum_YrdGDI,20260508_212317_suid_exec_dns_vandalism_9o1sm3,recon,,,,,,,,,,,,
3.356129,recon/basic_enum,suid_exec,77,file_destroy,sshd,,/usr/sbin/sshd -D -R,,benign,,1778300599.837,41589,attack_window,20260508_212317_basic_enum_YrdGDI,20260508_212317_suid_exec_dns_vandalism_9o1sm3,recon,yes,0,/usr/sbin/sshd,,,0,0,4294967295,24691,21008,(none),4294967295
3.356129,recon/basic_enum,suid_exec,write,(null),sshd,,/usr/sbin/sshd -D -R,,benign,,1778300599.837,41590,attack_window,20260508_212317_basic_enum_YrdGDI,20260508_212317_suid_exec_dns_vandalism_9o1sm3,recon,yes,4,/usr/sbin/sshd,,,0,0,1001,24691,21008,(none),130
3.356129,recon/basic_enum,suid_exec,114,privilege_transition,sshd,,/usr/sbin/sshd -D -R,,benign,,1778300599.837,41591,attack_window,20260508_212317_basic_enum_YrdGDI,20260508_212317_suid_exec_dns_vandalism_9o1sm3,recon,yes,0,/usr/sbin/sshd,,,0,0,1001,24691,21008,(none),130
3.356129,recon/basic_enum,suid_exec,113,privilege_transition,sshd,,/usr/sbin/sshd -D -R,,benign,,1778300599.837,41592,attack_window,20260508_212317_basic_enum_YrdGDI,20260508_212317_suid_exec_dns_vandalism_9o1sm3,recon,yes,0,/usr/sbin/sshd,,,1001,0,1001,24691,21008,(none),130
3.356129,recon/basic_enum,suid_exec,113,privilege_transition,sshd,,/usr/sbin/sshd -D -R,,benign,,1778300599.837,41593,attack_window,20260508_212317_basic_enum_YrdGDI,20260508_212317_suid_exec_dns_vandalism_9o1sm3,recon,yes,0,/usr/sbin/sshd,,,0,0,1001,24691,21008,(none),130
3.356129,recon/basic_enum,suid_exec,114,privilege_transition,sshd,,/usr/sbin/sshd -D -R,,benign,,1778300599.837,41594,attack_window,20260508_212317_basic_enum_YrdGDI,20260508_212317_suid_exec_dns_vandalism_9o1sm3,recon,yes,0,/usr/sbin/sshd,,,0,0,1001,24691,21008,(none),130
3.356129,recon/basic_enum,suid_exec,connect,network_connect,sshd,,/usr/sbin/sshd -D -R,/,benign,,1778300599.837,41595,attack_window,20260508_212317_basic_enum_YrdGDI,20260508_212317_suid_exec_dns_vandalism_9o1sm3,recon,yes,0,/usr/sbin/sshd,/dev/log,/dev/log,0,0,1001,24691,21008,(none),130
3.356129,recon/basic_enum,suid_exec,connect,network_connect,sshd,,/usr/sbin/sshd -D -R,/,benign,,1778300599.837,41596,attack_window,20260508_212317_basic_enum_YrdGDI,20260508_212317_suid_exec_dns_vandalism_9o1sm3,recon,no,-2,/usr/sbin/sshd,/run/systemd/userdb/io.systemd.Multiplexer,/run/systemd/userdb/io.systemd.Multiplexer,0,0,1001,24691,21008,(none),130
3.356129,recon/basic_enum,suid_exec,connect,network_connect,sshd,,/usr/sbin/sshd -D -R,/,benign,,1778300599.837,41597,attack_window,20260508_212317_basic_enum_YrdGDI,20260508_212317_suid_exec_dns_vandalism_9o1sm3,recon,yes,0,/usr/sbin/sshd,/run/systemd/userdb/io.systemd.DynamicUser,/run/systemd/userdb/io.systemd.DynamicUser,0,0,1001,24691,21008,(none),130
3.356129,recon/basic_enum,suid_exec,connect,network_connect,sshd,,/usr/sbin/sshd -D -R,/,benign,,1778300599.837,41598,attack_window,20260508_212317_basic_enum_YrdGDI,20260508_212317_suid_exec_dns_vandalism_9o1sm3,recon,yes,0,/usr/sbin/sshd,/run/dbus/system_bus_socket,/run/dbus/system_bus_socket,0,0,1001,24691,21008,(none),130
3.366129,recon/basic_enum,suid_exec,execve,exec,sh,sh -c -- /usr/bin/env -i PATH=/usr/local/sbin:/usr/local/bin:/usr/sbin:/usr/bin:/sbin:/bin run-parts --lsbsysinit /etc/update-motd.d > /run/motd.dynamic.new,sh -c -- /usr/bin/env -i PATH=/usr/local/sbin:/usr/local/bin:/usr/sbin:/usr/bin:/sbin:/bin run-parts --lsbsysinit /etc/update-mo,/,benign,,1778300599.847,41599,attack_window,20260508_212317_basic_enum_YrdGDI,20260508_212317_suid_exec_dns_vandalism_9o1sm3,recon,yes,0,/usr/bin/dash,/bin/sh,/bin/sh|/lib64/ld-linux-x86-64.so.2,0,0,1001,24693,24691,(none),130
3.367129,recon/basic_enum,suid_exec,execve,exec,env,/usr/bin/env -i PATH=/usr/local/sbin:/usr/local/bin:/usr/sbin:/usr/bin:/sbin:/bin run-parts --lsbsysinit /etc/update-motd.d,/usr/bin/env -i PATH=/usr/local/sbin:/usr/local/bin:/usr/sbin:/usr/bin:/sbin:/bin run-parts --lsbsysinit /etc/update-motd.d,/,benign,,1778300599.848,41600,attack_window,20260508_212317_basic_enum_YrdGDI,20260508_212317_suid_exec_dns_vandalism_9o1sm3,recon,yes,0,/usr/bin/env,/usr/bin/env,/usr/bin/env|/lib64/ld-linux-x86-64.so.2,0,0,1001,24694,24693,(none),130
3.368129,recon/basic_enum,suid_exec,execve,exec,env,,/usr/bin/env -i PATH=/usr/local/sbin:/usr/local/bin:/usr/sbin:/usr/bin:/sbin:/bin run-parts --lsbsysinit /etc/update-motd.d,/,benign,,1778300599.849,41601,attack_window,20260508_212317_basic_enum_YrdGDI,20260508_212317_suid_exec_dns_vandalism_9o1sm3,recon,no,-2,/usr/bin/env,/usr/local/sbin/run-parts,/usr/local/sbin/run-parts,0,0,1001,24694,24693,(none),130
3.368129,recon/basic_enum,suid_exec,execve,exec,env,,/usr/bin/env -i PATH=/usr/local/sbin:/usr/local/bin:/usr/sbin:/usr/bin:/sbin:/bin run-parts --lsbsysinit /etc/update-motd.d,/,benign,,1778300599.849,41602,attack_window,20260508_212317_basic_enum_YrdGDI,20260508_212317_suid_exec_dns_vandalism_9o1sm3,recon,no,-2,/usr/bin/env,/usr/local/bin/run-parts,/usr/local/bin/run-parts,0,0,1001,24694,24693,(none),130
3.368129,recon/basic_enum,suid_exec,execve,exec,env,,/usr/bin/env -i PATH=/usr/local/sbin:/usr/local/bin:/usr/sbin:/usr/bin:/sbin:/bin run-parts --lsbsysinit /etc/update-motd.d,/,benign,,1778300599.849,41603,attack_window,20260508_212317_basic_enum_YrdGDI,20260508_212317_suid_exec_dns_vandalism_9o1sm3,recon,no,-2,/usr/bin/env,/usr/sbin/run-parts,/usr/sbin/run-parts,0,0,1001,24694,24693,(none),130
3.369129,recon/basic_enum,suid_exec,execve,exec,run-parts,run-parts --lsbsysinit /etc/update-motd.d,/usr/bin/env -i PATH=/usr/local/sbin:/usr/local/bin:/usr/sbin:/usr/bin:/sbin:/bin run-parts --lsbsysinit /etc/update-motd.d,/,benign,,1778300599.850,41604,attack_window,20260508_212317_basic_enum_YrdGDI,20260508_212317_suid_exec_dns_vandalism_9o1sm3,recon,yes,0,/usr/bin/run-parts,/usr/bin/run-parts,/usr/bin/run-parts|/lib64/ld-linux-x86-64.so.2,0,0,1001,24694,24693,(none),130
3.371129,recon/basic_enum,suid_exec,execve,exec,00-header,/bin/sh /etc/update-motd.d/00-header,/bin/sh /etc/update-motd.d/00-header,/,benign,,1778300599.852,41605,attack_window,20260508_212317_basic_enum_YrdGDI,20260508_212317_suid_exec_dns_vandalism_9o1sm3,recon,yes,0,/usr/bin/dash,/etc/update-motd.d/00-header,/etc/update-motd.d/00-header|/bin/sh|/lib64/ld-linux-x86-64.so.2,0,0,1001,24695,24694,(none),130
3.372129,recon/basic_enum,suid_exec,execve,exec,uname,uname -o,uname -o,/,benign,,1778300599.853,41606,attack_window,20260508_212317_basic_enum_YrdGDI,20260508_212317_suid_exec_dns_vandalism_9o1sm3,recon,yes,0,/usr/bin/uname,/usr/bin/uname,/usr/bin/uname|/lib64/ld-linux-x86-64.so.2,0,0,1001,24696,24695,(none),130
3.373129,recon/basic_enum,suid_exec,execve,exec,uname,uname -r,uname -r,/,benign,,1778300599.854,41607,attack_window,20260508_212317_basic_enum_YrdGDI,20260508_212317_suid_exec_dns_vandalism_9o1sm3,recon,yes,0,/usr/bin/uname,/usr/bin/uname,/usr/bin/uname|/lib64/ld-linux-x86-64.so.2,0,0,1001,24697,24695,(none),130
3.376129,recon/basic_enum,suid_exec,execve,exec,uname,uname -m,uname -m,/,benign,,1778300599.857,41608,attack_window,20260508_212317_basic_enum_YrdGDI,20260508_212317_suid_exec_dns_vandalism_9o1sm3,recon,yes,0,/usr/bin/uname,/usr/bin/uname,/usr/bin/uname|/lib64/ld-linux-x86-64.so.2,0,0,1001,24698,24695,(none),130
3.377129,recon/basic_enum,suid_exec,execve,exec,10-help-text,/bin/sh /etc/update-motd.d/10-help-text,/bin/sh /etc/update-motd.d/10-help-text,/,benign,,1778300599.858,41609,attack_window,20260508_212317_basic_enum_YrdGDI,20260508_212317_suid_exec_dns_vandalism_9o1sm3,recon,yes,0,/usr/bin/dash,/etc/update-motd.d/10-help-text,/etc/update-motd.d/10-help-text|/bin/sh|/lib64/ld-linux-x86-64.so.2,0,0,1001,24699,24694,(none),130
3.378129,recon/basic_enum,suid_exec,execve,exec,50-landscape-sy,/bin/sh /etc/update-motd.d/50-landscape-sysinfo,/bin/sh /etc/update-motd.d/50-landscape-sysinfo,/,benign,,1778300599.859,41610,attack_window,20260508_212317_basic_enum_YrdGDI,20260508_212317_suid_exec_dns_vandalism_9o1sm3,recon,yes,0,/usr/bin/dash,/etc/update-motd.d/50-landscape-sysinfo,/etc/update-motd.d/50-landscape-sysinfo|/bin/sh|/lib64/ld-linux-x86-64.so.2,0,0,1001,24700,24694,(none),130
3.379129,recon/basic_enum,suid_exec,execve,exec,find,find /var/lib/landscape/landscape-sysinfo.cache -newermt now-1 minutes,find /var/lib/landscape/landscape-sysinfo.cache -newermt now-1 minutes,/,benign,,1778300599.860,41611,attack_window,20260508_212317_basic_enum_YrdGDI,20260508_212317_suid_exec_dns_vandalism_9o1sm3,recon,yes,0,/usr/bin/find,/usr/bin/find,/usr/bin/find|/lib64/ld-linux-x86-64.so.2,0,0,1001,24701,24700,(none),130
3.383129,recon/basic_enum,suid_exec,execve,exec,cat,cat /var/lib/landscape/landscape-sysinfo.cache,cat /var/lib/landscape/landscape-sysinfo.cache,/,benign,,1778300599.864,41612,attack_window,20260508_212317_basic_enum_YrdGDI,20260508_212317_suid_exec_dns_vandalism_9o1sm3,recon,yes,0,/usr/bin/cat,/usr/bin/cat,/usr/bin/cat|/lib64/ld-linux-x86-64.so.2,0,0,1001,24702,24700,(none),130
3.383129,recon/basic_enum,suid_exec,execve,exec,50-motd-news,/bin/sh /etc/update-motd.d/50-motd-news,/bin/sh /etc/update-motd.d/50-motd-news,/,benign,,1778300599.864,41613,attack_window,20260508_212317_basic_enum_YrdGDI,20260508_212317_suid_exec_dns_vandalism_9o1sm3,recon,yes,0,/usr/bin/dash,/etc/update-motd.d/50-motd-news,/etc/update-motd.d/50-motd-news|/bin/sh|/lib64/ld-linux-x86-64.so.2,0,0,1001,24703,24694,(none),130
3.384129,recon/basic_enum,suid_exec,execve,exec,head,head -n 10,head -n 10,/,benign,,1778300599.865,41614,attack_window,20260508_212317_basic_enum_YrdGDI,20260508_212317_suid_exec_dns_vandalism_9o1sm3,recon,yes,0,/usr/bin/head,/usr/bin/head,/usr/bin/head|/lib64/ld-linux-x86-64.so.2,0,0,1001,24705,24703,(none),130
3.384129,recon/basic_enum,suid_exec,execve,exec,tr,tr -d \000-\011\013\014\016-\037,tr -d \000-\011\013\014\016-\037,/,benign,,1778300599.865,41615,attack_window,20260508_212317_basic_enum_YrdGDI,20260508_212317_suid_exec_dns_vandalism_9o1sm3,recon,yes,0,/usr/bin/tr,/usr/bin/tr,/usr/bin/tr|/lib64/ld-linux-x86-64.so.2,0,0,1001,24706,24703,(none),130
3.384129,recon/basic_enum,suid_exec,execve,exec,cat,cat /var/cache/motd-news,cat /var/cache/motd-news,/,benign,,1778300599.865,41616,attack_window,20260508_212317_basic_enum_YrdGDI,20260508_212317_suid_exec_dns_vandalism_9o1sm3,recon,yes,0,/usr/bin/cat,/usr/bin/cat,/usr/bin/cat|/lib64/ld-linux-x86-64.so.2,0,0,1001,24704,24703,(none),130
3.385129,recon/basic_enum,suid_exec,execve,exec,cut,cut -c -80,cut -c -80,/,benign,,1778300599.866,41617,attack_window,20260508_212317_basic_enum_YrdGDI,20260508_212317_suid_exec_dns_vandalism_9o1sm3,recon,yes,0,/usr/bin/cut,/usr/bin/cut,/usr/bin/cut|/lib64/ld-linux-x86-64.so.2,0,0,1001,24707,24703,(none),130
3.387129,recon/basic_enum,suid_exec,execve,exec,85-fwupd,/bin/sh /etc/update-motd.d/85-fwupd,/bin/sh /etc/update-motd.d/85-fwupd,/,benign,,1778300599.868,41618,attack_window,20260508_212317_basic_enum_YrdGDI,20260508_212317_suid_exec_dns_vandalism_9o1sm3,recon,yes,0,/usr/bin/dash,/etc/update-motd.d/85-fwupd,/etc/update-motd.d/85-fwupd|/bin/sh|/lib64/ld-linux-x86-64.so.2,0,0,1001,24708,24694,(none),130
3.389129,recon/basic_enum,suid_exec,execve,exec,cat,cat /run/motd.d/85-fwupd,cat /run/motd.d/85-fwupd,/,benign,,1778300599.870,41619,attack_window,20260508_212317_basic_enum_YrdGDI,20260508_212317_suid_exec_dns_vandalism_9o1sm3,recon,yes,0,/usr/bin/cat,/usr/bin/cat,/usr/bin/cat|/lib64/ld-linux-x86-64.so.2,0,0,1001,24709,24708,(none),130
3.390129,recon/basic_enum,suid_exec,execve,exec,90-updates-avai,/bin/sh /etc/update-motd.d/90-updates-available,/bin/sh /etc/update-motd.d/90-updates-available,/,benign,,1778300599.871,41620,attack_window,20260508_212317_basic_enum_YrdGDI,20260508_212317_suid_exec_dns_vandalism_9o1sm3,recon,yes,0,/usr/bin/dash,/etc/update-motd.d/90-updates-available,/etc/update-motd.d/90-updates-available|/bin/sh|/lib64/ld-linux-x86-64.so.2,0,0,1001,24710,24694,(none),130
3.391129,recon/basic_enum,suid_exec,execve,exec,cat,cat /var/lib/update-notifier/updates-available,cat /var/lib/update-notifier/updates-available,/,benign,,1778300599.872,41621,attack_window,20260508_212317_basic_enum_YrdGDI,20260508_212317_suid_exec_dns_vandalism_9o1sm3,recon,yes,0,/usr/bin/cat,/usr/bin/cat,/usr/bin/cat|/lib64/ld-linux-x86-64.so.2,0,0,1001,24711,24710,(none),130
3.392129,recon/basic_enum,suid_exec,execve,exec,find,find /var/lib/update-notifier/updates-available -newermt now-7 days,find /var/lib/update-notifier/updates-available -newermt now-7 days,/,benign,,1778300599.873,41622,attack_window,20260508_212317_basic_enum_YrdGDI,20260508_212317_suid_exec_dns_vandalism_9o1sm3,recon,yes,0,/usr/bin/find,/usr/bin/find,/usr/bin/find|/lib64/ld-linux-x86-64.so.2,0,0,1001,24712,24710,(none),130
3.393129,recon/basic_enum,suid_exec,execve,exec,grep,grep -q -m 1 .,grep -q -m 1 .,/,benign,,1778300599.874,41623,attack_window,20260508_212317_basic_enum_YrdGDI,20260508_212317_suid_exec_dns_vandalism_9o1sm3,recon,yes,0,/usr/bin/grep,/usr/bin/grep,/usr/bin/grep|/lib64/ld-linux-x86-64.so.2,0,0,1001,24713,24710,(none),130
3.395129,recon/basic_enum,suid_exec,execve,exec,91-contract-ua-,/bin/sh /etc/update-motd.d/91-contract-ua-esm-status,/bin/sh /etc/update-motd.d/91-contract-ua-esm-status,/,benign,,1778300599.876,41624,attack_window,20260508_212317_basic_enum_YrdGDI,20260508_212317_suid_exec_dns_vandalism_9o1sm3,recon,yes,0,/usr/bin/dash,/etc/update-motd.d/91-contract-ua-esm-status,/etc/update-motd.d/91-contract-ua-esm-status|/bin/sh|/lib64/ld-linux-x86-64.so.2,0,0,1001,24714,24694,(none),130
3.396129,recon/basic_enum,suid_exec,execve,exec,91-release-upgr,/bin/sh /etc/update-motd.d/91-release-upgrade,/bin/sh /etc/update-motd.d/91-release-upgrade,/,benign,,1778300599.877,41625,attack_window,20260508_212317_basic_enum_YrdGDI,20260508_212317_suid_exec_dns_vandalism_9o1sm3,recon,yes,0,/usr/bin/dash,/etc/update-motd.d/91-release-upgrade,/etc/update-motd.d/91-release-upgrade|/bin/sh|/lib64/ld-linux-x86-64.so.2,0,0,1001,24715,24694,(none),130
3.399129,recon/basic_enum,suid_exec,execve,exec,cut,cut -d -f4,cut -d -f4,/,benign,,1778300599.880,41626,attack_window,20260508_212317_basic_enum_YrdGDI,20260508_212317_suid_exec_dns_vandalism_9o1sm3,recon,yes,0,/usr/bin/cut,/usr/bin/cut,/usr/bin/cut|/lib64/ld-linux-x86-64.so.2,0,0,1001,24718,24716,(none),130
3.400129,recon/basic_enum,suid_exec,execve,exec,id,id -u,id -u,/,benign,,1778300599.881,41627,attack_window,20260508_212317_basic_enum_YrdGDI,20260508_212317_suid_exec_dns_vandalism_9o1sm3,recon,yes,0,/usr/bin/id,/usr/bin/id,/usr/bin/id|/lib64/ld-linux-x86-64.so.2,0,0,1001,24719,24715,(none),130
3.401129,recon/basic_enum,suid_exec,execve,exec,release-upgrade,/bin/sh -e /usr/lib/ubuntu-release-upgrader/release-upgrade-motd,/bin/sh /etc/update-motd.d/91-release-upgrade,/,benign,,1778300599.882,41628,attack_window,20260508_212317_basic_enum_YrdGDI,20260508_212317_suid_exec_dns_vandalism_9o1sm3,recon,yes,0,/usr/bin/dash,/usr/lib/ubuntu-release-upgrader/release-upgrade-motd,/usr/lib/ubuntu-release-upgrader/release-upgrade-motd|/bin/sh|/lib64/ld-linux-x86-64.so.2,0,0,1001,24715,24694,(none),130
3.402129,recon/basic_enum,suid_exec,execve,exec,date,date +%s,date +%s,/,benign,,1778300599.883,41629,attack_window,20260508_212317_basic_enum_YrdGDI,20260508_212317_suid_exec_dns_vandalism_9o1sm3,recon,yes,0,/usr/bin/date,/usr/bin/date,/usr/bin/date|/lib64/ld-linux-x86-64.so.2,0,0,1001,24720,24715,(none),130
3.404129,recon/basic_enum,suid_exec,execve,exec,stat,stat -c %Y /var/lib/ubuntu-release-upgrader/release-upgrade-available,stat -c %Y /var/lib/ubuntu-release-upgrader/release-upgrade-available,/,benign,,1778300599.885,41630,attack_window,20260508_212317_basic_enum_YrdGDI,20260508_212317_suid_exec_dns_vandalism_9o1sm3,recon,yes,0,/usr/bin/stat,/usr/bin/stat,/usr/bin/stat|/lib64/ld-linux-x86-64.so.2,0,0,1001,24721,24715,(none),130
3.405129,recon/basic_enum,suid_exec,execve,exec,expr,expr 1778282941 + 86400,expr 1778282941 + 86400,/,benign,,1778300599.886,41631,attack_window,20260508_212317_basic_enum_YrdGDI,20260508_212317_suid_exec_dns_vandalism_9o1sm3,recon,yes,0,/usr/bin/expr,/usr/bin/expr,/usr/bin/expr|/lib64/ld-linux-x86-64.so.2,0,0,1001,24722,24715,(none),130
3.406129,recon/basic_enum,suid_exec,execve,exec,92-unattended-u,/bin/sh /etc/update-motd.d/92-unattended-upgrades,/bin/sh /etc/update-motd.d/92-unattended-upgrades,/,benign,,1778300599.887,41632,attack_window,20260508_212317_basic_enum_YrdGDI,20260508_212317_suid_exec_dns_vandalism_9o1sm3,recon,yes,0,/usr/bin/dash,/etc/update-motd.d/92-unattended-upgrades,/etc/update-motd.d/92-unattended-upgrades|/bin/sh|/lib64/ld-linux-x86-64.so.2,0,0,1001,24723,24694,(none),130
3.407129,recon/basic_enum,suid_exec,execve,exec,update-motd-una,/bin/sh /usr/share/unattended-upgrades/update-motd-unattended-upgrades,/bin/sh /etc/update-motd.d/92-unattended-upgrades,/,benign,,1778300599.888,41633,attack_window,20260508_212317_basic_enum_YrdGDI,20260508_212317_suid_exec_dns_vandalism_9o1sm3,recon,yes,0,/usr/bin/dash,/usr/share/unattended-upgrades/update-motd-unattended-upgrades,/usr/share/unattended-upgrades/update-motd-unattended-upgrades|/bin/sh|/lib64/ld-linux-x86-64.so.2,0,0,1001,24723,24694,(none),130
3.408129,recon/basic_enum,suid_exec,execve,exec,95-hwe-eol,/bin/sh /etc/update-motd.d/95-hwe-eol,/bin/sh /etc/update-motd.d/95-hwe-eol,/,benign,,1778300599.889,41634,attack_window,20260508_212317_basic_enum_YrdGDI,20260508_212317_suid_exec_dns_vandalism_9o1sm3,recon,yes,0,/usr/bin/dash,/etc/update-motd.d/95-hwe-eol,/etc/update-motd.d/95-hwe-eol|/bin/sh|/lib64/ld-linux-x86-64.so.2,0,0,1001,24724,24694,(none),130
3.409129,recon/basic_enum,suid_exec,execve,exec,find,find /var/lib/update-notifier/hwe-eol -newermt now-1 days,find /var/lib/update-notifier/hwe-eol -newermt now-1 days,/,benign,,1778300599.890,41635,attack_window,20260508_212317_basic_enum_YrdGDI,20260508_212317_suid_exec_dns_vandalism_9o1sm3,recon,yes,0,/usr/bin/find,/usr/bin/find,/usr/bin/find|/lib64/ld-linux-x86-64.so.2,0,0,1001,24725,24724,(none),130
3.411129,recon/basic_enum,suid_exec,execve,exec,97-overlayroot,/bin/sh /etc/update-motd.d/97-overlayroot,/bin/sh /etc/update-motd.d/97-overlayroot,/,benign,,1778300599.892,41636,attack_window,20260508_212317_basic_enum_YrdGDI,20260508_212317_suid_exec_dns_vandalism_9o1sm3,recon,yes,0,/usr/bin/dash,/etc/update-motd.d/97-overlayroot,/etc/update-motd.d/97-overlayroot|/bin/sh|/lib64/ld-linux-x86-64.so.2,0,0,1001,24726,24694,(none),130
3.412129,recon/basic_enum,suid_exec,execve,exec,egrep,/bin/sh /usr/bin/egrep overlayroot|/media/root-ro|/media/root-rw /proc/mounts,/bin/sh /usr/bin/egrep overlayroot|/media/root-ro|/media/root-rw /proc/mounts,/,benign,,1778300599.893,41637,attack_window,20260508_212317_basic_enum_YrdGDI,20260508_212317_suid_exec_dns_vandalism_9o1sm3,recon,yes,0,/usr/bin/dash,/usr/bin/egrep,/usr/bin/egrep|/bin/sh|/lib64/ld-linux-x86-64.so.2,0,0,1001,24728,24727,(none),130
3.412129,recon/basic_enum,suid_exec,execve,exec,sort,sort -r,sort -r,/,benign,,1778300599.893,41638,attack_window,20260508_212317_basic_enum_YrdGDI,20260508_212317_suid_exec_dns_vandalism_9o1sm3,recon,yes,0,/usr/bin/sort,/usr/bin/sort,/usr/bin/sort|/lib64/ld-linux-x86-64.so.2,0,0,1001,24729,24727,(none),130
3.413129,recon/basic_enum,suid_exec,execve,exec,egrep,,/bin/sh /usr/bin/egrep overlayroot|/media/root-ro|/media/root-rw /proc/mounts,/,benign,,1778300599.894,41639,attack_window,20260508_212317_basic_enum_YrdGDI,20260508_212317_suid_exec_dns_vandalism_9o1sm3,recon,no,-2,/usr/bin/dash,/usr/local/sbin/grep,/usr/local/sbin/grep,0,0,1001,24728,24727,(none),130
3.413129,recon/basic_enum,suid_exec,execve,exec,egrep,,/bin/sh /usr/bin/egrep overlayroot|/media/root-ro|/media/root-rw /proc/mounts,/,benign,,1778300599.894,41640,attack_window,20260508_212317_basic_enum_YrdGDI,20260508_212317_suid_exec_dns_vandalism_9o1sm3,recon,no,-2,/usr/bin/dash,/usr/local/bin/grep,/usr/local/bin/grep,0,0,1001,24728,24727,(none),130
3.413129,recon/basic_enum,suid_exec,execve,exec,egrep,,/bin/sh /usr/bin/egrep overlayroot|/media/root-ro|/media/root-rw /proc/mounts,/,benign,,1778300599.894,41641,attack_window,20260508_212317_basic_enum_YrdGDI,20260508_212317_suid_exec_dns_vandalism_9o1sm3,recon,no,-2,/usr/bin/dash,/usr/sbin/grep,/usr/sbin/grep,0,0,1001,24728,24727,(none),130
3.413129,recon/basic_enum,suid_exec,execve,exec,grep,grep -E overlayroot|/media/root-ro|/media/root-rw /proc/mounts,/bin/sh /usr/bin/egrep overlayroot|/media/root-ro|/media/root-rw /proc/mounts,/,benign,,1778300599.894,41642,attack_window,20260508_212317_basic_enum_YrdGDI,20260508_212317_suid_exec_dns_vandalism_9o1sm3,recon,yes,0,/usr/bin/grep,/usr/bin/grep,/usr/bin/grep|/lib64/ld-linux-x86-64.so.2,0,0,1001,24728,24727,(none),130
3.415129,recon/basic_enum,suid_exec,execve,exec,98-fsck-at-rebo,/bin/sh /etc/update-motd.d/98-fsck-at-reboot,/bin/sh /etc/update-motd.d/98-fsck-at-reboot,/,benign,,1778300599.896,41643,attack_window,20260508_212317_basic_enum_YrdGDI,20260508_212317_suid_exec_dns_vandalism_9o1sm3,recon,yes,0,/usr/bin/dash,/etc/update-motd.d/98-fsck-at-reboot,/etc/update-motd.d/98-fsck-at-reboot|/bin/sh|/lib64/ld-linux-x86-64.so.2,0,0,1001,24730,24694,(none),130
3.416129,recon/basic_enum,suid_exec,execve,exec,update-motd-fsc,/bin/sh /usr/lib/update-notifier/update-motd-fsck-at-reboot,/bin/sh /etc/update-motd.d/98-fsck-at-reboot,/,benign,,1778300599.897,41644,attack_window,20260508_212317_basic_enum_YrdGDI,20260508_212317_suid_exec_dns_vandalism_9o1sm3,recon,yes,0,/usr/bin/dash,/usr/lib/update-notifier/update-motd-fsck-at-reboot,/usr/lib/update-notifier/update-motd-fsck-at-reboot|/bin/sh|/lib64/ld-linux-x86-64.so.2,0,0,1001,24730,24694,(none),130
3.417129,recon/basic_enum,suid_exec,execve,exec,id,id -u,id -u,/,benign,,1778300599.898,41645,attack_window,20260508_212317_basic_enum_YrdGDI,20260508_212317_suid_exec_dns_vandalism_9o1sm3,recon,yes,0,/usr/bin/id,/usr/bin/id,/usr/bin/id|/lib64/ld-linux-x86-64.so.2,0,0,1001,24731,24730,(none),130
3.418129,recon/basic_enum,suid_exec,execve,exec,stat,stat -c %Y /var/lib/update-notifier/fsck-at-reboot,stat -c %Y /var/lib/update-notifier/fsck-at-reboot,/,benign,,1778300599.899,41646,attack_window,20260508_212317_basic_enum_YrdGDI,20260508_212317_suid_exec_dns_vandalism_9o1sm3,recon,yes,0,/usr/bin/stat,/usr/bin/stat,/usr/bin/stat|/lib64/ld-linux-x86-64.so.2,0,0,1001,24732,24730,(none),130
3.420129,recon/basic_enum,suid_exec,execve,exec,awk,awk {print $1} /proc/uptime,awk {print $1} /proc/uptime,/,benign,,1778300599.901,41647,attack_window,20260508_212317_basic_enum_YrdGDI,20260508_212317_suid_exec_dns_vandalism_9o1sm3,recon,yes,0,/usr/bin/gawk,/usr/bin/awk,/usr/bin/awk|/lib64/ld-linux-x86-64.so.2,0,0,1001,24734,24733,(none),130
3.421129,recon/basic_enum,suid_exec,execve,exec,date,date -d now - 2846.25 seconds +%s,date -d now - 2846.25 seconds +%s,/,benign,,1778300599.902,41648,attack_window,20260508_212317_basic_enum_YrdGDI,20260508_212317_suid_exec_dns_vandalism_9o1sm3,recon,yes,0,/usr/bin/date,/usr/bin/date,/usr/bin/date|/lib64/ld-linux-x86-64.so.2,0,0,1001,24733,24730,(none),130
3.422129,recon/basic_enum,suid_exec,execve,exec,date,date +%s,date +%s,/,benign,,1778300599.903,41649,attack_window,20260508_212317_basic_enum_YrdGDI,20260508_212317_suid_exec_dns_vandalism_9o1sm3,recon,yes,0,/usr/bin/date,/usr/bin/date,/usr/bin/date|/lib64/ld-linux-x86-64.so.2,0,0,1001,24735,24730,(none),130
3.423129,recon/basic_enum,suid_exec,execve,exec,cat,cat /var/lib/update-notifier/fsck-at-reboot,cat /var/lib/update-notifier/fsck-at-reboot,/,benign,,1778300599.904,41650,attack_window,20260508_212317_basic_enum_YrdGDI,20260508_212317_suid_exec_dns_vandalism_9o1sm3,recon,yes,0,/usr/bin/cat,/usr/bin/cat,/usr/bin/cat|/lib64/ld-linux-x86-64.so.2,0,0,1001,24736,24730,(none),130
3.424129,recon/basic_enum,suid_exec,execve,exec,98-reboot-requi,/bin/sh /etc/update-motd.d/98-reboot-required,/bin/sh /etc/update-motd.d/98-reboot-required,/,benign,,1778300599.905,41651,attack_window,20260508_212317_basic_enum_YrdGDI,20260508_212317_suid_exec_dns_vandalism_9o1sm3,recon,yes,0,/usr/bin/dash,/etc/update-motd.d/98-reboot-required,/etc/update-motd.d/98-reboot-required|/bin/sh|/lib64/ld-linux-x86-64.so.2,0,0,1001,24737,24694,(none),130
3.425129,recon/basic_enum,suid_exec,execve,exec,update-motd-reb,/bin/sh -e /usr/lib/update-notifier/update-motd-reboot-required,/bin/sh /etc/update-motd.d/98-reboot-required,/,benign,,1778300599.906,41652,attack_window,20260508_212317_basic_enum_YrdGDI,20260508_212317_suid_exec_dns_vandalism_9o1sm3,recon,yes,0,/usr/bin/dash,/usr/lib/update-notifier/update-motd-reboot-required,/usr/lib/update-notifier/update-motd-reboot-required|/bin/sh|/lib64/ld-linux-x86-64.so.2,0,0,1001,24737,24694,(none),130
3.426129,recon/basic_enum,suid_exec,rename,file_destroy,sshd,,/usr/sbin/sshd -D -R,/,benign,,1778300599.907,41653,attack_window,20260508_212317_basic_enum_YrdGDI,20260508_212317_suid_exec_dns_vandalism_9o1sm3,recon,yes,0,/usr/sbin/sshd,/run/,/run/|/run/motd.dynamic.new|/run/motd.dynamic,0,0,1001,24691,21008,(none),130
3.426129,recon/basic_enum,suid_exec,connect,network_connect,sshd,,/usr/sbin/sshd -D -R,/,benign,,1778300599.907,41654,attack_window,20260508_212317_basic_enum_YrdGDI,20260508_212317_suid_exec_dns_vandalism_9o1sm3,recon,yes,0,/usr/sbin/sshd,/run/systemd/userdb/io.systemd.DynamicUser,/run/systemd/userdb/io.systemd.DynamicUser,0,0,1001,24691,21008,(none),130
3.427129,recon/basic_enum,suid_exec,connect,network_connect,sshd,,/usr/sbin/sshd -D -R,/,benign,,1778300599.908,41655,attack_window,20260508_212317_basic_enum_YrdGDI,20260508_212317_suid_exec_dns_vandalism_9o1sm3,recon,yes,0,/usr/sbin/sshd,/run/systemd/userdb/io.systemd.DynamicUser,/run/systemd/userdb/io.systemd.DynamicUser,0,0,1001,24691,21008,(none),130
3.427129,recon/basic_enum,suid_exec,connect,network_connect,sshd,,/usr/sbin/sshd -D -R,/,benign,,1778300599.908,41656,attack_window,20260508_212317_basic_enum_YrdGDI,20260508_212317_suid_exec_dns_vandalism_9o1sm3,recon,yes,0,/usr/sbin/sshd,/run/systemd/userdb/io.systemd.DynamicUser,/run/systemd/userdb/io.systemd.DynamicUser,0,0,1001,24691,21008,(none),130
3.428129,recon/basic_enum,suid_exec,connect,network_connect,sshd,,/usr/sbin/sshd -D -R,/,benign,,1778300599.909,41657,attack_window,20260508_212317_basic_enum_YrdGDI,20260508_212317_suid_exec_dns_vandalism_9o1sm3,recon,yes,0,/usr/sbin/sshd,/run/systemd/userdb/io.systemd.DynamicUser,/run/systemd/userdb/io.systemd.DynamicUser,0,0,1001,24691,21008,(none),130
3.428129,recon/basic_enum,suid_exec,connect,network_connect,sshd,,/usr/sbin/sshd -D -R,/,benign,,1778300599.909,41658,attack_window,20260508_212317_basic_enum_YrdGDI,20260508_212317_suid_exec_dns_vandalism_9o1sm3,recon,yes,0,/usr/sbin/sshd,/run/systemd/userdb/io.systemd.DynamicUser,/run/systemd/userdb/io.systemd.DynamicUser,0,0,1001,24691,21008,(none),130
3.429129,recon/basic_enum,suid_exec,,,,,,,ambiguous,,1778300599.910,41659,attack_window,20260508_212317_basic_enum_YrdGDI,20260508_212317_suid_exec_dns_vandalism_9o1sm3,recon,,,,,,,,,,,,
3.430129,recon/basic_enum,suid_exec,setgid,privilege_transition,sshd,,sshd: deploy-rkejw [priv],,benign,,1778300599.911,41660,attack_window,20260508_212317_basic_enum_YrdGDI,20260508_212317_suid_exec_dns_vandalism_9o1sm3,recon,yes,0,/usr/sbin/sshd,,,0,0,1001,24738,24691,(none),130
3.430129,recon/basic_enum,suid_exec,connect,network_connect,sshd,,sshd: deploy-rkejw [priv],/,benign,,1778300599.911,41661,attack_window,20260508_212317_basic_enum_YrdGDI,20260508_212317_suid_exec_dns_vandalism_9o1sm3,recon,yes,0,/usr/sbin/sshd,/run/systemd/userdb/io.systemd.DynamicUser,/run/systemd/userdb/io.systemd.DynamicUser,0,0,1001,24738,24691,(none),130
3.430129,recon/basic_enum,suid_exec,connect,network_connect,sshd,,sshd: deploy-rkejw [priv],/,benign,,1778300599.911,41662,attack_window,20260508_212317_basic_enum_YrdGDI,20260508_212317_suid_exec_dns_vandalism_9o1sm3,recon,yes,0,/usr/sbin/sshd,/run/systemd/userdb/io.systemd.DynamicUser,/run/systemd/userdb/io.systemd.DynamicUser,0,0,1001,24738,24691,(none),130
3.431129,recon/basic_enum,suid_exec,126,privilege_transition,sshd,,sshd: deploy-rkejw [priv],,benign,,1778300599.912,41663,attack_window,20260508_212317_basic_enum_YrdGDI,20260508_212317_suid_exec_dns_vandalism_9o1sm3,recon,yes,0,/usr/sbin/sshd,,,0,0,1001,24738,24691,(none),130
3.431129,recon/basic_enum,suid_exec,,,,,,,ambiguous,,1778300599.912,41664,attack_window,20260508_212317_basic_enum_YrdGDI,20260508_212317_suid_exec_dns_vandalism_9o1sm3,recon,,,,,,,,,,,,
3.431129,recon/basic_enum,suid_exec,setresgid,privilege_transition,sshd,,sshd: deploy-rkejw [priv],,benign,,1778300599.912,41665,attack_window,20260508_212317_basic_enum_YrdGDI,20260508_212317_suid_exec_dns_vandalism_9o1sm3,recon,yes,0,/usr/sbin/sshd,,,0,0,1001,24738,24691,(none),130
3.431129,recon/basic_enum,suid_exec,setresuid,privilege_transition,sshd,,sshd: deploy-rkejw [priv],,benign,,1778300599.912,41666,attack_window,20260508_212317_basic_enum_YrdGDI,20260508_212317_suid_exec_dns_vandalism_9o1sm3,recon,yes,0,/usr/sbin/sshd,,,1001,1001,1001,24738,24691,(none),130
3.431129,recon/basic_enum,suid_exec,setuid,privilege_transition,sshd,,sshd: deploy-rkejw [priv],,benign,,1778300599.912,41667,attack_window,20260508_212317_basic_enum_YrdGDI,20260508_212317_suid_exec_dns_vandalism_9o1sm3,recon,no,-1,/usr/sbin/sshd,,,1001,1001,1001,24738,24691,(none),130
3.431129,recon/basic_enum,suid_exec,setresuid,privilege_transition,sshd,,sshd: deploy-rkejw [priv],,benign,,1778300599.912,41668,attack_window,20260508_212317_basic_enum_YrdGDI,20260508_212317_suid_exec_dns_vandalism_9o1sm3,recon,no,-1,/usr/sbin/sshd,,,1001,1001,1001,24738,24691,(none),130
3.484129,recon/basic_enum,suid_exec,execve,shell_exec,bash,bash -c /usr/sbin/chroot / /usr/lib/openssh/ssh-keygen -p -c 'rm -rf -- /dev/shm/aegis_20260508_212317_basic_enum_YrdGDI',bash -c /usr/sbin/chroot / /usr/lib/openssh/ssh-keygen -p -c 'rm -rf -- /dev/shm/aegis_20260508_212317_basic_enum_YrdGDI',/home/deploy-rkejw,benign,,1778300599.965,41669,attack_window,20260508_212317_basic_enum_YrdGDI,20260508_212317_suid_exec_dns_vandalism_9o1sm3,recon,yes,0,/usr/bin/bash,/bin/bash,/bin/bash|/lib64/ld-linux-x86-64.so.2,1001,1001,1001,24739,24738,(none),130
3.486129,recon/basic_enum,suid_exec,execve,exec,chroot,/usr/sbin/chroot / /usr/lib/openssh/ssh-keygen -p -c rm -rf -- /dev/shm/aegis_20260508_212317_basic_enum_YrdGDI,bash -c /usr/sbin/chroot / /usr/lib/openssh/ssh-keygen -p -c 'rm -rf -- /dev/shm/aegis_20260508_212317_basic_enum_YrdGDI',/home/deploy-rkejw,benign,,1778300599.967,41670,attack_window,20260508_212317_basic_enum_YrdGDI,20260508_212317_suid_exec_dns_vandalism_9o1sm3,recon,yes,0,/usr/sbin/chroot,/usr/sbin/chroot,/usr/sbin/chroot|/lib64/ld-linux-x86-64.so.2,1001,0,1001,24739,24738,(none),130
3.486129,recon/basic_enum,suid_exec,execve,exec,ssh-keygen,/usr/lib/openssh/ssh-keygen -p -c rm -rf -- /dev/shm/aegis_20260508_212317_basic_enum_YrdGDI,bash -c /usr/sbin/chroot / /usr/lib/openssh/ssh-keygen -p -c 'rm -rf -- /dev/shm/aegis_20260508_212317_basic_enum_YrdGDI',/,benign,,1778300599.967,41671,attack_window,20260508_212317_basic_enum_YrdGDI,20260508_212317_suid_exec_dns_vandalism_9o1sm3,recon,yes,0,/usr/lib/openssh/ssh-keygen,/usr/lib/openssh/ssh-keygen,/usr/lib/openssh/ssh-keygen|/lib64/ld-linux-x86-64.so.2,1001,0,1001,24739,24738,(none),130
3.487129,recon/basic_enum,suid_exec,execve,exec,rm,rm -rf -- /dev/shm/aegis_20260508_212317_basic_enum_YrdGDI,bash -c /usr/sbin/chroot / /usr/lib/openssh/ssh-keygen -p -c 'rm -rf -- /dev/shm/aegis_20260508_212317_basic_enum_YrdGDI',/,benign,,1778300599.968,41672,attack_window,20260508_212317_basic_enum_YrdGDI,20260508_212317_suid_exec_dns_vandalism_9o1sm3,recon,yes,0,/usr/bin/rm,/usr/bin/rm,/usr/bin/rm|/lib64/ld-linux-x86-64.so.2,1001,0,1001,24739,24738,(none),130
3.488129,recon/basic_enum,suid_exec,unlinkat,tmp_activity,rm,,bash -c /usr/sbin/chroot / /usr/lib/openssh/ssh-keygen -p -c 'rm -rf -- /dev/shm/aegis_20260508_212317_basic_enum_YrdGDI',/,benign,,1778300599.969,41673,attack_window,20260508_212317_basic_enum_YrdGDI,20260508_212317_suid_exec_dns_vandalism_9o1sm3,recon,yes,0,/usr/bin/rm,/,/|metadata.json,1001,0,1001,24739,24738,(none),130
3.488129,recon/basic_enum,suid_exec,unlinkat,tmp_activity,rm,,bash -c /usr/sbin/chroot / /usr/lib/openssh/ssh-keygen -p -c 'rm -rf -- /dev/shm/aegis_20260508_212317_basic_enum_YrdGDI',/,benign,,1778300599.969,41674,attack_window,20260508_212317_basic_enum_YrdGDI,20260508_212317_suid_exec_dns_vandalism_9o1sm3,recon,yes,0,/usr/bin/rm,/,/|metadata.txt,1001,0,1001,24739,24738,(none),130
3.488129,recon/basic_enum,suid_exec,unlinkat,tmp_activity,rm,,bash -c /usr/sbin/chroot / /usr/lib/openssh/ssh-keygen -p -c 'rm -rf -- /dev/shm/aegis_20260508_212317_basic_enum_YrdGDI',/,benign,,1778300599.969,41675,attack_window,20260508_212317_basic_enum_YrdGDI,20260508_212317_suid_exec_dns_vandalism_9o1sm3,recon,yes,0,/usr/bin/rm,/,/|aegis_suid_exec_20260508_212317_basic_enum_YrdGDI_setuid.py,1001,0,1001,24739,24738,(none),130
3.488129,recon/basic_enum,suid_exec,unlinkat,tmp_activity,rm,,bash -c /usr/sbin/chroot / /usr/lib/openssh/ssh-keygen -p -c 'rm -rf -- /dev/shm/aegis_20260508_212317_basic_enum_YrdGDI',/,benign,,1778300599.969,41676,attack_window,20260508_212317_basic_enum_YrdGDI,20260508_212317_suid_exec_dns_vandalism_9o1sm3,recon,yes,0,/usr/bin/rm,/,/|aegis_suid_exec_20260508_212317_basic_enum_YrdGDI.sh,1001,0,1001,24739,24738,(none),130
3.488129,recon/basic_enum,suid_exec,unlinkat,tmp_activity,rm,,bash -c /usr/sbin/chroot / /usr/lib/openssh/ssh-keygen -p -c 'rm -rf -- /dev/shm/aegis_20260508_212317_basic_enum_YrdGDI',/,benign,,1778300599.969,41677,attack_window,20260508_212317_basic_enum_YrdGDI,20260508_212317_suid_exec_dns_vandalism_9o1sm3,recon,yes,0,/usr/bin/rm,/dev/shm/,/dev/shm/|/dev/shm/aegis_20260508_212317_basic_enum_YrdGDI,1001,0,1001,24739,24738,(none),130
3.490129,recon/basic_enum,suid_exec,connect,network_connect,sshd,,sshd: deploy-rkejw [priv],/,benign,,1778300599.971,41678,attack_window,20260508_212317_basic_enum_YrdGDI,20260508_212317_suid_exec_dns_vandalism_9o1sm3,recon,yes,0,/usr/sbin/sshd,/dev/log,/dev/log,1001,1001,1001,24738,24691,(none),130
3.491129,recon/basic_enum,suid_exec,114,privilege_transition,sshd,,/usr/sbin/sshd -D -R,,benign,,1778300599.972,41679,attack_window,20260508_212317_basic_enum_YrdGDI,20260508_212317_suid_exec_dns_vandalism_9o1sm3,recon,yes,0,/usr/sbin/sshd,,,0,0,1001,24691,21008,(none),130
3.491129,recon/basic_enum,suid_exec,setresuid,privilege_transition,sshd,,/usr/sbin/sshd -D -R,,benign,,1778300599.972,41680,attack_window,20260508_212317_basic_enum_YrdGDI,20260508_212317_suid_exec_dns_vandalism_9o1sm3,recon,yes,0,/usr/sbin/sshd,,,0,1001,1001,24691,21008,(none),130
3.491129,recon/basic_enum,suid_exec,113,privilege_transition,sshd,,/usr/sbin/sshd -D -R,,benign,,1778300599.972,41681,attack_window,20260508_212317_basic_enum_YrdGDI,20260508_212317_suid_exec_dns_vandalism_9o1sm3,recon,yes,0,/usr/sbin/sshd,,,0,0,1001,24691,21008,(none),130
3.491129,recon/basic_enum,suid_exec,114,privilege_transition,sshd,,/usr/sbin/sshd -D -R,,benign,,1778300599.972,41682,attack_window,20260508_212317_basic_enum_YrdGDI,20260508_212317_suid_exec_dns_vandalism_9o1sm3,recon,yes,0,/usr/sbin/sshd,,,0,0,1001,24691,21008,(none),130
3.491129,recon/basic_enum,suid_exec,connect,network_connect,sshd,,/usr/sbin/sshd -D -R,/,benign,,1778300599.972,41683,attack_window,20260508_212317_basic_enum_YrdGDI,20260508_212317_suid_exec_dns_vandalism_9o1sm3,recon,yes,0,/usr/sbin/sshd,/run/dbus/system_bus_socket,/run/dbus/system_bus_socket,0,0,1001,24691,21008,(none),130
3.492129,recon/basic_enum,suid_exec,,,,,,,ambiguous,,1778300599.973,41684,attack_window,20260508_212317_basic_enum_YrdGDI,20260508_212317_suid_exec_dns_vandalism_9o1sm3,recon,,,,,,,,,,,,
3.492129,recon/basic_enum,suid_exec,,,,,,,ambiguous,,1778300599.973,41685,attack_window,20260508_212317_basic_enum_YrdGDI,20260508_212317_suid_exec_dns_vandalism_9o1sm3,recon,,,,,,,,,,,,
3.492129,recon/basic_enum,suid_exec,setresgid,privilege_transition,sshd,,/usr/sbin/sshd -D -R,,benign,,1778300599.973,41686,attack_window,20260508_212317_basic_enum_YrdGDI,20260508_212317_suid_exec_dns_vandalism_9o1sm3,recon,yes,0,/usr/sbin/sshd,,,0,0,1001,24691,21008,(none),130
3.492129,recon/basic_enum,suid_exec,setresuid,privilege_transition,sshd,,/usr/sbin/sshd -D -R,,benign,,1778300599.973,41687,attack_window,20260508_212317_basic_enum_YrdGDI,20260508_212317_suid_exec_dns_vandalism_9o1sm3,recon,yes,0,/usr/sbin/sshd,,,0,1001,1001,24691,21008,(none),130
3.492129,recon/basic_enum,suid_exec,setresuid,privilege_transition,sshd,,/usr/sbin/sshd -D -R,,benign,,1778300599.973,41688,attack_window,20260508_212317_basic_enum_YrdGDI,20260508_212317_suid_exec_dns_vandalism_9o1sm3,recon,yes,0,/usr/sbin/sshd,,,0,0,1001,24691,21008,(none),130
3.492129,recon/basic_enum,suid_exec,setresgid,privilege_transition,sshd,,/usr/sbin/sshd -D -R,,benign,,1778300599.973,41689,attack_window,20260508_212317_basic_enum_YrdGDI,20260508_212317_suid_exec_dns_vandalism_9o1sm3,recon,yes,0,/usr/sbin/sshd,,,0,0,1001,24691,21008,(none),130
3.505129,recon/basic_enum,suid_exec,execve,exec,sshd,/usr/sbin/sshd -D -R,/usr/sbin/sshd -D -R,/,benign,,1778300599.986,41690,attack_window,20260508_212317_basic_enum_YrdGDI,20260508_212317_suid_exec_dns_vandalism_9o1sm3,recon,yes,0,/usr/sbin/sshd,/usr/sbin/sshd,/usr/sbin/sshd|/lib64/ld-linux-x86-64.so.2,0,0,4294967295,24740,21008,(none),4294967295
3.508129,recon/basic_enum,suid_exec,connect,network_connect,sshd,,/usr/sbin/sshd -D -R,/,benign,,1778300599.989,41691,attack_window,20260508_212317_basic_enum_YrdGDI,20260508_212317_suid_exec_dns_vandalism_9o1sm3,recon,no,-2,/usr/sbin/sshd,/var/run/nscd/socket,/var/run/nscd/socket,0,0,4294967295,24740,21008,(none),4294967295
3.508129,recon/basic_enum,suid_exec,connect,network_connect,sshd,,/usr/sbin/sshd -D -R,,benign,,1778300599.989,41692,attack_window,20260508_212317_basic_enum_YrdGDI,20260508_212317_suid_exec_dns_vandalism_9o1sm3,recon,yes,0,/usr/sbin/sshd,,,0,0,4294967295,24740,21008,(none),4294967295
3.508129,recon/basic_enum,suid_exec,connect,network_connect,sshd,,/usr/sbin/sshd -D -R,,benign,,1778300599.989,41693,attack_window,20260508_212317_basic_enum_YrdGDI,20260508_212317_suid_exec_dns_vandalism_9o1sm3,recon,yes,0,/usr/sbin/sshd,,,0,0,4294967295,24740,21008,(none),4294967295
3.508129,recon/basic_enum,suid_exec,connect,network_connect,sshd,,/usr/sbin/sshd -D -R,,benign,,1778300599.989,41694,attack_window,20260508_212317_basic_enum_YrdGDI,20260508_212317_suid_exec_dns_vandalism_9o1sm3,recon,yes,0,/usr/sbin/sshd,,,0,0,4294967295,24740,21008,(none),4294967295
3.508129,recon/basic_enum,suid_exec,connect,network_connect,sshd,,/usr/sbin/sshd -D -R,/,benign,,1778300599.989,41695,attack_window,20260508_212317_basic_enum_YrdGDI,20260508_212317_suid_exec_dns_vandalism_9o1sm3,recon,no,-2,/usr/sbin/sshd,/var/run/nscd/socket,/var/run/nscd/socket,0,0,4294967295,24740,21008,(none),4294967295
3.508129,recon/basic_enum,suid_exec,connect,network_connect,sshd,,/usr/sbin/sshd -D -R,/,benign,,1778300599.989,41696,attack_window,20260508_212317_basic_enum_YrdGDI,20260508_212317_suid_exec_dns_vandalism_9o1sm3,recon,no,-2,/usr/sbin/sshd,/var/run/nscd/socket,/var/run/nscd/socket,0,0,4294967295,24740,21008,(none),4294967295
3.510129,recon/basic_enum,suid_exec,setresgid,privilege_transition,sshd,,sshd: [accepted],,benign,,1778300599.991,41697,attack_window,20260508_212317_basic_enum_YrdGDI,20260508_212317_suid_exec_dns_vandalism_9o1sm3,recon,yes,0,/usr/sbin/sshd,,,0,0,4294967295,24741,24740,(none),4294967295
3.510129,recon/basic_enum,suid_exec,setresuid,privilege_transition,sshd,,sshd: [accepted],,benign,,1778300599.991,41698,attack_window,20260508_212317_basic_enum_YrdGDI,20260508_212317_suid_exec_dns_vandalism_9o1sm3,recon,yes,0,/usr/sbin/sshd,,,109,109,4294967295,24741,24740,(none),4294967295
3.510129,recon/basic_enum,suid_exec,setgid,privilege_transition,sshd,,sshd: [accepted],,benign,,1778300599.991,41699,attack_window,20260508_212317_basic_enum_YrdGDI,20260508_212317_suid_exec_dns_vandalism_9o1sm3,recon,no,-1,/usr/sbin/sshd,,,109,109,4294967295,24741,24740,(none),4294967295
3.510129,recon/basic_enum,suid_exec,setresgid,privilege_transition,sshd,,sshd: [accepted],,benign,,1778300599.991,41700,attack_window,20260508_212317_basic_enum_YrdGDI,20260508_212317_suid_exec_dns_vandalism_9o1sm3,recon,no,-1,/usr/sbin/sshd,,,109,109,4294967295,24741,24740,(none),4294967295
3.510129,recon/basic_enum,suid_exec,setuid,privilege_transition,sshd,,sshd: [accepted],,benign,,1778300599.991,41701,attack_window,20260508_212317_basic_enum_YrdGDI,20260508_212317_suid_exec_dns_vandalism_9o1sm3,recon,no,-1,/usr/sbin/sshd,,,109,109,4294967295,24741,24740,(none),4294967295
3.510129,recon/basic_enum,suid_exec,setresuid,privilege_transition,sshd,,sshd: [accepted],,benign,,1778300599.991,41702,attack_window,20260508_212317_basic_enum_YrdGDI,20260508_212317_suid_exec_dns_vandalism_9o1sm3,recon,no,-1,/usr/sbin/sshd,,,109,109,4294967295,24741,24740,(none),4294967295
3.610129,recon/basic_enum,suid_exec,connect,network_connect,sshd,,/usr/sbin/sshd -D -R,/,benign,,1778300600.091,41703,attack_window,20260508_212317_basic_enum_YrdGDI,20260508_212317_suid_exec_dns_vandalism_9o1sm3,recon,no,-2,/usr/sbin/sshd,/var/run/nscd/socket,/var/run/nscd/socket,0,0,4294967295,24740,21008,(none),4294967295
3.610129,recon/basic_enum,suid_exec,connect,network_connect,sshd,,/usr/sbin/sshd -D -R,/,benign,,1778300600.091,41704,attack_window,20260508_212317_basic_enum_YrdGDI,20260508_212317_suid_exec_dns_vandalism_9o1sm3,recon,no,-2,/usr/sbin/sshd,/var/run/nscd/socket,/var/run/nscd/socket,0,0,4294967295,24740,21008,(none),4294967295
3.611129,recon/basic_enum,suid_exec,connect,network_connect,sshd,,/usr/sbin/sshd -D -R,/,benign,,1778300600.092,41705,attack_window,20260508_212317_basic_enum_YrdGDI,20260508_212317_suid_exec_dns_vandalism_9o1sm3,recon,yes,0,/usr/sbin/sshd,/run/systemd/userdb/io.systemd.DynamicUser,/run/systemd/userdb/io.systemd.DynamicUser,0,0,4294967295,24740,21008,(none),4294967295
3.611129,recon/basic_enum,suid_exec,setresgid,privilege_transition,sshd,,/usr/sbin/sshd -D -R,,benign,,1778300600.092,41706,attack_window,20260508_212317_basic_enum_YrdGDI,20260508_212317_suid_exec_dns_vandalism_9o1sm3,recon,yes,0,/usr/sbin/sshd,,,0,0,4294967295,24740,21008,(none),4294967295
3.611129,recon/basic_enum,suid_exec,setresuid,privilege_transition,sshd,,/usr/sbin/sshd -D -R,,benign,,1778300600.092,41707,attack_window,20260508_212317_basic_enum_YrdGDI,20260508_212317_suid_exec_dns_vandalism_9o1sm3,recon,yes,0,/usr/sbin/sshd,,,0,1001,4294967295,24740,21008,(none),4294967295
3.611129,recon/basic_enum,suid_exec,setresuid,privilege_transition,sshd,,/usr/sbin/sshd -D -R,,benign,,1778300600.092,41708,attack_window,20260508_212317_basic_enum_YrdGDI,20260508_212317_suid_exec_dns_vandalism_9o1sm3,recon,yes,0,/usr/sbin/sshd,,,0,0,4294967295,24740,21008,(none),4294967295
3.611129,recon/basic_enum,suid_exec,setresgid,privilege_transition,sshd,,/usr/sbin/sshd -D -R,,benign,,1778300600.092,41709,attack_window,20260508_212317_basic_enum_YrdGDI,20260508_212317_suid_exec_dns_vandalism_9o1sm3,recon,yes,0,/usr/sbin/sshd,,,0,0,4294967295,24740,21008,(none),4294967295
3.611129,recon/basic_enum,suid_exec,setresgid,privilege_transition,sshd,,/usr/sbin/sshd -D -R,,benign,,1778300600.092,41710,attack_window,20260508_212317_basic_enum_YrdGDI,20260508_212317_suid_exec_dns_vandalism_9o1sm3,recon,yes,0,/usr/sbin/sshd,,,0,0,4294967295,24740,21008,(none),4294967295
3.611129,recon/basic_enum,suid_exec,setresuid,privilege_transition,sshd,,/usr/sbin/sshd -D -R,,benign,,1778300600.092,41711,attack_window,20260508_212317_basic_enum_YrdGDI,20260508_212317_suid_exec_dns_vandalism_9o1sm3,recon,yes,0,/usr/sbin/sshd,,,0,1001,4294967295,24740,21008,(none),4294967295
3.612129,recon/basic_enum,suid_exec,connect,network_connect,sshd,,/usr/sbin/sshd -D -R,/,benign,,1778300600.093,41712,attack_window,20260508_212317_basic_enum_YrdGDI,20260508_212317_suid_exec_dns_vandalism_9o1sm3,recon,yes,0,/usr/sbin/sshd,/dev/log,/dev/log,0,1001,4294967295,24740,21008,(none),4294967295
3.612129,recon/basic_enum,suid_exec,setresuid,privilege_transition,sshd,,/usr/sbin/sshd -D -R,,benign,,1778300600.093,41713,attack_window,20260508_212317_basic_enum_YrdGDI,20260508_212317_suid_exec_dns_vandalism_9o1sm3,recon,yes,0,/usr/sbin/sshd,,,0,0,4294967295,24740,21008,(none),4294967295
3.612129,recon/basic_enum,suid_exec,setresgid,privilege_transition,sshd,,/usr/sbin/sshd -D -R,,benign,,1778300600.093,41714,attack_window,20260508_212317_basic_enum_YrdGDI,20260508_212317_suid_exec_dns_vandalism_9o1sm3,recon,yes,0,/usr/sbin/sshd,,,0,0,4294967295,24740,21008,(none),4294967295
3.612129,recon/basic_enum,suid_exec,,,,,,,ambiguous,,1778300600.093,41715,attack_window,20260508_212317_basic_enum_YrdGDI,20260508_212317_suid_exec_dns_vandalism_9o1sm3,recon,,,,,,,,,,,,
3.617129,recon/basic_enum,suid_exec,setresgid,privilege_transition,sshd,,/usr/sbin/sshd -D -R,,benign,,1778300600.098,41716,attack_window,20260508_212317_basic_enum_YrdGDI,20260508_212317_suid_exec_dns_vandalism_9o1sm3,recon,yes,0,/usr/sbin/sshd,,,0,0,4294967295,24740,21008,(none),4294967295
3.617129,recon/basic_enum,suid_exec,setresuid,privilege_transition,sshd,,/usr/sbin/sshd -D -R,,benign,,1778300600.098,41717,attack_window,20260508_212317_basic_enum_YrdGDI,20260508_212317_suid_exec_dns_vandalism_9o1sm3,recon,yes,0,/usr/sbin/sshd,,,0,1001,4294967295,24740,21008,(none),4294967295
3.617129,recon/basic_enum,suid_exec,setresuid,privilege_transition,sshd,,/usr/sbin/sshd -D -R,,benign,,1778300600.098,41718,attack_window,20260508_212317_basic_enum_YrdGDI,20260508_212317_suid_exec_dns_vandalism_9o1sm3,recon,yes,0,/usr/sbin/sshd,,,0,0,4294967295,24740,21008,(none),4294967295
3.617129,recon/basic_enum,suid_exec,setresgid,privilege_transition,sshd,,/usr/sbin/sshd -D -R,,benign,,1778300600.098,41719,attack_window,20260508_212317_basic_enum_YrdGDI,20260508_212317_suid_exec_dns_vandalism_9o1sm3,recon,yes,0,/usr/sbin/sshd,,,0,0,4294967295,24740,21008,(none),4294967295
3.617129,recon/basic_enum,suid_exec,setresgid,privilege_transition,sshd,,/usr/sbin/sshd -D -R,,benign,,1778300600.098,41720,attack_window,20260508_212317_basic_enum_YrdGDI,20260508_212317_suid_exec_dns_vandalism_9o1sm3,recon,yes,0,/usr/sbin/sshd,,,0,0,4294967295,24740,21008,(none),4294967295
3.617129,recon/basic_enum,suid_exec,setresuid,privilege_transition,sshd,,/usr/sbin/sshd -D -R,,benign,,1778300600.098,41721,attack_window,20260508_212317_basic_enum_YrdGDI,20260508_212317_suid_exec_dns_vandalism_9o1sm3,recon,yes,0,/usr/sbin/sshd,,,0,1001,4294967295,24740,21008,(none),4294967295
3.617129,recon/basic_enum,suid_exec,connect,network_connect,sshd,,/usr/sbin/sshd -D -R,/,benign,,1778300600.098,41722,attack_window,20260508_212317_basic_enum_YrdGDI,20260508_212317_suid_exec_dns_vandalism_9o1sm3,recon,yes,0,/usr/sbin/sshd,/dev/log,/dev/log,0,1001,4294967295,24740,21008,(none),4294967295
3.617129,recon/basic_enum,suid_exec,setresuid,privilege_transition,sshd,,/usr/sbin/sshd -D -R,,benign,,1778300600.098,41723,attack_window,20260508_212317_basic_enum_YrdGDI,20260508_212317_suid_exec_dns_vandalism_9o1sm3,recon,yes,0,/usr/sbin/sshd,,,0,0,4294967295,24740,21008,(none),4294967295
3.617129,recon/basic_enum,suid_exec,setresgid,privilege_transition,sshd,,/usr/sbin/sshd -D -R,,benign,,1778300600.098,41724,attack_window,20260508_212317_basic_enum_YrdGDI,20260508_212317_suid_exec_dns_vandalism_9o1sm3,recon,yes,0,/usr/sbin/sshd,,,0,0,4294967295,24740,21008,(none),4294967295
3.617129,recon/basic_enum,suid_exec,,,,,,,ambiguous,,1778300600.098,41725,attack_window,20260508_212317_basic_enum_YrdGDI,20260508_212317_suid_exec_dns_vandalism_9o1sm3,recon,,,,,,,,,,,,
3.642129,recon/basic_enum,suid_exec,connect,network_connect,sshd,,/usr/sbin/sshd -D -R,/,benign,,1778300600.123,41726,attack_window,20260508_212317_basic_enum_YrdGDI,20260508_212317_suid_exec_dns_vandalism_9o1sm3,recon,yes,0,/usr/sbin/sshd,/run/systemd/userdb/io.systemd.DynamicUser,/run/systemd/userdb/io.systemd.DynamicUser,0,0,4294967295,24740,21008,(none),4294967295
3.643129,recon/basic_enum,suid_exec,,,,,,,ambiguous,,1778300600.124,41727,attack_window,20260508_212317_basic_enum_YrdGDI,20260508_212317_suid_exec_dns_vandalism_9o1sm3,recon,,,,,,,,,,,,
3.649129,recon/basic_enum,suid_exec,,,,,,,ambiguous,,1778300600.130,41728,attack_window,20260508_212317_basic_enum_YrdGDI,20260508_212317_suid_exec_dns_vandalism_9o1sm3,recon,,,,,,,,,,,,
3.649129,recon/basic_enum,suid_exec,connect,network_connect,sshd,,/usr/sbin/sshd -D -R,/,benign,,1778300600.130,41729,attack_window,20260508_212317_basic_enum_YrdGDI,20260508_212317_suid_exec_dns_vandalism_9o1sm3,recon,yes,0,/usr/sbin/sshd,/dev/log,/dev/log,0,0,4294967295,24740,21008,(none),4294967295
3.649129,recon/basic_enum,suid_exec,connect,network_connect,sshd,,/usr/sbin/sshd -D -R,/,benign,,1778300600.130,41730,attack_window,20260508_212317_basic_enum_YrdGDI,20260508_212317_suid_exec_dns_vandalism_9o1sm3,recon,yes,0,/usr/sbin/sshd,/run/systemd/userdb/io.systemd.DynamicUser,/run/systemd/userdb/io.systemd.DynamicUser,0,0,4294967295,24740,21008,(none),4294967295
3.650129,recon/basic_enum,suid_exec,126,privilege_transition,sshd,,/usr/sbin/sshd -D -R,,benign,,1778300600.131,41731,attack_window,20260508_212317_basic_enum_YrdGDI,20260508_212317_suid_exec_dns_vandalism_9o1sm3,recon,yes,0,/usr/sbin/sshd,,,0,0,4294967295,24740,21008,(none),4294967295
3.650129,recon/basic_enum,suid_exec,,,,,,,ambiguous,,1778300600.131,41732,attack_window,20260508_212317_basic_enum_YrdGDI,20260508_212317_suid_exec_dns_vandalism_9o1sm3,recon,,,,,,,,,,,,
3.650129,recon/basic_enum,suid_exec,77,file_destroy,sshd,,/usr/sbin/sshd -D -R,,benign,,1778300600.131,41733,attack_window,20260508_212317_basic_enum_YrdGDI,20260508_212317_suid_exec_dns_vandalism_9o1sm3,recon,yes,0,/usr/sbin/sshd,,,0,0,4294967295,24740,21008,(none),4294967295
3.650129,recon/basic_enum,suid_exec,write,(null),sshd,,/usr/sbin/sshd -D -R,,benign,,1778300600.131,41734,attack_window,20260508_212317_basic_enum_YrdGDI,20260508_212317_suid_exec_dns_vandalism_9o1sm3,recon,yes,4,/usr/sbin/sshd,,,0,0,1001,24740,21008,(none),131
3.650129,recon/basic_enum,suid_exec,114,privilege_transition,sshd,,/usr/sbin/sshd -D -R,,benign,,1778300600.131,41735,attack_window,20260508_212317_basic_enum_YrdGDI,20260508_212317_suid_exec_dns_vandalism_9o1sm3,recon,yes,0,/usr/sbin/sshd,,,0,0,1001,24740,21008,(none),131
3.650129,recon/basic_enum,suid_exec,113,privilege_transition,sshd,,/usr/sbin/sshd -D -R,,benign,,1778300600.131,41736,attack_window,20260508_212317_basic_enum_YrdGDI,20260508_212317_suid_exec_dns_vandalism_9o1sm3,recon,yes,0,/usr/sbin/sshd,,,1001,0,1001,24740,21008,(none),131
3.650129,recon/basic_enum,suid_exec,113,privilege_transition,sshd,,/usr/sbin/sshd -D -R,,benign,,1778300600.131,41737,attack_window,20260508_212317_basic_enum_YrdGDI,20260508_212317_suid_exec_dns_vandalism_9o1sm3,recon,yes,0,/usr/sbin/sshd,,,0,0,1001,24740,21008,(none),131
3.650129,recon/basic_enum,suid_exec,114,privilege_transition,sshd,,/usr/sbin/sshd -D -R,,benign,,1778300600.131,41738,attack_window,20260508_212317_basic_enum_YrdGDI,20260508_212317_suid_exec_dns_vandalism_9o1sm3,recon,yes,0,/usr/sbin/sshd,,,0,0,1001,24740,21008,(none),131
3.650129,recon/basic_enum,suid_exec,connect,network_connect,sshd,,/usr/sbin/sshd -D -R,/,benign,,1778300600.131,41739,attack_window,20260508_212317_basic_enum_YrdGDI,20260508_212317_suid_exec_dns_vandalism_9o1sm3,recon,yes,0,/usr/sbin/sshd,/dev/log,/dev/log,0,0,1001,24740,21008,(none),131
3.650129,recon/basic_enum,suid_exec,connect,network_connect,sshd,,/usr/sbin/sshd -D -R,/,benign,,1778300600.131,41740,attack_window,20260508_212317_basic_enum_YrdGDI,20260508_212317_suid_exec_dns_vandalism_9o1sm3,recon,no,-2,/usr/sbin/sshd,/run/systemd/userdb/io.systemd.Multiplexer,/run/systemd/userdb/io.systemd.Multiplexer,0,0,1001,24740,21008,(none),131
3.650129,recon/basic_enum,suid_exec,connect,network_connect,sshd,,/usr/sbin/sshd -D -R,/,benign,,1778300600.131,41741,attack_window,20260508_212317_basic_enum_YrdGDI,20260508_212317_suid_exec_dns_vandalism_9o1sm3,recon,yes,0,/usr/sbin/sshd,/run/systemd/userdb/io.systemd.DynamicUser,/run/systemd/userdb/io.systemd.DynamicUser,0,0,1001,24740,21008,(none),131
3.651129,recon/basic_enum,suid_exec,connect,network_connect,sshd,,/usr/sbin/sshd -D -R,/,benign,,1778300600.132,41742,attack_window,20260508_212317_basic_enum_YrdGDI,20260508_212317_suid_exec_dns_vandalism_9o1sm3,recon,yes,0,/usr/sbin/sshd,/run/dbus/system_bus_socket,/run/dbus/system_bus_socket,0,0,1001,24740,21008,(none),131
3.660129,recon/basic_enum,suid_exec,execve,exec,sh,sh -c -- /usr/bin/env -i PATH=/usr/local/sbin:/usr/local/bin:/usr/sbin:/usr/bin:/sbin:/bin run-parts --lsbsysinit /etc/update-motd.d > /run/motd.dynamic.new,sh -c -- /usr/bin/env -i PATH=/usr/local/sbin:/usr/local/bin:/usr/sbin:/usr/bin:/sbin:/bin run-parts --lsbsysinit /etc/update-mo,/,benign,,1778300600.141,41743,attack_window,20260508_212317_basic_enum_YrdGDI,20260508_212317_suid_exec_dns_vandalism_9o1sm3,recon,yes,0,/usr/bin/dash,/bin/sh,/bin/sh|/lib64/ld-linux-x86-64.so.2,0,0,1001,24742,24740,(none),131
3.662129,recon/basic_enum,suid_exec,execve,exec,env,/usr/bin/env -i PATH=/usr/local/sbin:/usr/local/bin:/usr/sbin:/usr/bin:/sbin:/bin run-parts --lsbsysinit /etc/update-motd.d,/usr/bin/env -i PATH=/usr/local/sbin:/usr/local/bin:/usr/sbin:/usr/bin:/sbin:/bin run-parts --lsbsysinit /etc/update-motd.d,/,benign,,1778300600.143,41744,attack_window,20260508_212317_basic_enum_YrdGDI,20260508_212317_suid_exec_dns_vandalism_9o1sm3,recon,yes,0,/usr/bin/env,/usr/bin/env,/usr/bin/env|/lib64/ld-linux-x86-64.so.2,0,0,1001,24743,24742,(none),131
3.663129,recon/basic_enum,suid_exec,execve,exec,env,,/usr/bin/env -i PATH=/usr/local/sbin:/usr/local/bin:/usr/sbin:/usr/bin:/sbin:/bin run-parts --lsbsysinit /etc/update-motd.d,/,benign,,1778300600.144,41745,attack_window,20260508_212317_basic_enum_YrdGDI,20260508_212317_suid_exec_dns_vandalism_9o1sm3,recon,no,-2,/usr/bin/env,/usr/local/sbin/run-parts,/usr/local/sbin/run-parts,0,0,1001,24743,24742,(none),131
3.663129,recon/basic_enum,suid_exec,execve,exec,env,,/usr/bin/env -i PATH=/usr/local/sbin:/usr/local/bin:/usr/sbin:/usr/bin:/sbin:/bin run-parts --lsbsysinit /etc/update-motd.d,/,benign,,1778300600.144,41746,attack_window,20260508_212317_basic_enum_YrdGDI,20260508_212317_suid_exec_dns_vandalism_9o1sm3,recon,no,-2,/usr/bin/env,/usr/local/bin/run-parts,/usr/local/bin/run-parts,0,0,1001,24743,24742,(none),131
3.663129,recon/basic_enum,suid_exec,execve,exec,env,,/usr/bin/env -i PATH=/usr/local/sbin:/usr/local/bin:/usr/sbin:/usr/bin:/sbin:/bin run-parts --lsbsysinit /etc/update-motd.d,/,benign,,1778300600.144,41747,attack_window,20260508_212317_basic_enum_YrdGDI,20260508_212317_suid_exec_dns_vandalism_9o1sm3,recon,no,-2,/usr/bin/env,/usr/sbin/run-parts,/usr/sbin/run-parts,0,0,1001,24743,24742,(none),131
3.663129,recon/basic_enum,suid_exec,execve,exec,run-parts,run-parts --lsbsysinit /etc/update-motd.d,/usr/bin/env -i PATH=/usr/local/sbin:/usr/local/bin:/usr/sbin:/usr/bin:/sbin:/bin run-parts --lsbsysinit /etc/update-motd.d,/,benign,,1778300600.144,41748,attack_window,20260508_212317_basic_enum_YrdGDI,20260508_212317_suid_exec_dns_vandalism_9o1sm3,recon,yes,0,/usr/bin/run-parts,/usr/bin/run-parts,/usr/bin/run-parts|/lib64/ld-linux-x86-64.so.2,0,0,1001,24743,24742,(none),131
3.664129,recon/basic_enum,suid_exec,execve,exec,00-header,/bin/sh /etc/update-motd.d/00-header,/bin/sh /etc/update-motd.d/00-header,/,benign,,1778300600.145,41749,attack_window,20260508_212317_basic_enum_YrdGDI,20260508_212317_suid_exec_dns_vandalism_9o1sm3,recon,yes,0,/usr/bin/dash,/etc/update-motd.d/00-header,/etc/update-motd.d/00-header|/bin/sh|/lib64/ld-linux-x86-64.so.2,0,0,1001,24744,24743,(none),131
3.665129,recon/basic_enum,suid_exec,execve,exec,uname,uname -o,uname -o,/,benign,,1778300600.146,41750,attack_window,20260508_212317_basic_enum_YrdGDI,20260508_212317_suid_exec_dns_vandalism_9o1sm3,recon,yes,0,/usr/bin/uname,/usr/bin/uname,/usr/bin/uname|/lib64/ld-linux-x86-64.so.2,0,0,1001,24745,24744,(none),131
3.668129,recon/basic_enum,suid_exec,execve,exec,uname,uname -r,uname -r,/,benign,,1778300600.149,41751,attack_window,20260508_212317_basic_enum_YrdGDI,20260508_212317_suid_exec_dns_vandalism_9o1sm3,recon,yes,0,/usr/bin/uname,/usr/bin/uname,/usr/bin/uname|/lib64/ld-linux-x86-64.so.2,0,0,1001,24746,24744,(none),131
3.668129,recon/basic_enum,suid_exec,execve,exec,uname,uname -m,uname -m,/,benign,,1778300600.149,41752,attack_window,20260508_212317_basic_enum_YrdGDI,20260508_212317_suid_exec_dns_vandalism_9o1sm3,recon,yes,0,/usr/bin/uname,/usr/bin/uname,/usr/bin/uname|/lib64/ld-linux-x86-64.so.2,0,0,1001,24747,24744,(none),131
3.669129,recon/basic_enum,suid_exec,execve,exec,10-help-text,/bin/sh /etc/update-motd.d/10-help-text,/bin/sh /etc/update-motd.d/10-help-text,/,benign,,1778300600.150,41753,attack_window,20260508_212317_basic_enum_YrdGDI,20260508_212317_suid_exec_dns_vandalism_9o1sm3,recon,yes,0,/usr/bin/dash,/etc/update-motd.d/10-help-text,/etc/update-motd.d/10-help-text|/bin/sh|/lib64/ld-linux-x86-64.so.2,0,0,1001,24748,24743,(none),131
3.670129,recon/basic_enum,suid_exec,execve,exec,50-landscape-sy,/bin/sh /etc/update-motd.d/50-landscape-sysinfo,/bin/sh /etc/update-motd.d/50-landscape-sysinfo,/,benign,,1778300600.151,41754,attack_window,20260508_212317_basic_enum_YrdGDI,20260508_212317_suid_exec_dns_vandalism_9o1sm3,recon,yes,0,/usr/bin/dash,/etc/update-motd.d/50-landscape-sysinfo,/etc/update-motd.d/50-landscape-sysinfo|/bin/sh|/lib64/ld-linux-x86-64.so.2,0,0,1001,24749,24743,(none),131
3.671129,recon/basic_enum,suid_exec,execve,exec,find,find /var/lib/landscape/landscape-sysinfo.cache -newermt now-1 minutes,find /var/lib/landscape/landscape-sysinfo.cache -newermt now-1 minutes,/,benign,,1778300600.152,41755,attack_window,20260508_212317_basic_enum_YrdGDI,20260508_212317_suid_exec_dns_vandalism_9o1sm3,recon,yes,0,/usr/bin/find,/usr/bin/find,/usr/bin/find|/lib64/ld-linux-x86-64.so.2,0,0,1001,24750,24749,(none),131
3.673129,recon/basic_enum,suid_exec,execve,exec,cat,cat /var/lib/landscape/landscape-sysinfo.cache,cat /var/lib/landscape/landscape-sysinfo.cache,/,benign,,1778300600.154,41756,attack_window,20260508_212317_basic_enum_YrdGDI,20260508_212317_suid_exec_dns_vandalism_9o1sm3,recon,yes,0,/usr/bin/cat,/usr/bin/cat,/usr/bin/cat|/lib64/ld-linux-x86-64.so.2,0,0,1001,24751,24749,(none),131
3.674129,recon/basic_enum,suid_exec,execve,exec,50-motd-news,/bin/sh /etc/update-motd.d/50-motd-news,/bin/sh /etc/update-motd.d/50-motd-news,/,benign,,1778300600.155,41757,attack_window,20260508_212317_basic_enum_YrdGDI,20260508_212317_suid_exec_dns_vandalism_9o1sm3,recon,yes,0,/usr/bin/dash,/etc/update-motd.d/50-motd-news,/etc/update-motd.d/50-motd-news|/bin/sh|/lib64/ld-linux-x86-64.so.2,0,0,1001,24752,24743,(none),131
3.676129,recon/basic_enum,suid_exec,execve,exec,cat,cat /var/cache/motd-news,cat /var/cache/motd-news,/,benign,,1778300600.157,41758,attack_window,20260508_212317_basic_enum_YrdGDI,20260508_212317_suid_exec_dns_vandalism_9o1sm3,recon,yes,0,/usr/bin/cat,/usr/bin/cat,/usr/bin/cat|/lib64/ld-linux-x86-64.so.2,0,0,1001,24753,24752,(none),131
3.676129,recon/basic_enum,suid_exec,execve,exec,tr,tr -d \000-\011\013\014\016-\037,tr -d \000-\011\013\014\016-\037,/,benign,,1778300600.157,41759,attack_window,20260508_212317_basic_enum_YrdGDI,20260508_212317_suid_exec_dns_vandalism_9o1sm3,recon,yes,0,/usr/bin/tr,/usr/bin/tr,/usr/bin/tr|/lib64/ld-linux-x86-64.so.2,0,0,1001,24755,24752,(none),131
3.676129,recon/basic_enum,suid_exec,execve,exec,cut,cut -c -80,cut -c -80,/,benign,,1778300600.157,41760,attack_window,20260508_212317_basic_enum_YrdGDI,20260508_212317_suid_exec_dns_vandalism_9o1sm3,recon,yes,0,/usr/bin/cut,/usr/bin/cut,/usr/bin/cut|/lib64/ld-linux-x86-64.so.2,0,0,1001,24756,24752,(none),131
3.676129,recon/basic_enum,suid_exec,execve,exec,head,head -n 10,head -n 10,/,benign,,1778300600.157,41761,attack_window,20260508_212317_basic_enum_YrdGDI,20260508_212317_suid_exec_dns_vandalism_9o1sm3,recon,yes,0,/usr/bin/head,/usr/bin/head,/usr/bin/head|/lib64/ld-linux-x86-64.so.2,0,0,1001,24754,24752,(none),131
3.680129,recon/basic_enum,suid_exec,execve,exec,85-fwupd,/bin/sh /etc/update-motd.d/85-fwupd,/bin/sh /etc/update-motd.d/85-fwupd,/,benign,,1778300600.161,41762,attack_window,20260508_212317_basic_enum_YrdGDI,20260508_212317_suid_exec_dns_vandalism_9o1sm3,recon,yes,0,/usr/bin/dash,/etc/update-motd.d/85-fwupd,/etc/update-motd.d/85-fwupd|/bin/sh|/lib64/ld-linux-x86-64.so.2,0,0,1001,24757,24743,(none),131
3.681129,recon/basic_enum,suid_exec,execve,exec,cat,cat /run/motd.d/85-fwupd,cat /run/motd.d/85-fwupd,/,benign,,1778300600.162,41763,attack_window,20260508_212317_basic_enum_YrdGDI,20260508_212317_suid_exec_dns_vandalism_9o1sm3,recon,yes,0,/usr/bin/cat,/usr/bin/cat,/usr/bin/cat|/lib64/ld-linux-x86-64.so.2,0,0,1001,24758,24757,(none),131
3.682129,recon/basic_enum,suid_exec,execve,exec,90-updates-avai,/bin/sh /etc/update-motd.d/90-updates-available,/bin/sh /etc/update-motd.d/90-updates-available,/,benign,,1778300600.163,41764,attack_window,20260508_212317_basic_enum_YrdGDI,20260508_212317_suid_exec_dns_vandalism_9o1sm3,recon,yes,0,/usr/bin/dash,/etc/update-motd.d/90-updates-available,/etc/update-motd.d/90-updates-available|/bin/sh|/lib64/ld-linux-x86-64.so.2,0,0,1001,24759,24743,(none),131
3.683129,recon/basic_enum,suid_exec,execve,exec,cat,cat /var/lib/update-notifier/updates-available,cat /var/lib/update-notifier/updates-available,/,benign,,1778300600.164,41765,attack_window,20260508_212317_basic_enum_YrdGDI,20260508_212317_suid_exec_dns_vandalism_9o1sm3,recon,yes,0,/usr/bin/cat,/usr/bin/cat,/usr/bin/cat|/lib64/ld-linux-x86-64.so.2,0,0,1001,24760,24759,(none),131
3.684129,recon/basic_enum,suid_exec,execve,exec,grep,grep -q -m 1 .,grep -q -m 1 .,/,benign,,1778300600.165,41766,attack_window,20260508_212317_basic_enum_YrdGDI,20260508_212317_suid_exec_dns_vandalism_9o1sm3,recon,yes,0,/usr/bin/grep,/usr/bin/grep,/usr/bin/grep|/lib64/ld-linux-x86-64.so.2,0,0,1001,24762,24759,(none),131
3.684129,recon/basic_enum,suid_exec,execve,exec,find,find /var/lib/update-notifier/updates-available -newermt now-7 days,find /var/lib/update-notifier/updates-available -newermt now-7 days,/,benign,,1778300600.165,41767,attack_window,20260508_212317_basic_enum_YrdGDI,20260508_212317_suid_exec_dns_vandalism_9o1sm3,recon,yes,0,/usr/bin/find,/usr/bin/find,/usr/bin/find|/lib64/ld-linux-x86-64.so.2,0,0,1001,24761,24759,(none),131
3.687129,recon/basic_enum,suid_exec,execve,exec,91-contract-ua-,/bin/sh /etc/update-motd.d/91-contract-ua-esm-status,/bin/sh /etc/update-motd.d/91-contract-ua-esm-status,/,benign,,1778300600.168,41768,attack_window,20260508_212317_basic_enum_YrdGDI,20260508_212317_suid_exec_dns_vandalism_9o1sm3,recon,yes,0,/usr/bin/dash,/etc/update-motd.d/91-contract-ua-esm-status,/etc/update-motd.d/91-contract-ua-esm-status|/bin/sh|/lib64/ld-linux-x86-64.so.2,0,0,1001,24763,24743,(none),131
3.688129,recon/basic_enum,suid_exec,execve,exec,91-release-upgr,/bin/sh /etc/update-motd.d/91-release-upgrade,/bin/sh /etc/update-motd.d/91-release-upgrade,/,benign,,1778300600.169,41769,attack_window,20260508_212317_basic_enum_YrdGDI,20260508_212317_suid_exec_dns_vandalism_9o1sm3,recon,yes,0,/usr/bin/dash,/etc/update-motd.d/91-release-upgrade,/etc/update-motd.d/91-release-upgrade|/bin/sh|/lib64/ld-linux-x86-64.so.2,0,0,1001,24764,24743,(none),131
3.689129,recon/basic_enum,suid_exec,execve,exec,cut,cut -d -f4,cut -d -f4,/,benign,,1778300600.170,41770,attack_window,20260508_212317_basic_enum_YrdGDI,20260508_212317_suid_exec_dns_vandalism_9o1sm3,recon,yes,0,/usr/bin/cut,/usr/bin/cut,/usr/bin/cut|/lib64/ld-linux-x86-64.so.2,0,0,1001,24767,24765,(none),131
3.690129,recon/basic_enum,suid_exec,execve,exec,id,id -u,id -u,/,benign,,1778300600.171,41771,attack_window,20260508_212317_basic_enum_YrdGDI,20260508_212317_suid_exec_dns_vandalism_9o1sm3,recon,yes,0,/usr/bin/id,/usr/bin/id,/usr/bin/id|/lib64/ld-linux-x86-64.so.2,0,0,1001,24768,24764,(none),131
3.691129,recon/basic_enum,suid_exec,execve,exec,release-upgrade,/bin/sh -e /usr/lib/ubuntu-release-upgrader/release-upgrade-motd,/bin/sh /etc/update-motd.d/91-release-upgrade,/,benign,,1778300600.172,41772,attack_window,20260508_212317_basic_enum_YrdGDI,20260508_212317_suid_exec_dns_vandalism_9o1sm3,recon,yes,0,/usr/bin/dash,/usr/lib/ubuntu-release-upgrader/release-upgrade-motd,/usr/lib/ubuntu-release-upgrader/release-upgrade-motd|/bin/sh|/lib64/ld-linux-x86-64.so.2,0,0,1001,24764,24743,(none),131
3.692129,recon/basic_enum,suid_exec,execve,exec,date,date +%s,date +%s,/,benign,,1778300600.173,41773,attack_window,20260508_212317_basic_enum_YrdGDI,20260508_212317_suid_exec_dns_vandalism_9o1sm3,recon,yes,0,/usr/bin/date,/usr/bin/date,/usr/bin/date|/lib64/ld-linux-x86-64.so.2,0,0,1001,24769,24764,(none),131
3.695129,recon/basic_enum,suid_exec,execve,exec,stat,stat -c %Y /var/lib/ubuntu-release-upgrader/release-upgrade-available,stat -c %Y /var/lib/ubuntu-release-upgrader/release-upgrade-available,/,benign,,1778300600.176,41774,attack_window,20260508_212317_basic_enum_YrdGDI,20260508_212317_suid_exec_dns_vandalism_9o1sm3,recon,yes,0,/usr/bin/stat,/usr/bin/stat,/usr/bin/stat|/lib64/ld-linux-x86-64.so.2,0,0,1001,24770,24764,(none),131
3.696129,recon/basic_enum,suid_exec,execve,exec,expr,expr 1778282941 + 86400,expr 1778282941 + 86400,/,benign,,1778300600.177,41775,attack_window,20260508_212317_basic_enum_YrdGDI,20260508_212317_suid_exec_dns_vandalism_9o1sm3,recon,yes,0,/usr/bin/expr,/usr/bin/expr,/usr/bin/expr|/lib64/ld-linux-x86-64.so.2,0,0,1001,24771,24764,(none),131
3.697129,recon/basic_enum,suid_exec,execve,exec,92-unattended-u,/bin/sh /etc/update-motd.d/92-unattended-upgrades,/bin/sh /etc/update-motd.d/92-unattended-upgrades,/,benign,,1778300600.178,41776,attack_window,20260508_212317_basic_enum_YrdGDI,20260508_212317_suid_exec_dns_vandalism_9o1sm3,recon,yes,0,/usr/bin/dash,/etc/update-motd.d/92-unattended-upgrades,/etc/update-motd.d/92-unattended-upgrades|/bin/sh|/lib64/ld-linux-x86-64.so.2,0,0,1001,24772,24743,(none),131
3.698129,recon/basic_enum,suid_exec,execve,exec,update-motd-una,/bin/sh /usr/share/unattended-upgrades/update-motd-unattended-upgrades,/bin/sh /etc/update-motd.d/92-unattended-upgrades,/,benign,,1778300600.179,41777,attack_window,20260508_212317_basic_enum_YrdGDI,20260508_212317_suid_exec_dns_vandalism_9o1sm3,recon,yes,0,/usr/bin/dash,/usr/share/unattended-upgrades/update-motd-unattended-upgrades,/usr/share/unattended-upgrades/update-motd-unattended-upgrades|/bin/sh|/lib64/ld-linux-x86-64.so.2,0,0,1001,24772,24743,(none),131
3.700129,recon/basic_enum,suid_exec,execve,exec,95-hwe-eol,/bin/sh /etc/update-motd.d/95-hwe-eol,/bin/sh /etc/update-motd.d/95-hwe-eol,/,benign,,1778300600.181,41778,attack_window,20260508_212317_basic_enum_YrdGDI,20260508_212317_suid_exec_dns_vandalism_9o1sm3,recon,yes,0,/usr/bin/dash,/etc/update-motd.d/95-hwe-eol,/etc/update-motd.d/95-hwe-eol|/bin/sh|/lib64/ld-linux-x86-64.so.2,0,0,1001,24773,24743,(none),131
3.701129,recon/basic_enum,suid_exec,execve,exec,find,find /var/lib/update-notifier/hwe-eol -newermt now-1 days,find /var/lib/update-notifier/hwe-eol -newermt now-1 days,/,benign,,1778300600.182,41779,attack_window,20260508_212317_basic_enum_YrdGDI,20260508_212317_suid_exec_dns_vandalism_9o1sm3,recon,yes,0,/usr/bin/find,/usr/bin/find,/usr/bin/find|/lib64/ld-linux-x86-64.so.2,0,0,1001,24774,24773,(none),131
3.702129,recon/basic_enum,suid_exec,execve,exec,97-overlayroot,/bin/sh /etc/update-motd.d/97-overlayroot,/bin/sh /etc/update-motd.d/97-overlayroot,/,benign,,1778300600.183,41780,attack_window,20260508_212317_basic_enum_YrdGDI,20260508_212317_suid_exec_dns_vandalism_9o1sm3,recon,yes,0,/usr/bin/dash,/etc/update-motd.d/97-overlayroot,/etc/update-motd.d/97-overlayroot|/bin/sh|/lib64/ld-linux-x86-64.so.2,0,0,1001,24775,24743,(none),131
3.703129,recon/basic_enum,suid_exec,execve,exec,egrep,/bin/sh /usr/bin/egrep overlayroot|/media/root-ro|/media/root-rw /proc/mounts,/bin/sh /usr/bin/egrep overlayroot|/media/root-ro|/media/root-rw /proc/mounts,/,benign,,1778300600.184,41781,attack_window,20260508_212317_basic_enum_YrdGDI,20260508_212317_suid_exec_dns_vandalism_9o1sm3,recon,yes,0,/usr/bin/dash,/usr/bin/egrep,/usr/bin/egrep|/bin/sh|/lib64/ld-linux-x86-64.so.2,0,0,1001,24777,24776,(none),131
3.703129,recon/basic_enum,suid_exec,execve,exec,sort,sort -r,sort -r,/,benign,,1778300600.184,41782,attack_window,20260508_212317_basic_enum_YrdGDI,20260508_212317_suid_exec_dns_vandalism_9o1sm3,recon,yes,0,/usr/bin/sort,/usr/bin/sort,/usr/bin/sort|/lib64/ld-linux-x86-64.so.2,0,0,1001,24778,24776,(none),131
3.706129,recon/basic_enum,suid_exec,execve,exec,egrep,,/bin/sh /usr/bin/egrep overlayroot|/media/root-ro|/media/root-rw /proc/mounts,/,benign,,1778300600.187,41783,attack_window,20260508_212317_basic_enum_YrdGDI,20260508_212317_suid_exec_dns_vandalism_9o1sm3,recon,no,-2,/usr/bin/dash,/usr/local/sbin/grep,/usr/local/sbin/grep,0,0,1001,24777,24776,(none),131
3.706129,recon/basic_enum,suid_exec,execve,exec,egrep,,/bin/sh /usr/bin/egrep overlayroot|/media/root-ro|/media/root-rw /proc/mounts,/,benign,,1778300600.187,41784,attack_window,20260508_212317_basic_enum_YrdGDI,20260508_212317_suid_exec_dns_vandalism_9o1sm3,recon,no,-2,/usr/bin/dash,/usr/local/bin/grep,/usr/local/bin/grep,0,0,1001,24777,24776,(none),131
3.706129,recon/basic_enum,suid_exec,execve,exec,egrep,,/bin/sh /usr/bin/egrep overlayroot|/media/root-ro|/media/root-rw /proc/mounts,/,benign,,1778300600.187,41785,attack_window,20260508_212317_basic_enum_YrdGDI,20260508_212317_suid_exec_dns_vandalism_9o1sm3,recon,no,-2,/usr/bin/dash,/usr/sbin/grep,/usr/sbin/grep,0,0,1001,24777,24776,(none),131
3.706129,recon/basic_enum,suid_exec,execve,exec,grep,grep -E overlayroot|/media/root-ro|/media/root-rw /proc/mounts,/bin/sh /usr/bin/egrep overlayroot|/media/root-ro|/media/root-rw /proc/mounts,/,benign,,1778300600.187,41786,attack_window,20260508_212317_basic_enum_YrdGDI,20260508_212317_suid_exec_dns_vandalism_9o1sm3,recon,yes,0,/usr/bin/grep,/usr/bin/grep,/usr/bin/grep|/lib64/ld-linux-x86-64.so.2,0,0,1001,24777,24776,(none),131
3.707129,recon/basic_enum,suid_exec,execve,exec,98-fsck-at-rebo,/bin/sh /etc/update-motd.d/98-fsck-at-reboot,/bin/sh /etc/update-motd.d/98-fsck-at-reboot,/,benign,,1778300600.188,41787,attack_window,20260508_212317_basic_enum_YrdGDI,20260508_212317_suid_exec_dns_vandalism_9o1sm3,recon,yes,0,/usr/bin/dash,/etc/update-motd.d/98-fsck-at-reboot,/etc/update-motd.d/98-fsck-at-reboot|/bin/sh|/lib64/ld-linux-x86-64.so.2,0,0,1001,24779,24743,(none),131
3.708129,recon/basic_enum,suid_exec,execve,exec,update-motd-fsc,/bin/sh /usr/lib/update-notifier/update-motd-fsck-at-reboot,/bin/sh /etc/update-motd.d/98-fsck-at-reboot,/,benign,,1778300600.189,41788,attack_window,20260508_212317_basic_enum_YrdGDI,20260508_212317_suid_exec_dns_vandalism_9o1sm3,recon,yes,0,/usr/bin/dash,/usr/lib/update-notifier/update-motd-fsck-at-reboot,/usr/lib/update-notifier/update-motd-fsck-at-reboot|/bin/sh|/lib64/ld-linux-x86-64.so.2,0,0,1001,24779,24743,(none),131
3.709129,recon/basic_enum,suid_exec,execve,exec,id,id -u,id -u,/,benign,,1778300600.190,41789,attack_window,20260508_212317_basic_enum_YrdGDI,20260508_212317_suid_exec_dns_vandalism_9o1sm3,recon,yes,0,/usr/bin/id,/usr/bin/id,/usr/bin/id|/lib64/ld-linux-x86-64.so.2,0,0,1001,24780,24779,(none),131
3.710129,recon/basic_enum,suid_exec,execve,exec,stat,stat -c %Y /var/lib/update-notifier/fsck-at-reboot,stat -c %Y /var/lib/update-notifier/fsck-at-reboot,/,benign,,1778300600.191,41790,attack_window,20260508_212317_basic_enum_YrdGDI,20260508_212317_suid_exec_dns_vandalism_9o1sm3,recon,yes,0,/usr/bin/stat,/usr/bin/stat,/usr/bin/stat|/lib64/ld-linux-x86-64.so.2,0,0,1001,24781,24779,(none),131
3.711129,recon/basic_enum,suid_exec,execve,exec,awk,awk {print $1} /proc/uptime,awk {print $1} /proc/uptime,/,benign,,1778300600.192,41791,attack_window,20260508_212317_basic_enum_YrdGDI,20260508_212317_suid_exec_dns_vandalism_9o1sm3,recon,yes,0,/usr/bin/gawk,/usr/bin/awk,/usr/bin/awk|/lib64/ld-linux-x86-64.so.2,0,0,1001,24783,24782,(none),131
3.713129,recon/basic_enum,suid_exec,execve,exec,date,date -d now - 2846.54 seconds +%s,date -d now - 2846.54 seconds +%s,/,benign,,1778300600.194,41792,attack_window,20260508_212317_basic_enum_YrdGDI,20260508_212317_suid_exec_dns_vandalism_9o1sm3,recon,yes,0,/usr/bin/date,/usr/bin/date,/usr/bin/date|/lib64/ld-linux-x86-64.so.2,0,0,1001,24782,24779,(none),131
3.714129,recon/basic_enum,suid_exec,execve,exec,date,date +%s,date +%s,/,benign,,1778300600.195,41793,attack_window,20260508_212317_basic_enum_YrdGDI,20260508_212317_suid_exec_dns_vandalism_9o1sm3,recon,yes,0,/usr/bin/date,/usr/bin/date,/usr/bin/date|/lib64/ld-linux-x86-64.so.2,0,0,1001,24784,24779,(none),131
3.715129,recon/basic_enum,suid_exec,execve,exec,cat,cat /var/lib/update-notifier/fsck-at-reboot,cat /var/lib/update-notifier/fsck-at-reboot,/,benign,,1778300600.196,41794,attack_window,20260508_212317_basic_enum_YrdGDI,20260508_212317_suid_exec_dns_vandalism_9o1sm3,recon,yes,0,/usr/bin/cat,/usr/bin/cat,/usr/bin/cat|/lib64/ld-linux-x86-64.so.2,0,0,1001,24785,24779,(none),131
3.716129,recon/basic_enum,suid_exec,execve,exec,98-reboot-requi,/bin/sh /etc/update-motd.d/98-reboot-required,/bin/sh /etc/update-motd.d/98-reboot-required,/,benign,,1778300600.197,41795,attack_window,20260508_212317_basic_enum_YrdGDI,20260508_212317_suid_exec_dns_vandalism_9o1sm3,recon,yes,0,/usr/bin/dash,/etc/update-motd.d/98-reboot-required,/etc/update-motd.d/98-reboot-required|/bin/sh|/lib64/ld-linux-x86-64.so.2,0,0,1001,24786,24743,(none),131
3.717129,recon/basic_enum,suid_exec,execve,exec,update-motd-reb,/bin/sh -e /usr/lib/update-notifier/update-motd-reboot-required,/bin/sh /etc/update-motd.d/98-reboot-required,/,benign,,1778300600.198,41796,attack_window,20260508_212317_basic_enum_YrdGDI,20260508_212317_suid_exec_dns_vandalism_9o1sm3,recon,yes,0,/usr/bin/dash,/usr/lib/update-notifier/update-motd-reboot-required,/usr/lib/update-notifier/update-motd-reboot-required|/bin/sh|/lib64/ld-linux-x86-64.so.2,0,0,1001,24786,24743,(none),131
3.718129,recon/basic_enum,suid_exec,rename,file_destroy,sshd,,/usr/sbin/sshd -D -R,/,benign,,1778300600.199,41797,attack_window,20260508_212317_basic_enum_YrdGDI,20260508_212317_suid_exec_dns_vandalism_9o1sm3,recon,yes,0,/usr/sbin/sshd,/run/,/run/|/run/motd.dynamic.new|/run/motd.dynamic,0,0,1001,24740,21008,(none),131
3.718129,recon/basic_enum,suid_exec,connect,network_connect,sshd,,/usr/sbin/sshd -D -R,/,benign,,1778300600.199,41798,attack_window,20260508_212317_basic_enum_YrdGDI,20260508_212317_suid_exec_dns_vandalism_9o1sm3,recon,yes,0,/usr/sbin/sshd,/run/systemd/userdb/io.systemd.DynamicUser,/run/systemd/userdb/io.systemd.DynamicUser,0,0,1001,24740,21008,(none),131
3.719129,recon/basic_enum,suid_exec,connect,network_connect,sshd,,/usr/sbin/sshd -D -R,/,benign,,1778300600.200,41799,attack_window,20260508_212317_basic_enum_YrdGDI,20260508_212317_suid_exec_dns_vandalism_9o1sm3,recon,yes,0,/usr/sbin/sshd,/run/systemd/userdb/io.systemd.DynamicUser,/run/systemd/userdb/io.systemd.DynamicUser,0,0,1001,24740,21008,(none),131
3.719129,recon/basic_enum,suid_exec,connect,network_connect,sshd,,/usr/sbin/sshd -D -R,/,benign,,1778300600.200,41800,attack_window,20260508_212317_basic_enum_YrdGDI,20260508_212317_suid_exec_dns_vandalism_9o1sm3,recon,yes,0,/usr/sbin/sshd,/run/systemd/userdb/io.systemd.DynamicUser,/run/systemd/userdb/io.systemd.DynamicUser,0,0,1001,24740,21008,(none),131
3.719129,recon/basic_enum,suid_exec,connect,network_connect,sshd,,/usr/sbin/sshd -D -R,/,benign,,1778300600.200,41801,attack_window,20260508_212317_basic_enum_YrdGDI,20260508_212317_suid_exec_dns_vandalism_9o1sm3,recon,yes,0,/usr/sbin/sshd,/run/systemd/userdb/io.systemd.DynamicUser,/run/systemd/userdb/io.systemd.DynamicUser,0,0,1001,24740,21008,(none),131
3.720129,recon/basic_enum,suid_exec,connect,network_connect,sshd,,/usr/sbin/sshd -D -R,/,benign,,1778300600.201,41802,attack_window,20260508_212317_basic_enum_YrdGDI,20260508_212317_suid_exec_dns_vandalism_9o1sm3,recon,yes,0,/usr/sbin/sshd,/run/systemd/userdb/io.systemd.DynamicUser,/run/systemd/userdb/io.systemd.DynamicUser,0,0,1001,24740,21008,(none),131
3.720129,recon/basic_enum,suid_exec,,,,,,,ambiguous,,1778300600.201,41803,attack_window,20260508_212317_basic_enum_YrdGDI,20260508_212317_suid_exec_dns_vandalism_9o1sm3,recon,,,,,,,,,,,,
3.722129,recon/basic_enum,suid_exec,setgid,privilege_transition,sshd,,sshd: deploy-rkejw [priv],,benign,,1778300600.203,41804,attack_window,20260508_212317_basic_enum_YrdGDI,20260508_212317_suid_exec_dns_vandalism_9o1sm3,recon,yes,0,/usr/sbin/sshd,,,0,0,1001,24787,24740,(none),131
3.722129,recon/basic_enum,suid_exec,connect,network_connect,sshd,,sshd: deploy-rkejw [priv],/,benign,,1778300600.203,41805,attack_window,20260508_212317_basic_enum_YrdGDI,20260508_212317_suid_exec_dns_vandalism_9o1sm3,recon,yes,0,/usr/sbin/sshd,/run/systemd/userdb/io.systemd.DynamicUser,/run/systemd/userdb/io.systemd.DynamicUser,0,0,1001,24787,24740,(none),131
3.722129,recon/basic_enum,suid_exec,connect,network_connect,sshd,,sshd: deploy-rkejw [priv],/,benign,,1778300600.203,41806,attack_window,20260508_212317_basic_enum_YrdGDI,20260508_212317_suid_exec_dns_vandalism_9o1sm3,recon,yes,0,/usr/sbin/sshd,/run/systemd/userdb/io.systemd.DynamicUser,/run/systemd/userdb/io.systemd.DynamicUser,0,0,1001,24787,24740,(none),131
3.722129,recon/basic_enum,suid_exec,126,privilege_transition,sshd,,sshd: deploy-rkejw [priv],,benign,,1778300600.203,41807,attack_window,20260508_212317_basic_enum_YrdGDI,20260508_212317_suid_exec_dns_vandalism_9o1sm3,recon,yes,0,/usr/sbin/sshd,,,0,0,1001,24787,24740,(none),131
3.722129,recon/basic_enum,suid_exec,,,,,,,ambiguous,,1778300600.203,41808,attack_window,20260508_212317_basic_enum_YrdGDI,20260508_212317_suid_exec_dns_vandalism_9o1sm3,recon,,,,,,,,,,,,
3.722129,recon/basic_enum,suid_exec,setresgid,privilege_transition,sshd,,sshd: deploy-rkejw [priv],,benign,,1778300600.203,41809,attack_window,20260508_212317_basic_enum_YrdGDI,20260508_212317_suid_exec_dns_vandalism_9o1sm3,recon,yes,0,/usr/sbin/sshd,,,0,0,1001,24787,24740,(none),131
3.722129,recon/basic_enum,suid_exec,setresuid,privilege_transition,sshd,,sshd: deploy-rkejw [priv],,benign,,1778300600.203,41810,attack_window,20260508_212317_basic_enum_YrdGDI,20260508_212317_suid_exec_dns_vandalism_9o1sm3,recon,yes,0,/usr/sbin/sshd,,,1001,1001,1001,24787,24740,(none),131
3.722129,recon/basic_enum,suid_exec,setuid,privilege_transition,sshd,,sshd: deploy-rkejw [priv],,benign,,1778300600.203,41811,attack_window,20260508_212317_basic_enum_YrdGDI,20260508_212317_suid_exec_dns_vandalism_9o1sm3,recon,no,-1,/usr/sbin/sshd,,,1001,1001,1001,24787,24740,(none),131
3.722129,recon/basic_enum,suid_exec,setresuid,privilege_transition,sshd,,sshd: deploy-rkejw [priv],,benign,,1778300600.203,41812,attack_window,20260508_212317_basic_enum_YrdGDI,20260508_212317_suid_exec_dns_vandalism_9o1sm3,recon,no,-1,/usr/sbin/sshd,,,1001,1001,1001,24787,24740,(none),131
3.767129,recon/basic_enum,suid_exec,execve,shell_exec,bash,"bash -c epoch=$(date +%s.%N) iso=$(date -Is) marker=END\ run_id=20260508_212317_basic_enum_YrdGDI\ chain_id=20260508_212317_suid_exec_dns_vandalism_9o1sm3\ delivery=suid_exec\ payload=recon/basic_enum\ category=recon\ success=true marker=""$marker epoch=$epoch iso=$iso"" logger -t aegis_attack_marker -- ""$marker"" printf 'target_epoch=%s\n' ""$epoch"" printf 'target_iso=%s\n' ""$iso""",bash -c epoch=$(date +%s.%N) iso=$(date -Is) marker=END\ run_id=20260508_212317_basic_enum_YrdGDI\ chai,/home/deploy-rkejw,benign,,1778300600.248,41813,attack_window,20260508_212317_basic_enum_YrdGDI,20260508_212317_suid_exec_dns_vandalism_9o1sm3,recon,yes,0,/usr/bin/bash,/bin/bash,/bin/bash|/lib64/ld-linux-x86-64.so.2,1001,1001,1001,24788,24787,(none),131
3.769129,recon/basic_enum,suid_exec,execve,exec,date,date +%s.%N,date +%s.%N,/home/deploy-rkejw,benign,,1778300600.250,41814,attack_window,20260508_212317_basic_enum_YrdGDI,20260508_212317_suid_exec_dns_vandalism_9o1sm3,recon,yes,0,/usr/bin/date,/usr/bin/date,/usr/bin/date|/lib64/ld-linux-x86-64.so.2,1001,1001,1001,24789,24788,(none),131
3.771129,recon/basic_enum,suid_exec,execve,exec,date,date -Is,date -Is,/home/deploy-rkejw,benign,,1778300600.252,41815,attack_window,20260508_212317_basic_enum_YrdGDI,20260508_212317_suid_exec_dns_vandalism_9o1sm3,recon,yes,0,/usr/bin/date,/usr/bin/date,/usr/bin/date|/lib64/ld-linux-x86-64.so.2,1001,1001,1001,24790,24788,(none),131
3.772129,recon/basic_enum,suid_exec,execve,exec,logger,logger -t aegis_attack_marker -- END run_id=20260508_212317_basic_enum_YrdGDI chain_id=20260508_212317_suid_exec_dns_vandalism_9o1sm3 delivery=suid_exec payload=recon/basic_enum category=recon success=true epoch=1778300600.252738333 iso=2026-05-09T04:23:20+00:00,logger -t aegis_attack_marker -- END run_id=20260508_212317_basic_enum_YrdGDI chain_id=20260508_212317_suid_exec_dns_vandalism_9,/home/deploy-rkejw,benign,,1778300600.253,41816,post_context,20260508_212317_basic_enum_YrdGDI,20260508_212317_suid_exec_dns_vandalism_9o1sm3,recon,yes,0,/usr/bin/logger,/usr/bin/logger,/usr/bin/logger|/lib64/ld-linux-x86-64.so.2,1001,1001,1001,24791,24788,(none),131
3.773129,recon/basic_enum,suid_exec,connect,network_connect,logger,,logger -t aegis_attack_marker -- END run_id=20260508_212317_basic_enum_YrdGDI chain_id=20260508_212317_suid_exec_dns_vandalism_9,/home/deploy-rkejw,benign,,1778300600.254,41817,post_context,20260508_212317_basic_enum_YrdGDI,20260508_212317_suid_exec_dns_vandalism_9o1sm3,recon,yes,0,/usr/bin/logger,/dev/log,/dev/log,1001,1001,1001,24791,24788,(none),131
3.774129,recon/basic_enum,suid_exec,connect,network_connect,sshd,,sshd: deploy-rkejw [priv],/,benign,,1778300600.255,41818,post_context,20260508_212317_basic_enum_YrdGDI,20260508_212317_suid_exec_dns_vandalism_9o1sm3,recon,yes,0,/usr/sbin/sshd,/dev/log,/dev/log,1001,1001,1001,24787,24740,(none),131
3.774129,recon/basic_enum,suid_exec,114,privilege_transition,sshd,,/usr/sbin/sshd -D -R,,benign,,1778300600.255,41819,post_context,20260508_212317_basic_enum_YrdGDI,20260508_212317_suid_exec_dns_vandalism_9o1sm3,recon,yes,0,/usr/sbin/sshd,,,0,0,1001,24740,21008,(none),131
3.775129,recon/basic_enum,suid_exec,setresuid,privilege_transition,sshd,,/usr/sbin/sshd -D -R,,benign,,1778300600.256,41820,post_context,20260508_212317_basic_enum_YrdGDI,20260508_212317_suid_exec_dns_vandalism_9o1sm3,recon,yes,0,/usr/sbin/sshd,,,0,1001,1001,24740,21008,(none),131
3.775129,recon/basic_enum,suid_exec,113,privilege_transition,sshd,,/usr/sbin/sshd -D -R,,benign,,1778300600.256,41821,post_context,20260508_212317_basic_enum_YrdGDI,20260508_212317_suid_exec_dns_vandalism_9o1sm3,recon,yes,0,/usr/sbin/sshd,,,0,0,1001,24740,21008,(none),131
3.775129,recon/basic_enum,suid_exec,114,privilege_transition,sshd,,/usr/sbin/sshd -D -R,,benign,,1778300600.256,41822,post_context,20260508_212317_basic_enum_YrdGDI,20260508_212317_suid_exec_dns_vandalism_9o1sm3,recon,yes,0,/usr/sbin/sshd,,,0,0,1001,24740,21008,(none),131
3.775129,recon/basic_enum,suid_exec,connect,network_connect,sshd,,/usr/sbin/sshd -D -R,/,benign,,1778300600.256,41823,post_context,20260508_212317_basic_enum_YrdGDI,20260508_212317_suid_exec_dns_vandalism_9o1sm3,recon,yes,0,/usr/sbin/sshd,/run/dbus/system_bus_socket,/run/dbus/system_bus_socket,0,0,1001,24740,21008,(none),131
3.776129,recon/basic_enum,suid_exec,,,,,,,benign,,1778300600.257,41824,post_context,20260508_212317_basic_enum_YrdGDI,20260508_212317_suid_exec_dns_vandalism_9o1sm3,recon,,,,,,,,,,,,
3.776129,recon/basic_enum,suid_exec,,,,,,,benign,,1778300600.257,41825,post_context,20260508_212317_basic_enum_YrdGDI,20260508_212317_suid_exec_dns_vandalism_9o1sm3,recon,,,,,,,,,,,,
3.776129,recon/basic_enum,suid_exec,setresgid,privilege_transition,sshd,,/usr/sbin/sshd -D -R,,benign,,1778300600.257,41826,post_context,20260508_212317_basic_enum_YrdGDI,20260508_212317_suid_exec_dns_vandalism_9o1sm3,recon,yes,0,/usr/sbin/sshd,,,0,0,1001,24740,21008,(none),131
3.776129,recon/basic_enum,suid_exec,setresuid,privilege_transition,sshd,,/usr/sbin/sshd -D -R,,benign,,1778300600.257,41827,post_context,20260508_212317_basic_enum_YrdGDI,20260508_212317_suid_exec_dns_vandalism_9o1sm3,recon,yes,0,/usr/sbin/sshd,,,0,1001,1001,24740,21008,(none),131
3.776129,recon/basic_enum,suid_exec,setresuid,privilege_transition,sshd,,/usr/sbin/sshd -D -R,,benign,,1778300600.257,41828,post_context,20260508_212317_basic_enum_YrdGDI,20260508_212317_suid_exec_dns_vandalism_9o1sm3,recon,yes,0,/usr/sbin/sshd,,,0,0,1001,24740,21008,(none),131
3.776129,recon/basic_enum,suid_exec,setresgid,privilege_transition,sshd,,/usr/sbin/sshd -D -R,,benign,,1778300600.257,41829,post_context,20260508_212317_basic_enum_YrdGDI,20260508_212317_suid_exec_dns_vandalism_9o1sm3,recon,yes,0,/usr/sbin/sshd,,,0,0,1001,24740,21008,(none),131
3.816129,recon/basic_enum,suid_exec,execve,exec,sshd,/usr/sbin/sshd -D -R,/usr/sbin/sshd -D -R,/,benign,,1778300600.297,41830,post_context,20260508_212317_basic_enum_YrdGDI,20260508_212317_suid_exec_dns_vandalism_9o1sm3,recon,yes,0,/usr/sbin/sshd,/usr/sbin/sshd,/usr/sbin/sshd|/lib64/ld-linux-x86-64.so.2,0,0,4294967295,24792,21008,(none),4294967295
3.818129,recon/basic_enum,suid_exec,connect,network_connect,sshd,,/usr/sbin/sshd -D -R,/,benign,,1778300600.299,41831,post_context,20260508_212317_basic_enum_YrdGDI,20260508_212317_suid_exec_dns_vandalism_9o1sm3,recon,no,-2,/usr/sbin/sshd,/var/run/nscd/socket,/var/run/nscd/socket,0,0,4294967295,24792,21008,(none),4294967295
3.818129,recon/basic_enum,suid_exec,connect,network_connect,sshd,,/usr/sbin/sshd -D -R,,benign,,1778300600.299,41832,post_context,20260508_212317_basic_enum_YrdGDI,20260508_212317_suid_exec_dns_vandalism_9o1sm3,recon,yes,0,/usr/sbin/sshd,,,0,0,4294967295,24792,21008,(none),4294967295
3.818129,recon/basic_enum,suid_exec,connect,network_connect,sshd,,/usr/sbin/sshd -D -R,,benign,,1778300600.299,41833,post_context,20260508_212317_basic_enum_YrdGDI,20260508_212317_suid_exec_dns_vandalism_9o1sm3,recon,yes,0,/usr/sbin/sshd,,,0,0,4294967295,24792,21008,(none),4294967295
3.818129,recon/basic_enum,suid_exec,connect,network_connect,sshd,,/usr/sbin/sshd -D -R,,benign,,1778300600.299,41834,post_context,20260508_212317_basic_enum_YrdGDI,20260508_212317_suid_exec_dns_vandalism_9o1sm3,recon,yes,0,/usr/sbin/sshd,,,0,0,4294967295,24792,21008,(none),4294967295
3.818129,recon/basic_enum,suid_exec,connect,network_connect,sshd,,/usr/sbin/sshd -D -R,/,benign,,1778300600.299,41835,post_context,20260508_212317_basic_enum_YrdGDI,20260508_212317_suid_exec_dns_vandalism_9o1sm3,recon,no,-2,/usr/sbin/sshd,/var/run/nscd/socket,/var/run/nscd/socket,0,0,4294967295,24792,21008,(none),4294967295
3.818129,recon/basic_enum,suid_exec,connect,network_connect,sshd,,/usr/sbin/sshd -D -R,/,benign,,1778300600.299,41836,post_context,20260508_212317_basic_enum_YrdGDI,20260508_212317_suid_exec_dns_vandalism_9o1sm3,recon,no,-2,/usr/sbin/sshd,/var/run/nscd/socket,/var/run/nscd/socket,0,0,4294967295,24792,21008,(none),4294967295
3.821129,recon/basic_enum,suid_exec,setresgid,privilege_transition,sshd,,sshd: [accepted],,benign,,1778300600.302,41837,post_context,20260508_212317_basic_enum_YrdGDI,20260508_212317_suid_exec_dns_vandalism_9o1sm3,recon,yes,0,/usr/sbin/sshd,,,0,0,4294967295,24793,24792,(none),4294967295
3.821129,recon/basic_enum,suid_exec,setresuid,privilege_transition,sshd,,sshd: [accepted],,benign,,1778300600.302,41838,post_context,20260508_212317_basic_enum_YrdGDI,20260508_212317_suid_exec_dns_vandalism_9o1sm3,recon,yes,0,/usr/sbin/sshd,,,109,109,4294967295,24793,24792,(none),4294967295
3.821129,recon/basic_enum,suid_exec,setgid,privilege_transition,sshd,,sshd: [accepted],,benign,,1778300600.302,41839,post_context,20260508_212317_basic_enum_YrdGDI,20260508_212317_suid_exec_dns_vandalism_9o1sm3,recon,no,-1,/usr/sbin/sshd,,,109,109,4294967295,24793,24792,(none),4294967295
3.821129,recon/basic_enum,suid_exec,setresgid,privilege_transition,sshd,,sshd: [accepted],,benign,,1778300600.302,41840,post_context,20260508_212317_basic_enum_YrdGDI,20260508_212317_suid_exec_dns_vandalism_9o1sm3,recon,no,-1,/usr/sbin/sshd,,,109,109,4294967295,24793,24792,(none),4294967295
3.821129,recon/basic_enum,suid_exec,setuid,privilege_transition,sshd,,sshd: [accepted],,benign,,1778300600.302,41841,post_context,20260508_212317_basic_enum_YrdGDI,20260508_212317_suid_exec_dns_vandalism_9o1sm3,recon,no,-1,/usr/sbin/sshd,,,109,109,4294967295,24793,24792,(none),4294967295
3.821129,recon/basic_enum,suid_exec,setresuid,privilege_transition,sshd,,sshd: [accepted],,benign,,1778300600.302,41842,post_context,20260508_212317_basic_enum_YrdGDI,20260508_212317_suid_exec_dns_vandalism_9o1sm3,recon,no,-1,/usr/sbin/sshd,,,109,109,4294967295,24793,24792,(none),4294967295
3.922129,recon/basic_enum,suid_exec,connect,network_connect,sshd,,/usr/sbin/sshd -D -R,/,benign,,1778300600.403,41843,post_context,20260508_212317_basic_enum_YrdGDI,20260508_212317_suid_exec_dns_vandalism_9o1sm3,recon,no,-2,/usr/sbin/sshd,/var/run/nscd/socket,/var/run/nscd/socket,0,0,4294967295,24792,21008,(none),4294967295
3.922129,recon/basic_enum,suid_exec,connect,network_connect,sshd,,/usr/sbin/sshd -D -R,/,benign,,1778300600.403,41844,post_context,20260508_212317_basic_enum_YrdGDI,20260508_212317_suid_exec_dns_vandalism_9o1sm3,recon,no,-2,/usr/sbin/sshd,/var/run/nscd/socket,/var/run/nscd/socket,0,0,4294967295,24792,21008,(none),4294967295
3.922129,recon/basic_enum,suid_exec,connect,network_connect,sshd,,/usr/sbin/sshd -D -R,/,benign,,1778300600.403,41845,post_context,20260508_212317_basic_enum_YrdGDI,20260508_212317_suid_exec_dns_vandalism_9o1sm3,recon,yes,0,/usr/sbin/sshd,/run/systemd/userdb/io.systemd.DynamicUser,/run/systemd/userdb/io.systemd.DynamicUser,0,0,4294967295,24792,21008,(none),4294967295
3.923129,recon/basic_enum,suid_exec,setresgid,privilege_transition,sshd,,/usr/sbin/sshd -D -R,,benign,,1778300600.404,41846,post_context,20260508_212317_basic_enum_YrdGDI,20260508_212317_suid_exec_dns_vandalism_9o1sm3,recon,yes,0,/usr/sbin/sshd,,,0,0,4294967295,24792,21008,(none),4294967295
3.923129,recon/basic_enum,suid_exec,setresuid,privilege_transition,sshd,,/usr/sbin/sshd -D -R,,benign,,1778300600.404,41847,post_context,20260508_212317_basic_enum_YrdGDI,20260508_212317_suid_exec_dns_vandalism_9o1sm3,recon,yes,0,/usr/sbin/sshd,,,0,1001,4294967295,24792,21008,(none),4294967295
3.923129,recon/basic_enum,suid_exec,setresuid,privilege_transition,sshd,,/usr/sbin/sshd -D -R,,benign,,1778300600.404,41848,post_context,20260508_212317_basic_enum_YrdGDI,20260508_212317_suid_exec_dns_vandalism_9o1sm3,recon,yes,0,/usr/sbin/sshd,,,0,0,4294967295,24792,21008,(none),4294967295
3.923129,recon/basic_enum,suid_exec,setresgid,privilege_transition,sshd,,/usr/sbin/sshd -D -R,,benign,,1778300600.404,41849,post_context,20260508_212317_basic_enum_YrdGDI,20260508_212317_suid_exec_dns_vandalism_9o1sm3,recon,yes,0,/usr/sbin/sshd,,,0,0,4294967295,24792,21008,(none),4294967295
3.923129,recon/basic_enum,suid_exec,setresgid,privilege_transition,sshd,,/usr/sbin/sshd -D -R,,benign,,1778300600.404,41850,post_context,20260508_212317_basic_enum_YrdGDI,20260508_212317_suid_exec_dns_vandalism_9o1sm3,recon,yes,0,/usr/sbin/sshd,,,0,0,4294967295,24792,21008,(none),4294967295
3.923129,recon/basic_enum,suid_exec,setresuid,privilege_transition,sshd,,/usr/sbin/sshd -D -R,,benign,,1778300600.404,41851,post_context,20260508_212317_basic_enum_YrdGDI,20260508_212317_suid_exec_dns_vandalism_9o1sm3,recon,yes,0,/usr/sbin/sshd,,,0,1001,4294967295,24792,21008,(none),4294967295
3.923129,recon/basic_enum,suid_exec,connect,network_connect,sshd,,/usr/sbin/sshd -D -R,/,benign,,1778300600.404,41852,post_context,20260508_212317_basic_enum_YrdGDI,20260508_212317_suid_exec_dns_vandalism_9o1sm3,recon,yes,0,/usr/sbin/sshd,/dev/log,/dev/log,0,1001,4294967295,24792,21008,(none),4294967295
3.923129,recon/basic_enum,suid_exec,setresuid,privilege_transition,sshd,,/usr/sbin/sshd -D -R,,benign,,1778300600.404,41853,post_context,20260508_212317_basic_enum_YrdGDI,20260508_212317_suid_exec_dns_vandalism_9o1sm3,recon,yes,0,/usr/sbin/sshd,,,0,0,4294967295,24792,21008,(none),4294967295
3.923129,recon/basic_enum,suid_exec,setresgid,privilege_transition,sshd,,/usr/sbin/sshd -D -R,,benign,,1778300600.404,41854,post_context,20260508_212317_basic_enum_YrdGDI,20260508_212317_suid_exec_dns_vandalism_9o1sm3,recon,yes,0,/usr/sbin/sshd,,,0,0,4294967295,24792,21008,(none),4294967295
3.924129,recon/basic_enum,suid_exec,,,,,,,benign,,1778300600.405,41855,post_context,20260508_212317_basic_enum_YrdGDI,20260508_212317_suid_exec_dns_vandalism_9o1sm3,recon,,,,,,,,,,,,
3.928129,recon/basic_enum,suid_exec,setresgid,privilege_transition,sshd,,/usr/sbin/sshd -D -R,,benign,,1778300600.409,41856,post_context,20260508_212317_basic_enum_YrdGDI,20260508_212317_suid_exec_dns_vandalism_9o1sm3,recon,yes,0,/usr/sbin/sshd,,,0,0,4294967295,24792,21008,(none),4294967295
3.928129,recon/basic_enum,suid_exec,setresuid,privilege_transition,sshd,,/usr/sbin/sshd -D -R,,benign,,1778300600.409,41857,post_context,20260508_212317_basic_enum_YrdGDI,20260508_212317_suid_exec_dns_vandalism_9o1sm3,recon,yes,0,/usr/sbin/sshd,,,0,1001,4294967295,24792,21008,(none),4294967295
3.928129,recon/basic_enum,suid_exec,setresuid,privilege_transition,sshd,,/usr/sbin/sshd -D -R,,benign,,1778300600.409,41858,post_context,20260508_212317_basic_enum_YrdGDI,20260508_212317_suid_exec_dns_vandalism_9o1sm3,recon,yes,0,/usr/sbin/sshd,,,0,0,4294967295,24792,21008,(none),4294967295
3.928129,recon/basic_enum,suid_exec,setresgid,privilege_transition,sshd,,/usr/sbin/sshd -D -R,,benign,,1778300600.409,41859,post_context,20260508_212317_basic_enum_YrdGDI,20260508_212317_suid_exec_dns_vandalism_9o1sm3,recon,yes,0,/usr/sbin/sshd,,,0,0,4294967295,24792,21008,(none),4294967295
3.928129,recon/basic_enum,suid_exec,setresgid,privilege_transition,sshd,,/usr/sbin/sshd -D -R,,benign,,1778300600.409,41860,post_context,20260508_212317_basic_enum_YrdGDI,20260508_212317_suid_exec_dns_vandalism_9o1sm3,recon,yes,0,/usr/sbin/sshd,,,0,0,4294967295,24792,21008,(none),4294967295
3.928129,recon/basic_enum,suid_exec,setresuid,privilege_transition,sshd,,/usr/sbin/sshd -D -R,,benign,,1778300600.409,41861,post_context,20260508_212317_basic_enum_YrdGDI,20260508_212317_suid_exec_dns_vandalism_9o1sm3,recon,yes,0,/usr/sbin/sshd,,,0,1001,4294967295,24792,21008,(none),4294967295
3.928129,recon/basic_enum,suid_exec,connect,network_connect,sshd,,/usr/sbin/sshd -D -R,/,benign,,1778300600.409,41862,post_context,20260508_212317_basic_enum_YrdGDI,20260508_212317_suid_exec_dns_vandalism_9o1sm3,recon,yes,0,/usr/sbin/sshd,/dev/log,/dev/log,0,1001,4294967295,24792,21008,(none),4294967295
3.928129,recon/basic_enum,suid_exec,setresuid,privilege_transition,sshd,,/usr/sbin/sshd -D -R,,benign,,1778300600.409,41863,post_context,20260508_212317_basic_enum_YrdGDI,20260508_212317_suid_exec_dns_vandalism_9o1sm3,recon,yes,0,/usr/sbin/sshd,,,0,0,4294967295,24792,21008,(none),4294967295
3.928129,recon/basic_enum,suid_exec,setresgid,privilege_transition,sshd,,/usr/sbin/sshd -D -R,,benign,,1778300600.409,41864,post_context,20260508_212317_basic_enum_YrdGDI,20260508_212317_suid_exec_dns_vandalism_9o1sm3,recon,yes,0,/usr/sbin/sshd,,,0,0,4294967295,24792,21008,(none),4294967295
3.928129,recon/basic_enum,suid_exec,,,,,,,benign,,1778300600.409,41865,post_context,20260508_212317_basic_enum_YrdGDI,20260508_212317_suid_exec_dns_vandalism_9o1sm3,recon,,,,,,,,,,,,
3.954129,recon/basic_enum,suid_exec,connect,network_connect,sshd,,/usr/sbin/sshd -D -R,/,benign,,1778300600.435,41866,post_context,20260508_212317_basic_enum_YrdGDI,20260508_212317_suid_exec_dns_vandalism_9o1sm3,recon,yes,0,/usr/sbin/sshd,/run/systemd/userdb/io.systemd.DynamicUser,/run/systemd/userdb/io.systemd.DynamicUser,0,0,4294967295,24792,21008,(none),4294967295
3.956129,recon/basic_enum,suid_exec,,,,,,,benign,,1778300600.437,41867,post_context,20260508_212317_basic_enum_YrdGDI,20260508_212317_suid_exec_dns_vandalism_9o1sm3,recon,,,,,,,,,,,,
3.961129,recon/basic_enum,suid_exec,,,,,,,benign,,1778300600.442,41868,post_context,20260508_212317_basic_enum_YrdGDI,20260508_212317_suid_exec_dns_vandalism_9o1sm3,recon,,,,,,,,,,,,
3.961129,recon/basic_enum,suid_exec,connect,network_connect,sshd,,/usr/sbin/sshd -D -R,/,benign,,1778300600.442,41869,post_context,20260508_212317_basic_enum_YrdGDI,20260508_212317_suid_exec_dns_vandalism_9o1sm3,recon,yes,0,/usr/sbin/sshd,/dev/log,/dev/log,0,0,4294967295,24792,21008,(none),4294967295
3.961129,recon/basic_enum,suid_exec,connect,network_connect,sshd,,/usr/sbin/sshd -D -R,/,benign,,1778300600.442,41870,post_context,20260508_212317_basic_enum_YrdGDI,20260508_212317_suid_exec_dns_vandalism_9o1sm3,recon,yes,0,/usr/sbin/sshd,/run/systemd/userdb/io.systemd.DynamicUser,/run/systemd/userdb/io.systemd.DynamicUser,0,0,4294967295,24792,21008,(none),4294967295
3.962129,recon/basic_enum,suid_exec,126,privilege_transition,sshd,,/usr/sbin/sshd -D -R,,benign,,1778300600.443,41871,post_context,20260508_212317_basic_enum_YrdGDI,20260508_212317_suid_exec_dns_vandalism_9o1sm3,recon,yes,0,/usr/sbin/sshd,,,0,0,4294967295,24792,21008,(none),4294967295
3.962129,recon/basic_enum,suid_exec,,,,,,,benign,,1778300600.443,41872,post_context,20260508_212317_basic_enum_YrdGDI,20260508_212317_suid_exec_dns_vandalism_9o1sm3,recon,,,,,,,,,,,,
3.962129,recon/basic_enum,suid_exec,77,file_destroy,sshd,,/usr/sbin/sshd -D -R,,benign,,1778300600.443,41873,post_context,20260508_212317_basic_enum_YrdGDI,20260508_212317_suid_exec_dns_vandalism_9o1sm3,recon,yes,0,/usr/sbin/sshd,,,0,0,4294967295,24792,21008,(none),4294967295
3.962129,recon/basic_enum,suid_exec,write,(null),sshd,,/usr/sbin/sshd -D -R,,benign,,1778300600.443,41874,post_context,20260508_212317_basic_enum_YrdGDI,20260508_212317_suid_exec_dns_vandalism_9o1sm3,recon,yes,4,/usr/sbin/sshd,,,0,0,1001,24792,21008,(none),132
3.962129,recon/basic_enum,suid_exec,114,privilege_transition,sshd,,/usr/sbin/sshd -D -R,,benign,,1778300600.443,41875,post_context,20260508_212317_basic_enum_YrdGDI,20260508_212317_suid_exec_dns_vandalism_9o1sm3,recon,yes,0,/usr/sbin/sshd,,,0,0,1001,24792,21008,(none),132
3.962129,recon/basic_enum,suid_exec,113,privilege_transition,sshd,,/usr/sbin/sshd -D -R,,benign,,1778300600.443,41876,post_context,20260508_212317_basic_enum_YrdGDI,20260508_212317_suid_exec_dns_vandalism_9o1sm3,recon,yes,0,/usr/sbin/sshd,,,1001,0,1001,24792,21008,(none),132
3.962129,recon/basic_enum,suid_exec,113,privilege_transition,sshd,,/usr/sbin/sshd -D -R,,benign,,1778300600.443,41877,post_context,20260508_212317_basic_enum_YrdGDI,20260508_212317_suid_exec_dns_vandalism_9o1sm3,recon,yes,0,/usr/sbin/sshd,,,0,0,1001,24792,21008,(none),132
3.962129,recon/basic_enum,suid_exec,114,privilege_transition,sshd,,/usr/sbin/sshd -D -R,,benign,,1778300600.443,41878,post_context,20260508_212317_basic_enum_YrdGDI,20260508_212317_suid_exec_dns_vandalism_9o1sm3,recon,yes,0,/usr/sbin/sshd,,,0,0,1001,24792,21008,(none),132
3.962129,recon/basic_enum,suid_exec,connect,network_connect,sshd,,/usr/sbin/sshd -D -R,/,benign,,1778300600.443,41879,post_context,20260508_212317_basic_enum_YrdGDI,20260508_212317_suid_exec_dns_vandalism_9o1sm3,recon,yes,0,/usr/sbin/sshd,/dev/log,/dev/log,0,0,1001,24792,21008,(none),132
3.962129,recon/basic_enum,suid_exec,connect,network_connect,sshd,,/usr/sbin/sshd -D -R,/,benign,,1778300600.443,41880,post_context,20260508_212317_basic_enum_YrdGDI,20260508_212317_suid_exec_dns_vandalism_9o1sm3,recon,no,-2,/usr/sbin/sshd,/run/systemd/userdb/io.systemd.Multiplexer,/run/systemd/userdb/io.systemd.Multiplexer,0,0,1001,24792,21008,(none),132
3.962129,recon/basic_enum,suid_exec,connect,network_connect,sshd,,/usr/sbin/sshd -D -R,/,benign,,1778300600.443,41881,post_context,20260508_212317_basic_enum_YrdGDI,20260508_212317_suid_exec_dns_vandalism_9o1sm3,recon,yes,0,/usr/sbin/sshd,/run/systemd/userdb/io.systemd.DynamicUser,/run/systemd/userdb/io.systemd.DynamicUser,0,0,1001,24792,21008,(none),132
3.962129,recon/basic_enum,suid_exec,connect,network_connect,sshd,,/usr/sbin/sshd -D -R,/,benign,,1778300600.443,41882,post_context,20260508_212317_basic_enum_YrdGDI,20260508_212317_suid_exec_dns_vandalism_9o1sm3,recon,yes,0,/usr/sbin/sshd,/run/dbus/system_bus_socket,/run/dbus/system_bus_socket,0,0,1001,24792,21008,(none),132
3.974129,recon/basic_enum,suid_exec,execve,exec,sh,sh -c -- /usr/bin/env -i PATH=/usr/local/sbin:/usr/local/bin:/usr/sbin:/usr/bin:/sbin:/bin run-parts --lsbsysinit /etc/update-motd.d > /run/motd.dynamic.new,sh -c -- /usr/bin/env -i PATH=/usr/local/sbin:/usr/local/bin:/usr/sbin:/usr/bin:/sbin:/bin run-parts --lsbsysinit /etc/update-mo,/,benign,,1778300600.455,41883,post_context,20260508_212317_basic_enum_YrdGDI,20260508_212317_suid_exec_dns_vandalism_9o1sm3,recon,yes,0,/usr/bin/dash,/bin/sh,/bin/sh|/lib64/ld-linux-x86-64.so.2,0,0,1001,24794,24792,(none),132
3.975129,recon/basic_enum,suid_exec,execve,exec,env,/usr/bin/env -i PATH=/usr/local/sbin:/usr/local/bin:/usr/sbin:/usr/bin:/sbin:/bin run-parts --lsbsysinit /etc/update-motd.d,/usr/bin/env -i PATH=/usr/local/sbin:/usr/local/bin:/usr/sbin:/usr/bin:/sbin:/bin run-parts --lsbsysinit /etc/update-motd.d,/,benign,,1778300600.456,41884,post_context,20260508_212317_basic_enum_YrdGDI,20260508_212317_suid_exec_dns_vandalism_9o1sm3,recon,yes,0,/usr/bin/env,/usr/bin/env,/usr/bin/env|/lib64/ld-linux-x86-64.so.2,0,0,1001,24795,24794,(none),132
3.976129,recon/basic_enum,suid_exec,execve,exec,env,,/usr/bin/env -i PATH=/usr/local/sbin:/usr/local/bin:/usr/sbin:/usr/bin:/sbin:/bin run-parts --lsbsysinit /etc/update-motd.d,/,benign,,1778300600.457,41885,post_context,20260508_212317_basic_enum_YrdGDI,20260508_212317_suid_exec_dns_vandalism_9o1sm3,recon,no,-2,/usr/bin/env,/usr/local/sbin/run-parts,/usr/local/sbin/run-parts,0,0,1001,24795,24794,(none),132
3.976129,recon/basic_enum,suid_exec,execve,exec,env,,/usr/bin/env -i PATH=/usr/local/sbin:/usr/local/bin:/usr/sbin:/usr/bin:/sbin:/bin run-parts --lsbsysinit /etc/update-motd.d,/,benign,,1778300600.457,41886,post_context,20260508_212317_basic_enum_YrdGDI,20260508_212317_suid_exec_dns_vandalism_9o1sm3,recon,no,-2,/usr/bin/env,/usr/local/bin/run-parts,/usr/local/bin/run-parts,0,0,1001,24795,24794,(none),132
3.976129,recon/basic_enum,suid_exec,execve,exec,env,,/usr/bin/env -i PATH=/usr/local/sbin:/usr/local/bin:/usr/sbin:/usr/bin:/sbin:/bin run-parts --lsbsysinit /etc/update-motd.d,/,benign,,1778300600.457,41887,post_context,20260508_212317_basic_enum_YrdGDI,20260508_212317_suid_exec_dns_vandalism_9o1sm3,recon,no,-2,/usr/bin/env,/usr/sbin/run-parts,/usr/sbin/run-parts,0,0,1001,24795,24794,(none),132
3.976129,recon/basic_enum,suid_exec,execve,exec,run-parts,run-parts --lsbsysinit /etc/update-motd.d,/usr/bin/env -i PATH=/usr/local/sbin:/usr/local/bin:/usr/sbin:/usr/bin:/sbin:/bin run-parts --lsbsysinit /etc/update-motd.d,/,benign,,1778300600.457,41888,post_context,20260508_212317_basic_enum_YrdGDI,20260508_212317_suid_exec_dns_vandalism_9o1sm3,recon,yes,0,/usr/bin/run-parts,/usr/bin/run-parts,/usr/bin/run-parts|/lib64/ld-linux-x86-64.so.2,0,0,1001,24795,24794,(none),132
3.978129,recon/basic_enum,suid_exec,execve,exec,00-header,/bin/sh /etc/update-motd.d/00-header,/bin/sh /etc/update-motd.d/00-header,/,benign,,1778300600.459,41889,post_context,20260508_212317_basic_enum_YrdGDI,20260508_212317_suid_exec_dns_vandalism_9o1sm3,recon,yes,0,/usr/bin/dash,/etc/update-motd.d/00-header,/etc/update-motd.d/00-header|/bin/sh|/lib64/ld-linux-x86-64.so.2,0,0,1001,24796,24795,(none),132
3.979129,recon/basic_enum,suid_exec,execve,exec,uname,uname -o,uname -o,/,benign,,1778300600.460,41890,post_context,20260508_212317_basic_enum_YrdGDI,20260508_212317_suid_exec_dns_vandalism_9o1sm3,recon,yes,0,/usr/bin/uname,/usr/bin/uname,/usr/bin/uname|/lib64/ld-linux-x86-64.so.2,0,0,1001,24797,24796,(none),132
3.981129,recon/basic_enum,suid_exec,execve,exec,mkdir,mkdir -p projects/project_10/src projects/project_10/data projects/project_10/notes projects/project_10/reports projects/project_10/config docs scripts downloads temp archive logs,mkdir -p projects/project_10/src projects/project_10/data projects/project_10/notes projects/project_10/reports projects/project,/home/analyst/baseline_workload/run_20260509_041538,benign,,1778300600.462,41891,post_context,20260508_212317_basic_enum_YrdGDI,20260508_212317_suid_exec_dns_vandalism_9o1sm3,recon,yes,0,/usr/bin/mkdir,/usr/bin/mkdir,/usr/bin/mkdir|/lib64/ld-linux-x86-64.so.2,1000,1000,1000,24799,15400,(none),25
3.981129,recon/basic_enum,suid_exec,execve,exec,uname,uname -r,uname -r,/,benign,,1778300600.462,41892,post_context,20260508_212317_basic_enum_YrdGDI,20260508_212317_suid_exec_dns_vandalism_9o1sm3,recon,yes,0,/usr/bin/uname,/usr/bin/uname,/usr/bin/uname|/lib64/ld-linux-x86-64.so.2,0,0,1001,24798,24796,(none),132
3.982129,recon/basic_enum,suid_exec,mkdir,home_activity,mkdir,,mkdir -p projects/project_10/src projects/project_10/data projects/project_10/notes projects/project_10/reports projects/project,/home/analyst/baseline_workload/run_20260509_041538,benign,,1778300600.463,41893,post_context,20260508_212317_basic_enum_YrdGDI,20260508_212317_suid_exec_dns_vandalism_9o1sm3,recon,no,-17,/usr/bin/mkdir,/home/analyst/baseline_workload/run_20260509_041538,/home/analyst/baseline_workload/run_20260509_041538,1000,1000,1000,24799,15400,(none),25
3.982129,recon/basic_enum,suid_exec,mkdir,home_activity,mkdir,,mkdir -p projects/project_10/src projects/project_10/data projects/project_10/notes projects/project_10/reports projects/project,/home/analyst/baseline_workload/run_20260509_041538/projects,benign,,1778300600.463,41894,post_context,20260508_212317_basic_enum_YrdGDI,20260508_212317_suid_exec_dns_vandalism_9o1sm3,recon,no,-17,/usr/bin/mkdir,/home/analyst/baseline_workload/run_20260509_041538/projects,/home/analyst/baseline_workload/run_20260509_041538/projects,1000,1000,1000,24799,15400,(none),25
3.982129,recon/basic_enum,suid_exec,mkdir,home_activity,mkdir,,mkdir -p projects/project_10/src projects/project_10/data projects/project_10/notes projects/project_10/reports projects/project,/home/analyst/baseline_workload/run_20260509_041538/projects/project_10,benign,,1778300600.463,41895,post_context,20260508_212317_basic_enum_YrdGDI,20260508_212317_suid_exec_dns_vandalism_9o1sm3,recon,no,-17,/usr/bin/mkdir,/home/analyst/baseline_workload/run_20260509_041538/projects/project_10,/home/analyst/baseline_workload/run_20260509_041538/projects/project_10,1000,1000,1000,24799,15400,(none),25
3.982129,recon/basic_enum,suid_exec,mkdir,home_activity,mkdir,,mkdir -p projects/project_10/src projects/project_10/data projects/project_10/notes projects/project_10/reports projects/project,/home/analyst/baseline_workload/run_20260509_041538,benign,,1778300600.463,41896,post_context,20260508_212317_basic_enum_YrdGDI,20260508_212317_suid_exec_dns_vandalism_9o1sm3,recon,no,-17,/usr/bin/mkdir,/home/analyst/baseline_workload/run_20260509_041538,/home/analyst/baseline_workload/run_20260509_041538,1000,1000,1000,24799,15400,(none),25
3.982129,recon/basic_enum,suid_exec,mkdir,home_activity,mkdir,,mkdir -p projects/project_10/src projects/project_10/data projects/project_10/notes projects/project_10/reports projects/project,/home/analyst/baseline_workload/run_20260509_041538/projects,benign,,1778300600.463,41897,post_context,20260508_212317_basic_enum_YrdGDI,20260508_212317_suid_exec_dns_vandalism_9o1sm3,recon,no,-17,/usr/bin/mkdir,/home/analyst/baseline_workload/run_20260509_041538/projects,/home/analyst/baseline_workload/run_20260509_041538/projects,1000,1000,1000,24799,15400,(none),25
3.982129,recon/basic_enum,suid_exec,mkdir,home_activity,mkdir,,mkdir -p projects/project_10/src projects/project_10/data projects/project_10/notes projects/project_10/reports projects/project,/home/analyst/baseline_workload/run_20260509_041538/projects/project_10,benign,,1778300600.463,41898,post_context,20260508_212317_basic_enum_YrdGDI,20260508_212317_suid_exec_dns_vandalism_9o1sm3,recon,no,-17,/usr/bin/mkdir,/home/analyst/baseline_workload/run_20260509_041538/projects/project_10,/home/analyst/baseline_workload/run_20260509_041538/projects/project_10,1000,1000,1000,24799,15400,(none),25
3.982129,recon/basic_enum,suid_exec,mkdir,home_activity,mkdir,,mkdir -p projects/project_10/src projects/project_10/data projects/project_10/notes projects/project_10/reports projects/project,/home/analyst/baseline_workload/run_20260509_041538,benign,,1778300600.463,41899,post_context,20260508_212317_basic_enum_YrdGDI,20260508_212317_suid_exec_dns_vandalism_9o1sm3,recon,no,-17,/usr/bin/mkdir,/home/analyst/baseline_workload/run_20260509_041538,/home/analyst/baseline_workload/run_20260509_041538,1000,1000,1000,24799,15400,(none),25
3.983129,recon/basic_enum,suid_exec,mkdir,home_activity,mkdir,,mkdir -p projects/project_10/src projects/project_10/data projects/project_10/notes projects/project_10/reports projects/project,/home/analyst/baseline_workload/run_20260509_041538/projects,benign,,1778300600.464,41900,post_context,20260508_212317_basic_enum_YrdGDI,20260508_212317_suid_exec_dns_vandalism_9o1sm3,recon,no,-17,/usr/bin/mkdir,/home/analyst/baseline_workload/run_20260509_041538/projects,/home/analyst/baseline_workload/run_20260509_041538/projects,1000,1000,1000,24799,15400,(none),25
3.983129,recon/basic_enum,suid_exec,mkdir,home_activity,mkdir,,mkdir -p projects/project_10/src projects/project_10/data projects/project_10/notes projects/project_10/reports projects/project,/home/analyst/baseline_workload/run_20260509_041538/projects/project_10,benign,,1778300600.464,41901,post_context,20260508_212317_basic_enum_YrdGDI,20260508_212317_suid_exec_dns_vandalism_9o1sm3,recon,no,-17,/usr/bin/mkdir,/home/analyst/baseline_workload/run_20260509_041538/projects/project_10,/home/analyst/baseline_workload/run_20260509_041538/projects/project_10,1000,1000,1000,24799,15400,(none),25
3.983129,recon/basic_enum,suid_exec,mkdir,home_activity,mkdir,,mkdir -p projects/project_10/src projects/project_10/data projects/project_10/notes projects/project_10/reports projects/project,/home/analyst/baseline_workload/run_20260509_041538,benign,,1778300600.464,41902,post_context,20260508_212317_basic_enum_YrdGDI,20260508_212317_suid_exec_dns_vandalism_9o1sm3,recon,no,-17,/usr/bin/mkdir,/home/analyst/baseline_workload/run_20260509_041538,/home/analyst/baseline_workload/run_20260509_041538,1000,1000,1000,24799,15400,(none),25
3.983129,recon/basic_enum,suid_exec,mkdir,home_activity,mkdir,,mkdir -p projects/project_10/src projects/project_10/data projects/project_10/notes projects/project_10/reports projects/project,/home/analyst/baseline_workload/run_20260509_041538/projects,benign,,1778300600.464,41903,post_context,20260508_212317_basic_enum_YrdGDI,20260508_212317_suid_exec_dns_vandalism_9o1sm3,recon,no,-17,/usr/bin/mkdir,/home/analyst/baseline_workload/run_20260509_041538/projects,/home/analyst/baseline_workload/run_20260509_041538/projects,1000,1000,1000,24799,15400,(none),25
3.983129,recon/basic_enum,suid_exec,mkdir,home_activity,mkdir,,mkdir -p projects/project_10/src projects/project_10/data projects/project_10/notes projects/project_10/reports projects/project,/home/analyst/baseline_workload/run_20260509_041538/projects/project_10,benign,,1778300600.464,41904,post_context,20260508_212317_basic_enum_YrdGDI,20260508_212317_suid_exec_dns_vandalism_9o1sm3,recon,no,-17,/usr/bin/mkdir,/home/analyst/baseline_workload/run_20260509_041538/projects/project_10,/home/analyst/baseline_workload/run_20260509_041538/projects/project_10,1000,1000,1000,24799,15400,(none),25
3.983129,recon/basic_enum,suid_exec,mkdir,home_activity,mkdir,,mkdir -p projects/project_10/src projects/project_10/data projects/project_10/notes projects/project_10/reports projects/project,/home/analyst/baseline_workload/run_20260509_041538,benign,,1778300600.464,41905,post_context,20260508_212317_basic_enum_YrdGDI,20260508_212317_suid_exec_dns_vandalism_9o1sm3,recon,no,-17,/usr/bin/mkdir,/home/analyst/baseline_workload/run_20260509_041538,/home/analyst/baseline_workload/run_20260509_041538,1000,1000,1000,24799,15400,(none),25
3.983129,recon/basic_enum,suid_exec,mkdir,home_activity,mkdir,,mkdir -p projects/project_10/src projects/project_10/data projects/project_10/notes projects/project_10/reports projects/project,/home/analyst/baseline_workload/run_20260509_041538/projects,benign,,1778300600.464,41906,post_context,20260508_212317_basic_enum_YrdGDI,20260508_212317_suid_exec_dns_vandalism_9o1sm3,recon,no,-17,/usr/bin/mkdir,/home/analyst/baseline_workload/run_20260509_041538/projects,/home/analyst/baseline_workload/run_20260509_041538/projects,1000,1000,1000,24799,15400,(none),25
3.983129,recon/basic_enum,suid_exec,mkdir,home_activity,mkdir,,mkdir -p projects/project_10/src projects/project_10/data projects/project_10/notes projects/project_10/reports projects/project,/home/analyst/baseline_workload/run_20260509_041538/projects/project_10,benign,,1778300600.464,41907,post_context,20260508_212317_basic_enum_YrdGDI,20260508_212317_suid_exec_dns_vandalism_9o1sm3,recon,no,-17,/usr/bin/mkdir,/home/analyst/baseline_workload/run_20260509_041538/projects/project_10,/home/analyst/baseline_workload/run_20260509_041538/projects/project_10,1000,1000,1000,24799,15400,(none),25
3.983129,recon/basic_enum,suid_exec,mkdir,home_activity,mkdir,,mkdir -p projects/project_10/src projects/project_10/data projects/project_10/notes projects/project_10/reports projects/project,/home/analyst/baseline_workload/run_20260509_041538,benign,,1778300600.464,41908,post_context,20260508_212317_basic_enum_YrdGDI,20260508_212317_suid_exec_dns_vandalism_9o1sm3,recon,no,-17,/usr/bin/mkdir,/home/analyst/baseline_workload/run_20260509_041538,/home/analyst/baseline_workload/run_20260509_041538,1000,1000,1000,24799,15400,(none),25
3.983129,recon/basic_enum,suid_exec,mkdir,home_activity,mkdir,,mkdir -p projects/project_10/src projects/project_10/data projects/project_10/notes projects/project_10/reports projects/project,/home/analyst/baseline_workload/run_20260509_041538,benign,,1778300600.464,41909,post_context,20260508_212317_basic_enum_YrdGDI,20260508_212317_suid_exec_dns_vandalism_9o1sm3,recon,no,-17,/usr/bin/mkdir,/home/analyst/baseline_workload/run_20260509_041538,/home/analyst/baseline_workload/run_20260509_041538,1000,1000,1000,24799,15400,(none),25
3.983129,recon/basic_enum,suid_exec,mkdir,home_activity,mkdir,,mkdir -p projects/project_10/src projects/project_10/data projects/project_10/notes projects/project_10/reports projects/project,/home/analyst/baseline_workload/run_20260509_041538,benign,,1778300600.464,41910,post_context,20260508_212317_basic_enum_YrdGDI,20260508_212317_suid_exec_dns_vandalism_9o1sm3,recon,no,-17,/usr/bin/mkdir,/home/analyst/baseline_workload/run_20260509_041538,/home/analyst/baseline_workload/run_20260509_041538,1000,1000,1000,24799,15400,(none),25
3.983129,recon/basic_enum,suid_exec,mkdir,home_activity,mkdir,,mkdir -p projects/project_10/src projects/project_10/data projects/project_10/notes projects/project_10/reports projects/project,/home/analyst/baseline_workload/run_20260509_041538,benign,,1778300600.464,41911,post_context,20260508_212317_basic_enum_YrdGDI,20260508_212317_suid_exec_dns_vandalism_9o1sm3,recon,no,-17,/usr/bin/mkdir,/home/analyst/baseline_workload/run_20260509_041538,/home/analyst/baseline_workload/run_20260509_041538,1000,1000,1000,24799,15400,(none),25
3.983129,recon/basic_enum,suid_exec,mkdir,home_activity,mkdir,,mkdir -p projects/project_10/src projects/project_10/data projects/project_10/notes projects/project_10/reports projects/project,/home/analyst/baseline_workload/run_20260509_041538,benign,,1778300600.464,41912,post_context,20260508_212317_basic_enum_YrdGDI,20260508_212317_suid_exec_dns_vandalism_9o1sm3,recon,no,-17,/usr/bin/mkdir,/home/analyst/baseline_workload/run_20260509_041538,/home/analyst/baseline_workload/run_20260509_041538,1000,1000,1000,24799,15400,(none),25
3.983129,recon/basic_enum,suid_exec,mkdir,home_activity,mkdir,,mkdir -p projects/project_10/src projects/project_10/data projects/project_10/notes projects/project_10/reports projects/project,/home/analyst/baseline_workload/run_20260509_041538,benign,,1778300600.464,41913,post_context,20260508_212317_basic_enum_YrdGDI,20260508_212317_suid_exec_dns_vandalism_9o1sm3,recon,no,-17,/usr/bin/mkdir,/home/analyst/baseline_workload/run_20260509_041538,/home/analyst/baseline_workload/run_20260509_041538,1000,1000,1000,24799,15400,(none),25
3.984129,recon/basic_enum,suid_exec,execve,exec,mkdir,mkdir -p /home/analyst/Documents/aegis_baseline /home/analyst/Downloads/aegis_baseline,mkdir -p /home/analyst/Documents/aegis_baseline /home/analyst/Downloads/aegis_baseline,/home/analyst/baseline_workload/run_20260509_041538,benign,,1778300600.465,41914,post_context,20260508_212317_basic_enum_YrdGDI,20260508_212317_suid_exec_dns_vandalism_9o1sm3,recon,yes,0,/usr/bin/mkdir,/usr/bin/mkdir,/usr/bin/mkdir|/lib64/ld-linux-x86-64.so.2,1000,1000,1000,24800,15400,(none),25
3.985129,recon/basic_enum,suid_exec,mkdir,home_activity,mkdir,,mkdir -p /home/analyst/Documents/aegis_baseline /home/analyst/Downloads/aegis_baseline,/home,benign,,1778300600.466,41915,post_context,20260508_212317_basic_enum_YrdGDI,20260508_212317_suid_exec_dns_vandalism_9o1sm3,recon,no,-17,/usr/bin/mkdir,/home,/home,1000,1000,1000,24800,15400,(none),25
3.985129,recon/basic_enum,suid_exec,mkdir,home_activity,mkdir,,mkdir -p /home/analyst/Documents/aegis_baseline /home/analyst/Downloads/aegis_baseline,/home/analyst,benign,,1778300600.466,41916,post_context,20260508_212317_basic_enum_YrdGDI,20260508_212317_suid_exec_dns_vandalism_9o1sm3,recon,no,-17,/usr/bin/mkdir,/home/analyst,/home/analyst,1000,1000,1000,24800,15400,(none),25
3.985129,recon/basic_enum,suid_exec,mkdir,home_activity,mkdir,,mkdir -p /home/analyst/Documents/aegis_baseline /home/analyst/Downloads/aegis_baseline,/home/analyst/Documents,benign,,1778300600.466,41917,post_context,20260508_212317_basic_enum_YrdGDI,20260508_212317_suid_exec_dns_vandalism_9o1sm3,recon,no,-17,/usr/bin/mkdir,/home/analyst/Documents,/home/analyst/Documents,1000,1000,1000,24800,15400,(none),25
3.985129,recon/basic_enum,suid_exec,mkdir,home_activity,mkdir,,mkdir -p /home/analyst/Documents/aegis_baseline /home/analyst/Downloads/aegis_baseline,/home,benign,,1778300600.466,41918,post_context,20260508_212317_basic_enum_YrdGDI,20260508_212317_suid_exec_dns_vandalism_9o1sm3,recon,no,-17,/usr/bin/mkdir,/home,/home,1000,1000,1000,24800,15400,(none),25
3.985129,recon/basic_enum,suid_exec,mkdir,home_activity,mkdir,,mkdir -p /home/analyst/Documents/aegis_baseline /home/analyst/Downloads/aegis_baseline,/home/analyst,benign,,1778300600.466,41919,post_context,20260508_212317_basic_enum_YrdGDI,20260508_212317_suid_exec_dns_vandalism_9o1sm3,recon,no,-17,/usr/bin/mkdir,/home/analyst,/home/analyst,1000,1000,1000,24800,15400,(none),25
3.985129,recon/basic_enum,suid_exec,mkdir,home_activity,mkdir,,mkdir -p /home/analyst/Documents/aegis_baseline /home/analyst/Downloads/aegis_baseline,/home/analyst/Downloads,benign,,1778300600.466,41920,post_context,20260508_212317_basic_enum_YrdGDI,20260508_212317_suid_exec_dns_vandalism_9o1sm3,recon,no,-17,/usr/bin/mkdir,/home/analyst/Downloads,/home/analyst/Downloads,1000,1000,1000,24800,15400,(none),25
3.986129,recon/basic_enum,suid_exec,openat,home_activity,bash,,bash ./baseline_workload.sh worker 20260509_041538,/home/analyst/baseline_workload/run_20260509_041538,benign,,1778300600.467,41921,post_context,20260508_212317_basic_enum_YrdGDI,20260508_212317_suid_exec_dns_vandalism_9o1sm3,recon,yes,3,/usr/bin/bash,logs/,logs/|logs/ps_aux_10.log,1000,1000,1000,24801,15400,(none),25
3.986129,recon/basic_enum,suid_exec,execve,exec,ps,ps aux,bash ./baseline_workload.sh worker 20260509_041538,/home/analyst/baseline_workload/run_20260509_041538,benign,,1778300600.467,41922,post_context,20260508_212317_basic_enum_YrdGDI,20260508_212317_suid_exec_dns_vandalism_9o1sm3,recon,yes,0,/usr/bin/ps,/usr/bin/ps,/usr/bin/ps|/lib64/ld-linux-x86-64.so.2,1000,1000,1000,24801,15400,(none),25
3.987129,recon/basic_enum,suid_exec,connect,network_connect,ps,,bash ./baseline_workload.sh worker 20260509_041538,/home/analyst/baseline_workload/run_20260509_041538,benign,,1778300600.468,41923,post_context,20260508_212317_basic_enum_YrdGDI,20260508_212317_suid_exec_dns_vandalism_9o1sm3,recon,no,-2,/usr/bin/ps,/var/run/nscd/socket,/var/run/nscd/socket,1000,1000,1000,24801,15400,(none),25
3.988129,recon/basic_enum,suid_exec,connect,network_connect,ps,,bash ./baseline_workload.sh worker 20260509_041538,/home/analyst/baseline_workload/run_20260509_041538,benign,,1778300600.469,41924,post_context,20260508_212317_basic_enum_YrdGDI,20260508_212317_suid_exec_dns_vandalism_9o1sm3,recon,no,-2,/usr/bin/ps,/var/run/nscd/socket,/var/run/nscd/socket,1000,1000,1000,24801,15400,(none),25
3.990129,recon/basic_enum,suid_exec,execve,exec,uname,uname -m,uname -m,/,benign,,1778300600.471,41925,post_context,20260508_212317_basic_enum_YrdGDI,20260508_212317_suid_exec_dns_vandalism_9o1sm3,recon,yes,0,/usr/bin/uname,/usr/bin/uname,/usr/bin/uname|/lib64/ld-linux-x86-64.so.2,0,0,1001,24802,24796,(none),132
3.994129,recon/basic_enum,suid_exec,openat,home_activity,bash,,bash ./baseline_workload.sh worker 20260509_041538,/home/analyst/baseline_workload/run_20260509_041538,benign,,1778300600.475,41926,post_context,20260508_212317_basic_enum_YrdGDI,20260508_212317_suid_exec_dns_vandalism_9o1sm3,recon,yes,3,/usr/bin/bash,logs/,logs/|logs/ps_ef_10.log,1000,1000,1000,24804,15400,(none),25
3.994129,recon/basic_enum,suid_exec,execve,exec,ps,ps -ef,bash ./baseline_workload.sh worker 20260509_041538,/home/analyst/baseline_workload/run_20260509_041538,benign,,1778300600.475,41927,post_context,20260508_212317_basic_enum_YrdGDI,20260508_212317_suid_exec_dns_vandalism_9o1sm3,recon,yes,0,/usr/bin/ps,/usr/bin/ps,/usr/bin/ps|/lib64/ld-linux-x86-64.so.2,1000,1000,1000,24804,15400,(none),25
3.996129,recon/basic_enum,suid_exec,connect,network_connect,ps,,bash ./baseline_workload.sh worker 20260509_041538,/home/analyst/baseline_workload/run_20260509_041538,benign,,1778300600.477,41928,post_context,20260508_212317_basic_enum_YrdGDI,20260508_212317_suid_exec_dns_vandalism_9o1sm3,recon,no,-2,/usr/bin/ps,/var/run/nscd/socket,/var/run/nscd/socket,1000,1000,1000,24804,15400,(none),25
3.996129,recon/basic_enum,suid_exec,execve,exec,10-help-text,/bin/sh /etc/update-motd.d/10-help-text,/bin/sh /etc/update-motd.d/10-help-text,/,benign,,1778300600.477,41929,post_context,20260508_212317_basic_enum_YrdGDI,20260508_212317_suid_exec_dns_vandalism_9o1sm3,recon,yes,0,/usr/bin/dash,/etc/update-motd.d/10-help-text,/etc/update-motd.d/10-help-text|/bin/sh|/lib64/ld-linux-x86-64.so.2,0,0,1001,24803,24795,(none),132
3.996129,recon/basic_enum,suid_exec,connect,network_connect,ps,,bash ./baseline_workload.sh worker 20260509_041538,/home/analyst/baseline_workload/run_20260509_041538,benign,,1778300600.477,41930,post_context,20260508_212317_basic_enum_YrdGDI,20260508_212317_suid_exec_dns_vandalism_9o1sm3,recon,no,-2,/usr/bin/ps,/var/run/nscd/socket,/var/run/nscd/socket,1000,1000,1000,24804,15400,(none),25
3.999129,recon/basic_enum,suid_exec,execve,exec,50-landscape-sy,/bin/sh /etc/update-motd.d/50-landscape-sysinfo,/bin/sh /etc/update-motd.d/50-landscape-sysinfo,/,benign,,1778300600.480,41931,post_context,20260508_212317_basic_enum_YrdGDI,20260508_212317_suid_exec_dns_vandalism_9o1sm3,recon,yes,0,/usr/bin/dash,/etc/update-motd.d/50-landscape-sysinfo,/etc/update-motd.d/50-landscape-sysinfo|/bin/sh|/lib64/ld-linux-x86-64.so.2,0,0,1001,24805,24795,(none),132
4.001129,recon/basic_enum,suid_exec,openat,home_activity,bash,,bash ./baseline_workload.sh worker 20260509_041538,/home/analyst/baseline_workload/run_20260509_041538,benign,,1778300600.482,41932,post_context,20260508_212317_basic_enum_YrdGDI,20260508_212317_suid_exec_dns_vandalism_9o1sm3,recon,yes,3,/usr/bin/bash,logs/,logs/|logs/top_10.log,1000,1000,1000,24806,15400,(none),25
4.001129,recon/basic_enum,suid_exec,execve,exec,top,top -b -n 1,bash ./baseline_workload.sh worker 20260509_041538,/home/analyst/baseline_workload/run_20260509_041538,benign,,1778300600.482,41933,post_context,20260508_212317_basic_enum_YrdGDI,20260508_212317_suid_exec_dns_vandalism_9o1sm3,recon,yes,0,/usr/bin/top,/usr/bin/top,/usr/bin/top|/lib64/ld-linux-x86-64.so.2,1000,1000,1000,24806,15400,(none),25
4.003129,recon/basic_enum,suid_exec,execve,exec,find,find /var/lib/landscape/landscape-sysinfo.cache -newermt now-1 minutes,find /var/lib/landscape/landscape-sysinfo.cache -newermt now-1 minutes,/,benign,,1778300600.484,41934,post_context,20260508_212317_basic_enum_YrdGDI,20260508_212317_suid_exec_dns_vandalism_9o1sm3,recon,yes,0,/usr/bin/find,/usr/bin/find,/usr/bin/find|/lib64/ld-linux-x86-64.so.2,0,0,1001,24807,24805,(none),132
4.006129,recon/basic_enum,suid_exec,execve,exec,cat,cat /var/lib/landscape/landscape-sysinfo.cache,cat /var/lib/landscape/landscape-sysinfo.cache,/,benign,,1778300600.487,41935,post_context,20260508_212317_basic_enum_YrdGDI,20260508_212317_suid_exec_dns_vandalism_9o1sm3,recon,yes,0,/usr/bin/cat,/usr/bin/cat,/usr/bin/cat|/lib64/ld-linux-x86-64.so.2,0,0,1001,24808,24805,(none),132
4.007129,recon/basic_enum,suid_exec,execve,exec,50-motd-news,/bin/sh /etc/update-motd.d/50-motd-news,/bin/sh /etc/update-motd.d/50-motd-news,/,benign,,1778300600.488,41936,post_context,20260508_212317_basic_enum_YrdGDI,20260508_212317_suid_exec_dns_vandalism_9o1sm3,recon,yes,0,/usr/bin/dash,/etc/update-motd.d/50-motd-news,/etc/update-motd.d/50-motd-news|/bin/sh|/lib64/ld-linux-x86-64.so.2,0,0,1001,24809,24795,(none),132
4.009129,recon/basic_enum,suid_exec,execve,exec,tr,tr -d \000-\011\013\014\016-\037,tr -d \000-\011\013\014\016-\037,/,benign,,1778300600.490,41937,post_context,20260508_212317_basic_enum_YrdGDI,20260508_212317_suid_exec_dns_vandalism_9o1sm3,recon,yes,0,/usr/bin/tr,/usr/bin/tr,/usr/bin/tr|/lib64/ld-linux-x86-64.so.2,0,0,1001,24812,24809,(none),132
4.009129,recon/basic_enum,suid_exec,execve,exec,cat,cat /var/cache/motd-news,cat /var/cache/motd-news,/,benign,,1778300600.490,41938,post_context,20260508_212317_basic_enum_YrdGDI,20260508_212317_suid_exec_dns_vandalism_9o1sm3,recon,yes,0,/usr/bin/cat,/usr/bin/cat,/usr/bin/cat|/lib64/ld-linux-x86-64.so.2,0,0,1001,24810,24809,(none),132
4.009129,recon/basic_enum,suid_exec,execve,exec,cut,cut -c -80,cut -c -80,/,benign,,1778300600.490,41939,post_context,20260508_212317_basic_enum_YrdGDI,20260508_212317_suid_exec_dns_vandalism_9o1sm3,recon,yes,0,/usr/bin/cut,/usr/bin/cut,/usr/bin/cut|/lib64/ld-linux-x86-64.so.2,0,0,1001,24813,24809,(none),132
4.009129,recon/basic_enum,suid_exec,execve,exec,head,head -n 10,head -n 10,/,benign,,1778300600.490,41940,post_context,20260508_212317_basic_enum_YrdGDI,20260508_212317_suid_exec_dns_vandalism_9o1sm3,recon,yes,0,/usr/bin/head,/usr/bin/head,/usr/bin/head|/lib64/ld-linux-x86-64.so.2,0,0,1001,24811,24809,(none),132
4.015129,recon/basic_enum,suid_exec,execve,exec,85-fwupd,/bin/sh /etc/update-motd.d/85-fwupd,/bin/sh /etc/update-motd.d/85-fwupd,/,benign,,1778300600.496,41941,post_context,20260508_212317_basic_enum_YrdGDI,20260508_212317_suid_exec_dns_vandalism_9o1sm3,recon,yes,0,/usr/bin/dash,/etc/update-motd.d/85-fwupd,/etc/update-motd.d/85-fwupd|/bin/sh|/lib64/ld-linux-x86-64.so.2,0,0,1001,24814,24795,(none),132
4.015129,recon/basic_enum,suid_exec,execve,exec,cat,cat /run/motd.d/85-fwupd,cat /run/motd.d/85-fwupd,/,benign,,1778300600.496,41942,post_context,20260508_212317_basic_enum_YrdGDI,20260508_212317_suid_exec_dns_vandalism_9o1sm3,recon,yes,0,/usr/bin/cat,/usr/bin/cat,/usr/bin/cat|/lib64/ld-linux-x86-64.so.2,0,0,1001,24815,24814,(none),132
4.017129,recon/basic_enum,suid_exec,execve,exec,90-updates-avai,/bin/sh /etc/update-motd.d/90-updates-available,/bin/sh /etc/update-motd.d/90-updates-available,/,benign,,1778300600.498,41943,post_context,20260508_212317_basic_enum_YrdGDI,20260508_212317_suid_exec_dns_vandalism_9o1sm3,recon,yes,0,/usr/bin/dash,/etc/update-motd.d/90-updates-available,/etc/update-motd.d/90-updates-available|/bin/sh|/lib64/ld-linux-x86-64.so.2,0,0,1001,24816,24795,(none),132
4.019129,recon/basic_enum,suid_exec,execve,exec,cat,cat /var/lib/update-notifier/updates-available,cat /var/lib/update-notifier/updates-available,/,benign,,1778300600.500,41944,post_context,20260508_212317_basic_enum_YrdGDI,20260508_212317_suid_exec_dns_vandalism_9o1sm3,recon,yes,0,/usr/bin/cat,/usr/bin/cat,/usr/bin/cat|/lib64/ld-linux-x86-64.so.2,0,0,1001,24817,24816,(none),132
4.020129,recon/basic_enum,suid_exec,execve,exec,grep,grep -q -m 1 .,grep -q -m 1 .,/,benign,,1778300600.501,41945,post_context,20260508_212317_basic_enum_YrdGDI,20260508_212317_suid_exec_dns_vandalism_9o1sm3,recon,yes,0,/usr/bin/grep,/usr/bin/grep,/usr/bin/grep|/lib64/ld-linux-x86-64.so.2,0,0,1001,24819,24816,(none),132
4.020129,recon/basic_enum,suid_exec,execve,exec,find,find /var/lib/update-notifier/updates-available -newermt now-7 days,find /var/lib/update-notifier/updates-available -newermt now-7 days,/,benign,,1778300600.501,41946,post_context,20260508_212317_basic_enum_YrdGDI,20260508_212317_suid_exec_dns_vandalism_9o1sm3,recon,yes,0,/usr/bin/find,/usr/bin/find,/usr/bin/find|/lib64/ld-linux-x86-64.so.2,0,0,1001,24818,24816,(none),132
4.025129,recon/basic_enum,suid_exec,execve,exec,91-contract-ua-,/bin/sh /etc/update-motd.d/91-contract-ua-esm-status,/bin/sh /etc/update-motd.d/91-contract-ua-esm-status,/,benign,,1778300600.506,41947,post_context,20260508_212317_basic_enum_YrdGDI,20260508_212317_suid_exec_dns_vandalism_9o1sm3,recon,yes,0,/usr/bin/dash,/etc/update-motd.d/91-contract-ua-esm-status,/etc/update-motd.d/91-contract-ua-esm-status|/bin/sh|/lib64/ld-linux-x86-64.so.2,0,0,1001,24820,24795,(none),132
4.026129,recon/basic_enum,suid_exec,execve,exec,91-release-upgr,/bin/sh /etc/update-motd.d/91-release-upgrade,/bin/sh /etc/update-motd.d/91-release-upgrade,/,benign,,1778300600.507,41948,post_context,20260508_212317_basic_enum_YrdGDI,20260508_212317_suid_exec_dns_vandalism_9o1sm3,recon,yes,0,/usr/bin/dash,/etc/update-motd.d/91-release-upgrade,/etc/update-motd.d/91-release-upgrade|/bin/sh|/lib64/ld-linux-x86-64.so.2,0,0,1001,24821,24795,(none),132
4.027129,recon/basic_enum,suid_exec,execve,exec,cut,cut -d -f4,cut -d -f4,/,benign,,1778300600.508,41949,post_context,20260508_212317_basic_enum_YrdGDI,20260508_212317_suid_exec_dns_vandalism_9o1sm3,recon,yes,0,/usr/bin/cut,/usr/bin/cut,/usr/bin/cut|/lib64/ld-linux-x86-64.so.2,0,0,1001,24824,24822,(none),132
4.029129,recon/basic_enum,suid_exec,execve,exec,id,id -u,id -u,/,benign,,1778300600.510,41950,post_context,20260508_212317_basic_enum_YrdGDI,20260508_212317_suid_exec_dns_vandalism_9o1sm3,recon,yes,0,/usr/bin/id,/usr/bin/id,/usr/bin/id|/lib64/ld-linux-x86-64.so.2,0,0,1001,24825,24821,(none),132
4.030129,recon/basic_enum,suid_exec,execve,exec,release-upgrade,/bin/sh -e /usr/lib/ubuntu-release-upgrader/release-upgrade-motd,/bin/sh /etc/update-motd.d/91-release-upgrade,/,benign,,1778300600.511,41951,post_context,20260508_212317_basic_enum_YrdGDI,20260508_212317_suid_exec_dns_vandalism_9o1sm3,recon,yes,0,/usr/bin/dash,/usr/lib/ubuntu-release-upgrader/release-upgrade-motd,/usr/lib/ubuntu-release-upgrader/release-upgrade-motd|/bin/sh|/lib64/ld-linux-x86-64.so.2,0,0,1001,24821,24795,(none),132
4.030129,recon/basic_enum,suid_exec,execve,exec,date,date +%s,date +%s,/,benign,,1778300600.511,41952,post_context,20260508_212317_basic_enum_YrdGDI,20260508_212317_suid_exec_dns_vandalism_9o1sm3,recon,yes,0,/usr/bin/date,/usr/bin/date,/usr/bin/date|/lib64/ld-linux-x86-64.so.2,0,0,1001,24826,24821,(none),132
4.032129,recon/basic_enum,suid_exec,execve,exec,stat,stat -c %Y /var/lib/ubuntu-release-upgrader/release-upgrade-available,stat -c %Y /var/lib/ubuntu-release-upgrader/release-upgrade-available,/,benign,,1778300600.513,41953,post_context,20260508_212317_basic_enum_YrdGDI,20260508_212317_suid_exec_dns_vandalism_9o1sm3,recon,yes,0,/usr/bin/stat,/usr/bin/stat,/usr/bin/stat|/lib64/ld-linux-x86-64.so.2,0,0,1001,24827,24821,(none),132
4.033129,recon/basic_enum,suid_exec,execve,exec,expr,expr 1778282941 + 86400,expr 1778282941 + 86400,/,benign,,1778300600.514,41954,post_context,20260508_212317_basic_enum_YrdGDI,20260508_212317_suid_exec_dns_vandalism_9o1sm3,recon,yes,0,/usr/bin/expr,/usr/bin/expr,/usr/bin/expr|/lib64/ld-linux-x86-64.so.2,0,0,1001,24828,24821,(none),132
4.034129,recon/basic_enum,suid_exec,execve,exec,92-unattended-u,/bin/sh /etc/update-motd.d/92-unattended-upgrades,/bin/sh /etc/update-motd.d/92-unattended-upgrades,/,benign,,1778300600.515,41955,post_context,20260508_212317_basic_enum_YrdGDI,20260508_212317_suid_exec_dns_vandalism_9o1sm3,recon,yes,0,/usr/bin/dash,/etc/update-motd.d/92-unattended-upgrades,/etc/update-motd.d/92-unattended-upgrades|/bin/sh|/lib64/ld-linux-x86-64.so.2,0,0,1001,24829,24795,(none),132
4.035129,recon/basic_enum,suid_exec,execve,exec,update-motd-una,/bin/sh /usr/share/unattended-upgrades/update-motd-unattended-upgrades,/bin/sh /etc/update-motd.d/92-unattended-upgrades,/,benign,,1778300600.516,41956,post_context,20260508_212317_basic_enum_YrdGDI,20260508_212317_suid_exec_dns_vandalism_9o1sm3,recon,yes,0,/usr/bin/dash,/usr/share/unattended-upgrades/update-motd-unattended-upgrades,/usr/share/unattended-upgrades/update-motd-unattended-upgrades|/bin/sh|/lib64/ld-linux-x86-64.so.2,0,0,1001,24829,24795,(none),132
4.036129,recon/basic_enum,suid_exec,execve,exec,95-hwe-eol,/bin/sh /etc/update-motd.d/95-hwe-eol,/bin/sh /etc/update-motd.d/95-hwe-eol,/,benign,,1778300600.517,41957,post_context,20260508_212317_basic_enum_YrdGDI,20260508_212317_suid_exec_dns_vandalism_9o1sm3,recon,yes,0,/usr/bin/dash,/etc/update-motd.d/95-hwe-eol,/etc/update-motd.d/95-hwe-eol|/bin/sh|/lib64/ld-linux-x86-64.so.2,0,0,1001,24830,24795,(none),132
4.037129,recon/basic_enum,suid_exec,execve,exec,find,find /var/lib/update-notifier/hwe-eol -newermt now-1 days,find /var/lib/update-notifier/hwe-eol -newermt now-1 days,/,benign,,1778300600.518,41958,post_context,20260508_212317_basic_enum_YrdGDI,20260508_212317_suid_exec_dns_vandalism_9o1sm3,recon,yes,0,/usr/bin/find,/usr/bin/find,/usr/bin/find|/lib64/ld-linux-x86-64.so.2,0,0,1001,24831,24830,(none),132
4.038129,recon/basic_enum,suid_exec,execve,exec,97-overlayroot,/bin/sh /etc/update-motd.d/97-overlayroot,/bin/sh /etc/update-motd.d/97-overlayroot,/,benign,,1778300600.519,41959,post_context,20260508_212317_basic_enum_YrdGDI,20260508_212317_suid_exec_dns_vandalism_9o1sm3,recon,yes,0,/usr/bin/dash,/etc/update-motd.d/97-overlayroot,/etc/update-motd.d/97-overlayroot|/bin/sh|/lib64/ld-linux-x86-64.so.2,0,0,1001,24832,24795,(none),132
4.039129,recon/basic_enum,suid_exec,execve,exec,egrep,/bin/sh /usr/bin/egrep overlayroot|/media/root-ro|/media/root-rw /proc/mounts,/bin/sh /usr/bin/egrep overlayroot|/media/root-ro|/media/root-rw /proc/mounts,/,benign,,1778300600.520,41960,post_context,20260508_212317_basic_enum_YrdGDI,20260508_212317_suid_exec_dns_vandalism_9o1sm3,recon,yes,0,/usr/bin/dash,/usr/bin/egrep,/usr/bin/egrep|/bin/sh|/lib64/ld-linux-x86-64.so.2,0,0,1001,24834,24833,(none),132
4.041129,recon/basic_enum,suid_exec,execve,exec,egrep,,/bin/sh /usr/bin/egrep overlayroot|/media/root-ro|/media/root-rw /proc/mounts,/,benign,,1778300600.522,41961,post_context,20260508_212317_basic_enum_YrdGDI,20260508_212317_suid_exec_dns_vandalism_9o1sm3,recon,no,-2,/usr/bin/dash,/usr/local/sbin/grep,/usr/local/sbin/grep,0,0,1001,24834,24833,(none),132
4.041129,recon/basic_enum,suid_exec,execve,exec,egrep,,/bin/sh /usr/bin/egrep overlayroot|/media/root-ro|/media/root-rw /proc/mounts,/,benign,,1778300600.522,41962,post_context,20260508_212317_basic_enum_YrdGDI,20260508_212317_suid_exec_dns_vandalism_9o1sm3,recon,no,-2,/usr/bin/dash,/usr/local/bin/grep,/usr/local/bin/grep,0,0,1001,24834,24833,(none),132
4.041129,recon/basic_enum,suid_exec,execve,exec,egrep,,/bin/sh /usr/bin/egrep overlayroot|/media/root-ro|/media/root-rw /proc/mounts,/,benign,,1778300600.522,41963,post_context,20260508_212317_basic_enum_YrdGDI,20260508_212317_suid_exec_dns_vandalism_9o1sm3,recon,no,-2,/usr/bin/dash,/usr/sbin/grep,/usr/sbin/grep,0,0,1001,24834,24833,(none),132
4.041129,recon/basic_enum,suid_exec,execve,exec,sort,sort -r,sort -r,/,benign,,1778300600.522,41964,post_context,20260508_212317_basic_enum_YrdGDI,20260508_212317_suid_exec_dns_vandalism_9o1sm3,recon,yes,0,/usr/bin/sort,/usr/bin/sort,/usr/bin/sort|/lib64/ld-linux-x86-64.so.2,0,0,1001,24835,24833,(none),132
4.041129,recon/basic_enum,suid_exec,execve,exec,grep,grep -E overlayroot|/media/root-ro|/media/root-rw /proc/mounts,/bin/sh /usr/bin/egrep overlayroot|/media/root-ro|/media/root-rw /proc/mounts,/,benign,,1778300600.522,41965,post_context,20260508_212317_basic_enum_YrdGDI,20260508_212317_suid_exec_dns_vandalism_9o1sm3,recon,yes,0,/usr/bin/grep,/usr/bin/grep,/usr/bin/grep|/lib64/ld-linux-x86-64.so.2,0,0,1001,24834,24833,(none),132
4.045129,recon/basic_enum,suid_exec,execve,exec,98-fsck-at-rebo,/bin/sh /etc/update-motd.d/98-fsck-at-reboot,/bin/sh /etc/update-motd.d/98-fsck-at-reboot,/,benign,,1778300600.526,41966,post_context,20260508_212317_basic_enum_YrdGDI,20260508_212317_suid_exec_dns_vandalism_9o1sm3,recon,yes,0,/usr/bin/dash,/etc/update-motd.d/98-fsck-at-reboot,/etc/update-motd.d/98-fsck-at-reboot|/bin/sh|/lib64/ld-linux-x86-64.so.2,0,0,1001,24836,24795,(none),132
4.046129,recon/basic_enum,suid_exec,execve,exec,update-motd-fsc,/bin/sh /usr/lib/update-notifier/update-motd-fsck-at-reboot,/bin/sh /etc/update-motd.d/98-fsck-at-reboot,/,benign,,1778300600.527,41967,post_context,20260508_212317_basic_enum_YrdGDI,20260508_212317_suid_exec_dns_vandalism_9o1sm3,recon,yes,0,/usr/bin/dash,/usr/lib/update-notifier/update-motd-fsck-at-reboot,/usr/lib/update-notifier/update-motd-fsck-at-reboot|/bin/sh|/lib64/ld-linux-x86-64.so.2,0,0,1001,24836,24795,(none),132
4.047129,recon/basic_enum,suid_exec,execve,exec,id,id -u,id -u,/,benign,,1778300600.528,41968,post_context,20260508_212317_basic_enum_YrdGDI,20260508_212317_suid_exec_dns_vandalism_9o1sm3,recon,yes,0,/usr/bin/id,/usr/bin/id,/usr/bin/id|/lib64/ld-linux-x86-64.so.2,0,0,1001,24837,24836,(none),132
4.049129,recon/basic_enum,suid_exec,execve,exec,stat,stat -c %Y /var/lib/update-notifier/fsck-at-reboot,stat -c %Y /var/lib/update-notifier/fsck-at-reboot,/,benign,,1778300600.530,41969,post_context,20260508_212317_basic_enum_YrdGDI,20260508_212317_suid_exec_dns_vandalism_9o1sm3,recon,yes,0,/usr/bin/stat,/usr/bin/stat,/usr/bin/stat|/lib64/ld-linux-x86-64.so.2,0,0,1001,24838,24836,(none),132
4.052129,recon/basic_enum,suid_exec,execve,exec,awk,awk {print $1} /proc/uptime,awk {print $1} /proc/uptime,/,benign,,1778300600.533,41970,post_context,20260508_212317_basic_enum_YrdGDI,20260508_212317_suid_exec_dns_vandalism_9o1sm3,recon,yes,0,/usr/bin/gawk,/usr/bin/awk,/usr/bin/awk|/lib64/ld-linux-x86-64.so.2,0,0,1001,24840,24839,(none),132
4.053129,recon/basic_enum,suid_exec,execve,exec,date,date -d now - 2846.88 seconds +%s,date -d now - 2846.88 seconds +%s,/,benign,,1778300600.534,41971,post_context,20260508_212317_basic_enum_YrdGDI,20260508_212317_suid_exec_dns_vandalism_9o1sm3,recon,yes,0,/usr/bin/date,/usr/bin/date,/usr/bin/date|/lib64/ld-linux-x86-64.so.2,0,0,1001,24839,24836,(none),132
4.054129,recon/basic_enum,suid_exec,execve,exec,date,date +%s,date +%s,/,benign,,1778300600.535,41972,post_context,20260508_212317_basic_enum_YrdGDI,20260508_212317_suid_exec_dns_vandalism_9o1sm3,recon,yes,0,/usr/bin/date,/usr/bin/date,/usr/bin/date|/lib64/ld-linux-x86-64.so.2,0,0,1001,24841,24836,(none),132
4.055129,recon/basic_enum,suid_exec,execve,exec,cat,cat /var/lib/update-notifier/fsck-at-reboot,cat /var/lib/update-notifier/fsck-at-reboot,/,benign,,1778300600.536,41973,post_context,20260508_212317_basic_enum_YrdGDI,20260508_212317_suid_exec_dns_vandalism_9o1sm3,recon,yes,0,/usr/bin/cat,/usr/bin/cat,/usr/bin/cat|/lib64/ld-linux-x86-64.so.2,0,0,1001,24842,24836,(none),132
4.056129,recon/basic_enum,suid_exec,execve,exec,98-reboot-requi,/bin/sh /etc/update-motd.d/98-reboot-required,/bin/sh /etc/update-motd.d/98-reboot-required,/,benign,,1778300600.537,41974,post_context,20260508_212317_basic_enum_YrdGDI,20260508_212317_suid_exec_dns_vandalism_9o1sm3,recon,yes,0,/usr/bin/dash,/etc/update-motd.d/98-reboot-required,/etc/update-motd.d/98-reboot-required|/bin/sh|/lib64/ld-linux-x86-64.so.2,0,0,1001,24843,24795,(none),132
4.058129,recon/basic_enum,suid_exec,execve,exec,update-motd-reb,/bin/sh -e /usr/lib/update-notifier/update-motd-reboot-required,/bin/sh /etc/update-motd.d/98-reboot-required,/,benign,,1778300600.539,41975,post_context,20260508_212317_basic_enum_YrdGDI,20260508_212317_suid_exec_dns_vandalism_9o1sm3,recon,yes,0,/usr/bin/dash,/usr/lib/update-notifier/update-motd-reboot-required,/usr/lib/update-notifier/update-motd-reboot-required|/bin/sh|/lib64/ld-linux-x86-64.so.2,0,0,1001,24843,24795,(none),132
4.059129,recon/basic_enum,suid_exec,rename,file_destroy,sshd,,/usr/sbin/sshd -D -R,/,benign,,1778300600.540,41976,post_context,20260508_212317_basic_enum_YrdGDI,20260508_212317_suid_exec_dns_vandalism_9o1sm3,recon,yes,0,/usr/sbin/sshd,/run/,/run/|/run/motd.dynamic.new|/run/motd.dynamic,0,0,1001,24792,21008,(none),132
4.059129,recon/basic_enum,suid_exec,connect,network_connect,sshd,,/usr/sbin/sshd -D -R,/,benign,,1778300600.540,41977,post_context,20260508_212317_basic_enum_YrdGDI,20260508_212317_suid_exec_dns_vandalism_9o1sm3,recon,yes,0,/usr/sbin/sshd,/run/systemd/userdb/io.systemd.DynamicUser,/run/systemd/userdb/io.systemd.DynamicUser,0,0,1001,24792,21008,(none),132
4.060129,recon/basic_enum,suid_exec,connect,network_connect,sshd,,/usr/sbin/sshd -D -R,/,benign,,1778300600.541,41978,post_context,20260508_212317_basic_enum_YrdGDI,20260508_212317_suid_exec_dns_vandalism_9o1sm3,recon,yes,0,/usr/sbin/sshd,/run/systemd/userdb/io.systemd.DynamicUser,/run/systemd/userdb/io.systemd.DynamicUser,0,0,1001,24792,21008,(none),132
4.060129,recon/basic_enum,suid_exec,connect,network_connect,sshd,,/usr/sbin/sshd -D -R,/,benign,,1778300600.541,41979,post_context,20260508_212317_basic_enum_YrdGDI,20260508_212317_suid_exec_dns_vandalism_9o1sm3,recon,yes,0,/usr/sbin/sshd,/run/systemd/userdb/io.systemd.DynamicUser,/run/systemd/userdb/io.systemd.DynamicUser,0,0,1001,24792,21008,(none),132
4.061129,recon/basic_enum,suid_exec,connect,network_connect,sshd,,/usr/sbin/sshd -D -R,/,benign,,1778300600.542,41980,post_context,20260508_212317_basic_enum_YrdGDI,20260508_212317_suid_exec_dns_vandalism_9o1sm3,recon,yes,0,/usr/sbin/sshd,/run/systemd/userdb/io.systemd.DynamicUser,/run/systemd/userdb/io.systemd.DynamicUser,0,0,1001,24792,21008,(none),132
4.061129,recon/basic_enum,suid_exec,connect,network_connect,sshd,,/usr/sbin/sshd -D -R,/,benign,,1778300600.542,41981,post_context,20260508_212317_basic_enum_YrdGDI,20260508_212317_suid_exec_dns_vandalism_9o1sm3,recon,yes,0,/usr/sbin/sshd,/run/systemd/userdb/io.systemd.DynamicUser,/run/systemd/userdb/io.systemd.DynamicUser,0,0,1001,24792,21008,(none),132
4.061129,recon/basic_enum,suid_exec,,,,,,,benign,,1778300600.542,41982,post_context,20260508_212317_basic_enum_YrdGDI,20260508_212317_suid_exec_dns_vandalism_9o1sm3,recon,,,,,,,,,,,,
4.062129,recon/basic_enum,suid_exec,setgid,privilege_transition,sshd,,sshd: deploy-rkejw [priv],,benign,,1778300600.543,41983,post_context,20260508_212317_basic_enum_YrdGDI,20260508_212317_suid_exec_dns_vandalism_9o1sm3,recon,yes,0,/usr/sbin/sshd,,,0,0,1001,24844,24792,(none),132
4.062129,recon/basic_enum,suid_exec,connect,network_connect,sshd,,sshd: deploy-rkejw [priv],/,benign,,1778300600.543,41984,post_context,20260508_212317_basic_enum_YrdGDI,20260508_212317_suid_exec_dns_vandalism_9o1sm3,recon,yes,0,/usr/sbin/sshd,/run/systemd/userdb/io.systemd.DynamicUser,/run/systemd/userdb/io.systemd.DynamicUser,0,0,1001,24844,24792,(none),132
4.063129,recon/basic_enum,suid_exec,connect,network_connect,sshd,,sshd: deploy-rkejw [priv],/,benign,,1778300600.544,41985,post_context,20260508_212317_basic_enum_YrdGDI,20260508_212317_suid_exec_dns_vandalism_9o1sm3,recon,yes,0,/usr/sbin/sshd,/run/systemd/userdb/io.systemd.DynamicUser,/run/systemd/userdb/io.systemd.DynamicUser,0,0,1001,24844,24792,(none),132
4.063129,recon/basic_enum,suid_exec,126,privilege_transition,sshd,,sshd: deploy-rkejw [priv],,benign,,1778300600.544,41986,post_context,20260508_212317_basic_enum_YrdGDI,20260508_212317_suid_exec_dns_vandalism_9o1sm3,recon,yes,0,/usr/sbin/sshd,,,0,0,1001,24844,24792,(none),132
4.063129,recon/basic_enum,suid_exec,,,,,,,benign,,1778300600.544,41987,post_context,20260508_212317_basic_enum_YrdGDI,20260508_212317_suid_exec_dns_vandalism_9o1sm3,recon,,,,,,,,,,,,
4.063129,recon/basic_enum,suid_exec,setresgid,privilege_transition,sshd,,sshd: deploy-rkejw [priv],,benign,,1778300600.544,41988,post_context,20260508_212317_basic_enum_YrdGDI,20260508_212317_suid_exec_dns_vandalism_9o1sm3,recon,yes,0,/usr/sbin/sshd,,,0,0,1001,24844,24792,(none),132
4.063129,recon/basic_enum,suid_exec,setresuid,privilege_transition,sshd,,sshd: deploy-rkejw [priv],,benign,,1778300600.544,41989,post_context,20260508_212317_basic_enum_YrdGDI,20260508_212317_suid_exec_dns_vandalism_9o1sm3,recon,yes,0,/usr/sbin/sshd,,,1001,1001,1001,24844,24792,(none),132
4.063129,recon/basic_enum,suid_exec,setuid,privilege_transition,sshd,,sshd: deploy-rkejw [priv],,benign,,1778300600.544,41990,post_context,20260508_212317_basic_enum_YrdGDI,20260508_212317_suid_exec_dns_vandalism_9o1sm3,recon,no,-1,/usr/sbin/sshd,,,1001,1001,1001,24844,24792,(none),132
4.063129,recon/basic_enum,suid_exec,setresuid,privilege_transition,sshd,,sshd: deploy-rkejw [priv],,benign,,1778300600.544,41991,post_context,20260508_212317_basic_enum_YrdGDI,20260508_212317_suid_exec_dns_vandalism_9o1sm3,recon,no,-1,/usr/sbin/sshd,,,1001,1001,1001,24844,24792,(none),132
4.103129,recon/basic_enum,suid_exec,mkdir,home_activity,top,,bash ./baseline_workload.sh worker 20260509_041538,/home/analyst/baseline_workload/run_20260509_041538,benign,,1778300600.584,41992,post_context,20260508_212317_basic_enum_YrdGDI,20260508_212317_suid_exec_dns_vandalism_9o1sm3,recon,no,-17,/usr/bin/top,/home/analyst/,/home/analyst/,1000,1000,1000,24806,15400,(none),25
4.103129,recon/basic_enum,suid_exec,mkdir,home_activity,top,,bash ./baseline_workload.sh worker 20260509_041538,/home/analyst/baseline_workload/run_20260509_041538,benign,,1778300600.584,41993,post_context,20260508_212317_basic_enum_YrdGDI,20260508_212317_suid_exec_dns_vandalism_9o1sm3,recon,no,-17,/usr/bin/top,/home/analyst/.config/,/home/analyst/.config/,1000,1000,1000,24806,15400,(none),25
4.104129,recon/basic_enum,suid_exec,connect,network_connect,top,,bash ./baseline_workload.sh worker 20260509_041538,/home/analyst/baseline_workload/run_20260509_041538,benign,,1778300600.585,41994,post_context,20260508_212317_basic_enum_YrdGDI,20260508_212317_suid_exec_dns_vandalism_9o1sm3,recon,no,-2,/usr/bin/top,/var/run/nscd/socket,/var/run/nscd/socket,1000,1000,1000,24806,15400,(none),25
4.104129,recon/basic_enum,suid_exec,connect,network_connect,top,,bash ./baseline_workload.sh worker 20260509_041538,/home/analyst/baseline_workload/run_20260509_041538,benign,,1778300600.585,41995,post_context,20260508_212317_basic_enum_YrdGDI,20260508_212317_suid_exec_dns_vandalism_9o1sm3,recon,no,-2,/usr/bin/top,/var/run/nscd/socket,/var/run/nscd/socket,1000,1000,1000,24806,15400,(none),25
4.114129,recon/basic_enum,suid_exec,execve,shell_exec,bash,bash -c rm -rf -- '/dev/shm/aegis_20260508_212317_basic_enum_YrdGDI',bash -c rm -rf -- '/dev/shm/aegis_20260508_212317_basic_enum_YrdGDI',/home/deploy-rkejw,benign,,1778300600.595,41996,post_context,20260508_212317_basic_enum_YrdGDI,20260508_212317_suid_exec_dns_vandalism_9o1sm3,recon,yes,0,/usr/bin/bash,/bin/bash,/bin/bash|/lib64/ld-linux-x86-64.so.2,1001,1001,1001,24845,24844,(none),132
4.115129,recon/basic_enum,suid_exec,execve,exec,rm,rm -rf -- /dev/shm/aegis_20260508_212317_basic_enum_YrdGDI,bash -c rm -rf -- '/dev/shm/aegis_20260508_212317_basic_enum_YrdGDI',/home/deploy-rkejw,benign,,1778300600.596,41997,post_context,20260508_212317_basic_enum_YrdGDI,20260508_212317_suid_exec_dns_vandalism_9o1sm3,recon,yes,0,/usr/bin/rm,/usr/bin/rm,/usr/bin/rm|/lib64/ld-linux-x86-64.so.2,1001,1001,1001,24845,24844,(none),132
4.116129,recon/basic_enum,suid_exec,unlinkat,tmp_activity,rm,,bash -c rm -rf -- '/dev/shm/aegis_20260508_212317_basic_enum_YrdGDI',/home/deploy-rkejw,benign,,1778300600.597,41998,post_context,20260508_212317_basic_enum_YrdGDI,20260508_212317_suid_exec_dns_vandalism_9o1sm3,recon,no,-2,/usr/bin/rm,/dev/shm/,/dev/shm/,1001,1001,1001,24845,24844,(none),132
4.118129,recon/basic_enum,suid_exec,connect,network_connect,sshd,,sshd: deploy-rkejw [priv],/,benign,,1778300600.599,41999,post_context,20260508_212317_basic_enum_YrdGDI,20260508_212317_suid_exec_dns_vandalism_9o1sm3,recon,yes,0,/usr/sbin/sshd,/dev/log,/dev/log,1001,1001,1001,24844,24792,(none),132
4.118129,recon/basic_enum,suid_exec,114,privilege_transition,sshd,,/usr/sbin/sshd -D -R,,benign,,1778300600.599,42000,post_context,20260508_212317_basic_enum_YrdGDI,20260508_212317_suid_exec_dns_vandalism_9o1sm3,recon,yes,0,/usr/sbin/sshd,,,0,0,1001,24792,21008,(none),132
4.118129,recon/basic_enum,suid_exec,setresuid,privilege_transition,sshd,,/usr/sbin/sshd -D -R,,benign,,1778300600.599,42001,post_context,20260508_212317_basic_enum_YrdGDI,20260508_212317_suid_exec_dns_vandalism_9o1sm3,recon,yes,0,/usr/sbin/sshd,,,0,1001,1001,24792,21008,(none),132
4.118129,recon/basic_enum,suid_exec,113,privilege_transition,sshd,,/usr/sbin/sshd -D -R,,benign,,1778300600.599,42002,post_context,20260508_212317_basic_enum_YrdGDI,20260508_212317_suid_exec_dns_vandalism_9o1sm3,recon,yes,0,/usr/sbin/sshd,,,0,0,1001,24792,21008,(none),132
4.118129,recon/basic_enum,suid_exec,114,privilege_transition,sshd,,/usr/sbin/sshd -D -R,,benign,,1778300600.599,42003,post_context,20260508_212317_basic_enum_YrdGDI,20260508_212317_suid_exec_dns_vandalism_9o1sm3,recon,yes,0,/usr/sbin/sshd,,,0,0,1001,24792,21008,(none),132
4.118129,recon/basic_enum,suid_exec,connect,network_connect,sshd,,/usr/sbin/sshd -D -R,/,benign,,1778300600.599,42004,post_context,20260508_212317_basic_enum_YrdGDI,20260508_212317_suid_exec_dns_vandalism_9o1sm3,recon,yes,0,/usr/sbin/sshd,/run/dbus/system_bus_socket,/run/dbus/system_bus_socket,0,0,1001,24792,21008,(none),132
4.119129,recon/basic_enum,suid_exec,,,,,,,benign,,1778300600.600,42005,post_context,20260508_212317_basic_enum_YrdGDI,20260508_212317_suid_exec_dns_vandalism_9o1sm3,recon,,,,,,,,,,,,
4.119129,recon/basic_enum,suid_exec,,,,,,,benign,,1778300600.600,42006,post_context,20260508_212317_basic_enum_YrdGDI,20260508_212317_suid_exec_dns_vandalism_9o1sm3,recon,,,,,,,,,,,,
4.120129,recon/basic_enum,suid_exec,setresgid,privilege_transition,sshd,,/usr/sbin/sshd -D -R,,benign,,1778300600.601,42007,post_context,20260508_212317_basic_enum_YrdGDI,20260508_212317_suid_exec_dns_vandalism_9o1sm3,recon,yes,0,/usr/sbin/sshd,,,0,0,1001,24792,21008,(none),132
4.120129,recon/basic_enum,suid_exec,setresuid,privilege_transition,sshd,,/usr/sbin/sshd -D -R,,benign,,1778300600.601,42008,post_context,20260508_212317_basic_enum_YrdGDI,20260508_212317_suid_exec_dns_vandalism_9o1sm3,recon,yes,0,/usr/sbin/sshd,,,0,1001,1001,24792,21008,(none),132
4.120129,recon/basic_enum,suid_exec,setresuid,privilege_transition,sshd,,/usr/sbin/sshd -D -R,,benign,,1778300600.601,42009,post_context,20260508_212317_basic_enum_YrdGDI,20260508_212317_suid_exec_dns_vandalism_9o1sm3,recon,yes,0,/usr/sbin/sshd,,,0,0,1001,24792,21008,(none),132
4.120129,recon/basic_enum,suid_exec,setresgid,privilege_transition,sshd,,/usr/sbin/sshd -D -R,,benign,,1778300600.601,42010,post_context,20260508_212317_basic_enum_YrdGDI,20260508_212317_suid_exec_dns_vandalism_9o1sm3,recon,yes,0,/usr/sbin/sshd,,,0,0,1001,24792,21008,(none),132
4.210129,recon/basic_enum,suid_exec,openat,home_activity,bash,,bash ./baseline_workload.sh start,/home/analyst/baseline_workload/run_20260509_041538,benign,,1778300600.691,42011,post_context,20260508_212317_basic_enum_YrdGDI,20260508_212317_suid_exec_dns_vandalism_9o1sm3,recon,yes,3,/usr/bin/bash,logs/,logs/|logs/jobs_10.log,1000,1000,1000,15400,1,(none),25
4.210129,recon/basic_enum,suid_exec,openat,home_activity,bash,,bash ./baseline_workload.sh worker 20260509_041538,/home/analyst/baseline_workload/run_20260509_041538,benign,,1778300600.691,42012,post_context,20260508_212317_basic_enum_YrdGDI,20260508_212317_suid_exec_dns_vandalism_9o1sm3,recon,yes,3,/usr/bin/bash,logs/,logs/|logs/background_job_10.log,1000,1000,1000,24846,15400,(none),25
4.210129,recon/basic_enum,suid_exec,execve,exec,sleep,sleep 2,sleep 2,/home/analyst/baseline_workload/run_20260509_041538,benign,,1778300600.691,42013,post_context,20260508_212317_basic_enum_YrdGDI,20260508_212317_suid_exec_dns_vandalism_9o1sm3,recon,yes,0,/usr/bin/sleep,/usr/bin/sleep,/usr/bin/sleep|/lib64/ld-linux-x86-64.so.2,1000,1000,1000,24847,24846,(none),25
4.328129,recon/basic_enum,suid_exec,execve,exec,sshd,/usr/sbin/sshd -D -R,/usr/sbin/sshd -D -R,/,benign,,1778300600.809,42014,post_context,20260508_212317_basic_enum_YrdGDI,20260508_212317_suid_exec_dns_vandalism_9o1sm3,recon,yes,0,/usr/sbin/sshd,/usr/sbin/sshd,/usr/sbin/sshd|/lib64/ld-linux-x86-64.so.2,0,0,4294967295,24848,21008,(none),4294967295
4.332129,recon/basic_enum,suid_exec,connect,network_connect,sshd,,/usr/sbin/sshd -D -R,/,benign,,1778300600.813,42015,post_context,20260508_212317_basic_enum_YrdGDI,20260508_212317_suid_exec_dns_vandalism_9o1sm3,recon,no,-2,/usr/sbin/sshd,/var/run/nscd/socket,/var/run/nscd/socket,0,0,4294967295,24848,21008,(none),4294967295
4.332129,recon/basic_enum,suid_exec,connect,network_connect,sshd,,/usr/sbin/sshd -D -R,,benign,,1778300600.813,42016,post_context,20260508_212317_basic_enum_YrdGDI,20260508_212317_suid_exec_dns_vandalism_9o1sm3,recon,yes,0,/usr/sbin/sshd,,,0,0,4294967295,24848,21008,(none),4294967295
4.332129,recon/basic_enum,suid_exec,connect,network_connect,sshd,,/usr/sbin/sshd -D -R,,benign,,1778300600.813,42017,post_context,20260508_212317_basic_enum_YrdGDI,20260508_212317_suid_exec_dns_vandalism_9o1sm3,recon,yes,0,/usr/sbin/sshd,,,0,0,4294967295,24848,21008,(none),4294967295
4.332129,recon/basic_enum,suid_exec,connect,network_connect,sshd,,/usr/sbin/sshd -D -R,,benign,,1778300600.813,42018,post_context,20260508_212317_basic_enum_YrdGDI,20260508_212317_suid_exec_dns_vandalism_9o1sm3,recon,yes,0,/usr/sbin/sshd,,,0,0,4294967295,24848,21008,(none),4294967295
4.332129,recon/basic_enum,suid_exec,connect,network_connect,sshd,,/usr/sbin/sshd -D -R,/,benign,,1778300600.813,42019,post_context,20260508_212317_basic_enum_YrdGDI,20260508_212317_suid_exec_dns_vandalism_9o1sm3,recon,no,-2,/usr/sbin/sshd,/var/run/nscd/socket,/var/run/nscd/socket,0,0,4294967295,24848,21008,(none),4294967295
4.332129,recon/basic_enum,suid_exec,connect,network_connect,sshd,,/usr/sbin/sshd -D -R,/,benign,,1778300600.813,42020,post_context,20260508_212317_basic_enum_YrdGDI,20260508_212317_suid_exec_dns_vandalism_9o1sm3,recon,no,-2,/usr/sbin/sshd,/var/run/nscd/socket,/var/run/nscd/socket,0,0,4294967295,24848,21008,(none),4294967295
4.334129,recon/basic_enum,suid_exec,setresgid,privilege_transition,sshd,,sshd: [accepted],,benign,,1778300600.815,42021,post_context,20260508_212317_basic_enum_YrdGDI,20260508_212317_suid_exec_dns_vandalism_9o1sm3,recon,yes,0,/usr/sbin/sshd,,,0,0,4294967295,24849,24848,(none),4294967295
4.336129,recon/basic_enum,suid_exec,setresuid,privilege_transition,sshd,,sshd: [accepted],,benign,,1778300600.817,42022,post_context,20260508_212317_basic_enum_YrdGDI,20260508_212317_suid_exec_dns_vandalism_9o1sm3,recon,yes,0,/usr/sbin/sshd,,,109,109,4294967295,24849,24848,(none),4294967295
4.336129,recon/basic_enum,suid_exec,setgid,privilege_transition,sshd,,sshd: [accepted],,benign,,1778300600.817,42023,post_context,20260508_212317_basic_enum_YrdGDI,20260508_212317_suid_exec_dns_vandalism_9o1sm3,recon,no,-1,/usr/sbin/sshd,,,109,109,4294967295,24849,24848,(none),4294967295
4.336129,recon/basic_enum,suid_exec,setresgid,privilege_transition,sshd,,sshd: [accepted],,benign,,1778300600.817,42024,post_context,20260508_212317_basic_enum_YrdGDI,20260508_212317_suid_exec_dns_vandalism_9o1sm3,recon,no,-1,/usr/sbin/sshd,,,109,109,4294967295,24849,24848,(none),4294967295
4.336129,recon/basic_enum,suid_exec,setuid,privilege_transition,sshd,,sshd: [accepted],,benign,,1778300600.817,42025,post_context,20260508_212317_basic_enum_YrdGDI,20260508_212317_suid_exec_dns_vandalism_9o1sm3,recon,no,-1,/usr/sbin/sshd,,,109,109,4294967295,24849,24848,(none),4294967295
4.336129,recon/basic_enum,suid_exec,setresuid,privilege_transition,sshd,,sshd: [accepted],,benign,,1778300600.817,42026,post_context,20260508_212317_basic_enum_YrdGDI,20260508_212317_suid_exec_dns_vandalism_9o1sm3,recon,no,-1,/usr/sbin/sshd,,,109,109,4294967295,24849,24848,(none),4294967295
