sequence_id,segment_id,start_timestamp,end_timestamp,start_event_id,end_event_id,event_count,benign_event_count,malicious_event_count,sequence_label,y,lstm_malicious_probability,lstm_prediction,lstm_prediction_label,y_true,eval_threshold,eval_prediction,eval_prediction_label,eval_result,error_type,iforest_overlap_count,iforest_window_ids,iforest_max_anomaly_score,iforest_mean_anomaly_score,iforest_any_anomaly,iforest_overlapping_labels,iforest_anomaly_score_norm,lstm_alert,iforest_alert,or_alert,and_alert,combined_score,combined_alert,lstm_result,iforest_result,or_result,and_result,combined_result
84,20260508_211655_create_user_Tyu1u6,1778300215.52,1778300215.542,11853,11908,50,9,41,malicious,1,0.99982363,1,malicious,1,0.5,1,malicious,tp,,1,138,0.256494781502289,0.256494781502289,1,malicious,1.0,1,1,1,1,0.999876541,1,tp,tp,tp,tp,tp
86,20260508_211655_create_user_Tyu1u6,1778300215.527,1778300215.547,11874,11928,50,9,41,malicious,1,0.99981993,1,malicious,1,0.5,1,malicious,tp,,1,138,0.256494781502289,0.256494781502289,1,malicious,1.0,1,1,1,1,0.999873951,1,tp,tp,tp,tp,tp
74,20260508_211655_create_user_Tyu1u6,1778300215.468,1778300215.5,11740,11796,50,15,35,malicious,1,0.9998136,1,malicious,1,0.5,1,malicious,tp,,1,138,0.256494781502289,0.256494781502289,1,malicious,1.0,1,1,1,1,0.99986952,1,tp,tp,tp,tp,tp
2621,20260508_212404_nginx_delete_YuCbYY,1778300644.598,1778300644.618,48817,48872,50,4,46,malicious,1,0.9998084,1,malicious,1,0.5,1,malicious,tp,,1,181,0.2089982412022011,0.2089982412022011,1,malicious,0.26749283286683356,1,1,1,1,0.78011372986005,1,tp,tp,tp,tp,tp
75,20260508_211655_create_user_Tyu1u6,1778300215.47,1778300215.507,11751,11806,50,15,35,malicious,1,0.99979836,1,malicious,1,0.5,1,malicious,tp,,1,138,0.256494781502289,0.256494781502289,1,malicious,1.0,1,1,1,1,0.999858852,1,tp,tp,tp,tp,tp
94,20260508_211655_create_user_Tyu1u6,1778300215.56,1778300215.577,11965,12020,50,4,46,malicious,1,0.99979264,1,malicious,1,0.5,1,malicious,tp,,1,138,0.256494781502289,0.256494781502289,1,malicious,1.0,1,1,1,1,0.999854848,1,tp,tp,tp,tp,tp
73,20260508_211655_create_user_Tyu1u6,1778300215.464,1778300215.499,11730,11786,50,15,35,malicious,1,0.99978286,1,malicious,1,0.5,1,malicious,tp,,1,138,0.256494781502289,0.256494781502289,1,malicious,1.0,1,1,1,1,0.999848002,1,tp,tp,tp,tp,tp
2623,20260508_212404_nginx_delete_YuCbYY,1778300644.6,1778300644.62,48837,48892,50,4,46,malicious,1,0.99978095,1,malicious,1,0.5,1,malicious,tp,,1,181,0.2089982412022011,0.2089982412022011,1,malicious,0.26749283286683356,1,1,1,1,0.78009451486005,1,tp,tp,tp,tp,tp
91,20260508_211655_create_user_Tyu1u6,1778300215.547,1778300215.564,11929,11984,50,4,46,malicious,1,0.99975544,1,malicious,1,0.5,1,malicious,tp,,1,138,0.256494781502289,0.256494781502289,1,malicious,1.0,1,1,1,1,0.9998288080000001,1,tp,tp,tp,tp,tp
96,20260508_211655_create_user_Tyu1u6,1778300215.564,1778300215.583,11986,12041,50,4,46,malicious,1,0.99975246,1,malicious,1,0.5,1,malicious,tp,,1,138,0.256494781502289,0.256494781502289,1,malicious,1.0,1,1,1,1,0.999826722,1,tp,tp,tp,tp,tp
95,20260508_211655_create_user_Tyu1u6,1778300215.564,1778300215.582,11975,12030,50,4,46,malicious,1,0.9997453,1,malicious,1,0.5,1,malicious,tp,,1,138,0.256494781502289,0.256494781502289,1,malicious,1.0,1,1,1,1,0.99982171,1,tp,tp,tp,tp,tp
81,20260508_211655_create_user_Tyu1u6,1778300215.508,1778300215.527,11818,11873,50,7,43,malicious,1,0.99974316,1,malicious,1,0.5,1,malicious,tp,,1,138,0.256494781502289,0.256494781502289,1,malicious,1.0,1,1,1,1,0.9998202119999999,1,tp,tp,tp,tp,tp
85,20260508_211655_create_user_Tyu1u6,1778300215.526,1778300215.547,11863,11918,50,9,41,malicious,1,0.9997427,1,malicious,1,0.5,1,malicious,tp,,1,138,0.256494781502289,0.256494781502289,1,malicious,1.0,1,1,1,1,0.99981989,1,tp,tp,tp,tp,tp
2622,20260508_212404_nginx_delete_YuCbYY,1778300644.599,1778300644.619,48827,48882,50,4,46,malicious,1,0.99971825,1,malicious,1,0.5,1,malicious,tp,,1,181,0.2089982412022011,0.2089982412022011,1,malicious,0.26749283286683356,1,1,1,1,0.7800506248600501,1,tp,tp,tp,tp,tp
93,20260508_211655_create_user_Tyu1u6,1778300215.559,1778300215.577,11955,12010,50,4,46,malicious,1,0.9996896,1,malicious,1,0.5,1,malicious,tp,,1,138,0.256494781502289,0.256494781502289,1,malicious,1.0,1,1,1,1,0.99978272,1,tp,tp,tp,tp,tp
2628,20260508_212404_nginx_delete_YuCbYY,1778300644.62,1778300644.641,48893,48948,50,4,46,malicious,1,0.9996773,1,malicious,1,0.5,1,malicious,tp,,1,181,0.2089982412022011,0.2089982412022011,1,malicious,0.26749283286683356,1,1,1,1,0.7800219598600501,1,tp,tp,tp,tp,tp
2620,20260508_212404_nginx_delete_YuCbYY,1778300644.597,1778300644.617,48807,48862,50,4,46,malicious,1,0.99964035,1,malicious,1,0.5,1,malicious,tp,,1,181,0.2089982412022011,0.2089982412022011,1,malicious,0.26749283286683356,1,1,1,1,0.77999609486005,1,tp,tp,tp,tp,tp
89,20260508_211655_create_user_Tyu1u6,1778300215.542,1778300215.559,11909,11964,50,4,46,malicious,1,0.9996189,1,malicious,1,0.5,1,malicious,tp,,1,138,0.256494781502289,0.256494781502289,1,malicious,1.0,1,1,1,1,0.99973323,1,tp,tp,tp,tp,tp
2422,20260508_212327_dns_tamper_i0Hbez,1778300609.262,1778300609.319,45890,45941,50,31,19,malicious,1,0.9996068,1,malicious,1,0.5,1,malicious,tp,,1,177,0.2221588938636143,0.2221588938636143,1,malicious,0.47046071932187095,1,1,1,1,0.8408629757965612,1,tp,tp,tp,tp,tp
80,20260508_211655_create_user_Tyu1u6,1778300215.507,1778300215.526,11807,11862,50,7,43,malicious,1,0.9995931,1,malicious,1,0.5,1,malicious,tp,,1,138,0.256494781502289,0.256494781502289,1,malicious,1.0,1,1,1,1,0.99971517,1,tp,tp,tp,tp,tp
79,20260508_211655_create_user_Tyu1u6,1778300215.5,1778300215.52,11797,11852,50,7,43,malicious,1,0.99957865,1,malicious,1,0.5,1,malicious,tp,,1,138,0.256494781502289,0.256494781502289,1,malicious,1.0,1,1,1,1,0.9997050550000001,1,tp,tp,tp,tp,tp
83,20260508_211655_create_user_Tyu1u6,1778300215.52,1778300215.541,11843,11898,50,9,41,malicious,1,0.999574,1,malicious,1,0.5,1,malicious,tp,,1,138,0.256494781502289,0.256494781502289,1,malicious,1.0,1,1,1,1,0.9997018,1,tp,tp,tp,tp,tp
1959,20260508_212317_basic_enum_YrdGDI,1778300598.595,1778300598.683,40887,40938,50,36,14,malicious,1,0.99956685,1,malicious,1,0.5,1,malicious,tp,,1,176,0.2160294663398068,0.2160294663398068,1,malicious,0.3759306848552558,1,1,1,1,0.8124760004565768,1,tp,tp,tp,tp,tp
2624,20260508_212404_nginx_delete_YuCbYY,1778300644.603,1778300644.624,48851,48906,50,5,45,malicious,1,0.999546,1,malicious,1,0.5,1,malicious,tp,,1,181,0.2089982412022011,0.2089982412022011,1,malicious,0.26749283286683356,1,1,1,1,0.7799300498600501,1,tp,tp,tp,tp,tp
2461,20260508_212327_dns_tamper_i0Hbez,1778300610.117,1778300610.197,46305,46356,50,41,9,malicious,1,0.99954337,1,malicious,1,0.5,1,malicious,tp,,1,177,0.2221588938636143,0.2221588938636143,1,malicious,0.47046071932187095,1,1,1,1,0.8408185747965613,1,tp,tp,tp,tp,tp
2402,20260508_212327_dns_tamper_i0Hbez,1778300608.843,1778300608.932,45679,45732,50,36,14,malicious,1,0.9995167,1,malicious,1,0.5,1,malicious,tp,,1,177,0.2221588938636143,0.2221588938636143,1,malicious,0.47046071932187095,1,1,1,1,0.8407999057965613,1,tp,tp,tp,tp,tp
1974,20260508_212317_basic_enum_YrdGDI,1778300598.901,1778300598.994,41046,41097,50,39,11,malicious,1,0.99949574,1,malicious,1,0.5,1,malicious,tp,,1,176,0.2160294663398068,0.2160294663398068,1,malicious,0.3759306848552558,1,1,1,1,0.8124262234565767,1,tp,tp,tp,tp,tp
2030,20260508_212317_basic_enum_YrdGDI,1778300599.888,1778300599.973,41633,41686,50,41,9,malicious,1,0.99948055,1,malicious,1,0.5,1,malicious,tp,,1,176,0.2160294663398068,0.2160294663398068,1,malicious,0.3759306848552558,1,1,1,1,0.8124155904565769,1,tp,tp,tp,tp,tp
2401,20260508_212327_dns_tamper_i0Hbez,1778300608.833,1778300608.928,45669,45720,50,38,12,malicious,1,0.99947613,1,malicious,1,0.5,1,malicious,tp,,1,177,0.2221588938636143,0.2221588938636143,1,malicious,0.47046071932187095,1,1,1,1,0.8407715067965612,1,tp,tp,tp,tp,tp
90,20260508_211655_create_user_Tyu1u6,1778300215.547,1778300215.564,11919,11974,50,4,46,malicious,1,0.9994506,1,malicious,1,0.5,1,malicious,tp,,1,138,0.256494781502289,0.256494781502289,1,malicious,1.0,1,1,1,1,0.99961542,1,tp,tp,tp,tp,tp
2417,20260508_212327_dns_tamper_i0Hbez,1778300609.162,1778300609.262,45838,45889,50,33,17,malicious,1,0.99941623,1,malicious,1,0.5,1,malicious,tp,,1,177,0.2221588938636143,0.2221588938636143,1,malicious,0.47046071932187095,1,1,1,1,0.8407295767965612,1,tp,tp,tp,tp,tp
101,20260508_211655_create_user_Tyu1u6,1778300215.583,1778300215.616,12042,12098,50,32,18,malicious,1,0.99941456,1,malicious,1,0.5,1,malicious,tp,,1,138,0.256494781502289,0.256494781502289,1,malicious,1.0,1,1,1,1,0.999590192,1,tp,tp,tp,tp,tp
1975,20260508_212317_basic_enum_YrdGDI,1778300598.909,1778300598.998,41056,41107,50,38,12,malicious,1,0.9994085,1,malicious,1,0.5,1,malicious,tp,,1,176,0.2160294663398068,0.2160294663398068,1,malicious,0.3759306848552558,1,1,1,1,0.8123651554565767,1,tp,tp,tp,tp,tp
78,20260508_211655_create_user_Tyu1u6,1778300215.499,1778300215.52,11787,11842,50,7,43,malicious,1,0.9993876,1,malicious,1,0.5,1,malicious,tp,,1,138,0.256494781502289,0.256494781502289,1,malicious,1.0,1,1,1,1,0.99957132,1,tp,tp,tp,tp,tp
2629,20260508_212404_nginx_delete_YuCbYY,1778300644.626,1778300644.641,48907,48958,50,3,47,malicious,1,0.99938595,1,malicious,1,0.5,1,malicious,tp,,1,181,0.2089982412022011,0.2089982412022011,1,malicious,0.26749283286683356,1,1,1,1,0.77981801486005,1,tp,tp,tp,tp,tp
76,20260508_211655_create_user_Tyu1u6,1778300215.474,1778300215.508,11764,11817,50,14,36,malicious,1,0.9993826,1,malicious,1,0.5,1,malicious,tp,,1,138,0.256494781502289,0.256494781502289,1,malicious,1.0,1,1,1,1,0.99956782,1,tp,tp,tp,tp,tp
100,20260508_211655_create_user_Tyu1u6,1778300215.582,1778300215.611,12031,12088,50,22,28,malicious,1,0.9993703,1,malicious,1,0.5,1,malicious,tp,,1,138,0.256494781502289,0.256494781502289,1,malicious,1.0,1,1,1,1,0.99955921,1,tp,tp,tp,tp,tp
92,20260508_211655_create_user_Tyu1u6,1778300215.549,1778300215.566,11943,11998,50,4,46,malicious,1,0.9993622,1,malicious,1,0.5,1,malicious,tp,,1,138,0.256494781502289,0.256494781502289,1,malicious,1.0,1,1,1,1,0.99955354,1,tp,tp,tp,tp,tp
2423,20260508_212327_dns_tamper_i0Hbez,1778300609.277,1778300609.338,45900,45951,50,34,16,malicious,1,0.99935573,1,malicious,1,0.5,1,malicious,tp,,1,177,0.2221588938636143,0.2221588938636143,1,malicious,0.47046071932187095,1,1,1,1,0.8406872267965613,1,tp,tp,tp,tp,tp
2421,20260508_212327_dns_tamper_i0Hbez,1778300609.257,1778300609.313,45880,45929,50,27,23,malicious,1,0.99934953,1,malicious,1,0.5,1,malicious,tp,,1,177,0.2221588938636143,0.2221588938636143,1,malicious,0.47046071932187095,1,1,1,1,0.8406828867965612,1,tp,tp,tp,tp,tp
2627,20260508_212404_nginx_delete_YuCbYY,1778300644.619,1778300644.64,48883,48938,50,4,46,malicious,1,0.9993374,1,malicious,1,0.5,1,malicious,tp,,1,181,0.2089982412022011,0.2089982412022011,1,malicious,0.26749283286683356,1,1,1,1,0.77978402986005,1,tp,tp,tp,tp,tp
2420,20260508_212327_dns_tamper_i0Hbez,1778300609.246,1778300609.301,45870,45919,50,32,18,malicious,1,0.99932015,1,malicious,1,0.5,1,malicious,tp,,1,177,0.2221588938636143,0.2221588938636143,1,malicious,0.47046071932187095,1,1,1,1,0.8406623207965612,1,tp,tp,tp,tp,tp
2632,20260508_212404_nginx_delete_YuCbYY,1778300644.64,1778300644.659,48939,48996,50,13,37,malicious,1,0.9993092,1,malicious,1,0.5,1,malicious,tp,,1,181,0.2089982412022011,0.2089982412022011,1,malicious,0.26749283286683356,1,1,1,1,0.7797642898600501,1,tp,tp,tp,tp,tp
2419,20260508_212327_dns_tamper_i0Hbez,1778300609.229,1778300609.29,45860,45909,50,30,20,malicious,1,0.99930143,1,malicious,1,0.5,1,malicious,tp,,1,177,0.2221588938636143,0.2221588938636143,1,malicious,0.47046071932187095,1,1,1,1,0.8406492167965612,1,tp,tp,tp,tp,tp
2424,20260508_212327_dns_tamper_i0Hbez,1778300609.291,1778300609.441,45910,45961,50,36,14,malicious,1,0.9992613,1,malicious,1,0.5,1,malicious,tp,,1,177,0.2221588938636143,0.2221588938636143,1,malicious,0.47046071932187095,1,1,1,1,0.8406211257965612,1,tp,tp,tp,tp,tp
2418,20260508_212327_dns_tamper_i0Hbez,1778300609.169,1778300609.276,45849,45899,50,30,20,malicious,1,0.99925846,1,malicious,1,0.5,1,malicious,tp,,1,177,0.2221588938636143,0.2221588938636143,1,malicious,0.47046071932187095,1,1,1,1,0.8406191377965612,1,tp,tp,tp,tp,tp
2403,20260508_212327_dns_tamper_i0Hbez,1778300608.855,1778300608.95,45689,45742,50,36,14,malicious,1,0.99922705,1,malicious,1,0.5,1,malicious,tp,,1,177,0.2221588938636143,0.2221588938636143,1,malicious,0.47046071932187095,1,1,1,1,0.8405971507965613,1,tp,tp,tp,tp,tp
99,20260508_211655_create_user_Tyu1u6,1778300215.577,1778300215.598,12021,12076,50,12,38,malicious,1,0.9991221,1,malicious,1,0.5,1,malicious,tp,,1,138,0.256494781502289,0.256494781502289,1,malicious,1.0,1,1,1,1,0.99938547,1,tp,tp,tp,tp,tp
2416,20260508_212327_dns_tamper_i0Hbez,1778300609.152,1778300609.255,45828,45879,50,39,11,malicious,1,0.9990282,1,malicious,1,0.5,1,malicious,tp,,1,177,0.2221588938636143,0.2221588938636143,1,malicious,0.47046071932187095,1,1,1,1,0.8404579557965612,1,tp,tp,tp,tp,tp
1973,20260508_212317_basic_enum_YrdGDI,1778300598.893,1778300598.99,41036,41087,50,39,11,malicious,1,0.99901545,1,malicious,1,0.5,1,malicious,tp,,1,176,0.2160294663398068,0.2160294663398068,1,malicious,0.3759306848552558,1,1,1,1,0.8120900204565769,1,tp,tp,tp,tp,tp
88,20260508_211655_create_user_Tyu1u6,1778300215.541,1778300215.559,11899,11954,50,4,46,malicious,1,0.99892235,1,malicious,1,0.5,1,malicious,tp,,1,138,0.256494781502289,0.256494781502289,1,malicious,1.0,1,1,1,1,0.999245645,1,tp,tp,tp,tp,tp
1962,20260508_212317_basic_enum_YrdGDI,1778300598.615,1778300598.803,40919,40970,50,36,14,malicious,1,0.99890745,1,malicious,1,0.5,1,malicious,tp,,1,176,0.2160294663398068,0.2160294663398068,1,malicious,0.3759306848552558,1,1,1,1,0.8120144204565767,1,tp,tp,tp,tp,tp
2404,20260508_212327_dns_tamper_i0Hbez,1778300608.862,1778300609.056,45700,45752,50,36,14,malicious,1,0.9988702,1,malicious,1,0.5,1,malicious,tp,,1,177,0.2221588938636143,0.2221588938636143,1,malicious,0.47046071932187095,1,1,1,1,0.8403473557965613,1,tp,tp,tp,tp,tp
1989,20260508_212317_basic_enum_YrdGDI,1778300599.081,1778300599.223,41198,41250,50,44,6,malicious,1,0.9988288,1,malicious,1,0.5,1,malicious,tp,,1,176,0.2160294663398068,0.2160294663398068,1,malicious,0.3759306848552558,1,1,1,1,0.8119593654565767,1,tp,tp,tp,tp,tp
97,20260508_211655_create_user_Tyu1u6,1778300215.567,1778300215.585,11999,12054,50,5,45,malicious,1,0.99879336,1,malicious,1,0.5,1,malicious,tp,,1,138,0.256494781502289,0.256494781502289,1,malicious,1.0,1,1,1,1,0.9991553519999999,1,tp,tp,tp,tp,tp
2463,20260508_212327_dns_tamper_i0Hbez,1778300610.141,1778300610.218,46325,46378,50,41,9,malicious,1,0.99872917,1,malicious,1,0.5,1,malicious,tp,,1,177,0.2221588938636143,0.2221588938636143,1,malicious,0.47046071932187095,1,1,1,1,0.8402486347965613,1,tp,tp,tp,tp,tp
1960,20260508_212317_basic_enum_YrdGDI,1778300598.602,1778300598.699,40897,40950,50,36,14,malicious,1,0.99858105,1,malicious,1,0.5,1,malicious,tp,,1,176,0.2160294663398068,0.2160294663398068,1,malicious,0.3759306848552558,1,1,1,1,0.8117859404565768,1,tp,tp,tp,tp,tp
52,20260508_211655_create_user_Tyu1u6,1778300215.385,1778300215.411,11505,11560,50,40,10,malicious,1,0.99855524,1,malicious,1,0.5,1,malicious,tp,,1,138,0.256494781502289,0.256494781502289,1,malicious,1.0,1,1,1,1,0.998988668,1,tp,tp,tp,tp,tp
2462,20260508_212327_dns_tamper_i0Hbez,1778300610.126,1778300610.215,46315,46368,50,41,9,malicious,1,0.9985385,1,malicious,1,0.5,1,malicious,tp,,1,177,0.2221588938636143,0.2221588938636143,1,malicious,0.47046071932187095,1,1,1,1,0.8401151657965612,1,tp,tp,tp,tp,tp
72,20260508_211655_create_user_Tyu1u6,1778300215.464,1778300215.493,11720,11773,50,11,39,malicious,1,0.9985191,1,malicious,1,0.5,1,malicious,tp,,1,138,0.256494781502289,0.256494781502289,1,malicious,1.0,1,1,1,1,0.99896337,1,tp,tp,tp,tp,tp
2630,20260508_212404_nginx_delete_YuCbYY,1778300644.632,1778300644.644,48917,48968,50,1,49,malicious,1,0.9985061,1,malicious,1,0.5,1,malicious,tp,,1,181,0.2089982412022011,0.2089982412022011,1,malicious,0.26749283286683356,1,1,1,1,0.77920211986005,1,tp,tp,tp,tp,tp
2633,20260508_212404_nginx_delete_YuCbYY,1778300644.641,1778300644.676,48949,49006,50,23,27,malicious,1,0.9984786,1,malicious,1,0.5,1,malicious,tp,,1,181,0.2089982412022011,0.2089982412022011,1,malicious,0.26749283286683356,1,1,1,1,0.77918286986005,1,tp,tp,tp,tp,tp
2415,20260508_212327_dns_tamper_i0Hbez,1778300609.143,1778300609.244,45818,45869,50,39,11,malicious,1,0.998417,1,malicious,1,0.5,1,malicious,tp,,1,177,0.2221588938636143,0.2221588938636143,1,malicious,0.47046071932187095,1,1,1,1,0.8400301157965613,1,tp,tp,tp,tp,tp
1958,20260508_212317_basic_enum_YrdGDI,1778300598.585,1778300598.68,40877,40928,50,41,9,malicious,1,0.99834216,1,malicious,1,0.5,1,malicious,tp,,1,176,0.2160294663398068,0.2160294663398068,1,malicious,0.3759306848552558,1,1,1,1,0.8116187174565768,1,tp,tp,tp,tp,tp
2405,20260508_212327_dns_tamper_i0Hbez,1778300608.915,1778300609.062,45711,45763,50,38,12,malicious,1,0.9982729,1,malicious,1,0.5,1,malicious,tp,,1,177,0.2221588938636143,0.2221588938636143,1,malicious,0.47046071932187095,1,1,1,1,0.8399292457965613,1,tp,tp,tp,tp,tp
1986,20260508_212317_basic_enum_YrdGDI,1778300599.056,1778300599.098,41168,41219,50,21,29,malicious,1,0.9982023,1,malicious,1,0.5,1,malicious,tp,,1,176,0.2160294663398068,0.2160294663398068,1,malicious,0.3759306848552558,1,1,1,1,0.8115208154565767,1,tp,tp,tp,tp,tp
2033,20260508_212317_basic_enum_YrdGDI,1778300599.912,1778300600.098,41665,41717,50,41,9,malicious,1,0.99813145,1,malicious,1,0.5,1,malicious,tp,,1,176,0.2160294663398068,0.2160294663398068,1,malicious,0.3759306848552558,1,1,1,1,0.8114712204565768,1,tp,tp,tp,tp,tp
2635,20260508_212404_nginx_delete_YuCbYY,1778300644.644,1778300644.785,48969,49027,50,43,7,malicious,1,0.9979558,1,malicious,1,0.5,1,malicious,tp,,1,181,0.2089982412022011,0.2089982412022011,1,malicious,0.26749283286683356,1,1,1,1,0.77881690986005,1,tp,tp,tp,tp,tp
2032,20260508_212317_basic_enum_YrdGDI,1778300599.907,1778300600.092,41653,41706,50,41,9,malicious,1,0.99786466,1,malicious,1,0.5,1,malicious,tp,,1,176,0.2160294663398068,0.2160294663398068,1,malicious,0.3759306848552558,1,1,1,1,0.8112844674565767,1,tp,tp,tp,tp,tp
2425,20260508_212327_dns_tamper_i0Hbez,1778300609.302,1778300609.446,45920,45972,50,43,7,malicious,1,0.9976615,1,malicious,1,0.5,1,malicious,tp,,1,177,0.2221588938636143,0.2221588938636143,1,malicious,0.47046071932187095,1,1,1,1,0.8395012657965613,1,tp,tp,tp,tp,tp
2031,20260508_212317_basic_enum_YrdGDI,1778300599.896,1778300599.989,41643,41696,50,41,9,malicious,1,0.997177,1,malicious,1,0.5,1,malicious,tp,,1,176,0.2160294663398068,0.2160294663398068,1,malicious,0.3759306848552558,1,1,1,1,0.8108031054565767,1,tp,tp,tp,tp,tp
53,20260508_211655_create_user_Tyu1u6,1778300215.385,1778300215.411,11515,11570,50,30,20,malicious,1,0.99714833,1,malicious,1,0.5,1,malicious,tp,,1,138,0.256494781502289,0.256494781502289,1,malicious,1.0,1,1,1,1,0.998003831,1,tp,tp,tp,tp,tp
2634,20260508_212404_nginx_delete_YuCbYY,1778300644.641,1778300644.778,48959,49016,50,33,17,malicious,1,0.9967964,1,malicious,1,0.5,1,malicious,tp,,1,181,0.2089982412022011,0.2089982412022011,1,malicious,0.26749283286683356,1,1,1,1,0.77800532986005,1,tp,tp,tp,tp,tp
1961,20260508_212317_basic_enum_YrdGDI,1778300598.612,1778300598.803,40907,40960,50,36,14,malicious,1,0.9966899,1,malicious,1,0.5,1,malicious,tp,,1,176,0.2160294663398068,0.2160294663398068,1,malicious,0.3759306848552558,1,1,1,1,0.8104621354565766,1,tp,tp,tp,tp,tp
54,20260508_211655_create_user_Tyu1u6,1778300215.387,1778300215.415,11529,11580,50,20,30,malicious,1,0.99657,1,malicious,1,0.5,1,malicious,tp,,1,138,0.256494781502289,0.256494781502289,1,malicious,1.0,1,1,1,1,0.997599,1,tp,tp,tp,tp,tp
98,20260508_211655_create_user_Tyu1u6,1778300215.577,1778300215.591,12011,12066,50,3,47,malicious,1,0.9957048,1,malicious,1,0.5,1,malicious,tp,,1,138,0.256494781502289,0.256494781502289,1,malicious,1.0,1,1,1,1,0.9969933599999999,1,tp,tp,tp,tp,tp
2029,20260508_212317_basic_enum_YrdGDI,1778300599.874,1778300599.969,41623,41674,50,44,6,malicious,1,0.99489284,1,malicious,1,0.5,1,malicious,tp,,1,176,0.2160294663398068,0.2160294663398068,1,malicious,0.3759306848552558,1,1,1,1,0.8092041934565768,1,tp,tp,tp,tp,tp
2631,20260508_212404_nginx_delete_YuCbYY,1778300644.635,1778300644.652,48927,48982,50,4,46,malicious,1,0.9945656,1,malicious,1,0.5,1,malicious,tp,,1,181,0.2089982412022011,0.2089982412022011,1,malicious,0.26749283286683356,1,1,1,1,0.77644376986005,1,tp,tp,tp,tp,tp
2464,20260508_212327_dns_tamper_i0Hbez,1778300610.147,1778300610.32,46336,46388,50,41,9,malicious,1,0.9938466,1,malicious,1,0.5,1,malicious,tp,,1,177,0.2221588938636143,0.2221588938636143,1,malicious,0.47046071932187095,1,1,1,1,0.8368308357965613,1,tp,tp,tp,tp,tp
2625,20260508_212404_nginx_delete_YuCbYY,1778300644.617,1778300644.632,48863,48916,50,3,47,malicious,1,0.99314827,1,malicious,1,0.5,1,malicious,tp,,1,181,0.2089982412022011,0.2089982412022011,1,malicious,0.26749283286683356,1,1,1,1,0.7754516388600501,1,tp,tp,tp,tp,tp
56,20260508_211655_create_user_Tyu1u6,1778300215.408,1778300215.428,11551,11604,50,3,47,malicious,1,0.9928746,1,malicious,1,0.5,1,malicious,tp,,1,138,0.256494781502289,0.256494781502289,1,malicious,1.0,1,1,1,1,0.99501222,1,tp,tp,tp,tp,tp
1972,20260508_212317_basic_enum_YrdGDI,1778300598.883,1778300598.978,41026,41077,50,41,9,malicious,1,0.9927267,1,malicious,1,0.5,1,malicious,tp,,1,176,0.2160294663398068,0.2160294663398068,1,malicious,0.3759306848552558,1,1,1,1,0.8076878954565767,1,tp,tp,tp,tp,tp
1976,20260508_212317_basic_enum_YrdGDI,1778300598.912,1778300599.003,41068,41117,50,28,22,malicious,1,0.991204,1,malicious,1,0.5,1,malicious,tp,,1,176,0.2160294663398068,0.2160294663398068,1,malicious,0.3759306848552558,1,1,1,1,0.8066220054565767,1,tp,tp,tp,tp,tp
1985,20260508_212317_basic_enum_YrdGDI,1778300599.047,1778300599.094,41158,41207,50,14,36,malicious,1,0.99057686,1,malicious,1,0.5,1,malicious,tp,,1,176,0.2160294663398068,0.2160294663398068,1,malicious,0.3759306848552558,1,1,1,1,0.8061830074565768,1,tp,tp,tp,tp,tp
2465,20260508_212327_dns_tamper_i0Hbez,1778300610.194,1778300610.325,46347,46399,50,43,7,malicious,1,0.986624,1,malicious,1,0.5,1,malicious,tp,,1,177,0.2221588938636143,0.2221588938636143,1,malicious,0.47046071932187095,1,1,1,1,0.8317750157965612,1,tp,tp,tp,tp,tp
82,20260508_211655_create_user_Tyu1u6,1778300215.514,1778300215.532,11831,11886,50,7,43,malicious,1,0.985352,1,malicious,1,0.5,1,malicious,tp,,1,138,0.256494781502289,0.256494781502289,1,malicious,1.0,1,1,1,1,0.9897464,1,tp,tp,tp,tp,tp
1977,20260508_212317_basic_enum_YrdGDI,1778300598.979,1778300599.013,41078,41127,50,28,22,malicious,1,0.984689,1,malicious,1,0.5,1,malicious,tp,,1,176,0.2160294663398068,0.2160294663398068,1,malicious,0.3759306848552558,1,1,1,1,0.8020615054565767,1,tp,tp,tp,tp,tp
1978,20260508_212317_basic_enum_YrdGDI,1778300598.991,1778300599.025,41088,41137,50,23,27,malicious,1,0.9834229,1,malicious,1,0.5,1,malicious,tp,,1,176,0.2160294663398068,0.2160294663398068,1,malicious,0.3759306848552558,1,1,1,1,0.8011752354565767,1,tp,tp,tp,tp,tp
77,20260508_211655_create_user_Tyu1u6,1778300215.493,1778300215.514,11774,11830,50,7,43,malicious,1,0.9809043,1,malicious,1,0.5,1,malicious,tp,,1,138,0.256494781502289,0.256494781502289,1,malicious,1.0,1,1,1,1,0.9866330099999999,1,tp,tp,tp,tp,tp
57,20260508_211655_create_user_Tyu1u6,1778300215.411,1778300215.431,11561,11614,50,3,47,malicious,1,0.98070097,1,malicious,1,0.5,1,malicious,tp,,1,138,0.256494781502289,0.256494781502289,1,malicious,1.0,1,1,1,1,0.986490679,1,tp,tp,tp,tp,tp
87,20260508_211655_create_user_Tyu1u6,1778300215.533,1778300215.549,11887,11942,50,6,44,malicious,1,0.9805649,1,malicious,1,0.5,1,malicious,tp,,1,138,0.256494781502289,0.256494781502289,1,malicious,1.0,1,1,1,1,0.98639543,1,tp,tp,tp,tp,tp
65,20260508_211655_create_user_Tyu1u6,1778300215.441,1778300215.457,11647,11696,50,0,50,malicious,1,0.9801328,1,malicious,1,0.5,1,malicious,tp,,1,138,0.256494781502289,0.256494781502289,1,malicious,1.0,1,1,1,1,0.98609296,1,tp,tp,tp,tp,tp
2626,20260508_212404_nginx_delete_YuCbYY,1778300644.618,1778300644.635,48873,48926,50,3,47,malicious,1,0.9797417,1,malicious,1,0.5,1,malicious,tp,,1,181,0.2089982412022011,0.2089982412022011,1,malicious,0.26749283286683356,1,1,1,1,0.7660670398600501,1,tp,tp,tp,tp,tp
55,20260508_211655_create_user_Tyu1u6,1778300215.398,1778300215.416,11541,11592,50,10,40,malicious,1,0.97718906,1,malicious,1,0.5,1,malicious,tp,,1,138,0.256494781502289,0.256494781502289,1,malicious,1.0,1,1,1,1,0.984032342,1,tp,tp,tp,tp,tp
1979,20260508_212317_basic_enum_YrdGDI,1778300598.995,1778300599.035,41098,41147,50,16,34,malicious,1,0.97464705,1,malicious,1,0.5,1,malicious,tp,,1,176,0.2160294663398068,0.2160294663398068,1,malicious,0.3759306848552558,1,1,1,1,0.7950321404565768,1,tp,tp,tp,tp,tp
2619,20260508_212404_nginx_delete_YuCbYY,1778300644.59,1778300644.603,48791,48850,50,9,41,malicious,1,0.97402704,1,malicious,1,0.5,1,malicious,tp,,1,181,0.2089982412022011,0.2089982412022011,1,malicious,0.26749283286683356,1,1,1,1,0.76206677786005,1,tp,tp,tp,tp,tp
58,20260508_211655_create_user_Tyu1u6,1778300215.414,1778300215.434,11571,11624,50,3,47,malicious,1,0.9376879,1,malicious,1,0.5,1,malicious,tp,,1,138,0.256494781502289,0.256494781502289,1,malicious,1.0,1,1,1,1,0.95638153,1,tp,tp,tp,tp,tp
1983,20260508_212317_basic_enum_YrdGDI,1778300599.026,1778300599.074,41138,41187,50,14,36,malicious,1,0.920206,1,malicious,1,0.5,1,malicious,tp,,1,176,0.2160294663398068,0.2160294663398068,1,malicious,0.3759306848552558,1,1,1,1,0.7569234054565768,1,tp,tp,tp,tp,tp
59,20260508_211655_create_user_Tyu1u6,1778300215.415,1778300215.438,11581,11634,50,3,47,malicious,1,0.90889376,1,malicious,1,0.5,1,malicious,tp,,1,138,0.256494781502289,0.256494781502289,1,malicious,1.0,1,1,1,1,0.936225632,1,tp,tp,tp,tp,tp
1987,20260508_212317_basic_enum_YrdGDI,1778300599.067,1778300599.117,41178,41229,50,28,22,malicious,1,0.90524554,1,malicious,1,0.5,1,malicious,tp,,1,176,0.2160294663398068,0.2160294663398068,1,malicious,0.3759306848552558,1,1,1,1,0.7464510834565767,1,tp,tp,tp,tp,tp
1982,20260508_212317_basic_enum_YrdGDI,1778300599.015,1778300599.066,41128,41177,50,15,35,malicious,1,0.8721631,1,malicious,1,0.5,1,malicious,tp,,1,176,0.2160294663398068,0.2160294663398068,1,malicious,0.3759306848552558,1,1,1,1,0.7232933754565767,1,tp,tp,tp,tp,tp
1981,20260508_212317_basic_enum_YrdGDI,1778300599.004,1778300599.054,41118,41167,50,13,37,malicious,1,0.86555916,1,malicious,1,0.5,1,malicious,tp,,1,176,0.2160294663398068,0.2160294663398068,1,malicious,0.3759306848552558,1,1,1,1,0.7186706174565767,1,tp,tp,tp,tp,tp
1980,20260508_212317_basic_enum_YrdGDI,1778300599.0,1778300599.046,41108,41157,50,10,40,malicious,1,0.8601758,1,malicious,1,0.5,1,malicious,tp,,1,176,0.2160294663398068,0.2160294663398068,1,malicious,0.3759306848552558,1,1,1,1,0.7149022654565769,1,tp,tp,tp,tp,tp
1988,20260508_212317_basic_enum_YrdGDI,1778300599.074,1778300599.216,41188,41239,50,36,14,malicious,1,0.8221427,1,malicious,1,0.5,1,malicious,tp,,1,176,0.2160294663398068,0.2160294663398068,1,malicious,0.3759306848552558,1,1,1,1,0.6882790954565767,1,tp,tp,tp,tp,tp
2615,20260508_212404_nginx_delete_YuCbYY,1778300644.582,1778300644.595,48751,48806,50,49,1,benign,0,0.82093173,1,malicious,0,0.5,1,malicious,fp,fp,1,181,0.2089982412022011,0.2089982412022011,1,malicious,0.26749283286683356,1,1,1,1,0.65490006086005,1,fp,fp,fp,fp,fp
71,20260508_211655_create_user_Tyu1u6,1778300215.458,1778300215.472,11708,11763,50,2,48,malicious,1,0.81087977,1,malicious,1,0.5,1,malicious,tp,,1,138,0.256494781502289,0.256494781502289,1,malicious,1.0,1,1,1,1,0.867615839,1,tp,tp,tp,tp,tp
2617,20260508_212404_nginx_delete_YuCbYY,1778300644.587,1778300644.599,48771,48826,50,29,21,malicious,1,0.7486458,1,malicious,1,0.5,1,malicious,tp,,1,181,0.2089982412022011,0.2089982412022011,1,malicious,0.26749283286683356,1,1,1,1,0.6042999098600501,1,tp,tp,tp,tp,tp
2613,20260508_212404_nginx_delete_YuCbYY,1778300644.521,1778300644.588,48731,48780,50,46,4,benign,0,0.6669517,1,malicious,0,0.5,1,malicious,fp,fp,1,181,0.2089982412022011,0.2089982412022011,1,malicious,0.26749283286683356,1,1,1,1,0.5471140398600501,1,fp,fp,fp,fp,fp
2616,20260508_212404_nginx_delete_YuCbYY,1778300644.587,1778300644.598,48761,48816,50,39,11,malicious,1,0.6082927,1,malicious,1,0.5,1,malicious,tp,,1,181,0.2089982412022011,0.2089982412022011,1,malicious,0.26749283286683356,1,1,1,1,0.5060527398600501,1,tp,tp,tp,tp,tp
66,20260508_211655_create_user_Tyu1u6,1778300215.446,1778300215.458,11657,11707,50,0,50,malicious,1,0.5827866,1,malicious,1,0.5,1,malicious,tp,,1,138,0.256494781502289,0.256494781502289,1,malicious,1.0,1,1,1,1,0.7079506200000001,1,tp,tp,tp,tp,tp
1984,20260508_212317_basic_enum_YrdGDI,1778300599.036,1778300599.08,41148,41197,50,13,37,malicious,1,0.54772574,1,malicious,1,0.5,1,malicious,tp,,1,176,0.2160294663398068,0.2160294663398068,1,malicious,0.3759306848552558,1,1,1,1,0.49618722345657673,0,tp,tp,tp,tp,fn
60,20260508_211655_create_user_Tyu1u6,1778300215.416,1778300215.441,11593,11646,50,3,47,malicious,1,0.5385918,1,malicious,1,0.5,1,malicious,tp,,1,138,0.256494781502289,0.256494781502289,1,malicious,1.0,1,1,1,1,0.67701426,1,tp,tp,tp,tp,tp
50,20260508_211655_create_user_Tyu1u6,1778300215.379,1778300215.395,11485,11540,50,50,0,benign,0,0.5303631,1,malicious,0,0.5,1,malicious,fp,fp,1,138,0.256494781502289,0.256494781502289,1,malicious,1.0,1,1,1,1,0.67125417,1,fp,fp,fp,fp,fp
51,20260508_211655_create_user_Tyu1u6,1778300215.38,1778300215.407,11495,11550,50,50,0,benign,0,0.51087886,1,malicious,0,0.5,1,malicious,fp,fp,1,138,0.256494781502289,0.256494781502289,1,malicious,1.0,1,1,1,1,0.6576152020000001,1,fp,fp,fp,fp,fp
64,20260508_211655_create_user_Tyu1u6,1778300215.438,1778300215.455,11635,11686,50,0,50,malicious,1,0.29161975,0,benign,1,0.5,0,benign,fn,fn,1,138,0.256494781502289,0.256494781502289,1,malicious,1.0,0,1,1,0,0.504133825,1,fn,tp,tp,fn,tp
62,20260508_211655_create_user_Tyu1u6,1778300215.432,1778300215.449,11615,11666,50,0,50,malicious,1,0.21324325,0,benign,1,0.5,0,benign,fn,fn,1,138,0.256494781502289,0.256494781502289,1,malicious,1.0,0,1,1,0,0.44927027500000005,0,fn,tp,tp,fn,fn
63,20260508_211655_create_user_Tyu1u6,1778300215.434,1778300215.452,11625,11676,50,0,50,malicious,1,0.2067353,0,benign,1,0.5,0,benign,fn,fn,1,138,0.256494781502289,0.256494781502289,1,malicious,1.0,0,1,1,0,0.44471471000000007,0,fn,tp,tp,fn,fn
2618,20260508_212404_nginx_delete_YuCbYY,1778300644.588,1778300644.6,48781,48836,50,19,31,malicious,1,0.19596165,0,benign,1,0.5,0,benign,fn,fn,1,181,0.2089982412022011,0.2089982412022011,1,malicious,0.26749283286683356,0,1,1,0,0.21742100486005006,0,fn,tp,tp,fn,fn
2490,20260508_212327_dns_tamper_i0Hbez,1778300610.754,1778300610.761,46606,46655,50,50,0,benign,0,0.104533546,0,benign,0,0.5,0,benign,tn,,1,177,0.2221588938636143,0.2221588938636143,1,malicious,0.47046071932187095,0,1,1,0,0.2143116979965613,0,tn,fp,fp,tn,tn
48,20260508_211655_create_user_Tyu1u6,1778300215.351,1778300215.385,11465,11514,50,50,0,benign,0,0.090004474,0,benign,0,0.5,0,benign,tn,,1,138,0.256494781502289,0.256494781502289,1,malicious,1.0,0,1,1,0,0.36300313180000005,0,tn,fp,fp,tn,tn
1949,20260508_212317_basic_enum_YrdGDI,1778300598.279,1778300598.524,40780,40833,50,47,3,benign,0,0.08804188,0,benign,0,0.5,0,benign,tn,,1,176,0.2160294663398068,0.2160294663398068,1,malicious,0.3759306848552558,0,1,1,0,0.17440852145657676,0,tn,fp,fp,tn,tn
67,20260508_211655_create_user_Tyu1u6,1778300215.449,1778300215.464,11667,11719,50,1,49,malicious,1,0.054996897,0,benign,1,0.5,0,benign,fn,fn,1,138,0.256494781502289,0.256494781502289,1,malicious,1.0,0,1,1,0,0.33849782790000005,0,fn,tp,tp,fn,fn
49,20260508_211655_create_user_Tyu1u6,1778300215.372,1778300215.386,11475,11526,50,50,0,benign,0,0.039252177,0,benign,0,0.5,0,benign,tn,,1,138,0.256494781502289,0.256494781502289,1,malicious,1.0,0,1,1,0,0.32747652390000004,0,tn,fp,fp,tn,tn
2391,20260508_212327_dns_tamper_i0Hbez,1778300608.734,1778300608.744,45559,45610,50,50,0,benign,0,0.03458425,0,benign,0,0.5,0,benign,tn,,1,177,0.2221588938636143,0.2221588938636143,1,malicious,0.47046071932187095,0,1,1,0,0.1653471907965613,0,tn,fp,fp,tn,tn
61,20260508_211655_create_user_Tyu1u6,1778300215.428,1778300215.445,11605,11656,50,0,50,malicious,1,0.03375938,0,benign,1,0.5,0,benign,fn,fn,1,138,0.256494781502289,0.256494781502289,1,malicious,1.0,0,1,1,0,0.32363156600000004,0,fn,tp,tp,fn,fn
2489,20260508_212327_dns_tamper_i0Hbez,1778300610.746,1778300610.76,46596,46645,50,50,0,benign,0,0.033325516,0,benign,0,0.5,0,benign,tn,,1,177,0.2221588938636143,0.2221588938636143,1,malicious,0.47046071932187095,0,1,1,0,0.1644660769965613,0,tn,fp,fp,tn,tn
2390,20260508_212327_dns_tamper_i0Hbez,1778300608.728,1778300608.743,45548,45599,50,50,0,benign,0,0.027605902,0,benign,0,0.5,0,benign,tn,,1,177,0.2221588938636143,0.2221588938636143,1,malicious,0.47046071932187095,0,1,1,0,0.1604623471965613,0,tn,fp,fp,tn,tn
2614,20260508_212404_nginx_delete_YuCbYY,1778300644.572,1778300644.589,48741,48790,50,50,0,benign,0,0.023772277,0,benign,0,0.5,0,benign,tn,,1,181,0.2089982412022011,0.2089982412022011,1,malicious,0.26749283286683356,0,1,1,0,0.09688844376005008,0,tn,fp,fp,tn,tn
68,20260508_211655_create_user_Tyu1u6,1778300215.452,1778300215.464,11677,11729,50,1,49,malicious,1,0.01445353,0,benign,1,0.5,0,benign,fn,fn,1,138,0.256494781502289,0.256494781502289,1,malicious,1.0,0,1,1,0,0.31011747100000003,0,fn,tp,tp,fn,fn
33,20260508_211655_create_user_Tyu1u6,1778300215.142,1778300215.258,11310,11360,50,50,0,benign,0,0.014181591,0,benign,0,0.5,0,benign,tn,,1,138,0.256494781502289,0.256494781502289,1,malicious,1.0,0,1,1,0,0.30992711370000003,0,tn,fp,fp,tn,tn
32,20260508_211655_create_user_Tyu1u6,1778300215.053,1778300215.256,11300,11350,50,50,0,benign,0,0.013021213,0,benign,0,0.5,0,benign,tn,,1,138,0.256494781502289,0.256494781502289,1,malicious,1.0,0,1,1,0,0.30911484910000003,0,tn,fp,fp,tn,tn
7,20260508_211655_create_user_Tyu1u6,1778300214.438,1778300214.756,11048,11097,50,50,0,benign,0,0.011569055,0,benign,0,0.5,0,benign,tn,,1,138,0.256494781502289,0.256494781502289,1,malicious,1.0,0,1,1,0,0.30809833850000007,0,tn,fp,fp,tn,tn
2392,20260508_212327_dns_tamper_i0Hbez,1778300608.74,1778300608.78,45570,45627,50,50,0,benign,0,0.011043731,0,benign,0,0.5,0,benign,tn,,1,177,0.2221588938636143,0.2221588938636143,1,malicious,0.47046071932187095,0,1,1,0,0.1488688274965613,0,tn,fp,fp,tn,tn
2488,20260508_212327_dns_tamper_i0Hbez,1778300610.731,1778300610.758,46586,46635,50,50,0,benign,0,0.010214477,0,benign,0,0.5,0,benign,tn,,1,177,0.2221588938636143,0.2221588938636143,1,malicious,0.47046071932187095,0,1,1,0,0.1482883496965613,0,tn,fp,fp,tn,tn
2003,20260508_212317_basic_enum_YrdGDI,1778300599.38,1778300599.445,41347,41398,50,50,0,benign,0,0.00999368,0,benign,0,0.5,0,benign,tn,,1,176,0.2160294663398068,0.2160294663398068,1,malicious,0.3759306848552558,0,1,1,0,0.11977478145657677,0,tn,fp,fp,tn,tn
2002,20260508_212317_basic_enum_YrdGDI,1778300599.324,1778300599.442,41336,41388,50,50,0,benign,0,0.009947744,0,benign,0,0.5,0,benign,tn,,1,176,0.2160294663398068,0.2160294663398068,1,malicious,0.3759306848552558,0,1,1,0,0.11974262625657676,0,tn,fp,fp,tn,tn
70,20260508_211655_create_user_Tyu1u6,1778300215.457,1778300215.47,11697,11750,50,1,49,malicious,1,0.009805812,0,benign,1,0.5,0,benign,fn,fn,1,138,0.256494781502289,0.256494781502289,1,malicious,1.0,0,1,1,0,0.3068640684,0,fn,tp,tp,fn,fn
2595,20260508_212404_nginx_delete_YuCbYY,1778300644.217,1778300644.378,48541,48593,50,50,0,benign,0,0.009656052,0,benign,0,0.5,0,benign,tn,,1,181,0.2089982412022011,0.2089982412022011,1,malicious,0.26749283286683356,0,1,1,0,0.08700708626005008,0,tn,fp,fp,tn,tn
47,20260508_211655_create_user_Tyu1u6,1778300215.349,1778300215.385,11453,11504,50,50,0,benign,0,0.008709429,0,benign,0,0.5,0,benign,tn,,1,138,0.256494781502289,0.256494781502289,1,malicious,1.0,0,1,1,0,0.3060966003,0,tn,fp,fp,tn,tn
2535,20260508_212404_nginx_delete_YuCbYY,1778300641.346,1778300642.357,47924,47973,50,49,1,benign,0,0.00765663,0,benign,0,0.5,0,benign,tn,,1,180,0.1916537226960299,0.1916537226960299,1,malicious,0.0,0,1,1,0,0.005359641,0,tn,fp,fp,tn,tn
2389,20260508_212327_dns_tamper_i0Hbez,1778300608.627,1778300608.741,45538,45589,50,50,0,benign,0,0.007353306,0,benign,0,0.5,0,benign,tn,,1,177,0.2221588938636143,0.2221588938636143,1,malicious,0.47046071932187095,0,1,1,0,0.1462855299965613,0,tn,fp,fp,tn,tn
2052,20260508_212317_basic_enum_YrdGDI,1778300600.409,1778300600.464,41864,41913,50,50,0,benign,0,0.007306108,0,benign,0,0.5,0,benign,tn,,1,176,0.2160294663398068,0.2160294663398068,1,malicious,0.3759306848552558,0,1,1,0,0.11789348105657677,0,tn,fp,fp,tn,tn
1945,20260508_212317_basic_enum_YrdGDI,1778300598.246,1778300598.331,40738,40789,50,47,3,benign,0,0.0072025796,0,benign,0,0.5,0,benign,tn,,1,176,0.2160294663398068,0.2160294663398068,1,malicious,0.3759306848552558,0,1,1,0,0.11782101117657677,0,tn,fp,fp,tn,tn
2051,20260508_212317_basic_enum_YrdGDI,1778300600.404,1778300600.464,41854,41903,50,50,0,benign,0,0.005524369,0,benign,0,0.5,0,benign,tn,,1,176,0.2160294663398068,0.2160294663398068,1,malicious,0.3759306848552558,0,1,1,0,0.11664626375657677,0,tn,fp,fp,tn,tn
31,20260508_211655_create_user_Tyu1u6,1778300215.046,1778300215.256,11288,11340,50,50,0,benign,0,0.0053259297,0,benign,0,0.5,0,benign,tn,,1,138,0.256494781502289,0.256494781502289,1,malicious,1.0,0,1,1,0,0.30372815079000004,0,tn,fp,fp,tn,tn
69,20260508_211655_create_user_Tyu1u6,1778300215.455,1778300215.468,11687,11739,50,1,49,malicious,1,0.004978966,0,benign,1,0.5,0,benign,fn,fn,1,138,0.256494781502289,0.256494781502289,1,malicious,1.0,0,1,1,0,0.30348527620000004,0,fn,tp,tp,fn,fn
1906,20260508_212317_basic_enum_YrdGDI,1778300597.385,1778300597.468,40321,40372,50,50,0,benign,0,0.0049261744,0,benign,0,0.5,0,benign,tn,,1,176,0.2160294663398068,0.2160294663398068,1,malicious,0.3759306848552558,0,1,1,0,0.11622752753657677,0,tn,fp,fp,tn,tn
2612,20260508_212404_nginx_delete_YuCbYY,1778300644.517,1778300644.587,48719,48770,50,46,4,benign,0,0.004579867,0,benign,0,0.5,0,benign,tn,,1,181,0.2089982412022011,0.2089982412022011,1,malicious,0.26749283286683356,0,1,1,0,0.08345375676005008,0,tn,fp,fp,tn,tn
2611,20260508_212404_nginx_delete_YuCbYY,1778300644.505,1778300644.587,48709,48760,50,46,4,benign,0,0.0041023013,0,benign,0,0.5,0,benign,tn,,1,181,0.2089982412022011,0.2089982412022011,1,malicious,0.26749283286683356,0,1,1,0,0.08311946077005009,0,tn,fp,fp,tn,tn
2487,20260508_212327_dns_tamper_i0Hbez,1778300610.717,1778300610.758,46575,46625,50,50,0,benign,0,0.004042076,0,benign,0,0.5,0,benign,tn,,1,177,0.2221588938636143,0.2221588938636143,1,malicious,0.47046071932187095,0,1,1,0,0.1439676689965613,0,tn,fp,fp,tn,tn
2001,20260508_212317_basic_enum_YrdGDI,1778300599.319,1778300599.442,41325,41378,50,50,0,benign,0,0.0039974484,0,benign,0,0.5,0,benign,tn,,1,176,0.2160294663398068,0.2160294663398068,1,malicious,0.3759306848552558,0,1,1,0,0.11557741933657677,0,tn,fp,fp,tn,tn
1851,20260508_212317_basic_enum_YrdGDI,1778300596.054,1778300596.121,39746,39795,50,50,0,benign,0,0.0036158124,0,benign,0,0.5,0,benign,tn,,1,176,0.2160294663398068,0.2160294663398068,1,malicious,0.3759306848552558,0,1,1,0,0.11531027413657677,0,tn,fp,fp,tn,tn
102,20260508_211655_create_user_Tyu1u6,1778300215.586,1778300215.717,12055,12108,50,41,9,malicious,1,0.0035431464,0,benign,1,0.5,0,benign,fn,fn,1,138,0.256494781502289,0.256494781502289,1,malicious,1.0,0,1,1,0,0.30248020248000007,0,fn,tp,tp,fn,fn
46,20260508_211655_create_user_Tyu1u6,1778300215.34,1778300215.38,11443,11494,50,50,0,benign,0,0.0035008308,0,benign,0,0.5,0,benign,tn,,1,138,0.256494781502289,0.256494781502289,1,malicious,1.0,0,1,1,0,0.30245058156000004,0,tn,fp,fp,tn,tn
34,20260508_211655_create_user_Tyu1u6,1778300215.244,1778300215.263,11320,11370,50,50,0,benign,0,0.0034190724,0,benign,0,0.5,0,benign,tn,,1,138,0.256494781502289,0.256494781502289,1,malicious,1.0,0,1,1,0,0.30239335068000006,0,tn,fp,fp,tn,tn
2388,20260508_212327_dns_tamper_i0Hbez,1778300608.609,1778300608.74,45528,45579,50,50,0,benign,0,0.0034047572,0,benign,0,0.5,0,benign,tn,,1,177,0.2221588938636143,0.2221588938636143,1,malicious,0.47046071932187095,0,1,1,0,0.1435215458365613,0,tn,fp,fp,tn,tn
2534,20260508_212404_nginx_delete_YuCbYY,1778300641.346,1778300642.356,47914,47963,50,49,1,benign,0,0.0029997074,0,benign,0,0.5,0,benign,tn,,1,180,0.1916537226960299,0.1916537226960299,1,malicious,0.0,0,1,1,0,0.00209979518,0,tn,fp,fp,tn,tn
2426,20260508_212327_dns_tamper_i0Hbez,1778300609.314,1778300609.48,45930,45985,50,48,2,benign,0,0.0029103996,0,benign,0,0.5,0,benign,tn,,1,177,0.2221588938636143,0.2221588938636143,1,malicious,0.47046071932187095,0,1,1,0,0.1431754955165613,0,tn,fp,fp,tn,tn
44,20260508_211655_create_user_Tyu1u6,1778300215.322,1778300215.37,11423,11474,50,50,0,benign,0,0.0027671787,0,benign,0,0.5,0,benign,tn,,1,138,0.256494781502289,0.256494781502289,1,malicious,1.0,0,1,1,0,0.30193702509000003,0,tn,fp,fp,tn,tn
2053,20260508_212317_basic_enum_YrdGDI,1778300600.443,1778300600.468,41874,41923,50,50,0,benign,0,0.0025789079,0,benign,0,0.5,0,benign,tn,,1,176,0.2160294663398068,0.2160294663398068,1,malicious,0.3759306848552558,0,1,1,0,0.11458444098657677,0,tn,fp,fp,tn,tn
2486,20260508_212327_dns_tamper_i0Hbez,1778300610.705,1778300610.758,46566,46615,50,50,0,benign,0,0.0025499226,0,benign,0,0.5,0,benign,tn,,1,177,0.2221588938636143,0.2221588938636143,1,malicious,0.47046071932187095,0,1,1,0,0.1429231616165613,0,tn,fp,fp,tn,tn
2598,20260508_212404_nginx_delete_YuCbYY,1778300644.292,1778300644.39,48574,48623,50,50,0,benign,0,0.0021557051,0,benign,0,0.5,0,benign,tn,,1,181,0.2089982412022011,0.2089982412022011,1,malicious,0.26749283286683356,0,1,1,0,0.08175684343005009,0,tn,fp,fp,tn,tn
2594,20260508_212404_nginx_delete_YuCbYY,1778300644.21,1778300644.378,48530,48583,50,50,0,benign,0,0.0020507865,0,benign,0,0.5,0,benign,tn,,1,181,0.2089982412022011,0.2089982412022011,1,malicious,0.26749283286683356,0,1,1,0,0.08168340041005008,0,tn,fp,fp,tn,tn
2596,20260508_212404_nginx_delete_YuCbYY,1778300644.269,1778300644.38,48552,48603,50,50,0,benign,0,0.0019804009,0,benign,0,0.5,0,benign,tn,,1,181,0.2089982412022011,0.2089982412022011,1,malicious,0.26749283286683356,0,1,1,0,0.08163413049005008,0,tn,fp,fp,tn,tn
103,20260508_211655_create_user_Tyu1u6,1778300215.592,1778300215.732,12067,12119,50,49,1,benign,0,0.0017364763,0,benign,0,0.5,0,benign,tn,,1,138,0.256494781502289,0.256494781502289,1,malicious,1.0,0,1,1,0,0.30121553341000007,0,tn,fp,fp,tn,tn
2609,20260508_212404_nginx_delete_YuCbYY,1778300644.482,1778300644.57,48689,48740,50,46,4,benign,0,0.001482349,0,benign,0,0.5,0,benign,tn,,1,181,0.2089982412022011,0.2089982412022011,1,malicious,0.26749283286683356,0,1,1,0,0.08128549416005008,0,tn,fp,fp,tn,tn
2060,20260508_212317_basic_enum_YrdGDI,1778300600.5,1778300600.584,41944,41993,50,50,0,benign,0,0.0014121594,0,benign,0,0.5,0,benign,tn,,1,176,0.2160294663398068,0.2160294663398068,1,malicious,0.3759306848552558,0,1,1,0,0.11376771703657677,0,tn,fp,fp,tn,tn
2536,20260508_212404_nginx_delete_YuCbYY,1778300641.346,1778300642.357,47934,47983,50,49,1,benign,0,0.0014072364,0,benign,0,0.5,0,benign,tn,,1,180,0.1916537226960299,0.1916537226960299,1,malicious,0.0,0,1,1,0,0.0009850654799999998,0,tn,fp,fp,tn,tn
1865,20260508_212317_basic_enum_YrdGDI,1778300596.378,1778300596.429,39886,39935,50,50,0,benign,0,0.0013723008,0,benign,0,0.5,0,benign,tn,,1,176,0.2160294663398068,0.2160294663398068,1,malicious,0.3759306848552558,0,1,1,0,0.11373981601657678,0,tn,fp,fp,tn,tn
2303,20260508_212327_dns_tamper_i0Hbez,1778300606.613,1778300606.673,44622,44671,50,50,0,benign,0,0.0013715657,0,benign,0,0.5,0,benign,tn,,1,177,0.2221588938636143,0.2221588938636143,1,malicious,0.47046071932187095,0,1,1,0,0.1420983117865613,0,tn,fp,fp,tn,tn
25,20260508_211655_create_user_Tyu1u6,1778300214.995,1778300215.041,11228,11277,50,50,0,benign,0,0.00136854,0,benign,0,0.5,0,benign,tn,,1,138,0.256494781502289,0.256494781502289,1,malicious,1.0,0,1,1,0,0.30095797800000007,0,tn,fp,fp,tn,tn
1846,20260508_212317_basic_enum_YrdGDI,1778300595.837,1778300596.053,39696,39745,50,50,0,benign,0,0.0012216798,0,benign,0,0.5,0,benign,tn,,1,176,0.2160294663398068,0.2160294663398068,1,malicious,0.3759306848552558,0,1,1,0,0.11363438131657677,0,tn,fp,fp,tn,tn
2610,20260508_212404_nginx_delete_YuCbYY,1778300644.496,1778300644.581,48699,48750,50,46,4,benign,0,0.0012130522,0,benign,0,0.5,0,benign,tn,,1,181,0.2089982412022011,0.2089982412022011,1,malicious,0.26749283286683356,0,1,1,0,0.08109698640005009,0,tn,fp,fp,tn,tn
45,20260508_211655_create_user_Tyu1u6,1778300215.332,1778300215.378,11433,11484,50,50,0,benign,0,0.0010839765,0,benign,0,0.5,0,benign,tn,,1,138,0.256494781502289,0.256494781502289,1,malicious,1.0,0,1,1,0,0.30075878355,0,tn,fp,fp,tn,tn
2460,20260508_212327_dns_tamper_i0Hbez,1778300610.1,1778300610.193,46295,46346,50,48,2,benign,0,0.0010806358,0,benign,0,0.5,0,benign,tn,,1,177,0.2221588938636143,0.2221588938636143,1,malicious,0.47046071932187095,0,1,1,0,0.1418946608565613,0,tn,fp,fp,tn,tn
2400,20260508_212327_dns_tamper_i0Hbez,1778300608.817,1778300608.914,45659,45710,50,48,2,benign,0,0.0010721172,0,benign,0,0.5,0,benign,tn,,1,177,0.2221588938636143,0.2221588938636143,1,malicious,0.47046071932187095,0,1,1,0,0.1418886978365613,0,tn,fp,fp,tn,tn
2382,20260508_212327_dns_tamper_i0Hbez,1778300608.513,1778300608.603,45464,45515,50,48,2,benign,0,0.0010654167,0,benign,0,0.5,0,benign,tn,,1,177,0.2221588938636143,0.2221588938636143,1,malicious,0.47046071932187095,0,1,1,0,0.1418840074865613,0,tn,fp,fp,tn,tn
2387,20260508_212327_dns_tamper_i0Hbez,1778300608.604,1778300608.739,45516,45569,50,49,1,benign,0,0.00084886496,0,benign,0,0.5,0,benign,tn,,1,177,0.2221588938636143,0.2221588938636143,1,malicious,0.47046071932187095,0,1,1,0,0.1417324212685613,0,tn,fp,fp,tn,tn
1847,20260508_212317_basic_enum_YrdGDI,1778300595.843,1778300596.082,39706,39755,50,50,0,benign,0,0.00083893933,0,benign,0,0.5,0,benign,tn,,1,176,0.2160294663398068,0.2160294663398068,1,malicious,0.3759306848552558,0,1,1,0,0.11336646298757677,0,tn,fp,fp,tn,tn
2519,20260508_212404_nginx_delete_YuCbYY,1778300641.339,1778300641.339,47764,47813,50,50,0,benign,0,0.0007176767,0,benign,0,0.5,0,benign,tn,,1,180,0.1916537226960299,0.1916537226960299,1,malicious,0.0,0,1,1,0,0.00050237369,0,tn,fp,fp,tn,tn
2518,20260508_212404_nginx_delete_YuCbYY,1778300641.339,1778300641.339,47754,47803,50,50,0,benign,0,0.0007176767,0,benign,0,0.5,0,benign,tn,,1,180,0.1916537226960299,0.1916537226960299,1,malicious,0.0,0,1,1,0,0.00050237369,0,tn,fp,fp,tn,tn
2526,20260508_212404_nginx_delete_YuCbYY,1778300641.345,1778300641.345,47834,47883,50,50,0,benign,0,0.0007176767,0,benign,0,0.5,0,benign,tn,,1,180,0.1916537226960299,0.1916537226960299,1,malicious,0.0,0,1,1,0,0.00050237369,0,tn,fp,fp,tn,tn
2512,20260508_212404_nginx_delete_YuCbYY,1778300641.338,1778300641.338,47694,47743,50,50,0,benign,0,0.0007176767,0,benign,0,0.5,0,benign,tn,,1,180,0.1916537226960299,0.1916537226960299,1,malicious,0.0,0,1,1,0,0.00050237369,0,tn,fp,fp,tn,tn
2527,20260508_212404_nginx_delete_YuCbYY,1778300641.345,1778300641.345,47844,47893,50,50,0,benign,0,0.0007176767,0,benign,0,0.5,0,benign,tn,,1,180,0.1916537226960299,0.1916537226960299,1,malicious,0.0,0,1,1,0,0.00050237369,0,tn,fp,fp,tn,tn
2528,20260508_212404_nginx_delete_YuCbYY,1778300641.345,1778300641.345,47854,47903,50,50,0,benign,0,0.0007176767,0,benign,0,0.5,0,benign,tn,,1,180,0.1916537226960299,0.1916537226960299,1,malicious,0.0,0,1,1,0,0.00050237369,0,tn,fp,fp,tn,tn
2517,20260508_212404_nginx_delete_YuCbYY,1778300641.338,1778300641.339,47744,47793,50,50,0,benign,0,0.0007176644,0,benign,0,0.5,0,benign,tn,,1,180,0.1916537226960299,0.1916537226960299,1,malicious,0.0,0,1,1,0,0.00050236508,0,tn,fp,fp,tn,tn
2533,20260508_212404_nginx_delete_YuCbYY,1778300641.345,1778300641.346,47904,47953,50,50,0,benign,0,0.000717659,0,benign,0,0.5,0,benign,tn,,1,180,0.1916537226960299,0.1916537226960299,1,malicious,0.0,0,1,1,0,0.0005023613,0,tn,fp,fp,tn,tn
2511,20260508_212404_nginx_delete_YuCbYY,1778300641.337,1778300641.338,47684,47733,50,50,0,benign,0,0.0007176569,0,benign,0,0.5,0,benign,tn,,1,180,0.1916537226960299,0.1916537226960299,1,malicious,0.0,0,1,1,0,0.00050235983,0,tn,fp,fp,tn,tn
2516,20260508_212404_nginx_delete_YuCbYY,1778300641.338,1778300641.339,47734,47783,50,50,0,benign,0,0.00071764254,0,benign,0,0.5,0,benign,tn,,1,180,0.1916537226960299,0.1916537226960299,1,malicious,0.0,0,1,1,0,0.000502349778,0,tn,fp,fp,tn,tn
2532,20260508_212404_nginx_delete_YuCbYY,1778300641.345,1778300641.346,47894,47943,50,50,0,benign,0,0.0007176391,0,benign,0,0.5,0,benign,tn,,1,180,0.1916537226960299,0.1916537226960299,1,malicious,0.0,0,1,1,0,0.0005023473699999999,0,tn,fp,fp,tn,tn
2525,20260508_212404_nginx_delete_YuCbYY,1778300641.343,1778300641.345,47824,47873,50,50,0,benign,0,0.0007176323,0,benign,0,0.5,0,benign,tn,,1,180,0.1916537226960299,0.1916537226960299,1,malicious,0.0,0,1,1,0,0.00050234261,0,tn,fp,fp,tn,tn
2515,20260508_212404_nginx_delete_YuCbYY,1778300641.338,1778300641.339,47724,47773,50,50,0,benign,0,0.00071762135,0,benign,0,0.5,0,benign,tn,,1,180,0.1916537226960299,0.1916537226960299,1,malicious,0.0,0,1,1,0,0.000502334945,0,tn,fp,fp,tn,tn
2531,20260508_212404_nginx_delete_YuCbYY,1778300641.345,1778300641.346,47884,47933,50,50,0,benign,0,0.0007176159,0,benign,0,0.5,0,benign,tn,,1,180,0.1916537226960299,0.1916537226960299,1,malicious,0.0,0,1,1,0,0.00050233113,0,tn,fp,fp,tn,tn
2514,20260508_212404_nginx_delete_YuCbYY,1778300641.338,1778300641.339,47714,47763,50,50,0,benign,0,0.0007175916,0,benign,0,0.5,0,benign,tn,,1,180,0.1916537226960299,0.1916537226960299,1,malicious,0.0,0,1,1,0,0.00050231412,0,tn,fp,fp,tn,tn
2530,20260508_212404_nginx_delete_YuCbYY,1778300641.345,1778300641.346,47874,47923,50,50,0,benign,0,0.00071758404,0,benign,0,0.5,0,benign,tn,,1,180,0.1916537226960299,0.1916537226960299,1,malicious,0.0,0,1,1,0,0.000502308828,0,tn,fp,fp,tn,tn
2513,20260508_212404_nginx_delete_YuCbYY,1778300641.338,1778300641.339,47704,47753,50,50,0,benign,0,0.00071753934,0,benign,0,0.5,0,benign,tn,,1,180,0.1916537226960299,0.1916537226960299,1,malicious,0.0,0,1,1,0,0.000502277538,0,tn,fp,fp,tn,tn
2529,20260508_212404_nginx_delete_YuCbYY,1778300641.345,1778300641.346,47864,47913,50,50,0,benign,0,0.00071752013,0,benign,0,0.5,0,benign,tn,,1,180,0.1916537226960299,0.1916537226960299,1,malicious,0.0,0,1,1,0,0.0005022640910000001,0,tn,fp,fp,tn,tn
2524,20260508_212404_nginx_delete_YuCbYY,1778300641.339,1778300641.345,47814,47863,50,50,0,benign,0,0.00071749213,0,benign,0,0.5,0,benign,tn,,1,180,0.1916537226960299,0.1916537226960299,1,malicious,0.0,0,1,1,0,0.000502244491,0,tn,fp,fp,tn,tn
2523,20260508_212404_nginx_delete_YuCbYY,1778300641.339,1778300641.345,47804,47853,50,50,0,benign,0,0.00071736187,0,benign,0,0.5,0,benign,tn,,1,180,0.1916537226960299,0.1916537226960299,1,malicious,0.0,0,1,1,0,0.0005021533089999999,0,tn,fp,fp,tn,tn
2522,20260508_212404_nginx_delete_YuCbYY,1778300641.339,1778300641.345,47794,47843,50,50,0,benign,0,0.0007171869,0,benign,0,0.5,0,benign,tn,,1,180,0.1916537226960299,0.1916537226960299,1,malicious,0.0,0,1,1,0,0.0005020308299999999,0,tn,fp,fp,tn,tn
2520,20260508_212404_nginx_delete_YuCbYY,1778300641.339,1778300641.343,47774,47823,50,50,0,benign,0,0.000716794,0,benign,0,0.5,0,benign,tn,,1,180,0.1916537226960299,0.1916537226960299,1,malicious,0.0,0,1,1,0,0.0005017557999999999,0,tn,fp,fp,tn,tn
2521,20260508_212404_nginx_delete_YuCbYY,1778300641.339,1778300641.345,47784,47833,50,50,0,benign,0,0.00071601017,0,benign,0,0.5,0,benign,tn,,1,180,0.1916537226960299,0.1916537226960299,1,malicious,0.0,0,1,1,0,0.000501207119,0,tn,fp,fp,tn,tn
2510,20260508_212404_nginx_delete_YuCbYY,1778300641.331,1778300641.338,47674,47723,50,50,0,benign,0,0.0007159785,0,benign,0,0.5,0,benign,tn,,1,180,0.1916537226960299,0.1916537226960299,1,malicious,0.0,0,1,1,0,0.00050118495,0,tn,fp,fp,tn,tn
2509,20260508_212404_nginx_delete_YuCbYY,1778300641.323,1778300641.338,47664,47713,50,50,0,benign,0,0.0007085277,0,benign,0,0.5,0,benign,tn,,1,180,0.1916537226960299,0.1916537226960299,1,malicious,0.0,0,1,1,0,0.00049596939,0,tn,fp,fp,tn,tn
2508,20260508_212404_nginx_delete_YuCbYY,1778300641.315,1778300641.338,47654,47703,50,50,0,benign,0,0.0006854691,0,benign,0,0.5,0,benign,tn,,1,180,0.1916537226960299,0.1916537226960299,1,malicious,0.0,0,1,1,0,0.00047982836999999995,0,tn,fp,fp,tn,tn
2005,20260508_212317_basic_enum_YrdGDI,1778300599.4,1778300599.46,41369,41418,50,50,0,benign,0,0.0006687441,0,benign,0,0.5,0,benign,tn,,1,176,0.2160294663398068,0.2160294663398068,1,malicious,0.3759306848552558,0,1,1,0,0.11324732632657677,0,tn,fp,fp,tn,tn
2597,20260508_212404_nginx_delete_YuCbYY,1778300644.276,1778300644.384,48564,48613,50,50,0,benign,0,0.0006539255,0,benign,0,0.5,0,benign,tn,,1,181,0.2089982412022011,0.2089982412022011,1,malicious,0.26749283286683356,0,1,1,0,0.08070559771005008,0,tn,fp,fp,tn,tn
2383,20260508_212327_dns_tamper_i0Hbez,1778300608.525,1778300608.609,45474,45527,50,47,3,benign,0,0.0006455742,0,benign,0,0.5,0,benign,tn,,1,177,0.2221588938636143,0.2221588938636143,1,malicious,0.47046071932187095,0,1,1,0,0.1415901177365613,0,tn,fp,fp,tn,tn
2507,20260508_212404_nginx_delete_YuCbYY,1778300641.307,1778300641.338,47644,47693,50,50,0,benign,0,0.00061401003,0,benign,0,0.5,0,benign,tn,,1,180,0.1916537226960299,0.1916537226960299,1,malicious,0.0,0,1,1,0,0.00042980702099999996,0,tn,fp,fp,tn,tn
2054,20260508_212317_basic_enum_YrdGDI,1778300600.456,1778300600.482,41884,41933,50,50,0,benign,0,0.0006102767,0,benign,0,0.5,0,benign,tn,,1,176,0.2160294663398068,0.2160294663398068,1,malicious,0.3759306848552558,0,1,1,0,0.11320639914657676,0,tn,fp,fp,tn,tn
1998,20260508_212317_basic_enum_YrdGDI,1778300599.289,1778300599.375,41295,41346,50,50,0,benign,0,0.00060639204,0,benign,0,0.5,0,benign,tn,,1,176,0.2160294663398068,0.2160294663398068,1,malicious,0.3759306848552558,0,1,1,0,0.11320367988457677,0,tn,fp,fp,tn,tn
3,20260508_211655_create_user_Tyu1u6,1778300214.246,1778300214.461,11008,11057,50,50,0,benign,0,0.00058875664,0,benign,0,0.5,0,benign,tn,,1,138,0.256494781502289,0.256494781502289,1,malicious,1.0,0,1,1,0,0.30041212964800007,0,tn,fp,fp,tn,tn
2671,20260508_212404_nginx_delete_YuCbYY,1778300645.467,1778300645.558,49360,49411,50,50,0,benign,0,0.0005789743,0,benign,0,0.5,0,benign,tn,,1,181,0.2089982412022011,0.2089982412022011,1,malicious,0.26749283286683356,0,1,1,0,0.08065313187005008,0,tn,fp,fp,tn,tn
2552,20260508_212404_nginx_delete_YuCbYY,1778300643.197,1778300643.271,48094,48143,50,50,0,benign,0,0.00046890613,0,benign,0,0.5,0,benign,tn,,1,180,0.1916537226960299,0.1916537226960299,1,malicious,0.0,0,1,1,0,0.000328234291,0,tn,fp,fp,tn,tn
2034,20260508_212317_basic_enum_YrdGDI,1778300599.969,1778300600.13,41675,41730,50,47,3,benign,0,0.00041514993,0,benign,0,0.5,0,benign,tn,,1,176,0.2160294663398068,0.2160294663398068,1,malicious,0.3759306848552558,0,1,1,0,0.11306981040757677,0,tn,fp,fp,tn,tn
2062,20260508_212317_basic_enum_YrdGDI,1778300600.522,1778300600.691,41964,42013,50,50,0,benign,0,0.00041138916,0,benign,0,0.5,0,benign,tn,,1,176,0.2160294663398068,0.2160294663398068,1,malicious,0.3759306848552558,0,1,1,0,0.11306717786857677,0,tn,fp,fp,tn,tn
2493,20260508_212327_dns_tamper_i0Hbez,1778300610.758,1778300610.832,46636,46685,50,50,0,benign,0,0.00038421518,0,benign,0,0.5,0,benign,tn,,1,177,0.2221588938636143,0.2221588938636143,1,malicious,0.47046071932187095,0,1,1,0,0.1414071664225613,0,tn,fp,fp,tn,tn
2684,20260508_212404_nginx_delete_YuCbYY,1778300645.785,1778300645.878,49492,49541,50,50,0,benign,0,0.0003782454,0,benign,0,0.5,0,benign,tn,,1,181,0.2089982412022011,0.2089982412022011,1,malicious,0.26749283286683356,0,1,1,0,0.08051262164005009,0,tn,fp,fp,tn,tn
8,20260508_211655_create_user_Tyu1u6,1778300214.461,1778300214.765,11058,11107,50,50,0,benign,0,0.00037239675,0,benign,0,0.5,0,benign,tn,,1,138,0.256494781502289,0.256494781502289,1,malicious,1.0,0,1,1,0,0.30026067772500004,0,tn,fp,fp,tn,tn
2556,20260508_212404_nginx_delete_YuCbYY,1778300643.268,1778300643.414,48134,48183,50,50,0,benign,0,0.00037020232,0,benign,0,0.5,0,benign,tn,,1,180,0.1916537226960299,0.1916537226960299,1,malicious,0.0,0,1,1,0,0.000259141624,0,tn,fp,fp,tn,tn
2506,20260508_212404_nginx_delete_YuCbYY,1778300641.299,1778300641.337,47634,47683,50,50,0,benign,0,0.00036676152,0,benign,0,0.5,0,benign,tn,,1,180,0.1916537226960299,0.1916537226960299,1,malicious,0.0,0,1,1,0,0.000256733064,0,tn,fp,fp,tn,tn
2578,20260508_212404_nginx_delete_YuCbYY,1778300643.88,1778300643.972,48361,48412,50,50,0,benign,0,0.0003603895,0,benign,0,0.5,0,benign,tn,,1,181,0.2089982412022011,0.2089982412022011,1,malicious,0.26749283286683356,0,1,1,0,0.08050012251005008,0,tn,fp,fp,tn,tn
2555,20260508_212404_nginx_delete_YuCbYY,1778300643.222,1778300643.408,48124,48173,50,50,0,benign,0,0.0003571255,0,benign,0,0.5,0,benign,tn,,1,180,0.1916537226960299,0.1916537226960299,1,malicious,0.0,0,1,1,0,0.00024998785,0,tn,fp,fp,tn,tn
2551,20260508_212404_nginx_delete_YuCbYY,1778300643.184,1778300643.267,48084,48133,50,50,0,benign,0,0.00035396277,0,benign,0,0.5,0,benign,tn,,1,180,0.1916537226960299,0.1916537226960299,1,malicious,0.0,0,1,1,0,0.000247773939,0,tn,fp,fp,tn,tn
2004,20260508_212317_basic_enum_YrdGDI,1778300599.395,1778300599.448,41359,41408,50,50,0,benign,0,0.00035092366,0,benign,0,0.5,0,benign,tn,,1,176,0.2160294663398068,0.2160294663398068,1,malicious,0.3759306848552558,0,1,1,0,0.11302485201857677,0,tn,fp,fp,tn,tn
2050,20260508_212317_basic_enum_YrdGDI,1778300600.403,1778300600.463,41844,41893,50,50,0,benign,0,0.0003483534,0,benign,0,0.5,0,benign,tn,,1,176,0.2160294663398068,0.2160294663398068,1,malicious,0.3759306848552558,0,1,1,0,0.11302305283657677,0,tn,fp,fp,tn,tn
2537,20260508_212404_nginx_delete_YuCbYY,1778300641.346,1778300642.361,47944,47993,50,49,1,benign,0,0.0003247834,0,benign,0,0.5,0,benign,tn,,1,180,0.1916537226960299,0.1916537226960299,1,malicious,0.0,0,1,1,0,0.00022734838,0,tn,fp,fp,tn,tn
2565,20260508_212404_nginx_delete_YuCbYY,1778300643.489,1778300643.583,48224,48273,50,50,0,benign,0,0.00031566343,0,benign,0,0.5,0,benign,tn,,1,180,0.1916537226960299,0.1916537226960299,1,malicious,0.0,0,1,1,0,0.00022096440099999998,0,tn,fp,fp,tn,tn
2491,20260508_212327_dns_tamper_i0Hbez,1778300610.758,1778300610.769,46616,46665,50,50,0,benign,0,0.0003009688,0,benign,0,0.5,0,benign,tn,,1,177,0.2221588938636143,0.2221588938636143,1,malicious,0.47046071932187095,0,1,1,0,0.1413488939565613,0,tn,fp,fp,tn,tn
1963,20260508_212317_basic_enum_YrdGDI,1778300598.68,1778300598.837,40929,40982,50,45,5,malicious,1,0.00030013497,0,benign,1,0.5,0,benign,fn,fn,1,176,0.2160294663398068,0.2160294663398068,1,malicious,0.3759306848552558,0,1,1,0,0.11298929993557677,0,fn,tp,tp,fn,fn
137,20260508_211655_create_user_Tyu1u6,1778300216.222,1778300216.263,12426,12477,50,50,0,benign,0,0.00029974664,0,benign,0,0.5,0,benign,tn,,1,138,0.256494781502289,0.256494781502289,1,malicious,1.0,0,1,1,0,0.30020982264800006,0,tn,fp,fp,tn,tn
124,20260508_211655_create_user_Tyu1u6,1778300215.995,1778300216.037,12289,12340,50,50,0,benign,0,0.00029444156,0,benign,0,0.5,0,benign,tn,,1,138,0.256494781502289,0.256494781502289,1,malicious,1.0,0,1,1,0,0.300206109092,0,tn,fp,fp,tn,tn
2670,20260508_212404_nginx_delete_YuCbYY,1778300645.453,1778300645.55,49350,49401,50,50,0,benign,0,0.00028446584,0,benign,0,0.5,0,benign,tn,,1,181,0.2089982412022011,0.2089982412022011,1,malicious,0.26749283286683356,0,1,1,0,0.08044697594805009,0,tn,fp,fp,tn,tn
26,20260508_211655_create_user_Tyu1u6,1778300215.005,1778300215.044,11238,11287,50,50,0,benign,0,0.0002804288,0,benign,0,0.5,0,benign,tn,,1,138,0.256494781502289,0.256494781502289,1,malicious,1.0,0,1,1,0,0.30019630016000004,0,tn,fp,fp,tn,tn
2414,20260508_212327_dns_tamper_i0Hbez,1778300609.129,1778300609.227,45808,45859,50,48,2,benign,0,0.00025991123,0,benign,0,0.5,0,benign,tn,,1,177,0.2221588938636143,0.2221588938636143,1,malicious,0.47046071932187095,0,1,1,0,0.1413201536575613,0,tn,fp,fp,tn,tn
2042,20260508_212317_basic_enum_YrdGDI,1778300600.161,1778300600.248,41762,41813,50,50,0,benign,0,0.00025858713,0,benign,0,0.5,0,benign,tn,,1,176,0.2160294663398068,0.2160294663398068,1,malicious,0.3759306848552558,0,1,1,0,0.11296021644757677,0,tn,fp,fp,tn,tn
2495,20260508_212404_nginx_delete_YuCbYY,1778300641.227,1778300641.248,47524,47573,50,50,0,benign,0,0.00025467403,0,benign,0,0.5,0,benign,tn,,1,180,0.1916537226960299,0.1916537226960299,1,malicious,0.0,0,1,1,0,0.000178271821,0,tn,fp,fp,tn,tn
1892,20260508_212317_basic_enum_YrdGDI,1778300597.07,1778300597.167,40172,40223,50,50,0,benign,0,0.00025258376,0,benign,0,0.5,0,benign,tn,,1,176,0.2160294663398068,0.2160294663398068,1,malicious,0.3759306848552558,0,1,1,0,0.11295601408857676,0,tn,fp,fp,tn,tn
1866,20260508_212317_basic_enum_YrdGDI,1778300596.389,1778300596.476,39896,39945,50,50,0,benign,0,0.0002493925,0,benign,0,0.5,0,benign,tn,,1,176,0.2160294663398068,0.2160294663398068,1,malicious,0.3759306848552558,0,1,1,0,0.11295378020657677,0,tn,fp,fp,tn,tn
2304,20260508_212327_dns_tamper_i0Hbez,1778300606.63,1778300606.725,44632,44681,50,50,0,benign,0,0.0002463984,0,benign,0,0.5,0,benign,tn,,1,177,0.2221588938636143,0.2221588938636143,1,malicious,0.47046071932187095,0,1,1,0,0.1413106946765613,0,tn,fp,fp,tn,tn
2496,20260508_212404_nginx_delete_YuCbYY,1778300641.228,1778300641.256,47534,47583,50,50,0,benign,0,0.00022696676,0,benign,0,0.5,0,benign,tn,,1,180,0.1916537226960299,0.1916537226960299,1,malicious,0.0,0,1,1,0,0.000158876732,0,tn,fp,fp,tn,tn
2538,20260508_212404_nginx_delete_YuCbYY,1778300641.346,1778300642.371,47954,48003,50,49,1,benign,0,0.00022659246,0,benign,0,0.5,0,benign,tn,,1,180,0.1916537226960299,0.1916537226960299,1,malicious,0.0,0,1,1,0,0.000158614722,0,tn,fp,fp,tn,tn
13,20260508_211655_create_user_Tyu1u6,1778300214.765,1778300214.807,11108,11157,50,50,0,benign,0,0.0002219361,0,benign,0,0.5,0,benign,tn,,1,138,0.256494781502289,0.256494781502289,1,malicious,1.0,0,1,1,0,0.30015535527000003,0,tn,fp,fp,tn,tn
151,20260508_211655_create_user_Tyu1u6,1778300216.473,1778300216.509,12568,12617,50,50,0,benign,0,0.00021531248,0,benign,0,0.5,0,benign,tn,,1,138,0.256494781502289,0.256494781502289,1,malicious,1.0,0,1,1,0,0.300150718736,0,tn,fp,fp,tn,tn
2497,20260508_212404_nginx_delete_YuCbYY,1778300641.228,1778300641.264,47544,47593,50,50,0,benign,0,0.00021487953,0,benign,0,0.5,0,benign,tn,,1,180,0.1916537226960299,0.1916537226960299,1,malicious,0.0,0,1,1,0,0.000150415671,0,tn,fp,fp,tn,tn
2499,20260508_212404_nginx_delete_YuCbYY,1778300641.241,1778300641.281,47564,47613,50,50,0,benign,0,0.0002098937,0,benign,0,0.5,0,benign,tn,,1,180,0.1916537226960299,0.1916537226960299,1,malicious,0.0,0,1,1,0,0.00014692558999999998,0,tn,fp,fp,tn,tn
2504,20260508_212404_nginx_delete_YuCbYY,1778300641.282,1778300641.322,47614,47663,50,50,0,benign,0,0.00020984946,0,benign,0,0.5,0,benign,tn,,1,180,0.1916537226960299,0.1916537226960299,1,malicious,0.0,0,1,1,0,0.000146894622,0,tn,fp,fp,tn,tn
2500,20260508_212404_nginx_delete_YuCbYY,1778300641.249,1778300641.289,47574,47623,50,50,0,benign,0,0.00020984287,0,benign,0,0.5,0,benign,tn,,1,180,0.1916537226960299,0.1916537226960299,1,malicious,0.0,0,1,1,0,0.000146890009,0,tn,fp,fp,tn,tn
2502,20260508_212404_nginx_delete_YuCbYY,1778300641.265,1778300641.306,47594,47643,50,50,0,benign,0,0.00020979886,0,benign,0,0.5,0,benign,tn,,1,180,0.1916537226960299,0.1916537226960299,1,malicious,0.0,0,1,1,0,0.000146859202,0,tn,fp,fp,tn,tn
2505,20260508_212404_nginx_delete_YuCbYY,1778300641.291,1778300641.33,47624,47673,50,50,0,benign,0,0.00020974965,0,benign,0,0.5,0,benign,tn,,1,180,0.1916537226960299,0.1916537226960299,1,malicious,0.0,0,1,1,0,0.00014682475499999998,0,tn,fp,fp,tn,tn
2498,20260508_212404_nginx_delete_YuCbYY,1778300641.233,1778300641.273,47554,47603,50,50,0,benign,0,0.00020971264,0,benign,0,0.5,0,benign,tn,,1,180,0.1916537226960299,0.1916537226960299,1,malicious,0.0,0,1,1,0,0.00014679884799999999,0,tn,fp,fp,tn,tn
2503,20260508_212404_nginx_delete_YuCbYY,1778300641.274,1778300641.314,47604,47653,50,50,0,benign,0,0.0002093686,0,benign,0,0.5,0,benign,tn,,1,180,0.1916537226960299,0.1916537226960299,1,malicious,0.0,0,1,1,0,0.00014655801999999998,0,tn,fp,fp,tn,tn
2501,20260508_212404_nginx_delete_YuCbYY,1778300641.257,1778300641.298,47584,47633,50,50,0,benign,0,0.00020931133,0,benign,0,0.5,0,benign,tn,,1,180,0.1916537226960299,0.1916537226960299,1,malicious,0.0,0,1,1,0,0.000146517931,0,tn,fp,fp,tn,tn
2657,20260508_212404_nginx_delete_YuCbYY,1778300645.162,1778300645.251,49211,49262,50,50,0,benign,0,0.0002024863,0,benign,0,0.5,0,benign,tn,,1,181,0.2089982412022011,0.2089982412022011,1,malicious,0.26749283286683356,0,1,1,0,0.08038959027005008,0,tn,fp,fp,tn,tn
2434,20260508_212327_dns_tamper_i0Hbez,1778300609.512,1778300609.603,46017,46068,50,50,0,benign,0,0.00020222504,0,benign,0,0.5,0,benign,tn,,1,177,0.2221588938636143,0.2221588938636143,1,malicious,0.47046071932187095,0,1,1,0,0.1412797733245613,0,tn,fp,fp,tn,tn
2447,20260508_212327_dns_tamper_i0Hbez,1778300609.808,1778300609.898,46156,46207,50,50,0,benign,0,0.00020220269,0,benign,0,0.5,0,benign,tn,,1,177,0.2221588938636143,0.2221588938636143,1,malicious,0.47046071932187095,0,1,1,0,0.1412797576795613,0,tn,fp,fp,tn,tn
2591,20260508_212404_nginx_delete_YuCbYY,1778300644.174,1778300644.268,48500,48551,50,50,0,benign,0,0.00020149944,0,benign,0,0.5,0,benign,tn,,1,181,0.2089982412022011,0.2089982412022011,1,malicious,0.26749283286683356,0,1,1,0,0.08038889946805008,0,tn,fp,fp,tn,tn
1910,20260508_212317_basic_enum_YrdGDI,1778300597.415,1778300597.6,40363,40415,50,50,0,benign,0,0.00020114066,0,benign,0,0.5,0,benign,tn,,1,176,0.2160294663398068,0.2160294663398068,1,malicious,0.3759306848552558,0,1,1,0,0.11292000391857678,0,tn,fp,fp,tn,tn
17,20260508_211655_create_user_Tyu1u6,1778300214.8,1778300214.95,11148,11197,50,50,0,benign,0,0.00020013994,0,benign,0,0.5,0,benign,tn,,1,138,0.256494781502289,0.256494781502289,1,malicious,1.0,0,1,1,0,0.30014009795800006,0,tn,fp,fp,tn,tn
2644,20260508_212404_nginx_delete_YuCbYY,1778300644.855,1778300644.957,49072,49123,50,50,0,benign,0,0.00019918484,0,benign,0,0.5,0,benign,tn,,1,181,0.2089982412022011,0.2089982412022011,1,malicious,0.26749283286683356,0,1,1,0,0.08038727924805009,0,tn,fp,fp,tn,tn
2492,20260508_212327_dns_tamper_i0Hbez,1778300610.758,1778300610.774,46626,46675,50,50,0,benign,0,0.00019895517,0,benign,0,0.5,0,benign,tn,,1,177,0.2221588938636143,0.2221588938636143,1,malicious,0.47046071932187095,0,1,1,0,0.1412774844155613,0,tn,fp,fp,tn,tn
2,20260508_211655_create_user_Tyu1u6,1778300214.242,1778300214.438,10998,11047,50,50,0,benign,0,0.00019844684,0,benign,0,0.5,0,benign,tn,,1,138,0.256494781502289,0.256494781502289,1,malicious,1.0,0,1,1,0,0.30013891278800003,0,tn,fp,fp,tn,tn
36,20260508_211655_create_user_Tyu1u6,1778300215.256,1778300215.288,11341,11392,50,50,0,benign,0,0.00019802366,0,benign,0,0.5,0,benign,tn,,1,138,0.256494781502289,0.256494781502289,1,malicious,1.0,0,1,1,0,0.300138616562,0,tn,fp,fp,tn,tn
1849,20260508_212317_basic_enum_YrdGDI,1778300595.885,1778300596.105,39726,39775,50,50,0,benign,0,0.00019560342,0,benign,0,0.5,0,benign,tn,,1,176,0.2160294663398068,0.2160294663398068,1,malicious,0.3759306848552558,0,1,1,0,0.11291612785057677,0,tn,fp,fp,tn,tn
115,20260508_211655_create_user_Tyu1u6,1778300215.806,1778300215.941,12192,12245,50,50,0,benign,0,0.00019535926,0,benign,0,0.5,0,benign,tn,,1,138,0.256494781502289,0.256494781502289,1,malicious,1.0,0,1,1,0,0.30013675148200003,0,tn,fp,fp,tn,tn
2475,20260508_212327_dns_tamper_i0Hbez,1778300610.41,1778300610.494,46454,46505,50,50,0,benign,0,0.00018860458,0,benign,0,0.5,0,benign,tn,,1,177,0.2221588938636143,0.2221588938636143,1,malicious,0.47046071932187095,0,1,1,0,0.1412702390025613,0,tn,fp,fp,tn,tn
2478,20260508_212327_dns_tamper_i0Hbez,1778300610.43,1778300610.653,46486,46535,50,50,0,benign,0,0.00018593355,0,benign,0,0.5,0,benign,tn,,1,177,0.2221588938636143,0.2221588938636143,1,malicious,0.47046071932187095,0,1,1,0,0.1412683692815613,0,tn,fp,fp,tn,tn
2395,20260508_212327_dns_tamper_i0Hbez,1778300608.743,1778300608.816,45600,45658,50,50,0,benign,0,0.00018477647,0,benign,0,0.5,0,benign,tn,,1,177,0.2221588938636143,0.2221588938636143,1,malicious,0.47046071932187095,0,1,1,0,0.1412675593255613,0,tn,fp,fp,tn,tn
1839,20260508_212317_basic_enum_YrdGDI,1778300595.193,1778300595.733,39626,39675,50,50,0,benign,0,0.00017451106,0,benign,0,0.5,0,benign,tn,,1,176,0.2160294663398068,0.2160294663398068,1,malicious,0.3759306848552558,0,1,1,0,0.11290136319857677,0,tn,fp,fp,tn,tn
1999,20260508_212317_basic_enum_YrdGDI,1778300599.3,1778300599.382,41305,41358,50,50,0,benign,0,0.00017360256,0,benign,0,0.5,0,benign,tn,,1,176,0.2160294663398068,0.2160294663398068,1,malicious,0.3759306848552558,0,1,1,0,0.11290072724857678,0,tn,fp,fp,tn,tn
2308,20260508_212327_dns_tamper_i0Hbez,1778300606.673,1778300606.96,44672,44724,50,50,0,benign,0,0.00017339957,0,benign,0,0.5,0,benign,tn,,1,177,0.2221588938636143,0.2221588938636143,1,malicious,0.47046071932187095,0,1,1,0,0.1412595954955613,0,tn,fp,fp,tn,tn
2321,20260508_212327_dns_tamper_i0Hbez,1778300607.059,1778300607.266,44809,44863,50,50,0,benign,0,0.00017315637,0,benign,0,0.5,0,benign,tn,,1,177,0.2221588938636143,0.2221588938636143,1,malicious,0.47046071932187095,0,1,1,0,0.1412594252555613,0,tn,fp,fp,tn,tn
1870,20260508_212317_basic_enum_YrdGDI,1778300596.43,1778300596.715,39936,39988,50,50,0,benign,0,0.00017291828,0,benign,0,0.5,0,benign,tn,,1,176,0.2160294663398068,0.2160294663398068,1,malicious,0.3759306848552558,0,1,1,0,0.11290024825257677,0,tn,fp,fp,tn,tn
1848,20260508_212317_basic_enum_YrdGDI,1778300595.876,1778300596.092,39716,39765,50,50,0,benign,0,0.00017279352,0,benign,0,0.5,0,benign,tn,,1,176,0.2160294663398068,0.2160294663398068,1,malicious,0.3759306848552558,0,1,1,0,0.11290016092057677,0,tn,fp,fp,tn,tn
2542,20260508_212404_nginx_delete_YuCbYY,1778300642.363,1778300643.088,47994,48043,50,50,0,benign,0,0.00016962783,0,benign,0,0.5,0,benign,tn,,1,180,0.1916537226960299,0.1916537226960299,1,malicious,0.0,0,1,1,0,0.000118739481,0,tn,fp,fp,tn,tn
2675,20260508_212404_nginx_delete_YuCbYY,1778300645.552,1778300645.712,49402,49451,50,50,0,benign,0,0.00016894328,0,benign,0,0.5,0,benign,tn,,1,181,0.2089982412022011,0.2089982412022011,1,malicious,0.26749283286683356,0,1,1,0,0.08036611015605008,0,tn,fp,fp,tn,tn
2683,20260508_212404_nginx_delete_YuCbYY,1778300645.775,1778300645.824,49482,49531,50,50,0,benign,0,0.00016725884,0,benign,0,0.5,0,benign,tn,,1,181,0.2089982412022011,0.2089982412022011,1,malicious,0.26749283286683356,0,1,1,0,0.08036493104805008,0,tn,fp,fp,tn,tn
2059,20260508_212317_basic_enum_YrdGDI,1778300600.484,1778300600.543,41934,41983,50,50,0,benign,0,0.00016721881,0,benign,0,0.5,0,benign,tn,,1,176,0.2160294663398068,0.2160294663398068,1,malicious,0.3759306848552558,0,1,1,0,0.11289625862357677,0,tn,fp,fp,tn,tn
2550,20260508_212404_nginx_delete_YuCbYY,1778300643.173,1778300643.222,48074,48123,50,50,0,benign,0,0.00016689608,0,benign,0,0.5,0,benign,tn,,1,180,0.1916537226960299,0.1916537226960299,1,malicious,0.0,0,1,1,0,0.00011682725599999998,0,tn,fp,fp,tn,tn
2335,20260508_212327_dns_tamper_i0Hbez,1778300607.429,1778300607.565,44960,45012,50,50,0,benign,0,0.00016600537,0,benign,0,0.5,0,benign,tn,,1,177,0.2221588938636143,0.2221588938636143,1,malicious,0.47046071932187095,0,1,1,0,0.1412544195555613,0,tn,fp,fp,tn,tn
153,20260508_211655_create_user_Tyu1u6,1778300216.492,1778300216.858,12588,12637,50,50,0,benign,0,0.00016571123,0,benign,0,0.5,0,benign,tn,,1,138,0.256494781502289,0.256494781502289,1,malicious,1.0,0,1,1,0,0.300115997861,0,tn,fp,fp,tn,tn
2346,20260508_212327_dns_tamper_i0Hbez,1778300607.675,1778300607.768,45077,45130,50,50,0,benign,0,0.00016567869,0,benign,0,0.5,0,benign,tn,,1,177,0.2221588938636143,0.2221588938636143,1,malicious,0.47046071932187095,0,1,1,0,0.1412541908795613,0,tn,fp,fp,tn,tn
128,20260508_211655_create_user_Tyu1u6,1778300216.032,1778300216.172,12329,12383,50,50,0,benign,0,0.00016562182,0,benign,0,0.5,0,benign,tn,,1,138,0.256494781502289,0.256494781502289,1,malicious,1.0,0,1,1,0,0.30011593527400005,0,tn,fp,fp,tn,tn
1921,20260508_212317_basic_enum_YrdGDI,1778300597.698,1778300597.782,40480,40533,50,49,1,benign,0,0.00016495452,0,benign,0,0.5,0,benign,tn,,1,176,0.2160294663398068,0.2160294663398068,1,malicious,0.3759306848552558,0,1,1,0,0.11289467362057677,0,tn,fp,fp,tn,tn
2018,20260508_212317_basic_enum_YrdGDI,1778300599.613,1778300599.694,41504,41557,50,50,0,benign,0,0.00016491898,0,benign,0,0.5,0,benign,tn,,1,176,0.2160294663398068,0.2160294663398068,1,malicious,0.3759306848552558,0,1,1,0,0.11289464874257676,0,tn,fp,fp,tn,tn
140,20260508_211655_create_user_Tyu1u6,1778300216.252,1778300216.41,12456,12507,50,50,0,benign,0,0.00016489021,0,benign,0,0.5,0,benign,tn,,1,138,0.256494781502289,0.256494781502289,1,malicious,1.0,0,1,1,0,0.30011542314700007,0,tn,fp,fp,tn,tn
30,20260508_211655_create_user_Tyu1u6,1778300215.041,1778300215.252,11278,11330,50,50,0,benign,0,0.00016418623,0,benign,0,0.5,0,benign,tn,,1,138,0.256494781502289,0.256494781502289,1,malicious,1.0,0,1,1,0,0.30011493036100007,0,tn,fp,fp,tn,tn
127,20260508_211655_create_user_Tyu1u6,1778300216.025,1778300216.165,12319,12372,50,50,0,benign,0,0.00016413818,0,benign,0,0.5,0,benign,tn,,1,138,0.256494781502289,0.256494781502289,1,malicious,1.0,0,1,1,0,0.30011489672600006,0,tn,fp,fp,tn,tn
2006,20260508_212317_basic_enum_YrdGDI,1778300599.442,1778300599.503,41379,41428,50,50,0,benign,0,0.00016394453,0,benign,0,0.5,0,benign,tn,,1,176,0.2160294663398068,0.2160294663398068,1,malicious,0.3759306848552558,0,1,1,0,0.11289396662757677,0,tn,fp,fp,tn,tn
1882,20260508_212317_basic_enum_YrdGDI,1778300596.807,1778300596.996,40063,40116,50,50,0,benign,0,0.0001638178,0,benign,0,0.5,0,benign,tn,,1,176,0.2160294663398068,0.2160294663398068,1,malicious,0.3759306848552558,0,1,1,0,0.11289387791657678,0,tn,fp,fp,tn,tn
2479,20260508_212327_dns_tamper_i0Hbez,1778300610.493,1778300610.685,46496,46545,50,50,0,benign,0,0.00016374723,0,benign,0,0.5,0,benign,tn,,1,177,0.2221588938636143,0.2221588938636143,1,malicious,0.47046071932187095,0,1,1,0,0.1412528388575613,0,tn,fp,fp,tn,tn
2477,20260508_212327_dns_tamper_i0Hbez,1778300610.427,1778300610.646,46474,46525,50,50,0,benign,0,0.00016239662,0,benign,0,0.5,0,benign,tn,,1,177,0.2221588938636143,0.2221588938636143,1,malicious,0.47046071932187095,0,1,1,0,0.1412518934305613,0,tn,fp,fp,tn,tn
2541,20260508_212404_nginx_delete_YuCbYY,1778300642.358,1778300643.082,47984,48033,50,50,0,benign,0,0.00015774055,0,benign,0,0.5,0,benign,tn,,1,180,0.1916537226960299,0.1916537226960299,1,malicious,0.0,0,1,1,0,0.00011041838499999998,0,tn,fp,fp,tn,tn
2674,20260508_212404_nginx_delete_YuCbYY,1778300645.495,1778300645.706,49391,49441,50,50,0,benign,0,0.00015661278,0,benign,0,0.5,0,benign,tn,,1,181,0.2089982412022011,0.2089982412022011,1,malicious,0.26749283286683356,0,1,1,0,0.08035747880605008,0,tn,fp,fp,tn,tn
1948,20260508_212317_basic_enum_YrdGDI,1778300598.276,1778300598.475,40768,40821,50,47,3,benign,0,0.00015645247,0,benign,0,0.5,0,benign,tn,,1,176,0.2160294663398068,0.2160294663398068,1,malicious,0.3759306848552558,0,1,1,0,0.11288872218557677,0,tn,fp,fp,tn,tn
2016,20260508_212317_basic_enum_YrdGDI,1778300599.586,1778300599.677,41484,41535,50,50,0,benign,0,0.00015610034,0,benign,0,0.5,0,benign,tn,,1,176,0.2160294663398068,0.2160294663398068,1,malicious,0.3759306848552558,0,1,1,0,0.11288847569457677,0,tn,fp,fp,tn,tn
2360,20260508_212327_dns_tamper_i0Hbez,1778300607.982,1778300608.162,45226,45279,50,49,1,benign,0,0.00015604826,0,benign,0,0.5,0,benign,tn,,1,177,0.2221588938636143,0.2221588938636143,1,malicious,0.47046071932187095,0,1,1,0,0.1412474495785613,0,tn,fp,fp,tn,tn
1896,20260508_212317_basic_enum_YrdGDI,1778300597.112,1778300597.298,40212,40265,50,50,0,benign,0,0.00015578096,0,benign,0,0.5,0,benign,tn,,1,176,0.2160294663398068,0.2160294663398068,1,malicious,0.3759306848552558,0,1,1,0,0.11288825212857677,0,tn,fp,fp,tn,tn
1935,20260508_212317_basic_enum_YrdGDI,1778300597.996,1778300598.167,40629,40682,50,49,1,benign,0,0.00015560607,0,benign,0,0.5,0,benign,tn,,1,176,0.2160294663398068,0.2160294663398068,1,malicious,0.3759306848552558,0,1,1,0,0.11288812970557677,0,tn,fp,fp,tn,tn
2061,20260508_212317_basic_enum_YrdGDI,1778300600.514,1778300600.599,41954,42003,50,50,0,benign,0,0.00015307602,0,benign,0,0.5,0,benign,tn,,1,176,0.2160294663398068,0.2160294663398068,1,malicious,0.3759306848552558,0,1,1,0,0.11288635867057677,0,tn,fp,fp,tn,tn
2384,20260508_212327_dns_tamper_i0Hbez,1778300608.535,1778300608.627,45483,45537,50,47,3,benign,0,0.00015024056,0,benign,0,0.5,0,benign,tn,,1,177,0.2221588938636143,0.2221588938636143,1,malicious,0.47046071932187095,0,1,1,0,0.1412433841885613,0,tn,fp,fp,tn,tn
1893,20260508_212317_basic_enum_YrdGDI,1778300597.084,1778300597.175,40182,40233,50,50,0,benign,0,0.00015006617,0,benign,0,0.5,0,benign,tn,,1,176,0.2160294663398068,0.2160294663398068,1,malicious,0.3759306848552558,0,1,1,0,0.11288425177557677,0,tn,fp,fp,tn,tn
2599,20260508_212404_nginx_delete_YuCbYY,1778300644.378,1778300644.396,48584,48633,50,50,0,benign,0,0.00014941738,0,benign,0,0.5,0,benign,tn,,1,181,0.2089982412022011,0.2089982412022011,1,malicious,0.26749283286683356,0,1,1,0,0.08035244202605009,0,tn,fp,fp,tn,tn
1880,20260508_212317_basic_enum_YrdGDI,1778300596.79,1778300596.873,40043,40096,50,50,0,benign,0,0.00014905563,0,benign,0,0.5,0,benign,tn,,1,176,0.2160294663398068,0.2160294663398068,1,malicious,0.3759306848552558,0,1,1,0,0.11288354439757677,0,tn,fp,fp,tn,tn
1914,20260508_212317_basic_enum_YrdGDI,1778300597.593,1778300597.669,40405,40459,50,50,0,benign,0,0.00014900306,0,benign,0,0.5,0,benign,tn,,1,176,0.2160294663398068,0.2160294663398068,1,malicious,0.3759306848552558,0,1,1,0,0.11288350759857677,0,tn,fp,fp,tn,tn
2560,20260508_212404_nginx_delete_YuCbYY,1778300643.414,1778300643.488,48174,48223,50,50,0,benign,0,0.0001473643,0,benign,0,0.5,0,benign,tn,,1,180,0.1916537226960299,0.1916537226960299,1,malicious,0.0,0,1,1,0,0.00010315501,0,tn,fp,fp,tn,tn
2569,20260508_212404_nginx_delete_YuCbYY,1778300643.531,1778300643.811,48264,48316,50,50,0,benign,0,0.00014727833,0,benign,0,0.5,0,benign,tn,,2,180|181,0.2089982412022011,0.2003259819491155,1,malicious,0.26749283286683356,0,1,1,0,0.08035094469105009,0,tn,fp,fp,tn,tn
2582,20260508_212404_nginx_delete_YuCbYY,1778300643.916,1778300644.102,48402,48455,50,50,0,benign,0,0.00014713178,0,benign,0,0.5,0,benign,tn,,1,181,0.2089982412022011,0.2089982412022011,1,malicious,0.26749283286683356,0,1,1,0,0.08035084210605008,0,tn,fp,fp,tn,tn
2661,20260508_212404_nginx_delete_YuCbYY,1778300645.205,1778300645.386,49252,49305,50,50,0,benign,0,0.00014712366,0,benign,0,0.5,0,benign,tn,,1,181,0.2089982412022011,0.2089982412022011,1,malicious,0.26749283286683356,0,1,1,0,0.08035083642205008,0,tn,fp,fp,tn,tn
2451,20260508_212327_dns_tamper_i0Hbez,1778300609.85,1778300610.034,46197,46250,50,50,0,benign,0,0.00014711467,0,benign,0,0.5,0,benign,tn,,1,177,0.2221588938636143,0.2221588938636143,1,malicious,0.47046071932187095,0,1,1,0,0.1412411960655613,0,tn,fp,fp,tn,tn
2373,20260508_212327_dns_tamper_i0Hbez,1778300608.275,1778300608.449,45365,45419,50,49,1,benign,0,0.0001470597,0,benign,0,0.5,0,benign,tn,,1,177,0.2221588938636143,0.2221588938636143,1,malicious,0.47046071932187095,0,1,1,0,0.1412411575865613,0,tn,fp,fp,tn,tn
2438,20260508_212327_dns_tamper_i0Hbez,1778300609.556,1778300609.739,46058,46111,50,50,0,benign,0,0.00014705466,0,benign,0,0.5,0,benign,tn,,1,177,0.2221588938636143,0.2221588938636143,1,malicious,0.47046071932187095,0,1,1,0,0.1412411540585613,0,tn,fp,fp,tn,tn
2648,20260508_212404_nginx_delete_YuCbYY,1778300644.897,1778300645.093,49113,49166,50,50,0,benign,0,0.00014698118,0,benign,0,0.5,0,benign,tn,,1,181,0.2089982412022011,0.2089982412022011,1,malicious,0.26749283286683356,0,1,1,0,0.08035073668605008,0,tn,fp,fp,tn,tn
2494,20260508_212327_dns_tamper_i0Hbez,1778300610.76,1778300610.835,46646,46695,50,50,0,benign,0,0.0001459121,0,benign,0,0.5,0,benign,tn,,1,177,0.2221588938636143,0.2221588938636143,1,malicious,0.47046071932187095,0,1,1,0,0.1412403542665613,0,tn,fp,fp,tn,tn
1932,20260508_212317_basic_enum_YrdGDI,1778300597.959,1778300598.046,40599,40650,50,49,1,benign,0,0.0001449627,0,benign,0,0.5,0,benign,tn,,1,176,0.2160294663398068,0.2160294663398068,1,malicious,0.3759306848552558,0,1,1,0,0.11288067934657676,0,tn,fp,fp,tn,tn
2561,20260508_212404_nginx_delete_YuCbYY,1778300643.441,1778300643.501,48184,48233,50,50,0,benign,0,0.00014461891,0,benign,0,0.5,0,benign,tn,,1,180,0.1916537226960299,0.1916537226960299,1,malicious,0.0,0,1,1,0,0.000101233237,0,tn,fp,fp,tn,tn
2357,20260508_212327_dns_tamper_i0Hbez,1778300607.949,1778300608.042,45196,45247,50,49,1,benign,0,0.00014454144,0,benign,0,0.5,0,benign,tn,,1,177,0.2221588938636143,0.2221588938636143,1,malicious,0.47046071932187095,0,1,1,0,0.1412393948045613,0,tn,fp,fp,tn,tn
1861,20260508_212317_basic_enum_YrdGDI,1778300596.32,1778300596.388,39846,39895,50,50,0,benign,0,0.00014447338,0,benign,0,0.5,0,benign,tn,,1,176,0.2160294663398068,0.2160294663398068,1,malicious,0.3759306848552558,0,1,1,0,0.11288033682257677,0,tn,fp,fp,tn,tn
2646,20260508_212404_nginx_delete_YuCbYY,1778300644.88,1778300644.985,49092,49145,50,50,0,benign,0,0.00014423195,0,benign,0,0.5,0,benign,tn,,1,181,0.2089982412022011,0.2089982412022011,1,malicious,0.26749283286683356,0,1,1,0,0.08034881222505008,0,tn,fp,fp,tn,tn
2449,20260508_212327_dns_tamper_i0Hbez,1778300609.833,1778300609.922,46176,46229,50,50,0,benign,0,0.00014422259,0,benign,0,0.5,0,benign,tn,,1,177,0.2221588938636143,0.2221588938636143,1,malicious,0.47046071932187095,0,1,1,0,0.1412391716095613,0,tn,fp,fp,tn,tn
2567,20260508_212404_nginx_delete_YuCbYY,1778300643.509,1778300643.702,48244,48295,50,50,0,benign,0,0.00014387522,0,benign,0,0.5,0,benign,tn,,1,180,0.1916537226960299,0.1916537226960299,1,malicious,0.0,0,1,1,0,0.000100712654,0,tn,fp,fp,tn,tn
2659,20260508_212404_nginx_delete_YuCbYY,1778300645.188,1778300645.279,49231,49284,50,50,0,benign,0,0.00014385999,0,benign,0,0.5,0,benign,tn,,1,181,0.2089982412022011,0.2089982412022011,1,malicious,0.26749283286683356,0,1,1,0,0.08034855185305008,0,tn,fp,fp,tn,tn
2436,20260508_212327_dns_tamper_i0Hbez,1778300609.536,1778300609.632,46037,46090,50,50,0,benign,0,0.00014350159,0,benign,0,0.5,0,benign,tn,,1,177,0.2221588938636143,0.2221588938636143,1,malicious,0.47046071932187095,0,1,1,0,0.1412386669095613,0,tn,fp,fp,tn,tn
1883,20260508_212317_basic_enum_YrdGDI,1778300596.816,1778300597.002,40073,40127,50,50,0,benign,0,0.00014309345,0,benign,0,0.5,0,benign,tn,,1,176,0.2160294663398068,0.2160294663398068,1,malicious,0.3759306848552558,0,1,1,0,0.11287937087157678,0,tn,fp,fp,tn,tn
2386,20260508_212327_dns_tamper_i0Hbez,1778300608.549,1778300608.734,45505,45558,50,47,3,benign,0,0.0001425536,0,benign,0,0.5,0,benign,tn,,1,177,0.2221588938636143,0.2221588938636143,1,malicious,0.47046071932187095,0,1,1,0,0.1412380033165613,0,tn,fp,fp,tn,tn
2393,20260508_212327_dns_tamper_i0Hbez,1778300608.74,1778300608.781,45580,45638,50,50,0,benign,0,0.00014243851,0,benign,0,0.5,0,benign,tn,,1,177,0.2221588938636143,0.2221588938636143,1,malicious,0.47046071932187095,0,1,1,0,0.1412379227535613,0,tn,fp,fp,tn,tn
2371,20260508_212327_dns_tamper_i0Hbez,1778300608.256,1778300608.341,45345,45398,50,49,1,benign,0,0.00014195676,0,benign,0,0.5,0,benign,tn,,1,177,0.2221588938636143,0.2221588938636143,1,malicious,0.47046071932187095,0,1,1,0,0.1412375855285613,0,tn,fp,fp,tn,tn
2580,20260508_212404_nginx_delete_YuCbYY,1778300643.9,1778300643.996,48381,48434,50,50,0,benign,0,0.00014154815,0,benign,0,0.5,0,benign,tn,,1,181,0.2089982412022011,0.2089982412022011,1,malicious,0.26749283286683356,0,1,1,0,0.08034693356505009,0,tn,fp,fp,tn,tn
2474,20260508_212327_dns_tamper_i0Hbez,1778300610.398,1778300610.493,46444,46495,50,50,0,benign,0,0.00014149565,0,benign,0,0.5,0,benign,tn,,1,177,0.2221588938636143,0.2221588938636143,1,malicious,0.47046071932187095,0,1,1,0,0.1412372627515613,0,tn,fp,fp,tn,tn
138,20260508_211655_create_user_Tyu1u6,1778300216.232,1778300216.268,12436,12487,50,50,0,benign,0,0.0001407668,0,benign,0,0.5,0,benign,tn,,1,138,0.256494781502289,0.256494781502289,1,malicious,1.0,0,1,1,0,0.30009853676000003,0,tn,fp,fp,tn,tn
2347,20260508_212327_dns_tamper_i0Hbez,1778300607.681,1778300607.871,45087,45140,50,50,0,benign,0,0.00014073392,0,benign,0,0.5,0,benign,tn,,1,177,0.2221588938636143,0.2221588938636143,1,malicious,0.47046071932187095,0,1,1,0,0.1412367295405613,0,tn,fp,fp,tn,tn
43,20260508_211655_create_user_Tyu1u6,1778300215.306,1778300215.351,11413,11464,50,50,0,benign,0,0.00014050356,0,benign,0,0.5,0,benign,tn,,1,138,0.256494781502289,0.256494781502289,1,malicious,1.0,0,1,1,0,0.30009835249200006,0,tn,fp,fp,tn,tn
2019,20260508_212317_basic_enum_YrdGDI,1778300599.623,1778300599.796,41514,41567,50,50,0,benign,0,0.00014047301,0,benign,0,0.5,0,benign,tn,,1,176,0.2160294663398068,0.2160294663398068,1,malicious,0.3759306848552558,0,1,1,0,0.11287753656357677,0,tn,fp,fp,tn,tn
1922,20260508_212317_basic_enum_YrdGDI,1778300597.708,1778300597.883,40490,40543,50,49,1,benign,0,0.00014044596,0,benign,0,0.5,0,benign,tn,,1,176,0.2160294663398068,0.2160294663398068,1,malicious,0.3759306848552558,0,1,1,0,0.11287751762857677,0,tn,fp,fp,tn,tn
1907,20260508_212317_basic_enum_YrdGDI,1778300597.396,1778300597.473,40331,40384,50,50,0,benign,0,0.00013882437,0,benign,0,0.5,0,benign,tn,,1,176,0.2160294663398068,0.2160294663398068,1,malicious,0.3759306848552558,0,1,1,0,0.11287638251557677,0,tn,fp,fp,tn,tn
141,20260508_211655_create_user_Tyu1u6,1778300216.256,1778300216.418,12467,12517,50,50,0,benign,0,0.00013870992,0,benign,0,0.5,0,benign,tn,,1,138,0.256494781502289,0.256494781502289,1,malicious,1.0,0,1,1,0,0.30009709694400005,0,tn,fp,fp,tn,tn
1905,20260508_212317_basic_enum_YrdGDI,1778300597.367,1778300597.415,40311,40362,50,50,0,benign,0,0.00013846214,0,benign,0,0.5,0,benign,tn,,1,176,0.2160294663398068,0.2160294663398068,1,malicious,0.3759306848552558,0,1,1,0,0.11287612895457677,0,tn,fp,fp,tn,tn
1944,20260508_212317_basic_enum_YrdGDI,1778300598.231,1778300598.279,40728,40779,50,50,0,benign,0,0.00013845593,0,benign,0,0.5,0,benign,tn,,1,176,0.2160294663398068,0.2160294663398068,1,malicious,0.3759306848552558,0,1,1,0,0.11287612460757677,0,tn,fp,fp,tn,tn
1957,20260508_212317_basic_enum_YrdGDI,1778300598.569,1778300598.615,40867,40918,50,50,0,benign,0,0.00013844049,0,benign,0,0.5,0,benign,tn,,1,176,0.2160294663398068,0.2160294663398068,1,malicious,0.3759306848552558,0,1,1,0,0.11287611379957677,0,tn,fp,fp,tn,tn
2369,20260508_212327_dns_tamper_i0Hbez,1778300608.23,1778300608.276,45325,45376,50,50,0,benign,0,0.00013842425,0,benign,0,0.5,0,benign,tn,,1,177,0.2221588938636143,0.2221588938636143,1,malicious,0.47046071932187095,0,1,1,0,0.1412351127715613,0,tn,fp,fp,tn,tn
1971,20260508_212317_basic_enum_YrdGDI,1778300598.87,1778300598.912,41016,41067,50,50,0,benign,0,0.00013840274,0,benign,0,0.5,0,benign,tn,,1,176,0.2160294663398068,0.2160294663398068,1,malicious,0.3759306848552558,0,1,1,0,0.11287608737457677,0,tn,fp,fp,tn,tn
125,20260508_211655_create_user_Tyu1u6,1778300216.005,1778300216.047,12299,12352,50,50,0,benign,0,0.0001376398,0,benign,0,0.5,0,benign,tn,,1,138,0.256494781502289,0.256494781502289,1,malicious,1.0,0,1,1,0,0.30009634786000006,0,tn,fp,fp,tn,tn
2344,20260508_212327_dns_tamper_i0Hbez,1778300607.651,1778300607.75,45057,45108,50,50,0,benign,0,0.00013746221,0,benign,0,0.5,0,benign,tn,,1,177,0.2221588938636143,0.2221588938636143,1,malicious,0.47046071932187095,0,1,1,0,0.1412344393435613,0,tn,fp,fp,tn,tn
2299,20260508_212327_dns_tamper_i0Hbez,1778300606.555,1778300606.628,44582,44631,50,50,0,benign,0,0.00013738332,0,benign,0,0.5,0,benign,tn,,1,177,0.2221588938636143,0.2221588938636143,1,malicious,0.47046071932187095,0,1,1,0,0.1412343841205613,0,tn,fp,fp,tn,tn
21,20260508_211655_create_user_Tyu1u6,1778300214.942,1778300215.004,11188,11237,50,50,0,benign,0,0.00013721314,0,benign,0,0.5,0,benign,tn,,1,138,0.256494781502289,0.256494781502289,1,malicious,1.0,0,1,1,0,0.30009604919800004,0,tn,fp,fp,tn,tn
1869,20260508_212317_basic_enum_YrdGDI,1778300596.424,1778300596.708,39926,39977,50,50,0,benign,0,0.00013636595,0,benign,0,0.5,0,benign,tn,,1,176,0.2160294663398068,0.2160294663398068,1,malicious,0.3759306848552558,0,1,1,0,0.11287466162157676,0,tn,fp,fp,tn,tn
2307,20260508_212327_dns_tamper_i0Hbez,1778300606.668,1778300606.954,44662,44713,50,50,0,benign,0,0.00013636505,0,benign,0,0.5,0,benign,tn,,1,177,0.2221588938636143,0.2221588938636143,1,malicious,0.47046071932187095,0,1,1,0,0.1412336713315613,0,tn,fp,fp,tn,tn
29,20260508_211655_create_user_Tyu1u6,1778300215.036,1778300215.244,11268,11319,50,50,0,benign,0,0.00013636376,0,benign,0,0.5,0,benign,tn,,1,138,0.256494781502289,0.256494781502289,1,malicious,1.0,0,1,1,0,0.30009545463200005,0,tn,fp,fp,tn,tn
150,20260508_211655_create_user_Tyu1u6,1778300216.463,1778300216.501,12558,12607,50,50,0,benign,0,0.00013617403,0,benign,0,0.5,0,benign,tn,,1,138,0.256494781502289,0.256494781502289,1,malicious,1.0,0,1,1,0,0.30009532182100007,0,tn,fp,fp,tn,tn
2331,20260508_212327_dns_tamper_i0Hbez,1778300607.343,1778300607.438,44918,44969,50,50,0,benign,0,0.00013616157,0,benign,0,0.5,0,benign,tn,,1,177,0.2221588938636143,0.2221588938636143,1,malicious,0.47046071932187095,0,1,1,0,0.1412335288955613,0,tn,fp,fp,tn,tn
1852,20260508_212317_basic_enum_YrdGDI,1778300596.083,1778300596.123,39756,39805,50,50,0,benign,0,0.00013607902,0,benign,0,0.5,0,benign,tn,,1,176,0.2160294663398068,0.2160294663398068,1,malicious,0.3759306848552558,0,1,1,0,0.11287446077057676,0,tn,fp,fp,tn,tn
2055,20260508_212317_basic_enum_YrdGDI,1778300600.463,1778300600.498,41894,41943,50,50,0,benign,0,0.00013605761,0,benign,0,0.5,0,benign,tn,,1,176,0.2160294663398068,0.2160294663398068,1,malicious,0.3759306848552558,0,1,1,0,0.11287444578357678,0,tn,fp,fp,tn,tn
2554,20260508_212404_nginx_delete_YuCbYY,1778300643.218,1778300643.407,48114,48163,50,50,0,benign,0,0.00013604685,0,benign,0,0.5,0,benign,tn,,1,180,0.1916537226960299,0.1916537226960299,1,malicious,0.0,0,1,1,0,9.523279500000001e-05,0,tn,fp,fp,tn,tn
2540,20260508_212404_nginx_delete_YuCbYY,1778300642.357,1778300643.081,47974,48023,50,50,0,benign,0,0.00013599885,0,benign,0,0.5,0,benign,tn,,1,180,0.1916537226960299,0.1916537226960299,1,malicious,0.0,0,1,1,0,9.5199195e-05,0,tn,fp,fp,tn,tn
2320,20260508_212327_dns_tamper_i0Hbez,1778300607.051,1778300607.26,44799,44852,50,50,0,benign,0,0.00013595607,0,benign,0,0.5,0,benign,tn,,1,177,0.2221588938636143,0.2221588938636143,1,malicious,0.47046071932187095,0,1,1,0,0.1412333850455613,0,tn,fp,fp,tn,tn
1947,20260508_212317_basic_enum_YrdGDI,1778300598.265,1778300598.473,40758,40811,50,47,3,benign,0,0.0001336682,0,benign,0,0.5,0,benign,tn,,1,176,0.2160294663398068,0.2160294663398068,1,malicious,0.3759306848552558,0,1,1,0,0.11287277319657676,0,tn,fp,fp,tn,tn
2579,20260508_212404_nginx_delete_YuCbYY,1778300643.891,1778300643.977,48371,48424,50,50,0,benign,0,0.00013316238,0,benign,0,0.5,0,benign,tn,,1,181,0.2089982412022011,0.2089982412022011,1,malicious,0.26749283286683356,0,1,1,0,0.08034106352605008,0,tn,fp,fp,tn,tn
2673,20260508_212404_nginx_delete_YuCbYY,1778300645.488,1778300645.704,49380,49431,50,50,0,benign,0,0.00013291805,0,benign,0,0.5,0,benign,tn,,1,181,0.2089982412022011,0.2089982412022011,1,malicious,0.26749283286683356,0,1,1,0,0.08034089249505008,0,tn,fp,fp,tn,tn
1895,20260508_212317_basic_enum_YrdGDI,1778300597.105,1778300597.296,40202,40255,50,50,0,benign,0,0.00013289803,0,benign,0,0.5,0,benign,tn,,1,176,0.2160294663398068,0.2160294663398068,1,malicious,0.3759306848552558,0,1,1,0,0.11287223407757677,0,tn,fp,fp,tn,tn
2566,20260508_212404_nginx_delete_YuCbYY,1778300643.502,1778300643.59,48234,48285,50,50,0,benign,0,0.00013270314,0,benign,0,0.5,0,benign,tn,,1,180,0.1916537226960299,0.1916537226960299,1,malicious,0.0,0,1,1,0,9.2892198e-05,0,tn,fp,fp,tn,tn
2359,20260508_212327_dns_tamper_i0Hbez,1778300607.97,1778300608.161,45216,45269,50,49,1,benign,0,0.00013259776,0,benign,0,0.5,0,benign,tn,,1,177,0.2221588938636143,0.2221588938636143,1,malicious,0.47046071932187095,0,1,1,0,0.14123103422856131,0,tn,fp,fp,tn,tn
1934,20260508_212317_basic_enum_YrdGDI,1778300597.985,1778300598.166,40619,40672,50,49,1,benign,0,0.00013259525,0,benign,0,0.5,0,benign,tn,,1,176,0.2160294663398068,0.2160294663398068,1,malicious,0.3759306848552558,0,1,1,0,0.11287202213157677,0,tn,fp,fp,tn,tn
14,20260508_211655_create_user_Tyu1u6,1778300214.777,1778300214.81,11118,11167,50,50,0,benign,0,0.00013130583,0,benign,0,0.5,0,benign,tn,,1,138,0.256494781502289,0.256494781502289,1,malicious,1.0,0,1,1,0,0.30009191408100006,0,tn,fp,fp,tn,tn
2385,20260508_212327_dns_tamper_i0Hbez,1778300608.544,1778300608.728,45494,45547,50,47,3,benign,0,0.00012992288,0,benign,0,0.5,0,benign,tn,,1,177,0.2221588938636143,0.2221588938636143,1,malicious,0.47046071932187095,0,1,1,0,0.1412291618125613,0,tn,fp,fp,tn,tn
2568,20260508_212404_nginx_delete_YuCbYY,1778300643.527,1778300643.804,48254,48305,50,50,0,benign,0,0.00012922222,0,benign,0,0.5,0,benign,tn,,2,180|181,0.2089982412022011,0.2003259819491155,1,malicious,0.26749283286683356,0,1,1,0,0.08033830541405008,0,tn,fp,fp,tn,tn
2450,20260508_212327_dns_tamper_i0Hbez,1778300609.845,1778300610.028,46186,46239,50,50,0,benign,0,0.00012920484,0,benign,0,0.5,0,benign,tn,,1,177,0.2221588938636143,0.2221588938636143,1,malicious,0.47046071932187095,0,1,1,0,0.1412286591845613,0,tn,fp,fp,tn,tn
2647,20260508_212404_nginx_delete_YuCbYY,1778300644.89,1778300645.086,49102,49155,50,50,0,benign,0,0.00012916738,0,benign,0,0.5,0,benign,tn,,1,181,0.2089982412022011,0.2089982412022011,1,malicious,0.26749283286683356,0,1,1,0,0.08033826702605008,0,tn,fp,fp,tn,tn
1887,20260508_212317_basic_enum_YrdGDI,1778300596.996,1778300597.066,40117,40171,50,50,0,benign,0,0.00012912798,0,benign,0,0.5,0,benign,tn,,1,176,0.2160294663398068,0.2160294663398068,1,malicious,0.3759306848552558,0,1,1,0,0.11286959504257676,0,tn,fp,fp,tn,tn
2437,20260508_212327_dns_tamper_i0Hbez,1778300609.548,1778300609.733,46047,46100,50,50,0,benign,0,0.00012910803,0,benign,0,0.5,0,benign,tn,,1,177,0.2221588938636143,0.2221588938636143,1,malicious,0.47046071932187095,0,1,1,0,0.1412285914175613,0,tn,fp,fp,tn,tn
2660,20260508_212404_nginx_delete_YuCbYY,1778300645.197,1778300645.381,49241,49294,50,50,0,benign,0,0.00012909104,0,benign,0,0.5,0,benign,tn,,1,181,0.2089982412022011,0.2089982412022011,1,malicious,0.26749283286683356,0,1,1,0,0.08033821358805009,0,tn,fp,fp,tn,tn
2372,20260508_212327_dns_tamper_i0Hbez,1778300608.263,1778300608.442,45355,45408,50,49,1,benign,0,0.00012907098,0,benign,0,0.5,0,benign,tn,,1,177,0.2221588938636143,0.2221588938636143,1,malicious,0.47046071932187095,0,1,1,0,0.1412285654825613,0,tn,fp,fp,tn,tn
2581,20260508_212404_nginx_delete_YuCbYY,1778300643.91,1778300644.096,48391,48444,50,50,0,benign,0,0.00012889829,0,benign,0,0.5,0,benign,tn,,1,181,0.2089982412022011,0.2089982412022011,1,malicious,0.26749283286683356,0,1,1,0,0.08033807866305008,0,tn,fp,fp,tn,tn
35,20260508_211655_create_user_Tyu1u6,1778300215.252,1778300215.269,11331,11382,50,50,0,benign,0,0.0001279518,0,benign,0,0.5,0,benign,tn,,1,138,0.256494781502289,0.256494781502289,1,malicious,1.0,0,1,1,0,0.30008956626000005,0,tn,fp,fp,tn,tn
16,20260508_211655_create_user_Tyu1u6,1778300214.796,1778300214.942,11138,11187,50,50,0,benign,0,0.00012723204,0,benign,0,0.5,0,benign,tn,,1,138,0.256494781502289,0.256494781502289,1,malicious,1.0,0,1,1,0,0.30008906242800004,0,tn,fp,fp,tn,tn
1909,20260508_212317_basic_enum_YrdGDI,1778300597.413,1778300597.593,40351,40404,50,50,0,benign,0,0.0001270657,0,benign,0,0.5,0,benign,tn,,1,176,0.2160294663398068,0.2160294663398068,1,malicious,0.3759306848552558,0,1,1,0,0.11286815144657678,0,tn,fp,fp,tn,tn
2604,20260508_212404_nginx_delete_YuCbYY,1778300644.397,1778300644.48,48634,48688,50,50,0,benign,0,0.00012594805,0,benign,0,0.5,0,benign,tn,,1,181,0.2089982412022011,0.2089982412022011,1,malicious,0.26749283286683356,0,1,1,0,0.08033601349505008,0,tn,fp,fp,tn,tn
2352,20260508_212327_dns_tamper_i0Hbez,1778300607.871,1778300607.948,45141,45195,50,50,0,benign,0,0.00012540111,0,benign,0,0.5,0,benign,tn,,1,177,0.2221588938636143,0.2221588938636143,1,malicious,0.47046071932187095,0,1,1,0,0.1412259965735613,0,tn,fp,fp,tn,tn
2024,20260508_212317_basic_enum_YrdGDI,1778300599.796,1778300599.873,41568,41622,50,50,0,benign,0,0.00012530775,0,benign,0,0.5,0,benign,tn,,1,176,0.2160294663398068,0.2160294663398068,1,malicious,0.3759306848552558,0,1,1,0,0.11286692088157677,0,tn,fp,fp,tn,tn
1939,20260508_212317_basic_enum_YrdGDI,1778300598.166,1778300598.231,40673,40727,50,50,0,benign,0,0.00012530752,0,benign,0,0.5,0,benign,tn,,1,176,0.2160294663398068,0.2160294663398068,1,malicious,0.3759306848552558,0,1,1,0,0.11286692072057677,0,tn,fp,fp,tn,tn
2473,20260508_212327_dns_tamper_i0Hbez,1778300610.385,1778300610.43,46434,46485,50,50,0,benign,0,0.00012389035,0,benign,0,0.5,0,benign,tn,,1,177,0.2221588938636143,0.2221588938636143,1,malicious,0.47046071932187095,0,1,1,0,0.1412249390415613,0,tn,fp,fp,tn,tn
112,20260508_211655_create_user_Tyu1u6,1778300215.778,1778300215.822,12162,12213,50,50,0,benign,0,0.00012372235,0,benign,0,0.5,0,benign,tn,,1,138,0.256494781502289,0.256494781502289,1,malicious,1.0,0,1,1,0,0.30008660564500006,0,tn,fp,fp,tn,tn
145,20260508_211655_create_user_Tyu1u6,1778300216.41,1778300216.459,12508,12557,50,50,0,benign,0,0.00012363378,0,benign,0,0.5,0,benign,tn,,1,138,0.256494781502289,0.256494781502289,1,malicious,1.0,0,1,1,0,0.30008654364600007,0,tn,fp,fp,tn,tn
1908,20260508_212317_basic_enum_YrdGDI,1778300597.404,1778300597.489,40341,40394,50,50,0,benign,0,0.0001234924,0,benign,0,0.5,0,benign,tn,,1,176,0.2160294663398068,0.2160294663398068,1,malicious,0.3759306848552558,0,1,1,0,0.11286565013657678,0,tn,fp,fp,tn,tn
104,20260508_211655_create_user_Tyu1u6,1778300215.598,1778300215.741,12077,12131,50,50,0,benign,0,0.00012230853,0,benign,0,0.5,0,benign,tn,,1,138,0.256494781502289,0.256494781502289,1,malicious,1.0,0,1,1,0,0.30008561597100003,0,tn,fp,fp,tn,tn
15,20260508_211655_create_user_Tyu1u6,1778300214.784,1778300214.84,11128,11177,50,50,0,benign,0,0.00012213767,0,benign,0,0.5,0,benign,tn,,1,138,0.256494781502289,0.256494781502289,1,malicious,1.0,0,1,1,0,0.30008549636900006,0,tn,fp,fp,tn,tn
1842,20260508_212317_basic_enum_YrdGDI,1778300595.198,1778300595.843,39656,39705,50,50,0,benign,0,0.000121888916,0,benign,0,0.5,0,benign,tn,,1,176,0.2160294663398068,0.2160294663398068,1,malicious,0.3759306848552558,0,1,1,0,0.11286452769777677,0,tn,fp,fp,tn,tn
2290,20260508_212327_dns_tamper_i0Hbez,1778300606.328,1778300606.363,44492,44541,50,50,0,benign,0,0.00012174824,0,benign,0,0.5,0,benign,tn,,1,177,0.2221588938636143,0.2221588938636143,1,malicious,0.47046071932187095,0,1,1,0,0.1412234395645613,0,tn,fp,fp,tn,tn
120,20260508_211655_create_user_Tyu1u6,1778300215.949,1778300216.004,12247,12298,50,50,0,benign,0,0.00012148802,0,benign,0,0.5,0,benign,tn,,1,138,0.256494781502289,0.256494781502289,1,malicious,1.0,0,1,1,0,0.30008504161400007,0,tn,fp,fp,tn,tn
2295,20260508_212327_dns_tamper_i0Hbez,1778300606.411,1778300606.56,44542,44591,50,50,0,benign,0,0.000121421646,0,benign,0,0.5,0,benign,tn,,1,177,0.2221588938636143,0.2221588938636143,1,malicious,0.47046071932187095,0,1,1,0,0.1412232109487613,0,tn,fp,fp,tn,tn
2047,20260508_212317_basic_enum_YrdGDI,1778300600.25,1778300600.409,41814,41863,50,50,0,benign,0,0.000121390614,0,benign,0,0.5,0,benign,tn,,1,176,0.2160294663398068,0.2160294663398068,1,malicious,0.3759306848552558,0,1,1,0,0.11286417888637677,0,tn,fp,fp,tn,tn
1857,20260508_212317_basic_enum_YrdGDI,1778300596.123,1778300596.326,39806,39855,50,50,0,benign,0,0.000121381825,0,benign,0,0.5,0,benign,tn,,1,176,0.2160294663398068,0.2160294663398068,1,malicious,0.3759306848552558,0,1,1,0,0.11286417273407677,0,tn,fp,fp,tn,tn
2370,20260508_212327_dns_tamper_i0Hbez,1778300608.246,1778300608.325,45335,45388,50,49,1,benign,0,0.000121067635,0,benign,0,0.5,0,benign,tn,,1,177,0.2221588938636143,0.2221588938636143,1,malicious,0.47046071932187095,0,1,1,0,0.1412229631410613,0,tn,fp,fp,tn,tn
2037,20260508_212317_basic_enum_YrdGDI,1778300600.092,1778300600.157,41707,41761,50,50,0,benign,0,0.00012090773,0,benign,0,0.5,0,benign,tn,,1,176,0.2160294663398068,0.2160294663398068,1,malicious,0.3759306848552558,0,1,1,0,0.11286384086757677,0,tn,fp,fp,tn,tn
2312,20260508_212327_dns_tamper_i0Hbez,1778300606.954,1778300607.021,44714,44768,50,50,0,benign,0,0.000120749435,0,benign,0,0.5,0,benign,tn,,1,177,0.2221588938636143,0.2221588938636143,1,malicious,0.47046071932187095,0,1,1,0,0.1412227404010613,0,tn,fp,fp,tn,tn
119,20260508_211655_create_user_Tyu1u6,1778300215.941,1778300215.993,12236,12288,50,50,0,benign,0,0.00011932256,0,benign,0,0.5,0,benign,tn,,1,138,0.256494781502289,0.256494781502289,1,malicious,1.0,0,1,1,0,0.30008352579200004,0,tn,fp,fp,tn,tn
1879,20260508_212317_basic_enum_YrdGDI,1778300596.778,1778300596.817,40033,40084,50,50,0,benign,0,0.00011931073,0,benign,0,0.5,0,benign,tn,,1,176,0.2160294663398068,0.2160294663398068,1,malicious,0.3759306848552558,0,1,1,0,0.11286272296757677,0,tn,fp,fp,tn,tn
2317,20260508_212327_dns_tamper_i0Hbez,1778300607.021,1778300607.061,44769,44820,50,50,0,benign,0,0.00011930676,0,benign,0,0.5,0,benign,tn,,1,177,0.2221588938636143,0.2221588938636143,1,malicious,0.47046071932187095,0,1,1,0,0.1412217305285613,0,tn,fp,fp,tn,tn
2330,20260508_212327_dns_tamper_i0Hbez,1778300607.327,1778300607.376,44908,44959,50,50,0,benign,0,0.00011930482,0,benign,0,0.5,0,benign,tn,,1,177,0.2221588938636143,0.2221588938636143,1,malicious,0.47046071932187095,0,1,1,0,0.1412217291705613,0,tn,fp,fp,tn,tn
9,20260508_211655_create_user_Tyu1u6,1778300214.463,1778300214.776,11068,11117,50,50,0,benign,0,0.00011916997,0,benign,0,0.5,0,benign,tn,,1,138,0.256494781502289,0.256494781502289,1,malicious,1.0,0,1,1,0,0.30008341897900004,0,tn,fp,fp,tn,tn
1884,20260508_212317_basic_enum_YrdGDI,1778300596.868,1778300597.036,40085,40140,50,50,0,benign,0,0.00011759861,0,benign,0,0.5,0,benign,tn,,1,176,0.2160294663398068,0.2160294663398068,1,malicious,0.3759306848552558,0,1,1,0,0.11286152448357677,0,tn,fp,fp,tn,tn
106,20260508_211655_create_user_Tyu1u6,1778300215.616,1778300215.767,12099,12151,50,50,0,benign,0,0.00011750815,0,benign,0,0.5,0,benign,tn,,1,138,0.256494781502289,0.256494781502289,1,malicious,1.0,0,1,1,0,0.300082255705,0,tn,fp,fp,tn,tn
2636,20260508_212404_nginx_delete_YuCbYY,1778300644.654,1778300644.819,48985,49040,50,50,0,benign,0,0.00011684522,0,benign,0,0.5,0,benign,tn,,1,181,0.2089982412022011,0.2089982412022011,1,malicious,0.26749283286683356,0,1,1,0,0.08032964151405009,0,tn,fp,fp,tn,tn
2583,20260508_212404_nginx_delete_YuCbYY,1778300643.973,1778300644.136,48413,48468,50,50,0,benign,0,0.00011680936,0,benign,0,0.5,0,benign,tn,,1,181,0.2089982412022011,0.2089982412022011,1,malicious,0.26749283286683356,0,1,1,0,0.08032961641205008,0,tn,fp,fp,tn,tn
2406,20260508_212327_dns_tamper_i0Hbez,1778300608.928,1778300609.095,45721,45776,50,48,2,benign,0,0.00011679376,0,benign,0,0.5,0,benign,tn,,1,177,0.2221588938636143,0.2221588938636143,1,malicious,0.47046071932187095,0,1,1,0,0.1412199714285613,0,tn,fp,fp,tn,tn
2649,20260508_212404_nginx_delete_YuCbYY,1778300644.958,1778300645.125,49124,49179,50,50,0,benign,0,0.000116783405,0,benign,0,0.5,0,benign,tn,,1,181,0.2089982412022011,0.2089982412022011,1,malicious,0.26749283286683356,0,1,1,0,0.08032959824355008,0,tn,fp,fp,tn,tn
2439,20260508_212327_dns_tamper_i0Hbez,1778300609.604,1778300609.773,46069,46124,50,50,0,benign,0,0.00011660758,0,benign,0,0.5,0,benign,tn,,1,177,0.2221588938636143,0.2221588938636143,1,malicious,0.47046071932187095,0,1,1,0,0.1412198411025613,0,tn,fp,fp,tn,tn
2452,20260508_212327_dns_tamper_i0Hbez,1778300609.899,1778300610.068,46208,46263,50,50,0,benign,0,0.00011660748,0,benign,0,0.5,0,benign,tn,,1,177,0.2221588938636143,0.2221588938636143,1,malicious,0.47046071932187095,0,1,1,0,0.1412198410325613,0,tn,fp,fp,tn,tn
2662,20260508_212404_nginx_delete_YuCbYY,1778300645.252,1778300645.42,49263,49318,50,50,0,benign,0,0.00011660436,0,benign,0,0.5,0,benign,tn,,1,181,0.2089982412022011,0.2089982412022011,1,malicious,0.26749283286683356,0,1,1,0,0.08032947291205009,0,tn,fp,fp,tn,tn
2570,20260508_212404_nginx_delete_YuCbYY,1778300643.584,1778300643.845,48274,48329,50,50,0,benign,0,0.00011659436,0,benign,0,0.5,0,benign,tn,,2,180|181,0.2089982412022011,0.2003259819491155,1,malicious,0.26749283286683356,0,1,1,0,0.08032946591205008,0,tn,fp,fp,tn,tn
2063,20260508_212317_basic_enum_YrdGDI,1778300600.537,1778300600.817,41974,42023,50,50,0,benign,0,0.000116584575,0,benign,0,0.5,0,benign,tn,,1,176,0.2160294663398068,0.2160294663398068,1,malicious,0.3759306848552558,0,1,1,0,0.11286081465907677,0,tn,fp,fp,tn,tn
2374,20260508_212327_dns_tamper_i0Hbez,1778300608.276,1778300608.482,45377,45432,50,49,1,benign,0,0.00011657734,0,benign,0,0.5,0,benign,tn,,1,177,0.2221588938636143,0.2221588938636143,1,malicious,0.47046071932187095,0,1,1,0,0.1412198199345613,0,tn,fp,fp,tn,tn
1841,20260508_212317_basic_enum_YrdGDI,1778300595.195,1778300595.837,39646,39695,50,50,0,benign,0,0.00011618836,0,benign,0,0.5,0,benign,tn,,1,176,0.2160294663398068,0.2160294663398068,1,malicious,0.3759306848552558,0,1,1,0,0.11286053730857677,0,tn,fp,fp,tn,tn
2325,20260508_212327_dns_tamper_i0Hbez,1778300607.26,1778300607.326,44853,44907,50,50,0,benign,0,0.00011607365,0,benign,0,0.5,0,benign,tn,,1,177,0.2221588938636143,0.2221588938636143,1,malicious,0.47046071932187095,0,1,1,0,0.1412194673515613,0,tn,fp,fp,tn,tn
1874,20260508_212317_basic_enum_YrdGDI,1778300596.709,1778300596.777,39978,40032,50,50,0,benign,0,0.0001160046,0,benign,0,0.5,0,benign,tn,,1,176,0.2160294663398068,0.2160294663398068,1,malicious,0.3759306848552558,0,1,1,0,0.11286040867657678,0,tn,fp,fp,tn,tn
2336,20260508_212327_dns_tamper_i0Hbez,1778300607.438,1778300607.602,44970,45026,50,50,0,benign,0,0.000115968105,0,benign,0,0.5,0,benign,tn,,1,177,0.2221588938636143,0.2221588938636143,1,malicious,0.47046071932187095,0,1,1,0,0.1412193934700613,0,tn,fp,fp,tn,tn
2435,20260508_212327_dns_tamper_i0Hbez,1778300609.527,1778300609.612,46027,46080,50,50,0,benign,0,0.000115769435,0,benign,0,0.5,0,benign,tn,,1,177,0.2221588938636143,0.2221588938636143,1,malicious,0.47046071932187095,0,1,1,0,0.1412192544010613,0,tn,fp,fp,tn,tn
2448,20260508_212327_dns_tamper_i0Hbez,1778300609.822,1778300609.908,46166,46219,50,50,0,benign,0,0.00011574813,0,benign,0,0.5,0,benign,tn,,1,177,0.2221588938636143,0.2221588938636143,1,malicious,0.47046071932187095,0,1,1,0,0.1412192394875613,0,tn,fp,fp,tn,tn
2645,20260508_212404_nginx_delete_YuCbYY,1778300644.87,1778300644.966,49082,49135,50,50,0,benign,0,0.00011572231,0,benign,0,0.5,0,benign,tn,,1,181,0.2089982412022011,0.2089982412022011,1,malicious,0.26749283286683356,0,1,1,0,0.08032885547705008,0,tn,fp,fp,tn,tn
2046,20260508_212317_basic_enum_YrdGDI,1778300600.201,1778300600.404,41802,41853,50,50,0,benign,0,0.000115714036,0,benign,0,0.5,0,benign,tn,,1,176,0.2160294663398068,0.2160294663398068,1,malicious,0.3759306848552558,0,1,1,0,0.11286020528177677,0,tn,fp,fp,tn,tn
12,20260508_211655_create_user_Tyu1u6,1778300214.756,1778300214.799,11098,11147,50,50,0,benign,0,0.000115706425,0,benign,0,0.5,0,benign,tn,,1,138,0.256494781502289,0.256494781502289,1,malicious,1.0,0,1,1,0,0.30008099449750003,0,tn,fp,fp,tn,tn
2658,20260508_212404_nginx_delete_YuCbYY,1778300645.177,1778300645.261,49221,49274,50,50,0,benign,0,0.000115676754,0,benign,0,0.5,0,benign,tn,,1,181,0.2089982412022011,0.2089982412022011,1,malicious,0.26749283286683356,0,1,1,0,0.08032882358785008,0,tn,fp,fp,tn,tn
2294,20260508_212327_dns_tamper_i0Hbez,1778300606.362,1778300606.554,44532,44581,50,50,0,benign,0,0.00011567542,0,benign,0,0.5,0,benign,tn,,1,177,0.2221588938636143,0.2221588938636143,1,malicious,0.47046071932187095,0,1,1,0,0.1412191885905613,0,tn,fp,fp,tn,tn
1856,20260508_212317_basic_enum_YrdGDI,1778300596.121,1778300596.32,39796,39845,50,50,0,benign,0,0.00011567311,0,benign,0,0.5,0,benign,tn,,1,176,0.2160294663398068,0.2160294663398068,1,malicious,0.3759306848552558,0,1,1,0,0.11286017663357677,0,tn,fp,fp,tn,tn
2334,20260508_212327_dns_tamper_i0Hbez,1778300607.374,1778300607.559,44948,45001,50,50,0,benign,0,0.00011539449,0,benign,0,0.5,0,benign,tn,,1,177,0.2221588938636143,0.2221588938636143,1,malicious,0.47046071932187095,0,1,1,0,0.1412189919395613,0,tn,fp,fp,tn,tn
2338,20260508_212327_dns_tamper_i0Hbez,1778300607.558,1778300607.637,44992,45046,50,50,0,benign,0,0.00011516705,0,benign,0,0.5,0,benign,tn,,1,177,0.2221588938636143,0.2221588938636143,1,malicious,0.47046071932187095,0,1,1,0,0.1412188327315613,0,tn,fp,fp,tn,tn
2476,20260508_212327_dns_tamper_i0Hbez,1778300610.418,1778300610.538,46464,46515,50,50,0,benign,0,0.000114721064,0,benign,0,0.5,0,benign,tn,,1,177,0.2221588938636143,0.2221588938636143,1,malicious,0.47046071932187095,0,1,1,0,0.1412185205413613,0,tn,fp,fp,tn,tn
1919,20260508_212317_basic_enum_YrdGDI,1778300597.671,1778300597.765,40460,40511,50,49,1,benign,0,0.00011434024,0,benign,0,0.5,0,benign,tn,,1,176,0.2160294663398068,0.2160294663398068,1,malicious,0.3759306848552558,0,1,1,0,0.11285924362457676,0,tn,fp,fp,tn,tn
2000,20260508_212317_basic_enum_YrdGDI,1778300599.307,1778300599.4,41314,41368,50,50,0,benign,0,0.00011418084,0,benign,0,0.5,0,benign,tn,,1,176,0.2160294663398068,0.2160294663398068,1,malicious,0.3759306848552558,0,1,1,0,0.11285913204457677,0,tn,fp,fp,tn,tn
139,20260508_211655_create_user_Tyu1u6,1778300216.24,1778300216.307,12446,12497,50,50,0,benign,0,0.000113525966,0,benign,0,0.5,0,benign,tn,,1,138,0.256494781502289,0.256494781502289,1,malicious,1.0,0,1,1,0,0.30007946817620007,0,tn,fp,fp,tn,tn
126,20260508_211655_create_user_Tyu1u6,1778300216.016,1778300216.06,12309,12362,50,50,0,benign,0,0.000113494796,0,benign,0,0.5,0,benign,tn,,1,138,0.256494781502289,0.256494781502289,1,malicious,1.0,0,1,1,0,0.3000794463572,0,tn,fp,fp,tn,tn
2564,20260508_212404_nginx_delete_YuCbYY,1778300643.476,1778300643.531,48214,48263,50,50,0,benign,0,0.00011166416,0,benign,0,0.5,0,benign,tn,,1,180,0.1916537226960299,0.1916537226960299,1,malicious,0.0,0,1,1,0,7.8164912e-05,0,tn,fp,fp,tn,tn
1952,20260508_212317_basic_enum_YrdGDI,1778300598.474,1778300598.569,40812,40866,50,50,0,benign,0,0.00011128382,0,benign,0,0.5,0,benign,tn,,1,176,0.2160294663398068,0.2160294663398068,1,malicious,0.3759306848552558,0,1,1,0,0.11285710413057677,0,tn,fp,fp,tn,tn
1966,20260508_212317_basic_enum_YrdGDI,1778300598.803,1778300598.869,40961,41015,50,50,0,benign,0,0.00011119854,0,benign,0,0.5,0,benign,tn,,1,176,0.2160294663398068,0.2160294663398068,1,malicious,0.3759306848552558,0,1,1,0,0.11285704443457677,0,tn,fp,fp,tn,tn
4,20260508_211655_create_user_Tyu1u6,1778300214.25,1778300214.463,11018,11067,50,50,0,benign,0,0.00010986325,0,benign,0,0.5,0,benign,tn,,1,138,0.256494781502289,0.256494781502289,1,malicious,1.0,0,1,1,0,0.30007690427500006,0,tn,fp,fp,tn,tn
132,20260508_211655_create_user_Tyu1u6,1778300216.165,1778300216.221,12373,12425,50,50,0,benign,0,0.000109831,0,benign,0,0.5,0,benign,tn,,1,138,0.256494781502289,0.256494781502289,1,malicious,1.0,0,1,1,0,0.3000768817,0,tn,fp,fp,tn,tn
38,20260508_211655_create_user_Tyu1u6,1778300215.258,1778300215.303,11361,11412,50,50,0,benign,0,0.00010956969,0,benign,0,0.5,0,benign,tn,,1,138,0.256494781502289,0.256494781502289,1,malicious,1.0,0,1,1,0,0.30007669878300003,0,tn,fp,fp,tn,tn
2343,20260508_212327_dns_tamper_i0Hbez,1778300607.637,1778300607.685,45047,45098,50,50,0,benign,0,0.000109056,0,benign,0,0.5,0,benign,tn,,1,177,0.2221588938636143,0.2221588938636143,1,malicious,0.47046071932187095,0,1,1,0,0.1412145549965613,0,tn,fp,fp,tn,tn
111,20260508_211655_create_user_Tyu1u6,1778300215.767,1778300215.809,12152,12203,50,50,0,benign,0,0.0001090217,0,benign,0,0.5,0,benign,tn,,1,138,0.256494781502289,0.256494781502289,1,malicious,1.0,0,1,1,0,0.30007631519000005,0,tn,fp,fp,tn,tn
1881,20260508_212317_basic_enum_YrdGDI,1778300596.799,1778300596.891,40053,40106,50,50,0,benign,0,0.00010893939,0,benign,0,0.5,0,benign,tn,,1,176,0.2160294663398068,0.2160294663398068,1,malicious,0.3759306848552558,0,1,1,0,0.11285546302957677,0,tn,fp,fp,tn,tn
2685,20260508_212404_nginx_delete_YuCbYY,1778300645.798,1778300645.882,49502,49551,50,50,0,benign,0,0.00010838276,0,benign,0,0.5,0,benign,tn,,1,181,0.2089982412022011,0.2089982412022011,1,malicious,0.26749283286683356,0,1,1,0,0.08032371779205008,0,tn,fp,fp,tn,tn
108,20260508_211655_create_user_Tyu1u6,1778300215.732,1778300215.789,12120,12171,50,50,0,benign,0,0.00010780204,0,benign,0,0.5,0,benign,tn,,1,138,0.256494781502289,0.256494781502289,1,malicious,1.0,0,1,1,0,0.30007546142800007,0,tn,fp,fp,tn,tn
2584,20260508_212404_nginx_delete_YuCbYY,1778300643.977,1778300644.137,48425,48479,50,50,0,benign,0,0.00010776792,0,benign,0,0.5,0,benign,tn,,1,181,0.2089982412022011,0.2089982412022011,1,malicious,0.26749283286683356,0,1,1,0,0.08032328740405008,0,tn,fp,fp,tn,tn
2427,20260508_212327_dns_tamper_i0Hbez,1778300609.319,1778300609.481,45942,45996,50,50,0,benign,0,0.00010776114,0,benign,0,0.5,0,benign,tn,,1,177,0.2221588938636143,0.2221588938636143,1,malicious,0.47046071932187095,0,1,1,0,0.14121364859456131,0,tn,fp,fp,tn,tn
2407,20260508_212327_dns_tamper_i0Hbez,1778300608.932,1778300609.096,45733,45787,50,50,0,benign,0,0.00010776073,0,benign,0,0.5,0,benign,tn,,1,177,0.2221588938636143,0.2221588938636143,1,malicious,0.47046071932187095,0,1,1,0,0.1412136483075613,0,tn,fp,fp,tn,tn
2571,20260508_212404_nginx_delete_YuCbYY,1778300643.59,1778300643.846,48286,48340,50,50,0,benign,0,0.00010775066,0,benign,0,0.5,0,benign,tn,,2,180|181,0.2089982412022011,0.2003259819491155,1,malicious,0.26749283286683356,0,1,1,0,0.08032327532205008,0,tn,fp,fp,tn,tn
2375,20260508_212327_dns_tamper_i0Hbez,1778300608.325,1778300608.484,45389,45443,50,50,0,benign,0,0.000107736174,0,benign,0,0.5,0,benign,tn,,1,177,0.2221588938636143,0.2221588938636143,1,malicious,0.47046071932187095,0,1,1,0,0.1412136311183613,0,tn,fp,fp,tn,tn
2637,20260508_212404_nginx_delete_YuCbYY,1778300644.659,1778300644.821,48997,49051,50,50,0,benign,0,0.00010755141,0,benign,0,0.5,0,benign,tn,,1,181,0.2089982412022011,0.2089982412022011,1,malicious,0.26749283286683356,0,1,1,0,0.08032313584705009,0,tn,fp,fp,tn,tn
2440,20260508_212327_dns_tamper_i0Hbez,1778300609.612,1778300609.774,46081,46135,50,50,0,benign,0,0.000107546184,0,benign,0,0.5,0,benign,tn,,1,177,0.2221588938636143,0.2221588938636143,1,malicious,0.47046071932187095,0,1,1,0,0.1412134981253613,0,tn,fp,fp,tn,tn
2650,20260508_212404_nginx_delete_YuCbYY,1778300644.966,1778300645.127,49136,49190,50,50,0,benign,0,0.00010754515,0,benign,0,0.5,0,benign,tn,,1,181,0.2089982412022011,0.2089982412022011,1,malicious,0.26749283286683356,0,1,1,0,0.08032313146505009,0,tn,fp,fp,tn,tn
2453,20260508_212327_dns_tamper_i0Hbez,1778300609.908,1778300610.07,46220,46274,50,50,0,benign,0,0.00010753357,0,benign,0,0.5,0,benign,tn,,1,177,0.2221588938636143,0.2221588938636143,1,malicious,0.47046071932187095,0,1,1,0,0.1412134892955613,0,tn,fp,fp,tn,tn
2663,20260508_212404_nginx_delete_YuCbYY,1778300645.261,1778300645.422,49275,49329,50,50,0,benign,0,0.00010733165,0,benign,0,0.5,0,benign,tn,,1,181,0.2089982412022011,0.2089982412022011,1,malicious,0.26749283286683356,0,1,1,0,0.08032298201505009,0,tn,fp,fp,tn,tn
1840,20260508_212317_basic_enum_YrdGDI,1778300595.195,1778300595.835,39636,39685,50,50,0,benign,0,0.00010635369,0,benign,0,0.5,0,benign,tn,,1,176,0.2160294663398068,0.2160294663398068,1,malicious,0.3759306848552558,0,1,1,0,0.11285365303957677,0,tn,fp,fp,tn,tn
2010,20260508_212317_basic_enum_YrdGDI,1778300599.46,1778300599.571,41419,41473,50,50,0,benign,0,0.00010550581,0,benign,0,0.5,0,benign,tn,,1,176,0.2160294663398068,0.2160294663398068,1,malicious,0.3759306848552558,0,1,1,0,0.11285305952357677,0,tn,fp,fp,tn,tn
2603,20260508_212404_nginx_delete_YuCbYY,1778300644.39,1778300644.47,48624,48678,50,50,0,benign,0,0.00010531673,0,benign,0,0.5,0,benign,tn,,1,181,0.2089982412022011,0.2089982412022011,1,malicious,0.26749283286683356,0,1,1,0,0.08032157157105008,0,tn,fp,fp,tn,tn
2351,20260508_212327_dns_tamper_i0Hbez,1778300607.768,1778300607.932,45131,45185,50,50,0,benign,0,0.00010515045,0,benign,0,0.5,0,benign,tn,,1,177,0.2221588938636143,0.2221588938636143,1,malicious,0.47046071932187095,0,1,1,0,0.1412118211115613,0,tn,fp,fp,tn,tn
1926,20260508_212317_basic_enum_YrdGDI,1778300597.782,1778300597.946,40534,40588,50,50,0,benign,0,0.00010512378,0,benign,0,0.5,0,benign,tn,,1,176,0.2160294663398068,0.2160294663398068,1,malicious,0.3759306848552558,0,1,1,0,0.11285279210257677,0,tn,fp,fp,tn,tn
2023,20260508_212317_basic_enum_YrdGDI,1778300599.694,1778300599.864,41558,41612,50,50,0,benign,0,0.00010470291,0,benign,0,0.5,0,benign,tn,,1,176,0.2160294663398068,0.2160294663398068,1,malicious,0.3759306848552558,0,1,1,0,0.11285249749357677,0,tn,fp,fp,tn,tn
2394,20260508_212327_dns_tamper_i0Hbez,1778300608.741,1778300608.801,45590,45648,50,50,0,benign,0,0.000104548366,0,benign,0,0.5,0,benign,tn,,1,177,0.2221588938636143,0.2221588938636143,1,malicious,0.47046071932187095,0,1,1,0,0.1412113996527613,0,tn,fp,fp,tn,tn
1,20260508_211655_create_user_Tyu1u6,1778300214.242,1778300214.437,10988,11037,50,50,0,benign,0,0.00010452214,0,benign,0,0.5,0,benign,tn,,1,138,0.256494781502289,0.256494781502289,1,malicious,1.0,0,1,1,0,0.30007316549800006,0,tn,fp,fp,tn,tn
2038,20260508_212317_basic_enum_YrdGDI,1778300600.098,1778300600.171,41718,41771,50,50,0,benign,0,0.00010450461,0,benign,0,0.5,0,benign,tn,,1,176,0.2160294663398068,0.2160294663398068,1,malicious,0.3759306848552558,0,1,1,0,0.11285235868357676,0,tn,fp,fp,tn,tn
2340,20260508_212327_dns_tamper_i0Hbez,1778300607.591,1778300607.667,45014,45066,50,50,0,benign,0,0.00010442869,0,benign,0,0.5,0,benign,tn,,1,177,0.2221588938636143,0.2221588938636143,1,malicious,0.47046071932187095,0,1,1,0,0.1412113158795613,0,tn,fp,fp,tn,tn
2293,20260508_212327_dns_tamper_i0Hbez,1778300606.356,1778300606.554,44522,44571,50,50,0,benign,0,0.00010300847,0,benign,0,0.5,0,benign,tn,,1,177,0.2221588938636143,0.2221588938636143,1,malicious,0.47046071932187095,0,1,1,0,0.1412103217255613,0,tn,fp,fp,tn,tn
2333,20260508_212327_dns_tamper_i0Hbez,1778300607.363,1778300607.558,44938,44991,50,50,0,benign,0,0.0001029957,0,benign,0,0.5,0,benign,tn,,1,177,0.2221588938636143,0.2221588938636143,1,malicious,0.47046071932187095,0,1,1,0,0.1412103127865613,0,tn,fp,fp,tn,tn
2045,20260508_212317_basic_enum_YrdGDI,1778300600.194,1778300600.403,41792,41843,50,50,0,benign,0,0.00010299236,0,benign,0,0.5,0,benign,tn,,1,176,0.2160294663398068,0.2160294663398068,1,malicious,0.3759306848552558,0,1,1,0,0.11285130010857677,0,tn,fp,fp,tn,tn
1855,20260508_212317_basic_enum_YrdGDI,1778300596.115,1778300596.319,39786,39835,50,50,0,benign,0,0.000102886144,0,benign,0,0.5,0,benign,tn,,1,176,0.2160294663398068,0.2160294663398068,1,malicious,0.3759306848552558,0,1,1,0,0.11285122575737677,0,tn,fp,fp,tn,tn
114,20260508_211655_create_user_Tyu1u6,1778300215.797,1778300215.941,12182,12235,50,50,0,benign,0,0.00010261455,0,benign,0,0.5,0,benign,tn,,1,138,0.256494781502289,0.256494781502289,1,malicious,1.0,0,1,1,0,0.30007183018500005,0,tn,fp,fp,tn,tn
142,20260508_211655_create_user_Tyu1u6,1778300216.265,1778300216.434,12478,12527,50,50,0,benign,0,0.000102561135,0,benign,0,0.5,0,benign,tn,,1,138,0.256494781502289,0.256494781502289,1,malicious,1.0,0,1,1,0,0.3000717927945,0,tn,fp,fp,tn,tn
1888,20260508_212317_basic_enum_YrdGDI,1778300597.002,1778300597.083,40128,40181,50,50,0,benign,0,0.000101045596,0,benign,0,0.5,0,benign,tn,,1,176,0.2160294663398068,0.2160294663398068,1,malicious,0.3759306848552558,0,1,1,0,0.11284993737377677,0,tn,fp,fp,tn,tn
133,20260508_211655_create_user_Tyu1u6,1778300216.172,1778300216.231,12384,12435,50,50,0,benign,0,0.00010097355,0,benign,0,0.5,0,benign,tn,,1,138,0.256494781502289,0.256494781502289,1,malicious,1.0,0,1,1,0,0.30007068148500005,0,tn,fp,fp,tn,tn
2309,20260508_212327_dns_tamper_i0Hbez,1778300606.727,1778300606.993,44682,44737,50,50,0,benign,0,0.000100342535,0,benign,0,0.5,0,benign,tn,,1,177,0.2221588938636143,0.2221588938636143,1,malicious,0.47046071932187095,0,1,1,0,0.1412084555710613,0,tn,fp,fp,tn,tn
2322,20260508_212327_dns_tamper_i0Hbez,1778300607.117,1778300607.299,44821,44876,50,50,0,benign,0,0.00010034197,0,benign,0,0.5,0,benign,tn,,1,177,0.2221588938636143,0.2221588938636143,1,malicious,0.47046071932187095,0,1,1,0,0.1412084551755613,0,tn,fp,fp,tn,tn
1871,20260508_212317_basic_enum_YrdGDI,1778300596.478,1778300596.748,39946,40001,50,50,0,benign,0,0.000100178666,0,benign,0,0.5,0,benign,tn,,1,176,0.2160294663398068,0.2160294663398068,1,malicious,0.3759306848552558,0,1,1,0,0.11284933052277676,0,tn,fp,fp,tn,tn
146,20260508_211655_create_user_Tyu1u6,1778300216.418,1778300216.472,12518,12567,50,50,0,benign,0,9.958453e-05,0,benign,0,0.5,0,benign,tn,,1,138,0.256494781502289,0.256494781502289,1,malicious,1.0,0,1,1,0,0.30006970917100007,0,tn,fp,fp,tn,tn
116,20260508_211655_create_user_Tyu1u6,1778300215.809,1778300215.964,12204,12257,50,50,0,benign,0,9.954713e-05,0,benign,0,0.5,0,benign,tn,,1,138,0.256494781502289,0.256494781502289,1,malicious,1.0,0,1,1,0,0.30006968299100006,0,tn,fp,fp,tn,tn
2366,20260508_212327_dns_tamper_i0Hbez,1778300608.201,1778300608.255,45294,45344,50,50,0,benign,0,9.9544275e-05,0,benign,0,0.5,0,benign,tn,,1,177,0.2221588938636143,0.2221588938636143,1,malicious,0.47046071932187095,0,1,1,0,0.1412078967890613,0,tn,fp,fp,tn,tn
2482,20260508_212327_dns_tamper_i0Hbez,1778300610.646,1778300610.716,46526,46576,50,50,0,benign,0,9.9306686e-05,0,benign,0,0.5,0,benign,tn,,1,177,0.2221588938636143,0.2221588938636143,1,malicious,0.47046071932187095,0,1,1,0,0.1412077304767613,0,tn,fp,fp,tn,tn
1941,20260508_212317_basic_enum_YrdGDI,1778300598.206,1778300598.256,40697,40747,50,50,0,benign,0,9.913335e-05,0,benign,0,0.5,0,benign,tn,,1,176,0.2160294663398068,0.2160294663398068,1,malicious,0.3759306848552558,0,1,1,0,0.11284859880157677,0,tn,fp,fp,tn,tn
1918,20260508_212317_basic_enum_YrdGDI,1778300597.657,1778300597.713,40450,40500,50,50,0,benign,0,9.9072866e-05,0,benign,0,0.5,0,benign,tn,,1,176,0.2160294663398068,0.2160294663398068,1,malicious,0.3759306848552558,0,1,1,0,0.11284855646277676,0,tn,fp,fp,tn,tn
1902,20260508_212317_basic_enum_YrdGDI,1778300597.336,1778300597.395,40280,40330,50,50,0,benign,0,9.887655e-05,0,benign,0,0.5,0,benign,tn,,1,176,0.2160294663398068,0.2160294663398068,1,malicious,0.3759306848552558,0,1,1,0,0.11284841904157678,0,tn,fp,fp,tn,tn
2356,20260508_212327_dns_tamper_i0Hbez,1778300607.936,1778300607.984,45186,45236,50,50,0,benign,0,9.863924e-05,0,benign,0,0.5,0,benign,tn,,1,177,0.2221588938636143,0.2221588938636143,1,malicious,0.47046071932187095,0,1,1,0,0.1412072632645613,0,tn,fp,fp,tn,tn
107,20260508_211655_create_user_Tyu1u6,1778300215.717,1778300215.777,12109,12161,50,50,0,benign,0,9.85973e-05,0,benign,0,0.5,0,benign,tn,,1,138,0.256494781502289,0.256494781502289,1,malicious,1.0,0,1,1,0,0.30006901811000003,0,tn,fp,fp,tn,tn
2015,20260508_212317_basic_enum_YrdGDI,1778300599.573,1778300599.626,41474,41524,50,50,0,benign,0,9.859542e-05,0,benign,0,0.5,0,benign,tn,,1,176,0.2160294663398068,0.2160294663398068,1,malicious,0.3759306848552558,0,1,1,0,0.11284822225057677,0,tn,fp,fp,tn,tn
2608,20260508_212404_nginx_delete_YuCbYY,1778300644.471,1778300644.521,48679,48729,50,50,0,benign,0,9.856853e-05,0,benign,0,0.5,0,benign,tn,,1,181,0.2089982412022011,0.2089982412022011,1,malicious,0.26749283286683356,0,1,1,0,0.08031684783105009,0,tn,fp,fp,tn,tn
1931,20260508_212317_basic_enum_YrdGDI,1778300597.947,1778300597.999,40589,40639,50,50,0,benign,0,9.856045e-05,0,benign,0,0.5,0,benign,tn,,1,176,0.2160294663398068,0.2160294663398068,1,malicious,0.3759306848552558,0,1,1,0,0.11284819777157677,0,tn,fp,fp,tn,tn
2028,20260508_212317_basic_enum_YrdGDI,1778300599.864,1778300599.912,41613,41663,50,50,0,benign,0,9.845186e-05,0,benign,0,0.5,0,benign,tn,,1,176,0.2160294663398068,0.2160294663398068,1,malicious,0.3759306848552558,0,1,1,0,0.11284812175857677,0,tn,fp,fp,tn,tn
1954,20260508_212317_basic_enum_YrdGDI,1778300598.538,1778300598.594,40836,40886,50,50,0,benign,0,9.835972e-05,0,benign,0,0.5,0,benign,tn,,1,176,0.2160294663398068,0.2160294663398068,1,malicious,0.3759306848552558,0,1,1,0,0.11284805726057677,0,tn,fp,fp,tn,tn
1968,20260508_212317_basic_enum_YrdGDI,1778300598.843,1778300598.892,40985,41035,50,50,0,benign,0,9.835239e-05,0,benign,0,0.5,0,benign,tn,,1,176,0.2160294663398068,0.2160294663398068,1,malicious,0.3759306848552558,0,1,1,0,0.11284805212957677,0,tn,fp,fp,tn,tn
2396,20260508_212327_dns_tamper_i0Hbez,1778300608.744,1778300608.832,45612,45668,50,50,0,benign,0,9.8254626e-05,0,benign,0,0.5,0,benign,tn,,1,177,0.2221588938636143,0.2221588938636143,1,malicious,0.47046071932187095,0,1,1,0,0.1412069940347613,0,tn,fp,fp,tn,tn
2605,20260508_212404_nginx_delete_YuCbYY,1778300644.403,1778300644.496,48645,48698,50,50,0,benign,0,9.82387e-05,0,benign,0,0.5,0,benign,tn,,1,181,0.2089982412022011,0.2089982412022011,1,malicious,0.26749283286683356,0,1,1,0,0.08031661695005009,0,tn,fp,fp,tn,tn
2353,20260508_212327_dns_tamper_i0Hbez,1778300607.877,1778300607.961,45152,45205,50,50,0,benign,0,9.803329e-05,0,benign,0,0.5,0,benign,tn,,1,177,0.2221588938636143,0.2221588938636143,1,malicious,0.47046071932187095,0,1,1,0,0.1412068390995613,0,tn,fp,fp,tn,tn
2025,20260508_212317_basic_enum_YrdGDI,1778300599.802,1778300599.887,41579,41632,50,50,0,benign,0,9.802235e-05,0,benign,0,0.5,0,benign,tn,,1,176,0.2160294663398068,0.2160294663398068,1,malicious,0.3759306848552558,0,1,1,0,0.11284782110157678,0,tn,fp,fp,tn,tn
1928,20260508_212317_basic_enum_YrdGDI,1778300597.889,1778300597.973,40555,40608,50,50,0,benign,0,9.7689874e-05,0,benign,0,0.5,0,benign,tn,,1,176,0.2160294663398068,0.2160294663398068,1,malicious,0.3759306848552558,0,1,1,0,0.11284758836837677,0,tn,fp,fp,tn,tn
2012,20260508_212317_basic_enum_YrdGDI,1778300599.51,1778300599.6,41440,41493,50,50,0,benign,0,9.757406e-05,0,benign,0,0.5,0,benign,tn,,1,176,0.2160294663398068,0.2160294663398068,1,malicious,0.3759306848552558,0,1,1,0,0.11284750729857677,0,tn,fp,fp,tn,tn
1900,20260508_212317_basic_enum_YrdGDI,1778300597.297,1778300597.367,40256,40310,50,50,0,benign,0,9.754131e-05,0,benign,0,0.5,0,benign,tn,,1,176,0.2160294663398068,0.2160294663398068,1,malicious,0.3759306848552558,0,1,1,0,0.11284748437357676,0,tn,fp,fp,tn,tn
2469,20260508_212327_dns_tamper_i0Hbez,1778300610.32,1778300610.397,46389,46443,50,50,0,benign,0,9.72278e-05,0,benign,0,0.5,0,benign,tn,,1,177,0.2221588938636143,0.2221588938636143,1,malicious,0.47046071932187095,0,1,1,0,0.1412062752565613,0,tn,fp,fp,tn,tn
1915,20260508_212317_basic_enum_YrdGDI,1778300597.6,1778300597.686,40416,40469,50,50,0,benign,0,9.7152e-05,0,benign,0,0.5,0,benign,tn,,1,176,0.2160294663398068,0.2160294663398068,1,malicious,0.3759306848552558,0,1,1,0,0.11284721185657677,0,tn,fp,fp,tn,tn
2484,20260508_212327_dns_tamper_i0Hbez,1778300610.685,1778300610.745,46546,46595,50,50,0,benign,0,9.689691e-05,0,benign,0,0.5,0,benign,tn,,1,177,0.2221588938636143,0.2221588938636143,1,malicious,0.47046071932187095,0,1,1,0,0.1412060436335613,0,tn,fp,fp,tn,tn
2326,20260508_212327_dns_tamper_i0Hbez,1778300607.266,1778300607.341,44864,44917,50,50,0,benign,0,9.613917e-05,0,benign,0,0.5,0,benign,tn,,1,177,0.2221588938636143,0.2221588938636143,1,malicious,0.47046071932187095,0,1,1,0,0.1412055132155613,0,tn,fp,fp,tn,tn
2682,20260508_212404_nginx_delete_YuCbYY,1778300645.762,1778300645.818,49472,49521,50,50,0,benign,0,9.612973e-05,0,benign,0,0.5,0,benign,tn,,1,181,0.2089982412022011,0.2089982412022011,1,malicious,0.26749283286683356,0,1,1,0,0.08031514067105008,0,tn,fp,fp,tn,tn
1875,20260508_212317_basic_enum_YrdGDI,1778300596.715,1778300596.788,39989,40042,50,50,0,benign,0,9.612303e-05,0,benign,0,0.5,0,benign,tn,,1,176,0.2160294663398068,0.2160294663398068,1,malicious,0.3759306848552558,0,1,1,0,0.11284649157757677,0,tn,fp,fp,tn,tn
2007,20260508_212317_basic_enum_YrdGDI,1778300599.442,1778300599.51,41389,41439,50,50,0,benign,0,9.6060634e-05,0,benign,0,0.5,0,benign,tn,,1,176,0.2160294663398068,0.2160294663398068,1,malicious,0.3759306848552558,0,1,1,0,0.11284644790037678,0,tn,fp,fp,tn,tn
2549,20260508_212404_nginx_delete_YuCbYY,1778300643.163,1778300643.217,48064,48113,50,50,0,benign,0,9.6001575e-05,0,benign,0,0.5,0,benign,tn,,1,180,0.1916537226960299,0.1916537226960299,1,malicious,0.0,0,1,1,0,6.720110249999999e-05,0,tn,fp,fp,tn,tn
2679,20260508_212404_nginx_delete_YuCbYY,1778300645.706,1778300645.784,49442,49491,50,50,0,benign,0,9.595489e-05,0,benign,0,0.5,0,benign,tn,,1,181,0.2089982412022011,0.2089982412022011,1,malicious,0.26749283286683356,0,1,1,0,0.08031501828305009,0,tn,fp,fp,tn,tn
135,20260508_211655_create_user_Tyu1u6,1778300216.204,1778300216.25,12406,12455,50,50,0,benign,0,9.595398e-05,0,benign,0,0.5,0,benign,tn,,1,138,0.256494781502289,0.256494781502289,1,malicious,1.0,0,1,1,0,0.30006716778600007,0,tn,fp,fp,tn,tn
1996,20260508_212317_basic_enum_YrdGDI,1778300599.267,1778300599.318,41275,41324,50,50,0,benign,0,9.592305e-05,0,benign,0,0.5,0,benign,tn,,1,176,0.2160294663398068,0.2160294663398068,1,malicious,0.3759306848552558,0,1,1,0,0.11284635159157677,0,tn,fp,fp,tn,tn
2364,20260508_212327_dns_tamper_i0Hbez,1778300608.161,1778300608.229,45270,45324,50,50,0,benign,0,9.58777e-05,0,benign,0,0.5,0,benign,tn,,1,177,0.2221588938636143,0.2221588938636143,1,malicious,0.47046071932187095,0,1,1,0,0.1412053301865613,0,tn,fp,fp,tn,tn
2313,20260508_212327_dns_tamper_i0Hbez,1778300606.96,1778300607.033,44725,44778,50,50,0,benign,0,9.5811345e-05,0,benign,0,0.5,0,benign,tn,,1,177,0.2221588938636143,0.2221588938636143,1,malicious,0.47046071932187095,0,1,1,0,0.1412052837380613,0,tn,fp,fp,tn,tn
2466,20260508_212327_dns_tamper_i0Hbez,1778300610.197,1778300610.359,46357,46413,50,50,0,benign,0,9.532434e-05,0,benign,0,0.5,0,benign,tn,,1,177,0.2221588938636143,0.2221588938636143,1,malicious,0.47046071932187095,0,1,1,0,0.1412049428345613,0,tn,fp,fp,tn,tn
2600,20260508_212404_nginx_delete_YuCbYY,1778300644.378,1778300644.403,48594,48644,50,50,0,benign,0,9.5185635e-05,0,benign,0,0.5,0,benign,tn,,1,181,0.2089982412022011,0.2089982412022011,1,malicious,0.26749283286683356,0,1,1,0,0.08031447980455009,0,tn,fp,fp,tn,tn
2284,20260508_212327_dns_tamper_i0Hbez,1778300606.256,1778300606.312,44432,44481,50,50,0,benign,0,9.5054565e-05,0,benign,0,0.5,0,benign,tn,,1,177,0.2221588938636143,0.2221588938636143,1,malicious,0.47046071932187095,0,1,1,0,0.1412047539920613,0,tn,fp,fp,tn,tn
2348,20260508_212327_dns_tamper_i0Hbez,1778300607.685,1778300607.876,45099,45151,50,50,0,benign,0,9.401052e-05,0,benign,0,0.5,0,benign,tn,,1,177,0.2221588938636143,0.2221588938636143,1,malicious,0.47046071932187095,0,1,1,0,0.1412040231605613,0,tn,fp,fp,tn,tn
2020,20260508_212317_basic_enum_YrdGDI,1778300599.626,1778300599.802,41526,41578,50,50,0,benign,0,9.3983006e-05,0,benign,0,0.5,0,benign,tn,,1,176,0.2160294663398068,0.2160294663398068,1,malicious,0.3759306848552558,0,1,1,0,0.11284499356077678,0,tn,fp,fp,tn,tn
1923,20260508_212317_basic_enum_YrdGDI,1778300597.713,1778300597.889,40501,40554,50,49,1,benign,0,9.397529e-05,0,benign,0,0.5,0,benign,tn,,1,176,0.2160294663398068,0.2160294663398068,1,malicious,0.3759306848552558,0,1,1,0,0.11284498815957678,0,tn,fp,fp,tn,tn
22,20260508_211655_create_user_Tyu1u6,1778300214.957,1778300215.016,11198,11247,50,50,0,benign,0,9.335321e-05,0,benign,0,0.5,0,benign,tn,,1,138,0.256494781502289,0.256494781502289,1,malicious,1.0,0,1,1,0,0.30006534724700007,0,tn,fp,fp,tn,tn
152,20260508_211655_create_user_Tyu1u6,1778300216.483,1778300216.855,12578,12627,50,50,0,benign,0,9.329429e-05,0,benign,0,0.5,0,benign,tn,,1,138,0.256494781502289,0.256494781502289,1,malicious,1.0,0,1,1,0,0.300065306003,0,tn,fp,fp,tn,tn
2035,20260508_212317_basic_enum_YrdGDI,1778300599.973,1778300600.131,41687,41741,50,50,0,benign,0,9.273461e-05,0,benign,0,0.5,0,benign,tn,,1,176,0.2160294663398068,0.2160294663398068,1,malicious,0.3759306848552558,0,1,1,0,0.11284411968357677,0,tn,fp,fp,tn,tn
1885,20260508_212317_basic_enum_YrdGDI,1778300596.873,1778300597.038,40097,40151,50,50,0,benign,0,9.27187e-05,0,benign,0,0.5,0,benign,tn,,1,176,0.2160294663398068,0.2160294663398068,1,malicious,0.3759306848552558,0,1,1,0,0.11284410854657677,0,tn,fp,fp,tn,tn
2546,20260508_212404_nginx_delete_YuCbYY,1778300643.082,1778300643.182,48034,48083,50,50,0,benign,0,9.270915e-05,0,benign,0,0.5,0,benign,tn,,1,180,0.1916537226960299,0.1916537226960299,1,malicious,0.0,0,1,1,0,6.4896405e-05,0,tn,fp,fp,tn,tn
0,20260508_211655_create_user_Tyu1u6,1778300214.24,1778300214.327,10978,11027,50,50,0,benign,0,9.255599e-05,0,benign,0,0.5,0,benign,tn,,1,138,0.256494781502289,0.256494781502289,1,malicious,1.0,0,1,1,0,0.30006478919300006,0,tn,fp,fp,tn,tn
2058,20260508_212317_basic_enum_YrdGDI,1778300600.469,1778300600.536,41924,41973,50,50,0,benign,0,9.2371614e-05,0,benign,0,0.5,0,benign,tn,,1,176,0.2160294663398068,0.2160294663398068,1,malicious,0.3759306848552558,0,1,1,0,0.11284386558637677,0,tn,fp,fp,tn,tn
117,20260508_211655_create_user_Tyu1u6,1778300215.822,1778300215.965,12214,12268,50,50,0,benign,0,9.211002e-05,0,benign,0,0.5,0,benign,tn,,1,138,0.256494781502289,0.256494781502289,1,malicious,1.0,0,1,1,0,0.300064477014,0,tn,fp,fp,tn,tn
2485,20260508_212327_dns_tamper_i0Hbez,1778300610.686,1778300610.754,46556,46605,50,50,0,benign,0,9.2063136e-05,0,benign,0,0.5,0,benign,tn,,1,177,0.2221588938636143,0.2221588938636143,1,malicious,0.47046071932187095,0,1,1,0,0.1412026599917613,0,tn,fp,fp,tn,tn
2300,20260508_212327_dns_tamper_i0Hbez,1778300606.56,1778300606.641,44592,44641,50,50,0,benign,0,9.160365e-05,0,benign,0,0.5,0,benign,tn,,1,177,0.2221588938636143,0.2221588938636143,1,malicious,0.47046071932187095,0,1,1,0,0.1412023383515613,0,tn,fp,fp,tn,tn
1862,20260508_212317_basic_enum_YrdGDI,1778300596.326,1778300596.402,39856,39905,50,50,0,benign,0,9.1237154e-05,0,benign,0,0.5,0,benign,tn,,1,176,0.2160294663398068,0.2160294663398068,1,malicious,0.3759306848552558,0,1,1,0,0.11284307146437678,0,tn,fp,fp,tn,tn
37,20260508_211655_create_user_Tyu1u6,1778300215.256,1778300215.293,11351,11402,50,50,0,benign,0,9.082924e-05,0,benign,0,0.5,0,benign,tn,,1,138,0.256494781502289,0.256494781502289,1,malicious,1.0,0,1,1,0,0.300063580468,0,tn,fp,fp,tn,tn
2441,20260508_212327_dns_tamper_i0Hbez,1778300609.632,1778300609.794,46091,46145,50,50,0,benign,0,9.040858e-05,0,benign,0,0.5,0,benign,tn,,1,177,0.2221588938636143,0.2221588938636143,1,malicious,0.47046071932187095,0,1,1,0,0.1412015018025613,0,tn,fp,fp,tn,tn
2408,20260508_212327_dns_tamper_i0Hbez,1778300608.95,1778300609.113,45743,45797,50,50,0,benign,0,9.0400565e-05,0,benign,0,0.5,0,benign,tn,,1,177,0.2221588938636143,0.2221588938636143,1,malicious,0.47046071932187095,0,1,1,0,0.1412014961920613,0,tn,fp,fp,tn,tn
129,20260508_211655_create_user_Tyu1u6,1778300216.038,1778300216.189,12341,12395,50,50,0,benign,0,9.038591e-05,0,benign,0,0.5,0,benign,tn,,1,138,0.256494781502289,0.256494781502289,1,malicious,1.0,0,1,1,0,0.30006327013700007,0,tn,fp,fp,tn,tn
2454,20260508_212327_dns_tamper_i0Hbez,1778300609.922,1778300610.088,46230,46284,50,50,0,benign,0,9.033766e-05,0,benign,0,0.5,0,benign,tn,,1,177,0.2221588938636143,0.2221588938636143,1,malicious,0.47046071932187095,0,1,1,0,0.1412014521585613,0,tn,fp,fp,tn,tn
2376,20260508_212327_dns_tamper_i0Hbez,1778300608.341,1778300608.501,45399,45453,50,50,0,benign,0,9.032302e-05,0,benign,0,0.5,0,benign,tn,,1,177,0.2221588938636143,0.2221588938636143,1,malicious,0.47046071932187095,0,1,1,0,0.1412014419105613,0,tn,fp,fp,tn,tn
2572,20260508_212404_nginx_delete_YuCbYY,1778300643.702,1778300643.867,48296,48350,50,50,0,benign,0,9.029253e-05,0,benign,0,0.5,0,benign,tn,,2,180|181,0.2089982412022011,0.2003259819491155,1,malicious,0.26749283286683356,0,1,1,0,0.08031105463105008,0,tn,fp,fp,tn,tn
2638,20260508_212404_nginx_delete_YuCbYY,1778300644.676,1778300644.844,49007,49061,50,50,0,benign,0,9.027866e-05,0,benign,0,0.5,0,benign,tn,,1,181,0.2089982412022011,0.2089982412022011,1,malicious,0.26749283286683356,0,1,1,0,0.08031104492205009,0,tn,fp,fp,tn,tn
2428,20260508_212327_dns_tamper_i0Hbez,1778300609.339,1778300609.5,45952,46006,50,50,0,benign,0,9.0213696e-05,0,benign,0,0.5,0,benign,tn,,1,177,0.2221588938636143,0.2221588938636143,1,malicious,0.47046071932187095,0,1,1,0,0.1412013653837613,0,tn,fp,fp,tn,tn
1994,20260508_212317_basic_enum_YrdGDI,1778300599.224,1778300599.299,41251,41304,50,50,0,benign,0,9.020681e-05,0,benign,0,0.5,0,benign,tn,,1,176,0.2160294663398068,0.2160294663398068,1,malicious,0.3759306848552558,0,1,1,0,0.11284235022357678,0,tn,fp,fp,tn,tn
2651,20260508_212404_nginx_delete_YuCbYY,1778300644.985,1778300645.149,49146,49200,50,50,0,benign,0,9.0203896e-05,0,benign,0,0.5,0,benign,tn,,1,181,0.2089982412022011,0.2089982412022011,1,malicious,0.26749283286683356,0,1,1,0,0.08031099258725008,0,tn,fp,fp,tn,tn
2664,20260508_212404_nginx_delete_YuCbYY,1778300645.279,1778300645.44,49285,49339,50,50,0,benign,0,9.0170775e-05,0,benign,0,0.5,0,benign,tn,,1,181,0.2089982412022011,0.2089982412022011,1,malicious,0.26749283286683356,0,1,1,0,0.08031096940255009,0,tn,fp,fp,tn,tn
2585,20260508_212404_nginx_delete_YuCbYY,1778300643.996,1778300644.16,48435,48489,50,50,0,benign,0,9.01706e-05,0,benign,0,0.5,0,benign,tn,,1,181,0.2089982412022011,0.2089982412022011,1,malicious,0.26749283286683356,0,1,1,0,0.08031096928005008,0,tn,fp,fp,tn,tn
2455,20260508_212327_dns_tamper_i0Hbez,1778300610.028,1778300610.1,46240,46294,50,50,0,benign,0,9.016579e-05,0,benign,0,0.5,0,benign,tn,,1,177,0.2221588938636143,0.2221588938636143,1,malicious,0.47046071932187095,0,1,1,0,0.1412013318495613,0,tn,fp,fp,tn,tn
143,20260508_211655_create_user_Tyu1u6,1778300216.268,1778300216.434,12488,12537,50,50,0,benign,0,9.004807e-05,0,benign,0,0.5,0,benign,tn,,1,138,0.256494781502289,0.256494781502289,1,malicious,1.0,0,1,1,0,0.30006303364900005,0,tn,fp,fp,tn,tn
2652,20260508_212404_nginx_delete_YuCbYY,1778300645.086,1778300645.161,49156,49210,50,50,0,benign,0,8.995675e-05,0,benign,0,0.5,0,benign,tn,,1,181,0.2089982412022011,0.2089982412022011,1,malicious,0.26749283286683356,0,1,1,0,0.08031081958505008,0,tn,fp,fp,tn,tn
1936,20260508_212317_basic_enum_YrdGDI,1778300597.999,1778300598.199,40641,40694,50,49,1,benign,0,8.9918925e-05,0,benign,0,0.5,0,benign,tn,,1,176,0.2160294663398068,0.2160294663398068,1,malicious,0.3759306848552558,0,1,1,0,0.11284214870407677,0,tn,fp,fp,tn,tn
1897,20260508_212317_basic_enum_YrdGDI,1778300597.168,1778300597.329,40224,40277,50,50,0,benign,0,8.9894755e-05,0,benign,0,0.5,0,benign,tn,,1,176,0.2160294663398068,0.2160294663398068,1,malicious,0.3759306848552558,0,1,1,0,0.11284213178507677,0,tn,fp,fp,tn,tn
2361,20260508_212327_dns_tamper_i0Hbez,1778300607.984,1778300608.194,45238,45291,50,49,1,benign,0,8.9780304e-05,0,benign,0,0.5,0,benign,tn,,1,177,0.2221588938636143,0.2221588938636143,1,malicious,0.47046071932187095,0,1,1,0,0.1412010620093613,0,tn,fp,fp,tn,tn
2442,20260508_212327_dns_tamper_i0Hbez,1778300609.733,1778300609.806,46101,46155,50,50,0,benign,0,8.9727575e-05,0,benign,0,0.5,0,benign,tn,,1,177,0.2221588938636143,0.2221588938636143,1,malicious,0.47046071932187095,0,1,1,0,0.1412010250990613,0,tn,fp,fp,tn,tn
2639,20260508_212404_nginx_delete_YuCbYY,1778300644.779,1778300644.855,49017,49071,50,50,0,benign,0,8.960411e-05,0,benign,0,0.5,0,benign,tn,,1,181,0.2089982412022011,0.2089982412022011,1,malicious,0.26749283286683356,0,1,1,0,0.08031057273705008,0,tn,fp,fp,tn,tn
2409,20260508_212327_dns_tamper_i0Hbez,1778300609.056,1778300609.128,45753,45807,50,50,0,benign,0,8.95485e-05,0,benign,0,0.5,0,benign,tn,,1,177,0.2221588938636143,0.2221588938636143,1,malicious,0.47046071932187095,0,1,1,0,0.1412008997465613,0,tn,fp,fp,tn,tn
2577,20260508_212404_nginx_delete_YuCbYY,1778300643.869,1778300643.915,48351,48400,50,50,0,benign,0,8.9468274e-05,0,benign,0,0.5,0,benign,tn,,1,181,0.2089982412022011,0.2089982412022011,1,malicious,0.26749283286683356,0,1,1,0,0.08031047765185008,0,tn,fp,fp,tn,tn
2459,20260508_212327_dns_tamper_i0Hbez,1778300610.089,1778300610.147,46285,46334,50,50,0,benign,0,8.9451634e-05,0,benign,0,0.5,0,benign,tn,,1,177,0.2221588938636143,0.2221588938636143,1,malicious,0.47046071932187095,0,1,1,0,0.1412008319403613,0,tn,fp,fp,tn,tn
2289,20260508_212327_dns_tamper_i0Hbez,1778300606.315,1778300606.362,44482,44531,50,50,0,benign,0,8.9433386e-05,0,benign,0,0.5,0,benign,tn,,1,177,0.2221588938636143,0.2221588938636143,1,malicious,0.47046071932187095,0,1,1,0,0.1412008191667613,0,tn,fp,fp,tn,tn
2413,20260508_212327_dns_tamper_i0Hbez,1778300609.116,1778300609.168,45798,45847,50,50,0,benign,0,8.9395784e-05,0,benign,0,0.5,0,benign,tn,,1,177,0.2221588938636143,0.2221588938636143,1,malicious,0.47046071932187095,0,1,1,0,0.1412007928453613,0,tn,fp,fp,tn,tn
2656,20260508_212404_nginx_delete_YuCbYY,1778300645.152,1778300645.204,49201,49250,50,50,0,benign,0,8.938718e-05,0,benign,0,0.5,0,benign,tn,,1,181,0.2089982412022011,0.2089982412022011,1,malicious,0.26749283286683356,0,1,1,0,0.08031042088605009,0,tn,fp,fp,tn,tn
2669,20260508_212404_nginx_delete_YuCbYY,1778300645.441,1778300645.494,49340,49389,50,50,0,benign,0,8.936979e-05,0,benign,0,0.5,0,benign,tn,,1,181,0.2089982412022011,0.2089982412022011,1,malicious,0.26749283286683356,0,1,1,0,0.08031040871305008,0,tn,fp,fp,tn,tn
2381,20260508_212327_dns_tamper_i0Hbez,1778300608.502,1778300608.548,45454,45503,50,50,0,benign,0,8.936706e-05,0,benign,0,0.5,0,benign,tn,,1,177,0.2221588938636143,0.2221588938636143,1,malicious,0.47046071932187095,0,1,1,0,0.1412007727385613,0,tn,fp,fp,tn,tn
2399,20260508_212327_dns_tamper_i0Hbez,1778300608.802,1778300608.861,45649,45698,50,50,0,benign,0,8.930845e-05,0,benign,0,0.5,0,benign,tn,,1,177,0.2221588938636143,0.2221588938636143,1,malicious,0.47046071932187095,0,1,1,0,0.1412007317115613,0,tn,fp,fp,tn,tn
2643,20260508_212404_nginx_delete_YuCbYY,1778300644.845,1778300644.896,49062,49111,50,50,0,benign,0,8.925192e-05,0,benign,0,0.5,0,benign,tn,,1,181,0.2089982412022011,0.2089982412022011,1,malicious,0.26749283286683356,0,1,1,0,0.08031032620405008,0,tn,fp,fp,tn,tn
2345,20260508_212327_dns_tamper_i0Hbez,1778300607.669,1778300607.766,45067,45120,50,50,0,benign,0,8.9239664e-05,0,benign,0,0.5,0,benign,tn,,1,177,0.2221588938636143,0.2221588938636143,1,malicious,0.47046071932187095,0,1,1,0,0.1412006835613613,0,tn,fp,fp,tn,tn
2446,20260508_212327_dns_tamper_i0Hbez,1778300609.797,1778300609.85,46146,46195,50,50,0,benign,0,8.9230816e-05,0,benign,0,0.5,0,benign,tn,,1,177,0.2221588938636143,0.2221588938636143,1,malicious,0.47046071932187095,0,1,1,0,0.1412006773677613,0,tn,fp,fp,tn,tn
2590,20260508_212404_nginx_delete_YuCbYY,1778300644.161,1778300644.217,48490,48539,50,50,0,benign,0,8.918496e-05,0,benign,0,0.5,0,benign,tn,,1,181,0.2089982412022011,0.2089982412022011,1,malicious,0.26749283286683356,0,1,1,0,0.08031027933205008,0,tn,fp,fp,tn,tn
2433,20260508_212327_dns_tamper_i0Hbez,1778300609.501,1778300609.555,46007,46056,50,50,0,benign,0,8.9152134e-05,0,benign,0,0.5,0,benign,tn,,1,177,0.2221588938636143,0.2221588938636143,1,malicious,0.47046071932187095,0,1,1,0,0.1412006222903613,0,tn,fp,fp,tn,tn
1927,20260508_212317_basic_enum_YrdGDI,1778300597.883,1778300597.958,40544,40598,50,50,0,benign,0,8.898643e-05,0,benign,0,0.5,0,benign,tn,,1,176,0.2160294663398068,0.2160294663398068,1,malicious,0.3759306848552558,0,1,1,0,0.11284149595757677,0,tn,fp,fp,tn,tn
2011,20260508_212317_basic_enum_YrdGDI,1778300599.504,1778300599.586,41429,41483,50,50,0,benign,0,8.8855e-05,0,benign,0,0.5,0,benign,tn,,1,176,0.2160294663398068,0.2160294663398068,1,malicious,0.3759306848552558,0,1,1,0,0.11284140395657677,0,tn,fp,fp,tn,tn
2573,20260508_212404_nginx_delete_YuCbYY,1778300643.804,1778300643.879,48306,48360,50,50,0,benign,0,8.8663124e-05,0,benign,0,0.5,0,benign,tn,,1,181,0.2089982412022011,0.2089982412022011,1,malicious,0.26749283286683356,0,1,1,0,0.08030991404685009,0,tn,fp,fp,tn,tn
1993,20260508_212317_basic_enum_YrdGDI,1778300599.216,1778300599.288,41240,41294,50,50,0,benign,0,8.86507e-05,0,benign,0,0.5,0,benign,tn,,1,176,0.2160294663398068,0.2160294663398068,1,malicious,0.3759306848552558,0,1,1,0,0.11284126094657677,0,tn,fp,fp,tn,tn
2680,20260508_212404_nginx_delete_YuCbYY,1778300645.712,1778300645.797,49452,49501,50,50,0,benign,0,8.805453e-05,0,benign,0,0.5,0,benign,tn,,1,181,0.2089982412022011,0.2089982412022011,1,malicious,0.26749283286683356,0,1,1,0,0.08030948803105008,0,tn,fp,fp,tn,tn
1920,20260508_212317_basic_enum_YrdGDI,1778300597.687,1778300597.779,40470,40523,50,49,1,benign,0,8.7828776e-05,0,benign,0,0.5,0,benign,tn,,1,176,0.2160294663398068,0.2160294663398068,1,malicious,0.3759306848552558,0,1,1,0,0.11284068559977677,0,tn,fp,fp,tn,tn
2017,20260508_212317_basic_enum_YrdGDI,1778300599.602,1778300599.691,41494,41547,50,50,0,benign,0,8.775485e-05,0,benign,0,0.5,0,benign,tn,,1,176,0.2160294663398068,0.2160294663398068,1,malicious,0.3759306848552558,0,1,1,0,0.11284063385157676,0,tn,fp,fp,tn,tn
2056,20260508_212317_basic_enum_YrdGDI,1778300600.464,1778300600.513,41904,41953,50,50,0,benign,0,8.757403e-05,0,benign,0,0.5,0,benign,tn,,1,176,0.2160294663398068,0.2160294663398068,1,malicious,0.3759306848552558,0,1,1,0,0.11284050727757677,0,tn,fp,fp,tn,tn
2547,20260508_212404_nginx_delete_YuCbYY,1778300643.088,1778300643.196,48044,48093,50,50,0,benign,0,8.732903e-05,0,benign,0,0.5,0,benign,tn,,1,180,0.1916537226960299,0.1916537226960299,1,malicious,0.0,0,1,1,0,6.1130321e-05,0,tn,fp,fp,tn,tn
2291,20260508_212327_dns_tamper_i0Hbez,1778300606.338,1778300606.417,44502,44551,50,50,0,benign,0,8.706079e-05,0,benign,0,0.5,0,benign,tn,,1,177,0.2221588938636143,0.2221588938636143,1,malicious,0.47046071932187095,0,1,1,0,0.1411991583495613,0,tn,fp,fp,tn,tn
1843,20260508_212317_basic_enum_YrdGDI,1778300595.314,1778300595.876,39666,39715,50,50,0,benign,0,8.704958e-05,0,benign,0,0.5,0,benign,tn,,1,176,0.2160294663398068,0.2160294663398068,1,malicious,0.3759306848552558,0,1,1,0,0.11284014016257676,0,tn,fp,fp,tn,tn
2285,20260508_212327_dns_tamper_i0Hbez,1778300606.256,1778300606.327,44442,44491,50,50,0,benign,0,8.701597e-05,0,benign,0,0.5,0,benign,tn,,1,177,0.2221588938636143,0.2221588938636143,1,malicious,0.47046071932187095,0,1,1,0,0.1411991269755613,0,tn,fp,fp,tn,tn
2296,20260508_212327_dns_tamper_i0Hbez,1778300606.417,1778300606.593,44552,44601,50,50,0,benign,0,8.692134e-05,0,benign,0,0.5,0,benign,tn,,1,177,0.2221588938636143,0.2221588938636143,1,malicious,0.47046071932187095,0,1,1,0,0.1411990607345613,0,tn,fp,fp,tn,tn
1858,20260508_212317_basic_enum_YrdGDI,1778300596.184,1778300596.359,39816,39865,50,50,0,benign,0,8.6912805e-05,0,benign,0,0.5,0,benign,tn,,1,176,0.2160294663398068,0.2160294663398068,1,malicious,0.3759306848552558,0,1,1,0,0.11284004442007677,0,tn,fp,fp,tn,tn
2048,20260508_212317_basic_enum_YrdGDI,1778300600.257,1778300600.443,41824,41873,50,50,0,benign,0,8.6909495e-05,0,benign,0,0.5,0,benign,tn,,1,176,0.2160294663398068,0.2160294663398068,1,malicious,0.3759306848552558,0,1,1,0,0.11284004210307677,0,tn,fp,fp,tn,tn
1853,20260508_212317_basic_enum_YrdGDI,1778300596.093,1778300596.183,39766,39815,50,50,0,benign,0,8.642396e-05,0,benign,0,0.5,0,benign,tn,,1,176,0.2160294663398068,0.2160294663398068,1,malicious,0.3759306848552558,0,1,1,0,0.11283970222857677,0,tn,fp,fp,tn,tn
2377,20260508_212327_dns_tamper_i0Hbez,1778300608.443,1778300608.512,45409,45463,50,50,0,benign,0,8.6408545e-05,0,benign,0,0.5,0,benign,tn,,1,177,0.2221588938636143,0.2221588938636143,1,malicious,0.47046071932187095,0,1,1,0,0.1411987017780613,0,tn,fp,fp,tn,tn
2665,20260508_212404_nginx_delete_YuCbYY,1778300645.381,1778300645.451,49295,49349,50,50,0,benign,0,8.635929e-05,0,benign,0,0.5,0,benign,tn,,1,181,0.2089982412022011,0.2089982412022011,1,malicious,0.26749283286683356,0,1,1,0,0.08030830136305009,0,tn,fp,fp,tn,tn
2429,20260508_212327_dns_tamper_i0Hbez,1778300609.441,1778300609.511,45962,46016,50,50,0,benign,0,8.6301414e-05,0,benign,0,0.5,0,benign,tn,,1,177,0.2221588938636143,0.2221588938636143,1,malicious,0.47046071932187095,0,1,1,0,0.1411986267863613,0,tn,fp,fp,tn,tn
1997,20260508_212317_basic_enum_YrdGDI,1778300599.278,1778300599.323,41285,41335,50,50,0,benign,0,8.4758896e-05,0,benign,0,0.5,0,benign,tn,,1,176,0.2160294663398068,0.2160294663398068,1,malicious,0.3759306848552558,0,1,1,0,0.11283853668377677,0,tn,fp,fp,tn,tn
136,20260508_211655_create_user_Tyu1u6,1778300216.212,1778300216.255,12416,12466,50,50,0,benign,0,8.4725194e-05,0,benign,0,0.5,0,benign,tn,,1,138,0.256494781502289,0.256494781502289,1,malicious,1.0,0,1,1,0,0.3000593076358,0,tn,fp,fp,tn,tn
2008,20260508_212317_basic_enum_YrdGDI,1778300599.445,1778300599.544,41399,41453,50,50,0,benign,0,8.455175e-05,0,benign,0,0.5,0,benign,tn,,1,176,0.2160294663398068,0.2160294663398068,1,malicious,0.3759306848552558,0,1,1,0,0.11283839168157676,0,tn,fp,fp,tn,tn
2601,20260508_212404_nginx_delete_YuCbYY,1778300644.381,1778300644.436,48604,48658,50,50,0,benign,0,8.452128e-05,0,benign,0,0.5,0,benign,tn,,1,181,0.2089982412022011,0.2089982412022011,1,malicious,0.26749283286683356,0,1,1,0,0.08030701475605008,0,tn,fp,fp,tn,tn
2586,20260508_212404_nginx_delete_YuCbYY,1778300644.096,1778300644.173,48445,48499,50,50,0,benign,0,8.434535e-05,0,benign,0,0.5,0,benign,tn,,1,181,0.2089982412022011,0.2089982412022011,1,malicious,0.26749283286683356,0,1,1,0,0.08030689160505008,0,tn,fp,fp,tn,tn
2592,20260508_212404_nginx_delete_YuCbYY,1778300644.189,1778300644.275,48510,48561,50,50,0,benign,0,8.417268e-05,0,benign,0,0.5,0,benign,tn,,1,181,0.2089982412022011,0.2089982412022011,1,malicious,0.26749283286683356,0,1,1,0,0.08030677073605008,0,tn,fp,fp,tn,tn
2349,20260508_212327_dns_tamper_i0Hbez,1778300607.75,1778300607.91,45109,45165,50,50,0,benign,0,8.401599e-05,0,benign,0,0.5,0,benign,tn,,1,177,0.2221588938636143,0.2221588938636143,1,malicious,0.47046071932187095,0,1,1,0,0.1411970269895613,0,tn,fp,fp,tn,tn
1924,20260508_212317_basic_enum_YrdGDI,1778300597.765,1778300597.923,40512,40568,50,50,0,benign,0,8.398242e-05,0,benign,0,0.5,0,benign,tn,,1,176,0.2160294663398068,0.2160294663398068,1,malicious,0.3759306848552558,0,1,1,0,0.11283799315057677,0,tn,fp,fp,tn,tn
2021,20260508_212317_basic_enum_YrdGDI,1778300599.677,1778300599.837,41536,41592,50,50,0,benign,0,8.396873e-05,0,benign,0,0.5,0,benign,tn,,1,176,0.2160294663398068,0.2160294663398068,1,malicious,0.3759306848552558,0,1,1,0,0.11283798356757677,0,tn,fp,fp,tn,tn
1990,20260508_212317_basic_enum_YrdGDI,1778300599.095,1778300599.257,41208,41264,50,50,0,benign,0,8.368024e-05,0,benign,0,0.5,0,benign,tn,,1,176,0.2160294663398068,0.2160294663398068,1,malicious,0.3759306848552558,0,1,1,0,0.11283778162457676,0,tn,fp,fp,tn,tn
2593,20260508_212404_nginx_delete_YuCbYY,1778300644.2,1778300644.292,48520,48573,50,50,0,benign,0,8.360918e-05,0,benign,0,0.5,0,benign,tn,,1,181,0.2089982412022011,0.2089982412022011,1,malicious,0.26749283286683356,0,1,1,0,0.08030637628605009,0,tn,fp,fp,tn,tn
1868,20260508_212317_basic_enum_YrdGDI,1778300596.415,1778300596.604,39916,39967,50,50,0,benign,0,8.343467e-05,0,benign,0,0.5,0,benign,tn,,1,176,0.2160294663398068,0.2160294663398068,1,malicious,0.3759306848552558,0,1,1,0,0.11283760972557677,0,tn,fp,fp,tn,tn
2306,20260508_212327_dns_tamper_i0Hbez,1778300606.651,1778300606.85,44652,44703,50,50,0,benign,0,8.341837e-05,0,benign,0,0.5,0,benign,tn,,1,177,0.2221588938636143,0.2221588938636143,1,malicious,0.47046071932187095,0,1,1,0,0.1411966086555613,0,tn,fp,fp,tn,tn
1911,20260508_212317_basic_enum_YrdGDI,1778300597.47,1778300597.633,40373,40429,50,50,0,benign,0,8.332058e-05,0,benign,0,0.5,0,benign,tn,,1,176,0.2160294663398068,0.2160294663398068,1,malicious,0.3759306848552558,0,1,1,0,0.11283752986257677,0,tn,fp,fp,tn,tn
28,20260508_211655_create_user_Tyu1u6,1778300215.026,1778300215.142,11258,11309,50,50,0,benign,0,8.321862e-05,0,benign,0,0.5,0,benign,tn,,1,138,0.256494781502289,0.256494781502289,1,malicious,1.0,0,1,1,0,0.300058253034,0,tn,fp,fp,tn,tn
2318,20260508_212327_dns_tamper_i0Hbez,1778300607.033,1778300607.12,44779,44830,50,50,0,benign,0,8.303868e-05,0,benign,0,0.5,0,benign,tn,,1,177,0.2221588938636143,0.2221588938636143,1,malicious,0.47046071932187095,0,1,1,0,0.1411963428725613,0,tn,fp,fp,tn,tn
27,20260508_211655_create_user_Tyu1u6,1778300215.017,1778300215.052,11248,11297,50,50,0,benign,0,8.2903694e-05,0,benign,0,0.5,0,benign,tn,,1,138,0.256494781502289,0.256494781502289,1,malicious,1.0,0,1,1,0,0.30005803258580005,0,tn,fp,fp,tn,tn
1867,20260508_212317_basic_enum_YrdGDI,1778300596.404,1778300596.484,39906,39955,50,50,0,benign,0,8.2616585e-05,0,benign,0,0.5,0,benign,tn,,1,176,0.2160294663398068,0.2160294663398068,1,malicious,0.3759306848552558,0,1,1,0,0.11283703706607677,0,tn,fp,fp,tn,tn
2305,20260508_212327_dns_tamper_i0Hbez,1778300606.643,1778300606.732,44642,44691,50,50,0,benign,0,8.2575476e-05,0,benign,0,0.5,0,benign,tn,,1,177,0.2221588938636143,0.2221588938636143,1,malicious,0.47046071932187095,0,1,1,0,0.1411960186297613,0,tn,fp,fp,tn,tn
2472,20260508_212327_dns_tamper_i0Hbez,1778300610.369,1778300610.427,46424,46473,50,50,0,benign,0,8.2251216e-05,0,benign,0,0.5,0,benign,tn,,1,177,0.2221588938636143,0.2221588938636143,1,malicious,0.47046071932187095,0,1,1,0,0.1411957916477613,0,tn,fp,fp,tn,tn
2319,20260508_212327_dns_tamper_i0Hbez,1778300607.043,1778300607.15,44789,44842,50,50,0,benign,0,8.2221966e-05,0,benign,0,0.5,0,benign,tn,,1,177,0.2221588938636143,0.2221588938636143,1,malicious,0.47046071932187095,0,1,1,0,0.1411957711727613,0,tn,fp,fp,tn,tn
2323,20260508_212327_dns_tamper_i0Hbez,1778300607.123,1778300607.3,44833,44887,50,50,0,benign,0,8.22026e-05,0,benign,0,0.5,0,benign,tn,,1,177,0.2221588938636143,0.2221588938636143,1,malicious,0.47046071932187095,0,1,1,0,0.1411957576165613,0,tn,fp,fp,tn,tn
2310,20260508_212327_dns_tamper_i0Hbez,1778300606.733,1778300606.994,44694,44748,50,50,0,benign,0,8.21979e-05,0,benign,0,0.5,0,benign,tn,,1,177,0.2221588938636143,0.2221588938636143,1,malicious,0.47046071932187095,0,1,1,0,0.1411957543265613,0,tn,fp,fp,tn,tn
1872,20260508_212317_basic_enum_YrdGDI,1778300596.485,1778300596.749,39958,40012,50,50,0,benign,0,8.2193896e-05,0,benign,0,0.5,0,benign,tn,,1,176,0.2160294663398068,0.2160294663398068,1,malicious,0.3759306848552558,0,1,1,0,0.11283674118377678,0,tn,fp,fp,tn,tn
2553,20260508_212404_nginx_delete_YuCbYY,1778300643.206,1778300643.304,48104,48153,50,50,0,benign,0,8.203862e-05,0,benign,0,0.5,0,benign,tn,,1,180,0.1916537226960299,0.1916537226960299,1,malicious,0.0,0,1,1,0,5.7427034e-05,0,tn,fp,fp,tn,tn
2043,20260508_212317_basic_enum_YrdGDI,1778300600.172,1778300600.256,41772,41823,50,50,0,benign,0,8.198732e-05,0,benign,0,0.5,0,benign,tn,,1,176,0.2160294663398068,0.2160294663398068,1,malicious,0.3759306848552558,0,1,1,0,0.11283659658057676,0,tn,fp,fp,tn,tn
11,20260508_211655_create_user_Tyu1u6,1778300214.493,1778300214.795,11088,11137,50,50,0,benign,0,8.154452e-05,0,benign,0,0.5,0,benign,tn,,1,138,0.256494781502289,0.256494781502289,1,malicious,1.0,0,1,1,0,0.30005708116400004,0,tn,fp,fp,tn,tn
2339,20260508_212327_dns_tamper_i0Hbez,1778300607.559,1778300607.65,45002,45056,50,50,0,benign,0,8.077869e-05,0,benign,0,0.5,0,benign,tn,,1,177,0.2221588938636143,0.2221588938636143,1,malicious,0.47046071932187095,0,1,1,0,0.1411947608795613,0,tn,fp,fp,tn,tn
2470,20260508_212327_dns_tamper_i0Hbez,1778300610.325,1778300610.408,46400,46453,50,50,0,benign,0,8.036326e-05,0,benign,0,0.5,0,benign,tn,,1,177,0.2221588938636143,0.2221588938636143,1,malicious,0.47046071932187095,0,1,1,0,0.1411944700785613,0,tn,fp,fp,tn,tn
2468,20260508_212327_dns_tamper_i0Hbez,1778300610.318,1778300610.385,46379,46433,50,50,0,benign,0,8.0035556e-05,0,benign,0,0.5,0,benign,tn,,1,177,0.2221588938636143,0.2221588938636143,1,malicious,0.47046071932187095,0,1,1,0,0.1411942406857613,0,tn,fp,fp,tn,tn
2543,20260508_212404_nginx_delete_YuCbYY,1778300642.373,1778300643.146,48004,48053,50,50,0,benign,0,7.9547215e-05,0,benign,0,0.5,0,benign,tn,,1,180,0.1916537226960299,0.1916537226960299,1,malicious,0.0,0,1,1,0,5.56830505e-05,0,tn,fp,fp,tn,tn
2676,20260508_212404_nginx_delete_YuCbYY,1778300645.558,1778300645.744,49412,49461,50,50,0,benign,0,7.951574e-05,0,benign,0,0.5,0,benign,tn,,1,181,0.2089982412022011,0.2089982412022011,1,malicious,0.26749283286683356,0,1,1,0,0.08030351087805009,0,tn,fp,fp,tn,tn
2559,20260508_212404_nginx_delete_YuCbYY,1778300643.407,1778300643.475,48164,48213,50,50,0,benign,0,7.9166646e-05,0,benign,0,0.5,0,benign,tn,,1,180,0.1916537226960299,0.1916537226960299,1,malicious,0.0,0,1,1,0,5.54166522e-05,0,tn,fp,fp,tn,tn
2456,20260508_212327_dns_tamper_i0Hbez,1778300610.034,1778300610.116,46251,46304,50,50,0,benign,0,7.868204e-05,0,benign,0,0.5,0,benign,tn,,1,177,0.2221588938636143,0.2221588938636143,1,malicious,0.47046071932187095,0,1,1,0,0.1411932932245613,0,tn,fp,fp,tn,tn
2443,20260508_212327_dns_tamper_i0Hbez,1778300609.739,1778300609.821,46112,46165,50,50,0,benign,0,7.839475e-05,0,benign,0,0.5,0,benign,tn,,1,177,0.2221588938636143,0.2221588938636143,1,malicious,0.47046071932187095,0,1,1,0,0.1411930921215613,0,tn,fp,fp,tn,tn
2327,20260508_212327_dns_tamper_i0Hbez,1778300607.299,1778300607.353,44877,44927,50,50,0,benign,0,7.8386074e-05,0,benign,0,0.5,0,benign,tn,,1,177,0.2221588938636143,0.2221588938636143,1,malicious,0.47046071932187095,0,1,1,0,0.1411930860483613,0,tn,fp,fp,tn,tn
2640,20260508_212404_nginx_delete_YuCbYY,1778300644.785,1778300644.868,49028,49081,50,50,0,benign,0,7.836933e-05,0,benign,0,0.5,0,benign,tn,,1,181,0.2089982412022011,0.2089982412022011,1,malicious,0.26749283286683356,0,1,1,0,0.08030270839105008,0,tn,fp,fp,tn,tn
1876,20260508_212317_basic_enum_YrdGDI,1778300596.748,1778300596.798,40002,40052,50,50,0,benign,0,7.836216e-05,0,benign,0,0.5,0,benign,tn,,1,176,0.2160294663398068,0.2160294663398068,1,malicious,0.3759306848552558,0,1,1,0,0.11283405896857678,0,tn,fp,fp,tn,tn
2410,20260508_212327_dns_tamper_i0Hbez,1778300609.062,1778300609.142,45764,45817,50,50,0,benign,0,7.825701e-05,0,benign,0,0.5,0,benign,tn,,1,177,0.2221588938636143,0.2221588938636143,1,malicious,0.47046071932187095,0,1,1,0,0.1411929957035613,0,tn,fp,fp,tn,tn
2314,20260508_212327_dns_tamper_i0Hbez,1778300606.993,1778300607.042,44738,44788,50,50,0,benign,0,7.8235375e-05,0,benign,0,0.5,0,benign,tn,,1,177,0.2221588938636143,0.2221588938636143,1,malicious,0.47046071932187095,0,1,1,0,0.1411929805590613,0,tn,fp,fp,tn,tn
2574,20260508_212404_nginx_delete_YuCbYY,1778300643.811,1778300643.89,48317,48370,50,50,0,benign,0,7.811215e-05,0,benign,0,0.5,0,benign,tn,,1,181,0.2089982412022011,0.2089982412022011,1,malicious,0.26749283286683356,0,1,1,0,0.08030252836505009,0,tn,fp,fp,tn,tn
2653,20260508_212404_nginx_delete_YuCbYY,1778300645.093,1778300645.175,49167,49220,50,50,0,benign,0,7.8026314e-05,0,benign,0,0.5,0,benign,tn,,1,181,0.2089982412022011,0.2089982412022011,1,malicious,0.26749283286683356,0,1,1,0,0.08030246827985009,0,tn,fp,fp,tn,tn
2641,20260508_212404_nginx_delete_YuCbYY,1778300644.819,1778300644.879,49042,49091,50,50,0,benign,0,7.780712e-05,0,benign,0,0.5,0,benign,tn,,1,181,0.2089982412022011,0.2089982412022011,1,malicious,0.26749283286683356,0,1,1,0,0.08030231484405008,0,tn,fp,fp,tn,tn
2654,20260508_212404_nginx_delete_YuCbYY,1778300645.126,1778300645.185,49181,49230,50,50,0,benign,0,7.773044e-05,0,benign,0,0.5,0,benign,tn,,1,181,0.2089982412022011,0.2089982412022011,1,malicious,0.26749283286683356,0,1,1,0,0.08030226116805009,0,tn,fp,fp,tn,tn
2411,20260508_212327_dns_tamper_i0Hbez,1778300609.096,1778300609.151,45778,45827,50,50,0,benign,0,7.772792e-05,0,benign,0,0.5,0,benign,tn,,1,177,0.2221588938636143,0.2221588938636143,1,malicious,0.47046071932187095,0,1,1,0,0.1411926253405613,0,tn,fp,fp,tn,tn
2667,20260508_212404_nginx_delete_YuCbYY,1778300645.42,1778300645.477,49320,49369,50,50,0,benign,0,7.7519326e-05,0,benign,0,0.5,0,benign,tn,,1,181,0.2089982412022011,0.2089982412022011,1,malicious,0.26749283286683356,0,1,1,0,0.08030211338825008,0,tn,fp,fp,tn,tn
2666,20260508_212404_nginx_delete_YuCbYY,1778300645.386,1778300645.466,49306,49359,50,50,0,benign,0,7.750307e-05,0,benign,0,0.5,0,benign,tn,,1,181,0.2089982412022011,0.2089982412022011,1,malicious,0.26749283286683356,0,1,1,0,0.08030210200905008,0,tn,fp,fp,tn,tn
2378,20260508_212327_dns_tamper_i0Hbez,1778300608.449,1778300608.523,45420,45473,50,50,0,benign,0,7.747359e-05,0,benign,0,0.5,0,benign,tn,,1,177,0.2221588938636143,0.2221588938636143,1,malicious,0.47046071932187095,0,1,1,0,0.1411924473095613,0,tn,fp,fp,tn,tn
2379,20260508_212327_dns_tamper_i0Hbez,1778300608.482,1778300608.533,45434,45487,50,50,0,benign,0,7.744869e-05,0,benign,0,0.5,0,benign,tn,,1,177,0.2221588938636143,0.2221588938636143,1,malicious,0.47046071932187095,0,1,1,0,0.1411924298795613,0,tn,fp,fp,tn,tn
2365,20260508_212327_dns_tamper_i0Hbez,1778300608.168,1778300608.243,45281,45334,50,50,0,benign,0,7.7425655e-05,0,benign,0,0.5,0,benign,tn,,1,177,0.2221588938636143,0.2221588938636143,1,malicious,0.47046071932187095,0,1,1,0,0.1411924137550613,0,tn,fp,fp,tn,tn
2430,20260508_212327_dns_tamper_i0Hbez,1778300609.446,1778300609.526,45973,46026,50,50,0,benign,0,7.7361954e-05,0,benign,0,0.5,0,benign,tn,,1,177,0.2221588938636143,0.2221588938636143,1,malicious,0.47046071932187095,0,1,1,0,0.1411923691643613,0,tn,fp,fp,tn,tn
2588,20260508_212404_nginx_delete_YuCbYY,1778300644.136,1778300644.199,48470,48519,50,50,0,benign,0,7.7296696e-05,0,benign,0,0.5,0,benign,tn,,1,181,0.2089982412022011,0.2089982412022011,1,malicious,0.26749283286683356,0,1,1,0,0.08030195754725009,0,tn,fp,fp,tn,tn
39,20260508_211655_create_user_Tyu1u6,1778300215.263,1778300215.32,11371,11422,50,50,0,benign,0,7.714059e-05,0,benign,0,0.5,0,benign,tn,,1,138,0.256494781502289,0.256494781502289,1,malicious,1.0,0,1,1,0,0.30005399841300007,0,tn,fp,fp,tn,tn
2298,20260508_212327_dns_tamper_i0Hbez,1778300606.554,1778300606.612,44572,44621,50,50,0,benign,0,7.7009834e-05,0,benign,0,0.5,0,benign,tn,,1,177,0.2221588938636143,0.2221588938636143,1,malicious,0.47046071932187095,0,1,1,0,0.1411921226803613,0,tn,fp,fp,tn,tn
1845,20260508_212317_basic_enum_YrdGDI,1778300595.835,1778300595.894,39686,39735,50,50,0,benign,0,7.698604e-05,0,benign,0,0.5,0,benign,tn,,1,176,0.2160294663398068,0.2160294663398068,1,malicious,0.3759306848552558,0,1,1,0,0.11283309568457676,0,tn,fp,fp,tn,tn
2587,20260508_212404_nginx_delete_YuCbYY,1778300644.102,1778300644.187,48456,48509,50,50,0,benign,0,7.693328e-05,0,benign,0,0.5,0,benign,tn,,1,181,0.2089982412022011,0.2089982412022011,1,malicious,0.26749283286683356,0,1,1,0,0.08030170315605008,0,tn,fp,fp,tn,tn
1860,20260508_212317_basic_enum_YrdGDI,1778300596.319,1778300596.378,39836,39885,50,50,0,benign,0,7.689616e-05,0,benign,0,0.5,0,benign,tn,,1,176,0.2160294663398068,0.2160294663398068,1,malicious,0.3759306848552558,0,1,1,0,0.11283303276857677,0,tn,fp,fp,tn,tn
1912,20260508_212317_basic_enum_YrdGDI,1778300597.473,1778300597.644,40385,40439,50,50,0,benign,0,7.6573466e-05,0,benign,0,0.5,0,benign,tn,,1,176,0.2160294663398068,0.2160294663398068,1,malicious,0.3759306848552558,0,1,1,0,0.11283280688277678,0,tn,fp,fp,tn,tn
20,20260508_211655_create_user_Tyu1u6,1778300214.84,1778300214.994,11178,11227,50,50,0,benign,0,7.6252414e-05,0,benign,0,0.5,0,benign,tn,,1,138,0.256494781502289,0.256494781502289,1,malicious,1.0,0,1,1,0,0.30005337668980003,0,tn,fp,fp,tn,tn
6,20260508_211655_create_user_Tyu1u6,1778300214.438,1778300214.49,11038,11087,50,50,0,benign,0,7.6232056e-05,0,benign,0,0.5,0,benign,tn,,1,138,0.256494781502289,0.256494781502289,1,malicious,1.0,0,1,1,0,0.30005336243920006,0,tn,fp,fp,tn,tn
144,20260508_211655_create_user_Tyu1u6,1778300216.309,1778300216.451,12498,12547,50,50,0,benign,0,7.6158234e-05,0,benign,0,0.5,0,benign,tn,,1,138,0.256494781502289,0.256494781502289,1,malicious,1.0,0,1,1,0,0.30005331076380004,0,tn,fp,fp,tn,tn
1940,20260508_212317_basic_enum_YrdGDI,1778300598.172,1778300598.245,40684,40737,50,50,0,benign,0,7.5610806e-05,0,benign,0,0.5,0,benign,tn,,1,176,0.2160294663398068,0.2160294663398068,1,malicious,0.3759306848552558,0,1,1,0,0.11283213302077677,0,tn,fp,fp,tn,tn
1844,20260508_212317_basic_enum_YrdGDI,1778300595.733,1778300595.884,39676,39725,50,50,0,benign,0,7.553874e-05,0,benign,0,0.5,0,benign,tn,,1,176,0.2160294663398068,0.2160294663398068,1,malicious,0.3759306848552558,0,1,1,0,0.11283208257457678,0,tn,fp,fp,tn,tn
2297,20260508_212327_dns_tamper_i0Hbez,1778300606.451,1778300606.602,44562,44611,50,50,0,benign,0,7.549099e-05,0,benign,0,0.5,0,benign,tn,,1,177,0.2221588938636143,0.2221588938636143,1,malicious,0.47046071932187095,0,1,1,0,0.1411910594895613,0,tn,fp,fp,tn,tn
1859,20260508_212317_basic_enum_YrdGDI,1778300596.216,1778300596.369,39826,39875,50,50,0,benign,0,7.540336e-05,0,benign,0,0.5,0,benign,tn,,1,176,0.2160294663398068,0.2160294663398068,1,malicious,0.3759306848552558,0,1,1,0,0.11283198780857677,0,tn,fp,fp,tn,tn
2049,20260508_212317_basic_enum_YrdGDI,1778300600.299,1778300600.455,41834,41883,50,50,0,benign,0,7.531978e-05,0,benign,0,0.5,0,benign,tn,,1,176,0.2160294663398068,0.2160294663398068,1,malicious,0.3759306848552558,0,1,1,0,0.11283192930257677,0,tn,fp,fp,tn,tn
1901,20260508_212317_basic_enum_YrdGDI,1778300597.304,1778300597.384,40267,40320,50,50,0,benign,0,7.480791e-05,0,benign,0,0.5,0,benign,tn,,1,176,0.2160294663398068,0.2160294663398068,1,malicious,0.3759306848552558,0,1,1,0,0.11283157099357677,0,tn,fp,fp,tn,tn
118,20260508_211655_create_user_Tyu1u6,1778300215.837,1778300215.984,12226,12278,50,50,0,benign,0,7.471565e-05,0,benign,0,0.5,0,benign,tn,,1,138,0.256494781502289,0.256494781502289,1,malicious,1.0,0,1,1,0,0.300052300955,0,tn,fp,fp,tn,tn
19,20260508_211655_create_user_Tyu1u6,1778300214.81,1778300214.986,11168,11217,50,50,0,benign,0,7.428825e-05,0,benign,0,0.5,0,benign,tn,,1,138,0.256494781502289,0.256494781502289,1,malicious,1.0,0,1,1,0,0.300052001775,0,tn,fp,fp,tn,tn
1913,20260508_212317_basic_enum_YrdGDI,1778300597.489,1778300597.656,40395,40449,50,50,0,benign,0,7.427125e-05,0,benign,0,0.5,0,benign,tn,,1,176,0.2160294663398068,0.2160294663398068,1,malicious,0.3759306848552558,0,1,1,0,0.11283119533157678,0,tn,fp,fp,tn,tn
1953,20260508_212317_basic_enum_YrdGDI,1778300598.48,1778300598.584,40823,40876,50,50,0,benign,0,7.403712e-05,0,benign,0,0.5,0,benign,tn,,1,176,0.2160294663398068,0.2160294663398068,1,malicious,0.3759306848552558,0,1,1,0,0.11283103144057677,0,tn,fp,fp,tn,tn
1886,20260508_212317_basic_enum_YrdGDI,1778300596.893,1778300597.055,40107,40161,50,50,0,benign,0,7.394405e-05,0,benign,0,0.5,0,benign,tn,,1,176,0.2160294663398068,0.2160294663398068,1,malicious,0.3759306848552558,0,1,1,0,0.11283096629157677,0,tn,fp,fp,tn,tn
1967,20260508_212317_basic_enum_YrdGDI,1778300598.81,1778300598.881,40972,41025,50,50,0,benign,0,7.390162e-05,0,benign,0,0.5,0,benign,tn,,1,176,0.2160294663398068,0.2160294663398068,1,malicious,0.3759306848552558,0,1,1,0,0.11283093659057677,0,tn,fp,fp,tn,tn
2036,20260508_212317_basic_enum_YrdGDI,1778300599.991,1778300600.149,41697,41751,50,50,0,benign,0,7.379415e-05,0,benign,0,0.5,0,benign,tn,,1,176,0.2160294663398068,0.2160294663398068,1,malicious,0.3759306848552558,0,1,1,0,0.11283086136157677,0,tn,fp,fp,tn,tn
2041,20260508_212317_basic_enum_YrdGDI,1778300600.149,1778300600.2,41752,41801,50,50,0,benign,0,7.3629664e-05,0,benign,0,0.5,0,benign,tn,,1,176,0.2160294663398068,0.2160294663398068,1,malicious,0.3759306848552558,0,1,1,0,0.11283074622137677,0,tn,fp,fp,tn,tn
149,20260508_211655_create_user_Tyu1u6,1778300216.452,1778300216.498,12548,12597,50,50,0,benign,0,7.362602e-05,0,benign,0,0.5,0,benign,tn,,1,138,0.256494781502289,0.256494781502289,1,malicious,1.0,0,1,1,0,0.30005153821400005,0,tn,fp,fp,tn,tn
1891,20260508_212317_basic_enum_YrdGDI,1778300597.056,1778300597.111,40162,40211,50,50,0,benign,0,7.360811e-05,0,benign,0,0.5,0,benign,tn,,1,176,0.2160294663398068,0.2160294663398068,1,malicious,0.3759306848552558,0,1,1,0,0.11283073113357676,0,tn,fp,fp,tn,tn
2557,20260508_212404_nginx_delete_YuCbYY,1778300643.272,1778300643.448,48144,48193,50,50,0,benign,0,7.354441e-05,0,benign,0,0.5,0,benign,tn,,1,180,0.1916537226960299,0.1916537226960299,1,malicious,0.0,0,1,1,0,5.1481086999999995e-05,0,tn,fp,fp,tn,tn
123,20260508_211655_create_user_Tyu1u6,1778300215.985,1778300216.032,12279,12328,50,50,0,benign,0,7.353571e-05,0,benign,0,0.5,0,benign,tn,,1,138,0.256494781502289,0.256494781502289,1,malicious,1.0,0,1,1,0,0.300051474997,0,tn,fp,fp,tn,tn
2286,20260508_212327_dns_tamper_i0Hbez,1778300606.263,1778300606.337,44452,44501,50,50,0,benign,0,7.352035e-05,0,benign,0,0.5,0,benign,tn,,1,177,0.2221588938636143,0.2221588938636143,1,malicious,0.47046071932187095,0,1,1,0,0.1411896800415613,0,tn,fp,fp,tn,tn
2362,20260508_212327_dns_tamper_i0Hbez,1778300608.042,1778300608.202,45248,45304,50,50,0,benign,0,7.265071e-05,0,benign,0,0.5,0,benign,tn,,1,177,0.2221588938636143,0.2221588938636143,1,malicious,0.47046071932187095,0,1,1,0,0.1411890712935613,0,tn,fp,fp,tn,tn
1964,20260508_212317_basic_enum_YrdGDI,1778300598.683,1778300598.844,40939,40995,50,50,0,benign,0,7.264961e-05,0,benign,0,0.5,0,benign,tn,,1,176,0.2160294663398068,0.2160294663398068,1,malicious,0.3759306848552558,0,1,1,0,0.11283006018357677,0,tn,fp,fp,tn,tn
1937,20260508_212317_basic_enum_YrdGDI,1778300598.046,1778300598.207,40651,40707,50,50,0,benign,0,7.264725e-05,0,benign,0,0.5,0,benign,tn,,1,176,0.2160294663398068,0.2160294663398068,1,malicious,0.3759306848552558,0,1,1,0,0.11283005853157677,0,tn,fp,fp,tn,tn
1898,20260508_212317_basic_enum_YrdGDI,1778300597.176,1778300597.338,40234,40290,50,50,0,benign,0,7.250779e-05,0,benign,0,0.5,0,benign,tn,,1,176,0.2160294663398068,0.2160294663398068,1,malicious,0.3759306848552558,0,1,1,0,0.11282996090957677,0,tn,fp,fp,tn,tn
1950,20260508_212317_basic_enum_YrdGDI,1778300598.331,1778300598.539,40790,40846,50,50,0,benign,0,7.2504125e-05,0,benign,0,0.5,0,benign,tn,,1,176,0.2160294663398068,0.2160294663398068,1,malicious,0.3759306848552558,0,1,1,0,0.11282995834407678,0,tn,fp,fp,tn,tn
2355,20260508_212327_dns_tamper_i0Hbez,1778300607.921,1778300607.981,45176,45225,50,50,0,benign,0,7.2199655e-05,0,benign,0,0.5,0,benign,tn,,1,177,0.2221588938636143,0.2221588938636143,1,malicious,0.47046071932187095,0,1,1,0,0.1411887555550613,0,tn,fp,fp,tn,tn
18,20260508_211655_create_user_Tyu1u6,1778300214.808,1778300214.966,11158,11207,50,50,0,benign,0,7.2196555e-05,0,benign,0,0.5,0,benign,tn,,1,138,0.256494781502289,0.256494781502289,1,malicious,1.0,0,1,1,0,0.30005053758850003,0,tn,fp,fp,tn,tn
2480,20260508_212327_dns_tamper_i0Hbez,1778300610.532,1778300610.686,46506,46555,50,50,0,benign,0,7.2121e-05,0,benign,0,0.5,0,benign,tn,,1,177,0.2221588938636143,0.2221588938636143,1,malicious,0.47046071932187095,0,1,1,0,0.1411887004965613,0,tn,fp,fp,tn,tn
2027,20260508_212317_basic_enum_YrdGDI,1778300599.849,1778300599.906,41603,41652,50,50,0,benign,0,7.209914e-05,0,benign,0,0.5,0,benign,tn,,1,176,0.2160294663398068,0.2160294663398068,1,malicious,0.3759306848552558,0,1,1,0,0.11282967485457678,0,tn,fp,fp,tn,tn
2607,20260508_212404_nginx_delete_YuCbYY,1778300644.457,1778300644.516,48669,48718,50,50,0,benign,0,7.206408e-05,0,benign,0,0.5,0,benign,tn,,1,181,0.2089982412022011,0.2089982412022011,1,malicious,0.26749283286683356,0,1,1,0,0.08029829471605009,0,tn,fp,fp,tn,tn
2014,20260508_212317_basic_enum_YrdGDI,1778300599.562,1778300599.622,41464,41513,50,50,0,benign,0,7.199059e-05,0,benign,0,0.5,0,benign,tn,,1,176,0.2160294663398068,0.2160294663398068,1,malicious,0.3759306848552558,0,1,1,0,0.11282959886957677,0,tn,fp,fp,tn,tn
1930,20260508_212317_basic_enum_YrdGDI,1778300597.934,1778300597.995,40579,40628,50,50,0,benign,0,7.197452e-05,0,benign,0,0.5,0,benign,tn,,1,176,0.2160294663398068,0.2160294663398068,1,malicious,0.3759306848552558,0,1,1,0,0.11282958762057677,0,tn,fp,fp,tn,tn
2539,20260508_212404_nginx_delete_YuCbYY,1778300642.356,1778300642.978,47964,48013,50,50,0,benign,0,7.13866e-05,0,benign,0,0.5,0,benign,tn,,1,180,0.1916537226960299,0.1916537226960299,1,malicious,0.0,0,1,1,0,4.9970619999999994e-05,0,tn,fp,fp,tn,tn
2563,20260508_212404_nginx_delete_YuCbYY,1778300643.464,1778300643.526,48204,48253,50,50,0,benign,0,7.119027e-05,0,benign,0,0.5,0,benign,tn,,1,180,0.1916537226960299,0.1916537226960299,1,malicious,0.0,0,1,1,0,4.9833189e-05,0,tn,fp,fp,tn,tn
2467,20260508_212327_dns_tamper_i0Hbez,1778300610.215,1778300610.369,46369,46423,50,50,0,benign,0,7.0559894e-05,0,benign,0,0.5,0,benign,tn,,1,177,0.2221588938636143,0.2221588938636143,1,malicious,0.47046071932187095,0,1,1,0,0.1411876077223613,0,tn,fp,fp,tn,tn
2483,20260508_212327_dns_tamper_i0Hbez,1778300610.653,1778300610.728,46536,46585,50,50,0,benign,0,7.010122e-05,0,benign,0,0.5,0,benign,tn,,1,177,0.2221588938636143,0.2221588938636143,1,malicious,0.47046071932187095,0,1,1,0,0.1411872866505613,0,tn,fp,fp,tn,tn
1864,20260508_212317_basic_enum_YrdGDI,1778300596.37,1778300596.423,39876,39925,50,50,0,benign,0,6.941075e-05,0,benign,0,0.5,0,benign,tn,,1,176,0.2160294663398068,0.2160294663398068,1,malicious,0.3759306848552558,0,1,1,0,0.11282779298157677,0,tn,fp,fp,tn,tn
1917,20260508_212317_basic_enum_YrdGDI,1778300597.648,1778300597.707,40440,40489,50,50,0,benign,0,6.93768e-05,0,benign,0,0.5,0,benign,tn,,1,176,0.2160294663398068,0.2160294663398068,1,malicious,0.3759306848552558,0,1,1,0,0.11282776921657676,0,tn,fp,fp,tn,tn
24,20260508_211655_create_user_Tyu1u6,1778300214.987,1778300215.035,11218,11267,50,50,0,benign,0,6.920454e-05,0,benign,0,0.5,0,benign,tn,,1,138,0.256494781502289,0.256494781502289,1,malicious,1.0,0,1,1,0,0.30004844317800006,0,tn,fp,fp,tn,tn
131,20260508_211655_create_user_Tyu1u6,1778300216.062,1778300216.211,12363,12415,50,50,0,benign,0,6.919391e-05,0,benign,0,0.5,0,benign,tn,,1,138,0.256494781502289,0.256494781502289,1,malicious,1.0,0,1,1,0,0.300048435737,0,tn,fp,fp,tn,tn
2302,20260508_212327_dns_tamper_i0Hbez,1778300606.602,1778300606.668,44612,44661,50,50,0,benign,0,6.915731e-05,0,benign,0,0.5,0,benign,tn,,1,177,0.2221588938636143,0.2221588938636143,1,malicious,0.47046071932187095,0,1,1,0,0.1411866259135613,0,tn,fp,fp,tn,tn
2678,20260508_212404_nginx_delete_YuCbYY,1778300645.705,1778300645.774,49432,49481,50,50,0,benign,0,6.91165e-05,0,benign,0,0.5,0,benign,tn,,1,181,0.2089982412022011,0.2089982412022011,1,malicious,0.26749283286683356,0,1,1,0,0.08029623141005009,0,tn,fp,fp,tn,tn
2545,20260508_212404_nginx_delete_YuCbYY,1778300643.081,1778300643.173,48024,48073,50,50,0,benign,0,6.9107e-05,0,benign,0,0.5,0,benign,tn,,1,180,0.1916537226960299,0.1916537226960299,1,malicious,0.0,0,1,1,0,4.8374899999999997e-05,0,tn,fp,fp,tn,tn
1992,20260508_212317_basic_enum_YrdGDI,1778300599.117,1778300599.277,41230,41284,50,50,0,benign,0,6.784183e-05,0,benign,0,0.5,0,benign,tn,,1,176,0.2160294663398068,0.2160294663398068,1,malicious,0.3759306848552558,0,1,1,0,0.11282669473757677,0,tn,fp,fp,tn,tn
2039,20260508_212317_basic_enum_YrdGDI,1778300600.131,1778300600.184,41731,41781,50,50,0,benign,0,6.6665394e-05,0,benign,0,0.5,0,benign,tn,,1,176,0.2160294663398068,0.2160294663398068,1,malicious,0.3759306848552558,0,1,1,0,0.11282587123237676,0,tn,fp,fp,tn,tn
121,20260508_211655_create_user_Tyu1u6,1778300215.964,1778300216.016,12258,12308,50,50,0,benign,0,6.630856e-05,0,benign,0,0.5,0,benign,tn,,1,138,0.256494781502289,0.256494781502289,1,malicious,1.0,0,1,1,0,0.30004641599200005,0,tn,fp,fp,tn,tn
1889,20260508_212317_basic_enum_YrdGDI,1778300597.037,1778300597.093,40141,40192,50,50,0,benign,0,6.604056e-05,0,benign,0,0.5,0,benign,tn,,1,176,0.2160294663398068,0.2160294663398068,1,malicious,0.3759306848552558,0,1,1,0,0.11282543384857677,0,tn,fp,fp,tn,tn
2576,20260508_212404_nginx_delete_YuCbYY,1778300643.859,1778300643.909,48341,48390,50,50,0,benign,0,6.475706e-05,0,benign,0,0.5,0,benign,tn,,1,181,0.2089982412022011,0.2089982412022011,1,malicious,0.26749283286683356,0,1,1,0,0.08029317980205009,0,tn,fp,fp,tn,tn
2458,20260508_212327_dns_tamper_i0Hbez,1778300610.079,1778300610.137,46275,46324,50,50,0,benign,0,6.473854e-05,0,benign,0,0.5,0,benign,tn,,1,177,0.2221588938636143,0.2221588938636143,1,malicious,0.47046071932187095,0,1,1,0,0.1411835327745613,0,tn,fp,fp,tn,tn
2288,20260508_212327_dns_tamper_i0Hbez,1778300606.306,1778300606.355,44472,44521,50,50,0,benign,0,6.465291e-05,0,benign,0,0.5,0,benign,tn,,1,177,0.2221588938636143,0.2221588938636143,1,malicious,0.47046071932187095,0,1,1,0,0.1411834728335613,0,tn,fp,fp,tn,tn
2432,20260508_212327_dns_tamper_i0Hbez,1778300609.491,1778300609.547,45997,46046,50,50,0,benign,0,6.464945e-05,0,benign,0,0.5,0,benign,tn,,1,177,0.2221588938636143,0.2221588938636143,1,malicious,0.47046071932187095,0,1,1,0,0.1411834704115613,0,tn,fp,fp,tn,tn
2398,20260508_212327_dns_tamper_i0Hbez,1778300608.791,1778300608.854,45639,45688,50,50,0,benign,0,6.444411e-05,0,benign,0,0.5,0,benign,tn,,1,177,0.2221588938636143,0.2221588938636143,1,malicious,0.47046071932187095,0,1,1,0,0.1411833266735613,0,tn,fp,fp,tn,tn
2558,20260508_212404_nginx_delete_YuCbYY,1778300643.304,1778300643.464,48154,48203,50,50,0,benign,0,6.433917e-05,0,benign,0,0.5,0,benign,tn,,1,180,0.1916537226960299,0.1916537226960299,1,malicious,0.0,0,1,1,0,4.5037418999999995e-05,0,tn,fp,fp,tn,tn
2602,20260508_212404_nginx_delete_YuCbYY,1778300644.384,1778300644.457,48614,48668,50,50,0,benign,0,6.428269e-05,0,benign,0,0.5,0,benign,tn,,1,181,0.2089982412022011,0.2089982412022011,1,malicious,0.26749283286683356,0,1,1,0,0.08029284774305008,0,tn,fp,fp,tn,tn
2009,20260508_212317_basic_enum_YrdGDI,1778300599.453,1778300599.562,41409,41463,50,50,0,benign,0,6.420477e-05,0,benign,0,0.5,0,benign,tn,,1,176,0.2160294663398068,0.2160294663398068,1,malicious,0.3759306848552558,0,1,1,0,0.11282414879557677,0,tn,fp,fp,tn,tn
2350,20260508_212327_dns_tamper_i0Hbez,1778300607.766,1778300607.921,45121,45175,50,50,0,benign,0,6.3949956e-05,0,benign,0,0.5,0,benign,tn,,1,177,0.2221588938636143,0.2221588938636143,1,malicious,0.47046071932187095,0,1,1,0,0.1411829807657613,0,tn,fp,fp,tn,tn
2022,20260508_212317_basic_enum_YrdGDI,1778300599.691,1778300599.849,41548,41602,50,50,0,benign,0,6.393825e-05,0,benign,0,0.5,0,benign,tn,,1,176,0.2160294663398068,0.2160294663398068,1,malicious,0.3759306848552558,0,1,1,0,0.11282396223157677,0,tn,fp,fp,tn,tn
1925,20260508_212317_basic_enum_YrdGDI,1778300597.779,1778300597.934,40524,40578,50,50,0,benign,0,6.388181e-05,0,benign,0,0.5,0,benign,tn,,1,176,0.2160294663398068,0.2160294663398068,1,malicious,0.3759306848552558,0,1,1,0,0.11282392272357677,0,tn,fp,fp,tn,tn
2444,20260508_212327_dns_tamper_i0Hbez,1778300609.773,1778300609.831,46126,46175,50,50,0,benign,0,6.384783e-05,0,benign,0,0.5,0,benign,tn,,1,177,0.2221588938636143,0.2221588938636143,1,malicious,0.47046071932187095,0,1,1,0,0.1411829092775613,0,tn,fp,fp,tn,tn
1916,20260508_212317_basic_enum_YrdGDI,1778300597.633,1778300597.698,40430,40479,50,50,0,benign,0,6.378113e-05,0,benign,0,0.5,0,benign,tn,,1,176,0.2160294663398068,0.2160294663398068,1,malicious,0.3759306848552558,0,1,1,0,0.11282385224757677,0,tn,fp,fp,tn,tn
1863,20260508_212317_basic_enum_YrdGDI,1778300596.359,1778300596.413,39866,39915,50,50,0,benign,0,6.3521824e-05,0,benign,0,0.5,0,benign,tn,,1,176,0.2160294663398068,0.2160294663398068,1,malicious,0.3759306848552558,0,1,1,0,0.11282367073337676,0,tn,fp,fp,tn,tn
23,20260508_211655_create_user_Tyu1u6,1778300214.966,1778300215.026,11208,11257,50,50,0,benign,0,6.351686e-05,0,benign,0,0.5,0,benign,tn,,1,138,0.256494781502289,0.256494781502289,1,malicious,1.0,0,1,1,0,0.30004446180200006,0,tn,fp,fp,tn,tn
2301,20260508_212327_dns_tamper_i0Hbez,1778300606.593,1778300606.651,44602,44651,50,50,0,benign,0,6.345353e-05,0,benign,0,0.5,0,benign,tn,,1,177,0.2221588938636143,0.2221588938636143,1,malicious,0.47046071932187095,0,1,1,0,0.1411826332675613,0,tn,fp,fp,tn,tn
2445,20260508_212327_dns_tamper_i0Hbez,1778300609.787,1778300609.844,46136,46185,50,50,0,benign,0,6.343532e-05,0,benign,0,0.5,0,benign,tn,,1,177,0.2221588938636143,0.2221588938636143,1,malicious,0.47046071932187095,0,1,1,0,0.1411826205205613,0,tn,fp,fp,tn,tn
2642,20260508_212404_nginx_delete_YuCbYY,1778300644.837,1778300644.889,49052,49101,50,50,0,benign,0,6.342014e-05,0,benign,0,0.5,0,benign,tn,,1,181,0.2089982412022011,0.2089982412022011,1,malicious,0.26749283286683356,0,1,1,0,0.08029224395805008,0,tn,fp,fp,tn,tn
2412,20260508_212327_dns_tamper_i0Hbez,1778300609.106,1778300609.161,45788,45837,50,50,0,benign,0,6.341325e-05,0,benign,0,0.5,0,benign,tn,,1,177,0.2221588938636143,0.2221588938636143,1,malicious,0.47046071932187095,0,1,1,0,0.1411826050715613,0,tn,fp,fp,tn,tn
2655,20260508_212404_nginx_delete_YuCbYY,1778300645.14,1778300645.196,49191,49240,50,50,0,benign,0,6.3374195e-05,0,benign,0,0.5,0,benign,tn,,1,181,0.2089982412022011,0.2089982412022011,1,malicious,0.26749283286683356,0,1,1,0,0.08029221179655008,0,tn,fp,fp,tn,tn
1946,20260508_212317_basic_enum_YrdGDI,1778300598.257,1778300598.357,40748,40801,50,47,3,benign,0,6.333215e-05,0,benign,0,0.5,0,benign,tn,,1,176,0.2160294663398068,0.2160294663398068,1,malicious,0.3759306848552558,0,1,1,0,0.11282353796157676,0,tn,fp,fp,tn,tn
2380,20260508_212327_dns_tamper_i0Hbez,1778300608.494,1778300608.543,45444,45493,50,50,0,benign,0,6.3301835e-05,0,benign,0,0.5,0,benign,tn,,1,177,0.2221588938636143,0.2221588938636143,1,malicious,0.47046071932187095,0,1,1,0,0.1411825270810613,0,tn,fp,fp,tn,tn
2668,20260508_212404_nginx_delete_YuCbYY,1778300645.43,1778300645.487,49330,49379,50,50,0,benign,0,6.3294836e-05,0,benign,0,0.5,0,benign,tn,,1,181,0.2089982412022011,0.2089982412022011,1,malicious,0.26749283286683356,0,1,1,0,0.08029215624525009,0,tn,fp,fp,tn,tn
2589,20260508_212404_nginx_delete_YuCbYY,1778300644.152,1778300644.209,48480,48529,50,50,0,benign,0,6.322431e-05,0,benign,0,0.5,0,benign,tn,,1,181,0.2089982412022011,0.2089982412022011,1,malicious,0.26749283286683356,0,1,1,0,0.08029210687705009,0,tn,fp,fp,tn,tn
2332,20260508_212327_dns_tamper_i0Hbez,1778300607.354,1778300607.454,44928,44981,50,50,0,benign,0,6.1703e-05,0,benign,0,0.5,0,benign,tn,,1,177,0.2221588938636143,0.2221588938636143,1,malicious,0.47046071932187095,0,1,1,0,0.1411814078965613,0,tn,fp,fp,tn,tn
2457,20260508_212327_dns_tamper_i0Hbez,1778300610.068,1778300610.126,46265,46314,50,50,0,benign,0,6.128793e-05,0,benign,0,0.5,0,benign,tn,,1,177,0.2221588938636143,0.2221588938636143,1,malicious,0.47046071932187095,0,1,1,0,0.1411811173475613,0,tn,fp,fp,tn,tn
113,20260508_211655_create_user_Tyu1u6,1778300215.79,1778300215.837,12172,12225,50,50,0,benign,0,6.126479e-05,0,benign,0,0.5,0,benign,tn,,1,138,0.256494781502289,0.256494781502289,1,malicious,1.0,0,1,1,0,0.30004288535300006,0,tn,fp,fp,tn,tn
2575,20260508_212404_nginx_delete_YuCbYY,1778300643.845,1778300643.9,48331,48380,50,50,0,benign,0,6.11795e-05,0,benign,0,0.5,0,benign,tn,,1,181,0.2089982412022011,0.2089982412022011,1,malicious,0.26749283286683356,0,1,1,0,0.08029067551005008,0,tn,fp,fp,tn,tn
2287,20260508_212327_dns_tamper_i0Hbez,1778300606.297,1778300606.346,44462,44511,50,50,0,benign,0,6.0972794e-05,0,benign,0,0.5,0,benign,tn,,1,177,0.2221588938636143,0.2221588938636143,1,malicious,0.47046071932187095,0,1,1,0,0.1411808967523613,0,tn,fp,fp,tn,tn
2431,20260508_212327_dns_tamper_i0Hbez,1778300609.48,1778300609.536,45987,46036,50,50,0,benign,0,6.096151e-05,0,benign,0,0.5,0,benign,tn,,1,177,0.2221588938636143,0.2221588938636143,1,malicious,0.47046071932187095,0,1,1,0,0.1411808888535613,0,tn,fp,fp,tn,tn
1850,20260508_212317_basic_enum_YrdGDI,1778300595.895,1778300596.113,39736,39785,50,50,0,benign,0,6.093315e-05,0,benign,0,0.5,0,benign,tn,,1,176,0.2160294663398068,0.2160294663398068,1,malicious,0.3759306848552558,0,1,1,0,0.11282185866157678,0,tn,fp,fp,tn,tn
2397,20260508_212327_dns_tamper_i0Hbez,1778300608.78,1778300608.843,45629,45678,50,50,0,benign,0,6.092002e-05,0,benign,0,0.5,0,benign,tn,,1,177,0.2221588938636143,0.2221588938636143,1,malicious,0.47046071932187095,0,1,1,0,0.1411808598105613,0,tn,fp,fp,tn,tn
2686,20260508_212404_nginx_delete_YuCbYY,1778300645.809,1778300646.097,49512,49561,50,50,0,benign,0,6.085104e-05,0,benign,0,0.5,0,benign,tn,,1,181,0.2089982412022011,0.2089982412022011,1,malicious,0.26749283286683356,0,1,1,0,0.08029044558805008,0,tn,fp,fp,tn,tn
2044,20260508_212317_basic_enum_YrdGDI,1778300600.184,1778300600.299,41782,41833,50,50,0,benign,0,5.9382306e-05,0,benign,0,0.5,0,benign,tn,,1,176,0.2160294663398068,0.2160294663398068,1,malicious,0.3759306848552558,0,1,1,0,0.11282077307077677,0,tn,fp,fp,tn,tn
2324,20260508_212327_dns_tamper_i0Hbez,1778300607.15,1778300607.316,44843,44897,50,50,0,benign,0,5.9323273e-05,0,benign,0,0.5,0,benign,tn,,1,177,0.2221588938636143,0.2221588938636143,1,malicious,0.47046071932187095,0,1,1,0,0.1411797420876613,0,tn,fp,fp,tn,tn
1873,20260508_212317_basic_enum_YrdGDI,1778300596.604,1778300596.762,39968,40022,50,50,0,benign,0,5.9312977e-05,0,benign,0,0.5,0,benign,tn,,1,176,0.2160294663398068,0.2160294663398068,1,malicious,0.3759306848552558,0,1,1,0,0.11282072454047677,0,tn,fp,fp,tn,tn
2311,20260508_212327_dns_tamper_i0Hbez,1778300606.85,1778300607.009,44704,44758,50,50,0,benign,0,5.9308004e-05,0,benign,0,0.5,0,benign,tn,,1,177,0.2221588938636143,0.2221588938636143,1,malicious,0.47046071932187095,0,1,1,0,0.1411797313993613,0,tn,fp,fp,tn,tn
147,20260508_211655_create_user_Tyu1u6,1778300216.434,1778300216.483,12528,12577,50,50,0,benign,0,5.9294656e-05,0,benign,0,0.5,0,benign,tn,,1,138,0.256494781502289,0.256494781502289,1,malicious,1.0,0,1,1,0,0.30004150625920006,0,tn,fp,fp,tn,tn
2316,20260508_212327_dns_tamper_i0Hbez,1778300607.009,1778300607.059,44759,44808,50,50,0,benign,0,5.897671e-05,0,benign,0,0.5,0,benign,tn,,1,177,0.2221588938636143,0.2221588938636143,1,malicious,0.47046071932187095,0,1,1,0,0.1411794994935613,0,tn,fp,fp,tn,tn
2329,20260508_212327_dns_tamper_i0Hbez,1778300607.317,1778300607.373,44898,44947,50,50,0,benign,0,5.8921734e-05,0,benign,0,0.5,0,benign,tn,,1,177,0.2221588938636143,0.2221588938636143,1,malicious,0.47046071932187095,0,1,1,0,0.1411794610103613,0,tn,fp,fp,tn,tn
1854,20260508_212317_basic_enum_YrdGDI,1778300596.105,1778300596.216,39776,39825,50,50,0,benign,0,5.8918195e-05,0,benign,0,0.5,0,benign,tn,,1,176,0.2160294663398068,0.2160294663398068,1,malicious,0.3759306848552558,0,1,1,0,0.11282044819307677,0,tn,fp,fp,tn,tn
2292,20260508_212327_dns_tamper_i0Hbez,1778300606.346,1778300606.451,44512,44561,50,50,0,benign,0,5.8911286e-05,0,benign,0,0.5,0,benign,tn,,1,177,0.2221588938636143,0.2221588938636143,1,malicious,0.47046071932187095,0,1,1,0,0.1411794536967613,0,tn,fp,fp,tn,tn
1878,20260508_212317_basic_enum_YrdGDI,1778300596.764,1778300596.816,40023,40072,50,50,0,benign,0,5.8907743e-05,0,benign,0,0.5,0,benign,tn,,1,176,0.2160294663398068,0.2160294663398068,1,malicious,0.3759306848552558,0,1,1,0,0.11282044087667677,0,tn,fp,fp,tn,tn
148,20260508_211655_create_user_Tyu1u6,1778300216.435,1778300216.49,12538,12587,50,50,0,benign,0,5.861205e-05,0,benign,0,0.5,0,benign,tn,,1,138,0.256494781502289,0.256494781502289,1,malicious,1.0,0,1,1,0,0.300041028435,0,tn,fp,fp,tn,tn
2040,20260508_212317_basic_enum_YrdGDI,1778300600.132,1778300600.192,41742,41791,50,50,0,benign,0,5.8609145e-05,0,benign,0,0.5,0,benign,tn,,1,176,0.2160294663398068,0.2160294663398068,1,malicious,0.3759306848552558,0,1,1,0,0.11282023185807677,0,tn,fp,fp,tn,tn
1894,20260508_212317_basic_enum_YrdGDI,1778300597.094,1778300597.194,40191,40245,50,50,0,benign,0,5.8600654e-05,0,benign,0,0.5,0,benign,tn,,1,176,0.2160294663398068,0.2160294663398068,1,malicious,0.3759306848552558,0,1,1,0,0.11282022591437676,0,tn,fp,fp,tn,tn
122,20260508_211655_create_user_Tyu1u6,1778300215.966,1778300216.024,12269,12318,50,50,0,benign,0,5.853603e-05,0,benign,0,0.5,0,benign,tn,,1,138,0.256494781502289,0.256494781502289,1,malicious,1.0,0,1,1,0,0.30004097522100004,0,tn,fp,fp,tn,tn
1890,20260508_212317_basic_enum_YrdGDI,1778300597.038,1778300597.104,40152,40201,50,50,0,benign,0,5.844706e-05,0,benign,0,0.5,0,benign,tn,,1,176,0.2160294663398068,0.2160294663398068,1,malicious,0.3759306848552558,0,1,1,0,0.11282011839857677,0,tn,fp,fp,tn,tn
2358,20260508_212327_dns_tamper_i0Hbez,1778300607.962,1778300608.057,45206,45259,50,49,1,benign,0,5.8212994e-05,0,benign,0,0.5,0,benign,tn,,1,177,0.2221588938636143,0.2221588938636143,1,malicious,0.47046071932187095,0,1,1,0,0.1411789648923613,0,tn,fp,fp,tn,tn
1933,20260508_212317_basic_enum_YrdGDI,1778300597.974,1778300598.061,40609,40662,50,49,1,benign,0,5.8210997e-05,0,benign,0,0.5,0,benign,tn,,1,176,0.2160294663398068,0.2160294663398068,1,malicious,0.3759306848552558,0,1,1,0,0.11281995315447677,0,tn,fp,fp,tn,tn
2672,20260508_212404_nginx_delete_YuCbYY,1778300645.479,1778300645.6,49370,49421,50,50,0,benign,0,5.6989207e-05,0,benign,0,0.5,0,benign,tn,,1,181,0.2089982412022011,0.2089982412022011,1,malicious,0.26749283286683356,0,1,1,0,0.08028774230495009,0,tn,fp,fp,tn,tn
41,20260508_211655_create_user_Tyu1u6,1778300215.288,1778300215.339,11393,11442,50,50,0,benign,0,5.6296307e-05,0,benign,0,0.5,0,benign,tn,,1,138,0.256494781502289,0.256494781502289,1,malicious,1.0,0,1,1,0,0.30003940741490004,0,tn,fp,fp,tn,tn
2677,20260508_212404_nginx_delete_YuCbYY,1778300645.601,1778300645.761,49422,49471,50,50,0,benign,0,5.549411e-05,0,benign,0,0.5,0,benign,tn,,1,181,0.2089982412022011,0.2089982412022011,1,malicious,0.26749283286683356,0,1,1,0,0.08028669573705008,0,tn,fp,fp,tn,tn
2544,20260508_212404_nginx_delete_YuCbYY,1778300642.978,1778300643.162,48014,48063,50,50,0,benign,0,5.5488235e-05,0,benign,0,0.5,0,benign,tn,,1,180,0.1916537226960299,0.1916537226960299,1,malicious,0.0,0,1,1,0,3.88417645e-05,0,tn,fp,fp,tn,tn
130,20260508_211655_create_user_Tyu1u6,1778300216.047,1778300216.203,12353,12405,50,50,0,benign,0,5.4905813e-05,0,benign,0,0.5,0,benign,tn,,1,138,0.256494781502289,0.256494781502289,1,malicious,1.0,0,1,1,0,0.3000384340691,0,tn,fp,fp,tn,tn
1991,20260508_212317_basic_enum_YrdGDI,1778300599.111,1778300599.266,41220,41274,50,50,0,benign,0,5.4557215e-05,0,benign,0,0.5,0,benign,tn,,1,176,0.2160294663398068,0.2160294663398068,1,malicious,0.3759306848552558,0,1,1,0,0.11281739550707677,0,tn,fp,fp,tn,tn
2681,20260508_212404_nginx_delete_YuCbYY,1778300645.744,1778300645.809,49462,49511,50,50,0,benign,0,5.1305822e-05,0,benign,0,0.5,0,benign,tn,,1,181,0.2089982412022011,0.2089982412022011,1,malicious,0.26749283286683356,0,1,1,0,0.08028376393545009,0,tn,fp,fp,tn,tn
134,20260508_211655_create_user_Tyu1u6,1778300216.189,1778300216.24,12396,12445,50,50,0,benign,0,5.115062e-05,0,benign,0,0.5,0,benign,tn,,1,138,0.256494781502289,0.256494781502289,1,malicious,1.0,0,1,1,0,0.30003580543400005,0,tn,fp,fp,tn,tn
2548,20260508_212404_nginx_delete_YuCbYY,1778300643.146,1778300643.205,48054,48103,50,50,0,benign,0,5.1129744e-05,0,benign,0,0.5,0,benign,tn,,1,180,0.1916537226960299,0.1916537226960299,1,malicious,0.0,0,1,1,0,3.57908208e-05,0,tn,fp,fp,tn,tn
1995,20260508_212317_basic_enum_YrdGDI,1778300599.257,1778300599.307,41265,41313,50,50,0,benign,0,5.1085783e-05,0,benign,0,0.5,0,benign,tn,,1,176,0.2160294663398068,0.2160294663398068,1,malicious,0.3759306848552558,0,1,1,0,0.11281496550467678,0,tn,fp,fp,tn,tn
1903,20260508_212317_basic_enum_YrdGDI,1778300597.338,1778300597.403,40291,40340,50,50,0,benign,0,4.992424e-05,0,benign,0,0.5,0,benign,tn,,1,176,0.2160294663398068,0.2160294663398068,1,malicious,0.3759306848552558,0,1,1,0,0.11281415242457676,0,tn,fp,fp,tn,tn
1955,20260508_212317_basic_enum_YrdGDI,1778300598.539,1778300598.601,40847,40896,50,50,0,benign,0,4.9850503e-05,0,benign,0,0.5,0,benign,tn,,1,176,0.2160294663398068,0.2160294663398068,1,malicious,0.3759306848552558,0,1,1,0,0.11281410080867676,0,tn,fp,fp,tn,tn
2342,20260508_212327_dns_tamper_i0Hbez,1778300607.626,1778300607.681,45037,45086,50,50,0,benign,0,4.8754366e-05,0,benign,0,0.5,0,benign,tn,,1,177,0.2221588938636143,0.2221588938636143,1,malicious,0.47046071932187095,0,1,1,0,0.1411723438527613,0,tn,fp,fp,tn,tn
110,20260508_211655_create_user_Tyu1u6,1778300215.756,1778300215.806,12142,12191,50,50,0,benign,0,4.8493726e-05,0,benign,0,0.5,0,benign,tn,,1,138,0.256494781502289,0.256494781502289,1,malicious,1.0,0,1,1,0,0.30003394560820007,0,tn,fp,fp,tn,tn
1904,20260508_212317_basic_enum_YrdGDI,1778300597.355,1778300597.413,40301,40350,50,50,0,benign,0,4.754176e-05,0,benign,0,0.5,0,benign,tn,,1,176,0.2160294663398068,0.2160294663398068,1,malicious,0.3759306848552558,0,1,1,0,0.11281248468857677,0,tn,fp,fp,tn,tn
2368,20260508_212327_dns_tamper_i0Hbez,1778300608.217,1778300608.272,45315,45364,50,50,0,benign,0,4.747511e-05,0,benign,0,0.5,0,benign,tn,,1,177,0.2221588938636143,0.2221588938636143,1,malicious,0.47046071932187095,0,1,1,0,0.1411714483735613,0,tn,fp,fp,tn,tn
1943,20260508_212317_basic_enum_YrdGDI,1778300598.221,1778300598.274,40718,40767,50,50,0,benign,0,4.7454476e-05,0,benign,0,0.5,0,benign,tn,,1,176,0.2160294663398068,0.2160294663398068,1,malicious,0.3759306848552558,0,1,1,0,0.11281242358977676,0,tn,fp,fp,tn,tn
1970,20260508_212317_basic_enum_YrdGDI,1778300598.859,1778300598.909,41006,41055,50,50,0,benign,0,4.7449812e-05,0,benign,0,0.5,0,benign,tn,,1,176,0.2160294663398068,0.2160294663398068,1,malicious,0.3759306848552558,0,1,1,0,0.11281242032497676,0,tn,fp,fp,tn,tn
2367,20260508_212327_dns_tamper_i0Hbez,1778300608.202,1778300608.262,45305,45354,50,50,0,benign,0,4.7433074e-05,0,benign,0,0.5,0,benign,tn,,1,177,0.2221588938636143,0.2221588938636143,1,malicious,0.47046071932187095,0,1,1,0,0.1411714189483613,0,tn,fp,fp,tn,tn
1956,20260508_212317_basic_enum_YrdGDI,1778300598.554,1778300598.612,40857,40906,50,50,0,benign,0,4.74096e-05,0,benign,0,0.5,0,benign,tn,,1,176,0.2160294663398068,0.2160294663398068,1,malicious,0.3759306848552558,0,1,1,0,0.11281239217657676,0,tn,fp,fp,tn,tn
1942,20260508_212317_basic_enum_YrdGDI,1778300598.207,1778300598.265,40708,40757,50,50,0,benign,0,4.7403184e-05,0,benign,0,0.5,0,benign,tn,,1,176,0.2160294663398068,0.2160294663398068,1,malicious,0.3759306848552558,0,1,1,0,0.11281238768537677,0,tn,fp,fp,tn,tn
1969,20260508_212317_basic_enum_YrdGDI,1778300598.844,1778300598.9,40996,41045,50,50,0,benign,0,4.732861e-05,0,benign,0,0.5,0,benign,tn,,1,176,0.2160294663398068,0.2160294663398068,1,malicious,0.3759306848552558,0,1,1,0,0.11281233548357678,0,tn,fp,fp,tn,tn
1877,20260508_212317_basic_enum_YrdGDI,1778300596.749,1778300596.806,40013,40062,50,50,0,benign,0,4.7188852e-05,0,benign,0,0.5,0,benign,tn,,1,176,0.2160294663398068,0.2160294663398068,1,malicious,0.3759306848552558,0,1,1,0,0.11281223765297677,0,tn,fp,fp,tn,tn
2328,20260508_212327_dns_tamper_i0Hbez,1778300607.3,1778300607.362,44888,44937,50,50,0,benign,0,4.718764e-05,0,benign,0,0.5,0,benign,tn,,1,177,0.2221588938636143,0.2221588938636143,1,malicious,0.47046071932187095,0,1,1,0,0.1411712471445613,0,tn,fp,fp,tn,tn
2315,20260508_212327_dns_tamper_i0Hbez,1778300606.994,1778300607.05,44749,44798,50,50,0,benign,0,4.71432e-05,0,benign,0,0.5,0,benign,tn,,1,177,0.2221588938636143,0.2221588938636143,1,malicious,0.47046071932187095,0,1,1,0,0.1411712160365613,0,tn,fp,fp,tn,tn
40,20260508_211655_create_user_Tyu1u6,1778300215.269,1778300215.332,11383,11432,50,50,0,benign,0,4.6842186e-05,0,benign,0,0.5,0,benign,tn,,1,138,0.256494781502289,0.256494781502289,1,malicious,1.0,0,1,1,0,0.3000327895302,0,tn,fp,fp,tn,tn
2562,20260508_212404_nginx_delete_YuCbYY,1778300643.448,1778300643.509,48194,48242,50,50,0,benign,0,4.5598277e-05,0,benign,0,0.5,0,benign,tn,,1,180,0.1916537226960299,0.1916537226960299,1,malicious,0.0,0,1,1,0,3.1918793899999995e-05,0,tn,fp,fp,tn,tn
42,20260508_211655_create_user_Tyu1u6,1778300215.294,1778300215.348,11403,11452,50,50,0,benign,0,4.4928463e-05,0,benign,0,0.5,0,benign,tn,,1,138,0.256494781502289,0.256494781502289,1,malicious,1.0,0,1,1,0,0.3000314499241,0,tn,fp,fp,tn,tn
2057,20260508_212317_basic_enum_YrdGDI,1778300600.465,1778300600.522,41914,41963,50,50,0,benign,0,4.27352e-05,0,benign,0,0.5,0,benign,tn,,1,176,0.2160294663398068,0.2160294663398068,1,malicious,0.3759306848552558,0,1,1,0,0.11280912009657677,0,tn,fp,fp,tn,tn
5,20260508_211655_create_user_Tyu1u6,1778300214.327,1778300214.478,11028,11077,50,50,0,benign,0,4.190023e-05,0,benign,0,0.5,0,benign,tn,,1,138,0.256494781502289,0.256494781502289,1,malicious,1.0,0,1,1,0,0.30002933016100003,0,tn,fp,fp,tn,tn
10,20260508_211655_create_user_Tyu1u6,1778300214.479,1778300214.782,11078,11127,50,50,0,benign,0,4.1851792e-05,0,benign,0,0.5,0,benign,tn,,1,138,0.256494781502289,0.256494781502289,1,malicious,1.0,0,1,1,0,0.30002929625440006,0,tn,fp,fp,tn,tn
105,20260508_211655_create_user_Tyu1u6,1778300215.614,1778300215.755,12089,12141,50,50,0,benign,0,4.119114e-05,0,benign,0,0.5,0,benign,tn,,1,138,0.256494781502289,0.256494781502289,1,malicious,1.0,0,1,1,0,0.30002883379800005,0,tn,fp,fp,tn,tn
2337,20260508_212327_dns_tamper_i0Hbez,1778300607.454,1778300607.624,44982,45036,50,50,0,benign,0,4.07545e-05,0,benign,0,0.5,0,benign,tn,,1,177,0.2221588938636143,0.2221588938636143,1,malicious,0.47046071932187095,0,1,1,0,0.1411667439465613,0,tn,fp,fp,tn,tn
2481,20260508_212327_dns_tamper_i0Hbez,1778300610.538,1778300610.703,46516,46565,50,50,0,benign,0,3.990606e-05,0,benign,0,0.5,0,benign,tn,,1,177,0.2221588938636143,0.2221588938636143,1,malicious,0.47046071932187095,0,1,1,0,0.1411661500385613,0,tn,fp,fp,tn,tn
2341,20260508_212327_dns_tamper_i0Hbez,1778300607.602,1778300607.675,45027,45076,50,50,0,benign,0,3.919964e-05,0,benign,0,0.5,0,benign,tn,,1,177,0.2221588938636143,0.2221588938636143,1,malicious,0.47046071932187095,0,1,1,0,0.1411656555445613,0,tn,fp,fp,tn,tn
2026,20260508_212317_basic_enum_YrdGDI,1778300599.837,1778300599.894,41593,41642,50,50,0,benign,0,3.8961047e-05,0,benign,0,0.5,0,benign,tn,,1,176,0.2160294663398068,0.2160294663398068,1,malicious,0.3759306848552558,0,1,1,0,0.11280647818947677,0,tn,fp,fp,tn,tn
1929,20260508_212317_basic_enum_YrdGDI,1778300597.923,1778300597.984,40569,40618,50,50,0,benign,0,3.8899936e-05,0,benign,0,0.5,0,benign,tn,,1,176,0.2160294663398068,0.2160294663398068,1,malicious,0.3759306848552558,0,1,1,0,0.11280643541177678,0,tn,fp,fp,tn,tn
2013,20260508_212317_basic_enum_YrdGDI,1778300599.544,1778300599.61,41454,41503,50,50,0,benign,0,3.8897935e-05,0,benign,0,0.5,0,benign,tn,,1,176,0.2160294663398068,0.2160294663398068,1,malicious,0.3759306848552558,0,1,1,0,0.11280643401107678,0,tn,fp,fp,tn,tn
2606,20260508_212404_nginx_delete_YuCbYY,1778300644.437,1778300644.504,48659,48708,50,50,0,benign,0,3.8782706e-05,0,benign,0,0.5,0,benign,tn,,1,181,0.2089982412022011,0.2089982412022011,1,malicious,0.26749283286683356,0,1,1,0,0.08027499775425008,0,tn,fp,fp,tn,tn
2354,20260508_212327_dns_tamper_i0Hbez,1778300607.91,1778300607.969,45166,45215,50,50,0,benign,0,3.8780523e-05,0,benign,0,0.5,0,benign,tn,,1,177,0.2221588938636143,0.2221588938636143,1,malicious,0.47046071932187095,0,1,1,0,0.1411653621626613,0,tn,fp,fp,tn,tn
1965,20260508_212317_basic_enum_YrdGDI,1778300598.699,1778300598.857,40951,41005,50,50,0,benign,0,3.8747472e-05,0,benign,0,0.5,0,benign,tn,,1,176,0.2160294663398068,0.2160294663398068,1,malicious,0.3759306848552558,0,1,1,0,0.11280632868697676,0,tn,fp,fp,tn,tn
1938,20260508_212317_basic_enum_YrdGDI,1778300598.061,1778300598.22,40663,40717,50,50,0,benign,0,3.8727598e-05,0,benign,0,0.5,0,benign,tn,,1,176,0.2160294663398068,0.2160294663398068,1,malicious,0.3759306848552558,0,1,1,0,0.11280631477517677,0,tn,fp,fp,tn,tn
1951,20260508_212317_basic_enum_YrdGDI,1778300598.357,1778300598.553,40802,40856,50,50,0,benign,0,3.8720398e-05,0,benign,0,0.5,0,benign,tn,,1,176,0.2160294663398068,0.2160294663398068,1,malicious,0.3759306848552558,0,1,1,0,0.11280630973517677,0,tn,fp,fp,tn,tn
2363,20260508_212327_dns_tamper_i0Hbez,1778300608.057,1778300608.216,45260,45314,50,50,0,benign,0,3.8705704e-05,0,benign,0,0.5,0,benign,tn,,1,177,0.2221588938636143,0.2221588938636143,1,malicious,0.47046071932187095,0,1,1,0,0.1411653097893613,0,tn,fp,fp,tn,tn
1899,20260508_212317_basic_enum_YrdGDI,1778300597.194,1778300597.354,40246,40300,50,50,0,benign,0,3.8676222e-05,0,benign,0,0.5,0,benign,tn,,1,176,0.2160294663398068,0.2160294663398068,1,malicious,0.3759306848552558,0,1,1,0,0.11280627881197677,0,tn,fp,fp,tn,tn
2471,20260508_212327_dns_tamper_i0Hbez,1778300610.359,1778300610.417,46414,46463,50,50,0,benign,0,3.7289017e-05,0,benign,0,0.5,0,benign,tn,,1,177,0.2221588938636143,0.2221588938636143,1,malicious,0.47046071932187095,0,1,1,0,0.1411643181084613,0,tn,fp,fp,tn,tn
109,20260508_211655_create_user_Tyu1u6,1778300215.741,1778300215.795,12132,12181,50,50,0,benign,0,3.680785e-05,0,benign,0,0.5,0,benign,tn,,1,138,0.256494781502289,0.256494781502289,1,malicious,1.0,0,1,1,0,0.30002576549500004,0,tn,fp,fp,tn,tn
