tp,tn,fp,fn,precision,recall,f1,fpr,tnr,accuracy,threshold,predicted_positive
1,661,0,120,1.0,0.008264462809917356,0.01639344262295082,0.0,1.0,0.8465473145780051,0.999876541,1
2,661,0,119,1.0,0.01652892561983471,0.032520325203252036,0.0,1.0,0.8478260869565217,0.999873951,2
3,661,0,118,1.0,0.024793388429752067,0.048387096774193554,0.0,1.0,0.8491048593350383,0.99986952,3
4,661,0,117,1.0,0.03305785123966942,0.06400000000000002,0.0,1.0,0.850383631713555,0.999858852,4
5,661,0,116,1.0,0.04132231404958678,0.07936507936507936,0.0,1.0,0.8516624040920716,0.999854848,5
6,661,0,115,1.0,0.049586776859504134,0.09448818897637795,0.0,1.0,0.8529411764705882,0.999848002,6
7,661,0,114,1.0,0.05785123966942149,0.109375,0.0,1.0,0.8542199488491049,0.9998288080000001,7
8,661,0,113,1.0,0.06611570247933884,0.12403100775193798,0.0,1.0,0.8554987212276215,0.999826722,8
9,661,0,112,1.0,0.0743801652892562,0.13846153846153847,0.0,1.0,0.8567774936061381,0.99982171,9
10,661,0,111,1.0,0.08264462809917356,0.15267175572519084,0.0,1.0,0.8580562659846548,0.9998202119999999,10
11,661,0,110,1.0,0.09090909090909091,0.16666666666666669,0.0,1.0,0.8593350383631714,0.99981989,11
12,661,0,109,1.0,0.09917355371900827,0.18045112781954886,0.0,1.0,0.860613810741688,0.99978272,12
13,661,0,108,1.0,0.10743801652892562,0.19402985074626863,0.0,1.0,0.8618925831202046,0.99973323,13
14,661,0,107,1.0,0.11570247933884298,0.2074074074074074,0.0,1.0,0.8631713554987213,0.99971517,14
15,661,0,106,1.0,0.12396694214876033,0.22058823529411764,0.0,1.0,0.8644501278772379,0.9997050550000001,15
16,661,0,105,1.0,0.1322314049586777,0.23357664233576642,0.0,1.0,0.8657289002557544,0.9997018,16
17,661,0,104,1.0,0.14049586776859505,0.2463768115942029,0.0,1.0,0.8670076726342711,0.99961542,17
18,661,0,103,1.0,0.1487603305785124,0.2589928057553957,0.0,1.0,0.8682864450127877,0.999590192,18
19,661,0,102,1.0,0.15702479338842976,0.27142857142857146,0.0,1.0,0.8695652173913043,0.99957132,19
20,661,0,101,1.0,0.1652892561983471,0.28368794326241137,0.0,1.0,0.870843989769821,0.99956782,20
21,661,0,100,1.0,0.17355371900826447,0.29577464788732394,0.0,1.0,0.8721227621483376,0.99955921,21
22,661,0,99,1.0,0.18181818181818182,0.3076923076923077,0.0,1.0,0.8734015345268542,0.99955354,22
23,661,0,98,1.0,0.19008264462809918,0.3194444444444444,0.0,1.0,0.8746803069053708,0.99938547,23
24,661,0,97,1.0,0.19834710743801653,0.3310344827586207,0.0,1.0,0.8759590792838875,0.999245645,24
25,661,0,96,1.0,0.2066115702479339,0.34246575342465757,0.0,1.0,0.8772378516624041,0.9991553519999999,25
26,661,0,95,1.0,0.21487603305785125,0.35374149659863946,0.0,1.0,0.8785166240409207,0.998988668,26
27,661,0,94,1.0,0.2231404958677686,0.3648648648648649,0.0,1.0,0.8797953964194374,0.99896337,27
28,661,0,93,1.0,0.23140495867768596,0.3758389261744966,0.0,1.0,0.881074168797954,0.998003831,28
29,661,0,92,1.0,0.2396694214876033,0.38666666666666666,0.0,1.0,0.8823529411764706,0.997599,29
30,661,0,91,1.0,0.24793388429752067,0.3973509933774834,0.0,1.0,0.8836317135549873,0.9969933599999999,30
31,661,0,90,1.0,0.256198347107438,0.4078947368421052,0.0,1.0,0.8849104859335039,0.99501222,31
32,661,0,89,1.0,0.2644628099173554,0.41830065359477125,0.0,1.0,0.8861892583120204,0.9897464,32
33,661,0,88,1.0,0.2727272727272727,0.42857142857142855,0.0,1.0,0.887468030690537,0.9866330099999999,33
34,661,0,87,1.0,0.2809917355371901,0.43870967741935485,0.0,1.0,0.8887468030690537,0.986490679,34
35,661,0,86,1.0,0.2892561983471074,0.44871794871794873,0.0,1.0,0.8900255754475703,0.98639543,35
36,661,0,85,1.0,0.2975206611570248,0.45859872611464975,0.0,1.0,0.8913043478260869,0.98609296,36
37,661,0,84,1.0,0.30578512396694213,0.4683544303797468,0.0,1.0,0.8925831202046036,0.984032342,37
38,661,0,83,1.0,0.3140495867768595,0.4779874213836478,0.0,1.0,0.8938618925831202,0.95638153,38
39,661,0,82,1.0,0.32231404958677684,0.48749999999999993,0.0,1.0,0.8951406649616368,0.936225632,39
40,661,0,81,1.0,0.3305785123966942,0.4968944099378882,0.0,1.0,0.8964194373401535,0.867615839,40
41,661,0,80,1.0,0.33884297520661155,0.5061728395061729,0.0,1.0,0.8976982097186701,0.8408629757965612,41
42,661,0,79,1.0,0.34710743801652894,0.5153374233128835,0.0,1.0,0.8989769820971867,0.8408185747965613,42
43,661,0,78,1.0,0.35537190082644626,0.524390243902439,0.0,1.0,0.9002557544757033,0.8407999057965613,43
44,661,0,77,1.0,0.36363636363636365,0.5333333333333333,0.0,1.0,0.90153452685422,0.8407715067965612,44
45,661,0,76,1.0,0.371900826446281,0.5421686746987953,0.0,1.0,0.9028132992327366,0.8407295767965612,45
46,661,0,75,1.0,0.38016528925619836,0.5508982035928144,0.0,1.0,0.9040920716112532,0.8406872267965613,46
47,661,0,74,1.0,0.3884297520661157,0.5595238095238095,0.0,1.0,0.9053708439897699,0.8406828867965612,47
48,661,0,73,1.0,0.39669421487603307,0.5680473372781065,0.0,1.0,0.9066496163682864,0.8406623207965612,48
49,661,0,72,1.0,0.4049586776859504,0.5764705882352941,0.0,1.0,0.907928388746803,0.8406492167965612,49
50,661,0,71,1.0,0.4132231404958678,0.584795321637427,0.0,1.0,0.9092071611253197,0.8406211257965612,50
51,661,0,70,1.0,0.4214876033057851,0.5930232558139535,0.0,1.0,0.9104859335038363,0.8406191377965612,51
52,661,0,69,1.0,0.4297520661157025,0.6011560693641619,0.0,1.0,0.9117647058823529,0.8405971507965613,52
53,661,0,68,1.0,0.4380165289256198,0.6091954022988505,0.0,1.0,0.9130434782608695,0.8404579557965612,53
54,661,0,67,1.0,0.4462809917355372,0.6171428571428571,0.0,1.0,0.9143222506393862,0.8403473557965613,54
55,661,0,66,1.0,0.45454545454545453,0.625,0.0,1.0,0.9156010230179028,0.8402486347965613,55
56,661,0,65,1.0,0.4628099173553719,0.632768361581921,0.0,1.0,0.9168797953964194,0.8401151657965612,56
57,661,0,64,1.0,0.47107438016528924,0.6404494382022472,0.0,1.0,0.9181585677749361,0.8400301157965613,57
58,661,0,63,1.0,0.4793388429752066,0.6480446927374302,0.0,1.0,0.9194373401534527,0.8399292457965613,58
59,661,0,62,1.0,0.48760330578512395,0.6555555555555556,0.0,1.0,0.9207161125319693,0.8395012657965613,59
60,661,0,61,1.0,0.49586776859504134,0.6629834254143646,0.0,1.0,0.921994884910486,0.8368308357965613,60
61,661,0,60,1.0,0.5041322314049587,0.6703296703296704,0.0,1.0,0.9232736572890026,0.8317750157965612,61
62,661,0,59,1.0,0.512396694214876,0.6775956284153004,0.0,1.0,0.9245524296675192,0.8124760004565768,62
63,661,0,58,1.0,0.5206611570247934,0.6847826086956522,0.0,1.0,0.9258312020460358,0.8124262234565767,63
64,661,0,57,1.0,0.5289256198347108,0.6918918918918919,0.0,1.0,0.9271099744245525,0.8124155904565769,64
65,661,0,56,1.0,0.5371900826446281,0.6989247311827956,0.0,1.0,0.928388746803069,0.8123651554565767,65
66,661,0,55,1.0,0.5454545454545454,0.7058823529411764,0.0,1.0,0.9296675191815856,0.8120900204565769,66
67,661,0,54,1.0,0.5537190082644629,0.7127659574468085,0.0,1.0,0.9309462915601023,0.8120144204565767,67
68,661,0,53,1.0,0.5619834710743802,0.7195767195767196,0.0,1.0,0.9322250639386189,0.8119593654565767,68
69,661,0,52,1.0,0.5702479338842975,0.7263157894736841,0.0,1.0,0.9335038363171355,0.8117859404565768,69
70,661,0,51,1.0,0.5785123966942148,0.7329842931937173,0.0,1.0,0.9347826086956522,0.8116187174565768,70
71,661,0,50,1.0,0.5867768595041323,0.7395833333333334,0.0,1.0,0.9360613810741688,0.8115208154565767,71
72,661,0,49,1.0,0.5950413223140496,0.7461139896373057,0.0,1.0,0.9373401534526854,0.8114712204565768,72
73,661,0,48,1.0,0.6033057851239669,0.7525773195876289,0.0,1.0,0.9386189258312021,0.8112844674565767,73
74,661,0,47,1.0,0.6115702479338843,0.7589743589743589,0.0,1.0,0.9398976982097187,0.8108031054565767,74
75,661,0,46,1.0,0.6198347107438017,0.7653061224489797,0.0,1.0,0.9411764705882353,0.8104621354565766,75
76,661,0,45,1.0,0.628099173553719,0.7715736040609137,0.0,1.0,0.9424552429667519,0.8092041934565768,76
77,661,0,44,1.0,0.6363636363636364,0.7777777777777778,0.0,1.0,0.9437340153452686,0.8076878954565767,77
78,661,0,43,1.0,0.6446280991735537,0.7839195979899497,0.0,1.0,0.9450127877237852,0.8066220054565767,78
79,661,0,42,1.0,0.6528925619834711,0.79,0.0,1.0,0.9462915601023018,0.8061830074565768,79
80,661,0,41,1.0,0.6611570247933884,0.7960199004975125,0.0,1.0,0.9475703324808185,0.8020615054565767,80
81,661,0,40,1.0,0.6694214876033058,0.801980198019802,0.0,1.0,0.948849104859335,0.8011752354565767,81
82,661,0,39,1.0,0.6776859504132231,0.8078817733990148,0.0,1.0,0.9501278772378516,0.7950321404565768,82
83,661,0,38,1.0,0.6859504132231405,0.8137254901960784,0.0,1.0,0.9514066496163683,0.78011372986005,83
84,661,0,37,1.0,0.6942148760330579,0.8195121951219513,0.0,1.0,0.9526854219948849,0.78009451486005,84
85,661,0,36,1.0,0.7024793388429752,0.8252427184466019,0.0,1.0,0.9539641943734015,0.7800506248600501,85
86,661,0,35,1.0,0.7107438016528925,0.8309178743961353,0.0,1.0,0.9552429667519181,0.7800219598600501,86
87,661,0,34,1.0,0.71900826446281,0.8365384615384616,0.0,1.0,0.9565217391304348,0.77999609486005,87
88,661,0,33,1.0,0.7272727272727273,0.8421052631578948,0.0,1.0,0.9578005115089514,0.7799300498600501,88
89,661,0,32,1.0,0.7355371900826446,0.8476190476190476,0.0,1.0,0.959079283887468,0.77981801486005,89
90,661,0,31,1.0,0.743801652892562,0.8530805687203791,0.0,1.0,0.9603580562659847,0.77978402986005,90
91,661,0,30,1.0,0.7520661157024794,0.8584905660377359,0.0,1.0,0.9616368286445013,0.7797642898600501,91
92,661,0,29,1.0,0.7603305785123967,0.8638497652582159,0.0,1.0,0.9629156010230179,0.77920211986005,92
93,661,0,28,1.0,0.768595041322314,0.869158878504673,0.0,1.0,0.9641943734015346,0.77918286986005,93
94,661,0,27,1.0,0.7768595041322314,0.8744186046511627,0.0,1.0,0.9654731457800512,0.77881690986005,94
95,661,0,26,1.0,0.7851239669421488,0.8796296296296297,0.0,1.0,0.9667519181585678,0.77800532986005,95
96,661,0,25,1.0,0.7933884297520661,0.8847926267281107,0.0,1.0,0.9680306905370843,0.77644376986005,96
97,661,0,24,1.0,0.8016528925619835,0.8899082568807339,0.0,1.0,0.969309462915601,0.7754516388600501,97
98,661,0,23,1.0,0.8099173553719008,0.8949771689497716,0.0,1.0,0.9705882352941176,0.7660670398600501,98
99,661,0,22,1.0,0.8181818181818182,0.9,0.0,1.0,0.9718670076726342,0.76206677786005,99
100,661,0,21,1.0,0.8264462809917356,0.904977375565611,0.0,1.0,0.9731457800511509,0.7569234054565768,100
101,661,0,20,1.0,0.8347107438016529,0.9099099099099098,0.0,1.0,0.9744245524296675,0.7464510834565767,101
102,661,0,19,1.0,0.8429752066115702,0.914798206278027,0.0,1.0,0.9757033248081841,0.7232933754565767,102
103,661,0,18,1.0,0.8512396694214877,0.9196428571428572,0.0,1.0,0.9769820971867008,0.7186706174565767,103
104,661,0,17,1.0,0.859504132231405,0.9244444444444445,0.0,1.0,0.9782608695652174,0.7149022654565769,104
105,661,0,16,1.0,0.8677685950413223,0.9292035398230089,0.0,1.0,0.979539641943734,0.7079506200000001,105
106,661,0,15,1.0,0.8760330578512396,0.9339207048458149,0.0,1.0,0.9808184143222506,0.6882790954565767,106
107,661,0,14,1.0,0.8842975206611571,0.9385964912280702,0.0,1.0,0.9820971867007673,0.67701426,107
107,660,1,14,0.9907407407407407,0.8842975206611571,0.9344978165938864,0.0015128593040847202,0.9984871406959153,0.9808184143222506,0.67125417,108
107,659,2,14,0.981651376146789,0.8842975206611571,0.9304347826086957,0.0030257186081694403,0.9969742813918305,0.979539641943734,0.6576152020000001,109
107,658,3,14,0.9727272727272728,0.8842975206611571,0.9264069264069266,0.0045385779122541605,0.9954614220877458,0.9782608695652174,0.65490006086005,110
108,658,3,13,0.972972972972973,0.8925619834710744,0.9310344827586208,0.0045385779122541605,0.9954614220877458,0.979539641943734,0.6042999098600501,111
108,657,4,13,0.9642857142857143,0.8925619834710744,0.927038626609442,0.006051437216338881,0.9939485627836612,0.9782608695652174,0.5471140398600501,112
109,657,4,12,0.9646017699115044,0.9008264462809917,0.9316239316239316,0.006051437216338881,0.9939485627836612,0.979539641943734,0.5060527398600501,113
110,657,4,11,0.9649122807017544,0.9090909090909091,0.9361702127659574,0.006051437216338881,0.9939485627836612,0.9808184143222506,0.504133825,114
111,657,4,10,0.9652173913043478,0.9173553719008265,0.940677966101695,0.006051437216338881,0.9939485627836612,0.9820971867007673,0.49618722345657673,115
112,657,4,9,0.9655172413793104,0.9256198347107438,0.9451476793248945,0.006051437216338881,0.9939485627836612,0.9833759590792839,0.44927027500000005,116
113,657,4,8,0.9658119658119658,0.9338842975206612,0.9495798319327732,0.006051437216338881,0.9939485627836612,0.9846547314578005,0.44471471000000007,117
113,656,5,8,0.9576271186440678,0.9338842975206612,0.9456066945606695,0.007564296520423601,0.9924357034795764,0.9833759590792839,0.36300313180000005,118
114,656,5,7,0.957983193277311,0.9421487603305785,0.95,0.007564296520423601,0.9924357034795764,0.9846547314578005,0.33849782790000005,119
114,655,6,7,0.95,0.9421487603305785,0.946058091286307,0.009077155824508321,0.9909228441754917,0.9833759590792839,0.32747652390000004,120
115,655,6,6,0.9504132231404959,0.9504132231404959,0.9504132231404959,0.009077155824508321,0.9909228441754917,0.9846547314578005,0.32363156600000004,121
116,655,6,5,0.9508196721311475,0.9586776859504132,0.9547325102880658,0.009077155824508321,0.9909228441754917,0.9859335038363172,0.31011747100000003,122
116,654,7,5,0.943089430894309,0.9586776859504132,0.9508196721311475,0.01059001512859304,0.989409984871407,0.9846547314578005,0.30992711370000003,123
116,653,8,5,0.9354838709677419,0.9586776859504132,0.946938775510204,0.012102874432677761,0.9878971255673222,0.9833759590792839,0.30911484910000003,124
116,652,9,5,0.928,0.9586776859504132,0.943089430894309,0.01361573373676248,0.9863842662632375,0.9820971867007673,0.30809833850000007,125
117,652,9,4,0.9285714285714286,0.9669421487603306,0.9473684210526316,0.01361573373676248,0.9863842662632375,0.9833759590792839,0.3068640684,126
117,651,10,4,0.9212598425196851,0.9669421487603306,0.9435483870967741,0.015128593040847202,0.9848714069591528,0.9820971867007673,0.3060966003,127
117,650,11,4,0.9140625,0.9669421487603306,0.9397590361445782,0.01664145234493192,0.983358547655068,0.9808184143222506,0.30372815079000004,128
118,650,11,3,0.9147286821705426,0.9752066115702479,0.944,0.01664145234493192,0.983358547655068,0.9820971867007673,0.30348527620000004,129
119,650,11,2,0.9153846153846154,0.9834710743801653,0.9482071713147411,0.01664145234493192,0.983358547655068,0.9833759590792839,0.30248020248000007,130
119,649,12,2,0.9083969465648855,0.9834710743801653,0.9444444444444445,0.018154311649016642,0.9818456883509834,0.9820971867007673,0.30245058156000004,131
119,648,13,2,0.9015151515151515,0.9834710743801653,0.940711462450593,0.019667170953101363,0.9803328290468987,0.9808184143222506,0.30239335068000006,132
119,647,14,2,0.8947368421052632,0.9834710743801653,0.937007874015748,0.02118003025718608,0.9788199697428139,0.979539641943734,0.30193702509000003,133
119,646,15,2,0.8880597014925373,0.9834710743801653,0.9333333333333335,0.0226928895612708,0.9773071104387292,0.9782608695652174,0.30121553341000007,134
119,645,16,2,0.8814814814814815,0.9834710743801653,0.9296875000000001,0.024205748865355523,0.9757942511346445,0.9769820971867008,0.30095797800000007,135
119,644,17,2,0.875,0.9834710743801653,0.9260700389105058,0.025718608169440244,0.9742813918305597,0.9757033248081841,0.30075878355,136
119,643,18,2,0.8686131386861314,0.9834710743801653,0.922480620155039,0.02723146747352496,0.972768532526475,0.9744245524296675,0.30041212964800007,137
119,642,19,2,0.8623188405797102,0.9834710743801653,0.918918918918919,0.028744326777609682,0.9712556732223904,0.9731457800511509,0.30026067772500004,138
119,641,20,2,0.8561151079136691,0.9834710743801653,0.9153846153846155,0.030257186081694403,0.9697428139183056,0.9718670076726342,0.30020982264800006,139
119,640,21,2,0.85,0.9834710743801653,0.9118773946360154,0.03177004538577912,0.9682299546142209,0.9705882352941176,0.300206109092,140
119,639,22,2,0.8439716312056738,0.9834710743801653,0.9083969465648855,0.03328290468986384,0.9667170953101362,0.969309462915601,0.30019630016000004,141
119,638,23,2,0.8380281690140845,0.9834710743801653,0.9049429657794678,0.03479576399394856,0.9652042360060514,0.9680306905370843,0.30015535527000003,142
119,637,24,2,0.8321678321678322,0.9834710743801653,0.9015151515151516,0.036308623298033284,0.9636913767019667,0.9667519181585678,0.300150718736,143
119,636,25,2,0.8263888888888888,0.9834710743801653,0.8981132075471697,0.037821482602118005,0.962178517397882,0.9654731457800512,0.30014009795800006,144
119,635,26,2,0.8206896551724138,0.9834710743801653,0.8947368421052632,0.039334341906202726,0.9606656580937972,0.9641943734015346,0.30013891278800003,145
119,634,27,2,0.815068493150685,0.9834710743801653,0.8913857677902624,0.04084720121028744,0.9591527987897126,0.9629156010230179,0.300138616562,146
119,633,28,2,0.8095238095238095,0.9834710743801653,0.8880597014925373,0.04236006051437216,0.9576399394856279,0.9616368286445013,0.30013675148200003,147
119,632,29,2,0.8040540540540541,0.9834710743801653,0.8847583643122677,0.04387291981845688,0.9561270801815431,0.9603580562659847,0.300115997861,148
119,631,30,2,0.7986577181208053,0.9834710743801653,0.8814814814814815,0.0453857791225416,0.9546142208774584,0.959079283887468,0.30011593527400005,149
119,630,31,2,0.7933333333333333,0.9834710743801653,0.8782287822878228,0.046898638426626324,0.9531013615733737,0.9578005115089514,0.30011542314700007,150
119,629,32,2,0.7880794701986755,0.9834710743801653,0.875,0.048411497730711045,0.9515885022692889,0.9565217391304348,0.30011493036100007,151
119,628,33,2,0.7828947368421053,0.9834710743801653,0.8717948717948718,0.049924357034795766,0.9500756429652042,0.9552429667519181,0.30011489672600006,152
119,627,34,2,0.7777777777777778,0.9834710743801653,0.8686131386861314,0.05143721633888049,0.9485627836611196,0.9539641943734015,0.30009853676000003,153
119,626,35,2,0.7727272727272727,0.9834710743801653,0.8654545454545455,0.0529500756429652,0.9470499243570348,0.9526854219948849,0.30009835249200006,154
119,625,36,2,0.7677419354838709,0.9834710743801653,0.8623188405797102,0.05446293494704992,0.9455370650529501,0.9514066496163683,0.30009709694400005,155
119,624,37,2,0.7628205128205128,0.9834710743801653,0.8592057761732851,0.05597579425113464,0.9440242057488654,0.9501278772378516,0.30009634786000006,156
119,623,38,2,0.7579617834394905,0.9834710743801653,0.8561151079136692,0.057488653555219364,0.9425113464447806,0.948849104859335,0.30009604919800004,157
119,622,39,2,0.7531645569620253,0.9834710743801653,0.8530465949820789,0.059001512859304085,0.9409984871406959,0.9475703324808185,0.30009545463200005,158
119,621,40,2,0.7484276729559748,0.9834710743801653,0.85,0.060514372163388806,0.9394856278366112,0.9462915601023018,0.30009532182100007,159
119,620,41,2,0.74375,0.9834710743801653,0.8469750889679716,0.06202723146747353,0.9379727685325264,0.9450127877237852,0.30009191408100006,160
119,619,42,2,0.7391304347826086,0.9834710743801653,0.8439716312056738,0.06354009077155824,0.9364599092284418,0.9437340153452686,0.30008956626000005,161
119,618,43,2,0.7345679012345679,0.9834710743801653,0.8409893992932862,0.06505295007564296,0.9349470499243571,0.9424552429667519,0.30008906242800004,162
119,617,44,2,0.7300613496932515,0.9834710743801653,0.8380281690140845,0.06656580937972768,0.9334341906202723,0.9411764705882353,0.30008660564500006,163
119,616,45,2,0.725609756097561,0.9834710743801653,0.8350877192982457,0.0680786686838124,0.9319213313161876,0.9398976982097187,0.30008654364600007,164
119,615,46,2,0.7212121212121212,0.9834710743801653,0.8321678321678321,0.06959152798789713,0.9304084720121029,0.9386189258312021,0.30008561597100003,165
119,614,47,2,0.7168674698795181,0.9834710743801653,0.8292682926829269,0.07110438729198185,0.9288956127080181,0.9373401534526854,0.30008549636900006,166
119,613,48,2,0.7125748502994012,0.9834710743801653,0.8263888888888888,0.07261724659606657,0.9273827534039334,0.9360613810741688,0.30008504161400007,167
119,612,49,2,0.7083333333333334,0.9834710743801653,0.8235294117647058,0.07413010590015129,0.9258698940998488,0.9347826086956522,0.30008352579200004,168
119,611,50,2,0.7041420118343196,0.9834710743801653,0.8206896551724139,0.07564296520423601,0.924357034795764,0.9335038363171355,0.30008341897900004,169
119,610,51,2,0.7,0.9834710743801653,0.8178694158075601,0.07715582450832073,0.9228441754916793,0.9322250639386189,0.300082255705,170
119,609,52,2,0.695906432748538,0.9834710743801653,0.815068493150685,0.07866868381240545,0.9213313161875946,0.9309462915601023,0.30008099449750003,171
119,608,53,2,0.6918604651162791,0.9834710743801653,0.8122866894197952,0.08018154311649017,0.9198184568835098,0.9296675191815856,0.30007946817620007,172
119,607,54,2,0.6878612716763006,0.9834710743801653,0.8095238095238095,0.08169440242057488,0.9183055975794251,0.928388746803069,0.3000794463572,173
119,606,55,2,0.6839080459770115,0.9834710743801653,0.8067796610169491,0.0832072617246596,0.9167927382753404,0.9271099744245525,0.30007690427500006,174
119,605,56,2,0.68,0.9834710743801653,0.8040540540540541,0.08472012102874432,0.9152798789712556,0.9258312020460358,0.3000768817,175
119,604,57,2,0.6761363636363636,0.9834710743801653,0.8013468013468013,0.08623298033282904,0.913767019667171,0.9245524296675192,0.30007669878300003,176
119,603,58,2,0.672316384180791,0.9834710743801653,0.7986577181208053,0.08774583963691376,0.9122541603630863,0.9232736572890026,0.30007631519000005,177
119,602,59,2,0.6685393258426966,0.9834710743801653,0.7959866220735786,0.08925869894099848,0.9107413010590015,0.921994884910486,0.30007546142800007,178
119,601,60,2,0.664804469273743,0.9834710743801653,0.7933333333333333,0.0907715582450832,0.9092284417549168,0.9207161125319693,0.30007316549800006,179
119,600,61,2,0.6611111111111111,0.9834710743801653,0.7906976744186047,0.09228441754916793,0.9077155824508321,0.9194373401534527,0.30007183018500005,180
119,599,62,2,0.6574585635359116,0.9834710743801653,0.7880794701986755,0.09379727685325265,0.9062027231467473,0.9181585677749361,0.3000717927945,181
119,598,63,2,0.6538461538461539,0.9834710743801653,0.7854785478547855,0.09531013615733737,0.9046898638426626,0.9168797953964194,0.30007068148500005,182
119,597,64,2,0.6502732240437158,0.9834710743801653,0.7828947368421052,0.09682299546142209,0.903177004538578,0.9156010230179028,0.30006970917100007,183
119,596,65,2,0.6467391304347826,0.9834710743801653,0.780327868852459,0.09833585476550681,0.9016641452344932,0.9143222506393862,0.30006968299100006,184
119,595,66,2,0.6432432432432432,0.9834710743801653,0.7777777777777777,0.09984871406959153,0.9001512859304085,0.9130434782608695,0.30006901811000003,185
119,594,67,2,0.6397849462365591,0.9834710743801653,0.7752442996742672,0.10136157337367625,0.8986384266263238,0.9117647058823529,0.30006716778600007,186
119,593,68,2,0.6363636363636364,0.9834710743801653,0.7727272727272727,0.10287443267776097,0.897125567322239,0.9104859335038363,0.30006534724700007,187
119,592,69,2,0.6329787234042553,0.9834710743801653,0.7702265372168287,0.1043872919818457,0.8956127080181543,0.9092071611253197,0.300065306003,188
119,591,70,2,0.6296296296296297,0.9834710743801653,0.767741935483871,0.1059001512859304,0.8940998487140696,0.907928388746803,0.30006478919300006,189
119,590,71,2,0.6263157894736842,0.9834710743801653,0.765273311897106,0.10741301059001512,0.8925869894099848,0.9066496163682864,0.300064477014,190
119,589,72,2,0.6230366492146597,0.9834710743801653,0.7628205128205129,0.10892586989409984,0.8910741301059002,0.9053708439897699,0.300063580468,191
119,588,73,2,0.6197916666666666,0.9834710743801653,0.7603833865814696,0.11043872919818457,0.8895612708018155,0.9040920716112532,0.30006327013700007,192
119,587,74,2,0.616580310880829,0.9834710743801653,0.7579617834394905,0.11195158850226929,0.8880484114977307,0.9028132992327366,0.30006303364900005,193
119,586,75,2,0.6134020618556701,0.9834710743801653,0.7555555555555556,0.11346444780635401,0.886535552193646,0.90153452685422,0.3000593076358,194
119,585,76,2,0.6102564102564103,0.9834710743801653,0.7531645569620254,0.11497730711043873,0.8850226928895613,0.9002557544757033,0.300058253034,195
119,584,77,2,0.6071428571428571,0.9834710743801653,0.7507886435331229,0.11649016641452345,0.8835098335854765,0.8989769820971867,0.30005803258580005,196
119,583,78,2,0.6040609137055838,0.9834710743801653,0.748427672955975,0.11800302571860817,0.8819969742813918,0.8976982097186701,0.30005708116400004,197
119,582,79,2,0.601010101010101,0.9834710743801653,0.7460815047021944,0.11951588502269289,0.8804841149773072,0.8964194373401535,0.30005399841300007,198
119,581,80,2,0.5979899497487438,0.9834710743801653,0.74375,0.12102874432677761,0.8789712556732224,0.8951406649616368,0.30005337668980003,199
119,580,81,2,0.595,0.9834710743801653,0.7414330218068536,0.12254160363086233,0.8774583963691377,0.8938618925831202,0.30005336243920006,200
119,579,82,2,0.5920398009950248,0.9834710743801653,0.7391304347826086,0.12405446293494705,0.875945537065053,0.8925831202046036,0.30005331076380004,201
119,578,83,2,0.5891089108910891,0.9834710743801653,0.7368421052631579,0.12556732223903178,0.8744326777609682,0.8913043478260869,0.300052300955,202
119,577,84,2,0.5862068965517241,0.9834710743801653,0.7345679012345678,0.12708018154311648,0.8729198184568835,0.8900255754475703,0.300052001775,203
119,576,85,2,0.5833333333333334,0.9834710743801653,0.7323076923076923,0.12859304084720122,0.8714069591527988,0.8887468030690537,0.30005153821400005,204
119,575,86,2,0.5804878048780487,0.9834710743801653,0.7300613496932514,0.13010590015128592,0.869894099848714,0.887468030690537,0.300051474997,205
119,574,87,2,0.5776699029126213,0.9834710743801653,0.7278287461773699,0.13161875945537066,0.8683812405446294,0.8861892583120204,0.30005053758850003,206
119,573,88,2,0.5748792270531401,0.9834710743801653,0.7256097560975611,0.13313161875945537,0.8668683812405447,0.8849104859335039,0.30004844317800006,207
119,572,89,2,0.5721153846153846,0.9834710743801653,0.723404255319149,0.1346444780635401,0.8653555219364599,0.8836317135549873,0.300048435737,208
119,571,90,2,0.569377990430622,0.9834710743801653,0.7212121212121212,0.1361573373676248,0.8638426626323752,0.8823529411764706,0.30004641599200005,209
119,570,91,2,0.5666666666666667,0.9834710743801653,0.7190332326283988,0.13767019667170954,0.8623298033282905,0.881074168797954,0.30004446180200006,210
119,569,92,2,0.5639810426540285,0.9834710743801653,0.7168674698795182,0.13918305597579425,0.8608169440242057,0.8797953964194374,0.30004288535300006,211
119,568,93,2,0.5613207547169812,0.9834710743801653,0.7147147147147148,0.14069591527987896,0.859304084720121,0.8785166240409207,0.30004150625920006,212
119,567,94,2,0.5586854460093896,0.9834710743801653,0.7125748502994013,0.1422087745839637,0.8577912254160364,0.8772378516624041,0.300041028435,213
119,566,95,2,0.5560747663551402,0.9834710743801653,0.7104477611940299,0.1437216338880484,0.8562783661119516,0.8759590792838875,0.30004097522100004,214
119,565,96,2,0.5534883720930233,0.9834710743801653,0.7083333333333334,0.14523449319213314,0.8547655068078669,0.8746803069053708,0.30003940741490004,215
119,564,97,2,0.5509259259259259,0.9834710743801653,0.7062314540059347,0.14674735249621784,0.8532526475037822,0.8734015345268542,0.3000384340691,216
119,563,98,2,0.5483870967741935,0.9834710743801653,0.7041420118343195,0.14826021180030258,0.8517397881996974,0.8721227621483376,0.30003580543400005,217
119,562,99,2,0.5458715596330275,0.9834710743801653,0.7020648967551623,0.14977307110438728,0.8502269288956127,0.870843989769821,0.30003394560820007,218
119,561,100,2,0.54337899543379,0.9834710743801653,0.7000000000000001,0.15128593040847202,0.848714069591528,0.8695652173913043,0.3000327895302,219
119,560,101,2,0.5409090909090909,0.9834710743801653,0.6979472140762463,0.15279878971255673,0.8472012102874432,0.8682864450127877,0.3000314499241,220
119,559,102,2,0.5384615384615384,0.9834710743801653,0.695906432748538,0.15431164901664146,0.8456883509833586,0.8670076726342711,0.30002933016100003,221
119,558,103,2,0.536036036036036,0.9834710743801653,0.693877551020408,0.15582450832072617,0.8441754916792739,0.8657289002557544,0.30002929625440006,222
119,557,104,2,0.5336322869955157,0.9834710743801653,0.6918604651162791,0.1573373676248109,0.8426626323751891,0.8644501278772379,0.30002883379800005,223
119,556,105,2,0.53125,0.9834710743801653,0.6898550724637681,0.1588502269288956,0.8411497730711044,0.8631713554987213,0.30002576549500004,224
120,556,105,1,0.5333333333333333,0.9917355371900827,0.6936416184971098,0.1588502269288956,0.8411497730711044,0.8644501278772379,0.21742100486005006,225
120,555,106,1,0.5309734513274337,0.9917355371900827,0.69164265129683,0.16036308623298035,0.8396369137670197,0.8631713554987213,0.2143116979965613,226
120,554,107,1,0.5286343612334802,0.9917355371900827,0.6896551724137931,0.16187594553706505,0.8381240544629349,0.8618925831202046,0.17440852145657676,227
120,553,108,1,0.5263157894736842,0.9917355371900827,0.6876790830945558,0.16338880484114976,0.8366111951588502,0.860613810741688,0.1653471907965613,228
120,552,109,1,0.5240174672489083,0.9917355371900827,0.6857142857142856,0.1649016641452345,0.8350983358547656,0.8593350383631714,0.1644660769965613,229
120,551,110,1,0.5217391304347826,0.9917355371900827,0.6837606837606838,0.1664145234493192,0.8335854765506808,0.8580562659846548,0.1604623471965613,230
120,550,111,1,0.5194805194805194,0.9917355371900827,0.6818181818181818,0.16792738275340394,0.8320726172465961,0.8567774936061381,0.1488688274965613,231
120,549,112,1,0.5172413793103449,0.9917355371900827,0.6798866855524079,0.16944024205748864,0.8305597579425114,0.8554987212276215,0.1482883496965613,232
120,548,113,1,0.5150214592274678,0.9917355371900827,0.6779661016949153,0.17095310136157338,0.8290468986384266,0.8542199488491049,0.1462855299965613,233
120,547,114,1,0.5128205128205128,0.9917355371900827,0.676056338028169,0.17246596066565809,0.8275340393343419,0.8529411764705882,0.1439676689965613,234
120,546,115,1,0.5106382978723404,0.9917355371900827,0.6741573033707865,0.17397881996974282,0.8260211800302572,0.8516624040920716,0.1435215458365613,235
120,545,116,1,0.5084745762711864,0.9917355371900827,0.6722689075630252,0.17549167927382753,0.8245083207261724,0.850383631713555,0.1431754955165613,236
120,544,117,1,0.5063291139240507,0.9917355371900827,0.670391061452514,0.17700453857791226,0.8229954614220878,0.8491048593350383,0.1429231616165613,237
120,543,118,1,0.5042016806722689,0.9917355371900827,0.6685236768802227,0.17851739788199697,0.8214826021180031,0.8478260869565217,0.1420983117865613,238
120,542,119,1,0.502092050209205,0.9917355371900827,0.6666666666666666,0.1800302571860817,0.8199697428139183,0.8465473145780051,0.1418946608565613,239
120,541,120,1,0.5,0.9917355371900827,0.6648199445983379,0.1815431164901664,0.8184568835098336,0.8452685421994884,0.1418886978365613,240
120,540,121,1,0.4979253112033195,0.9917355371900827,0.6629834254143646,0.18305597579425115,0.8169440242057489,0.8439897698209718,0.1418840074865613,241
120,539,122,1,0.49586776859504134,0.9917355371900827,0.6611570247933884,0.18456883509833585,0.8154311649016641,0.8427109974424553,0.1417324212685613,242
120,538,123,1,0.49382716049382713,0.9917355371900827,0.6593406593406593,0.18608169440242056,0.8139183055975794,0.8414322250639387,0.1415901177365613,243
120,537,124,1,0.4918032786885246,0.9917355371900827,0.6575342465753425,0.1875945537065053,0.8124054462934948,0.840153452685422,0.1414071664225613,244
120,536,125,1,0.4897959183673469,0.9917355371900827,0.6557377049180328,0.18910741301059,0.81089258698941,0.8388746803069054,0.1413488939565613,245
120,535,126,1,0.4878048780487805,0.9917355371900827,0.6539509536784741,0.19062027231467474,0.8093797276853253,0.8375959079283888,0.1413201536575613,246
120,534,127,1,0.48582995951417,0.9917355371900827,0.6521739130434783,0.19213313161875945,0.8078668683812406,0.8363171355498721,0.1413106946765613,247
120,533,128,1,0.4838709677419355,0.9917355371900827,0.6504065040650406,0.19364599092284418,0.8063540090771558,0.8350383631713555,0.1412797733245613,248
120,532,129,1,0.4819277108433735,0.9917355371900827,0.6486486486486487,0.1951588502269289,0.8048411497730711,0.8337595907928389,0.1412797576795613,249
120,531,130,1,0.48,0.9917355371900827,0.6469002695417789,0.19667170953101362,0.8033282904689864,0.8324808184143222,0.1412774844155613,250
120,530,131,1,0.47808764940239046,0.9917355371900827,0.6451612903225806,0.19818456883509833,0.8018154311649016,0.8312020460358056,0.1412702390025613,251
120,529,132,1,0.47619047619047616,0.9917355371900827,0.6434316353887399,0.19969742813918306,0.800302571860817,0.829923273657289,0.1412683692815613,252
120,528,133,1,0.4743083003952569,0.9917355371900827,0.6417112299465241,0.20121028744326777,0.7987897125567323,0.8286445012787724,0.1412675593255613,253
120,527,134,1,0.47244094488188976,0.9917355371900827,0.64,0.2027231467473525,0.7972768532526475,0.8273657289002557,0.1412595954955613,254
120,526,135,1,0.47058823529411764,0.9917355371900827,0.6382978723404256,0.2042360060514372,0.7957639939485628,0.8260869565217391,0.1412594252555613,255
120,525,136,1,0.46875,0.9917355371900827,0.636604774535809,0.20574886535552195,0.794251134644478,0.8248081841432225,0.1412544195555613,256
120,524,137,1,0.4669260700389105,0.9917355371900827,0.634920634920635,0.20726172465960666,0.7927382753403933,0.8235294117647058,0.1412541908795613,257
120,523,138,1,0.46511627906976744,0.9917355371900827,0.633245382585752,0.2087745839636914,0.7912254160363086,0.8222506393861893,0.1412528388575613,258
120,522,139,1,0.46332046332046334,0.9917355371900827,0.631578947368421,0.2102874432677761,0.789712556732224,0.8209718670076727,0.1412518934305613,259
120,521,140,1,0.46153846153846156,0.9917355371900827,0.6299212598425198,0.2118003025718608,0.7881996974281392,0.819693094629156,0.1412474495785613,260
120,520,141,1,0.45977011494252873,0.9917355371900827,0.6282722513089004,0.21331316187594554,0.7866868381240545,0.8184143222506394,0.1412433841885613,261
120,519,142,1,0.4580152671755725,0.9917355371900827,0.6266318537859007,0.21482602118003025,0.7851739788199698,0.8171355498721228,0.1412411960655613,262
120,518,143,1,0.45627376425855515,0.9917355371900827,0.625,0.21633888048411498,0.783661119515885,0.8158567774936062,0.1412411575865613,263
120,517,144,1,0.45454545454545453,0.9917355371900827,0.6233766233766234,0.2178517397881997,0.7821482602118003,0.8145780051150895,0.1412411540585613,264
120,516,145,1,0.4528301886792453,0.9917355371900827,0.621761658031088,0.21936459909228442,0.7806354009077155,0.8132992327365729,0.1412403542665613,265
120,515,146,1,0.45112781954887216,0.9917355371900827,0.6201550387596899,0.22087745839636913,0.7791225416036308,0.8120204603580563,0.1412393948045613,266
120,514,147,1,0.449438202247191,0.9917355371900827,0.6185567010309277,0.22239031770045387,0.7776096822995462,0.8107416879795396,0.1412391716095613,267
120,513,148,1,0.44776119402985076,0.9917355371900827,0.6169665809768637,0.22390317700453857,0.7760968229954615,0.809462915601023,0.1412386669095613,268
120,512,149,1,0.44609665427509293,0.9917355371900827,0.6153846153846154,0.2254160363086233,0.7745839636913767,0.8081841432225064,0.1412380033165613,269
120,511,150,1,0.4444444444444444,0.9917355371900827,0.6138107416879796,0.22692889561270801,0.773071104387292,0.8069053708439897,0.1412379227535613,270
120,510,151,1,0.44280442804428044,0.9917355371900827,0.6122448979591837,0.22844175491679275,0.7715582450832073,0.8056265984654731,0.1412375855285613,271
120,509,152,1,0.4411764705882353,0.9917355371900827,0.6106870229007634,0.22995461422087746,0.7700453857791225,0.8043478260869565,0.1412372627515613,272
120,508,153,1,0.43956043956043955,0.9917355371900827,0.6091370558375634,0.2314674735249622,0.7685325264750378,0.80306905370844,0.1412367295405613,273
120,507,154,1,0.43795620437956206,0.9917355371900827,0.6075949367088607,0.2329803328290469,0.7670196671709532,0.8017902813299232,0.1412351127715613,274
120,506,155,1,0.43636363636363634,0.9917355371900827,0.6060606060606061,0.2344931921331316,0.7655068078668684,0.8005115089514067,0.1412344393435613,275
120,505,156,1,0.43478260869565216,0.9917355371900827,0.6045340050377833,0.23600605143721634,0.7639939485627837,0.7992327365728901,0.1412343841205613,276
120,504,157,1,0.4332129963898917,0.9917355371900827,0.6030150753768845,0.23751891074130105,0.762481089258699,0.7979539641943734,0.1412336713315613,277
120,503,158,1,0.4316546762589928,0.9917355371900827,0.6015037593984962,0.23903177004538578,0.7609682299546142,0.7966751918158568,0.1412335288955613,278
120,502,159,1,0.43010752688172044,0.9917355371900827,0.6,0.2405446293494705,0.7594553706505295,0.7953964194373402,0.1412333850455613,279
120,501,160,1,0.42857142857142855,0.9917355371900827,0.598503740648379,0.24205748865355523,0.7579425113464447,0.7941176470588235,0.14123103422856131,280
120,500,161,1,0.42704626334519574,0.9917355371900827,0.5970149253731343,0.24357034795763993,0.75642965204236,0.7928388746803069,0.1412291618125613,281
120,499,162,1,0.425531914893617,0.9917355371900827,0.5955334987593053,0.24508320726172467,0.7549167927382754,0.7915601023017903,0.1412286591845613,282
120,498,163,1,0.42402826855123676,0.9917355371900827,0.594059405940594,0.24659606656580937,0.7534039334341907,0.7902813299232737,0.1412285914175613,283
120,497,164,1,0.4225352112676056,0.9917355371900827,0.5925925925925926,0.2481089258698941,0.7518910741301059,0.789002557544757,0.1412285654825613,284
120,496,165,1,0.42105263157894735,0.9917355371900827,0.5911330049261083,0.24962178517397882,0.7503782148260212,0.7877237851662404,0.1412259965735613,285
120,495,166,1,0.4195804195804196,0.9917355371900827,0.5896805896805897,0.25113464447806355,0.7488653555219364,0.7864450127877238,0.1412249390415613,286
120,494,167,1,0.4181184668989547,0.9917355371900827,0.5882352941176471,0.2526475037821483,0.7473524962178517,0.7851662404092071,0.1412234395645613,287
120,493,168,1,0.4166666666666667,0.9917355371900827,0.5867970660146699,0.25416036308623297,0.745839636913767,0.7838874680306905,0.1412232109487613,288
120,492,169,1,0.41522491349480967,0.9917355371900827,0.5853658536585366,0.2556732223903177,0.7443267776096822,0.782608695652174,0.1412229631410613,289
120,491,170,1,0.41379310344827586,0.9917355371900827,0.583941605839416,0.25718608169440244,0.7428139183055976,0.7813299232736572,0.1412227404010613,290
120,490,171,1,0.41237113402061853,0.9917355371900827,0.5825242718446602,0.2586989409984871,0.7413010590015129,0.7800511508951407,0.1412217305285613,291
120,489,172,1,0.410958904109589,0.9917355371900827,0.5811138014527845,0.26021180030257185,0.7397881996974282,0.7787723785166241,0.1412217291705613,292
120,488,173,1,0.40955631399317405,0.9917355371900827,0.5797101449275363,0.2617246596066566,0.7382753403933434,0.7774936061381074,0.1412199714285613,293
120,487,174,1,0.40816326530612246,0.9917355371900827,0.5783132530120482,0.2632375189107413,0.7367624810892587,0.7762148337595908,0.1412198411025613,294
120,486,175,1,0.4067796610169492,0.9917355371900827,0.576923076923077,0.264750378214826,0.735249621785174,0.7749360613810742,0.1412198410325613,295
120,485,176,1,0.40540540540540543,0.9917355371900827,0.5755395683453237,0.26626323751891073,0.7337367624810892,0.7736572890025576,0.1412198199345613,296
120,484,177,1,0.40404040404040403,0.9917355371900827,0.5741626794258373,0.26777609682299547,0.7322239031770046,0.7723785166240409,0.1412194673515613,297
120,483,178,1,0.40268456375838924,0.9917355371900827,0.5727923627684963,0.2692889561270802,0.7307110438729199,0.7710997442455243,0.1412193934700613,298
120,482,179,1,0.4013377926421405,0.9917355371900827,0.5714285714285715,0.2708018154311649,0.7291981845688351,0.7698209718670077,0.1412192544010613,299
120,481,180,1,0.4,0.9917355371900827,0.5700712589073633,0.2723146747352496,0.7276853252647504,0.768542199488491,0.1412192394875613,300
120,480,181,1,0.39867109634551495,0.9917355371900827,0.5687203791469194,0.27382753403933435,0.7261724659606656,0.7672634271099744,0.1412191885905613,301
120,479,182,1,0.3973509933774834,0.9917355371900827,0.5673758865248226,0.2753403933434191,0.7246596066565809,0.7659846547314578,0.1412189919395613,302
120,478,183,1,0.39603960396039606,0.9917355371900827,0.5660377358490566,0.27685325264750377,0.7231467473524962,0.7647058823529411,0.1412188327315613,303
120,477,184,1,0.39473684210526316,0.9917355371900827,0.5647058823529413,0.2783661119515885,0.7216338880484114,0.7634271099744245,0.1412185205413613,304
120,476,185,1,0.39344262295081966,0.9917355371900827,0.5633802816901409,0.27987897125567324,0.7201210287443268,0.7621483375959079,0.1412145549965613,305
120,475,186,1,0.39215686274509803,0.9917355371900827,0.5620608899297425,0.2813918305597579,0.7186081694402421,0.7608695652173914,0.14121364859456131,306
120,474,187,1,0.39087947882736157,0.9917355371900827,0.5607476635514019,0.28290468986384265,0.7170953101361573,0.7595907928388747,0.1412136483075613,307
120,473,188,1,0.38961038961038963,0.9917355371900827,0.5594405594405594,0.2844175491679274,0.7155824508320726,0.7583120204603581,0.1412136311183613,308
120,472,189,1,0.3883495145631068,0.9917355371900827,0.5581395348837209,0.2859304084720121,0.7140695915279879,0.7570332480818415,0.1412134981253613,309
120,471,190,1,0.3870967741935484,0.9917355371900827,0.5568445475638051,0.2874432677760968,0.7125567322239031,0.7557544757033248,0.1412134892955613,310
120,470,191,1,0.3858520900321543,0.9917355371900827,0.5555555555555556,0.28895612708018154,0.7110438729198184,0.7544757033248082,0.1412118211115613,311
120,469,192,1,0.38461538461538464,0.9917355371900827,0.5542725173210162,0.29046898638426627,0.7095310136157338,0.7531969309462916,0.1412113996527613,312
120,468,193,1,0.38338658146964855,0.9917355371900827,0.5529953917050692,0.291981845688351,0.708018154311649,0.7519181585677749,0.1412113158795613,313
120,467,194,1,0.3821656050955414,0.9917355371900827,0.5517241379310345,0.2934947049924357,0.7065052950075643,0.7506393861892583,0.1412103217255613,314
120,466,195,1,0.38095238095238093,0.9917355371900827,0.5504587155963303,0.2950075642965204,0.7049924357034796,0.7493606138107417,0.1412103127865613,315
120,465,196,1,0.379746835443038,0.9917355371900827,0.5491990846681922,0.29652042360060515,0.7034795763993948,0.7480818414322251,0.1412084555710613,316
120,464,197,1,0.3785488958990536,0.9917355371900827,0.5479452054794519,0.2980332829046899,0.7019667170953101,0.7468030690537084,0.1412084551755613,317
120,463,198,1,0.37735849056603776,0.9917355371900827,0.5466970387243736,0.29954614220877457,0.7004538577912254,0.7455242966751918,0.1412078967890613,318
120,462,199,1,0.3761755485893417,0.9917355371900827,0.5454545454545455,0.3010590015128593,0.6989409984871406,0.7442455242966752,0.1412077304767613,319
120,461,200,1,0.375,0.9917355371900827,0.5442176870748299,0.30257186081694404,0.697428139183056,0.7429667519181585,0.1412072632645613,320
120,460,201,1,0.37383177570093457,0.9917355371900827,0.5429864253393665,0.3040847201210287,0.6959152798789713,0.7416879795396419,0.1412069940347613,321
120,459,202,1,0.37267080745341613,0.9917355371900827,0.5417607223476297,0.30559757942511345,0.6944024205748865,0.7404092071611253,0.1412068390995613,322
120,458,203,1,0.3715170278637771,0.9917355371900827,0.5405405405405405,0.3071104387291982,0.6928895612708018,0.7391304347826086,0.1412062752565613,323
120,457,204,1,0.37037037037037035,0.9917355371900827,0.5393258426966291,0.3086232980332829,0.6913767019667171,0.7378516624040921,0.1412060436335613,324
120,456,205,1,0.36923076923076925,0.9917355371900827,0.5381165919282511,0.3101361573373676,0.6898638426626323,0.7365728900255755,0.1412055132155613,325
120,455,206,1,0.36809815950920244,0.9917355371900827,0.5369127516778524,0.31164901664145234,0.6883509833585476,0.7352941176470589,0.1412053301865613,326
120,454,207,1,0.3669724770642202,0.9917355371900827,0.5357142857142858,0.31316187594553707,0.686838124054463,0.7340153452685422,0.1412052837380613,327
120,453,208,1,0.36585365853658536,0.9917355371900827,0.5345211581291759,0.3146747352496218,0.6853252647503782,0.7327365728900256,0.1412049428345613,328
120,452,209,1,0.364741641337386,0.9917355371900827,0.5333333333333333,0.3161875945537065,0.6838124054462935,0.731457800511509,0.1412047539920613,329
120,451,210,1,0.36363636363636365,0.9917355371900827,0.5321507760532151,0.3177004538577912,0.6822995461422088,0.7301790281329923,0.1412040231605613,330
120,450,211,1,0.36253776435045315,0.9917355371900827,0.5309734513274336,0.31921331316187596,0.680786686838124,0.7289002557544757,0.1412026599917613,331
120,449,212,1,0.3614457831325301,0.9917355371900827,0.5298013245033112,0.3207261724659607,0.6792738275340393,0.7276214833759591,0.1412023383515613,332
120,448,213,1,0.36036036036036034,0.9917355371900827,0.5286343612334802,0.32223903177004537,0.6777609682299546,0.7263427109974424,0.1412015018025613,333
120,447,214,1,0.3592814371257485,0.9917355371900827,0.5274725274725275,0.3237518910741301,0.6762481089258698,0.7250639386189258,0.1412014961920613,334
120,446,215,1,0.3582089552238806,0.9917355371900827,0.5263157894736842,0.32526475037821484,0.6747352496217852,0.7237851662404092,0.1412014521585613,335
120,445,216,1,0.35714285714285715,0.9917355371900827,0.5251641137855579,0.3267776096822995,0.6732223903177005,0.7225063938618926,0.1412014419105613,336
120,444,217,1,0.3560830860534125,0.9917355371900827,0.5240174672489083,0.32829046898638425,0.6717095310136157,0.7212276214833759,0.1412013653837613,337
120,443,218,1,0.35502958579881655,0.9917355371900827,0.522875816993464,0.329803328290469,0.670196671709531,0.7199488491048593,0.1412013318495613,338
120,442,219,1,0.35398230088495575,0.9917355371900827,0.5217391304347827,0.3313161875945537,0.6686838124054463,0.7186700767263428,0.1412010620093613,339
120,441,220,1,0.35294117647058826,0.9917355371900827,0.5206073752711496,0.3328290468986384,0.6671709531013615,0.717391304347826,0.1412010250990613,340
120,440,221,1,0.3519061583577713,0.9917355371900827,0.5194805194805195,0.33434190620272314,0.6656580937972768,0.7161125319693095,0.1412008997465613,341
120,439,222,1,0.3508771929824561,0.9917355371900827,0.5183585313174945,0.3358547655068079,0.6641452344931922,0.7148337595907929,0.1412008319403613,342
120,438,223,1,0.3498542274052478,0.9917355371900827,0.5172413793103448,0.3373676248108926,0.6626323751891074,0.7135549872122762,0.1412008191667613,343
120,437,224,1,0.3488372093023256,0.9917355371900827,0.5161290322580645,0.3388804841149773,0.6611195158850227,0.7122762148337596,0.1412007928453613,344
120,436,225,1,0.34782608695652173,0.9917355371900827,0.5150214592274678,0.340393343419062,0.659606656580938,0.710997442455243,0.1412007727385613,345
120,435,226,1,0.3468208092485549,0.9917355371900827,0.5139186295503212,0.34190620272314676,0.6580937972768532,0.7097186700767263,0.1412007317115613,346
120,434,227,1,0.345821325648415,0.9917355371900827,0.5128205128205128,0.3434190620272315,0.6565809379727685,0.7084398976982097,0.1412006835613613,347
120,433,228,1,0.3448275862068966,0.9917355371900827,0.511727078891258,0.34493192133131617,0.6550680786686838,0.7071611253196931,0.1412006773677613,348
120,432,229,1,0.3438395415472779,0.9917355371900827,0.5106382978723404,0.3464447806354009,0.653555219364599,0.7058823529411765,0.1412006222903613,349
120,431,230,1,0.34285714285714286,0.9917355371900827,0.5095541401273886,0.34795763993948564,0.6520423600605144,0.7046035805626598,0.1411991583495613,350
120,430,231,1,0.3418803418803419,0.9917355371900827,0.5084745762711865,0.3494704992435703,0.6505295007564297,0.7033248081841432,0.1411991269755613,351
120,429,232,1,0.3409090909090909,0.9917355371900827,0.507399577167019,0.35098335854765506,0.649016641452345,0.7020460358056266,0.1411990607345613,352
120,428,233,1,0.33994334277620397,0.9917355371900827,0.5063291139240507,0.3524962178517398,0.6475037821482602,0.7007672634271099,0.1411987017780613,353
120,427,234,1,0.3389830508474576,0.9917355371900827,0.5052631578947367,0.3540090771558245,0.6459909228441755,0.6994884910485933,0.1411986267863613,354
120,426,235,1,0.3380281690140845,0.9917355371900827,0.5042016806722689,0.3555219364599092,0.6444780635400907,0.6982097186700768,0.1411970269895613,355
120,425,236,1,0.33707865168539325,0.9917355371900827,0.5031446540880503,0.35703479576399394,0.642965204236006,0.69693094629156,0.1411966086555613,356
120,424,237,1,0.33613445378151263,0.9917355371900827,0.5020920502092051,0.3585476550680787,0.6414523449319214,0.6956521739130435,0.1411963428725613,357
120,423,238,1,0.33519553072625696,0.9917355371900827,0.5010438413361168,0.3600605143721634,0.6399394856278366,0.6943734015345269,0.1411960186297613,358
120,422,239,1,0.3342618384401114,0.9917355371900827,0.5,0.3615733736762481,0.6384266263237519,0.6930946291560103,0.1411957916477613,359
120,421,240,1,0.3333333333333333,0.9917355371900827,0.498960498960499,0.3630862329803328,0.6369137670196672,0.6918158567774936,0.1411957711727613,360
120,420,241,1,0.33240997229916897,0.9917355371900827,0.4979253112033195,0.36459909228441756,0.6354009077155824,0.690537084398977,0.1411957576165613,361
120,419,242,1,0.3314917127071823,0.9917355371900827,0.4968944099378882,0.3661119515885023,0.6338880484114977,0.6892583120204604,0.1411957543265613,362
120,418,243,1,0.3305785123966942,0.9917355371900827,0.4958677685950413,0.367624810892587,0.632375189107413,0.6879795396419437,0.1411947608795613,363
120,417,244,1,0.32967032967032966,0.9917355371900827,0.4948453608247423,0.3691376701966717,0.6308623298033282,0.6867007672634271,0.1411944700785613,364
120,416,245,1,0.3287671232876712,0.9917355371900827,0.49382716049382713,0.37065052950075644,0.6293494704992436,0.6854219948849105,0.1411942406857613,365
120,415,246,1,0.32786885245901637,0.9917355371900827,0.49281314168377827,0.3721633888048411,0.6278366111951589,0.6841432225063938,0.1411932932245613,366
120,414,247,1,0.32697547683923706,0.9917355371900827,0.4918032786885246,0.37367624810892586,0.6263237518910741,0.6828644501278772,0.1411930921215613,367
120,413,248,1,0.32608695652173914,0.9917355371900827,0.49079754601227005,0.3751891074130106,0.6248108925869894,0.6815856777493606,0.1411930860483613,368
120,412,249,1,0.3252032520325203,0.9917355371900827,0.4897959183673469,0.3767019667170953,0.6232980332829047,0.680306905370844,0.1411929957035613,369
120,411,250,1,0.32432432432432434,0.9917355371900827,0.48879837067209775,0.37821482602118,0.6217851739788199,0.6790281329923273,0.1411929805590613,370
120,410,251,1,0.32345013477088946,0.9917355371900827,0.4878048780487805,0.37972768532526474,0.6202723146747352,0.6777493606138107,0.1411926253405613,371
120,409,252,1,0.3225806451612903,0.9917355371900827,0.486815415821501,0.3812405446293495,0.6187594553706506,0.6764705882352942,0.1411924473095613,372
120,408,253,1,0.32171581769436997,0.9917355371900827,0.48582995951417,0.3827534039334342,0.6172465960665658,0.6751918158567775,0.1411924298795613,373
120,407,254,1,0.32085561497326204,0.9917355371900827,0.48484848484848486,0.3842662632375189,0.6157337367624811,0.6739130434782609,0.1411924137550613,374
120,406,255,1,0.32,0.9917355371900827,0.4838709677419355,0.3857791225416036,0.6142208774583964,0.6726342710997443,0.1411923691643613,375
120,405,256,1,0.3191489361702128,0.9917355371900827,0.48289738430583495,0.38729198184568836,0.6127080181543116,0.6713554987212276,0.1411921226803613,376
120,404,257,1,0.3183023872679045,0.9917355371900827,0.4819277108433735,0.3888048411497731,0.6111951588502269,0.670076726342711,0.1411910594895613,377
120,403,258,1,0.31746031746031744,0.9917355371900827,0.48096192384769537,0.3903177004538578,0.6096822995461422,0.6687979539641944,0.1411896800415613,378
120,402,259,1,0.316622691292876,0.9917355371900827,0.48,0.3918305597579425,0.6081694402420574,0.6675191815856778,0.1411890712935613,379
120,401,260,1,0.3157894736842105,0.9917355371900827,0.47904191616766467,0.39334341906202724,0.6066565809379728,0.6662404092071611,0.1411887555550613,380
120,400,261,1,0.31496062992125984,0.9917355371900827,0.4780876494023904,0.394856278366112,0.6051437216338881,0.6649616368286445,0.1411887004965613,381
120,399,262,1,0.31413612565445026,0.9917355371900827,0.4771371769383699,0.39636913767019666,0.6036308623298033,0.6636828644501279,0.1411876077223613,382
120,398,263,1,0.3133159268929504,0.9917355371900827,0.4761904761904762,0.3978819969742814,0.6021180030257186,0.6624040920716112,0.1411872866505613,383
120,397,264,1,0.3125,0.9917355371900827,0.4752475247524753,0.39939485627836613,0.6006051437216339,0.6611253196930946,0.1411866259135613,384
120,396,265,1,0.3116883116883117,0.9917355371900827,0.47430830039525695,0.4009077155824508,0.5990922844175491,0.659846547314578,0.1411835327745613,385
120,395,266,1,0.31088082901554404,0.9917355371900827,0.4733727810650888,0.40242057488653554,0.5975794251134644,0.6585677749360613,0.1411834728335613,386
120,394,267,1,0.31007751937984496,0.9917355371900827,0.47244094488188976,0.4039334341906203,0.5960665658093798,0.6572890025575447,0.1411834704115613,387
120,393,268,1,0.30927835051546393,0.9917355371900827,0.4715127701375246,0.405446293494705,0.594553706505295,0.6560102301790282,0.1411833266735613,388
120,392,269,1,0.30848329048843187,0.9917355371900827,0.47058823529411764,0.4069591527987897,0.5930408472012103,0.6547314578005116,0.1411829807657613,389
120,391,270,1,0.3076923076923077,0.9917355371900827,0.4696673189823875,0.4084720121028744,0.5915279878971256,0.6534526854219949,0.1411829092775613,390
120,390,271,1,0.3069053708439898,0.9917355371900827,0.46875000000000006,0.40998487140695916,0.5900151285930408,0.6521739130434783,0.1411826332675613,391
120,389,272,1,0.30612244897959184,0.9917355371900827,0.4678362573099416,0.4114977307110439,0.5885022692889561,0.6508951406649617,0.1411826205205613,392
120,388,273,1,0.3053435114503817,0.9917355371900827,0.46692607003891046,0.4130105900151286,0.5869894099848714,0.649616368286445,0.1411826050715613,393
120,387,274,1,0.30456852791878175,0.9917355371900827,0.4660194174757282,0.4145234493192133,0.5854765506807866,0.6483375959079284,0.1411825270810613,394
120,386,275,1,0.3037974683544304,0.9917355371900827,0.4651162790697675,0.41603630862329805,0.583963691376702,0.6470588235294118,0.1411814078965613,395
120,385,276,1,0.30303030303030304,0.9917355371900827,0.4642166344294004,0.4175491679273828,0.5824508320726173,0.6457800511508951,0.1411811173475613,396
120,384,277,1,0.3022670025188917,0.9917355371900827,0.46332046332046345,0.41906202723146746,0.5809379727685325,0.6445012787723785,0.1411808967523613,397
120,383,278,1,0.3015075376884422,0.9917355371900827,0.4624277456647399,0.4205748865355522,0.5794251134644478,0.6432225063938619,0.1411808888535613,398
120,382,279,1,0.3007518796992481,0.9917355371900827,0.4615384615384615,0.42208774583963693,0.5779122541603631,0.6419437340153452,0.1411808598105613,399
120,381,280,1,0.3,0.9917355371900827,0.4606525911708253,0.4236006051437216,0.5763993948562783,0.6406649616368286,0.1411797420876613,400
120,380,281,1,0.29925187032418954,0.9917355371900827,0.4597701149425288,0.42511346444780634,0.5748865355521936,0.639386189258312,0.1411797313993613,401
120,379,282,1,0.29850746268656714,0.9917355371900827,0.45889101338432126,0.4266263237518911,0.573373676248109,0.6381074168797954,0.1411794994935613,402
120,378,283,1,0.2977667493796526,0.9917355371900827,0.4580152671755725,0.4281391830559758,0.5718608169440242,0.6368286445012787,0.1411794610103613,403
120,377,284,1,0.297029702970297,0.9917355371900827,0.4571428571428571,0.4296520423600605,0.5703479576399395,0.6355498721227621,0.1411794536967613,404
120,376,285,1,0.2962962962962963,0.9917355371900827,0.4562737642585551,0.43116490166414523,0.5688350983358548,0.6342710997442456,0.1411789648923613,405
120,375,286,1,0.2955665024630542,0.9917355371900827,0.4554079696394687,0.43267776096822996,0.56732223903177,0.6329923273657289,0.1411723438527613,406
120,374,287,1,0.29484029484029484,0.9917355371900827,0.45454545454545453,0.4341906202723147,0.5658093797276853,0.6317135549872123,0.1411714483735613,407
120,373,288,1,0.29411764705882354,0.9917355371900827,0.4536862003780718,0.4357034795763994,0.5642965204236006,0.6304347826086957,0.1411714189483613,408
120,372,289,1,0.293398533007335,0.9917355371900827,0.4528301886792453,0.4372163388804841,0.5627836611195158,0.629156010230179,0.1411712471445613,409
120,371,290,1,0.2926829268292683,0.9917355371900827,0.4519774011299435,0.43872919818456885,0.5612708018154312,0.6278772378516624,0.1411712160365613,410
120,370,291,1,0.291970802919708,0.9917355371900827,0.45112781954887216,0.4402420574886536,0.5597579425113465,0.6265984654731458,0.1411667439465613,411
120,369,292,1,0.2912621359223301,0.9917355371900827,0.4502814258911819,0.44175491679273826,0.5582450832072617,0.6253196930946292,0.1411661500385613,412
120,368,293,1,0.29055690072639223,0.9917355371900827,0.449438202247191,0.443267776096823,0.556732223903177,0.6240409207161125,0.1411656555445613,413
120,367,294,1,0.2898550724637681,0.9917355371900827,0.4485981308411215,0.44478063540090773,0.5552193645990923,0.6227621483375959,0.1411653621626613,414
120,366,295,1,0.2891566265060241,0.9917355371900827,0.4477611940298507,0.4462934947049924,0.5537065052950075,0.6214833759590793,0.1411653097893613,415
120,365,296,1,0.28846153846153844,0.9917355371900827,0.4469273743016759,0.44780635400907715,0.5521936459909228,0.6202046035805626,0.1411643181084613,416
120,364,297,1,0.28776978417266186,0.9917355371900827,0.44609665427509293,0.4493192133131619,0.5506807866868382,0.618925831202046,0.11977478145657677,417
120,363,298,1,0.28708133971291866,0.9917355371900827,0.4452690166975881,0.4508320726172466,0.5491679273827534,0.6176470588235294,0.11974262625657676,418
120,362,299,1,0.2863961813842482,0.9917355371900827,0.4444444444444444,0.4523449319213313,0.5476550680786687,0.6163682864450127,0.11789348105657677,419
120,361,300,1,0.2857142857142857,0.9917355371900827,0.44362292051755997,0.45385779122541603,0.546142208774584,0.6150895140664961,0.11782101117657677,420
120,360,301,1,0.2850356294536817,0.9917355371900827,0.44280442804428044,0.45537065052950076,0.5446293494704992,0.6138107416879796,0.11664626375657677,421
120,359,302,1,0.2843601895734597,0.9917355371900827,0.4419889502762431,0.4568835098335855,0.5431164901664145,0.612531969309463,0.11622752753657677,422
120,358,303,1,0.28368794326241137,0.9917355371900827,0.44117647058823534,0.4583963691376702,0.5416036308623298,0.6112531969309463,0.11557741933657677,423
120,357,304,1,0.2830188679245283,0.9917355371900827,0.44036697247706424,0.4599092284417549,0.540090771558245,0.6099744245524297,0.11531027413657677,424
120,356,305,1,0.2823529411764706,0.9917355371900827,0.43956043956043955,0.46142208774583965,0.5385779122541604,0.6086956521739131,0.11458444098657677,425
120,355,306,1,0.28169014084507044,0.9917355371900827,0.4387568555758684,0.4629349470499244,0.5370650529500757,0.6074168797953964,0.11376771703657677,426
120,354,307,1,0.2810304449648712,0.9917355371900827,0.437956204379562,0.46444780635400906,0.5355521936459909,0.6061381074168798,0.11373981601657678,427
120,353,308,1,0.2803738317757009,0.9917355371900827,0.4371584699453552,0.4659606656580938,0.5340393343419062,0.6048593350383632,0.11363438131657677,428
120,352,309,1,0.27972027972027974,0.9917355371900827,0.4363636363636364,0.46747352496217853,0.5325264750378215,0.6035805626598465,0.11336646298757677,429
120,351,310,1,0.27906976744186046,0.9917355371900827,0.4355716878402904,0.4689863842662632,0.5310136157337367,0.6023017902813299,0.11324732632657677,430
120,350,311,1,0.27842227378190254,0.9917355371900827,0.4347826086956521,0.47049924357034795,0.529500756429652,0.6010230179028133,0.11320639914657676,431
120,349,312,1,0.2777777777777778,0.9917355371900827,0.4339963833634719,0.4720121028744327,0.5279878971255674,0.5997442455242967,0.11320367988457677,432
120,348,313,1,0.27713625866050806,0.9917355371900827,0.4332129963898917,0.4735249621785174,0.5264750378214826,0.59846547314578,0.11306981040757677,433
120,347,314,1,0.2764976958525346,0.9917355371900827,0.4324324324324325,0.4750378214826021,0.5249621785173979,0.5971867007672634,0.11306717786857677,434
120,346,315,1,0.27586206896551724,0.9917355371900827,0.43165467625899284,0.47655068078668683,0.5234493192133132,0.5959079283887468,0.11302485201857677,435
120,345,316,1,0.27522935779816515,0.9917355371900827,0.4308797127468582,0.47806354009077157,0.5219364599092284,0.5946291560102301,0.11302305283657677,436
121,345,316,0,0.2768878718535469,1.0,0.4336917562724014,0.47806354009077157,0.5219364599092284,0.5959079283887468,0.11298929993557677,437
121,344,317,0,0.2762557077625571,1.0,0.4329159212880143,0.4795763993948563,0.5204236006051437,0.5946291560102301,0.11296021644757677,438
121,343,318,0,0.275626423690205,1.0,0.4321428571428571,0.481089258698941,0.518910741301059,0.5933503836317136,0.11295601408857676,439
121,342,319,0,0.275,1.0,0.4313725490196079,0.4826021180030257,0.5173978819969742,0.592071611253197,0.11295378020657677,440
121,341,320,0,0.2743764172335601,1.0,0.4306049822064057,0.48411497730711045,0.5158850226928896,0.5907928388746803,0.11292000391857678,441
121,340,321,0,0.2737556561085973,1.0,0.4298401420959148,0.4856278366111952,0.5143721633888049,0.5895140664961637,0.11291612785057677,442
121,339,322,0,0.27313769751693,1.0,0.42907801418439717,0.48714069591527986,0.5128593040847201,0.5882352941176471,0.11290136319857677,443
121,338,323,0,0.2725225225225225,1.0,0.4283185840707964,0.4886535552193646,0.5113464447806354,0.5869565217391305,0.11290072724857678,444
121,337,324,0,0.27191011235955054,1.0,0.4275618374558303,0.49016641452344933,0.5098335854765507,0.5856777493606138,0.11290024825257677,445
121,336,325,0,0.2713004484304933,1.0,0.4268077601410935,0.491679273827534,0.5083207261724659,0.5843989769820972,0.11290016092057677,446
121,335,326,0,0.27069351230425054,1.0,0.42605633802816895,0.49319213313161875,0.5068078668683812,0.5831202046035806,0.11289625862357677,447
121,334,327,0,0.2700892857142857,1.0,0.4253075571177505,0.4947049924357035,0.5052950075642966,0.5818414322250639,0.11289467362057677,448
121,333,328,0,0.26948775055679286,1.0,0.42456140350877186,0.4962178517397882,0.5037821482602118,0.5805626598465473,0.11289464874257676,449
121,332,329,0,0.2688888888888889,1.0,0.4238178633975482,0.4977307110438729,0.5022692889561271,0.5792838874680307,0.11289396662757677,450
121,331,330,0,0.2682926829268293,1.0,0.4230769230769231,0.49924357034795763,0.5007564296520424,0.578005115089514,0.11289387791657678,451
121,330,331,0,0.2676991150442478,1.0,0.4223385689354276,0.5007564296520424,0.49924357034795763,0.5767263427109974,0.11288872218557677,452
121,329,332,0,0.2671081677704194,1.0,0.42160278745644597,0.5022692889561271,0.4977307110438729,0.5754475703324808,0.11288847569457677,453
121,328,333,0,0.2665198237885463,1.0,0.42086956521739133,0.5037821482602118,0.4962178517397882,0.5741687979539642,0.11288825212857677,454
121,327,334,0,0.26593406593406593,1.0,0.4201388888888889,0.5052950075642966,0.4947049924357035,0.5728900255754475,0.11288812970557677,455
121,326,335,0,0.26535087719298245,1.0,0.4194107452339688,0.5068078668683812,0.49319213313161875,0.571611253196931,0.11288635867057677,456
121,325,336,0,0.2647702407002188,1.0,0.4186851211072664,0.5083207261724659,0.491679273827534,0.5703324808184144,0.11288425177557677,457
121,324,337,0,0.26419213973799127,1.0,0.4179620034542314,0.5098335854765507,0.49016641452344933,0.5690537084398977,0.11288354439757677,458
121,323,338,0,0.2636165577342048,1.0,0.4172413793103448,0.5113464447806354,0.4886535552193646,0.5677749360613811,0.11288350759857677,459
121,322,339,0,0.26304347826086955,1.0,0.4165232358003442,0.5128593040847201,0.48714069591527986,0.5664961636828645,0.11288067934657676,460
121,321,340,0,0.26247288503253796,1.0,0.41580756013745707,0.5143721633888049,0.4856278366111952,0.5652173913043478,0.11288033682257677,461
121,320,341,0,0.2619047619047619,1.0,0.41509433962264153,0.5158850226928896,0.48411497730711045,0.5639386189258312,0.11287937087157678,462
121,319,342,0,0.2613390928725702,1.0,0.4143835616438356,0.5173978819969742,0.4826021180030257,0.5626598465473146,0.11287753656357677,463
121,318,343,0,0.2607758620689655,1.0,0.4136752136752137,0.518910741301059,0.481089258698941,0.5613810741687979,0.11287751762857677,464
121,317,344,0,0.26021505376344084,1.0,0.4129692832764505,0.5204236006051437,0.4795763993948563,0.5601023017902813,0.11287638251557677,465
121,316,345,0,0.259656652360515,1.0,0.4122657580919931,0.5219364599092284,0.47806354009077157,0.5588235294117647,0.11287612895457677,466
121,315,346,0,0.25910064239828695,1.0,0.41156462585034015,0.5234493192133132,0.47655068078668683,0.5575447570332481,0.11287612460757677,467
121,314,347,0,0.25854700854700857,1.0,0.4108658743633277,0.5249621785173979,0.4750378214826021,0.5562659846547314,0.11287611379957677,468
121,313,348,0,0.2579957356076759,1.0,0.41016949152542376,0.5264750378214826,0.4735249621785174,0.5549872122762148,0.11287608737457677,469
121,312,349,0,0.2574468085106383,1.0,0.40947546531302875,0.5279878971255674,0.4720121028744327,0.5537084398976982,0.11287466162157676,470
121,311,350,0,0.25690021231422505,1.0,0.4087837837837838,0.529500756429652,0.47049924357034795,0.5524296675191815,0.11287446077057676,471
121,310,351,0,0.2563559322033898,1.0,0.40809443507588533,0.5310136157337367,0.4689863842662632,0.551150895140665,0.11287444578357678,472
121,309,352,0,0.2558139534883721,1.0,0.40740740740740744,0.5325264750378215,0.46747352496217853,0.5498721227621484,0.11287277319657676,473
121,308,353,0,0.2552742616033755,1.0,0.40672268907563025,0.5340393343419062,0.4659606656580938,0.5485933503836317,0.11287223407757677,474
121,307,354,0,0.25473684210526315,1.0,0.4060402684563758,0.5355521936459909,0.46444780635400906,0.5473145780051151,0.11287202213157677,475
121,306,355,0,0.2542016806722689,1.0,0.4053601340033501,0.5370650529500757,0.4629349470499244,0.5460358056265985,0.11286959504257676,476
121,305,356,0,0.25366876310272535,1.0,0.40468227424749165,0.5385779122541604,0.46142208774583965,0.5447570332480819,0.11286815144657678,477
121,304,357,0,0.25313807531380755,1.0,0.40400667779632726,0.540090771558245,0.4599092284417549,0.5434782608695652,0.11286692088157677,478
121,303,358,0,0.25260960334029225,1.0,0.4033333333333333,0.5416036308623298,0.4583963691376702,0.5421994884910486,0.11286692072057677,479
121,302,359,0,0.2520833333333333,1.0,0.4026622296173045,0.5431164901664145,0.4568835098335855,0.540920716112532,0.11286565013657678,480
121,301,360,0,0.2515592515592516,1.0,0.4019933554817276,0.5446293494704992,0.45537065052950076,0.5396419437340153,0.11286452769777677,481
121,300,361,0,0.25103734439834025,1.0,0.4013266998341625,0.546142208774584,0.45385779122541603,0.5383631713554987,0.11286417888637677,482
121,299,362,0,0.2505175983436853,1.0,0.40066225165562913,0.5476550680786687,0.4523449319213313,0.5370843989769821,0.11286417273407677,483
121,298,363,0,0.25,1.0,0.4,0.5491679273827534,0.4508320726172466,0.5358056265984654,0.11286384086757677,484
121,297,364,0,0.24948453608247423,1.0,0.39933993399339934,0.5506807866868382,0.4493192133131619,0.5345268542199488,0.11286272296757677,485
121,296,365,0,0.24897119341563786,1.0,0.3986820428336079,0.5521936459909228,0.44780635400907715,0.5332480818414322,0.11286152448357677,486
121,295,366,0,0.24845995893223818,1.0,0.3980263157894737,0.5537065052950075,0.4462934947049924,0.5319693094629157,0.11286081465907677,487
121,294,367,0,0.24795081967213115,1.0,0.3973727422003284,0.5552193645990923,0.44478063540090773,0.530690537084399,0.11286053730857677,488
121,293,368,0,0.2474437627811861,1.0,0.39672131147540984,0.556732223903177,0.443267776096823,0.5294117647058824,0.11286040867657678,489
121,292,369,0,0.24693877551020407,1.0,0.39607201309328965,0.5582450832072617,0.44175491679273826,0.5281329923273658,0.11286020528177677,490
121,291,370,0,0.24643584521384929,1.0,0.3954248366013072,0.5597579425113465,0.4402420574886536,0.5268542199488491,0.11286017663357677,491
121,290,371,0,0.2459349593495935,1.0,0.3947797716150082,0.5612708018154312,0.43872919818456885,0.5255754475703325,0.11285924362457676,492
121,289,372,0,0.24543610547667344,1.0,0.3941368078175896,0.5627836611195158,0.4372163388804841,0.5242966751918159,0.11285913204457677,493
121,288,373,0,0.24493927125506074,1.0,0.39349593495934965,0.5642965204236006,0.4357034795763994,0.5230179028132992,0.11285710413057677,494
121,287,374,0,0.24444444444444444,1.0,0.39285714285714285,0.5658093797276853,0.4341906202723147,0.5217391304347826,0.11285704443457677,495
121,286,375,0,0.2439516129032258,1.0,0.39222042139384117,0.56732223903177,0.43267776096822996,0.520460358056266,0.11285546302957677,496
121,285,376,0,0.24346076458752516,1.0,0.3915857605177994,0.5688350983358548,0.43116490166414523,0.5191815856777494,0.11285365303957677,497
121,284,377,0,0.2429718875502008,1.0,0.39095315024232635,0.5703479576399395,0.4296520423600605,0.5179028132992327,0.11285305952357677,498
121,283,378,0,0.24248496993987975,1.0,0.3903225806451613,0.5718608169440242,0.4281391830559758,0.5166240409207161,0.11285279210257677,499
121,282,379,0,0.242,1.0,0.3896940418679549,0.573373676248109,0.4266263237518911,0.5153452685421995,0.11285249749357677,500
121,281,380,0,0.24151696606786427,1.0,0.3890675241157556,0.5748865355521936,0.42511346444780634,0.5140664961636828,0.11285235868357676,501
121,280,381,0,0.2410358565737052,1.0,0.3884430176565008,0.5763993948562783,0.4236006051437216,0.5127877237851662,0.11285130010857677,502
121,279,382,0,0.24055666003976142,1.0,0.3878205128205128,0.5779122541603631,0.42208774583963693,0.5115089514066496,0.11285122575737677,503
121,278,383,0,0.2400793650793651,1.0,0.3872,0.5794251134644478,0.4205748865355522,0.510230179028133,0.11284993737377677,504
121,277,384,0,0.2396039603960396,1.0,0.38658146964856227,0.5809379727685325,0.41906202723146746,0.5089514066496164,0.11284933052277676,505
121,276,385,0,0.2391304347826087,1.0,0.3859649122807018,0.5824508320726173,0.4175491679273828,0.5076726342710998,0.11284859880157677,506
121,275,386,0,0.23865877712031558,1.0,0.38535031847133755,0.583963691376702,0.41603630862329805,0.5063938618925832,0.11284855646277676,507
121,274,387,0,0.23818897637795275,1.0,0.3847376788553259,0.5854765506807866,0.4145234493192133,0.5051150895140665,0.11284841904157678,508
121,273,388,0,0.23772102161100198,1.0,0.38412698412698415,0.5869894099848714,0.4130105900151286,0.5038363171355499,0.11284822225057677,509
121,272,389,0,0.2372549019607843,1.0,0.38351822503961963,0.5885022692889561,0.4114977307110439,0.5025575447570333,0.11284819777157677,510
121,271,390,0,0.23679060665362034,1.0,0.3829113924050633,0.5900151285930408,0.40998487140695916,0.5012787723785166,0.11284812175857677,511
121,270,391,0,0.236328125,1.0,0.382306477093207,0.5915279878971256,0.4084720121028744,0.5,0.11284805726057677,512
121,269,392,0,0.23586744639376217,1.0,0.3817034700315457,0.5930408472012103,0.4069591527987897,0.49872122762148335,0.11284805212957677,513
121,268,393,0,0.23540856031128404,1.0,0.3811023622047244,0.594553706505295,0.405446293494705,0.49744245524296676,0.11284782110157678,514
121,267,394,0,0.23495145631067962,1.0,0.3805031446540881,0.5960665658093798,0.4039334341906203,0.4961636828644501,0.11284758836837677,515
121,266,395,0,0.23449612403100775,1.0,0.37990580847723704,0.5975794251134644,0.40242057488653554,0.4948849104859335,0.11284750729857677,516
121,265,396,0,0.23404255319148937,1.0,0.3793103448275862,0.5990922844175491,0.4009077155824508,0.4936061381074169,0.11284748437357676,517
121,264,397,0,0.2335907335907336,1.0,0.378716744913928,0.6006051437216339,0.39939485627836613,0.49232736572890023,0.11284721185657677,518
121,263,398,0,0.23314065510597304,1.0,0.378125,0.6021180030257186,0.3978819969742814,0.49104859335038364,0.11284649157757677,519
121,262,399,0,0.2326923076923077,1.0,0.37753510140405616,0.6036308623298033,0.39636913767019666,0.489769820971867,0.11284644790037678,520
121,261,400,0,0.23224568138195778,1.0,0.37694704049844235,0.6051437216338881,0.394856278366112,0.4884910485933504,0.11284635159157677,521
121,260,401,0,0.23180076628352492,1.0,0.37636080870917576,0.6066565809379728,0.39334341906202724,0.48721227621483376,0.11284499356077678,522
121,259,402,0,0.23135755258126195,1.0,0.375776397515528,0.6081694402420574,0.3918305597579425,0.4859335038363171,0.11284498815957678,523
121,258,403,0,0.23091603053435114,1.0,0.37519379844961237,0.6096822995461422,0.3903177004538578,0.4846547314578005,0.11284411968357677,524
121,257,404,0,0.23047619047619047,1.0,0.3746130030959752,0.6111951588502269,0.3888048411497731,0.4833759590792839,0.11284410854657677,525
121,256,405,0,0.2300380228136882,1.0,0.3740340030911901,0.6127080181543116,0.38729198184568836,0.4820971867007673,0.11284386558637677,526
121,255,406,0,0.22960151802656548,1.0,0.37345679012345684,0.6142208774583964,0.3857791225416036,0.48081841432225064,0.11284307146437678,527
121,254,407,0,0.22916666666666666,1.0,0.37288135593220334,0.6157337367624811,0.3842662632375189,0.479539641943734,0.11284235022357678,528
121,253,408,0,0.22873345935727787,1.0,0.3723076923076923,0.6172465960665658,0.3827534039334342,0.4782608695652174,0.11284214870407677,529
121,252,409,0,0.22830188679245284,1.0,0.37173579109062976,0.6187594553706506,0.3812405446293495,0.47698209718670076,0.11284213178507677,530
121,251,410,0,0.2278719397363465,1.0,0.37116564417177916,0.6202723146747352,0.37972768532526474,0.47570332480818417,0.11284149595757677,531
121,250,411,0,0.2274436090225564,1.0,0.3705972434915773,0.6217851739788199,0.37821482602118,0.4744245524296675,0.11284140395657677,532
121,249,412,0,0.2270168855534709,1.0,0.37003058103975534,0.6232980332829047,0.3767019667170953,0.4731457800511509,0.11284126094657677,533
121,248,413,0,0.22659176029962547,1.0,0.3694656488549618,0.6248108925869894,0.3751891074130106,0.4718670076726343,0.11284068559977677,534
121,247,414,0,0.2261682242990654,1.0,0.36890243902439024,0.6263237518910741,0.37367624810892586,0.47058823529411764,0.11284063385157676,535
121,246,415,0,0.22574626865671643,1.0,0.36834094368340947,0.6278366111951589,0.3721633888048411,0.46930946291560105,0.11284050727757677,536
121,245,416,0,0.22532588454376165,1.0,0.3677811550151976,0.6293494704992436,0.37065052950075644,0.4680306905370844,0.11284014016257676,537
121,244,417,0,0.22490706319702602,1.0,0.36722306525037934,0.6308623298033282,0.3691376701966717,0.46675191815856776,0.11284004442007677,538
121,243,418,0,0.22448979591836735,1.0,0.36666666666666664,0.632375189107413,0.367624810892587,0.46547314578005117,0.11284004210307677,539
121,242,419,0,0.22407407407407406,1.0,0.36611195158850224,0.6338880484114977,0.3661119515885023,0.4641943734015345,0.11283970222857677,540
121,241,420,0,0.22365988909426987,1.0,0.36555891238670696,0.6354009077155824,0.36459909228441756,0.4629156010230179,0.11283853668377677,541
121,240,421,0,0.22324723247232472,1.0,0.36500754147812975,0.6369137670196672,0.3630862329803328,0.4616368286445013,0.11283839168157676,542
121,239,422,0,0.22283609576427257,1.0,0.36445783132530124,0.6384266263237519,0.3615733736762481,0.46035805626598464,0.11283799315057677,543
121,238,423,0,0.22242647058823528,1.0,0.3639097744360902,0.6399394856278366,0.3600605143721634,0.45907928388746805,0.11283798356757677,544
121,237,424,0,0.22201834862385322,1.0,0.3633633633633634,0.6414523449319214,0.3585476550680787,0.4578005115089514,0.11283778162457676,545
121,236,425,0,0.2216117216117216,1.0,0.3628185907046476,0.642965204236006,0.35703479576399394,0.45652173913043476,0.11283760972557677,546
121,235,426,0,0.22120658135283364,1.0,0.3622754491017964,0.6444780635400907,0.3555219364599092,0.45524296675191817,0.11283752986257677,547
121,234,427,0,0.2208029197080292,1.0,0.3617339312406577,0.6459909228441755,0.3540090771558245,0.4539641943734015,0.11283703706607677,548
121,233,428,0,0.2204007285974499,1.0,0.3611940298507463,0.6475037821482602,0.3524962178517398,0.45268542199488493,0.11283674118377678,549
121,232,429,0,0.22,1.0,0.36065573770491804,0.649016641452345,0.35098335854765506,0.4514066496163683,0.11283659658057676,550
121,231,430,0,0.21960072595281308,1.0,0.36011904761904767,0.6505295007564297,0.3494704992435703,0.45012787723785164,0.11283405896857678,551
121,230,431,0,0.21920289855072464,1.0,0.35958395245170877,0.6520423600605144,0.34795763993948564,0.44884910485933505,0.11283309568457676,552
121,229,432,0,0.21880650994575046,1.0,0.3590504451038576,0.653555219364599,0.3464447806354009,0.4475703324808184,0.11283303276857677,553
121,228,433,0,0.2184115523465704,1.0,0.3585185185185185,0.6550680786686838,0.34493192133131617,0.4462915601023018,0.11283280688277678,554
121,227,434,0,0.218018018018018,1.0,0.35798816568047337,0.6565809379727685,0.3434190620272315,0.44501278772378516,0.11283213302077677,555
121,226,435,0,0.21762589928057555,1.0,0.35745937961595275,0.6580937972768532,0.34190620272314676,0.4437340153452685,0.11283208257457678,556
121,225,436,0,0.21723518850987433,1.0,0.35693215339233036,0.659606656580938,0.340393343419062,0.4424552429667519,0.11283198780857677,557
121,224,437,0,0.2168458781362007,1.0,0.3564064801178203,0.6611195158850227,0.3388804841149773,0.4411764705882353,0.11283192930257677,558
121,223,438,0,0.21645796064400716,1.0,0.3558823529411765,0.6626323751891074,0.3373676248108926,0.4398976982097187,0.11283157099357677,559
121,222,439,0,0.21607142857142858,1.0,0.35535976505139505,0.6641452344931922,0.3358547655068079,0.43861892583120204,0.11283119533157678,560
121,221,440,0,0.21568627450980393,1.0,0.3548387096774193,0.6656580937972768,0.33434190620272314,0.4373401534526854,0.11283103144057677,561
121,220,441,0,0.21530249110320285,1.0,0.35431918008784774,0.6671709531013615,0.3328290468986384,0.4360613810741688,0.11283096629157677,562
121,219,442,0,0.21492007104795738,1.0,0.3538011695906433,0.6686838124054463,0.3313161875945537,0.43478260869565216,0.11283093659057677,563
121,218,443,0,0.21453900709219859,1.0,0.3532846715328467,0.670196671709531,0.329803328290469,0.43350383631713557,0.11283086136157677,564
121,217,444,0,0.21415929203539824,1.0,0.3527696793002915,0.6717095310136157,0.32829046898638425,0.4322250639386189,0.11283074622137677,565
121,216,445,0,0.2137809187279152,1.0,0.3522561863173217,0.6732223903177005,0.3267776096822995,0.4309462915601023,0.11283073113357676,566
121,215,446,0,0.21340388007054673,1.0,0.35174418604651164,0.6747352496217852,0.32526475037821484,0.4296675191815857,0.11283006018357677,567
121,214,447,0,0.2130281690140845,1.0,0.35123367198838895,0.6762481089258698,0.3237518910741301,0.42838874680306904,0.11283005853157677,568
121,213,448,0,0.2126537785588752,1.0,0.3507246376811594,0.6777609682299546,0.32223903177004537,0.42710997442455245,0.11282996090957677,569
121,212,449,0,0.21228070175438596,1.0,0.35021707670043417,0.6792738275340393,0.3207261724659607,0.4258312020460358,0.11282995834407678,570
121,211,450,0,0.2119089316987741,1.0,0.34971098265895956,0.680786686838124,0.31921331316187596,0.42455242966751916,0.11282967485457678,571
121,210,451,0,0.21153846153846154,1.0,0.34920634920634924,0.6822995461422088,0.3177004538577912,0.42327365728900257,0.11282959886957677,572
121,209,452,0,0.2111692844677138,1.0,0.34870317002881845,0.6838124054462935,0.3161875945537065,0.4219948849104859,0.11282958762057677,573
121,208,453,0,0.21080139372822299,1.0,0.34820143884892085,0.6853252647503782,0.3146747352496218,0.42071611253196933,0.11282779298157677,574
121,207,454,0,0.21043478260869566,1.0,0.3477011494252874,0.686838124054463,0.31316187594553707,0.4194373401534527,0.11282776921657676,575
121,206,455,0,0.21006944444444445,1.0,0.3472022955523673,0.6883509833585476,0.31164901664145234,0.41815856777493604,0.11282669473757677,576
121,205,456,0,0.2097053726169844,1.0,0.34670487106017195,0.6898638426626323,0.3101361573373676,0.41687979539641945,0.11282587123237676,577
121,204,457,0,0.2093425605536332,1.0,0.34620886981402,0.6913767019667171,0.3086232980332829,0.4156010230179028,0.11282543384857677,578
121,203,458,0,0.20898100172711573,1.0,0.34571428571428575,0.6928895612708018,0.3071104387291982,0.4143222506393862,0.11282414879557677,579
121,202,459,0,0.20862068965517241,1.0,0.34522111269614836,0.6944024205748865,0.30559757942511345,0.41304347826086957,0.11282396223157677,580
121,201,460,0,0.2082616179001721,1.0,0.3447293447293447,0.6959152798789713,0.3040847201210287,0.4117647058823529,0.11282392272357677,581
121,200,461,0,0.20790378006872853,1.0,0.34423897581792323,0.697428139183056,0.30257186081694404,0.41048593350383633,0.11282385224757677,582
121,199,462,0,0.20754716981132076,1.0,0.34375000000000006,0.6989409984871406,0.3010590015128593,0.4092071611253197,0.11282367073337676,583
121,198,463,0,0.2071917808219178,1.0,0.3432624113475178,0.7004538577912254,0.29954614220877457,0.4079283887468031,0.11282353796157676,584
121,197,464,0,0.20683760683760682,1.0,0.34277620396600567,0.7019667170953101,0.2980332829046899,0.40664961636828645,0.11282185866157678,585
121,196,465,0,0.20648464163822525,1.0,0.34229137199434223,0.7034795763993948,0.29652042360060515,0.4053708439897698,0.11282077307077677,586
121,195,466,0,0.2061328790459966,1.0,0.34180790960451973,0.7049924357034796,0.2950075642965204,0.4040920716112532,0.11282072454047677,587
121,194,467,0,0.20578231292517007,1.0,0.3413258110014104,0.7065052950075643,0.2934947049924357,0.40281329923273657,0.11282044819307677,588
121,193,468,0,0.20543293718166383,1.0,0.3408450704225352,0.708018154311649,0.291981845688351,0.40153452685422,0.11282044087667677,589
121,192,469,0,0.20508474576271185,1.0,0.340365682137834,0.7095310136157338,0.29046898638426627,0.40025575447570333,0.11282023185807677,590
121,191,470,0,0.20473773265651438,1.0,0.3398876404494382,0.7110438729198184,0.28895612708018154,0.3989769820971867,0.11282022591437676,591
121,190,471,0,0.20439189189189189,1.0,0.3394109396914446,0.7125567322239031,0.2874432677760968,0.3976982097186701,0.11282011839857677,592
121,189,472,0,0.20404721753794267,1.0,0.3389355742296919,0.7140695915279879,0.2859304084720121,0.39641943734015345,0.11281995315447677,593
121,188,473,0,0.2037037037037037,1.0,0.3384615384615384,0.7155824508320726,0.2844175491679274,0.39514066496163686,0.11281739550707677,594
121,187,474,0,0.20336134453781513,1.0,0.33798882681564246,0.7170953101361573,0.28290468986384265,0.3938618925831202,0.11281496550467678,595
121,186,475,0,0.20302013422818793,1.0,0.3375174337517434,0.7186081694402421,0.2813918305597579,0.39258312020460356,0.11281415242457676,596
121,185,476,0,0.20268006700167504,1.0,0.3370473537604457,0.7201210287443268,0.27987897125567324,0.391304347826087,0.11281410080867676,597
121,184,477,0,0.20234113712374582,1.0,0.33657858136300417,0.7216338880484114,0.2783661119515885,0.3900255754475703,0.11281248468857677,598
121,183,478,0,0.2020033388981636,1.0,0.3361111111111111,0.7231467473524962,0.27685325264750377,0.3887468030690537,0.11281242358977676,599
121,182,479,0,0.20166666666666666,1.0,0.3356449375866852,0.7246596066565809,0.2753403933434191,0.3874680306905371,0.11281242032497676,600
121,181,480,0,0.20133111480865223,1.0,0.335180055401662,0.7261724659606656,0.27382753403933435,0.38618925831202044,0.11281239217657676,601
121,180,481,0,0.2009966777408638,1.0,0.33471645919778703,0.7276853252647504,0.2723146747352496,0.38491048593350385,0.11281238768537677,602
121,179,482,0,0.20066334991708126,1.0,0.3342541436464088,0.7291981845688351,0.2708018154311649,0.3836317135549872,0.11281233548357678,603
121,178,483,0,0.20033112582781457,1.0,0.33379310344827584,0.7307110438729199,0.2692889561270802,0.38235294117647056,0.11281223765297677,604
121,177,484,0,0.2,1.0,0.33333333333333337,0.7322239031770046,0.26777609682299547,0.38107416879795397,0.11280912009657677,605
121,176,485,0,0.19966996699669967,1.0,0.3328748280605227,0.7337367624810892,0.26626323751891073,0.3797953964194373,0.11280647818947677,606
121,175,486,0,0.19934102141680396,1.0,0.33241758241758246,0.735249621785174,0.264750378214826,0.37851662404092073,0.11280643541177678,607
121,174,487,0,0.19901315789473684,1.0,0.3319615912208505,0.7367624810892587,0.2632375189107413,0.3772378516624041,0.11280643401107678,608
121,173,488,0,0.1986863711001642,1.0,0.33150684931506846,0.7382753403933434,0.2617246596066566,0.37595907928388744,0.11280632868697676,609
121,172,489,0,0.19836065573770492,1.0,0.33105335157318744,0.7397881996974282,0.26021180030257185,0.37468030690537085,0.11280631477517677,610
121,171,490,0,0.19803600654664485,1.0,0.3306010928961749,0.7413010590015129,0.2586989409984871,0.3734015345268542,0.11280630973517677,611
121,170,491,0,0.1977124183006536,1.0,0.330150068212824,0.7428139183055976,0.25718608169440244,0.3721227621483376,0.11280627881197677,612
121,169,492,0,0.19738988580750408,1.0,0.329700272479564,0.7443267776096822,0.2556732223903177,0.37084398976982097,0.09688844376005008,613
121,168,493,0,0.1970684039087948,1.0,0.3292517006802721,0.745839636913767,0.25416036308623297,0.3695652173913043,0.08700708626005008,614
121,167,494,0,0.1967479674796748,1.0,0.328804347826087,0.7473524962178517,0.2526475037821483,0.36828644501278773,0.08345375676005008,615
121,166,495,0,0.19642857142857142,1.0,0.3283582089552239,0.7488653555219364,0.25113464447806355,0.3670076726342711,0.08311946077005009,616
121,165,496,0,0.19611021069692058,1.0,0.32791327913279134,0.7503782148260212,0.24962178517397882,0.3657289002557545,0.08175684343005009,617
121,164,497,0,0.19579288025889968,1.0,0.3274695534506089,0.7518910741301059,0.2481089258698941,0.36445012787723785,0.08168340041005008,618
121,163,498,0,0.19547657512116318,1.0,0.3270270270270271,0.7534039334341907,0.24659606656580937,0.3631713554987212,0.08163413049005008,619
121,162,499,0,0.19516129032258064,1.0,0.32658569500674767,0.7549167927382754,0.24508320726172467,0.3618925831202046,0.08128549416005008,620
121,161,500,0,0.19484702093397746,1.0,0.3261455525606469,0.75642965204236,0.24357034795763993,0.36061381074168797,0.08109698640005009,621
121,160,501,0,0.1945337620578778,1.0,0.32570659488559894,0.7579425113464447,0.24205748865355523,0.3593350383631714,0.08070559771005008,622
121,159,502,0,0.1942215088282504,1.0,0.32526881720430106,0.7594553706505295,0.2405446293494705,0.35805626598465473,0.08065313187005008,623
121,158,503,0,0.19391025641025642,1.0,0.3248322147651007,0.7609682299546142,0.23903177004538578,0.3567774936061381,0.08051262164005009,624
121,157,504,0,0.1936,1.0,0.32439678284182305,0.762481089258699,0.23751891074130105,0.3554987212276215,0.08050012251005008,625
121,156,505,0,0.19329073482428116,1.0,0.3239625167336011,0.7639939485627837,0.23600605143721634,0.35421994884910485,0.08044697594805009,626
121,155,506,0,0.19298245614035087,1.0,0.3235294117647059,0.7655068078668684,0.2344931921331316,0.35294117647058826,0.08038959027005008,627
121,154,507,0,0.1926751592356688,1.0,0.3230974632843792,0.7670196671709532,0.2329803328290469,0.3516624040920716,0.08038889946805008,628
121,153,508,0,0.19236883942766295,1.0,0.3226666666666666,0.7685325264750378,0.2314674735249622,0.35038363171355497,0.08038727924805009,629
121,152,509,0,0.19206349206349208,1.0,0.322237017310253,0.7700453857791225,0.22995461422087746,0.3491048593350384,0.08036611015605008,630
121,151,510,0,0.19175911251980982,1.0,0.3218085106382979,0.7715582450832073,0.22844175491679275,0.34782608695652173,0.08036493104805008,631
121,150,511,0,0.19145569620253164,1.0,0.32138114209827356,0.773071104387292,0.22692889561270801,0.34654731457800514,0.08035747880605008,632
121,149,512,0,0.1911532385466035,1.0,0.32095490716180375,0.7745839636913767,0.2254160363086233,0.3452685421994885,0.08035244202605009,633
121,148,513,0,0.19085173501577288,1.0,0.3205298013245033,0.7760968229954615,0.22390317700453857,0.34398976982097185,0.08035094469105009,634
121,147,514,0,0.19055118110236222,1.0,0.32010582010582017,0.7776096822995462,0.22239031770045387,0.34271099744245526,0.08035084210605008,635
121,146,515,0,0.19025157232704404,1.0,0.31968295904887717,0.7791225416036308,0.22087745839636913,0.3414322250639386,0.08035083642205008,636
121,145,516,0,0.18995290423861852,1.0,0.31926121372031663,0.7806354009077155,0.21936459909228442,0.340153452685422,0.08035073668605008,637
121,144,517,0,0.1896551724137931,1.0,0.3188405797101449,0.7821482602118003,0.2178517397881997,0.3388746803069054,0.08034881222505008,638
121,143,518,0,0.18935837245696402,1.0,0.31842105263157894,0.783661119515885,0.21633888048411498,0.3375959079283887,0.08034855185305008,639
121,142,519,0,0.1890625,1.0,0.3180026281208936,0.7851739788199698,0.21482602118003025,0.33631713554987214,0.08034693356505009,640
121,141,520,0,0.18876755070202808,1.0,0.31758530183727035,0.7866868381240545,0.21331316187594554,0.3350383631713555,0.08034106352605008,641
121,140,521,0,0.18847352024922118,1.0,0.31716906946264745,0.7881996974281392,0.2118003025718608,0.3337595907928389,0.08034089249505008,642
121,139,522,0,0.18818040435458788,1.0,0.3167539267015707,0.789712556732224,0.2102874432677761,0.33248081841432225,0.08033830541405008,643
121,138,523,0,0.18788819875776397,1.0,0.31633986928104574,0.7912254160363086,0.2087745839636914,0.3312020460358056,0.08033826702605008,644
121,137,524,0,0.1875968992248062,1.0,0.31592689295039167,0.7927382753403933,0.20726172465960666,0.329923273657289,0.08033821358805009,645
121,136,525,0,0.1873065015479876,1.0,0.3155149934810952,0.794251134644478,0.20574886535552195,0.32864450127877237,0.08033807866305008,646
121,135,526,0,0.18701700154559506,1.0,0.3151041666666667,0.7957639939485628,0.2042360060514372,0.3273657289002558,0.08033601349505008,647
121,134,527,0,0.1867283950617284,1.0,0.31469440832249673,0.7972768532526475,0.2027231467473525,0.32608695652173914,0.08032964151405009,648
121,133,528,0,0.1864406779661017,1.0,0.3142857142857143,0.7987897125567323,0.20121028744326777,0.3248081841432225,0.08032961641205008,649
121,132,529,0,0.18615384615384614,1.0,0.3138780804150454,0.800302571860817,0.19969742813918306,0.3235294117647059,0.08032959824355008,650
121,131,530,0,0.1858678955453149,1.0,0.31347150259067363,0.8018154311649016,0.19818456883509833,0.32225063938618925,0.08032947291205009,651
121,130,531,0,0.18558282208588958,1.0,0.31306597671410097,0.8033282904689864,0.19667170953101362,0.3209718670076726,0.08032946591205008,652
121,129,532,0,0.18529862174578868,1.0,0.31266149870801035,0.8048411497730711,0.1951588502269289,0.319693094629156,0.08032885547705008,653
121,128,533,0,0.18501529051987767,1.0,0.31225806451612903,0.8063540090771558,0.19364599092284418,0.31841432225063937,0.08032882358785008,654
121,127,534,0,0.18473282442748093,1.0,0.31185567010309284,0.8078668683812406,0.19213313161875945,0.3171355498721228,0.08032371779205008,655
121,126,535,0,0.18445121951219512,1.0,0.3114543114543114,0.8093797276853253,0.19062027231467474,0.31585677749360613,0.08032328740405008,656
121,125,536,0,0.1841704718417047,1.0,0.31105398457583544,0.81089258698941,0.18910741301059,0.3145780051150895,0.08032327532205008,657
121,124,537,0,0.1838905775075988,1.0,0.31065468549422337,0.8124054462934948,0.1875945537065053,0.3132992327365729,0.08032313584705009,658
121,123,538,0,0.18361153262518967,1.0,0.3102564102564102,0.8139183055975794,0.18608169440242056,0.31202046035805625,0.08032313146505009,659
121,122,539,0,0.18333333333333332,1.0,0.30985915492957744,0.8154311649016641,0.18456883509833585,0.31074168797953966,0.08032298201505009,660
121,121,540,0,0.18305597579425115,1.0,0.309462915601023,0.8169440242057489,0.18305597579425115,0.309462915601023,0.08032157157105008,661
121,120,541,0,0.18277945619335348,1.0,0.30906768837803317,0.8184568835098336,0.1815431164901664,0.30818414322250637,0.08031684783105009,662
121,119,542,0,0.18250377073906485,1.0,0.3086734693877551,0.8199697428139183,0.1800302571860817,0.3069053708439898,0.08031661695005009,663
121,118,543,0,0.1822289156626506,1.0,0.30828025477707005,0.8214826021180031,0.17851739788199697,0.30562659846547313,0.08031514067105008,664
121,117,544,0,0.18195488721804512,1.0,0.30788804071246817,0.8229954614220878,0.17700453857791226,0.30434782608695654,0.08031501828305009,665
121,116,545,0,0.1816816816816817,1.0,0.3074968233799238,0.8245083207261724,0.17549167927382753,0.3030690537084399,0.08031447980455009,666
121,115,546,0,0.18140929535232383,1.0,0.30710659898477155,0.8260211800302572,0.17397881996974282,0.30179028132992325,0.08031105463105008,667
121,114,547,0,0.18113772455089822,1.0,0.30671736375158426,0.8275340393343419,0.17246596066565809,0.30051150895140666,0.08031104492205009,668
121,113,548,0,0.18086696562032886,1.0,0.30632911392405066,0.8290468986384266,0.17095310136157338,0.29923273657289,0.08031099258725008,669
121,112,549,0,0.18059701492537314,1.0,0.30594184576485467,0.8305597579425114,0.16944024205748864,0.2979539641943734,0.08031096940255009,670
121,111,550,0,0.18032786885245902,1.0,0.3055555555555556,0.8320726172465961,0.16792738275340394,0.2966751918158568,0.08031096928005008,671
121,110,551,0,0.1800595238095238,1.0,0.3051702395964691,0.8335854765506808,0.1664145234493192,0.29539641943734013,0.08031081958505008,672
121,109,552,0,0.17979197622585438,1.0,0.3047858942065491,0.8350983358547656,0.1649016641452345,0.29411764705882354,0.08031057273705008,673
121,108,553,0,0.1795252225519288,1.0,0.30440251572327043,0.8366111951588502,0.16338880484114976,0.2928388746803069,0.08031047765185008,674
121,107,554,0,0.17925925925925926,1.0,0.30402010050251255,0.8381240544629349,0.16187594553706505,0.2915601023017903,0.08031042088605009,675
121,106,555,0,0.17899408284023668,1.0,0.30363864491844417,0.8396369137670197,0.16036308623298035,0.29028132992327366,0.08031040871305008,676
121,105,556,0,0.17872968980797638,1.0,0.3032581453634085,0.8411497730711044,0.1588502269288956,0.289002557544757,0.08031032620405008,677
121,104,557,0,0.17846607669616518,1.0,0.3028785982478097,0.8426626323751891,0.1573373676248109,0.2877237851662404,0.08031027933205008,678
121,103,558,0,0.17820324005891017,1.0,0.3025,0.8441754916792739,0.15582450832072617,0.2864450127877238,0.08030991404685009,679
121,102,559,0,0.17794117647058824,1.0,0.3021223470661673,0.8456883509833586,0.15431164901664146,0.2851662404092072,0.08030948803105008,680
121,101,560,0,0.1776798825256975,1.0,0.3017456359102244,0.8472012102874432,0.15279878971255673,0.28388746803069054,0.08030830136305009,681
121,100,561,0,0.1774193548387097,1.0,0.3013698630136986,0.848714069591528,0.15128593040847202,0.2826086956521739,0.08030701475605008,682
121,99,562,0,0.17715959004392387,1.0,0.3009950248756219,0.8502269288956127,0.14977307110438728,0.2813299232736573,0.08030689160505008,683
121,98,563,0,0.17690058479532164,1.0,0.30062111801242236,0.8517397881996974,0.14826021180030258,0.28005115089514065,0.08030677073605008,684
121,97,564,0,0.17664233576642335,1.0,0.3002481389578164,0.8532526475037822,0.14674735249621784,0.27877237851662406,0.08030637628605009,685
121,96,565,0,0.17638483965014579,1.0,0.2998760842627014,0.8547655068078669,0.14523449319213314,0.2774936061381074,0.08030351087805009,686
121,95,566,0,0.17612809315866085,1.0,0.2995049504950495,0.8562783661119516,0.1437216338880484,0.27621483375959077,0.08030270839105008,687
121,94,567,0,0.17587209302325582,1.0,0.29913473423980225,0.8577912254160364,0.1422087745839637,0.2749360613810742,0.08030252836505009,688
121,93,568,0,0.17561683599419448,1.0,0.2987654320987654,0.859304084720121,0.14069591527987896,0.27365728900255754,0.08030246827985009,689
121,92,569,0,0.1753623188405797,1.0,0.29839704069050554,0.8608169440242057,0.13918305597579425,0.27237851662404094,0.08030231484405008,690
121,91,570,0,0.17510853835021709,1.0,0.29802955665024633,0.8623298033282905,0.13767019667170954,0.2710997442455243,0.08030226116805009,691
121,90,571,0,0.17485549132947978,1.0,0.2976629766297663,0.8638426626323752,0.1361573373676248,0.26982097186700765,0.08030211338825008,692
121,89,572,0,0.1746031746031746,1.0,0.29729729729729726,0.8653555219364599,0.1346444780635401,0.26854219948849106,0.08030210200905008,693
121,88,573,0,0.17435158501440923,1.0,0.2969325153374233,0.8668683812405447,0.13313161875945537,0.2672634271099744,0.08030195754725009,694
121,87,574,0,0.17410071942446043,1.0,0.2965686274509804,0.8683812405446294,0.13161875945537066,0.2659846547314578,0.08030170315605008,695
121,86,575,0,0.17385057471264367,1.0,0.2962056303549571,0.869894099848714,0.13010590015128592,0.2647058823529412,0.08029829471605009,696
121,85,576,0,0.17360114777618366,1.0,0.2958435207823961,0.8714069591527988,0.12859304084720122,0.26342710997442453,0.08029623141005009,697
121,84,577,0,0.17335243553008595,1.0,0.2954822954822955,0.8729198184568835,0.12708018154311648,0.26214833759590794,0.08029317980205009,698
121,83,578,0,0.17310443490701002,1.0,0.2951219512195122,0.8744326777609682,0.12556732223903178,0.2608695652173913,0.08029284774305008,699
121,82,579,0,0.17285714285714285,1.0,0.29476248477466505,0.875945537065053,0.12405446293494705,0.2595907928388747,0.08029224395805008,700
121,81,580,0,0.17261055634807418,1.0,0.2944038929440389,0.8774583963691377,0.12254160363086233,0.25831202046035806,0.08029221179655008,701
121,80,581,0,0.17236467236467237,1.0,0.29404617253948967,0.8789712556732224,0.12102874432677761,0.2570332480818414,0.08029215624525009,702
121,79,582,0,0.1721194879089616,1.0,0.2936893203883495,0.8804841149773072,0.11951588502269289,0.2557544757033248,0.08029210687705009,703
121,78,583,0,0.171875,1.0,0.29333333333333333,0.8819969742813918,0.11800302571860817,0.2544757033248082,0.08029067551005008,704
121,77,584,0,0.17163120567375886,1.0,0.2929782082324455,0.8835098335854765,0.11649016641452345,0.2531969309462916,0.08029044558805008,705
121,76,585,0,0.17138810198300283,1.0,0.2926239419588876,0.8850226928895613,0.11497730711043873,0.25191815856777494,0.08028774230495009,706
121,75,586,0,0.17114568599717114,1.0,0.29227053140096615,0.886535552193646,0.11346444780635401,0.2506393861892583,0.08028669573705008,707
121,74,587,0,0.1709039548022599,1.0,0.29191797346200243,0.8880484114977307,0.11195158850226929,0.24936061381074168,0.08028376393545009,708
121,73,588,0,0.17066290550070523,1.0,0.29156626506024097,0.8895612708018155,0.11043872919818457,0.24808184143222506,0.08027499775425008,709
121,72,589,0,0.1704225352112676,1.0,0.29121540312876054,0.8910741301059002,0.10892586989409984,0.24680306905370844,0.005359641,710
121,71,590,0,0.170182841068917,1.0,0.2908653846153846,0.8925869894099848,0.10741301059001512,0.24552429667519182,0.00209979518,711
121,70,591,0,0.1699438202247191,1.0,0.290516206482593,0.8940998487140696,0.1059001512859304,0.2442455242966752,0.0009850654799999998,712
121,64,597,0,0.16852367688022285,1.0,0.28843861740166865,0.903177004538578,0.09682299546142209,0.23657289002557544,0.00050237369,718
121,63,598,0,0.16828929068150209,1.0,0.28809523809523807,0.9046898638426626,0.09531013615733737,0.23529411764705882,0.00050236508,719
121,62,599,0,0.16805555555555557,1.0,0.2877526753864447,0.9062027231467473,0.09379727685325265,0.2340153452685422,0.0005023613,720
121,61,600,0,0.1678224687933426,1.0,0.28741092636579574,0.9077155824508321,0.09228441754916793,0.23273657289002558,0.00050235983,721
121,60,601,0,0.16759002770083103,1.0,0.2870699881376038,0.9092284417549168,0.0907715582450832,0.23145780051150894,0.000502349778,722
121,59,602,0,0.1673582295988935,1.0,0.2867298578199052,0.9107413010590015,0.08925869894099848,0.23017902813299232,0.0005023473699999999,723
121,58,603,0,0.1671270718232044,1.0,0.28639053254437863,0.9122541603630863,0.08774583963691376,0.2289002557544757,0.00050234261,724
121,57,604,0,0.16689655172413792,1.0,0.2860520094562648,0.913767019667171,0.08623298033282904,0.22762148337595908,0.000502334945,725
121,56,605,0,0.16666666666666666,1.0,0.2857142857142857,0.9152798789712556,0.08472012102874432,0.22634271099744246,0.00050233113,726
121,55,606,0,0.16643741403026135,1.0,0.28537735849056606,0.9167927382753404,0.0832072617246596,0.22506393861892582,0.00050231412,727
121,54,607,0,0.1662087912087912,1.0,0.28504122497055356,0.9183055975794251,0.08169440242057488,0.2237851662404092,0.000502308828,728
121,53,608,0,0.16598079561042525,1.0,0.2847058823529412,0.9198184568835098,0.08018154311649017,0.22250639386189258,0.000502277538,729
121,52,609,0,0.16575342465753426,1.0,0.28437132784958874,0.9213313161875946,0.07866868381240545,0.22122762148337596,0.0005022640910000001,730
121,51,610,0,0.16552667578659372,1.0,0.28403755868544606,0.9228441754916793,0.07715582450832073,0.21994884910485935,0.000502244491,731
121,50,611,0,0.16530054644808742,1.0,0.28370457209847594,0.924357034795764,0.07564296520423601,0.2186700767263427,0.0005021533089999999,732
121,49,612,0,0.165075034106412,1.0,0.28337236533957844,0.9258698940998488,0.07413010590015129,0.21739130434782608,0.0005020308299999999,733
121,48,613,0,0.164850136239782,1.0,0.2830409356725146,0.9273827534039334,0.07261724659606657,0.21611253196930946,0.0005017557999999999,734
121,47,614,0,0.16462585034013605,1.0,0.2827102803738318,0.9288956127080181,0.07110438729198185,0.21483375959079284,0.000501207119,735
121,46,615,0,0.1644021739130435,1.0,0.2823803967327888,0.9304084720121029,0.06959152798789713,0.21355498721227623,0.00050118495,736
121,45,616,0,0.16417910447761194,1.0,0.28205128205128205,0.9319213313161876,0.0680786686838124,0.21227621483375958,0.00049596939,737
121,44,617,0,0.16395663956639567,1.0,0.2817229336437718,0.9334341906202723,0.06656580937972768,0.21099744245524296,0.00047982836999999995,738
121,43,618,0,0.16373477672530445,1.0,0.2813953488372093,0.9349470499243571,0.06505295007564296,0.20971867007672634,0.00042980702099999996,739
121,42,619,0,0.1635135135135135,1.0,0.28106852497096396,0.9364599092284418,0.06354009077155824,0.20843989769820973,0.000328234291,740
121,41,620,0,0.1632928475033738,1.0,0.2807424593967517,0.9379727685325264,0.06202723146747353,0.2071611253196931,0.000259141624,741
121,40,621,0,0.16307277628032346,1.0,0.28041714947856317,0.9394856278366112,0.060514372163388806,0.20588235294117646,0.000256733064,742
121,39,622,0,0.16285329744279947,1.0,0.2800925925925926,0.9409984871406959,0.059001512859304085,0.20460358056265984,0.00024998785,743
121,38,623,0,0.16263440860215053,1.0,0.2797687861271676,0.9425113464447806,0.057488653555219364,0.20332480818414322,0.000247773939,744
121,37,624,0,0.16241610738255033,1.0,0.279445727482679,0.9440242057488654,0.05597579425113464,0.2020460358056266,0.00022734838,745
121,36,625,0,0.16219839142091153,1.0,0.279123414071511,0.9455370650529501,0.05446293494704992,0.20076726342711,0.00022096440099999998,746
121,35,626,0,0.16198125836680052,1.0,0.2788018433179723,0.9470499243570348,0.0529500756429652,0.19948849104859334,0.000178271821,747
121,34,627,0,0.16176470588235295,1.0,0.27848101265822783,0.9485627836611196,0.05143721633888049,0.19820971867007672,0.000158876732,748
121,33,628,0,0.16154873164218958,1.0,0.27816091954022987,0.9500756429652042,0.049924357034795766,0.1969309462915601,0.000158614722,749
121,32,629,0,0.16133333333333333,1.0,0.27784156142365096,0.9515885022692889,0.048411497730711045,0.1956521739130435,0.000150415671,750
121,31,630,0,0.1611185086551265,1.0,0.2775229357798165,0.9531013615733737,0.046898638426626324,0.19437340153452684,0.00014692558999999998,751
121,30,631,0,0.16090425531914893,1.0,0.27720504009163804,0.9546142208774584,0.0453857791225416,0.19309462915601022,0.000146894622,752
121,29,632,0,0.16069057104913678,1.0,0.2768878718535469,0.9561270801815431,0.04387291981845688,0.1918158567774936,0.000146890009,753
121,28,633,0,0.16047745358090185,1.0,0.2765714285714285,0.9576399394856279,0.04236006051437216,0.19053708439897699,0.000146859202,754
121,27,634,0,0.16026490066225166,1.0,0.2762557077625571,0.9591527987897126,0.04084720121028744,0.18925831202046037,0.00014682475499999998,755
121,26,635,0,0.16005291005291006,1.0,0.27594070695553025,0.9606656580937972,0.039334341906202726,0.18797953964194372,0.00014679884799999999,756
121,25,636,0,0.15984147952443858,1.0,0.27562642369020507,0.962178517397882,0.037821482602118005,0.1867007672634271,0.00014655801999999998,757
121,24,637,0,0.15963060686015831,1.0,0.2753128555176337,0.9636913767019667,0.036308623298033284,0.18542199488491048,0.000146517931,758
121,23,638,0,0.15942028985507245,1.0,0.27499999999999997,0.9652042360060514,0.03479576399394856,0.18414322250639387,0.000118739481,759
121,22,639,0,0.15921052631578947,1.0,0.2746878547105562,0.9667170953101362,0.03328290468986384,0.18286445012787725,0.00011682725599999998,760
121,21,640,0,0.1590013140604468,1.0,0.2743764172335601,0.9682299546142209,0.03177004538577912,0.1815856777493606,0.00011041838499999998,761
121,20,641,0,0.15879265091863518,1.0,0.2740656851642129,0.9697428139183056,0.030257186081694403,0.18030690537084398,0.00010315501,762
121,19,642,0,0.15858453473132372,1.0,0.2737556561085973,0.9712556732223904,0.028744326777609682,0.17902813299232737,0.000101233237,763
121,18,643,0,0.15837696335078533,1.0,0.27344632768361576,0.972768532526475,0.02723146747352496,0.17774936061381075,0.000100712654,764
121,17,644,0,0.15816993464052287,1.0,0.27313769751693,0.9742813918305597,0.025718608169440244,0.17647058823529413,9.523279500000001e-05,765
121,16,645,0,0.15796344647519583,1.0,0.27282976324689967,0.9757942511346445,0.024205748865355523,0.17519181585677748,9.5199195e-05,766
121,15,646,0,0.1577574967405476,1.0,0.27252252252252257,0.9773071104387292,0.0226928895612708,0.17391304347826086,9.2892198e-05,767
121,14,647,0,0.15755208333333334,1.0,0.27221597300337463,0.9788199697428139,0.02118003025718608,0.17263427109974425,7.8164912e-05,768
121,13,648,0,0.15734720416124837,1.0,0.27191011235955054,0.9803328290468987,0.019667170953101363,0.17135549872122763,6.720110249999999e-05,769
121,12,649,0,0.15714285714285714,1.0,0.271604938271605,0.9818456883509834,0.018154311649016642,0.170076726342711,6.4896405e-05,770
121,11,650,0,0.1569390402075227,1.0,0.2713004484304933,0.983358547655068,0.01664145234493192,0.16879795396419436,6.1130321e-05,771
121,10,651,0,0.1567357512953368,1.0,0.270996640537514,0.9848714069591528,0.015128593040847202,0.16751918158567775,5.7427034e-05,772
121,9,652,0,0.15653298835705046,1.0,0.27069351230425054,0.9863842662632375,0.01361573373676248,0.16624040920716113,5.56830505e-05,773
121,8,653,0,0.15633074935400518,1.0,0.270391061452514,0.9878971255673222,0.012102874432677761,0.1649616368286445,5.54166522e-05,774
121,7,654,0,0.15612903225806452,1.0,0.2700892857142857,0.989409984871407,0.01059001512859304,0.1636828644501279,5.1481086999999995e-05,775
121,6,655,0,0.1559278350515464,1.0,0.2697881828316611,0.9909228441754917,0.009077155824508321,0.16240409207161124,4.9970619999999994e-05,776
121,5,656,0,0.15572715572715573,1.0,0.26948775055679286,0.9924357034795764,0.007564296520423601,0.16112531969309463,4.9833189e-05,777
121,4,657,0,0.15552699228791775,1.0,0.2691879866518354,0.9939485627836612,0.006051437216338881,0.159846547314578,4.8374899999999997e-05,778
121,3,658,0,0.15532734274711169,1.0,0.26888888888888884,0.9954614220877458,0.0045385779122541605,0.1585677749360614,4.5037418999999995e-05,779
121,2,659,0,0.15512820512820513,1.0,0.26859045504994455,0.9969742813918305,0.0030257186081694403,0.15728900255754474,3.88417645e-05,780
121,1,660,0,0.15492957746478872,1.0,0.26829268292682923,0.9984871406959153,0.0015128593040847202,0.15601023017902813,3.57908208e-05,781
121,0,661,0,0.1547314578005115,1.0,0.26799557032115173,1.0,0.0,0.1547314578005115,3.1918793899999995e-05,782
