sequence_id,segment_id,start_timestamp,end_timestamp,start_event_id,end_event_id,event_count,benign_event_count,malicious_event_count,sequence_label,y
0,20260508_211655_create_user_Tyu1u6,1778300214.240000,1778300214.327000,10978,11027,50,50,0,benign,0
1,20260508_211655_create_user_Tyu1u6,1778300214.242000,1778300214.437000,10988,11037,50,50,0,benign,0
2,20260508_211655_create_user_Tyu1u6,1778300214.242000,1778300214.438000,10998,11047,50,50,0,benign,0
3,20260508_211655_create_user_Tyu1u6,1778300214.246000,1778300214.461000,11008,11057,50,50,0,benign,0
4,20260508_211655_create_user_Tyu1u6,1778300214.250000,1778300214.463000,11018,11067,50,50,0,benign,0
5,20260508_211655_create_user_Tyu1u6,1778300214.327000,1778300214.478000,11028,11077,50,50,0,benign,0
6,20260508_211655_create_user_Tyu1u6,1778300214.438000,1778300214.490000,11038,11087,50,50,0,benign,0
7,20260508_211655_create_user_Tyu1u6,1778300214.438000,1778300214.756000,11048,11097,50,50,0,benign,0
8,20260508_211655_create_user_Tyu1u6,1778300214.461000,1778300214.765000,11058,11107,50,50,0,benign,0
9,20260508_211655_create_user_Tyu1u6,1778300214.463000,1778300214.776000,11068,11117,50,50,0,benign,0
10,20260508_211655_create_user_Tyu1u6,1778300214.479000,1778300214.782000,11078,11127,50,50,0,benign,0
11,20260508_211655_create_user_Tyu1u6,1778300214.493000,1778300214.795000,11088,11137,50,50,0,benign,0
12,20260508_211655_create_user_Tyu1u6,1778300214.756000,1778300214.799000,11098,11147,50,50,0,benign,0
13,20260508_211655_create_user_Tyu1u6,1778300214.765000,1778300214.807000,11108,11157,50,50,0,benign,0
14,20260508_211655_create_user_Tyu1u6,1778300214.777000,1778300214.810000,11118,11167,50,50,0,benign,0
15,20260508_211655_create_user_Tyu1u6,1778300214.784000,1778300214.840000,11128,11177,50,50,0,benign,0
16,20260508_211655_create_user_Tyu1u6,1778300214.796000,1778300214.942000,11138,11187,50,50,0,benign,0
17,20260508_211655_create_user_Tyu1u6,1778300214.800000,1778300214.950000,11148,11197,50,50,0,benign,0
18,20260508_211655_create_user_Tyu1u6,1778300214.808000,1778300214.966000,11158,11207,50,50,0,benign,0
19,20260508_211655_create_user_Tyu1u6,1778300214.810000,1778300214.986000,11168,11217,50,50,0,benign,0
20,20260508_211655_create_user_Tyu1u6,1778300214.840000,1778300214.994000,11178,11227,50,50,0,benign,0
21,20260508_211655_create_user_Tyu1u6,1778300214.942000,1778300215.004000,11188,11237,50,50,0,benign,0
22,20260508_211655_create_user_Tyu1u6,1778300214.957000,1778300215.016000,11198,11247,50,50,0,benign,0
23,20260508_211655_create_user_Tyu1u6,1778300214.966000,1778300215.026000,11208,11257,50,50,0,benign,0
24,20260508_211655_create_user_Tyu1u6,1778300214.987000,1778300215.035000,11218,11267,50,50,0,benign,0
25,20260508_211655_create_user_Tyu1u6,1778300214.995000,1778300215.041000,11228,11277,50,50,0,benign,0
26,20260508_211655_create_user_Tyu1u6,1778300215.005000,1778300215.044000,11238,11287,50,50,0,benign,0
27,20260508_211655_create_user_Tyu1u6,1778300215.017000,1778300215.052000,11248,11297,50,50,0,benign,0
28,20260508_211655_create_user_Tyu1u6,1778300215.026000,1778300215.142000,11258,11309,50,50,0,benign,0
29,20260508_211655_create_user_Tyu1u6,1778300215.036000,1778300215.244000,11268,11319,50,50,0,benign,0
30,20260508_211655_create_user_Tyu1u6,1778300215.041000,1778300215.252000,11278,11330,50,50,0,benign,0
31,20260508_211655_create_user_Tyu1u6,1778300215.046000,1778300215.256000,11288,11340,50,50,0,benign,0
32,20260508_211655_create_user_Tyu1u6,1778300215.053000,1778300215.256000,11300,11350,50,50,0,benign,0
33,20260508_211655_create_user_Tyu1u6,1778300215.142000,1778300215.258000,11310,11360,50,50,0,benign,0
34,20260508_211655_create_user_Tyu1u6,1778300215.244000,1778300215.263000,11320,11370,50,50,0,benign,0
35,20260508_211655_create_user_Tyu1u6,1778300215.252000,1778300215.269000,11331,11382,50,50,0,benign,0
36,20260508_211655_create_user_Tyu1u6,1778300215.256000,1778300215.288000,11341,11392,50,50,0,benign,0
37,20260508_211655_create_user_Tyu1u6,1778300215.256000,1778300215.293000,11351,11402,50,50,0,benign,0
38,20260508_211655_create_user_Tyu1u6,1778300215.258000,1778300215.303000,11361,11412,50,50,0,benign,0
39,20260508_211655_create_user_Tyu1u6,1778300215.263000,1778300215.320000,11371,11422,50,50,0,benign,0
40,20260508_211655_create_user_Tyu1u6,1778300215.269000,1778300215.332000,11383,11432,50,50,0,benign,0
41,20260508_211655_create_user_Tyu1u6,1778300215.288000,1778300215.339000,11393,11442,50,50,0,benign,0
42,20260508_211655_create_user_Tyu1u6,1778300215.294000,1778300215.348000,11403,11452,50,50,0,benign,0
43,20260508_211655_create_user_Tyu1u6,1778300215.306000,1778300215.351000,11413,11464,50,50,0,benign,0
44,20260508_211655_create_user_Tyu1u6,1778300215.322000,1778300215.370000,11423,11474,50,50,0,benign,0
45,20260508_211655_create_user_Tyu1u6,1778300215.332000,1778300215.378000,11433,11484,50,50,0,benign,0
46,20260508_211655_create_user_Tyu1u6,1778300215.340000,1778300215.380000,11443,11494,50,50,0,benign,0
47,20260508_211655_create_user_Tyu1u6,1778300215.349000,1778300215.385000,11453,11504,50,50,0,benign,0
48,20260508_211655_create_user_Tyu1u6,1778300215.351000,1778300215.385000,11465,11514,50,50,0,benign,0
49,20260508_211655_create_user_Tyu1u6,1778300215.372000,1778300215.386000,11475,11526,50,50,0,benign,0
50,20260508_211655_create_user_Tyu1u6,1778300215.379000,1778300215.395000,11485,11540,50,50,0,benign,0
51,20260508_211655_create_user_Tyu1u6,1778300215.380000,1778300215.407000,11495,11550,50,50,0,benign,0
52,20260508_211655_create_user_Tyu1u6,1778300215.385000,1778300215.411000,11505,11560,50,40,10,malicious,1
53,20260508_211655_create_user_Tyu1u6,1778300215.385000,1778300215.411000,11515,11570,50,30,20,malicious,1
54,20260508_211655_create_user_Tyu1u6,1778300215.387000,1778300215.415000,11529,11580,50,20,30,malicious,1
55,20260508_211655_create_user_Tyu1u6,1778300215.398000,1778300215.416000,11541,11592,50,10,40,malicious,1
56,20260508_211655_create_user_Tyu1u6,1778300215.408000,1778300215.428000,11551,11604,50,3,47,malicious,1
57,20260508_211655_create_user_Tyu1u6,1778300215.411000,1778300215.431000,11561,11614,50,3,47,malicious,1
58,20260508_211655_create_user_Tyu1u6,1778300215.414000,1778300215.434000,11571,11624,50,3,47,malicious,1
59,20260508_211655_create_user_Tyu1u6,1778300215.415000,1778300215.438000,11581,11634,50,3,47,malicious,1
60,20260508_211655_create_user_Tyu1u6,1778300215.416000,1778300215.441000,11593,11646,50,3,47,malicious,1
61,20260508_211655_create_user_Tyu1u6,1778300215.428000,1778300215.445000,11605,11656,50,0,50,malicious,1
62,20260508_211655_create_user_Tyu1u6,1778300215.432000,1778300215.449000,11615,11666,50,0,50,malicious,1
63,20260508_211655_create_user_Tyu1u6,1778300215.434000,1778300215.452000,11625,11676,50,0,50,malicious,1
64,20260508_211655_create_user_Tyu1u6,1778300215.438000,1778300215.455000,11635,11686,50,0,50,malicious,1
65,20260508_211655_create_user_Tyu1u6,1778300215.441000,1778300215.457000,11647,11696,50,0,50,malicious,1
66,20260508_211655_create_user_Tyu1u6,1778300215.446000,1778300215.458000,11657,11707,50,0,50,malicious,1
67,20260508_211655_create_user_Tyu1u6,1778300215.449000,1778300215.464000,11667,11719,50,1,49,malicious,1
68,20260508_211655_create_user_Tyu1u6,1778300215.452000,1778300215.464000,11677,11729,50,1,49,malicious,1
69,20260508_211655_create_user_Tyu1u6,1778300215.455000,1778300215.468000,11687,11739,50,1,49,malicious,1
70,20260508_211655_create_user_Tyu1u6,1778300215.457000,1778300215.470000,11697,11750,50,1,49,malicious,1
71,20260508_211655_create_user_Tyu1u6,1778300215.458000,1778300215.472000,11708,11763,50,2,48,malicious,1
72,20260508_211655_create_user_Tyu1u6,1778300215.464000,1778300215.493000,11720,11773,50,11,39,malicious,1
73,20260508_211655_create_user_Tyu1u6,1778300215.464000,1778300215.499000,11730,11786,50,15,35,malicious,1
74,20260508_211655_create_user_Tyu1u6,1778300215.468000,1778300215.500000,11740,11796,50,15,35,malicious,1
75,20260508_211655_create_user_Tyu1u6,1778300215.470000,1778300215.507000,11751,11806,50,15,35,malicious,1
76,20260508_211655_create_user_Tyu1u6,1778300215.474000,1778300215.508000,11764,11817,50,14,36,malicious,1
77,20260508_211655_create_user_Tyu1u6,1778300215.493000,1778300215.514000,11774,11830,50,7,43,malicious,1
78,20260508_211655_create_user_Tyu1u6,1778300215.499000,1778300215.520000,11787,11842,50,7,43,malicious,1
79,20260508_211655_create_user_Tyu1u6,1778300215.500000,1778300215.520000,11797,11852,50,7,43,malicious,1
80,20260508_211655_create_user_Tyu1u6,1778300215.507000,1778300215.526000,11807,11862,50,7,43,malicious,1
81,20260508_211655_create_user_Tyu1u6,1778300215.508000,1778300215.527000,11818,11873,50,7,43,malicious,1
82,20260508_211655_create_user_Tyu1u6,1778300215.514000,1778300215.532000,11831,11886,50,7,43,malicious,1
83,20260508_211655_create_user_Tyu1u6,1778300215.520000,1778300215.541000,11843,11898,50,9,41,malicious,1
84,20260508_211655_create_user_Tyu1u6,1778300215.520000,1778300215.542000,11853,11908,50,9,41,malicious,1
85,20260508_211655_create_user_Tyu1u6,1778300215.526000,1778300215.547000,11863,11918,50,9,41,malicious,1
86,20260508_211655_create_user_Tyu1u6,1778300215.527000,1778300215.547000,11874,11928,50,9,41,malicious,1
87,20260508_211655_create_user_Tyu1u6,1778300215.533000,1778300215.549000,11887,11942,50,6,44,malicious,1
88,20260508_211655_create_user_Tyu1u6,1778300215.541000,1778300215.559000,11899,11954,50,4,46,malicious,1
89,20260508_211655_create_user_Tyu1u6,1778300215.542000,1778300215.559000,11909,11964,50,4,46,malicious,1
90,20260508_211655_create_user_Tyu1u6,1778300215.547000,1778300215.564000,11919,11974,50,4,46,malicious,1
91,20260508_211655_create_user_Tyu1u6,1778300215.547000,1778300215.564000,11929,11984,50,4,46,malicious,1
92,20260508_211655_create_user_Tyu1u6,1778300215.549000,1778300215.566000,11943,11998,50,4,46,malicious,1
93,20260508_211655_create_user_Tyu1u6,1778300215.559000,1778300215.577000,11955,12010,50,4,46,malicious,1
94,20260508_211655_create_user_Tyu1u6,1778300215.560000,1778300215.577000,11965,12020,50,4,46,malicious,1
95,20260508_211655_create_user_Tyu1u6,1778300215.564000,1778300215.582000,11975,12030,50,4,46,malicious,1
96,20260508_211655_create_user_Tyu1u6,1778300215.564000,1778300215.583000,11986,12041,50,4,46,malicious,1
97,20260508_211655_create_user_Tyu1u6,1778300215.567000,1778300215.585000,11999,12054,50,5,45,malicious,1
98,20260508_211655_create_user_Tyu1u6,1778300215.577000,1778300215.591000,12011,12066,50,3,47,malicious,1
99,20260508_211655_create_user_Tyu1u6,1778300215.577000,1778300215.598000,12021,12076,50,12,38,malicious,1
100,20260508_211655_create_user_Tyu1u6,1778300215.582000,1778300215.611000,12031,12088,50,22,28,malicious,1
101,20260508_211655_create_user_Tyu1u6,1778300215.583000,1778300215.616000,12042,12098,50,32,18,malicious,1
102,20260508_211655_create_user_Tyu1u6,1778300215.586000,1778300215.717000,12055,12108,50,41,9,malicious,1
103,20260508_211655_create_user_Tyu1u6,1778300215.592000,1778300215.732000,12067,12119,50,49,1,benign,0
104,20260508_211655_create_user_Tyu1u6,1778300215.598000,1778300215.741000,12077,12131,50,50,0,benign,0
105,20260508_211655_create_user_Tyu1u6,1778300215.614000,1778300215.755000,12089,12141,50,50,0,benign,0
106,20260508_211655_create_user_Tyu1u6,1778300215.616000,1778300215.767000,12099,12151,50,50,0,benign,0
107,20260508_211655_create_user_Tyu1u6,1778300215.717000,1778300215.777000,12109,12161,50,50,0,benign,0
108,20260508_211655_create_user_Tyu1u6,1778300215.732000,1778300215.789000,12120,12171,50,50,0,benign,0
109,20260508_211655_create_user_Tyu1u6,1778300215.741000,1778300215.795000,12132,12181,50,50,0,benign,0
110,20260508_211655_create_user_Tyu1u6,1778300215.756000,1778300215.806000,12142,12191,50,50,0,benign,0
111,20260508_211655_create_user_Tyu1u6,1778300215.767000,1778300215.809000,12152,12203,50,50,0,benign,0
112,20260508_211655_create_user_Tyu1u6,1778300215.778000,1778300215.822000,12162,12213,50,50,0,benign,0
113,20260508_211655_create_user_Tyu1u6,1778300215.790000,1778300215.837000,12172,12225,50,50,0,benign,0
114,20260508_211655_create_user_Tyu1u6,1778300215.797000,1778300215.941000,12182,12235,50,50,0,benign,0
115,20260508_211655_create_user_Tyu1u6,1778300215.806000,1778300215.941000,12192,12245,50,50,0,benign,0
116,20260508_211655_create_user_Tyu1u6,1778300215.809000,1778300215.964000,12204,12257,50,50,0,benign,0
117,20260508_211655_create_user_Tyu1u6,1778300215.822000,1778300215.965000,12214,12268,50,50,0,benign,0
118,20260508_211655_create_user_Tyu1u6,1778300215.837000,1778300215.984000,12226,12278,50,50,0,benign,0
119,20260508_211655_create_user_Tyu1u6,1778300215.941000,1778300215.993000,12236,12288,50,50,0,benign,0
120,20260508_211655_create_user_Tyu1u6,1778300215.949000,1778300216.004000,12247,12298,50,50,0,benign,0
121,20260508_211655_create_user_Tyu1u6,1778300215.964000,1778300216.016000,12258,12308,50,50,0,benign,0
122,20260508_211655_create_user_Tyu1u6,1778300215.966000,1778300216.024000,12269,12318,50,50,0,benign,0
123,20260508_211655_create_user_Tyu1u6,1778300215.985000,1778300216.032000,12279,12328,50,50,0,benign,0
124,20260508_211655_create_user_Tyu1u6,1778300215.995000,1778300216.037000,12289,12340,50,50,0,benign,0
125,20260508_211655_create_user_Tyu1u6,1778300216.005000,1778300216.047000,12299,12352,50,50,0,benign,0
126,20260508_211655_create_user_Tyu1u6,1778300216.016000,1778300216.060000,12309,12362,50,50,0,benign,0
127,20260508_211655_create_user_Tyu1u6,1778300216.025000,1778300216.165000,12319,12372,50,50,0,benign,0
128,20260508_211655_create_user_Tyu1u6,1778300216.032000,1778300216.172000,12329,12383,50,50,0,benign,0
129,20260508_211655_create_user_Tyu1u6,1778300216.038000,1778300216.189000,12341,12395,50,50,0,benign,0
130,20260508_211655_create_user_Tyu1u6,1778300216.047000,1778300216.203000,12353,12405,50,50,0,benign,0
131,20260508_211655_create_user_Tyu1u6,1778300216.062000,1778300216.211000,12363,12415,50,50,0,benign,0
132,20260508_211655_create_user_Tyu1u6,1778300216.165000,1778300216.221000,12373,12425,50,50,0,benign,0
133,20260508_211655_create_user_Tyu1u6,1778300216.172000,1778300216.231000,12384,12435,50,50,0,benign,0
134,20260508_211655_create_user_Tyu1u6,1778300216.189000,1778300216.240000,12396,12445,50,50,0,benign,0
135,20260508_211655_create_user_Tyu1u6,1778300216.204000,1778300216.250000,12406,12455,50,50,0,benign,0
136,20260508_211655_create_user_Tyu1u6,1778300216.212000,1778300216.255000,12416,12466,50,50,0,benign,0
137,20260508_211655_create_user_Tyu1u6,1778300216.222000,1778300216.263000,12426,12477,50,50,0,benign,0
138,20260508_211655_create_user_Tyu1u6,1778300216.232000,1778300216.268000,12436,12487,50,50,0,benign,0
139,20260508_211655_create_user_Tyu1u6,1778300216.240000,1778300216.307000,12446,12497,50,50,0,benign,0
140,20260508_211655_create_user_Tyu1u6,1778300216.252000,1778300216.410000,12456,12507,50,50,0,benign,0
141,20260508_211655_create_user_Tyu1u6,1778300216.256000,1778300216.418000,12467,12517,50,50,0,benign,0
142,20260508_211655_create_user_Tyu1u6,1778300216.265000,1778300216.434000,12478,12527,50,50,0,benign,0
143,20260508_211655_create_user_Tyu1u6,1778300216.268000,1778300216.434000,12488,12537,50,50,0,benign,0
144,20260508_211655_create_user_Tyu1u6,1778300216.309000,1778300216.451000,12498,12547,50,50,0,benign,0
145,20260508_211655_create_user_Tyu1u6,1778300216.410000,1778300216.459000,12508,12557,50,50,0,benign,0
146,20260508_211655_create_user_Tyu1u6,1778300216.418000,1778300216.472000,12518,12567,50,50,0,benign,0
147,20260508_211655_create_user_Tyu1u6,1778300216.434000,1778300216.483000,12528,12577,50,50,0,benign,0
148,20260508_211655_create_user_Tyu1u6,1778300216.435000,1778300216.490000,12538,12587,50,50,0,benign,0
149,20260508_211655_create_user_Tyu1u6,1778300216.452000,1778300216.498000,12548,12597,50,50,0,benign,0
150,20260508_211655_create_user_Tyu1u6,1778300216.463000,1778300216.501000,12558,12607,50,50,0,benign,0
151,20260508_211655_create_user_Tyu1u6,1778300216.473000,1778300216.509000,12568,12617,50,50,0,benign,0
152,20260508_211655_create_user_Tyu1u6,1778300216.483000,1778300216.855000,12578,12627,50,50,0,benign,0
153,20260508_211655_create_user_Tyu1u6,1778300216.492000,1778300216.858000,12588,12637,50,50,0,benign,0
154,20260508_211658_root_dirtyfrag_t1hRDK,1778300216.959000,1778300217.049000,12639,12688,50,50,0,benign,0
155,20260508_211658_root_dirtyfrag_t1hRDK,1778300216.960000,1778300217.051000,12649,12698,50,50,0,benign,0
156,20260508_211658_root_dirtyfrag_t1hRDK,1778300216.968000,1778300217.052000,12659,12708,50,50,0,benign,0
157,20260508_211658_root_dirtyfrag_t1hRDK,1778300217.010000,1778300217.053000,12669,12718,50,50,0,benign,0
158,20260508_211658_root_dirtyfrag_t1hRDK,1778300217.032000,1778300217.055000,12679,12728,50,50,0,benign,0
159,20260508_211658_root_dirtyfrag_t1hRDK,1778300217.049000,1778300217.056000,12689,12738,50,50,0,benign,0
160,20260508_211658_root_dirtyfrag_t1hRDK,1778300217.051000,1778300217.082000,12699,12748,50,50,0,benign,0
161,20260508_211658_root_dirtyfrag_t1hRDK,1778300217.052000,1778300217.158000,12709,12758,50,50,0,benign,0
162,20260508_211658_root_dirtyfrag_t1hRDK,1778300217.053000,1778300217.165000,12719,12768,50,50,0,benign,0
163,20260508_211658_root_dirtyfrag_t1hRDK,1778300217.055000,1778300217.173000,12729,12778,50,50,0,benign,0
164,20260508_211658_root_dirtyfrag_t1hRDK,1778300217.056000,1778300217.190000,12739,12788,50,50,0,benign,0
165,20260508_211658_root_dirtyfrag_t1hRDK,1778300217.084000,1778300217.203000,12749,12798,50,50,0,benign,0
166,20260508_211658_root_dirtyfrag_t1hRDK,1778300217.159000,1778300217.214000,12759,12808,50,50,0,benign,0
167,20260508_211658_root_dirtyfrag_t1hRDK,1778300217.166000,1778300217.225000,12769,12818,50,50,0,benign,0
168,20260508_211658_root_dirtyfrag_t1hRDK,1778300217.175000,1778300217.232000,12779,12828,50,50,0,benign,0
169,20260508_211658_root_dirtyfrag_t1hRDK,1778300217.191000,1778300217.243000,12789,12838,50,50,0,benign,0
170,20260508_211658_root_dirtyfrag_t1hRDK,1778300217.204000,1778300217.247000,12799,12848,50,50,0,benign,0
171,20260508_211658_root_dirtyfrag_t1hRDK,1778300217.215000,1778300217.303000,12809,12858,50,50,0,benign,0
172,20260508_211658_root_dirtyfrag_t1hRDK,1778300217.226000,1778300217.305000,12819,12868,50,50,0,benign,0
173,20260508_211658_root_dirtyfrag_t1hRDK,1778300217.234000,1778300217.340000,12829,12878,50,50,0,benign,0
174,20260508_211658_root_dirtyfrag_t1hRDK,1778300217.243000,1778300217.440000,12839,12888,50,50,0,benign,0
175,20260508_211658_root_dirtyfrag_t1hRDK,1778300217.247000,1778300217.448000,12849,12898,50,50,0,benign,0
176,20260508_211658_root_dirtyfrag_t1hRDK,1778300217.303000,1778300217.490000,12859,12908,50,50,0,benign,0
177,20260508_211658_root_dirtyfrag_t1hRDK,1778300217.305000,1778300217.490000,12869,12918,50,50,0,benign,0
178,20260508_211658_root_dirtyfrag_t1hRDK,1778300217.340000,1778300217.510000,12879,12928,50,50,0,benign,0
179,20260508_211658_root_dirtyfrag_t1hRDK,1778300217.440000,1778300217.521000,12889,12937,50,50,0,benign,0
180,20260508_211658_root_dirtyfrag_t1hRDK,1778300217.448000,1778300217.533000,12899,12948,50,50,0,benign,0
181,20260508_211658_root_dirtyfrag_t1hRDK,1778300217.490000,1778300217.545000,12909,12958,50,50,0,benign,0
182,20260508_211658_root_dirtyfrag_t1hRDK,1778300217.491000,1778300217.553000,12919,12968,50,50,0,benign,0
183,20260508_211658_root_dirtyfrag_t1hRDK,1778300217.512000,1778300217.563000,12929,12978,50,50,0,benign,0
184,20260508_211658_root_dirtyfrag_t1hRDK,1778300217.523000,1778300217.565000,12938,12988,50,50,0,benign,0
185,20260508_211658_root_dirtyfrag_t1hRDK,1778300217.534000,1778300217.616000,12949,12998,50,50,0,benign,0
186,20260508_211658_root_dirtyfrag_t1hRDK,1778300217.546000,1778300217.705000,12959,13010,50,50,0,benign,0
187,20260508_211658_root_dirtyfrag_t1hRDK,1778300217.554000,1778300217.707000,12969,13020,50,50,0,benign,0
188,20260508_211658_root_dirtyfrag_t1hRDK,1778300217.563000,1778300217.808000,12979,13030,50,50,0,benign,0
189,20260508_211658_root_dirtyfrag_t1hRDK,1778300217.565000,1778300217.844000,12989,13042,50,50,0,benign,0
190,20260508_211658_root_dirtyfrag_t1hRDK,1778300217.616000,1778300217.859000,12999,13055,50,50,0,benign,0
191,20260508_211658_root_dirtyfrag_t1hRDK,1778300217.705000,1778300217.873000,13011,13065,50,50,0,benign,0
192,20260508_211658_root_dirtyfrag_t1hRDK,1778300217.807000,1778300217.884000,13021,13075,50,50,0,benign,0
193,20260508_211658_root_dirtyfrag_t1hRDK,1778300217.808000,1778300217.894000,13031,13085,50,50,0,benign,0
194,20260508_211658_root_dirtyfrag_t1hRDK,1778300217.857000,1778300217.905000,13045,13095,50,50,0,benign,0
195,20260508_211658_root_dirtyfrag_t1hRDK,1778300217.859000,1778300217.912000,13056,13105,50,50,0,benign,0
196,20260508_211658_root_dirtyfrag_t1hRDK,1778300217.875000,1778300217.923000,13066,13115,50,50,0,benign,0
197,20260508_211658_root_dirtyfrag_t1hRDK,1778300217.884000,1778300217.926000,13077,13127,50,50,0,benign,0
198,20260508_211658_root_dirtyfrag_t1hRDK,1778300217.895000,1778300217.994000,13086,13137,50,50,0,benign,0
199,20260508_211658_root_dirtyfrag_t1hRDK,1778300217.907000,1778300217.999000,13096,13147,50,50,0,benign,0
200,20260508_211658_root_dirtyfrag_t1hRDK,1778300217.914000,1778300218.004000,13106,13157,50,50,0,benign,0
201,20260508_211658_root_dirtyfrag_t1hRDK,1778300217.924000,1778300218.014000,13116,13167,50,50,0,benign,0
202,20260508_211658_root_dirtyfrag_t1hRDK,1778300217.926000,1778300218.021000,13128,13177,50,50,0,benign,0
203,20260508_211658_root_dirtyfrag_t1hRDK,1778300217.995000,1778300218.028000,13138,13187,50,45,5,malicious,1
204,20260508_211658_root_dirtyfrag_t1hRDK,1778300218.000000,1778300218.029000,13148,13197,50,35,15,malicious,1
205,20260508_211658_root_dirtyfrag_t1hRDK,1778300218.008000,1778300218.031000,13158,13207,50,25,25,malicious,1
206,20260508_211658_root_dirtyfrag_t1hRDK,1778300218.015000,1778300218.032000,13168,13217,50,15,35,malicious,1
207,20260508_211658_root_dirtyfrag_t1hRDK,1778300218.023000,1778300218.032000,13178,13227,50,5,45,malicious,1
208,20260508_211658_root_dirtyfrag_t1hRDK,1778300218.028000,1778300218.044000,13188,13237,50,0,50,malicious,1
209,20260508_211658_root_dirtyfrag_t1hRDK,1778300218.029000,1778300218.364000,13198,13247,50,8,42,malicious,1
210,20260508_211658_root_dirtyfrag_t1hRDK,1778300218.031000,1778300218.501000,13208,13257,50,13,37,malicious,1
211,20260508_211658_root_dirtyfrag_t1hRDK,1778300218.032000,1778300218.974000,13218,13267,50,13,37,malicious,1
212,20260508_211658_root_dirtyfrag_t1hRDK,1778300218.032000,1778300218.978000,13228,13277,50,14,36,malicious,1
213,20260508_211658_root_dirtyfrag_t1hRDK,1778300218.044000,1778300218.979000,13238,13287,50,14,36,malicious,1
214,20260508_211658_root_dirtyfrag_t1hRDK,1778300218.364000,1778300218.984000,13248,13297,50,6,44,malicious,1
215,20260508_211658_root_dirtyfrag_t1hRDK,1778300218.501000,1778300218.986000,13258,13307,50,1,49,malicious,1
216,20260508_211658_root_dirtyfrag_t1hRDK,1778300218.974000,1778300219.002000,13268,13317,50,1,49,malicious,1
217,20260508_211658_root_dirtyfrag_t1hRDK,1778300218.978000,1778300219.264000,13278,13327,50,0,50,malicious,1
218,20260508_211658_root_dirtyfrag_t1hRDK,1778300218.979000,1778300219.298000,13288,13337,50,0,50,malicious,1
219,20260508_211658_root_dirtyfrag_t1hRDK,1778300218.984000,1778300219.302000,13298,13347,50,2,48,malicious,1
220,20260508_211658_root_dirtyfrag_t1hRDK,1778300218.986000,1778300219.305000,13308,13357,50,8,42,malicious,1
221,20260508_211658_root_dirtyfrag_t1hRDK,1778300219.003000,1778300219.439000,13318,13367,50,14,36,malicious,1
222,20260508_211658_root_dirtyfrag_t1hRDK,1778300219.264000,1778300221.478000,13328,13377,50,24,26,malicious,1
223,20260508_211658_root_dirtyfrag_t1hRDK,1778300219.298000,1778300221.478000,13338,13387,50,34,16,malicious,1
224,20260508_211658_root_dirtyfrag_t1hRDK,1778300219.303000,1778300221.480000,13348,13397,50,42,8,malicious,1
225,20260508_211658_root_dirtyfrag_t1hRDK,1778300219.306000,1778300221.486000,13358,13407,50,46,4,benign,0
226,20260508_211658_root_dirtyfrag_t1hRDK,1778300221.054000,1778300221.495000,13368,13417,50,50,0,benign,0
227,20260508_211658_root_dirtyfrag_t1hRDK,1778300221.478000,1778300221.505000,13378,13427,50,50,0,benign,0
228,20260508_211658_root_dirtyfrag_t1hRDK,1778300221.478000,1778300221.515000,13388,13437,50,50,0,benign,0
229,20260508_211658_root_dirtyfrag_t1hRDK,1778300221.480000,1778300221.524000,13398,13447,50,50,0,benign,0
230,20260508_211658_root_dirtyfrag_t1hRDK,1778300221.488000,1778300221.534000,13408,13457,50,50,0,benign,0
231,20260508_211658_root_dirtyfrag_t1hRDK,1778300221.497000,1778300221.543000,13418,13467,50,50,0,benign,0
232,20260508_211658_root_dirtyfrag_t1hRDK,1778300221.506000,1778300221.553000,13428,13477,50,50,0,benign,0
233,20260508_211658_root_dirtyfrag_t1hRDK,1778300221.516000,1778300221.562000,13438,13487,50,50,0,benign,0
234,20260508_211658_root_dirtyfrag_t1hRDK,1778300221.526000,1778300221.573000,13448,13497,50,50,0,benign,0
235,20260508_211658_root_dirtyfrag_t1hRDK,1778300221.535000,1778300221.585000,13458,13507,50,50,0,benign,0
236,20260508_211658_root_dirtyfrag_t1hRDK,1778300221.544000,1778300221.597000,13468,13517,50,50,0,benign,0
237,20260508_211658_root_dirtyfrag_t1hRDK,1778300221.554000,1778300221.608000,13478,13527,50,50,0,benign,0
238,20260508_211658_root_dirtyfrag_t1hRDK,1778300221.564000,1778300221.609000,13488,13537,50,50,0,benign,0
239,20260508_211658_root_dirtyfrag_t1hRDK,1778300221.576000,1778300221.609000,13498,13547,50,50,0,benign,0
240,20260508_211658_root_dirtyfrag_t1hRDK,1778300221.587000,1778300221.610000,13508,13557,50,50,0,benign,0
241,20260508_211658_root_dirtyfrag_t1hRDK,1778300221.598000,1778300221.610000,13518,13567,50,50,0,benign,0
242,20260508_211658_root_dirtyfrag_t1hRDK,1778300221.609000,1778300221.610000,13528,13577,50,50,0,benign,0
243,20260508_211658_root_dirtyfrag_t1hRDK,1778300221.609000,1778300221.689000,13538,13590,50,50,0,benign,0
244,20260508_211658_root_dirtyfrag_t1hRDK,1778300221.609000,1778300223.613000,13548,13603,50,50,0,benign,0
245,20260508_211658_root_dirtyfrag_t1hRDK,1778300221.610000,1778300223.614000,13558,13613,50,50,0,benign,0
246,20260508_211658_root_dirtyfrag_t1hRDK,1778300221.610000,1778300223.614000,13568,13623,50,50,0,benign,0
247,20260508_211658_root_dirtyfrag_t1hRDK,1778300221.610000,1778300223.616000,13578,13633,50,50,0,benign,0
248,20260508_211658_root_dirtyfrag_t1hRDK,1778300221.689000,1778300223.622000,13591,13643,50,50,0,benign,0
249,20260508_211658_root_dirtyfrag_t1hRDK,1778300223.614000,1778300224.965000,13604,13653,50,48,2,benign,0
250,20260508_211658_root_dirtyfrag_t1hRDK,1778300223.614000,1778300224.972000,13614,13663,50,44,6,malicious,1
251,20260508_211658_root_dirtyfrag_t1hRDK,1778300223.614000,1778300224.973000,13624,13677,50,44,6,malicious,1
252,20260508_211658_root_dirtyfrag_t1hRDK,1778300223.617000,1778300224.986000,13634,13687,50,44,6,malicious,1
253,20260508_211658_root_dirtyfrag_t1hRDK,1778300223.623000,1778300224.996000,13644,13697,50,44,6,malicious,1
254,20260508_211658_root_dirtyfrag_t1hRDK,1778300224.965000,1778300225.334000,13654,13707,50,46,4,benign,0
255,20260508_211658_root_dirtyfrag_t1hRDK,1778300224.972000,1778300225.352000,13666,13719,50,50,0,benign,0
256,20260508_211658_root_dirtyfrag_t1hRDK,1778300224.973000,1778300225.359000,13678,13729,50,50,0,benign,0
257,20260508_211658_root_dirtyfrag_t1hRDK,1778300224.987000,1778300225.470000,13688,13739,50,50,0,benign,0
258,20260508_211658_root_dirtyfrag_t1hRDK,1778300224.996000,1778300225.477000,13698,13750,50,50,0,benign,0
259,20260508_211658_root_dirtyfrag_t1hRDK,1778300225.335000,1778300225.613000,13708,13764,50,50,0,benign,0
260,20260508_211658_root_dirtyfrag_t1hRDK,1778300225.356000,1778300225.630000,13720,13774,50,50,0,benign,0
261,20260508_211658_root_dirtyfrag_t1hRDK,1778300225.359000,1778300225.641000,13730,13784,50,50,0,benign,0
262,20260508_211658_root_dirtyfrag_t1hRDK,1778300225.470000,1778300225.657000,13740,13794,50,50,0,benign,0
263,20260508_211658_root_dirtyfrag_t1hRDK,1778300225.477000,1778300225.673000,13751,13804,50,50,0,benign,0
264,20260508_211658_root_dirtyfrag_t1hRDK,1778300225.613000,1778300225.682000,13765,13814,50,50,0,benign,0
265,20260508_211658_root_dirtyfrag_t1hRDK,1778300225.630000,1778300225.693000,13775,13824,50,50,0,benign,0
266,20260508_211658_root_dirtyfrag_t1hRDK,1778300225.643000,1778300225.697000,13785,13836,50,50,0,benign,0
267,20260508_211658_root_dirtyfrag_t1hRDK,1778300225.658000,1778300225.772000,13795,13846,50,50,0,benign,0
268,20260508_211658_root_dirtyfrag_t1hRDK,1778300225.674000,1778300225.792000,13805,13858,50,50,0,benign,0
269,20260508_211658_root_dirtyfrag_t1hRDK,1778300225.684000,1778300225.800000,13815,13868,50,50,0,benign,0
270,20260508_211658_root_dirtyfrag_t1hRDK,1778300225.693000,1778300225.922000,13825,13878,50,50,0,benign,0
271,20260508_211658_root_dirtyfrag_t1hRDK,1778300225.697000,1778300226.029000,13837,13890,50,50,0,benign,0
272,20260508_211658_root_dirtyfrag_t1hRDK,1778300225.772000,1778300226.068000,13847,13903,50,50,0,benign,0
273,20260508_211658_root_dirtyfrag_t1hRDK,1778300225.792000,1778300226.096000,13859,13913,50,50,0,benign,0
274,20260508_211658_root_dirtyfrag_t1hRDK,1778300225.919000,1778300226.116000,13869,13923,50,50,0,benign,0
275,20260508_211658_root_dirtyfrag_t1hRDK,1778300225.922000,1778300226.129000,13879,13933,50,50,0,benign,0
276,20260508_211658_root_dirtyfrag_t1hRDK,1778300226.068000,1778300226.144000,13893,13943,50,50,0,benign,0
277,20260508_211658_root_dirtyfrag_t1hRDK,1778300226.068000,1778300226.153000,13904,13953,50,50,0,benign,0
278,20260508_211658_root_dirtyfrag_t1hRDK,1778300226.101000,1778300226.167000,13914,13963,50,50,0,benign,0
279,20260508_211658_root_dirtyfrag_t1hRDK,1778300226.118000,1778300226.171000,13924,13975,50,50,0,benign,0
280,20260508_211658_root_dirtyfrag_t1hRDK,1778300226.131000,1778300226.236000,13934,13985,50,50,0,benign,0
281,20260508_211658_root_dirtyfrag_t1hRDK,1778300226.145000,1778300226.252000,13944,13997,50,50,0,benign,0
282,20260508_211658_root_dirtyfrag_t1hRDK,1778300226.154000,1778300226.354000,13954,14007,50,50,0,benign,0
283,20260508_211658_root_dirtyfrag_t1hRDK,1778300226.167000,1778300226.363000,13964,14018,50,50,0,benign,0
284,20260508_211658_root_dirtyfrag_t1hRDK,1778300226.171000,1778300226.499000,13976,14031,50,50,0,benign,0
285,20260508_211658_root_dirtyfrag_t1hRDK,1778300226.236000,1778300226.500000,13986,14042,50,50,0,benign,0
286,20260508_211658_root_dirtyfrag_t1hRDK,1778300226.252000,1778300226.521000,13998,14052,50,50,0,benign,0
287,20260508_211658_root_dirtyfrag_t1hRDK,1778300226.354000,1778300226.531000,14008,14062,50,50,0,benign,0
288,20260508_211658_root_dirtyfrag_t1hRDK,1778300226.363000,1778300226.542000,14019,14072,50,50,0,benign,0
289,20260508_211658_root_dirtyfrag_t1hRDK,1778300226.500000,1778300226.554000,14032,14082,50,50,0,benign,0
290,20260508_211658_root_dirtyfrag_t1hRDK,1778300226.500000,1778300226.562000,14043,14092,50,50,0,benign,0
291,20260508_211658_root_dirtyfrag_t1hRDK,1778300226.522000,1778300226.570000,14053,14102,50,50,0,benign,0
292,20260508_211658_root_dirtyfrag_t1hRDK,1778300226.532000,1778300226.616000,14063,14114,50,50,0,benign,0
293,20260508_211658_root_dirtyfrag_t1hRDK,1778300226.543000,1778300226.621000,14073,14124,50,50,0,benign,0
294,20260508_211658_root_dirtyfrag_t1hRDK,1778300226.554000,1778300226.639000,14083,14136,50,50,0,benign,0
295,20260508_211658_root_dirtyfrag_t1hRDK,1778300226.563000,1778300226.642000,14093,14146,50,50,0,benign,0
296,20260508_211658_root_dirtyfrag_t1hRDK,1778300226.570000,1778300226.744000,14103,14156,50,50,0,benign,0
297,20260508_211658_root_dirtyfrag_t1hRDK,1778300226.618000,1778300226.752000,14115,14167,50,50,0,benign,0
298,20260508_211658_root_dirtyfrag_t1hRDK,1778300226.622000,1778300226.825000,14127,14181,50,50,0,benign,0
299,20260508_211658_root_dirtyfrag_t1hRDK,1778300226.639000,1778300226.849000,14137,14191,50,50,0,benign,0
300,20260508_211658_root_dirtyfrag_t1hRDK,1778300226.642000,1778300226.858000,14147,14201,50,50,0,benign,0
301,20260508_211658_root_dirtyfrag_t1hRDK,1778300226.744000,1778300226.868000,14157,14211,50,50,0,benign,0
302,20260508_211658_root_dirtyfrag_t1hRDK,1778300226.752000,1778300226.879000,14168,14221,50,50,0,benign,0
303,20260508_211658_root_dirtyfrag_t1hRDK,1778300226.825000,1778300226.888000,14182,14231,50,50,0,benign,0
304,20260508_211658_root_dirtyfrag_t1hRDK,1778300226.849000,1778300226.900000,14192,14241,50,50,0,benign,0
305,20260508_211658_root_dirtyfrag_t1hRDK,1778300226.859000,1778300226.906000,14202,14252,50,50,0,benign,0
306,20260508_211658_root_dirtyfrag_t1hRDK,1778300226.869000,1778300226.969000,14212,14263,50,50,0,benign,0
307,20260508_211658_root_dirtyfrag_t1hRDK,1778300226.880000,1778300226.972000,14222,14273,50,50,0,benign,0
308,20260508_211658_root_dirtyfrag_t1hRDK,1778300226.888000,1778300227.018000,14232,14283,50,50,0,benign,0
309,20260508_211658_root_dirtyfrag_t1hRDK,1778300226.902000,1778300227.120000,14242,14293,50,50,0,benign,0
310,20260508_211658_root_dirtyfrag_t1hRDK,1778300226.906000,1778300227.128000,14253,14303,50,50,0,benign,0
311,20260508_211658_root_dirtyfrag_t1hRDK,1778300226.970000,1778300227.264000,14264,14313,50,50,0,benign,0
312,20260508_211658_root_dirtyfrag_t1hRDK,1778300226.972000,1778300227.265000,14274,14323,50,50,0,benign,0
313,20260508_211658_root_dirtyfrag_t1hRDK,1778300227.018000,1778300227.281000,14284,14333,50,50,0,benign,0
314,20260508_211658_root_dirtyfrag_t1hRDK,1778300227.120000,1778300227.294000,14294,14343,50,50,0,benign,0
315,20260508_211658_root_dirtyfrag_t1hRDK,1778300227.128000,1778300227.304000,14304,14353,50,50,0,benign,0
316,20260508_211658_root_dirtyfrag_t1hRDK,1778300227.264000,1778300227.315000,14314,14363,50,50,0,benign,0
317,20260508_211658_root_dirtyfrag_t1hRDK,1778300227.265000,1778300227.323000,14324,14373,50,50,0,benign,0
318,20260508_211658_root_dirtyfrag_t1hRDK,1778300227.283000,1778300227.334000,14334,14383,50,50,0,benign,0
319,20260508_211658_root_dirtyfrag_t1hRDK,1778300227.294000,1778300227.337000,14344,14393,50,50,0,benign,0
320,20260508_211658_root_dirtyfrag_t1hRDK,1778300227.305000,1778300227.386000,14354,14403,50,50,0,benign,0
321,20260508_211709_authorized_keys_W9jmSO,1778300227.625000,1778300227.681000,14412,14461,50,50,0,benign,0
322,20260508_211709_authorized_keys_W9jmSO,1778300227.631000,1778300227.683000,14422,14471,50,50,0,benign,0
323,20260508_211709_authorized_keys_W9jmSO,1778300227.668000,1778300227.685000,14432,14481,50,50,0,benign,0
324,20260508_211709_authorized_keys_W9jmSO,1778300227.670000,1778300227.686000,14442,14491,50,50,0,benign,0
325,20260508_211709_authorized_keys_W9jmSO,1778300227.671000,1778300227.687000,14452,14501,50,50,0,benign,0
326,20260508_211709_authorized_keys_W9jmSO,1778300227.681000,1778300227.692000,14462,14511,50,50,0,benign,0
327,20260508_211709_authorized_keys_W9jmSO,1778300227.683000,1778300227.696000,14472,14521,50,50,0,benign,0
328,20260508_211709_authorized_keys_W9jmSO,1778300227.685000,1778300227.698000,14482,14531,50,50,0,benign,0
329,20260508_211709_authorized_keys_W9jmSO,1778300227.686000,1778300227.699000,14492,14541,50,50,0,benign,0
330,20260508_211709_authorized_keys_W9jmSO,1778300227.687000,1778300227.700000,14502,14551,50,50,0,benign,0
331,20260508_211709_authorized_keys_W9jmSO,1778300227.692000,1778300227.734000,14512,14561,50,50,0,benign,0
332,20260508_211709_authorized_keys_W9jmSO,1778300227.696000,1778300227.742000,14522,14571,50,50,0,benign,0
333,20260508_211709_authorized_keys_W9jmSO,1778300227.698000,1778300227.784000,14532,14581,50,50,0,benign,0
334,20260508_211709_authorized_keys_W9jmSO,1778300227.699000,1778300227.784000,14542,14591,50,50,0,benign,0
335,20260508_211709_authorized_keys_W9jmSO,1778300227.705000,1778300227.801000,14552,14601,50,50,0,benign,0
336,20260508_211709_authorized_keys_W9jmSO,1778300227.734000,1778300227.810000,14562,14611,50,50,0,benign,0
337,20260508_211709_authorized_keys_W9jmSO,1778300227.742000,1778300227.822000,14572,14621,50,50,0,benign,0
338,20260508_211709_authorized_keys_W9jmSO,1778300227.784000,1778300227.835000,14582,14631,50,50,0,benign,0
339,20260508_211709_authorized_keys_W9jmSO,1778300227.784000,1778300227.842000,14592,14641,50,50,0,benign,0
340,20260508_211709_authorized_keys_W9jmSO,1778300227.802000,1778300227.851000,14602,14651,50,50,0,benign,0
341,20260508_211709_authorized_keys_W9jmSO,1778300227.812000,1778300227.852000,14612,14661,50,50,0,benign,0
342,20260508_211709_authorized_keys_W9jmSO,1778300227.823000,1778300227.900000,14622,14671,50,50,0,benign,0
343,20260508_211709_authorized_keys_W9jmSO,1778300227.835000,1778300227.936000,14632,14681,50,50,0,benign,0
344,20260508_211709_authorized_keys_W9jmSO,1778300227.844000,1778300227.938000,14642,14691,50,50,0,benign,0
345,20260508_211709_authorized_keys_W9jmSO,1778300227.851000,1778300228.039000,14652,14701,50,50,0,benign,0
346,20260508_211709_authorized_keys_W9jmSO,1778300227.852000,1778300228.048000,14662,14711,50,50,0,benign,0
347,20260508_211709_authorized_keys_W9jmSO,1778300227.900000,1778300228.089000,14672,14721,50,50,0,benign,0
348,20260508_211709_authorized_keys_W9jmSO,1778300227.936000,1778300228.101000,14682,14731,50,50,0,benign,0
349,20260508_211709_authorized_keys_W9jmSO,1778300228.039000,1778300228.108000,14692,14741,50,50,0,benign,0
350,20260508_211709_authorized_keys_W9jmSO,1778300228.039000,1778300228.118000,14702,14751,50,50,0,benign,0
351,20260508_211709_authorized_keys_W9jmSO,1778300228.048000,1778300228.128000,14712,14761,50,50,0,benign,0
352,20260508_211709_authorized_keys_W9jmSO,1778300228.089000,1778300228.137000,14722,14771,50,50,0,benign,0
353,20260508_211709_authorized_keys_W9jmSO,1778300228.102000,1778300228.150000,14732,14781,50,50,0,benign,0
354,20260508_211709_authorized_keys_W9jmSO,1778300228.109000,1778300228.155000,14742,14791,50,50,0,benign,0
355,20260508_211709_authorized_keys_W9jmSO,1778300228.118000,1778300228.209000,14752,14801,50,50,0,benign,0
356,20260508_211709_authorized_keys_W9jmSO,1778300228.130000,1778300228.216000,14762,14813,50,50,0,benign,0
357,20260508_211709_authorized_keys_W9jmSO,1778300228.137000,1778300228.324000,14772,14823,50,50,0,benign,0
358,20260508_211709_authorized_keys_W9jmSO,1778300228.151000,1778300228.431000,14782,14833,50,50,0,benign,0
359,20260508_211709_authorized_keys_W9jmSO,1778300228.155000,1778300228.440000,14792,14844,50,50,0,benign,0
360,20260508_211709_authorized_keys_W9jmSO,1778300228.210000,1778300228.482000,14802,14858,50,50,0,benign,0
361,20260508_211709_authorized_keys_W9jmSO,1778300228.216000,1778300228.497000,14814,14868,50,50,0,benign,0
362,20260508_211709_authorized_keys_W9jmSO,1778300228.326000,1778300228.505000,14824,14878,50,50,0,benign,0
363,20260508_211709_authorized_keys_W9jmSO,1778300228.431000,1778300228.514000,14834,14888,50,50,0,benign,0
364,20260508_211709_authorized_keys_W9jmSO,1778300228.440000,1778300228.525000,14845,14898,50,50,0,benign,0
365,20260508_211709_authorized_keys_W9jmSO,1778300228.482000,1778300228.536000,14859,14908,50,50,0,benign,0
366,20260508_211709_authorized_keys_W9jmSO,1778300228.498000,1778300228.544000,14869,14918,50,50,0,benign,0
367,20260508_211709_authorized_keys_W9jmSO,1778300228.506000,1778300228.550000,14879,14929,50,50,0,benign,0
368,20260508_211709_authorized_keys_W9jmSO,1778300228.515000,1778300228.599000,14889,14940,50,50,0,benign,0
369,20260508_211709_authorized_keys_W9jmSO,1778300228.526000,1778300228.615000,14899,14952,50,50,0,benign,0
370,20260508_211709_authorized_keys_W9jmSO,1778300228.536000,1778300228.617000,14909,14962,50,50,0,benign,0
371,20260508_211709_authorized_keys_W9jmSO,1778300228.545000,1778300228.717000,14919,14972,50,50,0,benign,0
372,20260508_211709_authorized_keys_W9jmSO,1778300228.550000,1778300228.725000,14930,14983,50,50,0,benign,0
373,20260508_211709_authorized_keys_W9jmSO,1778300228.599000,1778300228.767000,14941,14997,50,50,0,benign,0
374,20260508_211709_authorized_keys_W9jmSO,1778300228.615000,1778300228.781000,14953,15007,50,50,0,benign,0
375,20260508_211709_authorized_keys_W9jmSO,1778300228.617000,1778300228.793000,14963,15017,50,50,0,benign,0
376,20260508_211709_authorized_keys_W9jmSO,1778300228.717000,1778300228.802000,14973,15027,50,50,0,benign,0
377,20260508_211709_authorized_keys_W9jmSO,1778300228.754000,1778300228.815000,14985,15037,50,50,0,benign,0
378,20260508_211709_authorized_keys_W9jmSO,1778300228.767000,1778300228.822000,14998,15047,50,50,0,benign,0
379,20260508_211709_authorized_keys_W9jmSO,1778300228.783000,1778300228.833000,15008,15057,50,50,0,benign,0
380,20260508_211709_authorized_keys_W9jmSO,1778300228.793000,1778300228.836000,15018,15069,50,50,0,benign,0
381,20260508_211709_authorized_keys_W9jmSO,1778300228.804000,1778300228.896000,15028,15079,50,50,0,benign,0
382,20260508_211709_authorized_keys_W9jmSO,1778300228.817000,1778300228.912000,15038,15091,50,50,0,benign,0
383,20260508_211709_authorized_keys_W9jmSO,1778300228.823000,1778300228.914000,15048,15101,50,50,0,benign,0
384,20260508_211709_authorized_keys_W9jmSO,1778300228.833000,1778300228.950000,15058,15111,50,50,0,benign,0
385,20260508_211709_authorized_keys_W9jmSO,1778300228.836000,1778300228.958000,15070,15121,50,50,0,benign,0
386,20260508_211709_authorized_keys_W9jmSO,1778300228.896000,1778300228.965000,15080,15131,50,50,0,benign,0
387,20260508_211709_authorized_keys_W9jmSO,1778300228.912000,1778300228.971000,15092,15141,50,49,1,benign,0
388,20260508_211709_authorized_keys_W9jmSO,1778300228.914000,1778300228.986000,15102,15151,50,46,4,benign,0
389,20260508_211709_authorized_keys_W9jmSO,1778300228.952000,1778300228.996000,15112,15161,50,42,8,malicious,1
390,20260508_211709_authorized_keys_W9jmSO,1778300228.958000,1778300229.008000,15122,15171,50,40,10,malicious,1
391,20260508_211709_authorized_keys_W9jmSO,1778300228.966000,1778300229.019000,15132,15181,50,38,12,malicious,1
392,20260508_211709_authorized_keys_W9jmSO,1778300228.975000,1778300229.020000,15142,15192,50,37,13,malicious,1
393,20260508_211709_authorized_keys_W9jmSO,1778300228.987000,1778300229.026000,15152,15202,50,38,12,malicious,1
394,20260508_211709_authorized_keys_W9jmSO,1778300228.999000,1778300229.028000,15162,15213,50,42,8,malicious,1
395,20260508_211709_authorized_keys_W9jmSO,1778300229.009000,1778300229.068000,15172,15226,50,44,6,malicious,1
396,20260508_211709_authorized_keys_W9jmSO,1778300229.019000,1778300229.081000,15182,15236,50,46,4,benign,0
397,20260508_211709_authorized_keys_W9jmSO,1778300229.020000,1778300229.093000,15193,15247,50,48,2,benign,0
398,20260508_211709_authorized_keys_W9jmSO,1778300229.026000,1778300229.102000,15203,15256,50,50,0,benign,0
399,20260508_211709_authorized_keys_W9jmSO,1778300229.056000,1778300229.115000,15214,15266,50,50,0,benign,0
400,20260508_211709_authorized_keys_W9jmSO,1778300229.068000,1778300229.121000,15227,15276,50,50,0,benign,0
401,20260508_211709_authorized_keys_W9jmSO,1778300229.083000,1778300229.133000,15237,15286,50,50,0,benign,0
402,20260508_211709_authorized_keys_W9jmSO,1778300229.094000,1778300229.136000,15246,15298,50,50,0,benign,0
403,20260508_211709_authorized_keys_W9jmSO,1778300229.103000,1778300229.191000,15257,15308,50,50,0,benign,0
404,20260508_211709_authorized_keys_W9jmSO,1778300229.116000,1778300229.205000,15267,15320,50,50,0,benign,0
405,20260508_211709_authorized_keys_W9jmSO,1778300229.122000,1778300229.310000,15277,15330,50,50,0,benign,0
406,20260508_211709_authorized_keys_W9jmSO,1778300229.134000,1778300229.318000,15287,15341,50,50,0,benign,0
407,20260508_211709_authorized_keys_W9jmSO,1778300229.136000,1778300229.361000,15299,15354,50,50,0,benign,0
408,20260508_211709_authorized_keys_W9jmSO,1778300229.192000,1778300229.362000,15311,15365,50,50,0,benign,0
409,20260508_211709_authorized_keys_W9jmSO,1778300229.205000,1778300229.383000,15321,15375,50,50,0,benign,0
410,20260508_211709_authorized_keys_W9jmSO,1778300229.310000,1778300229.394000,15331,15385,50,50,0,benign,0
411,20260508_211709_authorized_keys_W9jmSO,1778300229.318000,1778300229.404000,15342,15395,50,50,0,benign,0
412,20260508_211709_authorized_keys_W9jmSO,1778300229.361000,1778300229.415000,15356,15405,50,50,0,benign,0
413,20260508_211709_authorized_keys_W9jmSO,1778300229.375000,1778300229.423000,15366,15415,50,50,0,benign,0
414,20260508_211709_authorized_keys_W9jmSO,1778300229.384000,1778300229.431000,15376,15425,50,50,0,benign,0
415,20260508_211709_authorized_keys_W9jmSO,1778300229.395000,1778300229.486000,15386,15437,50,50,0,benign,0
416,20260508_211709_authorized_keys_W9jmSO,1778300229.405000,1778300229.489000,15396,15449,50,50,0,benign,0
417,20260508_211709_authorized_keys_W9jmSO,1778300229.415000,1778300229.507000,15406,15459,50,50,0,benign,0
418,20260508_211709_authorized_keys_W9jmSO,1778300229.425000,1778300229.608000,15416,15469,50,50,0,benign,0
419,20260508_211709_authorized_keys_W9jmSO,1778300229.432000,1778300229.616000,15427,15480,50,50,0,benign,0
420,20260508_211709_authorized_keys_W9jmSO,1778300229.488000,1778300229.658000,15438,15494,50,50,0,benign,0
421,20260508_211709_authorized_keys_W9jmSO,1778300229.501000,1778300229.671000,15450,15504,50,50,0,benign,0
422,20260508_211709_authorized_keys_W9jmSO,1778300229.507000,1778300229.680000,15460,15514,50,50,0,benign,0
423,20260508_211709_authorized_keys_W9jmSO,1778300229.608000,1778300229.690000,15470,15524,50,50,0,benign,0
424,20260508_211709_authorized_keys_W9jmSO,1778300229.616000,1778300229.701000,15481,15534,50,50,0,benign,0
425,20260508_211709_authorized_keys_W9jmSO,1778300229.658000,1778300229.707000,15495,15544,50,50,0,benign,0
426,20260508_211709_authorized_keys_W9jmSO,1778300229.671000,1778300229.720000,15505,15554,50,50,0,benign,0
427,20260508_211709_authorized_keys_W9jmSO,1778300229.682000,1778300229.724000,15515,15565,50,50,0,benign,0
428,20260508_211709_authorized_keys_W9jmSO,1778300229.690000,1778300229.784000,15525,15576,50,50,0,benign,0
429,20260508_211709_authorized_keys_W9jmSO,1778300229.702000,1778300229.810000,15535,15588,50,50,0,benign,0
430,20260508_211709_authorized_keys_W9jmSO,1778300229.709000,1778300229.812000,15545,15598,50,50,0,benign,0
431,20260508_211709_authorized_keys_W9jmSO,1778300229.721000,1778300229.914000,15555,15608,50,50,0,benign,0
432,20260508_211709_authorized_keys_W9jmSO,1778300229.724000,1778300229.922000,15567,15619,50,50,0,benign,0
433,20260508_211709_authorized_keys_W9jmSO,1778300229.784000,1778300229.964000,15577,15633,50,50,0,benign,0
434,20260508_211709_authorized_keys_W9jmSO,1778300229.810000,1778300229.978000,15589,15643,50,50,0,benign,0
435,20260508_211709_authorized_keys_W9jmSO,1778300229.812000,1778300229.989000,15599,15653,50,50,0,benign,0
436,20260508_211709_authorized_keys_W9jmSO,1778300229.914000,1778300229.999000,15609,15663,50,50,0,benign,0
437,20260508_211709_authorized_keys_W9jmSO,1778300229.950000,1778300230.011000,15621,15673,50,50,0,benign,0
438,20260508_211709_authorized_keys_W9jmSO,1778300229.964000,1778300230.017000,15634,15683,50,50,0,benign,0
439,20260508_211709_authorized_keys_W9jmSO,1778300229.979000,1778300230.029000,15644,15693,50,50,0,benign,0
440,20260508_211709_authorized_keys_W9jmSO,1778300229.989000,1778300230.033000,15654,15705,50,50,0,benign,0
441,20260508_211709_authorized_keys_W9jmSO,1778300230.000000,1778300230.085000,15664,15715,50,50,0,benign,0
442,20260508_211709_authorized_keys_W9jmSO,1778300230.012000,1778300230.104000,15674,15727,50,50,0,benign,0
443,20260508_211709_authorized_keys_W9jmSO,1778300230.018000,1778300230.206000,15684,15737,50,50,0,benign,0
444,20260508_211709_authorized_keys_W9jmSO,1778300230.030000,1778300230.207000,15694,15747,50,50,0,benign,0
445,20260508_211709_authorized_keys_W9jmSO,1778300230.033000,1778300230.261000,15706,15761,50,50,0,benign,0
446,20260508_211709_authorized_keys_W9jmSO,1778300230.085000,1778300230.262000,15716,15772,50,50,0,benign,0
447,20260508_211709_authorized_keys_W9jmSO,1778300230.104000,1778300230.284000,15728,15782,50,50,0,benign,0
448,20260508_211709_authorized_keys_W9jmSO,1778300230.206000,1778300230.294000,15738,15792,50,50,0,benign,0
449,20260508_211709_authorized_keys_W9jmSO,1778300230.215000,1778300230.305000,15749,15802,50,50,0,benign,0
450,20260508_211709_authorized_keys_W9jmSO,1778300230.262000,1778300230.317000,15762,15812,50,50,0,benign,0
451,20260508_211709_authorized_keys_W9jmSO,1778300230.262000,1778300230.324000,15773,15822,50,50,0,benign,0
452,20260508_211709_authorized_keys_W9jmSO,1778300230.285000,1778300230.333000,15783,15832,50,50,0,benign,0
453,20260508_211709_authorized_keys_W9jmSO,1778300230.295000,1778300230.336000,15793,15844,50,50,0,benign,0
454,20260508_211709_authorized_keys_W9jmSO,1778300230.306000,1778300230.397000,15803,15854,50,50,0,benign,0
455,20260508_211709_authorized_keys_W9jmSO,1778300230.318000,1778300230.414000,15813,15866,50,50,0,benign,0
456,20260508_211709_authorized_keys_W9jmSO,1778300230.325000,1778300230.518000,15823,15876,50,50,0,benign,0
457,20260508_211709_authorized_keys_W9jmSO,1778300230.333000,1778300230.527000,15833,15887,50,50,0,benign,0
458,20260508_211709_authorized_keys_W9jmSO,1778300230.387000,1778300230.569000,15845,15900,50,50,0,benign,0
459,20260508_211709_authorized_keys_W9jmSO,1778300230.399000,1778300230.570000,15857,15911,50,50,0,benign,0
460,20260508_211709_authorized_keys_W9jmSO,1778300230.414000,1778300230.587000,15867,15921,50,50,0,benign,0
461,20260508_211709_authorized_keys_W9jmSO,1778300230.518000,1778300230.597000,15877,15931,50,50,0,benign,0
462,20260508_211709_authorized_keys_W9jmSO,1778300230.527000,1778300230.608000,15888,15941,50,50,0,benign,0
463,20260508_211709_authorized_keys_W9jmSO,1778300230.569000,1778300230.618000,15902,15951,50,50,0,benign,0
464,20260508_211709_authorized_keys_W9jmSO,1778300230.580000,1778300230.626000,15912,15961,50,50,0,benign,0
465,20260508_211709_authorized_keys_W9jmSO,1778300230.589000,1778300230.633000,15922,15971,50,50,0,benign,0
466,20260508_211709_authorized_keys_W9jmSO,1778300230.598000,1778300230.682000,15932,15983,50,50,0,benign,0
467,20260508_211709_authorized_keys_W9jmSO,1778300230.609000,1778300230.685000,15942,15993,50,50,0,benign,0
468,20260508_211709_authorized_keys_W9jmSO,1778300230.619000,1778300230.702000,15952,16005,50,50,0,benign,0
469,20260508_211709_authorized_keys_W9jmSO,1778300230.628000,1778300230.709000,15962,16015,50,50,0,benign,0
470,20260508_211709_authorized_keys_W9jmSO,1778300230.634000,1778300230.716000,15973,16025,50,50,0,benign,0
471,20260508_211709_authorized_keys_W9jmSO,1778300230.682000,1778300230.804000,15984,16035,50,50,0,benign,0
472,20260508_211709_authorized_keys_W9jmSO,1778300230.685000,1778300230.813000,15994,16046,50,50,0,benign,0
473,20260508_211709_authorized_keys_W9jmSO,1778300230.702000,1778300230.855000,16006,16060,50,50,0,benign,0
474,20260508_211709_authorized_keys_W9jmSO,1778300230.709000,1778300230.868000,16016,16070,50,50,0,benign,0
475,20260508_211709_authorized_keys_W9jmSO,1778300230.716000,1778300230.877000,16026,16080,50,50,0,benign,0
476,20260508_211709_authorized_keys_W9jmSO,1778300230.804000,1778300230.887000,16036,16090,50,50,0,benign,0
477,20260508_211709_authorized_keys_W9jmSO,1778300230.813000,1778300230.898000,16047,16100,50,50,0,benign,0
478,20260508_211709_authorized_keys_W9jmSO,1778300230.855000,1778300230.905000,16061,16110,50,50,0,benign,0
479,20260508_211709_authorized_keys_W9jmSO,1778300230.868000,1778300230.918000,16071,16120,50,50,0,benign,0
480,20260508_211709_authorized_keys_W9jmSO,1778300230.878000,1778300230.923000,16081,16131,50,50,0,benign,0
481,20260508_211709_authorized_keys_W9jmSO,1778300230.887000,1778300230.981000,16091,16142,50,50,0,benign,0
482,20260508_211709_authorized_keys_W9jmSO,1778300230.899000,1778300230.983000,16101,16152,50,50,0,benign,0
483,20260508_211709_authorized_keys_W9jmSO,1778300230.907000,1778300231.027000,16111,16162,50,50,0,benign,0
484,20260508_211709_authorized_keys_W9jmSO,1778300230.919000,1778300231.127000,16121,16172,50,50,0,benign,0
485,20260508_211709_authorized_keys_W9jmSO,1778300230.923000,1778300231.135000,16133,16182,50,50,0,benign,0
486,20260508_211709_authorized_keys_W9jmSO,1778300230.982000,1778300231.176000,16143,16192,50,50,0,benign,0
487,20260508_211709_authorized_keys_W9jmSO,1778300230.983000,1778300231.177000,16153,16202,50,50,0,benign,0
488,20260508_211709_authorized_keys_W9jmSO,1778300231.027000,1778300231.198000,16163,16212,50,50,0,benign,0
489,20260508_211709_authorized_keys_W9jmSO,1778300231.127000,1778300231.208000,16173,16222,50,50,0,benign,0
490,20260508_211709_authorized_keys_W9jmSO,1778300231.135000,1778300231.219000,16183,16232,50,50,0,benign,0
491,20260508_211709_authorized_keys_W9jmSO,1778300231.177000,1778300231.231000,16193,16242,50,50,0,benign,0
492,20260508_211709_authorized_keys_W9jmSO,1778300231.177000,1778300231.238000,16203,16252,50,50,0,benign,0
493,20260508_211709_authorized_keys_W9jmSO,1778300231.200000,1778300231.246000,16213,16262,50,50,0,benign,0
494,20260508_211709_authorized_keys_W9jmSO,1778300231.208000,1778300231.249000,16223,16272,50,50,0,benign,0
495,20260508_211709_authorized_keys_W9jmSO,1778300231.221000,1778300231.306000,16233,16282,50,50,0,benign,0
496,20260508_211709_authorized_keys_W9jmSO,1778300231.232000,1778300231.520000,16243,16292,50,50,0,benign,0
497,20260508_211709_authorized_keys_W9jmSO,1778300231.239000,1778300231.522000,16253,16302,50,50,0,benign,0
498,20260508_211713_sudoers_mod_zCim6D,1778300231.621000,1778300231.694000,16303,16352,50,50,0,benign,0
499,20260508_211713_sudoers_mod_zCim6D,1778300231.622000,1778300231.703000,16313,16362,50,50,0,benign,0
500,20260508_211713_sudoers_mod_zCim6D,1778300231.629000,1778300231.714000,16323,16372,50,50,0,benign,0
501,20260508_211713_sudoers_mod_zCim6D,1778300231.671000,1778300231.723000,16333,16382,50,50,0,benign,0
502,20260508_211713_sudoers_mod_zCim6D,1778300231.687000,1778300231.734000,16343,16392,50,50,0,benign,0
503,20260508_211713_sudoers_mod_zCim6D,1778300231.695000,1778300231.741000,16353,16402,50,50,0,benign,0
504,20260508_211713_sudoers_mod_zCim6D,1778300231.705000,1778300231.785000,16363,16412,50,50,0,benign,0
505,20260508_211713_sudoers_mod_zCim6D,1778300231.715000,1778300231.790000,16373,16422,50,50,0,benign,0
506,20260508_211713_sudoers_mod_zCim6D,1778300231.723000,1778300231.822000,16383,16432,50,50,0,benign,0
507,20260508_211713_sudoers_mod_zCim6D,1778300231.735000,1778300231.924000,16393,16442,50,50,0,benign,0
508,20260508_211713_sudoers_mod_zCim6D,1778300231.741000,1778300231.933000,16403,16452,50,50,0,benign,0
509,20260508_211713_sudoers_mod_zCim6D,1778300231.786000,1778300231.962000,16413,16462,50,50,0,benign,0
510,20260508_211713_sudoers_mod_zCim6D,1778300231.790000,1778300231.974000,16423,16472,50,50,0,benign,0
511,20260508_211713_sudoers_mod_zCim6D,1778300231.822000,1778300231.989000,16433,16482,50,50,0,benign,0
512,20260508_211713_sudoers_mod_zCim6D,1778300231.925000,1778300232.000000,16443,16492,50,50,0,benign,0
513,20260508_211713_sudoers_mod_zCim6D,1778300231.933000,1778300232.008000,16453,16502,50,50,0,benign,0
514,20260508_211713_sudoers_mod_zCim6D,1778300231.973000,1778300232.019000,16463,16512,50,50,0,benign,0
515,20260508_211713_sudoers_mod_zCim6D,1778300231.974000,1778300232.026000,16473,16522,50,50,0,benign,0
516,20260508_211713_sudoers_mod_zCim6D,1778300231.989000,1778300232.038000,16483,16532,50,50,0,benign,0
517,20260508_211713_sudoers_mod_zCim6D,1778300232.000000,1778300232.042000,16493,16542,50,50,0,benign,0
518,20260508_211713_sudoers_mod_zCim6D,1778300232.009000,1778300232.101000,16503,16552,50,50,0,benign,0
519,20260508_211713_sudoers_mod_zCim6D,1778300232.020000,1778300232.104000,16513,16564,50,50,0,benign,0
520,20260508_211713_sudoers_mod_zCim6D,1778300232.027000,1778300232.215000,16523,16574,50,50,0,benign,0
521,20260508_211713_sudoers_mod_zCim6D,1778300232.038000,1778300232.315000,16533,16584,50,50,0,benign,0
522,20260508_211713_sudoers_mod_zCim6D,1778300232.042000,1778300232.323000,16543,16595,50,50,0,benign,0
523,20260508_211713_sudoers_mod_zCim6D,1778300232.102000,1778300232.365000,16553,16609,50,50,0,benign,0
524,20260508_211713_sudoers_mod_zCim6D,1778300232.209000,1778300232.383000,16565,16619,50,50,0,benign,0
525,20260508_211713_sudoers_mod_zCim6D,1778300232.215000,1778300232.393000,16575,16629,50,50,0,benign,0
526,20260508_211713_sudoers_mod_zCim6D,1778300232.315000,1778300232.403000,16585,16639,50,50,0,benign,0
527,20260508_211713_sudoers_mod_zCim6D,1778300232.323000,1778300232.414000,16596,16649,50,50,0,benign,0
528,20260508_211713_sudoers_mod_zCim6D,1778300232.365000,1778300232.421000,16610,16659,50,50,0,benign,0
529,20260508_211713_sudoers_mod_zCim6D,1778300232.383000,1778300232.433000,16620,16669,50,50,0,benign,0
530,20260508_211713_sudoers_mod_zCim6D,1778300232.394000,1778300232.438000,16630,16680,50,50,0,benign,0
531,20260508_211713_sudoers_mod_zCim6D,1778300232.403000,1778300232.487000,16640,16691,50,50,0,benign,0
532,20260508_211713_sudoers_mod_zCim6D,1778300232.414000,1778300232.502000,16650,16703,50,50,0,benign,0
533,20260508_211713_sudoers_mod_zCim6D,1778300232.422000,1778300232.605000,16660,16713,50,50,0,benign,0
534,20260508_211713_sudoers_mod_zCim6D,1778300232.434000,1778300232.613000,16670,16724,50,50,0,benign,0
535,20260508_211713_sudoers_mod_zCim6D,1778300232.438000,1778300232.655000,16682,16737,50,50,0,benign,0
536,20260508_211713_sudoers_mod_zCim6D,1778300232.488000,1778300232.656000,16692,16748,50,50,0,benign,0
537,20260508_211713_sudoers_mod_zCim6D,1778300232.502000,1778300232.672000,16704,16758,50,50,0,benign,0
538,20260508_211713_sudoers_mod_zCim6D,1778300232.605000,1778300232.681000,16714,16768,50,50,0,benign,0
539,20260508_211713_sudoers_mod_zCim6D,1778300232.613000,1778300232.693000,16725,16778,50,50,0,benign,0
540,20260508_211713_sudoers_mod_zCim6D,1778300232.656000,1778300232.704000,16738,16788,50,50,0,benign,0
541,20260508_211713_sudoers_mod_zCim6D,1778300232.657000,1778300232.711000,16749,16798,50,50,0,benign,0
542,20260508_211713_sudoers_mod_zCim6D,1778300232.673000,1778300232.719000,16759,16808,50,50,0,benign,0
543,20260508_211713_sudoers_mod_zCim6D,1778300232.684000,1778300232.765000,16769,16820,50,50,0,benign,0
544,20260508_211713_sudoers_mod_zCim6D,1778300232.694000,1778300232.771000,16779,16830,50,50,0,benign,0
545,20260508_211713_sudoers_mod_zCim6D,1778300232.704000,1778300232.785000,16789,16842,50,50,0,benign,0
546,20260508_211713_sudoers_mod_zCim6D,1778300232.712000,1778300232.814000,16799,16852,50,50,0,benign,0
547,20260508_211713_sudoers_mod_zCim6D,1778300232.720000,1778300232.832000,16809,16862,50,50,0,benign,0
548,20260508_211713_sudoers_mod_zCim6D,1778300232.767000,1778300232.837000,16821,16872,50,50,0,benign,0
549,20260508_211713_sudoers_mod_zCim6D,1778300232.771000,1778300232.841000,16831,16882,50,50,0,benign,0
550,20260508_211713_sudoers_mod_zCim6D,1778300232.785000,1778300232.849000,16843,16892,50,50,0,benign,0
551,20260508_211713_sudoers_mod_zCim6D,1778300232.815000,1778300232.856000,16853,16902,50,50,0,benign,0
552,20260508_211713_sudoers_mod_zCim6D,1778300232.832000,1778300232.867000,16863,16912,50,50,0,benign,0
553,20260508_211713_sudoers_mod_zCim6D,1778300232.837000,1778300232.879000,16873,16922,50,46,4,benign,0
554,20260508_211713_sudoers_mod_zCim6D,1778300232.841000,1778300232.892000,16883,16932,50,43,7,malicious,1
555,20260508_211713_sudoers_mod_zCim6D,1778300232.851000,1778300232.892000,16893,16942,50,43,7,malicious,1
556,20260508_211713_sudoers_mod_zCim6D,1778300232.856000,1778300232.901000,16903,16953,50,40,10,malicious,1
557,20260508_211713_sudoers_mod_zCim6D,1778300232.867000,1778300232.905000,16913,16964,50,38,12,malicious,1
558,20260508_211713_sudoers_mod_zCim6D,1778300232.881000,1778300232.918000,16923,16974,50,40,10,malicious,1
559,20260508_211713_sudoers_mod_zCim6D,1778300232.892000,1778300232.929000,16933,16984,50,40,10,malicious,1
560,20260508_211713_sudoers_mod_zCim6D,1778300232.892000,1778300232.940000,16943,16994,50,35,15,malicious,1
561,20260508_211713_sudoers_mod_zCim6D,1778300232.901000,1778300232.950000,16954,17004,50,32,18,malicious,1
562,20260508_211713_sudoers_mod_zCim6D,1778300232.906000,1778300232.950000,16965,17014,50,24,26,malicious,1
563,20260508_211713_sudoers_mod_zCim6D,1778300232.918000,1778300232.956000,16975,17024,50,16,34,malicious,1
564,20260508_211713_sudoers_mod_zCim6D,1778300232.930000,1778300232.961000,16985,17036,50,15,35,malicious,1
565,20260508_211713_sudoers_mod_zCim6D,1778300232.941000,1778300232.975000,16995,17047,50,18,32,malicious,1
566,20260508_211713_sudoers_mod_zCim6D,1778300232.950000,1778300232.977000,17005,17058,50,24,26,malicious,1
567,20260508_211713_sudoers_mod_zCim6D,1778300232.950000,1778300232.993000,17015,17068,50,34,16,malicious,1
568,20260508_211713_sudoers_mod_zCim6D,1778300232.956000,1778300233.004000,17025,17078,50,44,6,malicious,1
569,20260508_211713_sudoers_mod_zCim6D,1778300232.962000,1778300233.014000,17037,17088,50,48,2,benign,0
570,20260508_211713_sudoers_mod_zCim6D,1778300232.975000,1778300233.024000,17049,17098,50,50,0,benign,0
571,20260508_211713_sudoers_mod_zCim6D,1778300232.987000,1778300233.033000,17059,17108,50,50,0,benign,0
572,20260508_211713_sudoers_mod_zCim6D,1778300232.994000,1778300233.040000,17069,17118,50,50,0,benign,0
573,20260508_211713_sudoers_mod_zCim6D,1778300233.004000,1778300233.093000,17079,17130,50,50,0,benign,0
574,20260508_211713_sudoers_mod_zCim6D,1778300233.015000,1778300233.097000,17089,17142,50,50,0,benign,0
575,20260508_211713_sudoers_mod_zCim6D,1778300233.025000,1778300233.112000,17099,17152,50,50,0,benign,0
576,20260508_211713_sudoers_mod_zCim6D,1778300233.034000,1778300233.213000,17109,17162,50,50,0,benign,0
577,20260508_211713_sudoers_mod_zCim6D,1778300233.041000,1778300233.221000,17120,17173,50,50,0,benign,0
578,20260508_211713_sudoers_mod_zCim6D,1778300233.095000,1778300233.263000,17131,17187,50,50,0,benign,0
579,20260508_211713_sudoers_mod_zCim6D,1778300233.107000,1778300233.276000,17143,17197,50,50,0,benign,0
580,20260508_211713_sudoers_mod_zCim6D,1778300233.112000,1778300233.287000,17153,17207,50,50,0,benign,0
581,20260508_211713_sudoers_mod_zCim6D,1778300233.213000,1778300233.296000,17163,17217,50,50,0,benign,0
582,20260508_211713_sudoers_mod_zCim6D,1778300233.221000,1778300233.307000,17174,17227,50,50,0,benign,0
583,20260508_211713_sudoers_mod_zCim6D,1778300233.263000,1778300233.313000,17188,17237,50,50,0,benign,0
584,20260508_211713_sudoers_mod_zCim6D,1778300233.276000,1778300233.326000,17198,17247,50,50,0,benign,0
585,20260508_211713_sudoers_mod_zCim6D,1778300233.287000,1778300233.330000,17208,17258,50,50,0,benign,0
586,20260508_211713_sudoers_mod_zCim6D,1778300233.296000,1778300233.377000,17218,17269,50,50,0,benign,0
587,20260508_211713_sudoers_mod_zCim6D,1778300233.308000,1778300233.394000,17228,17281,50,50,0,benign,0
588,20260508_211713_sudoers_mod_zCim6D,1778300233.315000,1778300233.495000,17238,17291,50,50,0,benign,0
589,20260508_211713_sudoers_mod_zCim6D,1778300233.327000,1778300233.496000,17248,17301,50,50,0,benign,0
590,20260508_211713_sudoers_mod_zCim6D,1778300233.330000,1778300233.544000,17260,17315,50,50,0,benign,0
591,20260508_211713_sudoers_mod_zCim6D,1778300233.377000,1778300233.546000,17270,17326,50,50,0,benign,0
592,20260508_211713_sudoers_mod_zCim6D,1778300233.394000,1778300233.560000,17282,17336,50,50,0,benign,0
593,20260508_211713_sudoers_mod_zCim6D,1778300233.495000,1778300233.570000,17292,17346,50,50,0,benign,0
594,20260508_211713_sudoers_mod_zCim6D,1778300233.504000,1778300233.582000,17303,17356,50,50,0,benign,0
595,20260508_211713_sudoers_mod_zCim6D,1778300233.545000,1778300233.594000,17316,17366,50,50,0,benign,0
596,20260508_211713_sudoers_mod_zCim6D,1778300233.546000,1778300233.601000,17327,17376,50,50,0,benign,0
597,20260508_211713_sudoers_mod_zCim6D,1778300233.562000,1778300233.612000,17337,17386,50,50,0,benign,0
598,20260508_211713_sudoers_mod_zCim6D,1778300233.570000,1778300233.614000,17347,17398,50,50,0,benign,0
599,20260508_211713_sudoers_mod_zCim6D,1778300233.583000,1778300233.662000,17357,17408,50,50,0,benign,0
600,20260508_211713_sudoers_mod_zCim6D,1778300233.595000,1778300233.690000,17367,17420,50,50,0,benign,0
601,20260508_211713_sudoers_mod_zCim6D,1778300233.603000,1778300233.720000,17377,17430,50,50,0,benign,0
602,20260508_211713_sudoers_mod_zCim6D,1778300233.612000,1778300233.720000,17387,17440,50,50,0,benign,0
603,20260508_211713_sudoers_mod_zCim6D,1778300233.656000,1778300233.720000,17399,17450,50,50,0,benign,0
604,20260508_211713_sudoers_mod_zCim6D,1778300233.662000,1778300233.733000,17411,17460,50,50,0,benign,0
605,20260508_211713_sudoers_mod_zCim6D,1778300233.690000,1778300233.798000,17421,17470,50,50,0,benign,0
606,20260508_211713_sudoers_mod_zCim6D,1778300233.720000,1778300233.805000,17431,17481,50,50,0,benign,0
607,20260508_211713_sudoers_mod_zCim6D,1778300233.720000,1778300233.948000,17441,17495,50,50,0,benign,0
608,20260508_211713_sudoers_mod_zCim6D,1778300233.722000,1778300233.962000,17451,17505,50,50,0,benign,0
609,20260508_211713_sudoers_mod_zCim6D,1778300233.752000,1778300233.977000,17461,17515,50,50,0,benign,0
610,20260508_211713_sudoers_mod_zCim6D,1778300233.798000,1778300233.985000,17471,17525,50,50,0,benign,0
611,20260508_211713_sudoers_mod_zCim6D,1778300233.805000,1778300234.002000,17482,17535,50,50,0,benign,0
612,20260508_211713_sudoers_mod_zCim6D,1778300233.948000,1778300234.011000,17496,17545,50,50,0,benign,0
613,20260508_211713_sudoers_mod_zCim6D,1778300233.962000,1778300234.022000,17506,17555,50,50,0,benign,0
614,20260508_211713_sudoers_mod_zCim6D,1778300233.978000,1778300234.027000,17516,17566,50,50,0,benign,0
615,20260508_211713_sudoers_mod_zCim6D,1778300233.987000,1778300234.089000,17526,17577,50,50,0,benign,0
616,20260508_211713_sudoers_mod_zCim6D,1778300234.003000,1778300234.106000,17536,17589,50,50,0,benign,0
617,20260508_211713_sudoers_mod_zCim6D,1778300234.012000,1778300234.109000,17546,17599,50,50,0,benign,0
618,20260508_211713_sudoers_mod_zCim6D,1778300234.023000,1778300234.210000,17556,17609,50,50,0,benign,0
619,20260508_211713_sudoers_mod_zCim6D,1778300234.027000,1778300234.218000,17568,17620,50,50,0,benign,0
620,20260508_211713_sudoers_mod_zCim6D,1778300234.089000,1778300234.354000,17578,17634,50,50,0,benign,0
621,20260508_211713_sudoers_mod_zCim6D,1778300234.106000,1778300234.376000,17590,17644,50,50,0,benign,0
622,20260508_211713_sudoers_mod_zCim6D,1778300234.109000,1778300234.387000,17600,17654,50,50,0,benign,0
623,20260508_211713_sudoers_mod_zCim6D,1778300234.210000,1778300234.395000,17610,17664,50,50,0,benign,0
624,20260508_211713_sudoers_mod_zCim6D,1778300234.294000,1778300234.407000,17622,17674,50,50,0,benign,0
625,20260508_211713_sudoers_mod_zCim6D,1778300234.354000,1778300234.413000,17635,17684,50,50,0,benign,0
626,20260508_211713_sudoers_mod_zCim6D,1778300234.377000,1778300234.423000,17645,17694,50,50,0,benign,0
627,20260508_211713_sudoers_mod_zCim6D,1778300234.387000,1778300234.427000,17655,17706,50,50,0,benign,0
628,20260508_211713_sudoers_mod_zCim6D,1778300234.396000,1778300234.479000,17665,17716,50,50,0,benign,0
629,20260508_211713_sudoers_mod_zCim6D,1778300234.407000,1778300234.496000,17675,17728,50,50,0,benign,0
630,20260508_211713_sudoers_mod_zCim6D,1778300234.414000,1778300234.598000,17685,17738,50,50,0,benign,0
631,20260508_211713_sudoers_mod_zCim6D,1778300234.424000,1778300234.598000,17695,17748,50,50,0,benign,0
632,20260508_211713_sudoers_mod_zCim6D,1778300234.427000,1778300234.679000,17707,17762,50,50,0,benign,0
633,20260508_211713_sudoers_mod_zCim6D,1778300234.479000,1778300234.680000,17717,17773,50,50,0,benign,0
634,20260508_211713_sudoers_mod_zCim6D,1778300234.496000,1778300234.698000,17729,17783,50,50,0,benign,0
635,20260508_211713_sudoers_mod_zCim6D,1778300234.598000,1778300234.707000,17739,17793,50,50,0,benign,0
636,20260508_211713_sudoers_mod_zCim6D,1778300234.607000,1778300234.718000,17750,17803,50,50,0,benign,0
637,20260508_211713_sudoers_mod_zCim6D,1778300234.679000,1778300234.729000,17763,17813,50,50,0,benign,0
638,20260508_211713_sudoers_mod_zCim6D,1778300234.680000,1778300234.737000,17774,17823,50,50,0,benign,0
639,20260508_211713_sudoers_mod_zCim6D,1778300234.699000,1778300234.745000,17784,17833,50,50,0,benign,0
640,20260508_211713_sudoers_mod_zCim6D,1778300234.708000,1778300234.747000,17794,17845,50,50,0,benign,0
641,20260508_211713_sudoers_mod_zCim6D,1778300234.719000,1778300234.801000,17804,17855,50,50,0,benign,0
642,20260508_211713_sudoers_mod_zCim6D,1778300234.730000,1778300234.819000,17814,17867,50,50,0,benign,0
643,20260508_211713_sudoers_mod_zCim6D,1778300234.738000,1778300234.821000,17824,17877,50,50,0,benign,0
644,20260508_211713_sudoers_mod_zCim6D,1778300234.745000,1778300234.921000,17834,17887,50,50,0,benign,0
645,20260508_211713_sudoers_mod_zCim6D,1778300234.797000,1778300234.956000,17846,17899,50,50,0,benign,0
646,20260508_211713_sudoers_mod_zCim6D,1778300234.801000,1778300234.972000,17856,17912,50,50,0,benign,0
647,20260508_211713_sudoers_mod_zCim6D,1778300234.819000,1778300234.989000,17868,17922,50,50,0,benign,0
648,20260508_211713_sudoers_mod_zCim6D,1778300234.920000,1778300235.000000,17878,17932,50,50,0,benign,0
649,20260508_211713_sudoers_mod_zCim6D,1778300234.921000,1778300235.010000,17888,17942,50,50,0,benign,0
650,20260508_211713_sudoers_mod_zCim6D,1778300234.970000,1778300235.020000,17902,17952,50,50,0,benign,0
651,20260508_211713_sudoers_mod_zCim6D,1778300234.972000,1778300235.027000,17913,17962,50,50,0,benign,0
652,20260508_211713_sudoers_mod_zCim6D,1778300234.990000,1778300235.037000,17923,17972,50,50,0,benign,0
653,20260508_211713_sudoers_mod_zCim6D,1778300235.001000,1778300235.039000,17933,17984,50,50,0,benign,0
654,20260508_211713_sudoers_mod_zCim6D,1778300235.011000,1778300235.098000,17943,17994,50,50,0,benign,0
655,20260508_211713_sudoers_mod_zCim6D,1778300235.022000,1778300235.142000,17953,18004,50,50,0,benign,0
656,20260508_211713_sudoers_mod_zCim6D,1778300235.029000,1778300235.144000,17963,18014,50,50,0,benign,0
657,20260508_211713_sudoers_mod_zCim6D,1778300235.037000,1778300235.245000,17973,18024,50,50,0,benign,0
658,20260508_211713_sudoers_mod_zCim6D,1778300235.039000,1778300235.254000,17985,18034,50,50,0,benign,0
659,20260508_211713_sudoers_mod_zCim6D,1778300235.098000,1778300235.296000,17995,18044,50,50,0,benign,0
660,20260508_211713_sudoers_mod_zCim6D,1778300235.142000,1778300235.306000,18005,18054,50,50,0,benign,0
661,20260508_211713_sudoers_mod_zCim6D,1778300235.144000,1778300235.314000,18015,18064,50,50,0,benign,0
662,20260508_211713_sudoers_mod_zCim6D,1778300235.245000,1778300235.323000,18025,18074,50,50,0,benign,0
663,20260508_211713_sudoers_mod_zCim6D,1778300235.254000,1778300235.334000,18035,18084,50,50,0,benign,0
664,20260508_211713_sudoers_mod_zCim6D,1778300235.296000,1778300235.345000,18045,18094,50,50,0,benign,0
665,20260508_211713_sudoers_mod_zCim6D,1778300235.307000,1778300235.353000,18055,18104,50,50,0,benign,0
666,20260508_211713_sudoers_mod_zCim6D,1778300235.315000,1778300235.360000,18065,18114,50,50,0,benign,0
667,20260508_211713_sudoers_mod_zCim6D,1778300235.325000,1778300235.404000,18075,18124,50,50,0,benign,0
668,20260508_211713_sudoers_mod_zCim6D,1778300235.336000,1778300235.409000,18085,18134,50,50,0,benign,0
669,20260508_211713_sudoers_mod_zCim6D,1778300235.345000,1778300235.542000,18095,18144,50,50,0,benign,0
670,20260508_211713_sudoers_mod_zCim6D,1778300235.355000,1778300235.648000,18105,18154,50,50,0,benign,0
671,20260508_211713_sudoers_mod_zCim6D,1778300235.360000,1778300235.656000,18115,18164,50,50,0,benign,0
672,20260508_211713_sudoers_mod_zCim6D,1778300235.405000,1778300235.685000,18125,18174,50,50,0,benign,0
673,20260508_211713_sudoers_mod_zCim6D,1778300235.409000,1778300235.699000,18135,18184,50,50,0,benign,0
674,20260508_211713_sudoers_mod_zCim6D,1778300235.542000,1778300235.712000,18145,18194,50,50,0,benign,0
675,20260508_211713_sudoers_mod_zCim6D,1778300235.648000,1778300235.723000,18155,18204,50,50,0,benign,0
676,20260508_211713_sudoers_mod_zCim6D,1778300235.656000,1778300235.731000,18165,18214,50,50,0,benign,0
677,20260508_211713_sudoers_mod_zCim6D,1778300235.697000,1778300235.743000,18175,18224,50,50,0,benign,0
678,20260508_211713_sudoers_mod_zCim6D,1778300235.699000,1778300235.751000,18185,18234,50,50,0,benign,0
679,20260508_211713_sudoers_mod_zCim6D,1778300235.712000,1778300235.763000,18195,18244,50,50,0,benign,0
680,20260508_211713_sudoers_mod_zCim6D,1778300235.723000,1778300235.766000,18205,18254,50,50,0,benign,0
681,20260508_211713_sudoers_mod_zCim6D,1778300235.733000,1778300235.812000,18215,18264,50,50,0,benign,0
682,20260508_211713_sudoers_mod_zCim6D,1778300235.745000,1778300235.828000,18225,18274,50,50,0,benign,0
683,20260508_211713_sudoers_mod_zCim6D,1778300235.752000,1778300235.830000,18235,18284,50,50,0,benign,0
684,20260508_211713_sudoers_mod_zCim6D,1778300235.763000,1778300235.930000,18245,18294,50,50,0,benign,0
685,20260508_211713_sudoers_mod_zCim6D,1778300235.766000,1778300235.938000,18255,18304,50,50,0,benign,0
686,20260508_211713_sudoers_mod_zCim6D,1778300235.812000,1778300235.980000,18265,18314,50,50,0,benign,0
687,20260508_211713_sudoers_mod_zCim6D,1778300235.828000,1778300235.992000,18275,18324,50,50,0,benign,0
688,20260508_211713_sudoers_mod_zCim6D,1778300235.830000,1778300236.000000,18285,18334,50,50,0,benign,0
689,20260508_211713_sudoers_mod_zCim6D,1778300235.930000,1778300236.010000,18295,18344,50,50,0,benign,0
690,20260508_211713_sudoers_mod_zCim6D,1778300235.938000,1778300236.019000,18305,18354,50,50,0,benign,0
691,20260508_211713_sudoers_mod_zCim6D,1778300235.980000,1778300236.019000,18315,18364,50,50,0,benign,0
692,20260508_211713_sudoers_mod_zCim6D,1778300235.993000,1778300236.019000,18325,18374,50,50,0,benign,0
693,20260508_211713_sudoers_mod_zCim6D,1778300236.002000,1778300236.023000,18335,18384,50,50,0,benign,0
694,20260508_211713_sudoers_mod_zCim6D,1778300236.011000,1778300236.027000,18345,18394,50,50,0,benign,0
695,20260508_211713_sudoers_mod_zCim6D,1778300236.019000,1778300236.031000,18355,18404,50,50,0,benign,0
696,20260508_211713_sudoers_mod_zCim6D,1778300236.019000,1778300236.035000,18365,18414,50,50,0,benign,0
697,20260508_211713_sudoers_mod_zCim6D,1778300236.020000,1778300236.039000,18375,18424,50,50,0,benign,0
698,20260508_211713_sudoers_mod_zCim6D,1778300236.023000,1778300236.043000,18385,18434,50,50,0,benign,0
699,20260508_211713_sudoers_mod_zCim6D,1778300236.028000,1778300236.048000,18395,18444,50,50,0,benign,0
700,20260508_211713_sudoers_mod_zCim6D,1778300236.032000,1778300236.052000,18405,18454,50,50,0,benign,0
701,20260508_211713_sudoers_mod_zCim6D,1778300236.035000,1778300236.056000,18415,18464,50,50,0,benign,0
702,20260508_211713_sudoers_mod_zCim6D,1778300236.039000,1778300236.058000,18425,18474,50,50,0,benign,0
703,20260508_211713_sudoers_mod_zCim6D,1778300236.043000,1778300236.112000,18435,18484,50,50,0,benign,0
704,20260508_211713_sudoers_mod_zCim6D,1778300236.048000,1778300236.126000,18445,18494,50,50,0,benign,0
705,20260508_211713_sudoers_mod_zCim6D,1778300236.052000,1778300236.229000,18455,18504,50,50,0,benign,0
706,20260508_211713_sudoers_mod_zCim6D,1778300236.056000,1778300236.230000,18465,18514,50,50,0,benign,0
707,20260508_211713_sudoers_mod_zCim6D,1778300236.107000,1778300236.267000,18475,18524,50,50,0,benign,0
708,20260508_211713_sudoers_mod_zCim6D,1778300236.112000,1778300236.280000,18485,18534,50,50,0,benign,0
709,20260508_211713_sudoers_mod_zCim6D,1778300236.126000,1778300236.292000,18495,18544,50,50,0,benign,0
710,20260508_211713_sudoers_mod_zCim6D,1778300236.230000,1778300236.301000,18505,18554,50,50,0,benign,0
711,20260508_211713_sudoers_mod_zCim6D,1778300236.238000,1778300236.311000,18515,18564,50,50,0,benign,0
712,20260508_211713_sudoers_mod_zCim6D,1778300236.267000,1778300236.322000,18525,18574,50,50,0,benign,0
713,20260508_211713_sudoers_mod_zCim6D,1778300236.280000,1778300236.330000,18535,18584,50,50,0,benign,0
714,20260508_211713_sudoers_mod_zCim6D,1778300236.292000,1778300236.341000,18545,18594,50,50,0,benign,0
715,20260508_211713_sudoers_mod_zCim6D,1778300236.303000,1778300236.346000,18555,18604,50,50,0,benign,0
716,20260508_211713_sudoers_mod_zCim6D,1778300236.311000,1778300236.408000,18565,18614,50,50,0,benign,0
717,20260508_211713_sudoers_mod_zCim6D,1778300236.322000,1778300236.410000,18575,18624,50,50,0,benign,0
718,20260508_211713_sudoers_mod_zCim6D,1778300236.331000,1778300236.424000,18585,18634,50,50,0,benign,0
719,20260508_211713_sudoers_mod_zCim6D,1778300236.342000,1778300236.525000,18595,18644,50,50,0,benign,0
720,20260508_211713_sudoers_mod_zCim6D,1778300236.347000,1778300236.533000,18605,18654,50,50,0,benign,0
721,20260508_211713_sudoers_mod_zCim6D,1778300236.408000,1778300236.607000,18615,18664,50,50,0,benign,0
722,20260508_211713_sudoers_mod_zCim6D,1778300236.420000,1778300236.607000,18625,18674,50,50,0,benign,0
723,20260508_211713_sudoers_mod_zCim6D,1778300236.424000,1778300236.629000,18635,18684,50,50,0,benign,0
724,20260508_211713_sudoers_mod_zCim6D,1778300236.525000,1778300236.638000,18645,18694,50,50,0,benign,0
725,20260508_211713_sudoers_mod_zCim6D,1778300236.533000,1778300236.650000,18655,18704,50,50,0,benign,0
726,20260508_211713_sudoers_mod_zCim6D,1778300236.607000,1778300236.663000,18665,18714,50,50,0,benign,0
727,20260508_211713_sudoers_mod_zCim6D,1778300236.608000,1778300236.670000,18675,18724,50,50,0,benign,0
728,20260508_211713_sudoers_mod_zCim6D,1778300236.630000,1778300236.679000,18685,18734,50,50,0,benign,0
729,20260508_211713_sudoers_mod_zCim6D,1778300236.640000,1778300236.681000,18695,18744,50,50,0,benign,0
730,20260508_211713_sudoers_mod_zCim6D,1778300236.651000,1778300236.738000,18705,18754,50,50,0,benign,0
731,20260508_211713_sudoers_mod_zCim6D,1778300236.663000,1778300236.752000,18715,18764,50,50,0,benign,0
732,20260508_211713_sudoers_mod_zCim6D,1778300236.672000,1778300236.857000,18725,18774,50,50,0,benign,0
733,20260508_211713_sudoers_mod_zCim6D,1778300236.680000,1778300236.858000,18735,18784,50,50,0,benign,0
734,20260508_211713_sudoers_mod_zCim6D,1778300236.681000,1778300236.894000,18745,18794,50,50,0,benign,0
735,20260508_211713_sudoers_mod_zCim6D,1778300236.738000,1778300236.907000,18755,18804,50,50,0,benign,0
736,20260508_211713_sudoers_mod_zCim6D,1778300236.752000,1778300236.921000,18765,18814,50,50,0,benign,0
737,20260508_211713_sudoers_mod_zCim6D,1778300236.857000,1778300236.930000,18775,18824,50,50,0,benign,0
738,20260508_211713_sudoers_mod_zCim6D,1778300236.866000,1778300236.940000,18785,18834,50,50,0,benign,0
739,20260508_211713_sudoers_mod_zCim6D,1778300236.895000,1778300236.952000,18795,18844,50,50,0,benign,0
740,20260508_211713_sudoers_mod_zCim6D,1778300236.907000,1778300236.957000,18805,18854,50,50,0,benign,0
741,20260508_211713_sudoers_mod_zCim6D,1778300236.921000,1778300236.969000,18815,18864,50,50,0,benign,0
742,20260508_211713_sudoers_mod_zCim6D,1778300236.932000,1778300236.974000,18825,18874,50,50,0,benign,0
743,20260508_211713_sudoers_mod_zCim6D,1778300236.940000,1778300237.031000,18835,18884,50,50,0,benign,0
744,20260508_211713_sudoers_mod_zCim6D,1778300236.952000,1778300237.033000,18845,18894,50,50,0,benign,0
745,20260508_211713_sudoers_mod_zCim6D,1778300236.959000,1778300237.035000,18855,18904,50,50,0,benign,0
746,20260508_211713_sudoers_mod_zCim6D,1778300236.971000,1778300237.037000,18865,18914,50,50,0,benign,0
747,20260508_211713_sudoers_mod_zCim6D,1778300236.974000,1778300237.038000,18875,18924,50,50,0,benign,0
748,20260508_211713_sudoers_mod_zCim6D,1778300237.032000,1778300237.039000,18885,18934,50,50,0,benign,0
749,20260508_211713_sudoers_mod_zCim6D,1778300237.033000,1778300237.040000,18895,18944,50,50,0,benign,0
750,20260508_211713_sudoers_mod_zCim6D,1778300237.035000,1778300238.055000,18905,18954,50,50,0,benign,0
751,20260508_211713_sudoers_mod_zCim6D,1778300237.037000,1778300238.056000,18915,18964,50,50,0,benign,0
752,20260508_211713_sudoers_mod_zCim6D,1778300237.038000,1778300238.056000,18925,18974,50,50,0,benign,0
753,20260508_211713_sudoers_mod_zCim6D,1778300237.039000,1778300238.058000,18935,18984,50,50,0,benign,0
754,20260508_211801_root_copyfail_YGhMdA,1778300277.679000,1778300279.719000,20009,20058,50,50,0,benign,0
755,20260508_211801_root_copyfail_YGhMdA,1778300277.680000,1778300279.822000,20019,20068,50,50,0,benign,0
756,20260508_211801_root_copyfail_YGhMdA,1778300277.681000,1778300279.823000,20029,20078,50,50,0,benign,0
757,20260508_211801_root_copyfail_YGhMdA,1778300277.685000,1778300279.830000,20039,20088,50,50,0,benign,0
758,20260508_211801_root_copyfail_YGhMdA,1778300277.803000,1778300279.872000,20049,20098,50,50,0,benign,0
759,20260508_211801_root_copyfail_YGhMdA,1778300279.719000,1778300279.887000,20059,20108,50,50,0,benign,0
760,20260508_211801_root_copyfail_YGhMdA,1778300279.822000,1778300279.898000,20069,20118,50,50,0,benign,0
761,20260508_211801_root_copyfail_YGhMdA,1778300279.823000,1778300279.916000,20079,20128,50,50,0,benign,0
762,20260508_211801_root_copyfail_YGhMdA,1778300279.858000,1778300280.251000,20089,20138,50,50,0,benign,0
763,20260508_211801_root_copyfail_YGhMdA,1778300279.872000,1778300280.264000,20099,20148,50,50,0,benign,0
764,20260508_211801_root_copyfail_YGhMdA,1778300279.888000,1778300280.276000,20109,20158,50,50,0,benign,0
765,20260508_211801_root_copyfail_YGhMdA,1778300279.900000,1778300280.286000,20119,20168,50,50,0,benign,0
766,20260508_211801_root_copyfail_YGhMdA,1778300279.941000,1778300280.297000,20129,20178,50,50,0,benign,0
767,20260508_211801_root_copyfail_YGhMdA,1778300280.251000,1778300280.301000,20139,20188,50,50,0,benign,0
768,20260508_211801_root_copyfail_YGhMdA,1778300280.267000,1778300280.347000,20149,20198,50,50,0,benign,0
769,20260508_211801_root_copyfail_YGhMdA,1778300280.279000,1778300280.383000,20159,20208,50,50,0,benign,0
770,20260508_211801_root_copyfail_YGhMdA,1778300280.287000,1778300280.389000,20169,20218,50,50,0,benign,0
771,20260508_211801_root_copyfail_YGhMdA,1778300280.297000,1778300280.493000,20179,20228,50,50,0,benign,0
772,20260508_211801_root_copyfail_YGhMdA,1778300280.301000,1778300280.500000,20189,20238,50,50,0,benign,0
773,20260508_211801_root_copyfail_YGhMdA,1778300280.347000,1778300280.543000,20199,20248,50,50,0,benign,0
774,20260508_211801_root_copyfail_YGhMdA,1778300280.386000,1778300280.544000,20209,20258,50,50,0,benign,0
775,20260508_211801_root_copyfail_YGhMdA,1778300280.389000,1778300280.561000,20219,20268,50,50,0,benign,0
776,20260508_211801_root_copyfail_YGhMdA,1778300280.493000,1778300280.575000,20229,20278,50,50,0,benign,0
777,20260508_211801_root_copyfail_YGhMdA,1778300280.500000,1778300280.585000,20239,20288,50,50,0,benign,0
778,20260508_211801_root_copyfail_YGhMdA,1778300280.543000,1778300280.597000,20249,20298,50,50,0,benign,0
779,20260508_211801_root_copyfail_YGhMdA,1778300280.552000,1778300280.606000,20259,20308,50,50,0,benign,0
780,20260508_211801_root_copyfail_YGhMdA,1778300280.563000,1778300280.614000,20269,20318,50,50,0,benign,0
781,20260508_211801_root_copyfail_YGhMdA,1778300280.575000,1778300280.615000,20279,20328,50,50,0,benign,0
782,20260508_211801_root_copyfail_YGhMdA,1778300280.586000,1778300280.678000,20289,20338,50,50,0,benign,0
783,20260508_211801_root_copyfail_YGhMdA,1778300280.597000,1778300280.772000,20299,20350,50,50,0,benign,0
784,20260508_211801_root_copyfail_YGhMdA,1778300280.607000,1778300280.877000,20309,20360,50,50,0,benign,0
785,20260508_211801_root_copyfail_YGhMdA,1778300280.615000,1778300280.885000,20319,20371,50,50,0,benign,0
786,20260508_211801_root_copyfail_YGhMdA,1778300280.672000,1778300280.959000,20329,20384,50,50,0,benign,0
787,20260508_211801_root_copyfail_YGhMdA,1778300280.678000,1778300280.961000,20339,20395,50,50,0,benign,0
788,20260508_211801_root_copyfail_YGhMdA,1778300280.772000,1778300280.987000,20351,20405,50,50,0,benign,0
789,20260508_211801_root_copyfail_YGhMdA,1778300280.877000,1778300280.999000,20361,20415,50,50,0,benign,0
790,20260508_211801_root_copyfail_YGhMdA,1778300280.885000,1778300281.016000,20372,20425,50,50,0,benign,0
791,20260508_211801_root_copyfail_YGhMdA,1778300280.959000,1778300281.026000,20385,20435,50,50,0,benign,0
792,20260508_211801_root_copyfail_YGhMdA,1778300280.961000,1778300281.035000,20396,20445,50,50,0,benign,0
793,20260508_211801_root_copyfail_YGhMdA,1778300280.988000,1778300281.047000,20406,20455,50,50,0,benign,0
794,20260508_211801_root_copyfail_YGhMdA,1778300281.003000,1778300281.106000,20416,20467,50,50,0,benign,0
795,20260508_211801_root_copyfail_YGhMdA,1778300281.017000,1778300281.121000,20426,20477,50,50,0,benign,0
796,20260508_211801_root_copyfail_YGhMdA,1778300281.026000,1778300281.126000,20437,20487,50,50,0,benign,0
797,20260508_211801_root_copyfail_YGhMdA,1778300281.036000,1778300281.137000,20446,20497,50,50,0,benign,0
798,20260508_211801_root_copyfail_YGhMdA,1778300281.047000,1778300281.145000,20456,20507,50,50,0,benign,0
799,20260508_211801_root_copyfail_YGhMdA,1778300281.107000,1778300281.149000,20468,20517,50,50,0,benign,0
800,20260508_211801_root_copyfail_YGhMdA,1778300281.121000,1778300281.158000,20478,20527,50,45,5,malicious,1
801,20260508_211801_root_copyfail_YGhMdA,1778300281.126000,1778300281.163000,20488,20537,50,39,11,malicious,1
802,20260508_211801_root_copyfail_YGhMdA,1778300281.138000,1778300283.164000,20498,20547,50,33,17,malicious,1
803,20260508_211801_root_copyfail_YGhMdA,1778300281.145000,1778300284.173000,20508,20557,50,33,17,malicious,1
804,20260508_211801_root_copyfail_YGhMdA,1778300281.150000,1778300284.180000,20518,20569,50,33,17,malicious,1
805,20260508_211801_root_copyfail_YGhMdA,1778300281.158000,1778300284.195000,20528,20579,50,38,12,malicious,1
806,20260508_211801_root_copyfail_YGhMdA,1778300281.163000,1778300284.299000,20538,20589,50,44,6,malicious,1
807,20260508_211801_root_copyfail_YGhMdA,1778300283.165000,1778300284.307000,20548,20600,50,50,0,benign,0
808,20260508_211801_root_copyfail_YGhMdA,1778300284.173000,1778300284.349000,20558,20614,50,50,0,benign,0
809,20260508_211801_root_copyfail_YGhMdA,1778300284.180000,1778300284.359000,20570,20624,50,50,0,benign,0
810,20260508_211801_root_copyfail_YGhMdA,1778300284.197000,1778300284.369000,20580,20634,50,50,0,benign,0
811,20260508_211801_root_copyfail_YGhMdA,1778300284.299000,1778300284.384000,20590,20644,50,50,0,benign,0
812,20260508_211801_root_copyfail_YGhMdA,1778300284.307000,1778300284.400000,20601,20654,50,50,0,benign,0
813,20260508_211801_root_copyfail_YGhMdA,1778300284.349000,1778300284.411000,20615,20664,50,50,0,benign,0
814,20260508_211801_root_copyfail_YGhMdA,1778300284.360000,1778300284.423000,20625,20674,50,50,0,benign,0
815,20260508_211801_root_copyfail_YGhMdA,1778300284.370000,1778300284.429000,20635,20685,50,50,0,benign,0
816,20260508_211801_root_copyfail_YGhMdA,1778300284.385000,1778300284.477000,20645,20696,50,50,0,benign,0
817,20260508_211801_root_copyfail_YGhMdA,1778300284.402000,1778300284.485000,20655,20708,50,50,0,benign,0
818,20260508_211801_root_copyfail_YGhMdA,1778300284.412000,1778300284.505000,20665,20718,50,50,0,benign,0
819,20260508_211801_root_copyfail_YGhMdA,1778300284.424000,1778300284.607000,20675,20728,50,50,0,benign,0
820,20260508_211801_root_copyfail_YGhMdA,1778300284.429000,1778300284.615000,20686,20739,50,50,0,benign,0
821,20260508_211801_root_copyfail_YGhMdA,1778300284.477000,1778300284.658000,20697,20753,50,50,0,benign,0
822,20260508_211801_root_copyfail_YGhMdA,1778300284.485000,1778300284.669000,20709,20763,50,50,0,benign,0
823,20260508_211801_root_copyfail_YGhMdA,1778300284.505000,1778300284.682000,20719,20773,50,50,0,benign,0
824,20260508_211801_root_copyfail_YGhMdA,1778300284.608000,1778300284.697000,20729,20783,50,50,0,benign,0
825,20260508_211801_root_copyfail_YGhMdA,1778300284.615000,1778300284.712000,20740,20793,50,50,0,benign,0
826,20260508_211801_root_copyfail_YGhMdA,1778300284.658000,1778300284.721000,20754,20803,50,50,0,benign,0
827,20260508_211801_root_copyfail_YGhMdA,1778300284.669000,1778300284.733000,20764,20813,50,50,0,benign,0
828,20260508_211801_root_copyfail_YGhMdA,1778300284.683000,1778300284.739000,20774,20824,50,50,0,benign,0
829,20260508_211801_root_copyfail_YGhMdA,1778300284.698000,1778300284.792000,20784,20835,50,50,0,benign,0
830,20260508_211801_root_copyfail_YGhMdA,1778300284.714000,1778300284.805000,20794,20847,50,50,0,benign,0
831,20260508_211801_root_copyfail_YGhMdA,1778300284.722000,1778300284.810000,20804,20857,50,50,0,benign,0
832,20260508_211801_root_copyfail_YGhMdA,1778300284.735000,1778300284.911000,20814,20867,50,50,0,benign,0
833,20260508_211801_root_copyfail_YGhMdA,1778300284.739000,1778300284.919000,20825,20878,50,50,0,benign,0
834,20260508_211801_root_copyfail_YGhMdA,1778300284.792000,1778300284.949000,20836,20890,50,50,0,benign,0
835,20260508_211801_root_copyfail_YGhMdA,1778300284.807000,1778300284.951000,20848,20900,50,50,0,benign,0
836,20260508_211801_root_copyfail_YGhMdA,1778300284.810000,1778300284.953000,20858,20910,50,50,0,benign,0
837,20260508_211801_root_copyfail_YGhMdA,1778300284.911000,1778300284.957000,20868,20920,50,50,0,benign,0
838,20260508_211801_root_copyfail_YGhMdA,1778300284.919000,1778300284.957000,20879,20930,50,50,0,benign,0
839,20260508_211801_root_copyfail_YGhMdA,1778300284.950000,1778300284.959000,20891,20940,50,50,0,benign,0
840,20260508_211801_root_copyfail_YGhMdA,1778300284.951000,1778300284.962000,20901,20952,50,50,0,benign,0
841,20260508_211801_root_copyfail_YGhMdA,1778300284.953000,1778300284.970000,20911,20962,50,50,0,benign,0
842,20260508_211801_root_copyfail_YGhMdA,1778300284.957000,1778300284.979000,20921,20972,50,50,0,benign,0
843,20260508_211801_root_copyfail_YGhMdA,1778300284.957000,1778300284.985000,20931,20982,50,50,0,benign,0
844,20260508_211801_root_copyfail_YGhMdA,1778300284.959000,1778300284.993000,20941,20992,50,50,0,benign,0
845,20260508_211801_root_copyfail_YGhMdA,1778300284.962000,1778300284.999000,20953,21002,50,50,0,benign,0
846,20260508_211801_root_copyfail_YGhMdA,1778300284.972000,1778300285.006000,20963,21012,50,50,0,benign,0
847,20260508_211801_root_copyfail_YGhMdA,1778300284.979000,1778300285.015000,20973,21022,50,50,0,benign,0
848,20260508_211801_root_copyfail_YGhMdA,1778300284.986000,1778300285.023000,20983,21032,50,50,0,benign,0
849,20260508_211801_root_copyfail_YGhMdA,1778300284.993000,1778300285.031000,20993,21042,50,50,0,benign,0
850,20260508_211801_root_copyfail_YGhMdA,1778300284.999000,1778300285.037000,21003,21052,50,50,0,benign,0
851,20260508_211801_root_copyfail_YGhMdA,1778300285.006000,1778300285.044000,21014,21062,50,50,0,benign,0
852,20260508_211801_root_copyfail_YGhMdA,1778300285.016000,1778300285.053000,21023,21072,50,50,0,benign,0
853,20260508_211801_root_copyfail_YGhMdA,1778300285.024000,1778300285.059000,21033,21082,50,50,0,benign,0
854,20260508_211801_root_copyfail_YGhMdA,1778300285.031000,1778300285.066000,21043,21092,50,50,0,benign,0
855,20260508_211801_root_copyfail_YGhMdA,1778300285.037000,1778300285.073000,21053,21102,50,50,0,benign,0
856,20260508_211801_root_copyfail_YGhMdA,1778300285.046000,1778300285.080000,21063,21113,50,50,0,benign,0
857,20260508_211801_root_copyfail_YGhMdA,1778300285.053000,1778300285.083000,21073,21124,50,50,0,benign,0
858,20260508_211801_root_copyfail_YGhMdA,1778300285.060000,1778300285.091000,21083,21134,50,50,0,benign,0
859,20260508_211801_root_copyfail_YGhMdA,1778300285.068000,1778300285.099000,21093,21144,50,50,0,benign,0
860,20260508_211801_root_copyfail_YGhMdA,1778300285.073000,1778300285.106000,21103,21154,50,50,0,benign,0
861,20260508_211801_root_copyfail_YGhMdA,1778300285.081000,1778300285.107000,21114,21164,50,50,0,benign,0
862,20260508_211801_root_copyfail_YGhMdA,1778300285.084000,1778300285.107000,21125,21174,50,50,0,benign,0
863,20260508_211801_root_copyfail_YGhMdA,1778300285.092000,1778300285.107000,21135,21184,50,50,0,benign,0
864,20260508_211801_root_copyfail_YGhMdA,1778300285.099000,1778300285.107000,21145,21194,50,50,0,benign,0
865,20260508_211801_root_copyfail_YGhMdA,1778300285.106000,1778300285.107000,21155,21204,50,50,0,benign,0
866,20260508_211801_root_copyfail_YGhMdA,1778300285.107000,1778300285.108000,21165,21214,50,50,0,benign,0
867,20260508_211801_root_copyfail_YGhMdA,1778300285.107000,1778300285.111000,21175,21224,50,50,0,benign,0
868,20260508_211801_root_copyfail_YGhMdA,1778300285.107000,1778300285.112000,21185,21234,50,50,0,benign,0
869,20260508_211801_root_copyfail_YGhMdA,1778300285.107000,1778300285.112000,21195,21244,50,50,0,benign,0
870,20260508_211801_root_copyfail_YGhMdA,1778300285.107000,1778300285.114000,21205,21254,50,50,0,benign,0
871,20260508_211801_root_copyfail_YGhMdA,1778300285.108000,1778300285.143000,21215,21264,50,50,0,benign,0
872,20260508_211801_root_copyfail_YGhMdA,1778300285.111000,1778300285.159000,21225,21276,50,50,0,benign,0
873,20260508_211801_root_copyfail_YGhMdA,1778300285.112000,1778300285.266000,21235,21286,50,50,0,benign,0
874,20260508_211801_root_copyfail_YGhMdA,1778300285.112000,1778300285.275000,21245,21297,50,50,0,benign,0
875,20260508_211801_root_copyfail_YGhMdA,1778300285.131000,1778300285.316000,21255,21310,50,50,0,benign,0
876,20260508_211801_root_copyfail_YGhMdA,1778300285.143000,1778300285.318000,21265,21321,50,50,0,benign,0
877,20260508_211801_root_copyfail_YGhMdA,1778300285.159000,1778300285.333000,21277,21331,50,50,0,benign,0
878,20260508_211801_root_copyfail_YGhMdA,1778300285.266000,1778300285.344000,21287,21341,50,50,0,benign,0
879,20260508_211801_root_copyfail_YGhMdA,1778300285.275000,1778300285.360000,21298,21351,50,50,0,benign,0
880,20260508_211801_root_copyfail_YGhMdA,1778300285.316000,1778300285.374000,21311,21361,50,50,0,benign,0
881,20260508_211801_root_copyfail_YGhMdA,1778300285.318000,1778300285.386000,21322,21371,50,50,0,benign,0
882,20260508_211801_root_copyfail_YGhMdA,1778300285.334000,1778300285.393000,21332,21381,50,50,0,benign,0
883,20260508_211801_root_copyfail_YGhMdA,1778300285.347000,1778300285.443000,21342,21393,50,50,0,benign,0
884,20260508_211801_root_copyfail_YGhMdA,1778300285.361000,1778300285.451000,21352,21403,50,50,0,benign,0
885,20260508_211801_root_copyfail_YGhMdA,1778300285.374000,1778300285.494000,21362,21413,50,50,0,benign,0
886,20260508_211801_root_copyfail_YGhMdA,1778300285.388000,1778300285.598000,21372,21423,50,50,0,benign,0
887,20260508_211801_root_copyfail_YGhMdA,1778300285.394000,1778300285.600000,21382,21433,50,50,0,benign,0
888,20260508_211801_root_copyfail_YGhMdA,1778300285.445000,1778300285.608000,21394,21443,50,50,0,benign,0
889,20260508_211801_root_copyfail_YGhMdA,1778300285.452000,1778300285.649000,21404,21453,50,50,0,benign,0
890,20260508_211801_root_copyfail_YGhMdA,1778300285.494000,1778300285.660000,21414,21463,50,50,0,benign,0
891,20260508_211801_root_copyfail_YGhMdA,1778300285.598000,1778300285.673000,21424,21473,50,50,0,benign,0
892,20260508_211801_root_copyfail_YGhMdA,1778300285.600000,1778300285.684000,21434,21483,50,50,0,benign,0
893,20260508_211801_root_copyfail_YGhMdA,1778300285.635000,1778300285.701000,21444,21493,50,50,0,benign,0
894,20260508_211801_root_copyfail_YGhMdA,1778300285.649000,1778300285.710000,21454,21503,50,50,0,benign,0
895,20260508_211801_root_copyfail_YGhMdA,1778300285.660000,1778300285.722000,21464,21513,50,50,0,benign,0
896,20260508_211801_root_copyfail_YGhMdA,1778300285.675000,1778300285.728000,21474,21523,50,50,0,benign,0
897,20260508_211801_root_copyfail_YGhMdA,1778300285.684000,1778300285.776000,21485,21533,50,50,0,benign,0
898,20260508_211801_root_copyfail_YGhMdA,1778300285.702000,1778300285.781000,21494,21543,50,50,0,benign,0
899,20260508_211801_root_copyfail_YGhMdA,1778300285.710000,1778300286.017000,21504,21553,50,50,0,benign,0
900,20260508_211807_suid_tool_backdoors_FkycdZ,1778300286.116000,1778300286.133000,21559,21608,50,50,0,benign,0
901,20260508_211807_suid_tool_backdoors_FkycdZ,1778300286.117000,1778300286.149000,21569,21618,50,50,0,benign,0
902,20260508_211807_suid_tool_backdoors_FkycdZ,1778300286.117000,1778300286.267000,21579,21628,50,50,0,benign,0
903,20260508_211807_suid_tool_backdoors_FkycdZ,1778300286.124000,1778300286.269000,21589,21638,50,50,0,benign,0
904,20260508_211807_suid_tool_backdoors_FkycdZ,1778300286.125000,1778300286.284000,21599,21648,50,50,0,benign,0
905,20260508_211807_suid_tool_backdoors_FkycdZ,1778300286.133000,1778300286.295000,21609,21658,50,50,0,benign,0
906,20260508_211807_suid_tool_backdoors_FkycdZ,1778300286.149000,1778300286.305000,21619,21668,50,50,0,benign,0
907,20260508_211807_suid_tool_backdoors_FkycdZ,1778300286.268000,1778300286.319000,21629,21678,50,50,0,benign,0
908,20260508_211807_suid_tool_backdoors_FkycdZ,1778300286.269000,1778300286.327000,21639,21688,50,50,0,benign,0
909,20260508_211807_suid_tool_backdoors_FkycdZ,1778300286.285000,1778300286.343000,21649,21698,50,50,0,benign,0
910,20260508_211807_suid_tool_backdoors_FkycdZ,1778300286.295000,1778300286.347000,21659,21708,50,50,0,benign,0
911,20260508_211807_suid_tool_backdoors_FkycdZ,1778300286.308000,1778300286.400000,21669,21718,50,50,0,benign,0
912,20260508_211807_suid_tool_backdoors_FkycdZ,1778300286.321000,1778300286.432000,21679,21728,50,50,0,benign,0
913,20260508_211807_suid_tool_backdoors_FkycdZ,1778300286.332000,1778300286.437000,21689,21738,50,50,0,benign,0
914,20260508_211807_suid_tool_backdoors_FkycdZ,1778300286.345000,1778300286.548000,21699,21748,50,50,0,benign,0
915,20260508_211807_suid_tool_backdoors_FkycdZ,1778300286.347000,1778300286.556000,21709,21758,50,50,0,benign,0
916,20260508_211807_suid_tool_backdoors_FkycdZ,1778300286.400000,1778300286.599000,21719,21768,50,50,0,benign,0
917,20260508_211807_suid_tool_backdoors_FkycdZ,1778300286.434000,1778300286.600000,21729,21778,50,50,0,benign,0
918,20260508_211807_suid_tool_backdoors_FkycdZ,1778300286.437000,1778300286.618000,21739,21788,50,50,0,benign,0
919,20260508_211807_suid_tool_backdoors_FkycdZ,1778300286.548000,1778300286.629000,21749,21798,50,50,0,benign,0
920,20260508_211807_suid_tool_backdoors_FkycdZ,1778300286.556000,1778300286.639000,21759,21808,50,50,0,benign,0
921,20260508_211807_suid_tool_backdoors_FkycdZ,1778300286.599000,1778300286.648000,21769,21818,50,50,0,benign,0
922,20260508_211807_suid_tool_backdoors_FkycdZ,1778300286.608000,1778300286.656000,21779,21828,50,50,0,benign,0
923,20260508_211807_suid_tool_backdoors_FkycdZ,1778300286.620000,1778300286.664000,21789,21838,50,50,0,benign,0
924,20260508_211807_suid_tool_backdoors_FkycdZ,1778300286.630000,1778300286.665000,21799,21848,50,50,0,benign,0
925,20260508_211807_suid_tool_backdoors_FkycdZ,1778300286.640000,1778300286.715000,21809,21858,50,50,0,benign,0
926,20260508_211807_suid_tool_backdoors_FkycdZ,1778300286.648000,1778300286.823000,21819,21870,50,50,0,benign,0
927,20260508_211807_suid_tool_backdoors_FkycdZ,1778300286.657000,1778300286.926000,21829,21880,50,50,0,benign,0
928,20260508_211807_suid_tool_backdoors_FkycdZ,1778300286.664000,1778300286.935000,21839,21891,50,50,0,benign,0
929,20260508_211807_suid_tool_backdoors_FkycdZ,1778300286.709000,1778300286.977000,21849,21904,50,50,0,benign,0
930,20260508_211807_suid_tool_backdoors_FkycdZ,1778300286.715000,1778300286.977000,21859,21915,50,50,0,benign,0
931,20260508_211807_suid_tool_backdoors_FkycdZ,1778300286.823000,1778300286.999000,21871,21925,50,50,0,benign,0
932,20260508_211807_suid_tool_backdoors_FkycdZ,1778300286.926000,1778300287.007000,21881,21935,50,50,0,benign,0
933,20260508_211807_suid_tool_backdoors_FkycdZ,1778300286.935000,1778300287.019000,21892,21945,50,50,0,benign,0
934,20260508_211807_suid_tool_backdoors_FkycdZ,1778300286.977000,1778300287.030000,21905,21955,50,50,0,benign,0
935,20260508_211807_suid_tool_backdoors_FkycdZ,1778300286.977000,1778300287.036000,21916,21965,50,50,0,benign,0
936,20260508_211807_suid_tool_backdoors_FkycdZ,1778300286.999000,1778300287.043000,21926,21975,50,50,0,benign,0
937,20260508_211807_suid_tool_backdoors_FkycdZ,1778300287.010000,1778300287.100000,21936,21987,50,50,0,benign,0
938,20260508_211807_suid_tool_backdoors_FkycdZ,1778300287.021000,1778300287.104000,21946,21999,50,50,0,benign,0
939,20260508_211807_suid_tool_backdoors_FkycdZ,1778300287.030000,1778300287.120000,21956,22009,50,50,0,benign,0
940,20260508_211807_suid_tool_backdoors_FkycdZ,1778300287.038000,1778300287.221000,21966,22019,50,50,0,benign,0
941,20260508_211807_suid_tool_backdoors_FkycdZ,1778300287.045000,1778300287.229000,21976,22030,50,50,0,benign,0
942,20260508_211807_suid_tool_backdoors_FkycdZ,1778300287.102000,1778300287.271000,21988,22044,50,50,0,benign,0
943,20260508_211807_suid_tool_backdoors_FkycdZ,1778300287.114000,1778300287.287000,22000,22054,50,50,0,benign,0
944,20260508_211807_suid_tool_backdoors_FkycdZ,1778300287.120000,1778300287.302000,22010,22064,50,50,0,benign,0
945,20260508_211807_suid_tool_backdoors_FkycdZ,1778300287.221000,1778300287.311000,22020,22074,50,50,0,benign,0
946,20260508_211807_suid_tool_backdoors_FkycdZ,1778300287.229000,1778300287.325000,22031,22084,50,50,0,benign,0
947,20260508_211807_suid_tool_backdoors_FkycdZ,1778300287.271000,1778300287.332000,22045,22094,50,50,0,benign,0
948,20260508_211807_suid_tool_backdoors_FkycdZ,1778300287.287000,1778300287.343000,22055,22104,50,50,0,benign,0
949,20260508_211807_suid_tool_backdoors_FkycdZ,1778300287.303000,1778300287.347000,22065,22115,50,50,0,benign,0
950,20260508_211807_suid_tool_backdoors_FkycdZ,1778300287.312000,1778300287.397000,22075,22126,50,50,0,benign,0
951,20260508_211807_suid_tool_backdoors_FkycdZ,1778300287.326000,1778300287.400000,22085,22138,50,50,0,benign,0
952,20260508_211807_suid_tool_backdoors_FkycdZ,1778300287.333000,1778300287.413000,22095,22148,50,50,0,benign,0
953,20260508_211807_suid_tool_backdoors_FkycdZ,1778300287.344000,1778300287.419000,22105,22158,50,50,0,benign,0
954,20260508_211807_suid_tool_backdoors_FkycdZ,1778300287.348000,1778300287.427000,22117,22168,50,50,0,benign,0
955,20260508_211807_suid_tool_backdoors_FkycdZ,1778300287.398000,1778300287.431000,22127,22178,50,50,0,benign,0
956,20260508_211807_suid_tool_backdoors_FkycdZ,1778300287.400000,1778300287.438000,22139,22188,50,47,3,benign,0
957,20260508_211807_suid_tool_backdoors_FkycdZ,1778300287.416000,1778300287.447000,22149,22198,50,42,8,malicious,1
958,20260508_211807_suid_tool_backdoors_FkycdZ,1778300287.419000,1778300287.455000,22159,22208,50,39,11,malicious,1
959,20260508_211807_suid_tool_backdoors_FkycdZ,1778300287.427000,1778300287.466000,22169,22218,50,33,17,malicious,1
960,20260508_211807_suid_tool_backdoors_FkycdZ,1778300287.431000,1778300287.477000,22179,22228,50,27,23,malicious,1
961,20260508_211807_suid_tool_backdoors_FkycdZ,1778300287.441000,1778300287.484000,22189,22238,50,24,26,malicious,1
962,20260508_211807_suid_tool_backdoors_FkycdZ,1778300287.449000,1778300287.493000,22199,22248,50,22,28,malicious,1
963,20260508_211807_suid_tool_backdoors_FkycdZ,1778300287.457000,1778300287.534000,22209,22258,50,19,31,malicious,1
964,20260508_211807_suid_tool_backdoors_FkycdZ,1778300287.466000,1778300287.542000,22219,22269,50,25,25,malicious,1
965,20260508_211807_suid_tool_backdoors_FkycdZ,1778300287.477000,1778300287.583000,22229,22282,50,31,19,malicious,1
966,20260508_211807_suid_tool_backdoors_FkycdZ,1778300287.485000,1778300287.584000,22239,22293,50,37,13,malicious,1
967,20260508_211807_suid_tool_backdoors_FkycdZ,1778300287.493000,1778300287.602000,22249,22303,50,44,6,malicious,1
968,20260508_211807_suid_tool_backdoors_FkycdZ,1778300287.534000,1778300287.616000,22259,22313,50,50,0,benign,0
969,20260508_211807_suid_tool_backdoors_FkycdZ,1778300287.542000,1778300287.629000,22270,22323,50,50,0,benign,0
970,20260508_211807_suid_tool_backdoors_FkycdZ,1778300287.584000,1778300287.642000,22283,22333,50,50,0,benign,0
971,20260508_211807_suid_tool_backdoors_FkycdZ,1778300287.585000,1778300287.650000,22294,22343,50,50,0,benign,0
972,20260508_211807_suid_tool_backdoors_FkycdZ,1778300287.603000,1778300287.658000,22304,22353,50,50,0,benign,0
973,20260508_211807_suid_tool_backdoors_FkycdZ,1778300287.619000,1778300287.708000,22314,22365,50,50,0,benign,0
974,20260508_211807_suid_tool_backdoors_FkycdZ,1778300287.630000,1778300287.713000,22324,22377,50,50,0,benign,0
975,20260508_211807_suid_tool_backdoors_FkycdZ,1778300287.643000,1778300287.728000,22334,22387,50,50,0,benign,0
976,20260508_211807_suid_tool_backdoors_FkycdZ,1778300287.652000,1778300287.840000,22344,22397,50,50,0,benign,0
977,20260508_211807_suid_tool_backdoors_FkycdZ,1778300287.658000,1778300287.848000,22354,22408,50,50,0,benign,0
978,20260508_211807_suid_tool_backdoors_FkycdZ,1778300287.709000,1778300287.891000,22366,22422,50,50,0,benign,0
979,20260508_211807_suid_tool_backdoors_FkycdZ,1778300287.713000,1778300287.904000,22378,22432,50,50,0,benign,0
980,20260508_211807_suid_tool_backdoors_FkycdZ,1778300287.728000,1778300287.915000,22388,22442,50,50,0,benign,0
981,20260508_211807_suid_tool_backdoors_FkycdZ,1778300287.840000,1778300287.926000,22398,22452,50,50,0,benign,0
982,20260508_211807_suid_tool_backdoors_FkycdZ,1778300287.848000,1778300287.938000,22409,22462,50,50,0,benign,0
983,20260508_211807_suid_tool_backdoors_FkycdZ,1778300287.891000,1778300287.945000,22423,22472,50,50,0,benign,0
984,20260508_211807_suid_tool_backdoors_FkycdZ,1778300287.904000,1778300287.956000,22433,22482,50,50,0,benign,0
985,20260508_211807_suid_tool_backdoors_FkycdZ,1778300287.916000,1778300287.961000,22443,22493,50,50,0,benign,0
986,20260508_211807_suid_tool_backdoors_FkycdZ,1778300287.927000,1778300288.023000,22453,22504,50,50,0,benign,0
987,20260508_211807_suid_tool_backdoors_FkycdZ,1778300287.939000,1778300288.041000,22463,22516,50,50,0,benign,0
988,20260508_211807_suid_tool_backdoors_FkycdZ,1778300287.946000,1778300288.044000,22473,22526,50,50,0,benign,0
989,20260508_211807_suid_tool_backdoors_FkycdZ,1778300287.957000,1778300288.156000,22483,22536,50,50,0,benign,0
990,20260508_211807_suid_tool_backdoors_FkycdZ,1778300287.961000,1778300288.198000,22494,22548,50,50,0,benign,0
991,20260508_211807_suid_tool_backdoors_FkycdZ,1778300288.023000,1778300288.211000,22505,22561,50,50,0,benign,0
992,20260508_211807_suid_tool_backdoors_FkycdZ,1778300288.041000,1778300288.225000,22517,22571,50,50,0,benign,0
993,20260508_211807_suid_tool_backdoors_FkycdZ,1778300288.156000,1778300288.237000,22527,22581,50,50,0,benign,0
994,20260508_211807_suid_tool_backdoors_FkycdZ,1778300288.156000,1778300288.251000,22537,22591,50,50,0,benign,0
995,20260508_211807_suid_tool_backdoors_FkycdZ,1778300288.210000,1778300288.263000,22551,22601,50,50,0,benign,0
996,20260508_211807_suid_tool_backdoors_FkycdZ,1778300288.211000,1778300288.271000,22562,22611,50,50,0,benign,0
997,20260508_211807_suid_tool_backdoors_FkycdZ,1778300288.226000,1778300288.281000,22572,22621,50,50,0,benign,0
998,20260508_211807_suid_tool_backdoors_FkycdZ,1778300288.237000,1778300288.284000,22582,22633,50,50,0,benign,0
999,20260508_211807_suid_tool_backdoors_FkycdZ,1778300288.254000,1778300288.342000,22592,22643,50,50,0,benign,0
1000,20260508_211807_suid_tool_backdoors_FkycdZ,1778300288.264000,1778300288.373000,22602,22655,50,50,0,benign,0
1001,20260508_211807_suid_tool_backdoors_FkycdZ,1778300288.272000,1778300288.479000,22612,22665,50,50,0,benign,0
1002,20260508_211807_suid_tool_backdoors_FkycdZ,1778300288.282000,1778300288.488000,22622,22676,50,50,0,benign,0
1003,20260508_211807_suid_tool_backdoors_FkycdZ,1778300288.284000,1778300288.529000,22634,22689,50,50,0,benign,0
1004,20260508_211807_suid_tool_backdoors_FkycdZ,1778300288.342000,1778300288.530000,22644,22700,50,50,0,benign,0
1005,20260508_211807_suid_tool_backdoors_FkycdZ,1778300288.373000,1778300288.546000,22656,22710,50,50,0,benign,0
1006,20260508_211807_suid_tool_backdoors_FkycdZ,1778300288.479000,1778300288.555000,22666,22719,50,50,0,benign,0
1007,20260508_211807_suid_tool_backdoors_FkycdZ,1778300288.488000,1778300288.569000,22677,22730,50,50,0,benign,0
1008,20260508_211807_suid_tool_backdoors_FkycdZ,1778300288.530000,1778300288.580000,22690,22740,50,50,0,benign,0
1009,20260508_211807_suid_tool_backdoors_FkycdZ,1778300288.531000,1778300288.587000,22701,22750,50,50,0,benign,0
1010,20260508_211807_suid_tool_backdoors_FkycdZ,1778300288.547000,1778300288.596000,22711,22760,50,50,0,benign,0
1011,20260508_211807_suid_tool_backdoors_FkycdZ,1778300288.560000,1778300288.645000,22721,22772,50,50,0,benign,0
1012,20260508_211807_suid_tool_backdoors_FkycdZ,1778300288.570000,1778300288.655000,22731,22784,50,50,0,benign,0
1013,20260508_211807_suid_tool_backdoors_FkycdZ,1778300288.581000,1778300288.674000,22741,22794,50,50,0,benign,0
1014,20260508_211807_suid_tool_backdoors_FkycdZ,1778300288.589000,1778300288.782000,22751,22804,50,50,0,benign,0
1015,20260508_211807_suid_tool_backdoors_FkycdZ,1778300288.597000,1778300288.789000,22761,22815,50,50,0,benign,0
1016,20260508_211807_suid_tool_backdoors_FkycdZ,1778300288.646000,1778300288.832000,22773,22829,50,50,0,benign,0
1017,20260508_211807_suid_tool_backdoors_FkycdZ,1778300288.655000,1778300288.839000,22785,22839,50,50,0,benign,0
1018,20260508_211807_suid_tool_backdoors_FkycdZ,1778300288.676000,1778300288.848000,22795,22849,50,50,0,benign,0
1019,20260508_211807_suid_tool_backdoors_FkycdZ,1778300288.782000,1778300288.862000,22805,22859,50,50,0,benign,0
1020,20260508_211807_suid_tool_backdoors_FkycdZ,1778300288.789000,1778300288.877000,22816,22869,50,50,0,benign,0
1021,20260508_211807_suid_tool_backdoors_FkycdZ,1778300288.832000,1778300288.888000,22830,22879,50,50,0,benign,0
1022,20260508_211807_suid_tool_backdoors_FkycdZ,1778300288.840000,1778300288.898000,22840,22889,50,50,0,benign,0
1023,20260508_211807_suid_tool_backdoors_FkycdZ,1778300288.850000,1778300288.905000,22850,22900,50,50,0,benign,0
1024,20260508_211807_suid_tool_backdoors_FkycdZ,1778300288.863000,1778300288.963000,22860,22911,50,50,0,benign,0
1025,20260508_211807_suid_tool_backdoors_FkycdZ,1778300288.878000,1778300288.970000,22870,22923,50,50,0,benign,0
1026,20260508_211807_suid_tool_backdoors_FkycdZ,1778300288.888000,1778300288.988000,22880,22933,50,50,0,benign,0
1027,20260508_211807_suid_tool_backdoors_FkycdZ,1778300288.899000,1778300289.095000,22890,22943,50,50,0,benign,0
1028,20260508_211807_suid_tool_backdoors_FkycdZ,1778300288.905000,1778300289.103000,22901,22954,50,50,0,benign,0
1029,20260508_211807_suid_tool_backdoors_FkycdZ,1778300288.963000,1778300289.145000,22912,22968,50,50,0,benign,0
1030,20260508_211807_suid_tool_backdoors_FkycdZ,1778300288.970000,1778300289.156000,22924,22978,50,50,0,benign,0
1031,20260508_211807_suid_tool_backdoors_FkycdZ,1778300288.988000,1778300289.165000,22934,22988,50,50,0,benign,0
1032,20260508_211807_suid_tool_backdoors_FkycdZ,1778300289.095000,1778300289.178000,22944,22998,50,50,0,benign,0
1033,20260508_211807_suid_tool_backdoors_FkycdZ,1778300289.103000,1778300289.191000,22955,23008,50,50,0,benign,0
1034,20260508_211807_suid_tool_backdoors_FkycdZ,1778300289.145000,1778300289.200000,22969,23018,50,50,0,benign,0
1035,20260508_211807_suid_tool_backdoors_FkycdZ,1778300289.156000,1778300289.211000,22979,23028,50,50,0,benign,0
1036,20260508_211807_suid_tool_backdoors_FkycdZ,1778300289.168000,1778300289.216000,22989,23039,50,50,0,benign,0
1037,20260508_211807_suid_tool_backdoors_FkycdZ,1778300289.179000,1778300289.277000,22999,23050,50,50,0,benign,0
1038,20260508_211807_suid_tool_backdoors_FkycdZ,1778300289.193000,1778300289.280000,23009,23059,50,50,0,benign,0
1039,20260508_211807_suid_tool_backdoors_FkycdZ,1778300289.200000,1778300289.283000,23019,23069,50,50,0,benign,0
1040,20260508_211807_suid_tool_backdoors_FkycdZ,1778300289.212000,1778300289.304000,23029,23082,50,50,0,benign,0
1041,20260508_211807_suid_tool_backdoors_FkycdZ,1778300289.216000,1778300289.415000,23040,23092,50,50,0,benign,0
1042,20260508_211807_suid_tool_backdoors_FkycdZ,1778300289.277000,1778300289.424000,23051,23103,50,50,0,benign,0
1043,20260508_211807_suid_tool_backdoors_FkycdZ,1778300289.281000,1778300289.466000,23060,23116,50,50,0,benign,0
1044,20260508_211807_suid_tool_backdoors_FkycdZ,1778300289.284000,1778300289.467000,23072,23127,50,50,0,benign,0
1045,20260508_211807_suid_tool_backdoors_FkycdZ,1778300289.304000,1778300289.483000,23083,23137,50,50,0,benign,0
1046,20260508_211807_suid_tool_backdoors_FkycdZ,1778300289.415000,1778300289.495000,23093,23146,50,50,0,benign,0
1047,20260508_211807_suid_tool_backdoors_FkycdZ,1778300289.424000,1778300289.509000,23104,23157,50,50,0,benign,0
1048,20260508_211807_suid_tool_backdoors_FkycdZ,1778300289.466000,1778300289.521000,23117,23167,50,50,0,benign,0
1049,20260508_211807_suid_tool_backdoors_FkycdZ,1778300289.467000,1778300289.529000,23128,23177,50,50,0,benign,0
1050,20260508_211807_suid_tool_backdoors_FkycdZ,1778300289.486000,1778300289.538000,23138,23187,50,50,0,benign,0
1051,20260508_211807_suid_tool_backdoors_FkycdZ,1778300289.497000,1778300289.585000,23148,23199,50,50,0,benign,0
1052,20260508_211807_suid_tool_backdoors_FkycdZ,1778300289.511000,1778300289.593000,23158,23209,50,50,0,benign,0
1053,20260508_211807_suid_tool_backdoors_FkycdZ,1778300289.522000,1778300289.637000,23168,23219,50,50,0,benign,0
1054,20260508_211807_suid_tool_backdoors_FkycdZ,1778300289.531000,1778300289.742000,23178,23229,50,50,0,benign,0
1055,20260508_211807_suid_tool_backdoors_FkycdZ,1778300289.538000,1778300289.743000,23188,23239,50,50,0,benign,0
1056,20260508_211807_suid_tool_backdoors_FkycdZ,1778300289.586000,1778300289.751000,23200,23249,50,50,0,benign,0
1057,20260508_211807_suid_tool_backdoors_FkycdZ,1778300289.593000,1778300289.793000,23210,23259,50,50,0,benign,0
1058,20260508_211807_suid_tool_backdoors_FkycdZ,1778300289.637000,1778300289.804000,23220,23269,50,50,0,benign,0
1059,20260508_211807_suid_tool_backdoors_FkycdZ,1778300289.742000,1778300289.815000,23230,23279,50,50,0,benign,0
1060,20260508_211807_suid_tool_backdoors_FkycdZ,1778300289.743000,1778300289.825000,23240,23289,50,50,0,benign,0
1061,20260508_211807_suid_tool_backdoors_FkycdZ,1778300289.779000,1778300289.837000,23250,23299,50,50,0,benign,0
1062,20260508_211807_suid_tool_backdoors_FkycdZ,1778300289.793000,1778300289.845000,23260,23309,50,50,0,benign,0
1063,20260508_211807_suid_tool_backdoors_FkycdZ,1778300289.804000,1778300289.855000,23270,23319,50,50,0,benign,0
1064,20260508_211807_suid_tool_backdoors_FkycdZ,1778300289.816000,1778300289.862000,23280,23329,50,50,0,benign,0
1065,20260508_211807_suid_tool_backdoors_FkycdZ,1778300289.826000,1778300289.918000,23290,23339,50,50,0,benign,0
1066,20260508_211807_suid_tool_backdoors_FkycdZ,1778300289.838000,1778300289.925000,23300,23349,50,50,0,benign,0
1067,20260508_211807_suid_tool_backdoors_FkycdZ,1778300289.845000,1778300290.099000,23310,23359,50,50,0,benign,0
1068,20260508_211807_suid_tool_backdoors_FkycdZ,1778300289.857000,1778300290.206000,23320,23369,50,50,0,benign,0
1069,20260508_211807_suid_tool_backdoors_FkycdZ,1778300289.863000,1778300290.214000,23330,23379,50,50,0,benign,0
1070,20260508_211807_suid_tool_backdoors_FkycdZ,1778300289.922000,1778300290.255000,23340,23389,50,50,0,benign,0
1071,20260508_211807_suid_tool_backdoors_FkycdZ,1778300289.925000,1778300290.257000,23350,23399,50,50,0,benign,0
1072,20260508_211807_suid_tool_backdoors_FkycdZ,1778300290.099000,1778300290.269000,23360,23409,50,50,0,benign,0
1073,20260508_211807_suid_tool_backdoors_FkycdZ,1778300290.207000,1778300290.281000,23370,23419,50,50,0,benign,0
1074,20260508_211807_suid_tool_backdoors_FkycdZ,1778300290.214000,1778300290.292000,23380,23429,50,50,0,benign,0
1075,20260508_211807_suid_tool_backdoors_FkycdZ,1778300290.256000,1778300290.308000,23390,23439,50,50,0,benign,0
1076,20260508_211807_suid_tool_backdoors_FkycdZ,1778300290.257000,1778300290.315000,23400,23449,50,50,0,benign,0
1077,20260508_211807_suid_tool_backdoors_FkycdZ,1778300290.271000,1778300290.326000,23410,23459,50,50,0,benign,0
1078,20260508_211807_suid_tool_backdoors_FkycdZ,1778300290.281000,1778300290.330000,23420,23469,50,50,0,benign,0
1079,20260508_211807_suid_tool_backdoors_FkycdZ,1778300290.297000,1778300290.384000,23430,23479,50,50,0,benign,0
1080,20260508_211807_suid_tool_backdoors_FkycdZ,1778300290.309000,1778300290.400000,23440,23489,50,50,0,benign,0
1081,20260508_211807_suid_tool_backdoors_FkycdZ,1778300290.317000,1778300290.503000,23450,23499,50,50,0,benign,0
1082,20260508_211807_suid_tool_backdoors_FkycdZ,1778300290.327000,1778300290.504000,23460,23509,50,50,0,benign,0
1083,20260508_211807_suid_tool_backdoors_FkycdZ,1778300290.330000,1778300290.513000,23470,23519,50,50,0,benign,0
1084,20260508_211807_suid_tool_backdoors_FkycdZ,1778300290.385000,1778300290.555000,23480,23529,50,50,0,benign,0
1085,20260508_211807_suid_tool_backdoors_FkycdZ,1778300290.400000,1778300290.565000,23490,23539,50,50,0,benign,0
1086,20260508_211807_suid_tool_backdoors_FkycdZ,1778300290.503000,1778300290.576000,23500,23549,50,50,0,benign,0
1087,20260508_211807_suid_tool_backdoors_FkycdZ,1778300290.504000,1778300290.587000,23510,23559,50,50,0,benign,0
1088,20260508_211807_suid_tool_backdoors_FkycdZ,1778300290.541000,1778300290.601000,23520,23569,50,50,0,benign,0
1089,20260508_211807_suid_tool_backdoors_FkycdZ,1778300290.555000,1778300290.610000,23530,23579,50,50,0,benign,0
1090,20260508_211807_suid_tool_backdoors_FkycdZ,1778300290.565000,1778300290.620000,23540,23589,50,50,0,benign,0
1091,20260508_211807_suid_tool_backdoors_FkycdZ,1778300290.578000,1778300290.625000,23550,23599,50,50,0,benign,0
1092,20260508_211807_suid_tool_backdoors_FkycdZ,1778300290.588000,1778300290.680000,23560,23609,50,50,0,benign,0
1093,20260508_211807_suid_tool_backdoors_FkycdZ,1778300290.602000,1778300290.684000,23570,23619,50,50,0,benign,0
1094,20260508_211807_suid_tool_backdoors_FkycdZ,1778300290.610000,1778300290.702000,23580,23629,50,50,0,benign,0
1095,20260508_211807_suid_tool_backdoors_FkycdZ,1778300290.621000,1778300290.805000,23590,23639,50,50,0,benign,0
1096,20260508_211807_suid_tool_backdoors_FkycdZ,1778300290.625000,1778300290.813000,23600,23649,50,50,0,benign,0
1097,20260508_211807_suid_tool_backdoors_FkycdZ,1778300290.682000,1778300290.855000,23610,23659,50,50,0,benign,0
1098,20260508_211807_suid_tool_backdoors_FkycdZ,1778300290.684000,1778300290.855000,23620,23669,50,50,0,benign,0
1099,20260508_211807_suid_tool_backdoors_FkycdZ,1778300290.702000,1778300290.867000,23630,23679,50,50,0,benign,0
1100,20260508_211807_suid_tool_backdoors_FkycdZ,1778300290.805000,1778300290.880000,23640,23689,50,50,0,benign,0
1101,20260508_211807_suid_tool_backdoors_FkycdZ,1778300290.813000,1778300290.894000,23650,23699,50,50,0,benign,0
1102,20260508_211807_suid_tool_backdoors_FkycdZ,1778300290.855000,1778300290.906000,23660,23709,50,50,0,benign,0
1103,20260508_211807_suid_tool_backdoors_FkycdZ,1778300290.856000,1778300290.913000,23670,23719,50,50,0,benign,0
1104,20260508_211807_suid_tool_backdoors_FkycdZ,1778300290.868000,1778300290.924000,23680,23729,50,50,0,benign,0
1105,20260508_211807_suid_tool_backdoors_FkycdZ,1778300290.880000,1778300290.927000,23690,23739,50,50,0,benign,0
1106,20260508_211807_suid_tool_backdoors_FkycdZ,1778300290.895000,1778300290.978000,23700,23749,50,50,0,benign,0
1107,20260508_211807_suid_tool_backdoors_FkycdZ,1778300290.907000,1778300290.992000,23710,23759,50,50,0,benign,0
1108,20260508_211807_suid_tool_backdoors_FkycdZ,1778300290.914000,1778300290.995000,23720,23769,50,50,0,benign,0
1109,20260508_211807_suid_tool_backdoors_FkycdZ,1778300290.924000,1778300291.096000,23730,23779,50,50,0,benign,0
1110,20260508_211807_suid_tool_backdoors_FkycdZ,1778300290.927000,1778300291.105000,23740,23789,50,50,0,benign,0
1111,20260508_211807_suid_tool_backdoors_FkycdZ,1778300290.978000,1778300291.148000,23750,23799,50,50,0,benign,0
1112,20260508_211807_suid_tool_backdoors_FkycdZ,1778300290.992000,1778300291.159000,23760,23809,50,50,0,benign,0
1113,20260508_211807_suid_tool_backdoors_FkycdZ,1778300291.096000,1778300291.169000,23770,23819,50,50,0,benign,0
1114,20260508_211807_suid_tool_backdoors_FkycdZ,1778300291.096000,1778300291.180000,23780,23829,50,50,0,benign,0
1115,20260508_211807_suid_tool_backdoors_FkycdZ,1778300291.105000,1778300291.194000,23790,23839,50,50,0,benign,0
1116,20260508_211807_suid_tool_backdoors_FkycdZ,1778300291.148000,1778300291.205000,23800,23849,50,50,0,benign,0
1117,20260508_211807_suid_tool_backdoors_FkycdZ,1778300291.160000,1778300291.215000,23810,23859,50,50,0,benign,0
1118,20260508_211807_suid_tool_backdoors_FkycdZ,1778300291.171000,1778300291.225000,23820,23869,50,50,0,benign,0
1119,20260508_211807_suid_tool_backdoors_FkycdZ,1778300291.181000,1778300291.272000,23830,23879,50,50,0,benign,0
1120,20260508_211807_suid_tool_backdoors_FkycdZ,1778300291.195000,1778300291.277000,23840,23889,50,50,0,benign,0
1121,20260508_211807_suid_tool_backdoors_FkycdZ,1778300291.205000,1778300291.293000,23850,23899,50,50,0,benign,0
1122,20260508_211807_suid_tool_backdoors_FkycdZ,1778300291.218000,1778300291.383000,23860,23909,50,50,0,benign,0
1123,20260508_211807_suid_tool_backdoors_FkycdZ,1778300291.225000,1778300291.383000,23870,23919,50,50,0,benign,0
1124,20260508_211807_suid_tool_backdoors_FkycdZ,1778300291.274000,1778300291.385000,23880,23929,50,50,0,benign,0
1125,20260508_211807_suid_tool_backdoors_FkycdZ,1778300291.277000,1778300291.390000,23890,23939,50,50,0,benign,0
1126,20260508_211807_suid_tool_backdoors_FkycdZ,1778300291.293000,1778300291.395000,23900,23949,50,50,0,benign,0
1127,20260508_211807_suid_tool_backdoors_FkycdZ,1778300291.383000,1778300291.399000,23910,23959,50,50,0,benign,0
1128,20260508_211807_suid_tool_backdoors_FkycdZ,1778300291.383000,1778300291.405000,23920,23969,50,50,0,benign,0
1129,20260508_211807_suid_tool_backdoors_FkycdZ,1778300291.385000,1778300291.450000,23930,23979,50,50,0,benign,0
1130,20260508_211807_suid_tool_backdoors_FkycdZ,1778300291.390000,1778300291.452000,23940,23989,50,50,0,benign,0
1131,20260508_211807_suid_tool_backdoors_FkycdZ,1778300291.396000,1778300291.462000,23950,23999,50,50,0,benign,0
1132,20260508_211807_suid_tool_backdoors_FkycdZ,1778300291.399000,1778300291.472000,23960,24009,50,50,0,benign,0
1133,20260508_211807_suid_tool_backdoors_FkycdZ,1778300291.405000,1778300291.484000,23970,24019,50,50,0,benign,0
1134,20260508_211807_suid_tool_backdoors_FkycdZ,1778300291.452000,1778300291.495000,23980,24029,50,50,0,benign,0
1135,20260508_211807_suid_tool_backdoors_FkycdZ,1778300291.452000,1778300291.507000,23990,24039,50,50,0,benign,0
1136,20260508_211807_suid_tool_backdoors_FkycdZ,1778300291.463000,1778300291.517000,24000,24049,50,50,0,benign,0
1137,20260508_211807_suid_tool_backdoors_FkycdZ,1778300291.472000,1778300291.520000,24010,24059,50,50,0,benign,0
1138,20260508_211807_suid_tool_backdoors_FkycdZ,1778300291.485000,1778300291.569000,24020,24069,50,50,0,benign,0
1139,20260508_211807_suid_tool_backdoors_FkycdZ,1778300291.496000,1778300291.572000,24030,24079,50,50,0,benign,0
1140,20260508_211915_authorized_keys_global_dfUxF3,1778300353.856000,1778300354.373000,25415,25464,50,50,0,benign,0
1141,20260508_211915_authorized_keys_global_dfUxF3,1778300353.873000,1778300354.374000,25425,25474,50,50,0,benign,0
1142,20260508_211915_authorized_keys_global_dfUxF3,1778300354.222000,1778300354.387000,25435,25484,50,50,0,benign,0
1143,20260508_211915_authorized_keys_global_dfUxF3,1778300354.324000,1778300354.404000,25445,25494,50,50,0,benign,0
1144,20260508_211915_authorized_keys_global_dfUxF3,1778300354.332000,1778300354.650000,25455,25504,50,50,0,benign,0
1145,20260508_211915_authorized_keys_global_dfUxF3,1778300354.373000,1778300354.660000,25465,25514,50,50,0,benign,0
1146,20260508_211915_authorized_keys_global_dfUxF3,1778300354.374000,1778300354.675000,25475,25524,50,50,0,benign,0
1147,20260508_211915_authorized_keys_global_dfUxF3,1778300354.390000,1778300354.684000,25485,25534,50,50,0,benign,0
1148,20260508_211915_authorized_keys_global_dfUxF3,1778300354.407000,1778300354.697000,25495,25544,50,50,0,benign,0
1149,20260508_211915_authorized_keys_global_dfUxF3,1778300354.650000,1778300354.706000,25505,25554,50,50,0,benign,0
1150,20260508_211915_authorized_keys_global_dfUxF3,1778300354.660000,1778300354.766000,25515,25564,50,50,0,benign,0
1151,20260508_211915_authorized_keys_global_dfUxF3,1778300354.676000,1778300354.769000,25525,25574,50,50,0,benign,0
1152,20260508_211915_authorized_keys_global_dfUxF3,1778300354.686000,1778300354.805000,25535,25584,50,50,0,benign,0
1153,20260508_211915_authorized_keys_global_dfUxF3,1778300354.698000,1778300354.909000,25545,25594,50,50,0,benign,0
1154,20260508_211915_authorized_keys_global_dfUxF3,1778300354.706000,1778300354.917000,25555,25604,50,50,0,benign,0
1155,20260508_211915_authorized_keys_global_dfUxF3,1778300354.767000,1778300355.052000,25565,25614,50,50,0,benign,0
1156,20260508_211915_authorized_keys_global_dfUxF3,1778300354.769000,1778300355.054000,25575,25624,50,50,0,benign,0
1157,20260508_211915_authorized_keys_global_dfUxF3,1778300354.805000,1778300355.067000,25585,25634,50,50,0,benign,0
1158,20260508_211915_authorized_keys_global_dfUxF3,1778300354.909000,1778300355.077000,25595,25644,50,50,0,benign,0
1159,20260508_211915_authorized_keys_global_dfUxF3,1778300354.917000,1778300355.093000,25605,25654,50,50,0,benign,0
1160,20260508_211915_authorized_keys_global_dfUxF3,1778300355.052000,1778300355.104000,25615,25664,50,50,0,benign,0
1161,20260508_211915_authorized_keys_global_dfUxF3,1778300355.054000,1778300355.113000,25625,25674,50,50,0,benign,0
1162,20260508_211915_authorized_keys_global_dfUxF3,1778300355.068000,1778300355.122000,25635,25684,50,50,0,benign,0
1163,20260508_211915_authorized_keys_global_dfUxF3,1778300355.077000,1778300355.126000,25645,25694,50,50,0,benign,0
1164,20260508_211915_authorized_keys_global_dfUxF3,1778300355.094000,1778300355.190000,25655,25704,50,50,0,benign,0
1165,20260508_211915_authorized_keys_global_dfUxF3,1778300355.105000,1778300355.284000,25665,25716,50,50,0,benign,0
1166,20260508_211915_authorized_keys_global_dfUxF3,1778300355.114000,1778300355.286000,25675,25726,50,50,0,benign,0
1167,20260508_211915_authorized_keys_global_dfUxF3,1778300355.122000,1778300355.395000,25685,25736,50,50,0,benign,0
1168,20260508_211915_authorized_keys_global_dfUxF3,1778300355.126000,1778300355.468000,25695,25748,50,50,0,benign,0
1169,20260508_211915_authorized_keys_global_dfUxF3,1778300355.190000,1778300355.478000,25705,25761,50,50,0,benign,0
1170,20260508_211915_authorized_keys_global_dfUxF3,1778300355.284000,1778300355.500000,25717,25771,50,50,0,benign,0
1171,20260508_211915_authorized_keys_global_dfUxF3,1778300355.394000,1778300355.511000,25727,25781,50,50,0,benign,0
1172,20260508_211915_authorized_keys_global_dfUxF3,1778300355.395000,1778300355.523000,25737,25791,50,50,0,benign,0
1173,20260508_211915_authorized_keys_global_dfUxF3,1778300355.476000,1778300355.536000,25751,25801,50,50,0,benign,0
1174,20260508_211915_authorized_keys_global_dfUxF3,1778300355.478000,1778300355.544000,25762,25811,50,50,0,benign,0
1175,20260508_211915_authorized_keys_global_dfUxF3,1778300355.500000,1778300355.556000,25772,25821,50,50,0,benign,0
1176,20260508_211915_authorized_keys_global_dfUxF3,1778300355.511000,1778300355.561000,25782,25833,50,50,0,benign,0
1177,20260508_211915_authorized_keys_global_dfUxF3,1778300355.525000,1778300355.978000,25792,25843,50,47,3,benign,0
1178,20260508_211915_authorized_keys_global_dfUxF3,1778300355.537000,1778300355.978000,25802,25853,50,47,3,benign,0
1179,20260508_211915_authorized_keys_global_dfUxF3,1778300355.545000,1778300355.979000,25812,25863,50,47,3,benign,0
1180,20260508_211915_authorized_keys_global_dfUxF3,1778300355.556000,1778300355.983000,25822,25873,50,47,3,benign,0
1181,20260508_211915_authorized_keys_global_dfUxF3,1778300355.561000,1778300355.989000,25834,25883,50,47,3,benign,0
1182,20260508_211915_authorized_keys_global_dfUxF3,1778300355.978000,1778300358.309000,25844,25893,50,50,0,benign,0
1183,20260508_211915_authorized_keys_global_dfUxF3,1778300355.978000,1778300358.321000,25854,25903,50,50,0,benign,0
1184,20260508_211915_authorized_keys_global_dfUxF3,1778300355.979000,1778300358.325000,25864,25913,50,50,0,benign,0
1185,20260508_211915_authorized_keys_global_dfUxF3,1778300355.984000,1778300358.325000,25874,25923,50,50,0,benign,0
1186,20260508_211915_authorized_keys_global_dfUxF3,1778300355.989000,1778300358.331000,25884,25933,50,50,0,benign,0
1187,20260508_211915_authorized_keys_global_dfUxF3,1778300358.312000,1778300358.331000,25894,25943,50,50,0,benign,0
1188,20260508_211915_authorized_keys_global_dfUxF3,1778300358.321000,1778300358.337000,25904,25959,50,50,0,benign,0
1189,20260508_211915_authorized_keys_global_dfUxF3,1778300358.325000,1778300358.349000,25914,25969,50,50,0,benign,0
1190,20260508_211915_authorized_keys_global_dfUxF3,1778300358.325000,1778300358.356000,25924,25979,50,45,5,malicious,1
1191,20260508_211915_authorized_keys_global_dfUxF3,1778300358.331000,1778300358.357000,25934,25989,50,35,15,malicious,1
1192,20260508_211915_authorized_keys_global_dfUxF3,1778300358.332000,1778300358.360000,25945,25999,50,25,25,malicious,1
1193,20260508_211915_authorized_keys_global_dfUxF3,1778300358.337000,1778300358.361000,25960,26009,50,15,35,malicious,1
1194,20260508_211915_authorized_keys_global_dfUxF3,1778300358.349000,1778300358.368000,25970,26023,50,8,42,malicious,1
1195,20260508_211915_authorized_keys_global_dfUxF3,1778300358.356000,1778300358.375000,25980,26035,50,4,46,malicious,1
1196,20260508_211915_authorized_keys_global_dfUxF3,1778300358.357000,1778300358.375000,25990,26045,50,4,46,malicious,1
1197,20260508_211915_authorized_keys_global_dfUxF3,1778300358.360000,1778300358.378000,26000,26055,50,4,46,malicious,1
1198,20260508_211915_authorized_keys_global_dfUxF3,1778300358.361000,1778300358.379000,26010,26065,50,4,46,malicious,1
1199,20260508_211915_authorized_keys_global_dfUxF3,1778300358.369000,1778300358.388000,26024,26079,50,4,46,malicious,1
1200,20260508_211915_authorized_keys_global_dfUxF3,1778300358.375000,1778300358.393000,26036,26091,50,4,46,malicious,1
1201,20260508_211915_authorized_keys_global_dfUxF3,1778300358.375000,1778300358.393000,26046,26101,50,4,46,malicious,1
1202,20260508_211915_authorized_keys_global_dfUxF3,1778300358.378000,1778300358.400000,26056,26111,50,4,46,malicious,1
1203,20260508_211915_authorized_keys_global_dfUxF3,1778300358.379000,1778300358.400000,26066,26122,50,4,46,malicious,1
1204,20260508_211915_authorized_keys_global_dfUxF3,1778300358.388000,1778300358.410000,26080,26137,50,5,45,malicious,1
1205,20260508_211915_authorized_keys_global_dfUxF3,1778300358.393000,1778300358.413000,26092,26147,50,4,46,malicious,1
1206,20260508_211915_authorized_keys_global_dfUxF3,1778300358.393000,1778300358.413000,26102,26157,50,4,46,malicious,1
1207,20260508_211915_authorized_keys_global_dfUxF3,1778300358.400000,1778300358.419000,26112,26167,50,4,46,malicious,1
1208,20260508_211915_authorized_keys_global_dfUxF3,1778300358.400000,1778300358.420000,26124,26179,50,4,46,malicious,1
1209,20260508_211915_authorized_keys_global_dfUxF3,1778300358.411000,1778300358.433000,26138,26193,50,4,46,malicious,1
1210,20260508_211915_authorized_keys_global_dfUxF3,1778300358.413000,1778300358.435000,26148,26203,50,4,46,malicious,1
1211,20260508_211915_authorized_keys_global_dfUxF3,1778300358.413000,1778300358.435000,26158,26213,50,4,46,malicious,1
1212,20260508_211915_authorized_keys_global_dfUxF3,1778300358.419000,1778300358.441000,26168,26223,50,4,46,malicious,1
1213,20260508_211915_authorized_keys_global_dfUxF3,1778300358.421000,1778300358.443000,26182,26237,50,4,46,malicious,1
1214,20260508_211915_authorized_keys_global_dfUxF3,1778300358.433000,1778300358.457000,26194,26249,50,4,46,malicious,1
1215,20260508_211915_authorized_keys_global_dfUxF3,1778300358.435000,1778300358.457000,26204,26259,50,4,46,malicious,1
1216,20260508_211915_authorized_keys_global_dfUxF3,1778300358.435000,1778300358.460000,26214,26269,50,4,46,malicious,1
1217,20260508_211915_authorized_keys_global_dfUxF3,1778300358.442000,1778300358.461000,26224,26279,50,4,46,malicious,1
1218,20260508_211915_authorized_keys_global_dfUxF3,1778300358.445000,1778300358.468000,26238,26293,50,7,43,malicious,1
1219,20260508_211915_authorized_keys_global_dfUxF3,1778300358.457000,1778300358.477000,26250,26305,50,6,44,malicious,1
1220,20260508_211915_authorized_keys_global_dfUxF3,1778300358.457000,1778300358.480000,26260,26315,50,6,44,malicious,1
1221,20260508_211915_authorized_keys_global_dfUxF3,1778300358.460000,1778300358.480000,26270,26325,50,6,44,malicious,1
1222,20260508_211915_authorized_keys_global_dfUxF3,1778300358.461000,1778300358.483000,26280,26335,50,6,44,malicious,1
1223,20260508_211915_authorized_keys_global_dfUxF3,1778300358.470000,1778300358.485000,26294,26347,50,3,47,malicious,1
1224,20260508_211915_authorized_keys_global_dfUxF3,1778300358.478000,1778300358.510000,26306,26359,50,4,46,malicious,1
1225,20260508_211915_authorized_keys_global_dfUxF3,1778300358.480000,1778300358.521000,26316,26371,50,5,45,malicious,1
1226,20260508_211915_authorized_keys_global_dfUxF3,1778300358.480000,1778300358.522000,26326,26381,50,5,45,malicious,1
1227,20260508_211915_authorized_keys_global_dfUxF3,1778300358.483000,1778300358.525000,26336,26391,50,5,45,malicious,1
1228,20260508_211915_authorized_keys_global_dfUxF3,1778300358.486000,1778300358.526000,26350,26401,50,5,45,malicious,1
1229,20260508_211915_authorized_keys_global_dfUxF3,1778300358.511000,1778300358.535000,26360,26415,50,4,46,malicious,1
1230,20260508_211915_authorized_keys_global_dfUxF3,1778300358.521000,1778300358.540000,26372,26427,50,4,46,malicious,1
1231,20260508_211915_authorized_keys_global_dfUxF3,1778300358.522000,1778300358.540000,26382,26437,50,4,46,malicious,1
1232,20260508_211915_authorized_keys_global_dfUxF3,1778300358.525000,1778300358.546000,26392,26447,50,4,46,malicious,1
1233,20260508_211915_authorized_keys_global_dfUxF3,1778300358.526000,1778300358.547000,26402,26458,50,4,46,malicious,1
1234,20260508_211915_authorized_keys_global_dfUxF3,1778300358.535000,1778300358.557000,26416,26473,50,5,45,malicious,1
1235,20260508_211915_authorized_keys_global_dfUxF3,1778300358.540000,1778300358.560000,26428,26483,50,4,46,malicious,1
1236,20260508_211915_authorized_keys_global_dfUxF3,1778300358.540000,1778300358.560000,26438,26493,50,4,46,malicious,1
1237,20260508_211915_authorized_keys_global_dfUxF3,1778300358.546000,1778300358.566000,26448,26503,50,4,46,malicious,1
1238,20260508_211915_authorized_keys_global_dfUxF3,1778300358.547000,1778300358.567000,26460,26515,50,4,46,malicious,1
1239,20260508_211915_authorized_keys_global_dfUxF3,1778300358.558000,1778300358.601000,26474,26527,50,8,42,malicious,1
1240,20260508_211915_authorized_keys_global_dfUxF3,1778300358.560000,1778300358.655000,26484,26541,50,18,32,malicious,1
1241,20260508_211915_authorized_keys_global_dfUxF3,1778300358.560000,1778300358.672000,26494,26555,50,28,22,malicious,1
1242,20260508_211915_authorized_keys_global_dfUxF3,1778300358.566000,1778300358.689000,26504,26556,50,38,12,malicious,1
1243,20260508_211915_authorized_keys_global_dfUxF3,1778300358.569000,1778300358.694000,26518,26566,50,48,2,benign,0
1244,20260508_211915_authorized_keys_global_dfUxF3,1778300358.601000,1778300358.854000,26528,26605,50,50,0,benign,0
1245,20260508_211915_authorized_keys_global_dfUxF3,1778300358.655000,1778300358.906000,26542,26615,50,50,0,benign,0
1246,20260508_211915_authorized_keys_global_dfUxF3,1778300358.678000,1778300358.918000,26547,26625,50,50,0,benign,0
1247,20260508_211915_authorized_keys_global_dfUxF3,1778300358.689000,1778300358.918000,26557,26635,50,50,0,benign,0
1248,20260508_211915_authorized_keys_global_dfUxF3,1778300358.694000,1778300358.920000,26567,26645,50,50,0,benign,0
1249,20260508_211915_authorized_keys_global_dfUxF3,1778300358.854000,1778300359.000000,26606,26655,50,50,0,benign,0
1250,20260508_211915_authorized_keys_global_dfUxF3,1778300358.906000,1778300359.011000,26616,26687,50,50,0,benign,0
1251,20260508_211915_authorized_keys_global_dfUxF3,1778300358.918000,1778300359.074000,26626,26701,50,50,0,benign,0
1252,20260508_211915_authorized_keys_global_dfUxF3,1778300358.919000,1778300359.089000,26636,26713,50,50,0,benign,0
1253,20260508_211915_authorized_keys_global_dfUxF3,1778300358.924000,1778300359.096000,26646,26723,50,50,0,benign,0
1254,20260508_211915_authorized_keys_global_dfUxF3,1778300359.001000,1778300359.102000,26656,26733,50,50,0,benign,0
1255,20260508_211915_authorized_keys_global_dfUxF3,1778300359.011000,1778300359.195000,26689,26773,50,50,0,benign,0
1256,20260508_211915_authorized_keys_global_dfUxF3,1778300359.076000,1778300359.198000,26703,26783,50,50,0,benign,0
1257,20260508_211915_authorized_keys_global_dfUxF3,1778300359.089000,1778300359.198000,26714,26793,50,50,0,benign,0
1258,20260508_211915_authorized_keys_global_dfUxF3,1778300359.096000,1778300359.204000,26724,26803,50,50,0,benign,0
1259,20260508_211915_authorized_keys_global_dfUxF3,1778300359.102000,1778300359.204000,26734,26813,50,50,0,benign,0
1260,20260508_211915_authorized_keys_global_dfUxF3,1778300359.196000,1778300359.208000,26774,26826,50,50,0,benign,0
1261,20260508_211915_authorized_keys_global_dfUxF3,1778300359.198000,1778300359.217000,26784,26837,50,50,0,benign,0
1262,20260508_211915_authorized_keys_global_dfUxF3,1778300359.198000,1778300359.240000,26794,26847,50,50,0,benign,0
1263,20260508_211915_authorized_keys_global_dfUxF3,1778300359.204000,1778300359.288000,26804,26858,50,50,0,benign,0
1264,20260508_211915_authorized_keys_global_dfUxF3,1778300359.206000,1778300359.313000,26815,26868,50,50,0,benign,0
1265,20260508_211915_authorized_keys_global_dfUxF3,1778300359.208000,1778300359.324000,26828,26878,50,50,0,benign,0
1266,20260508_211915_authorized_keys_global_dfUxF3,1778300359.217000,1778300359.338000,26838,26891,50,50,0,benign,0
1267,20260508_211915_authorized_keys_global_dfUxF3,1778300359.269000,1778300359.339000,26849,26901,50,50,0,benign,0
1268,20260508_211915_authorized_keys_global_dfUxF3,1778300359.288000,1778300359.347000,26859,26911,50,50,0,benign,0
1269,20260508_211915_authorized_keys_global_dfUxF3,1778300359.313000,1778300359.349000,26869,26921,50,50,0,benign,0
1270,20260508_211915_authorized_keys_global_dfUxF3,1778300359.324000,1778300359.357000,26879,26935,50,50,0,benign,0
1271,20260508_211915_authorized_keys_global_dfUxF3,1778300359.338000,1778300359.391000,26892,26947,50,50,0,benign,0
1272,20260508_211915_authorized_keys_global_dfUxF3,1778300359.339000,1778300359.391000,26902,26957,50,50,0,benign,0
1273,20260508_211915_authorized_keys_global_dfUxF3,1778300359.347000,1778300359.397000,26912,26967,50,50,0,benign,0
1274,20260508_211915_authorized_keys_global_dfUxF3,1778300359.349000,1778300359.397000,26922,26977,50,50,0,benign,0
1275,20260508_211915_authorized_keys_global_dfUxF3,1778300359.361000,1778300359.420000,26936,26991,50,50,0,benign,0
1276,20260508_211915_authorized_keys_global_dfUxF3,1778300359.391000,1778300359.457000,26948,27002,50,50,0,benign,0
1277,20260508_211915_authorized_keys_global_dfUxF3,1778300359.391000,1778300359.468000,26958,27012,50,50,0,benign,0
1278,20260508_211915_authorized_keys_global_dfUxF3,1778300359.397000,1778300359.489000,26968,27025,50,50,0,benign,0
1279,20260508_211915_authorized_keys_global_dfUxF3,1778300359.397000,1778300359.497000,26978,27035,50,50,0,benign,0
1280,20260508_211915_authorized_keys_global_dfUxF3,1778300359.423000,1778300359.497000,26992,27045,50,50,0,benign,0
1281,20260508_211915_authorized_keys_global_dfUxF3,1778300359.457000,1778300359.507000,27003,27055,50,50,0,benign,0
1282,20260508_211915_authorized_keys_global_dfUxF3,1778300359.478000,1778300359.510000,27013,27067,50,50,0,benign,0
1283,20260508_211915_authorized_keys_global_dfUxF3,1778300359.493000,1778300359.545000,27026,27081,50,50,0,benign,0
1284,20260508_211915_authorized_keys_global_dfUxF3,1778300359.497000,1778300359.550000,27036,27091,50,50,0,benign,0
1285,20260508_211915_authorized_keys_global_dfUxF3,1778300359.497000,1778300359.559000,27046,27101,50,46,4,benign,0
1286,20260508_211915_authorized_keys_global_dfUxF3,1778300359.507000,1778300359.585000,27056,27113,50,46,4,benign,0
1287,20260508_211915_authorized_keys_global_dfUxF3,1778300359.511000,1778300359.697000,27070,27126,50,46,4,benign,0
1288,20260508_211915_authorized_keys_global_dfUxF3,1778300359.546000,1778300359.698000,27082,27136,50,46,4,benign,0
1289,20260508_211915_authorized_keys_global_dfUxF3,1778300359.551000,1778300359.704000,27092,27147,50,46,4,benign,0
1290,20260508_211915_authorized_keys_global_dfUxF3,1778300359.562000,1778300359.762000,27104,27161,50,50,0,benign,0
1291,20260508_211915_authorized_keys_global_dfUxF3,1778300359.585000,1778300359.778000,27114,27171,50,50,0,benign,0
1292,20260508_211915_authorized_keys_global_dfUxF3,1778300359.697000,1778300359.790000,27127,27181,50,50,0,benign,0
1293,20260508_211915_authorized_keys_global_dfUxF3,1778300359.698000,1778300359.800000,27137,27191,50,50,0,benign,0
1294,20260508_211915_authorized_keys_global_dfUxF3,1778300359.742000,1778300359.810000,27149,27201,50,50,0,benign,0
1295,20260508_211915_authorized_keys_global_dfUxF3,1778300359.763000,1778300359.819000,27162,27211,50,50,0,benign,0
1296,20260508_211915_authorized_keys_global_dfUxF3,1778300359.779000,1778300359.830000,27172,27221,50,50,0,benign,0
1297,20260508_211915_authorized_keys_global_dfUxF3,1778300359.790000,1778300359.837000,27182,27233,50,50,0,benign,0
1298,20260508_211915_authorized_keys_global_dfUxF3,1778300359.801000,1778300359.901000,27192,27243,50,50,0,benign,0
1299,20260508_211915_authorized_keys_global_dfUxF3,1778300359.811000,1778300359.920000,27202,27255,50,50,0,benign,0
1300,20260508_211915_authorized_keys_global_dfUxF3,1778300359.820000,1778300360.024000,27212,27265,50,50,0,benign,0
1301,20260508_211915_authorized_keys_global_dfUxF3,1778300359.830000,1778300360.026000,27222,27275,50,50,0,benign,0
1302,20260508_211915_authorized_keys_global_dfUxF3,1778300359.837000,1778300360.031000,27234,27286,50,50,0,benign,0
1303,20260508_211915_authorized_keys_global_dfUxF3,1778300359.901000,1778300360.139000,27244,27300,50,50,0,benign,0
1304,20260508_211915_authorized_keys_global_dfUxF3,1778300359.920000,1778300360.151000,27256,27310,50,50,0,benign,0
1305,20260508_211915_authorized_keys_global_dfUxF3,1778300360.024000,1778300360.167000,27266,27320,50,50,0,benign,0
1306,20260508_211915_authorized_keys_global_dfUxF3,1778300360.026000,1778300360.176000,27276,27330,50,50,0,benign,0
1307,20260508_211915_authorized_keys_global_dfUxF3,1778300360.119000,1778300360.191000,27288,27340,50,50,0,benign,0
1308,20260508_211915_authorized_keys_global_dfUxF3,1778300360.139000,1778300360.200000,27301,27350,50,50,0,benign,0
1309,20260508_211915_authorized_keys_global_dfUxF3,1778300360.152000,1778300360.213000,27311,27360,50,50,0,benign,0
1310,20260508_211915_authorized_keys_global_dfUxF3,1778300360.168000,1778300360.216000,27321,27372,50,50,0,benign,0
1311,20260508_211915_authorized_keys_global_dfUxF3,1778300360.177000,1778300360.281000,27331,27382,50,50,0,benign,0
1312,20260508_211915_authorized_keys_global_dfUxF3,1778300360.192000,1778300360.297000,27341,27394,50,50,0,benign,0
1313,20260508_211915_authorized_keys_global_dfUxF3,1778300360.201000,1778300360.402000,27351,27404,50,50,0,benign,0
1314,20260508_211915_authorized_keys_global_dfUxF3,1778300360.213000,1778300360.403000,27361,27414,50,50,0,benign,0
1315,20260508_211915_authorized_keys_global_dfUxF3,1778300360.216000,1778300360.409000,27373,27425,50,50,0,benign,0
1316,20260508_211915_authorized_keys_global_dfUxF3,1778300360.281000,1778300360.467000,27383,27439,50,50,0,benign,0
1317,20260508_211915_authorized_keys_global_dfUxF3,1778300360.297000,1778300360.479000,27395,27449,50,50,0,benign,0
1318,20260508_211915_authorized_keys_global_dfUxF3,1778300360.402000,1778300360.495000,27405,27459,50,50,0,benign,0
1319,20260508_211915_authorized_keys_global_dfUxF3,1778300360.403000,1778300360.507000,27415,27469,50,50,0,benign,0
1320,20260508_211915_authorized_keys_global_dfUxF3,1778300360.444000,1778300360.518000,27427,27479,50,50,0,benign,0
1321,20260508_211915_authorized_keys_global_dfUxF3,1778300360.467000,1778300360.530000,27440,27489,50,50,0,benign,0
1322,20260508_211915_authorized_keys_global_dfUxF3,1778300360.482000,1778300360.542000,27450,27499,50,50,0,benign,0
1323,20260508_211915_authorized_keys_global_dfUxF3,1778300360.495000,1778300360.546000,27460,27511,50,50,0,benign,0
1324,20260508_211915_authorized_keys_global_dfUxF3,1778300360.508000,1778300360.605000,27470,27521,50,50,0,benign,0
1325,20260508_211915_authorized_keys_global_dfUxF3,1778300360.519000,1778300360.644000,27480,27531,50,50,0,benign,0
1326,20260508_211915_authorized_keys_global_dfUxF3,1778300360.531000,1778300360.651000,27490,27541,50,50,0,benign,0
1327,20260508_211915_authorized_keys_global_dfUxF3,1778300360.543000,1778300360.752000,27500,27551,50,50,0,benign,0
1328,20260508_211915_authorized_keys_global_dfUxF3,1778300360.546000,1778300360.758000,27512,27561,50,50,0,benign,0
1329,20260508_211915_authorized_keys_global_dfUxF3,1778300360.605000,1778300360.790000,27522,27571,50,50,0,benign,0
1330,20260508_211915_authorized_keys_global_dfUxF3,1778300360.648000,1778300360.791000,27532,27581,50,50,0,benign,0
1331,20260508_211915_authorized_keys_global_dfUxF3,1778300360.651000,1778300360.806000,27542,27591,50,50,0,benign,0
1332,20260508_211915_authorized_keys_global_dfUxF3,1778300360.752000,1778300360.819000,27552,27601,50,50,0,benign,0
1333,20260508_211915_authorized_keys_global_dfUxF3,1778300360.758000,1778300360.833000,27562,27611,50,50,0,benign,0
1334,20260508_211915_authorized_keys_global_dfUxF3,1778300360.791000,1778300360.845000,27572,27621,50,50,0,benign,0
1335,20260508_211915_authorized_keys_global_dfUxF3,1778300360.792000,1778300360.857000,27582,27631,50,50,0,benign,0
1336,20260508_211915_authorized_keys_global_dfUxF3,1778300360.808000,1778300360.866000,27592,27641,50,50,0,benign,0
1337,20260508_211915_authorized_keys_global_dfUxF3,1778300360.822000,1778300360.869000,27602,27651,50,50,0,benign,0
1338,20260508_211915_authorized_keys_global_dfUxF3,1778300360.834000,1778300360.929000,27612,27661,50,50,0,benign,0
1339,20260508_211915_authorized_keys_global_dfUxF3,1778300360.846000,1778300362.019000,27622,27671,50,50,0,benign,0
1340,20260508_211915_authorized_keys_global_dfUxF3,1778300360.858000,1778300362.022000,27632,27681,50,50,0,benign,0
1341,20260508_211915_authorized_keys_global_dfUxF3,1778300360.867000,1778300362.023000,27642,27691,50,50,0,benign,0
1342,20260508_211915_authorized_keys_global_dfUxF3,1778300360.869000,1778300362.026000,27652,27701,50,50,0,benign,0
1343,20260508_211915_authorized_keys_global_dfUxF3,1778300360.930000,1778300362.032000,27662,27711,50,50,0,benign,0
1344,20260508_211915_authorized_keys_global_dfUxF3,1778300362.021000,1778300362.038000,27672,27721,50,50,0,benign,0
1345,20260508_211915_authorized_keys_global_dfUxF3,1778300362.022000,1778300362.042000,27682,27731,50,50,0,benign,0
1346,20260508_211915_authorized_keys_global_dfUxF3,1778300362.023000,1778300362.048000,27692,27741,50,50,0,benign,0
1347,20260508_211915_authorized_keys_global_dfUxF3,1778300362.026000,1778300362.054000,27702,27751,50,50,0,benign,0
1348,20260508_212024_systemd_watershell_SneJlG,1778300422.430000,1778300422.436000,29546,29595,50,50,0,benign,0
1349,20260508_212024_systemd_watershell_SneJlG,1778300422.432000,1778300422.437000,29556,29605,50,50,0,benign,0
1350,20260508_212024_systemd_watershell_SneJlG,1778300422.432000,1778300422.439000,29566,29615,50,50,0,benign,0
1351,20260508_212024_systemd_watershell_SneJlG,1778300422.436000,1778300422.439000,29576,29625,50,50,0,benign,0
1352,20260508_212024_systemd_watershell_SneJlG,1778300422.436000,1778300422.439000,29586,29635,50,50,0,benign,0
1353,20260508_212024_systemd_watershell_SneJlG,1778300422.436000,1778300422.439000,29596,29645,50,50,0,benign,0
1354,20260508_212024_systemd_watershell_SneJlG,1778300422.438000,1778300422.439000,29606,29655,50,50,0,benign,0
1355,20260508_212024_systemd_watershell_SneJlG,1778300422.439000,1778300422.439000,29616,29665,50,50,0,benign,0
1356,20260508_212024_systemd_watershell_SneJlG,1778300422.439000,1778300422.439000,29626,29675,50,50,0,benign,0
1357,20260508_212024_systemd_watershell_SneJlG,1778300422.439000,1778300422.439000,29636,29685,50,50,0,benign,0
1358,20260508_212024_systemd_watershell_SneJlG,1778300422.439000,1778300422.440000,29646,29695,50,50,0,benign,0
1359,20260508_212024_systemd_watershell_SneJlG,1778300422.439000,1778300422.443000,29656,29705,50,50,0,benign,0
1360,20260508_212024_systemd_watershell_SneJlG,1778300422.439000,1778300422.443000,29666,29715,50,50,0,benign,0
1361,20260508_212024_systemd_watershell_SneJlG,1778300422.439000,1778300422.445000,29676,29725,50,50,0,benign,0
1362,20260508_212024_systemd_watershell_SneJlG,1778300422.439000,1778300422.452000,29686,29735,50,50,0,benign,0
1363,20260508_212024_systemd_watershell_SneJlG,1778300422.440000,1778300423.277000,29696,29745,50,50,0,benign,0
1364,20260508_212024_systemd_watershell_SneJlG,1778300422.443000,1778300423.378000,29706,29755,50,50,0,benign,0
1365,20260508_212024_systemd_watershell_SneJlG,1778300422.445000,1778300423.385000,29716,29765,50,50,0,benign,0
1366,20260508_212024_systemd_watershell_SneJlG,1778300422.445000,1778300423.435000,29726,29775,50,50,0,benign,0
1367,20260508_212024_systemd_watershell_SneJlG,1778300422.452000,1778300423.444000,29736,29785,50,50,0,benign,0
1368,20260508_212024_systemd_watershell_SneJlG,1778300423.277000,1778300423.460000,29746,29795,50,50,0,benign,0
1369,20260508_212024_systemd_watershell_SneJlG,1778300423.378000,1778300423.474000,29756,29805,50,50,0,benign,0
1370,20260508_212024_systemd_watershell_SneJlG,1778300423.385000,1778300423.674000,29766,29815,50,50,0,benign,0
1371,20260508_212024_systemd_watershell_SneJlG,1778300423.442000,1778300423.709000,29776,29825,50,50,0,benign,0
1372,20260508_212024_systemd_watershell_SneJlG,1778300423.444000,1778300423.720000,29786,29835,50,50,0,benign,0
1373,20260508_212024_systemd_watershell_SneJlG,1778300423.460000,1778300423.729000,29796,29845,50,50,0,benign,0
1374,20260508_212024_systemd_watershell_SneJlG,1778300423.475000,1778300423.740000,29806,29855,50,50,0,benign,0
1375,20260508_212024_systemd_watershell_SneJlG,1778300423.697000,1778300423.746000,29816,29865,50,50,0,benign,0
1376,20260508_212024_systemd_watershell_SneJlG,1778300423.710000,1778300423.807000,29826,29875,50,50,0,benign,0
1377,20260508_212024_systemd_watershell_SneJlG,1778300423.721000,1778300423.812000,29836,29885,50,50,0,benign,0
1378,20260508_212024_systemd_watershell_SneJlG,1778300423.729000,1778300423.844000,29846,29895,50,50,0,benign,0
1379,20260508_212024_systemd_watershell_SneJlG,1778300423.741000,1778300423.948000,29856,29905,50,50,0,benign,0
1380,20260508_212024_systemd_watershell_SneJlG,1778300423.746000,1778300423.949000,29866,29915,50,50,0,benign,0
1381,20260508_212024_systemd_watershell_SneJlG,1778300423.808000,1778300423.955000,29876,29925,50,50,0,benign,0
1382,20260508_212024_systemd_watershell_SneJlG,1778300423.812000,1778300423.989000,29886,29935,50,50,0,benign,0
1383,20260508_212024_systemd_watershell_SneJlG,1778300423.844000,1778300424.000000,29896,29945,50,50,0,benign,0
1384,20260508_212024_systemd_watershell_SneJlG,1778300423.948000,1778300424.011000,29906,29955,50,50,0,benign,0
1385,20260508_212024_systemd_watershell_SneJlG,1778300423.955000,1778300424.022000,29916,29965,50,50,0,benign,0
1386,20260508_212024_systemd_watershell_SneJlG,1778300423.980000,1778300424.032000,29926,29975,50,50,0,benign,0
1387,20260508_212024_systemd_watershell_SneJlG,1778300423.989000,1778300424.040000,29936,29985,50,50,0,benign,0
1388,20260508_212024_systemd_watershell_SneJlG,1778300424.000000,1778300424.051000,29946,29995,50,50,0,benign,0
1389,20260508_212024_systemd_watershell_SneJlG,1778300424.013000,1778300424.056000,29956,30005,50,50,0,benign,0
1390,20260508_212024_systemd_watershell_SneJlG,1778300424.023000,1778300424.103000,29966,30015,50,50,0,benign,0
1391,20260508_212024_systemd_watershell_SneJlG,1778300424.034000,1778300424.108000,29976,30027,50,50,0,benign,0
1392,20260508_212024_systemd_watershell_SneJlG,1778300424.040000,1778300426.250000,29986,30037,50,50,0,benign,0
1393,20260508_212024_systemd_watershell_SneJlG,1778300424.051000,1778300426.351000,29996,30047,50,50,0,benign,0
1394,20260508_212024_systemd_watershell_SneJlG,1778300424.056000,1778300426.357000,30006,30058,50,50,0,benign,0
1395,20260508_212024_systemd_watershell_SneJlG,1778300424.104000,1778300426.391000,30016,30071,50,50,0,benign,0
1396,20260508_212024_systemd_watershell_SneJlG,1778300424.108000,1778300426.392000,30028,30082,50,50,0,benign,0
1397,20260508_212024_systemd_watershell_SneJlG,1778300426.250000,1778300426.411000,30038,30092,50,50,0,benign,0
1398,20260508_212024_systemd_watershell_SneJlG,1778300426.351000,1778300426.424000,30048,30102,50,50,0,benign,0
1399,20260508_212024_systemd_watershell_SneJlG,1778300426.357000,1778300426.434000,30059,30112,50,50,0,benign,0
1400,20260508_212024_systemd_watershell_SneJlG,1778300426.391000,1778300426.444000,30073,30122,50,50,0,benign,0
1401,20260508_212024_systemd_watershell_SneJlG,1778300426.402000,1778300426.454000,30083,30132,50,50,0,benign,0
1402,20260508_212024_systemd_watershell_SneJlG,1778300426.413000,1778300426.462000,30093,30142,50,50,0,benign,0
1403,20260508_212024_systemd_watershell_SneJlG,1778300426.425000,1778300426.509000,30103,30154,50,48,2,benign,0
1404,20260508_212024_systemd_watershell_SneJlG,1778300426.435000,1778300426.526000,30113,30164,50,45,5,malicious,1
1405,20260508_212024_systemd_watershell_SneJlG,1778300426.445000,1778300426.536000,30123,30174,50,45,5,malicious,1
1406,20260508_212024_systemd_watershell_SneJlG,1778300426.455000,1778300426.544000,30133,30184,50,45,5,malicious,1
1407,20260508_212024_systemd_watershell_SneJlG,1778300426.463000,1778300426.544000,30144,30194,50,45,5,malicious,1
1408,20260508_212024_systemd_watershell_SneJlG,1778300426.510000,1778300426.548000,30155,30204,50,47,3,benign,0
1409,20260508_212024_systemd_watershell_SneJlG,1778300426.528000,1778300426.549000,30165,30214,50,50,0,benign,0
1410,20260508_212024_systemd_watershell_SneJlG,1778300426.536000,1778300426.554000,30175,30230,50,50,0,benign,0
1411,20260508_212024_systemd_watershell_SneJlG,1778300426.544000,1778300426.567000,30185,30240,50,50,0,benign,0
1412,20260508_212024_systemd_watershell_SneJlG,1778300426.544000,1778300426.582000,30195,30250,50,47,3,benign,0
1413,20260508_212024_systemd_watershell_SneJlG,1778300426.548000,1778300426.775000,30205,30260,50,37,13,malicious,1
1414,20260508_212024_systemd_watershell_SneJlG,1778300426.549000,1778300426.790000,30215,30270,50,27,23,malicious,1
1415,20260508_212024_systemd_watershell_SneJlG,1778300426.556000,1778300426.799000,30231,30280,50,20,30,malicious,1
1416,20260508_212024_systemd_watershell_SneJlG,1778300426.568000,1778300426.799000,30241,30290,50,10,40,malicious,1
1417,20260508_212024_systemd_watershell_SneJlG,1778300426.594000,1778300426.805000,30251,30300,50,3,47,malicious,1
1418,20260508_212024_systemd_watershell_SneJlG,1778300426.775000,1778300426.805000,30261,30310,50,3,47,malicious,1
1419,20260508_212024_systemd_watershell_SneJlG,1778300426.791000,1778300426.815000,30271,30324,50,6,44,malicious,1
1420,20260508_212024_systemd_watershell_SneJlG,1778300426.799000,1778300426.821000,30281,30336,50,4,46,malicious,1
1421,20260508_212024_systemd_watershell_SneJlG,1778300426.799000,1778300426.822000,30291,30346,50,4,46,malicious,1
1422,20260508_212024_systemd_watershell_SneJlG,1778300426.805000,1778300426.826000,30301,30356,50,4,46,malicious,1
1423,20260508_212024_systemd_watershell_SneJlG,1778300426.805000,1778300426.826000,30311,30366,50,4,46,malicious,1
1424,20260508_212024_systemd_watershell_SneJlG,1778300426.816000,1778300426.835000,30325,30380,50,4,46,malicious,1
1425,20260508_212024_systemd_watershell_SneJlG,1778300426.821000,1778300426.839000,30337,30392,50,4,46,malicious,1
1426,20260508_212024_systemd_watershell_SneJlG,1778300426.822000,1778300426.839000,30347,30402,50,4,46,malicious,1
1427,20260508_212024_systemd_watershell_SneJlG,1778300426.826000,1778300426.845000,30357,30412,50,4,46,malicious,1
1428,20260508_212024_systemd_watershell_SneJlG,1778300426.827000,1778300426.847000,30368,30424,50,4,46,malicious,1
1429,20260508_212024_systemd_watershell_SneJlG,1778300426.836000,1778300426.858000,30383,30438,50,5,45,malicious,1
1430,20260508_212024_systemd_watershell_SneJlG,1778300426.839000,1778300426.861000,30393,30448,50,4,46,malicious,1
1431,20260508_212024_systemd_watershell_SneJlG,1778300426.839000,1778300426.861000,30403,30458,50,4,46,malicious,1
1432,20260508_212024_systemd_watershell_SneJlG,1778300426.845000,1778300426.866000,30413,30468,50,4,46,malicious,1
1433,20260508_212024_systemd_watershell_SneJlG,1778300426.847000,1778300426.868000,30425,30482,50,4,46,malicious,1
1434,20260508_212024_systemd_watershell_SneJlG,1778300426.860000,1778300426.878000,30439,30494,50,6,44,malicious,1
1435,20260508_212024_systemd_watershell_SneJlG,1778300426.861000,1778300426.879000,30449,30504,50,6,44,malicious,1
1436,20260508_212024_systemd_watershell_SneJlG,1778300426.861000,1778300426.880000,30459,30514,50,6,44,malicious,1
1437,20260508_212024_systemd_watershell_SneJlG,1778300426.866000,1778300426.885000,30469,30524,50,6,44,malicious,1
1438,20260508_212024_systemd_watershell_SneJlG,1778300426.868000,1778300426.892000,30483,30538,50,7,43,malicious,1
1439,20260508_212024_systemd_watershell_SneJlG,1778300426.879000,1778300426.902000,30495,30550,50,4,46,malicious,1
1440,20260508_212024_systemd_watershell_SneJlG,1778300426.879000,1778300426.902000,30505,30560,50,4,46,malicious,1
1441,20260508_212024_systemd_watershell_SneJlG,1778300426.880000,1778300426.906000,30515,30570,50,4,46,malicious,1
1442,20260508_212024_systemd_watershell_SneJlG,1778300426.885000,1778300426.906000,30525,30580,50,4,46,malicious,1
1443,20260508_212024_systemd_watershell_SneJlG,1778300426.894000,1778300426.914000,30539,30594,50,6,44,malicious,1
1444,20260508_212024_systemd_watershell_SneJlG,1778300426.902000,1778300426.962000,30551,30604,50,11,39,malicious,1
1445,20260508_212024_systemd_watershell_SneJlG,1778300426.902000,1778300426.972000,30561,30614,50,21,29,malicious,1
1446,20260508_212024_systemd_watershell_SneJlG,1778300426.906000,1778300426.977000,30571,30624,50,31,19,malicious,1
1447,20260508_212024_systemd_watershell_SneJlG,1778300426.906000,1778300426.985000,30581,30634,50,41,9,malicious,1
1448,20260508_212024_systemd_watershell_SneJlG,1778300426.915000,1778300427.092000,30595,30674,50,44,6,malicious,1
1449,20260508_212024_systemd_watershell_SneJlG,1778300426.963000,1778300427.093000,30605,30684,50,36,14,malicious,1
1450,20260508_212024_systemd_watershell_SneJlG,1778300426.976000,1778300427.093000,30615,30694,50,26,24,malicious,1
1451,20260508_212024_systemd_watershell_SneJlG,1778300426.977000,1778300427.100000,30625,30704,50,16,34,malicious,1
1452,20260508_212024_systemd_watershell_SneJlG,1778300426.985000,1778300427.107000,30636,30718,50,8,42,malicious,1
1453,20260508_212024_systemd_watershell_SneJlG,1778300427.093000,1778300427.143000,30675,30728,50,10,40,malicious,1
1454,20260508_212024_systemd_watershell_SneJlG,1778300427.093000,1778300427.149000,30685,30738,50,20,30,malicious,1
1455,20260508_212024_systemd_watershell_SneJlG,1778300427.099000,1778300427.164000,30695,30748,50,30,20,malicious,1
1456,20260508_212024_systemd_watershell_SneJlG,1778300427.100000,1778300427.172000,30705,30758,50,40,10,malicious,1
1457,20260508_212024_systemd_watershell_SneJlG,1778300427.108000,1778300427.261000,30719,30798,50,45,5,malicious,1
1458,20260508_212024_systemd_watershell_SneJlG,1778300427.145000,1778300427.264000,30729,30808,50,37,13,malicious,1
1459,20260508_212024_systemd_watershell_SneJlG,1778300427.150000,1778300427.268000,30739,30818,50,27,23,malicious,1
1460,20260508_212024_systemd_watershell_SneJlG,1778300427.166000,1778300427.275000,30749,30828,50,17,33,malicious,1
1461,20260508_212024_systemd_watershell_SneJlG,1778300427.172000,1778300427.280000,30759,30842,50,8,42,malicious,1
1462,20260508_212024_systemd_watershell_SneJlG,1778300427.263000,1778300427.317000,30799,30855,50,7,43,malicious,1
1463,20260508_212024_systemd_watershell_SneJlG,1778300427.264000,1778300427.323000,30809,30865,50,13,37,malicious,1
1464,20260508_212024_systemd_watershell_SneJlG,1778300427.268000,1778300428.460000,30819,30877,50,23,27,malicious,1
1465,20260508_212024_systemd_watershell_SneJlG,1778300427.275000,1778300428.461000,30829,30887,50,33,17,malicious,1
1466,20260508_212024_systemd_watershell_SneJlG,1778300427.286000,1778300428.463000,30843,30897,50,42,8,malicious,1
1467,20260508_212024_systemd_watershell_SneJlG,1778300427.317000,1778300428.466000,30856,30907,50,46,4,benign,0
1468,20260508_212024_systemd_watershell_SneJlG,1778300427.324000,1778300428.466000,30868,30917,50,50,0,benign,0
1469,20260508_212024_systemd_watershell_SneJlG,1778300428.460000,1778300428.469000,30878,30927,50,50,0,benign,0
1470,20260508_212024_systemd_watershell_SneJlG,1778300428.461000,1778300428.472000,30888,30937,50,50,0,benign,0
1471,20260508_212024_systemd_watershell_SneJlG,1778300428.463000,1778300428.473000,30898,30947,50,50,0,benign,0
1472,20260508_212024_systemd_watershell_SneJlG,1778300428.466000,1778300428.474000,30908,30957,50,50,0,benign,0
1473,20260508_212024_systemd_watershell_SneJlG,1778300428.466000,1778300428.474000,30918,30967,50,50,0,benign,0
1474,20260508_212024_systemd_watershell_SneJlG,1778300428.469000,1778300428.478000,30928,30977,50,50,0,benign,0
1475,20260508_212024_systemd_watershell_SneJlG,1778300428.473000,1778300428.481000,30938,30987,50,50,0,benign,0
1476,20260508_212024_systemd_watershell_SneJlG,1778300428.473000,1778300428.487000,30948,30997,50,50,0,benign,0
1477,20260508_212024_systemd_watershell_SneJlG,1778300428.474000,1778300428.491000,30958,31007,50,50,0,benign,0
1478,20260508_212024_systemd_watershell_SneJlG,1778300428.474000,1778300428.493000,30968,31017,50,50,0,benign,0
1479,20260508_212024_systemd_watershell_SneJlG,1778300428.478000,1778300428.494000,30978,31027,50,50,0,benign,0
1480,20260508_212024_systemd_watershell_SneJlG,1778300428.482000,1778300429.500000,30988,31037,50,50,0,benign,0
1481,20260508_212024_systemd_watershell_SneJlG,1778300428.488000,1778300429.500000,30998,31047,50,50,0,benign,0
1482,20260508_212024_systemd_watershell_SneJlG,1778300428.491000,1778300429.502000,31008,31057,50,50,0,benign,0
1483,20260508_212024_systemd_watershell_SneJlG,1778300428.493000,1778300429.508000,31018,31067,50,50,0,benign,0
1484,20260508_212024_systemd_watershell_SneJlG,1778300428.495000,1778300429.517000,31028,31077,50,50,0,benign,0
1485,20260508_212024_systemd_watershell_SneJlG,1778300429.500000,1778300429.525000,31038,31087,50,50,0,benign,0
1486,20260508_212024_systemd_watershell_SneJlG,1778300429.500000,1778300429.534000,31048,31097,50,50,0,benign,0
1487,20260508_212024_systemd_watershell_SneJlG,1778300429.502000,1778300429.543000,31058,31107,50,50,0,benign,0
1488,20260508_212024_systemd_watershell_SneJlG,1778300429.509000,1778300429.553000,31068,31117,50,50,0,benign,0
1489,20260508_212024_systemd_watershell_SneJlG,1778300429.518000,1778300429.561000,31078,31127,50,50,0,benign,0
1490,20260508_212024_systemd_watershell_SneJlG,1778300429.526000,1778300429.570000,31088,31137,50,50,0,benign,0
1491,20260508_212024_systemd_watershell_SneJlG,1778300429.535000,1778300429.579000,31098,31147,50,50,0,benign,0
1492,20260508_212024_systemd_watershell_SneJlG,1778300429.544000,1778300429.587000,31108,31157,50,50,0,benign,0
1493,20260508_212024_systemd_watershell_SneJlG,1778300429.554000,1778300429.596000,31118,31167,50,50,0,benign,0
1494,20260508_212024_systemd_watershell_SneJlG,1778300429.562000,1778300429.605000,31128,31177,50,50,0,benign,0
1495,20260508_212024_systemd_watershell_SneJlG,1778300429.571000,1778300429.614000,31138,31187,50,50,0,benign,0
1496,20260508_212024_systemd_watershell_SneJlG,1778300429.580000,1778300429.616000,31148,31197,50,50,0,benign,0
1497,20260508_212024_systemd_watershell_SneJlG,1778300429.588000,1778300429.618000,31158,31207,50,50,0,benign,0
1498,20260508_212024_systemd_watershell_SneJlG,1778300429.597000,1778300429.619000,31168,31217,50,50,0,benign,0
1499,20260508_212024_systemd_watershell_SneJlG,1778300429.606000,1778300429.621000,31178,31227,50,50,0,benign,0
1500,20260508_212024_systemd_watershell_SneJlG,1778300429.614000,1778300429.623000,31188,31237,50,50,0,benign,0
1501,20260508_212024_systemd_watershell_SneJlG,1778300429.616000,1778300429.624000,31198,31247,50,50,0,benign,0
1502,20260508_212024_systemd_watershell_SneJlG,1778300429.618000,1778300429.624000,31208,31257,50,50,0,benign,0
1503,20260508_212024_systemd_watershell_SneJlG,1778300429.619000,1778300429.627000,31218,31267,50,50,0,benign,0
1504,20260508_212024_systemd_watershell_SneJlG,1778300429.621000,1778300429.628000,31228,31277,50,50,0,benign,0
1505,20260508_212024_systemd_watershell_SneJlG,1778300429.623000,1778300429.631000,31238,31287,50,50,0,benign,0
1506,20260508_212024_systemd_watershell_SneJlG,1778300429.624000,1778300429.632000,31248,31297,50,50,0,benign,0
1507,20260508_212024_systemd_watershell_SneJlG,1778300429.624000,1778300429.632000,31258,31307,50,50,0,benign,0
1508,20260508_212024_systemd_watershell_SneJlG,1778300429.627000,1778300429.632000,31268,31317,50,50,0,benign,0
1509,20260508_212024_systemd_watershell_SneJlG,1778300429.629000,1778300429.632000,31278,31327,50,50,0,benign,0
1510,20260508_212024_systemd_watershell_SneJlG,1778300429.631000,1778300429.632000,31288,31337,50,50,0,benign,0
1511,20260508_212024_systemd_watershell_SneJlG,1778300429.632000,1778300429.632000,31298,31347,50,50,0,benign,0
1512,20260508_212024_systemd_watershell_SneJlG,1778300429.632000,1778300429.632000,31308,31357,50,50,0,benign,0
1513,20260508_212024_systemd_watershell_SneJlG,1778300429.632000,1778300430.564000,31318,31367,50,50,0,benign,0
1514,20260508_212024_systemd_watershell_SneJlG,1778300429.632000,1778300430.635000,31328,31377,50,50,0,benign,0
1515,20260508_212024_systemd_watershell_SneJlG,1778300429.632000,1778300430.636000,31338,31387,50,50,0,benign,0
1516,20260508_212024_systemd_watershell_SneJlG,1778300429.632000,1778300430.636000,31348,31397,50,50,0,benign,0
1517,20260508_212024_systemd_watershell_SneJlG,1778300429.632000,1778300430.640000,31358,31407,50,50,0,benign,0
1518,20260508_212024_systemd_watershell_SneJlG,1778300430.564000,1778300430.685000,31368,31417,50,50,0,benign,0
1519,20260508_212024_systemd_watershell_SneJlG,1778300430.636000,1778300430.686000,31378,31427,50,50,0,benign,0
1520,20260508_212024_systemd_watershell_SneJlG,1778300430.636000,1778300430.718000,31388,31439,50,50,0,benign,0
1521,20260508_212024_systemd_watershell_SneJlG,1778300430.636000,1778300430.726000,31398,31452,50,50,0,benign,0
1522,20260508_212024_systemd_watershell_SneJlG,1778300430.642000,1778300430.746000,31408,31462,50,50,0,benign,0
1523,20260508_212024_systemd_watershell_SneJlG,1778300430.685000,1778300430.757000,31418,31472,50,50,0,benign,0
1524,20260508_212024_systemd_watershell_SneJlG,1778300430.692000,1778300430.772000,31429,31482,50,50,0,benign,0
1525,20260508_212024_systemd_watershell_SneJlG,1778300430.724000,1778300430.783000,31442,31492,50,50,0,benign,0
1526,20260508_212024_systemd_watershell_SneJlG,1778300430.726000,1778300430.792000,31453,31502,50,50,0,benign,0
1527,20260508_212024_systemd_watershell_SneJlG,1778300430.747000,1778300430.803000,31463,31512,50,50,0,benign,0
1528,20260508_212024_systemd_watershell_SneJlG,1778300430.759000,1778300430.814000,31473,31523,50,50,0,benign,0
1529,20260508_212024_systemd_watershell_SneJlG,1778300430.773000,1778300430.876000,31483,31534,50,50,0,benign,0
1530,20260508_212024_systemd_watershell_SneJlG,1778300430.784000,1778300430.907000,31493,31546,50,50,0,benign,0
1531,20260508_212024_systemd_watershell_SneJlG,1778300430.792000,1778300430.926000,31503,31556,50,50,0,benign,0
1532,20260508_212024_systemd_watershell_SneJlG,1778300430.804000,1778300431.032000,31513,31566,50,50,0,benign,0
1533,20260508_212024_systemd_watershell_SneJlG,1778300430.814000,1778300431.039000,31524,31577,50,50,0,benign,0
1534,20260508_212024_systemd_watershell_SneJlG,1778300430.878000,1778300431.072000,31535,31590,50,50,0,benign,0
1535,20260508_212024_systemd_watershell_SneJlG,1778300430.907000,1778300431.073000,31547,31601,50,50,0,benign,0
1536,20260508_212024_systemd_watershell_SneJlG,1778300430.926000,1778300431.097000,31557,31611,50,50,0,benign,0
1537,20260508_212024_systemd_watershell_SneJlG,1778300431.032000,1778300431.110000,31567,31621,50,50,0,benign,0
1538,20260508_212024_systemd_watershell_SneJlG,1778300431.039000,1778300431.125000,31578,31631,50,50,0,benign,0
1539,20260508_212024_systemd_watershell_SneJlG,1778300431.072000,1778300431.135000,31592,31641,50,50,0,benign,0
1540,20260508_212024_systemd_watershell_SneJlG,1778300431.089000,1778300431.148000,31602,31651,50,50,0,benign,0
1541,20260508_212024_systemd_watershell_SneJlG,1778300431.099000,1778300431.156000,31612,31661,50,50,0,benign,0
1542,20260508_212024_systemd_watershell_SneJlG,1778300431.111000,1778300431.204000,31622,31673,50,50,0,benign,0
1543,20260508_212024_systemd_watershell_SneJlG,1778300431.126000,1778300431.212000,31632,31685,50,50,0,benign,0
1544,20260508_212024_systemd_watershell_SneJlG,1778300431.136000,1778300431.234000,31642,31695,50,50,0,benign,0
1545,20260508_212024_systemd_watershell_SneJlG,1778300431.150000,1778300431.359000,31652,31705,50,50,0,benign,0
1546,20260508_212024_systemd_watershell_SneJlG,1778300431.157000,1778300431.366000,31663,31716,50,50,0,benign,0
1547,20260508_212024_systemd_watershell_SneJlG,1778300431.204000,1778300431.399000,31674,31729,50,50,0,benign,0
1548,20260508_212024_systemd_watershell_SneJlG,1778300431.212000,1778300431.400000,31686,31740,50,50,0,benign,0
1549,20260508_212024_systemd_watershell_SneJlG,1778300431.234000,1778300431.420000,31696,31750,50,50,0,benign,0
1550,20260508_212024_systemd_watershell_SneJlG,1778300431.359000,1778300431.435000,31706,31760,50,50,0,benign,0
1551,20260508_212024_systemd_watershell_SneJlG,1778300431.366000,1778300431.446000,31717,31770,50,50,0,benign,0
1552,20260508_212024_systemd_watershell_SneJlG,1778300431.399000,1778300431.459000,31731,31780,50,50,0,benign,0
1553,20260508_212024_systemd_watershell_SneJlG,1778300431.409000,1778300431.468000,31741,31790,50,50,0,benign,0
1554,20260508_212024_systemd_watershell_SneJlG,1778300431.420000,1778300431.477000,31751,31800,50,50,0,benign,0
1555,20260508_212024_systemd_watershell_SneJlG,1778300431.435000,1778300431.526000,31761,31812,50,50,0,benign,0
1556,20260508_212024_systemd_watershell_SneJlG,1778300431.449000,1778300431.533000,31771,31822,50,50,0,benign,0
1557,20260508_212024_systemd_watershell_SneJlG,1778300431.459000,1778300431.577000,31781,31832,50,50,0,benign,0
1558,20260508_212024_systemd_watershell_SneJlG,1778300431.469000,1778300431.681000,31791,31842,50,50,0,benign,0
1559,20260508_212024_systemd_watershell_SneJlG,1778300431.478000,1778300431.682000,31802,31852,50,50,0,benign,0
1560,20260508_212024_systemd_watershell_SneJlG,1778300431.528000,1778300431.687000,31813,31862,50,50,0,benign,0
1561,20260508_212024_systemd_watershell_SneJlG,1778300431.533000,1778300431.796000,31823,31872,50,50,0,benign,0
1562,20260508_212024_systemd_watershell_SneJlG,1778300431.577000,1778300431.805000,31833,31882,50,50,0,benign,0
1563,20260508_212024_systemd_watershell_SneJlG,1778300431.681000,1778300431.812000,31843,31892,50,50,0,benign,0
1564,20260508_212024_systemd_watershell_SneJlG,1778300431.682000,1778300431.822000,31853,31902,50,50,0,benign,0
1565,20260508_212024_systemd_watershell_SneJlG,1778300431.687000,1778300431.835000,31863,31912,50,50,0,benign,0
1566,20260508_212024_systemd_watershell_SneJlG,1778300431.796000,1778300431.845000,31873,31922,50,50,0,benign,0
1567,20260508_212024_systemd_watershell_SneJlG,1778300431.806000,1778300431.854000,31883,31932,50,50,0,benign,0
1568,20260508_212024_systemd_watershell_SneJlG,1778300431.814000,1778300431.860000,31893,31942,50,50,0,benign,0
1569,20260508_212024_systemd_watershell_SneJlG,1778300431.823000,1778300431.917000,31903,31952,50,50,0,benign,0
1570,20260508_212024_systemd_watershell_SneJlG,1778300431.836000,1778300431.920000,31913,31962,50,50,0,benign,0
1571,20260508_212024_systemd_watershell_SneJlG,1778300431.845000,1778300432.137000,31923,31972,50,50,0,benign,0
1572,20260508_212033_firewall_disable_JITTWV,1778300432.140000,1778300432.316000,31975,32024,50,50,0,benign,0
1573,20260508_212033_firewall_disable_JITTWV,1778300432.240000,1778300432.328000,31985,32034,50,50,0,benign,0
1574,20260508_212033_firewall_disable_JITTWV,1778300432.246000,1778300432.340000,31995,32044,50,50,0,benign,0
1575,20260508_212033_firewall_disable_JITTWV,1778300432.291000,1778300432.351000,32005,32054,50,50,0,benign,0
1576,20260508_212033_firewall_disable_JITTWV,1778300432.305000,1778300432.358000,32015,32064,50,50,0,benign,0
1577,20260508_212033_firewall_disable_JITTWV,1778300432.316000,1778300432.371000,32025,32074,50,50,0,benign,0
1578,20260508_212033_firewall_disable_JITTWV,1778300432.329000,1778300432.377000,32035,32084,50,50,0,benign,0
1579,20260508_212033_firewall_disable_JITTWV,1778300432.340000,1778300432.444000,32045,32094,50,50,0,benign,0
1580,20260508_212033_firewall_disable_JITTWV,1778300432.352000,1778300432.448000,32055,32104,50,50,0,benign,0
1581,20260508_212033_firewall_disable_JITTWV,1778300432.360000,1778300432.482000,32065,32114,50,50,0,benign,0
1582,20260508_212033_firewall_disable_JITTWV,1778300432.373000,1778300432.591000,32075,32124,50,50,0,benign,0
1583,20260508_212033_firewall_disable_JITTWV,1778300432.378000,1778300432.597000,32085,32134,50,50,0,benign,0
1584,20260508_212033_firewall_disable_JITTWV,1778300432.444000,1778300432.629000,32095,32144,50,50,0,benign,0
1585,20260508_212033_firewall_disable_JITTWV,1778300432.448000,1778300432.631000,32105,32154,50,50,0,benign,0
1586,20260508_212033_firewall_disable_JITTWV,1778300432.482000,1778300432.642000,32115,32164,50,50,0,benign,0
1587,20260508_212033_firewall_disable_JITTWV,1778300432.591000,1778300432.653000,32125,32174,50,50,0,benign,0
1588,20260508_212033_firewall_disable_JITTWV,1778300432.597000,1778300432.666000,32135,32184,50,50,0,benign,0
1589,20260508_212033_firewall_disable_JITTWV,1778300432.629000,1778300432.677000,32145,32194,50,50,0,benign,0
1590,20260508_212033_firewall_disable_JITTWV,1778300432.631000,1778300432.685000,32155,32204,50,50,0,benign,0
1591,20260508_212033_firewall_disable_JITTWV,1778300432.643000,1778300432.696000,32165,32214,50,50,0,benign,0
1592,20260508_212033_firewall_disable_JITTWV,1778300432.653000,1778300432.700000,32175,32224,50,50,0,benign,0
1593,20260508_212033_firewall_disable_JITTWV,1778300432.667000,1778300432.751000,32185,32234,50,50,0,benign,0
1594,20260508_212033_firewall_disable_JITTWV,1778300432.678000,1778300432.869000,32195,32246,50,50,0,benign,0
1595,20260508_212033_firewall_disable_JITTWV,1778300432.686000,1778300433.887000,32205,32256,50,50,0,benign,0
1596,20260508_212033_firewall_disable_JITTWV,1778300432.696000,1778300433.887000,32215,32266,50,50,0,benign,0
1597,20260508_212033_firewall_disable_JITTWV,1778300432.700000,1778300433.889000,32225,32276,50,50,0,benign,0
1598,20260508_212033_firewall_disable_JITTWV,1778300432.751000,1778300434.874000,32235,32286,50,50,0,benign,0
1599,20260508_212033_firewall_disable_JITTWV,1778300432.872000,1778300434.880000,32247,32296,50,50,0,benign,0
1600,20260508_212033_firewall_disable_JITTWV,1778300433.887000,1778300434.993000,32257,32306,50,50,0,benign,0
1601,20260508_212033_firewall_disable_JITTWV,1778300433.887000,1778300434.998000,32267,32317,50,50,0,benign,0
1602,20260508_212033_firewall_disable_JITTWV,1778300433.889000,1778300435.032000,32277,32331,50,50,0,benign,0
1603,20260508_212033_firewall_disable_JITTWV,1778300434.877000,1778300435.043000,32287,32341,50,50,0,benign,0
1604,20260508_212033_firewall_disable_JITTWV,1778300434.880000,1778300435.053000,32297,32351,50,50,0,benign,0
1605,20260508_212033_firewall_disable_JITTWV,1778300434.993000,1778300435.063000,32307,32361,50,50,0,benign,0
1606,20260508_212033_firewall_disable_JITTWV,1778300434.998000,1778300435.075000,32318,32371,50,50,0,benign,0
1607,20260508_212033_firewall_disable_JITTWV,1778300435.032000,1778300435.084000,32332,32381,50,50,0,benign,0
1608,20260508_212033_firewall_disable_JITTWV,1778300435.043000,1778300435.095000,32342,32391,50,50,0,benign,0
1609,20260508_212033_firewall_disable_JITTWV,1778300435.055000,1778300435.100000,32352,32402,50,50,0,benign,0
1610,20260508_212033_firewall_disable_JITTWV,1778300435.064000,1778300435.156000,32362,32413,50,47,3,benign,0
1611,20260508_212033_firewall_disable_JITTWV,1778300435.076000,1778300435.172000,32372,32423,50,45,5,malicious,1
1612,20260508_212033_firewall_disable_JITTWV,1778300435.084000,1778300435.179000,32382,32433,50,45,5,malicious,1
1613,20260508_212033_firewall_disable_JITTWV,1778300435.097000,1778300435.182000,32392,32443,50,45,5,malicious,1
1614,20260508_212033_firewall_disable_JITTWV,1778300435.100000,1778300435.182000,32403,32453,50,45,5,malicious,1
1615,20260508_212033_firewall_disable_JITTWV,1778300435.157000,1778300435.189000,32414,32463,50,48,2,benign,0
1616,20260508_212033_firewall_disable_JITTWV,1778300435.173000,1778300435.191000,32424,32477,50,50,0,benign,0
1617,20260508_212033_firewall_disable_JITTWV,1778300435.181000,1778300435.195000,32434,32489,50,50,0,benign,0
1618,20260508_212033_firewall_disable_JITTWV,1778300435.182000,1778300435.201000,32444,32499,50,44,6,malicious,1
1619,20260508_212033_firewall_disable_JITTWV,1778300435.182000,1778300435.201000,32454,32509,50,34,16,malicious,1
1620,20260508_212033_firewall_disable_JITTWV,1778300435.189000,1778300435.208000,32464,32519,50,24,26,malicious,1
1621,20260508_212033_firewall_disable_JITTWV,1778300435.191000,1778300435.208000,32478,32529,50,14,36,malicious,1
1622,20260508_212033_firewall_disable_JITTWV,1778300435.196000,1778300435.216000,32490,32543,50,7,43,malicious,1
1623,20260508_212033_firewall_disable_JITTWV,1778300435.201000,1778300435.268000,32500,32553,50,3,47,malicious,1
1624,20260508_212033_firewall_disable_JITTWV,1778300435.201000,1778300435.282000,32510,32563,50,3,47,malicious,1
1625,20260508_212033_firewall_disable_JITTWV,1778300435.208000,1778300435.294000,32520,32573,50,3,47,malicious,1
1626,20260508_212033_firewall_disable_JITTWV,1778300435.208000,1778300435.307000,32530,32583,50,3,47,malicious,1
1627,20260508_212033_firewall_disable_JITTWV,1778300435.243000,1778300435.319000,32544,32593,50,1,49,malicious,1
1628,20260508_212033_firewall_disable_JITTWV,1778300435.271000,1778300435.331000,32554,32603,50,1,49,malicious,1
1629,20260508_212033_firewall_disable_JITTWV,1778300435.283000,1778300435.343000,32564,32613,50,1,49,malicious,1
1630,20260508_212033_firewall_disable_JITTWV,1778300435.295000,1778300435.355000,32574,32623,50,1,49,malicious,1
1631,20260508_212033_firewall_disable_JITTWV,1778300435.308000,1778300435.371000,32584,32633,50,1,49,malicious,1
1632,20260508_212033_firewall_disable_JITTWV,1778300435.321000,1778300435.391000,32594,32643,50,0,50,malicious,1
1633,20260508_212033_firewall_disable_JITTWV,1778300435.332000,1778300435.403000,32604,32653,50,0,50,malicious,1
1634,20260508_212033_firewall_disable_JITTWV,1778300435.344000,1778300435.414000,32614,32663,50,0,50,malicious,1
1635,20260508_212033_firewall_disable_JITTWV,1778300435.356000,1778300435.426000,32624,32673,50,0,50,malicious,1
1636,20260508_212033_firewall_disable_JITTWV,1778300435.372000,1778300435.437000,32634,32683,50,0,50,malicious,1
1637,20260508_212033_firewall_disable_JITTWV,1778300435.393000,1778300435.449000,32644,32693,50,0,50,malicious,1
1638,20260508_212033_firewall_disable_JITTWV,1778300435.404000,1778300435.460000,32654,32703,50,0,50,malicious,1
1639,20260508_212033_firewall_disable_JITTWV,1778300435.415000,1778300435.472000,32664,32713,50,0,50,malicious,1
1640,20260508_212033_firewall_disable_JITTWV,1778300435.427000,1778300435.500000,32674,32725,50,3,47,malicious,1
1641,20260508_212033_firewall_disable_JITTWV,1778300435.438000,1778300435.505000,32684,32735,50,5,45,malicious,1
1642,20260508_212033_firewall_disable_JITTWV,1778300435.450000,1778300435.505000,32694,32745,50,5,45,malicious,1
1643,20260508_212033_firewall_disable_JITTWV,1778300435.461000,1778300435.510000,32704,32755,50,5,45,malicious,1
1644,20260508_212033_firewall_disable_JITTWV,1778300435.473000,1778300435.511000,32714,32766,50,5,45,malicious,1
1645,20260508_212033_firewall_disable_JITTWV,1778300435.501000,1778300435.530000,32726,32781,50,6,44,malicious,1
1646,20260508_212033_firewall_disable_JITTWV,1778300435.505000,1778300435.537000,32736,32791,50,8,42,malicious,1
1647,20260508_212033_firewall_disable_JITTWV,1778300435.505000,1778300435.538000,32746,32801,50,8,42,malicious,1
1648,20260508_212033_firewall_disable_JITTWV,1778300435.510000,1778300435.543000,32756,32811,50,8,42,malicious,1
1649,20260508_212033_firewall_disable_JITTWV,1778300435.511000,1778300435.544000,32768,32821,50,8,42,malicious,1
1650,20260508_212033_firewall_disable_JITTWV,1778300435.532000,1778300435.553000,32782,32835,50,7,43,malicious,1
1651,20260508_212033_firewall_disable_JITTWV,1778300435.537000,1778300435.559000,32792,32847,50,6,44,malicious,1
1652,20260508_212033_firewall_disable_JITTWV,1778300435.538000,1778300435.559000,32802,32857,50,6,44,malicious,1
1653,20260508_212033_firewall_disable_JITTWV,1778300435.543000,1778300435.564000,32812,32867,50,6,44,malicious,1
1654,20260508_212033_firewall_disable_JITTWV,1778300435.544000,1778300435.565000,32822,32877,50,6,44,malicious,1
1655,20260508_212033_firewall_disable_JITTWV,1778300435.554000,1778300435.576000,32838,32893,50,7,43,malicious,1
1656,20260508_212033_firewall_disable_JITTWV,1778300435.559000,1778300435.581000,32848,32903,50,6,44,malicious,1
1657,20260508_212033_firewall_disable_JITTWV,1778300435.559000,1778300435.582000,32858,32913,50,6,44,malicious,1
1658,20260508_212033_firewall_disable_JITTWV,1778300435.564000,1778300435.587000,32868,32923,50,6,44,malicious,1
1659,20260508_212033_firewall_disable_JITTWV,1778300435.566000,1778300435.589000,32879,32934,50,6,44,malicious,1
1660,20260508_212033_firewall_disable_JITTWV,1778300435.576000,1778300435.598000,32894,32949,50,7,43,malicious,1
1661,20260508_212033_firewall_disable_JITTWV,1778300435.581000,1778300435.603000,32904,32959,50,6,44,malicious,1
1662,20260508_212033_firewall_disable_JITTWV,1778300435.582000,1778300435.603000,32914,32969,50,6,44,malicious,1
1663,20260508_212033_firewall_disable_JITTWV,1778300435.587000,1778300435.607000,32924,32979,50,6,44,malicious,1
1664,20260508_212033_firewall_disable_JITTWV,1778300435.589000,1778300435.608000,32936,32991,50,6,44,malicious,1
1665,20260508_212033_firewall_disable_JITTWV,1778300435.599000,1778300435.618000,32950,33005,50,7,43,malicious,1
1666,20260508_212033_firewall_disable_JITTWV,1778300435.603000,1778300435.622000,32960,33015,50,6,44,malicious,1
1667,20260508_212033_firewall_disable_JITTWV,1778300435.603000,1778300435.622000,32970,33025,50,6,44,malicious,1
1668,20260508_212033_firewall_disable_JITTWV,1778300435.608000,1778300435.627000,32980,33035,50,6,44,malicious,1
1669,20260508_212033_firewall_disable_JITTWV,1778300435.608000,1778300435.628000,32992,33047,50,6,44,malicious,1
1670,20260508_212033_firewall_disable_JITTWV,1778300435.619000,1778300435.639000,33006,33061,50,6,44,malicious,1
1671,20260508_212033_firewall_disable_JITTWV,1778300435.622000,1778300435.642000,33016,33071,50,6,44,malicious,1
1672,20260508_212033_firewall_disable_JITTWV,1778300435.622000,1778300435.642000,33026,33081,50,6,44,malicious,1
1673,20260508_212033_firewall_disable_JITTWV,1778300435.627000,1778300435.646000,33036,33091,50,6,44,malicious,1
1674,20260508_212033_firewall_disable_JITTWV,1778300435.628000,1778300435.647000,33050,33105,50,6,44,malicious,1
1675,20260508_212033_firewall_disable_JITTWV,1778300435.640000,1778300435.659000,33062,33117,50,6,44,malicious,1
1676,20260508_212033_firewall_disable_JITTWV,1778300435.642000,1778300435.661000,33072,33127,50,6,44,malicious,1
1677,20260508_212033_firewall_disable_JITTWV,1778300435.642000,1778300435.661000,33082,33137,50,6,44,malicious,1
1678,20260508_212033_firewall_disable_JITTWV,1778300435.646000,1778300435.664000,33092,33147,50,6,44,malicious,1
1679,20260508_212033_firewall_disable_JITTWV,1778300435.648000,1778300435.666000,33106,33161,50,6,44,malicious,1
1680,20260508_212033_firewall_disable_JITTWV,1778300435.659000,1778300435.680000,33118,33173,50,6,44,malicious,1
1681,20260508_212033_firewall_disable_JITTWV,1778300435.661000,1778300435.680000,33128,33183,50,6,44,malicious,1
1682,20260508_212033_firewall_disable_JITTWV,1778300435.661000,1778300435.680000,33138,33193,50,6,44,malicious,1
1683,20260508_212033_firewall_disable_JITTWV,1778300435.664000,1778300435.685000,33148,33203,50,6,44,malicious,1
1684,20260508_212033_firewall_disable_JITTWV,1778300435.667000,1778300435.688000,33162,33217,50,7,43,malicious,1
1685,20260508_212033_firewall_disable_JITTWV,1778300435.680000,1778300435.699000,33174,33229,50,6,44,malicious,1
1686,20260508_212033_firewall_disable_JITTWV,1778300435.680000,1778300435.700000,33184,33239,50,6,44,malicious,1
1687,20260508_212033_firewall_disable_JITTWV,1778300435.680000,1778300435.700000,33194,33249,50,6,44,malicious,1
1688,20260508_212033_firewall_disable_JITTWV,1778300435.685000,1778300435.705000,33204,33259,50,6,44,malicious,1
1689,20260508_212033_firewall_disable_JITTWV,1778300435.689000,1778300435.711000,33218,33273,50,7,43,malicious,1
1690,20260508_212033_firewall_disable_JITTWV,1778300435.699000,1778300435.721000,33230,33285,50,6,44,malicious,1
1691,20260508_212033_firewall_disable_JITTWV,1778300435.700000,1778300435.721000,33240,33295,50,6,44,malicious,1
1692,20260508_212033_firewall_disable_JITTWV,1778300435.705000,1778300435.727000,33250,33305,50,6,44,malicious,1
1693,20260508_212033_firewall_disable_JITTWV,1778300435.705000,1778300435.727000,33260,33315,50,6,44,malicious,1
1694,20260508_212033_firewall_disable_JITTWV,1778300435.713000,1778300435.734000,33274,33329,50,7,43,malicious,1
1695,20260508_212033_firewall_disable_JITTWV,1778300435.721000,1778300435.742000,33286,33341,50,6,44,malicious,1
1696,20260508_212033_firewall_disable_JITTWV,1778300435.721000,1778300435.742000,33296,33351,50,6,44,malicious,1
1697,20260508_212033_firewall_disable_JITTWV,1778300435.727000,1778300435.746000,33306,33361,50,6,44,malicious,1
1698,20260508_212033_firewall_disable_JITTWV,1778300435.727000,1778300435.746000,33316,33371,50,6,44,malicious,1
1699,20260508_212033_firewall_disable_JITTWV,1778300435.735000,1778300435.754000,33330,33385,50,7,43,malicious,1
1700,20260508_212033_firewall_disable_JITTWV,1778300435.742000,1778300435.767000,33342,33397,50,8,42,malicious,1
1701,20260508_212033_firewall_disable_JITTWV,1778300435.742000,1778300435.767000,33352,33407,50,8,42,malicious,1
1702,20260508_212033_firewall_disable_JITTWV,1778300435.746000,1778300435.771000,33362,33417,50,8,42,malicious,1
1703,20260508_212033_firewall_disable_JITTWV,1778300435.746000,1778300435.771000,33372,33427,50,8,42,malicious,1
1704,20260508_212033_firewall_disable_JITTWV,1778300435.755000,1778300435.781000,33386,33441,50,7,43,malicious,1
1705,20260508_212033_firewall_disable_JITTWV,1778300435.767000,1778300435.795000,33398,33453,50,6,44,malicious,1
1706,20260508_212033_firewall_disable_JITTWV,1778300435.767000,1778300435.795000,33408,33463,50,6,44,malicious,1
1707,20260508_212033_firewall_disable_JITTWV,1778300435.771000,1778300435.799000,33418,33473,50,6,44,malicious,1
1708,20260508_212033_firewall_disable_JITTWV,1778300435.771000,1778300435.800000,33428,33483,50,6,44,malicious,1
1709,20260508_212033_firewall_disable_JITTWV,1778300435.782000,1778300435.809000,33442,33497,50,6,44,malicious,1
1710,20260508_212033_firewall_disable_JITTWV,1778300435.795000,1778300435.822000,33454,33509,50,8,42,malicious,1
1711,20260508_212033_firewall_disable_JITTWV,1778300435.795000,1778300435.822000,33464,33519,50,8,42,malicious,1
1712,20260508_212033_firewall_disable_JITTWV,1778300435.799000,1778300435.823000,33474,33529,50,8,42,malicious,1
1713,20260508_212033_firewall_disable_JITTWV,1778300435.800000,1778300435.829000,33484,33539,50,8,42,malicious,1
1714,20260508_212033_firewall_disable_JITTWV,1778300435.810000,1778300435.834000,33498,33553,50,7,43,malicious,1
1715,20260508_212033_firewall_disable_JITTWV,1778300435.822000,1778300435.844000,33510,33565,50,6,44,malicious,1
1716,20260508_212033_firewall_disable_JITTWV,1778300435.822000,1778300435.844000,33520,33575,50,6,44,malicious,1
1717,20260508_212033_firewall_disable_JITTWV,1778300435.827000,1778300435.852000,33530,33585,50,6,44,malicious,1
1718,20260508_212033_firewall_disable_JITTWV,1778300435.829000,1778300435.852000,33540,33595,50,6,44,malicious,1
1719,20260508_212033_firewall_disable_JITTWV,1778300435.836000,1778300435.858000,33554,33609,50,7,43,malicious,1
1720,20260508_212033_firewall_disable_JITTWV,1778300435.844000,1778300435.866000,33566,33621,50,6,44,malicious,1
1721,20260508_212033_firewall_disable_JITTWV,1778300435.845000,1778300435.866000,33576,33631,50,6,44,malicious,1
1722,20260508_212033_firewall_disable_JITTWV,1778300435.852000,1778300435.872000,33586,33641,50,6,44,malicious,1
1723,20260508_212033_firewall_disable_JITTWV,1778300435.852000,1778300435.873000,33596,33651,50,6,44,malicious,1
1724,20260508_212033_firewall_disable_JITTWV,1778300435.859000,1778300435.881000,33610,33665,50,6,44,malicious,1
1725,20260508_212033_firewall_disable_JITTWV,1778300435.866000,1778300435.887000,33622,33677,50,6,44,malicious,1
1726,20260508_212033_firewall_disable_JITTWV,1778300435.866000,1778300435.888000,33632,33687,50,6,44,malicious,1
1727,20260508_212033_firewall_disable_JITTWV,1778300435.872000,1778300435.894000,33642,33697,50,6,44,malicious,1
1728,20260508_212033_firewall_disable_JITTWV,1778300435.873000,1778300435.895000,33652,33707,50,6,44,malicious,1
1729,20260508_212033_firewall_disable_JITTWV,1778300435.883000,1778300435.905000,33668,33723,50,8,42,malicious,1
1730,20260508_212033_firewall_disable_JITTWV,1778300435.887000,1778300435.909000,33678,33733,50,7,43,malicious,1
1731,20260508_212033_firewall_disable_JITTWV,1778300435.888000,1778300435.911000,33688,33743,50,7,43,malicious,1
1732,20260508_212033_firewall_disable_JITTWV,1778300435.894000,1778300435.915000,33698,33753,50,7,43,malicious,1
1733,20260508_212033_firewall_disable_JITTWV,1778300435.895000,1778300435.916000,33709,33764,50,7,43,malicious,1
1734,20260508_212033_firewall_disable_JITTWV,1778300435.905000,1778300435.927000,33724,33779,50,7,43,malicious,1
1735,20260508_212033_firewall_disable_JITTWV,1778300435.909000,1778300435.932000,33734,33789,50,6,44,malicious,1
1736,20260508_212033_firewall_disable_JITTWV,1778300435.911000,1778300435.932000,33744,33799,50,6,44,malicious,1
1737,20260508_212033_firewall_disable_JITTWV,1778300435.915000,1778300435.937000,33754,33809,50,6,44,malicious,1
1738,20260508_212033_firewall_disable_JITTWV,1778300435.917000,1778300435.938000,33766,33821,50,6,44,malicious,1
1739,20260508_212033_firewall_disable_JITTWV,1778300435.927000,1778300435.950000,33780,33835,50,7,43,malicious,1
1740,20260508_212033_firewall_disable_JITTWV,1778300435.932000,1778300435.953000,33790,33845,50,6,44,malicious,1
1741,20260508_212033_firewall_disable_JITTWV,1778300435.932000,1778300435.953000,33800,33855,50,6,44,malicious,1
1742,20260508_212033_firewall_disable_JITTWV,1778300435.937000,1778300435.958000,33810,33865,50,6,44,malicious,1
1743,20260508_212033_firewall_disable_JITTWV,1778300435.939000,1778300435.960000,33822,33877,50,6,44,malicious,1
1744,20260508_212033_firewall_disable_JITTWV,1778300435.950000,1778300435.972000,33836,33891,50,6,44,malicious,1
1745,20260508_212033_firewall_disable_JITTWV,1778300435.953000,1778300435.974000,33846,33901,50,6,44,malicious,1
1746,20260508_212033_firewall_disable_JITTWV,1778300435.953000,1778300435.975000,33856,33911,50,6,44,malicious,1
1747,20260508_212033_firewall_disable_JITTWV,1778300435.958000,1778300435.981000,33866,33921,50,6,44,malicious,1
1748,20260508_212033_firewall_disable_JITTWV,1778300435.961000,1778300435.983000,33880,33935,50,6,44,malicious,1
1749,20260508_212033_firewall_disable_JITTWV,1778300435.973000,1778300435.996000,33892,33947,50,6,44,malicious,1
1750,20260508_212033_firewall_disable_JITTWV,1778300435.974000,1778300435.997000,33902,33957,50,6,44,malicious,1
1751,20260508_212033_firewall_disable_JITTWV,1778300435.975000,1778300435.997000,33912,33967,50,6,44,malicious,1
1752,20260508_212033_firewall_disable_JITTWV,1778300435.981000,1778300436.002000,33922,33977,50,6,44,malicious,1
1753,20260508_212033_firewall_disable_JITTWV,1778300435.983000,1778300436.004000,33936,33991,50,6,44,malicious,1
1754,20260508_212033_firewall_disable_JITTWV,1778300435.996000,1778300436.017000,33948,34003,50,6,44,malicious,1
1755,20260508_212033_firewall_disable_JITTWV,1778300435.997000,1778300436.017000,33958,34013,50,6,44,malicious,1
1756,20260508_212033_firewall_disable_JITTWV,1778300435.997000,1778300436.018000,33968,34023,50,6,44,malicious,1
1757,20260508_212033_firewall_disable_JITTWV,1778300436.002000,1778300436.023000,33978,34033,50,6,44,malicious,1
1758,20260508_212033_firewall_disable_JITTWV,1778300436.006000,1778300436.026000,33992,34047,50,7,43,malicious,1
1759,20260508_212033_firewall_disable_JITTWV,1778300436.017000,1778300436.040000,34004,34059,50,6,44,malicious,1
1760,20260508_212033_firewall_disable_JITTWV,1778300436.017000,1778300436.041000,34014,34069,50,6,44,malicious,1
1761,20260508_212033_firewall_disable_JITTWV,1778300436.018000,1778300436.042000,34024,34079,50,6,44,malicious,1
1762,20260508_212033_firewall_disable_JITTWV,1778300436.023000,1778300436.047000,34034,34089,50,6,44,malicious,1
1763,20260508_212033_firewall_disable_JITTWV,1778300436.028000,1778300436.052000,34048,34103,50,7,43,malicious,1
1764,20260508_212033_firewall_disable_JITTWV,1778300436.040000,1778300436.075000,34060,34115,50,8,42,malicious,1
1765,20260508_212033_firewall_disable_JITTWV,1778300436.041000,1778300436.075000,34070,34125,50,8,42,malicious,1
1766,20260508_212033_firewall_disable_JITTWV,1778300436.047000,1778300436.075000,34080,34135,50,8,42,malicious,1
1767,20260508_212033_firewall_disable_JITTWV,1778300436.047000,1778300436.081000,34090,34145,50,8,42,malicious,1
1768,20260508_212033_firewall_disable_JITTWV,1778300436.054000,1778300436.087000,34104,34159,50,8,42,malicious,1
1769,20260508_212033_firewall_disable_JITTWV,1778300436.075000,1778300436.108000,34116,34171,50,6,44,malicious,1
1770,20260508_212033_firewall_disable_JITTWV,1778300436.075000,1778300436.108000,34126,34181,50,6,44,malicious,1
1771,20260508_212033_firewall_disable_JITTWV,1778300436.080000,1778300436.109000,34136,34191,50,6,44,malicious,1
1772,20260508_212033_firewall_disable_JITTWV,1778300436.081000,1778300436.113000,34146,34201,50,6,44,malicious,1
1773,20260508_212033_firewall_disable_JITTWV,1778300436.089000,1778300436.119000,34160,34215,50,6,44,malicious,1
1774,20260508_212033_firewall_disable_JITTWV,1778300436.108000,1778300436.144000,34172,34227,50,10,40,malicious,1
1775,20260508_212033_firewall_disable_JITTWV,1778300436.108000,1778300436.897000,34182,34239,50,20,30,malicious,1
1776,20260508_212033_firewall_disable_JITTWV,1778300436.113000,1778300439.197000,34192,34250,50,30,20,malicious,1
1777,20260508_212033_firewall_disable_JITTWV,1778300436.113000,1778300439.199000,34202,34260,50,40,10,malicious,1
1778,20260508_212033_firewall_disable_JITTWV,1778300436.120000,1778300439.301000,34216,34270,50,48,2,benign,0
1779,20260508_212033_firewall_disable_JITTWV,1778300436.144000,1778300439.306000,34228,34281,50,50,0,benign,0
1780,20260508_212033_firewall_disable_JITTWV,1778300436.897000,1778300439.340000,34240,34295,50,50,0,benign,0
1781,20260508_212033_firewall_disable_JITTWV,1778300439.197000,1778300439.350000,34251,34305,50,50,0,benign,0
1782,20260508_212033_firewall_disable_JITTWV,1778300439.199000,1778300439.361000,34261,34315,50,50,0,benign,0
1783,20260508_212033_firewall_disable_JITTWV,1778300439.301000,1778300439.372000,34271,34325,50,50,0,benign,0
1784,20260508_212033_firewall_disable_JITTWV,1778300439.306000,1778300439.388000,34282,34335,50,50,0,benign,0
1785,20260508_212033_firewall_disable_JITTWV,1778300439.340000,1778300439.395000,34296,34345,50,50,0,benign,0
1786,20260508_212033_firewall_disable_JITTWV,1778300439.350000,1778300439.410000,34306,34355,50,50,0,benign,0
1787,20260508_212033_firewall_disable_JITTWV,1778300439.362000,1778300439.414000,34316,34366,50,50,0,benign,0
1788,20260508_212033_firewall_disable_JITTWV,1778300439.373000,1778300439.471000,34326,34377,50,50,0,benign,0
1789,20260508_212033_firewall_disable_JITTWV,1778300439.389000,1778300439.489000,34336,34389,50,50,0,benign,0
1790,20260508_212033_firewall_disable_JITTWV,1778300439.398000,1778300439.492000,34346,34399,50,50,0,benign,0
1791,20260508_212033_firewall_disable_JITTWV,1778300439.411000,1778300439.592000,34356,34409,50,50,0,benign,0
1792,20260508_212033_firewall_disable_JITTWV,1778300439.415000,1778300439.598000,34368,34420,50,50,0,benign,0
1793,20260508_212033_firewall_disable_JITTWV,1778300439.471000,1778300439.632000,34378,34434,50,50,0,benign,0
1794,20260508_212033_firewall_disable_JITTWV,1778300439.489000,1778300439.644000,34390,34444,50,50,0,benign,0
1795,20260508_212033_firewall_disable_JITTWV,1778300439.492000,1778300439.663000,34400,34454,50,50,0,benign,0
1796,20260508_212033_firewall_disable_JITTWV,1778300439.593000,1778300439.674000,34410,34464,50,50,0,benign,0
1797,20260508_212033_firewall_disable_JITTWV,1778300439.598000,1778300439.687000,34421,34474,50,50,0,benign,0
1798,20260508_212033_firewall_disable_JITTWV,1778300439.632000,1778300439.693000,34435,34484,50,50,0,benign,0
1799,20260508_212033_firewall_disable_JITTWV,1778300439.644000,1778300439.705000,34445,34494,50,50,0,benign,0
1800,20260508_212033_firewall_disable_JITTWV,1778300439.664000,1778300439.711000,34455,34505,50,50,0,benign,0
1801,20260508_212033_firewall_disable_JITTWV,1778300439.676000,1778300439.769000,34465,34516,50,50,0,benign,0
1802,20260508_212033_firewall_disable_JITTWV,1778300439.688000,1778300439.786000,34475,34528,50,50,0,benign,0
1803,20260508_212033_firewall_disable_JITTWV,1778300439.695000,1778300439.789000,34485,34538,50,50,0,benign,0
1804,20260508_212033_firewall_disable_JITTWV,1778300439.706000,1778300439.894000,34495,34548,50,50,0,benign,0
1805,20260508_212033_firewall_disable_JITTWV,1778300439.711000,1778300439.900000,34507,34559,50,50,0,benign,0
1806,20260508_212033_firewall_disable_JITTWV,1778300439.769000,1778300439.905000,34517,34570,50,50,0,benign,0
1807,20260508_212033_firewall_disable_JITTWV,1778300439.786000,1778300439.905000,34529,34580,50,50,0,benign,0
1808,20260508_212033_firewall_disable_JITTWV,1778300439.789000,1778300439.910000,34539,34590,50,50,0,benign,0
1809,20260508_212033_firewall_disable_JITTWV,1778300439.894000,1778300439.932000,34549,34600,50,50,0,benign,0
1810,20260508_212033_firewall_disable_JITTWV,1778300439.900000,1778300439.946000,34560,34611,50,50,0,benign,0
1811,20260508_212033_firewall_disable_JITTWV,1778300439.905000,1778300439.959000,34571,34623,50,50,0,benign,0
1812,20260508_212033_firewall_disable_JITTWV,1778300439.905000,1778300439.970000,34581,34633,50,50,0,benign,0
1813,20260508_212033_firewall_disable_JITTWV,1778300439.910000,1778300439.979000,34591,34643,50,50,0,benign,0
1814,20260508_212033_firewall_disable_JITTWV,1778300439.932000,1778300439.990000,34601,34653,50,50,0,benign,0
1815,20260508_212033_firewall_disable_JITTWV,1778300439.946000,1778300440.001000,34612,34663,50,50,0,benign,0
1816,20260508_212033_firewall_disable_JITTWV,1778300439.959000,1778300440.007000,34624,34673,50,50,0,benign,0
1817,20260508_212033_firewall_disable_JITTWV,1778300439.971000,1778300440.018000,34634,34683,50,50,0,benign,0
1818,20260508_212033_firewall_disable_JITTWV,1778300439.981000,1778300440.020000,34644,34695,50,50,0,benign,0
1819,20260508_212033_firewall_disable_JITTWV,1778300439.991000,1778300440.084000,34654,34705,50,50,0,benign,0
1820,20260508_212033_firewall_disable_JITTWV,1778300440.001000,1778300440.127000,34664,34715,50,50,0,benign,0
1821,20260508_212033_firewall_disable_JITTWV,1778300440.008000,1778300440.132000,34674,34725,50,50,0,benign,0
1822,20260508_212033_firewall_disable_JITTWV,1778300440.018000,1778300440.235000,34684,34735,50,50,0,benign,0
1823,20260508_212033_firewall_disable_JITTWV,1778300440.020000,1778300440.241000,34696,34745,50,50,0,benign,0
1824,20260508_212033_firewall_disable_JITTWV,1778300440.084000,1778300440.298000,34706,34755,50,50,0,benign,0
1825,20260508_212033_firewall_disable_JITTWV,1778300440.129000,1778300440.300000,34716,34765,50,50,0,benign,0
1826,20260508_212033_firewall_disable_JITTWV,1778300440.132000,1778300440.315000,34726,34775,50,50,0,benign,0
1827,20260508_212033_firewall_disable_JITTWV,1778300440.235000,1778300440.327000,34736,34785,50,50,0,benign,0
1828,20260508_212033_firewall_disable_JITTWV,1778300440.241000,1778300440.341000,34746,34795,50,50,0,benign,0
1829,20260508_212033_firewall_disable_JITTWV,1778300440.298000,1778300440.353000,34756,34805,50,50,0,benign,0
1830,20260508_212033_firewall_disable_JITTWV,1778300440.300000,1778300440.364000,34766,34815,50,50,0,benign,0
1831,20260508_212033_firewall_disable_JITTWV,1778300440.315000,1778300440.373000,34776,34825,50,50,0,benign,0
1832,20260508_212033_firewall_disable_JITTWV,1778300440.327000,1778300440.376000,34786,34835,50,50,0,benign,0
1833,20260508_212033_firewall_disable_JITTWV,1778300440.342000,1778300440.425000,34796,34845,50,50,0,benign,0
1834,20260508_212033_firewall_disable_JITTWV,1778300440.355000,1778300442.948000,34806,34855,50,50,0,benign,0
1835,20260508_212033_firewall_disable_JITTWV,1778300440.365000,1778300442.949000,34816,34865,50,50,0,benign,0
1836,20260508_212033_firewall_disable_JITTWV,1778300440.373000,1778300442.950000,34826,34875,50,50,0,benign,0
1837,20260508_212033_firewall_disable_JITTWV,1778300440.376000,1778300442.957000,34836,34885,50,50,0,benign,0
1838,20260508_212033_firewall_disable_JITTWV,1778300440.425000,1778300442.981000,34846,34895,50,50,0,benign,0
1839,20260508_212317_basic_enum_YrdGDI,1778300595.193000,1778300595.733000,39626,39675,50,50,0,benign,0
1840,20260508_212317_basic_enum_YrdGDI,1778300595.195000,1778300595.835000,39636,39685,50,50,0,benign,0
1841,20260508_212317_basic_enum_YrdGDI,1778300595.195000,1778300595.837000,39646,39695,50,50,0,benign,0
1842,20260508_212317_basic_enum_YrdGDI,1778300595.198000,1778300595.843000,39656,39705,50,50,0,benign,0
1843,20260508_212317_basic_enum_YrdGDI,1778300595.314000,1778300595.876000,39666,39715,50,50,0,benign,0
1844,20260508_212317_basic_enum_YrdGDI,1778300595.733000,1778300595.884000,39676,39725,50,50,0,benign,0
1845,20260508_212317_basic_enum_YrdGDI,1778300595.835000,1778300595.894000,39686,39735,50,50,0,benign,0
1846,20260508_212317_basic_enum_YrdGDI,1778300595.837000,1778300596.053000,39696,39745,50,50,0,benign,0
1847,20260508_212317_basic_enum_YrdGDI,1778300595.843000,1778300596.082000,39706,39755,50,50,0,benign,0
1848,20260508_212317_basic_enum_YrdGDI,1778300595.876000,1778300596.092000,39716,39765,50,50,0,benign,0
1849,20260508_212317_basic_enum_YrdGDI,1778300595.885000,1778300596.105000,39726,39775,50,50,0,benign,0
1850,20260508_212317_basic_enum_YrdGDI,1778300595.895000,1778300596.113000,39736,39785,50,50,0,benign,0
1851,20260508_212317_basic_enum_YrdGDI,1778300596.054000,1778300596.121000,39746,39795,50,50,0,benign,0
1852,20260508_212317_basic_enum_YrdGDI,1778300596.083000,1778300596.123000,39756,39805,50,50,0,benign,0
1853,20260508_212317_basic_enum_YrdGDI,1778300596.093000,1778300596.183000,39766,39815,50,50,0,benign,0
1854,20260508_212317_basic_enum_YrdGDI,1778300596.105000,1778300596.216000,39776,39825,50,50,0,benign,0
1855,20260508_212317_basic_enum_YrdGDI,1778300596.115000,1778300596.319000,39786,39835,50,50,0,benign,0
1856,20260508_212317_basic_enum_YrdGDI,1778300596.121000,1778300596.320000,39796,39845,50,50,0,benign,0
1857,20260508_212317_basic_enum_YrdGDI,1778300596.123000,1778300596.326000,39806,39855,50,50,0,benign,0
1858,20260508_212317_basic_enum_YrdGDI,1778300596.184000,1778300596.359000,39816,39865,50,50,0,benign,0
1859,20260508_212317_basic_enum_YrdGDI,1778300596.216000,1778300596.369000,39826,39875,50,50,0,benign,0
1860,20260508_212317_basic_enum_YrdGDI,1778300596.319000,1778300596.378000,39836,39885,50,50,0,benign,0
1861,20260508_212317_basic_enum_YrdGDI,1778300596.320000,1778300596.388000,39846,39895,50,50,0,benign,0
1862,20260508_212317_basic_enum_YrdGDI,1778300596.326000,1778300596.402000,39856,39905,50,50,0,benign,0
1863,20260508_212317_basic_enum_YrdGDI,1778300596.359000,1778300596.413000,39866,39915,50,50,0,benign,0
1864,20260508_212317_basic_enum_YrdGDI,1778300596.370000,1778300596.423000,39876,39925,50,50,0,benign,0
1865,20260508_212317_basic_enum_YrdGDI,1778300596.378000,1778300596.429000,39886,39935,50,50,0,benign,0
1866,20260508_212317_basic_enum_YrdGDI,1778300596.389000,1778300596.476000,39896,39945,50,50,0,benign,0
1867,20260508_212317_basic_enum_YrdGDI,1778300596.404000,1778300596.484000,39906,39955,50,50,0,benign,0
1868,20260508_212317_basic_enum_YrdGDI,1778300596.415000,1778300596.604000,39916,39967,50,50,0,benign,0
1869,20260508_212317_basic_enum_YrdGDI,1778300596.424000,1778300596.708000,39926,39977,50,50,0,benign,0
1870,20260508_212317_basic_enum_YrdGDI,1778300596.430000,1778300596.715000,39936,39988,50,50,0,benign,0
1871,20260508_212317_basic_enum_YrdGDI,1778300596.478000,1778300596.748000,39946,40001,50,50,0,benign,0
1872,20260508_212317_basic_enum_YrdGDI,1778300596.485000,1778300596.749000,39958,40012,50,50,0,benign,0
1873,20260508_212317_basic_enum_YrdGDI,1778300596.604000,1778300596.762000,39968,40022,50,50,0,benign,0
1874,20260508_212317_basic_enum_YrdGDI,1778300596.709000,1778300596.777000,39978,40032,50,50,0,benign,0
1875,20260508_212317_basic_enum_YrdGDI,1778300596.715000,1778300596.788000,39989,40042,50,50,0,benign,0
1876,20260508_212317_basic_enum_YrdGDI,1778300596.748000,1778300596.798000,40002,40052,50,50,0,benign,0
1877,20260508_212317_basic_enum_YrdGDI,1778300596.749000,1778300596.806000,40013,40062,50,50,0,benign,0
1878,20260508_212317_basic_enum_YrdGDI,1778300596.764000,1778300596.816000,40023,40072,50,50,0,benign,0
1879,20260508_212317_basic_enum_YrdGDI,1778300596.778000,1778300596.817000,40033,40084,50,50,0,benign,0
1880,20260508_212317_basic_enum_YrdGDI,1778300596.790000,1778300596.873000,40043,40096,50,50,0,benign,0
1881,20260508_212317_basic_enum_YrdGDI,1778300596.799000,1778300596.891000,40053,40106,50,50,0,benign,0
1882,20260508_212317_basic_enum_YrdGDI,1778300596.807000,1778300596.996000,40063,40116,50,50,0,benign,0
1883,20260508_212317_basic_enum_YrdGDI,1778300596.816000,1778300597.002000,40073,40127,50,50,0,benign,0
1884,20260508_212317_basic_enum_YrdGDI,1778300596.868000,1778300597.036000,40085,40140,50,50,0,benign,0
1885,20260508_212317_basic_enum_YrdGDI,1778300596.873000,1778300597.038000,40097,40151,50,50,0,benign,0
1886,20260508_212317_basic_enum_YrdGDI,1778300596.893000,1778300597.055000,40107,40161,50,50,0,benign,0
1887,20260508_212317_basic_enum_YrdGDI,1778300596.996000,1778300597.066000,40117,40171,50,50,0,benign,0
1888,20260508_212317_basic_enum_YrdGDI,1778300597.002000,1778300597.083000,40128,40181,50,50,0,benign,0
1889,20260508_212317_basic_enum_YrdGDI,1778300597.037000,1778300597.093000,40141,40192,50,50,0,benign,0
1890,20260508_212317_basic_enum_YrdGDI,1778300597.038000,1778300597.104000,40152,40201,50,50,0,benign,0
1891,20260508_212317_basic_enum_YrdGDI,1778300597.056000,1778300597.111000,40162,40211,50,50,0,benign,0
1892,20260508_212317_basic_enum_YrdGDI,1778300597.070000,1778300597.167000,40172,40223,50,50,0,benign,0
1893,20260508_212317_basic_enum_YrdGDI,1778300597.084000,1778300597.175000,40182,40233,50,50,0,benign,0
1894,20260508_212317_basic_enum_YrdGDI,1778300597.094000,1778300597.194000,40191,40245,50,50,0,benign,0
1895,20260508_212317_basic_enum_YrdGDI,1778300597.105000,1778300597.296000,40202,40255,50,50,0,benign,0
1896,20260508_212317_basic_enum_YrdGDI,1778300597.112000,1778300597.298000,40212,40265,50,50,0,benign,0
1897,20260508_212317_basic_enum_YrdGDI,1778300597.168000,1778300597.329000,40224,40277,50,50,0,benign,0
1898,20260508_212317_basic_enum_YrdGDI,1778300597.176000,1778300597.338000,40234,40290,50,50,0,benign,0
1899,20260508_212317_basic_enum_YrdGDI,1778300597.194000,1778300597.354000,40246,40300,50,50,0,benign,0
1900,20260508_212317_basic_enum_YrdGDI,1778300597.297000,1778300597.367000,40256,40310,50,50,0,benign,0
1901,20260508_212317_basic_enum_YrdGDI,1778300597.304000,1778300597.384000,40267,40320,50,50,0,benign,0
1902,20260508_212317_basic_enum_YrdGDI,1778300597.336000,1778300597.395000,40280,40330,50,50,0,benign,0
1903,20260508_212317_basic_enum_YrdGDI,1778300597.338000,1778300597.403000,40291,40340,50,50,0,benign,0
1904,20260508_212317_basic_enum_YrdGDI,1778300597.355000,1778300597.413000,40301,40350,50,50,0,benign,0
1905,20260508_212317_basic_enum_YrdGDI,1778300597.367000,1778300597.415000,40311,40362,50,50,0,benign,0
1906,20260508_212317_basic_enum_YrdGDI,1778300597.385000,1778300597.468000,40321,40372,50,50,0,benign,0
1907,20260508_212317_basic_enum_YrdGDI,1778300597.396000,1778300597.473000,40331,40384,50,50,0,benign,0
1908,20260508_212317_basic_enum_YrdGDI,1778300597.404000,1778300597.489000,40341,40394,50,50,0,benign,0
1909,20260508_212317_basic_enum_YrdGDI,1778300597.413000,1778300597.593000,40351,40404,50,50,0,benign,0
1910,20260508_212317_basic_enum_YrdGDI,1778300597.415000,1778300597.600000,40363,40415,50,50,0,benign,0
1911,20260508_212317_basic_enum_YrdGDI,1778300597.470000,1778300597.633000,40373,40429,50,50,0,benign,0
1912,20260508_212317_basic_enum_YrdGDI,1778300597.473000,1778300597.644000,40385,40439,50,50,0,benign,0
1913,20260508_212317_basic_enum_YrdGDI,1778300597.489000,1778300597.656000,40395,40449,50,50,0,benign,0
1914,20260508_212317_basic_enum_YrdGDI,1778300597.593000,1778300597.669000,40405,40459,50,50,0,benign,0
1915,20260508_212317_basic_enum_YrdGDI,1778300597.600000,1778300597.686000,40416,40469,50,50,0,benign,0
1916,20260508_212317_basic_enum_YrdGDI,1778300597.633000,1778300597.698000,40430,40479,50,50,0,benign,0
1917,20260508_212317_basic_enum_YrdGDI,1778300597.648000,1778300597.707000,40440,40489,50,50,0,benign,0
1918,20260508_212317_basic_enum_YrdGDI,1778300597.657000,1778300597.713000,40450,40500,50,50,0,benign,0
1919,20260508_212317_basic_enum_YrdGDI,1778300597.671000,1778300597.765000,40460,40511,50,49,1,benign,0
1920,20260508_212317_basic_enum_YrdGDI,1778300597.687000,1778300597.779000,40470,40523,50,49,1,benign,0
1921,20260508_212317_basic_enum_YrdGDI,1778300597.698000,1778300597.782000,40480,40533,50,49,1,benign,0
1922,20260508_212317_basic_enum_YrdGDI,1778300597.708000,1778300597.883000,40490,40543,50,49,1,benign,0
1923,20260508_212317_basic_enum_YrdGDI,1778300597.713000,1778300597.889000,40501,40554,50,49,1,benign,0
1924,20260508_212317_basic_enum_YrdGDI,1778300597.765000,1778300597.923000,40512,40568,50,50,0,benign,0
1925,20260508_212317_basic_enum_YrdGDI,1778300597.779000,1778300597.934000,40524,40578,50,50,0,benign,0
1926,20260508_212317_basic_enum_YrdGDI,1778300597.782000,1778300597.946000,40534,40588,50,50,0,benign,0
1927,20260508_212317_basic_enum_YrdGDI,1778300597.883000,1778300597.958000,40544,40598,50,50,0,benign,0
1928,20260508_212317_basic_enum_YrdGDI,1778300597.889000,1778300597.973000,40555,40608,50,50,0,benign,0
1929,20260508_212317_basic_enum_YrdGDI,1778300597.923000,1778300597.984000,40569,40618,50,50,0,benign,0
1930,20260508_212317_basic_enum_YrdGDI,1778300597.934000,1778300597.995000,40579,40628,50,50,0,benign,0
1931,20260508_212317_basic_enum_YrdGDI,1778300597.947000,1778300597.999000,40589,40639,50,50,0,benign,0
1932,20260508_212317_basic_enum_YrdGDI,1778300597.959000,1778300598.046000,40599,40650,50,49,1,benign,0
1933,20260508_212317_basic_enum_YrdGDI,1778300597.974000,1778300598.061000,40609,40662,50,49,1,benign,0
1934,20260508_212317_basic_enum_YrdGDI,1778300597.985000,1778300598.166000,40619,40672,50,49,1,benign,0
1935,20260508_212317_basic_enum_YrdGDI,1778300597.996000,1778300598.167000,40629,40682,50,49,1,benign,0
1936,20260508_212317_basic_enum_YrdGDI,1778300597.999000,1778300598.199000,40641,40694,50,49,1,benign,0
1937,20260508_212317_basic_enum_YrdGDI,1778300598.046000,1778300598.207000,40651,40707,50,50,0,benign,0
1938,20260508_212317_basic_enum_YrdGDI,1778300598.061000,1778300598.220000,40663,40717,50,50,0,benign,0
1939,20260508_212317_basic_enum_YrdGDI,1778300598.166000,1778300598.231000,40673,40727,50,50,0,benign,0
1940,20260508_212317_basic_enum_YrdGDI,1778300598.172000,1778300598.245000,40684,40737,50,50,0,benign,0
1941,20260508_212317_basic_enum_YrdGDI,1778300598.206000,1778300598.256000,40697,40747,50,50,0,benign,0
1942,20260508_212317_basic_enum_YrdGDI,1778300598.207000,1778300598.265000,40708,40757,50,50,0,benign,0
1943,20260508_212317_basic_enum_YrdGDI,1778300598.221000,1778300598.274000,40718,40767,50,50,0,benign,0
1944,20260508_212317_basic_enum_YrdGDI,1778300598.231000,1778300598.279000,40728,40779,50,50,0,benign,0
1945,20260508_212317_basic_enum_YrdGDI,1778300598.246000,1778300598.331000,40738,40789,50,47,3,benign,0
1946,20260508_212317_basic_enum_YrdGDI,1778300598.257000,1778300598.357000,40748,40801,50,47,3,benign,0
1947,20260508_212317_basic_enum_YrdGDI,1778300598.265000,1778300598.473000,40758,40811,50,47,3,benign,0
1948,20260508_212317_basic_enum_YrdGDI,1778300598.276000,1778300598.475000,40768,40821,50,47,3,benign,0
1949,20260508_212317_basic_enum_YrdGDI,1778300598.279000,1778300598.524000,40780,40833,50,47,3,benign,0
1950,20260508_212317_basic_enum_YrdGDI,1778300598.331000,1778300598.539000,40790,40846,50,50,0,benign,0
1951,20260508_212317_basic_enum_YrdGDI,1778300598.357000,1778300598.553000,40802,40856,50,50,0,benign,0
1952,20260508_212317_basic_enum_YrdGDI,1778300598.474000,1778300598.569000,40812,40866,50,50,0,benign,0
1953,20260508_212317_basic_enum_YrdGDI,1778300598.480000,1778300598.584000,40823,40876,50,50,0,benign,0
1954,20260508_212317_basic_enum_YrdGDI,1778300598.538000,1778300598.594000,40836,40886,50,50,0,benign,0
1955,20260508_212317_basic_enum_YrdGDI,1778300598.539000,1778300598.601000,40847,40896,50,50,0,benign,0
1956,20260508_212317_basic_enum_YrdGDI,1778300598.554000,1778300598.612000,40857,40906,50,50,0,benign,0
1957,20260508_212317_basic_enum_YrdGDI,1778300598.569000,1778300598.615000,40867,40918,50,50,0,benign,0
1958,20260508_212317_basic_enum_YrdGDI,1778300598.585000,1778300598.680000,40877,40928,50,41,9,malicious,1
1959,20260508_212317_basic_enum_YrdGDI,1778300598.595000,1778300598.683000,40887,40938,50,36,14,malicious,1
1960,20260508_212317_basic_enum_YrdGDI,1778300598.602000,1778300598.699000,40897,40950,50,36,14,malicious,1
1961,20260508_212317_basic_enum_YrdGDI,1778300598.612000,1778300598.803000,40907,40960,50,36,14,malicious,1
1962,20260508_212317_basic_enum_YrdGDI,1778300598.615000,1778300598.803000,40919,40970,50,36,14,malicious,1
1963,20260508_212317_basic_enum_YrdGDI,1778300598.680000,1778300598.837000,40929,40982,50,45,5,malicious,1
1964,20260508_212317_basic_enum_YrdGDI,1778300598.683000,1778300598.844000,40939,40995,50,50,0,benign,0
1965,20260508_212317_basic_enum_YrdGDI,1778300598.699000,1778300598.857000,40951,41005,50,50,0,benign,0
1966,20260508_212317_basic_enum_YrdGDI,1778300598.803000,1778300598.869000,40961,41015,50,50,0,benign,0
1967,20260508_212317_basic_enum_YrdGDI,1778300598.810000,1778300598.881000,40972,41025,50,50,0,benign,0
1968,20260508_212317_basic_enum_YrdGDI,1778300598.843000,1778300598.892000,40985,41035,50,50,0,benign,0
1969,20260508_212317_basic_enum_YrdGDI,1778300598.844000,1778300598.900000,40996,41045,50,50,0,benign,0
1970,20260508_212317_basic_enum_YrdGDI,1778300598.859000,1778300598.909000,41006,41055,50,50,0,benign,0
1971,20260508_212317_basic_enum_YrdGDI,1778300598.870000,1778300598.912000,41016,41067,50,50,0,benign,0
1972,20260508_212317_basic_enum_YrdGDI,1778300598.883000,1778300598.978000,41026,41077,50,41,9,malicious,1
1973,20260508_212317_basic_enum_YrdGDI,1778300598.893000,1778300598.990000,41036,41087,50,39,11,malicious,1
1974,20260508_212317_basic_enum_YrdGDI,1778300598.901000,1778300598.994000,41046,41097,50,39,11,malicious,1
1975,20260508_212317_basic_enum_YrdGDI,1778300598.909000,1778300598.998000,41056,41107,50,38,12,malicious,1
1976,20260508_212317_basic_enum_YrdGDI,1778300598.912000,1778300599.003000,41068,41117,50,28,22,malicious,1
1977,20260508_212317_basic_enum_YrdGDI,1778300598.979000,1778300599.013000,41078,41127,50,28,22,malicious,1
1978,20260508_212317_basic_enum_YrdGDI,1778300598.991000,1778300599.025000,41088,41137,50,23,27,malicious,1
1979,20260508_212317_basic_enum_YrdGDI,1778300598.995000,1778300599.035000,41098,41147,50,16,34,malicious,1
1980,20260508_212317_basic_enum_YrdGDI,1778300599.000000,1778300599.046000,41108,41157,50,10,40,malicious,1
1981,20260508_212317_basic_enum_YrdGDI,1778300599.004000,1778300599.054000,41118,41167,50,13,37,malicious,1
1982,20260508_212317_basic_enum_YrdGDI,1778300599.015000,1778300599.066000,41128,41177,50,15,35,malicious,1
1983,20260508_212317_basic_enum_YrdGDI,1778300599.026000,1778300599.074000,41138,41187,50,14,36,malicious,1
1984,20260508_212317_basic_enum_YrdGDI,1778300599.036000,1778300599.080000,41148,41197,50,13,37,malicious,1
1985,20260508_212317_basic_enum_YrdGDI,1778300599.047000,1778300599.094000,41158,41207,50,14,36,malicious,1
1986,20260508_212317_basic_enum_YrdGDI,1778300599.056000,1778300599.098000,41168,41219,50,21,29,malicious,1
1987,20260508_212317_basic_enum_YrdGDI,1778300599.067000,1778300599.117000,41178,41229,50,28,22,malicious,1
1988,20260508_212317_basic_enum_YrdGDI,1778300599.074000,1778300599.216000,41188,41239,50,36,14,malicious,1
1989,20260508_212317_basic_enum_YrdGDI,1778300599.081000,1778300599.223000,41198,41250,50,44,6,malicious,1
1990,20260508_212317_basic_enum_YrdGDI,1778300599.095000,1778300599.257000,41208,41264,50,50,0,benign,0
1991,20260508_212317_basic_enum_YrdGDI,1778300599.111000,1778300599.266000,41220,41274,50,50,0,benign,0
1992,20260508_212317_basic_enum_YrdGDI,1778300599.117000,1778300599.277000,41230,41284,50,50,0,benign,0
1993,20260508_212317_basic_enum_YrdGDI,1778300599.216000,1778300599.288000,41240,41294,50,50,0,benign,0
1994,20260508_212317_basic_enum_YrdGDI,1778300599.224000,1778300599.299000,41251,41304,50,50,0,benign,0
1995,20260508_212317_basic_enum_YrdGDI,1778300599.257000,1778300599.307000,41265,41313,50,50,0,benign,0
1996,20260508_212317_basic_enum_YrdGDI,1778300599.267000,1778300599.318000,41275,41324,50,50,0,benign,0
1997,20260508_212317_basic_enum_YrdGDI,1778300599.278000,1778300599.323000,41285,41335,50,50,0,benign,0
1998,20260508_212317_basic_enum_YrdGDI,1778300599.289000,1778300599.375000,41295,41346,50,50,0,benign,0
1999,20260508_212317_basic_enum_YrdGDI,1778300599.300000,1778300599.382000,41305,41358,50,50,0,benign,0
2000,20260508_212317_basic_enum_YrdGDI,1778300599.307000,1778300599.400000,41314,41368,50,50,0,benign,0
2001,20260508_212317_basic_enum_YrdGDI,1778300599.319000,1778300599.442000,41325,41378,50,50,0,benign,0
2002,20260508_212317_basic_enum_YrdGDI,1778300599.324000,1778300599.442000,41336,41388,50,50,0,benign,0
2003,20260508_212317_basic_enum_YrdGDI,1778300599.380000,1778300599.445000,41347,41398,50,50,0,benign,0
2004,20260508_212317_basic_enum_YrdGDI,1778300599.395000,1778300599.448000,41359,41408,50,50,0,benign,0
2005,20260508_212317_basic_enum_YrdGDI,1778300599.400000,1778300599.460000,41369,41418,50,50,0,benign,0
2006,20260508_212317_basic_enum_YrdGDI,1778300599.442000,1778300599.503000,41379,41428,50,50,0,benign,0
2007,20260508_212317_basic_enum_YrdGDI,1778300599.442000,1778300599.510000,41389,41439,50,50,0,benign,0
2008,20260508_212317_basic_enum_YrdGDI,1778300599.445000,1778300599.544000,41399,41453,50,50,0,benign,0
2009,20260508_212317_basic_enum_YrdGDI,1778300599.453000,1778300599.562000,41409,41463,50,50,0,benign,0
2010,20260508_212317_basic_enum_YrdGDI,1778300599.460000,1778300599.571000,41419,41473,50,50,0,benign,0
2011,20260508_212317_basic_enum_YrdGDI,1778300599.504000,1778300599.586000,41429,41483,50,50,0,benign,0
2012,20260508_212317_basic_enum_YrdGDI,1778300599.510000,1778300599.600000,41440,41493,50,50,0,benign,0
2013,20260508_212317_basic_enum_YrdGDI,1778300599.544000,1778300599.610000,41454,41503,50,50,0,benign,0
2014,20260508_212317_basic_enum_YrdGDI,1778300599.562000,1778300599.622000,41464,41513,50,50,0,benign,0
2015,20260508_212317_basic_enum_YrdGDI,1778300599.573000,1778300599.626000,41474,41524,50,50,0,benign,0
2016,20260508_212317_basic_enum_YrdGDI,1778300599.586000,1778300599.677000,41484,41535,50,50,0,benign,0
2017,20260508_212317_basic_enum_YrdGDI,1778300599.602000,1778300599.691000,41494,41547,50,50,0,benign,0
2018,20260508_212317_basic_enum_YrdGDI,1778300599.613000,1778300599.694000,41504,41557,50,50,0,benign,0
2019,20260508_212317_basic_enum_YrdGDI,1778300599.623000,1778300599.796000,41514,41567,50,50,0,benign,0
2020,20260508_212317_basic_enum_YrdGDI,1778300599.626000,1778300599.802000,41526,41578,50,50,0,benign,0
2021,20260508_212317_basic_enum_YrdGDI,1778300599.677000,1778300599.837000,41536,41592,50,50,0,benign,0
2022,20260508_212317_basic_enum_YrdGDI,1778300599.691000,1778300599.849000,41548,41602,50,50,0,benign,0
2023,20260508_212317_basic_enum_YrdGDI,1778300599.694000,1778300599.864000,41558,41612,50,50,0,benign,0
2024,20260508_212317_basic_enum_YrdGDI,1778300599.796000,1778300599.873000,41568,41622,50,50,0,benign,0
2025,20260508_212317_basic_enum_YrdGDI,1778300599.802000,1778300599.887000,41579,41632,50,50,0,benign,0
2026,20260508_212317_basic_enum_YrdGDI,1778300599.837000,1778300599.894000,41593,41642,50,50,0,benign,0
2027,20260508_212317_basic_enum_YrdGDI,1778300599.849000,1778300599.906000,41603,41652,50,50,0,benign,0
2028,20260508_212317_basic_enum_YrdGDI,1778300599.864000,1778300599.912000,41613,41663,50,50,0,benign,0
2029,20260508_212317_basic_enum_YrdGDI,1778300599.874000,1778300599.969000,41623,41674,50,44,6,malicious,1
2030,20260508_212317_basic_enum_YrdGDI,1778300599.888000,1778300599.973000,41633,41686,50,41,9,malicious,1
2031,20260508_212317_basic_enum_YrdGDI,1778300599.896000,1778300599.989000,41643,41696,50,41,9,malicious,1
2032,20260508_212317_basic_enum_YrdGDI,1778300599.907000,1778300600.092000,41653,41706,50,41,9,malicious,1
2033,20260508_212317_basic_enum_YrdGDI,1778300599.912000,1778300600.098000,41665,41717,50,41,9,malicious,1
2034,20260508_212317_basic_enum_YrdGDI,1778300599.969000,1778300600.130000,41675,41730,50,47,3,benign,0
2035,20260508_212317_basic_enum_YrdGDI,1778300599.973000,1778300600.131000,41687,41741,50,50,0,benign,0
2036,20260508_212317_basic_enum_YrdGDI,1778300599.991000,1778300600.149000,41697,41751,50,50,0,benign,0
2037,20260508_212317_basic_enum_YrdGDI,1778300600.092000,1778300600.157000,41707,41761,50,50,0,benign,0
2038,20260508_212317_basic_enum_YrdGDI,1778300600.098000,1778300600.171000,41718,41771,50,50,0,benign,0
2039,20260508_212317_basic_enum_YrdGDI,1778300600.131000,1778300600.184000,41731,41781,50,50,0,benign,0
2040,20260508_212317_basic_enum_YrdGDI,1778300600.132000,1778300600.192000,41742,41791,50,50,0,benign,0
2041,20260508_212317_basic_enum_YrdGDI,1778300600.149000,1778300600.200000,41752,41801,50,50,0,benign,0
2042,20260508_212317_basic_enum_YrdGDI,1778300600.161000,1778300600.248000,41762,41813,50,50,0,benign,0
2043,20260508_212317_basic_enum_YrdGDI,1778300600.172000,1778300600.256000,41772,41823,50,50,0,benign,0
2044,20260508_212317_basic_enum_YrdGDI,1778300600.184000,1778300600.299000,41782,41833,50,50,0,benign,0
2045,20260508_212317_basic_enum_YrdGDI,1778300600.194000,1778300600.403000,41792,41843,50,50,0,benign,0
2046,20260508_212317_basic_enum_YrdGDI,1778300600.201000,1778300600.404000,41802,41853,50,50,0,benign,0
2047,20260508_212317_basic_enum_YrdGDI,1778300600.250000,1778300600.409000,41814,41863,50,50,0,benign,0
2048,20260508_212317_basic_enum_YrdGDI,1778300600.257000,1778300600.443000,41824,41873,50,50,0,benign,0
2049,20260508_212317_basic_enum_YrdGDI,1778300600.299000,1778300600.455000,41834,41883,50,50,0,benign,0
2050,20260508_212317_basic_enum_YrdGDI,1778300600.403000,1778300600.463000,41844,41893,50,50,0,benign,0
2051,20260508_212317_basic_enum_YrdGDI,1778300600.404000,1778300600.464000,41854,41903,50,50,0,benign,0
2052,20260508_212317_basic_enum_YrdGDI,1778300600.409000,1778300600.464000,41864,41913,50,50,0,benign,0
2053,20260508_212317_basic_enum_YrdGDI,1778300600.443000,1778300600.468000,41874,41923,50,50,0,benign,0
2054,20260508_212317_basic_enum_YrdGDI,1778300600.456000,1778300600.482000,41884,41933,50,50,0,benign,0
2055,20260508_212317_basic_enum_YrdGDI,1778300600.463000,1778300600.498000,41894,41943,50,50,0,benign,0
2056,20260508_212317_basic_enum_YrdGDI,1778300600.464000,1778300600.513000,41904,41953,50,50,0,benign,0
2057,20260508_212317_basic_enum_YrdGDI,1778300600.465000,1778300600.522000,41914,41963,50,50,0,benign,0
2058,20260508_212317_basic_enum_YrdGDI,1778300600.469000,1778300600.536000,41924,41973,50,50,0,benign,0
2059,20260508_212317_basic_enum_YrdGDI,1778300600.484000,1778300600.543000,41934,41983,50,50,0,benign,0
2060,20260508_212317_basic_enum_YrdGDI,1778300600.500000,1778300600.584000,41944,41993,50,50,0,benign,0
2061,20260508_212317_basic_enum_YrdGDI,1778300600.514000,1778300600.599000,41954,42003,50,50,0,benign,0
2062,20260508_212317_basic_enum_YrdGDI,1778300600.522000,1778300600.691000,41964,42013,50,50,0,benign,0
2063,20260508_212317_basic_enum_YrdGDI,1778300600.537000,1778300600.817000,41974,42023,50,50,0,benign,0
2064,20260508_212322_dns_disable_I1iKIM,1778300600.916000,1778300600.979000,42027,42076,50,50,0,benign,0
2065,20260508_212322_dns_disable_I1iKIM,1778300600.918000,1778300600.991000,42037,42086,50,50,0,benign,0
2066,20260508_212322_dns_disable_I1iKIM,1778300600.924000,1778300601.004000,42047,42096,50,50,0,benign,0
2067,20260508_212322_dns_disable_I1iKIM,1778300600.957000,1778300601.016000,42057,42106,50,50,0,benign,0
2068,20260508_212322_dns_disable_I1iKIM,1778300600.968000,1778300601.027000,42067,42116,50,50,0,benign,0
2069,20260508_212322_dns_disable_I1iKIM,1778300600.980000,1778300601.035000,42077,42126,50,50,0,benign,0
2070,20260508_212322_dns_disable_I1iKIM,1778300600.992000,1778300601.038000,42087,42136,50,50,0,benign,0
2071,20260508_212322_dns_disable_I1iKIM,1778300601.005000,1778300601.086000,42097,42146,50,50,0,benign,0
2072,20260508_212322_dns_disable_I1iKIM,1778300601.017000,1778300601.124000,42107,42156,50,50,0,benign,0
2073,20260508_212322_dns_disable_I1iKIM,1778300601.028000,1778300601.230000,42117,42166,50,50,0,benign,0
2074,20260508_212322_dns_disable_I1iKIM,1778300601.036000,1778300601.231000,42127,42176,50,50,0,benign,0
2075,20260508_212322_dns_disable_I1iKIM,1778300601.081000,1778300601.237000,42137,42186,50,50,0,benign,0
2076,20260508_212322_dns_disable_I1iKIM,1778300601.087000,1778300601.271000,42147,42196,50,50,0,benign,0
2077,20260508_212322_dns_disable_I1iKIM,1778300601.124000,1778300601.288000,42157,42206,50,50,0,benign,0
2078,20260508_212322_dns_disable_I1iKIM,1778300601.230000,1778300601.299000,42167,42216,50,50,0,benign,0
2079,20260508_212322_dns_disable_I1iKIM,1778300601.231000,1778300601.310000,42177,42226,50,50,0,benign,0
2080,20260508_212322_dns_disable_I1iKIM,1778300601.237000,1778300601.323000,42187,42236,50,50,0,benign,0
2081,20260508_212322_dns_disable_I1iKIM,1778300601.271000,1778300601.333000,42197,42246,50,50,0,benign,0
2082,20260508_212322_dns_disable_I1iKIM,1778300601.289000,1778300601.344000,42207,42256,50,50,0,benign,0
2083,20260508_212322_dns_disable_I1iKIM,1778300601.300000,1778300601.356000,42217,42266,50,46,4,benign,0
2084,20260508_212322_dns_disable_I1iKIM,1778300601.311000,1778300601.360000,42227,42276,50,46,4,benign,0
2085,20260508_212322_dns_disable_I1iKIM,1778300601.324000,1778300601.413000,42237,42286,50,46,4,benign,0
2086,20260508_212322_dns_disable_I1iKIM,1778300601.333000,1778300601.537000,42247,42298,50,46,4,benign,0
2087,20260508_212322_dns_disable_I1iKIM,1778300601.345000,1778300601.544000,42257,42308,50,46,4,benign,0
2088,20260508_212322_dns_disable_I1iKIM,1778300601.357000,1778300601.646000,42267,42318,50,50,0,benign,0
2089,20260508_212322_dns_disable_I1iKIM,1778300601.360000,1778300601.652000,42277,42329,50,50,0,benign,0
2090,20260508_212322_dns_disable_I1iKIM,1778300601.413000,1778300601.686000,42287,42343,50,50,0,benign,0
2091,20260508_212322_dns_disable_I1iKIM,1778300601.541000,1778300601.696000,42299,42353,50,50,0,benign,0
2092,20260508_212322_dns_disable_I1iKIM,1778300601.544000,1778300601.705000,42309,42363,50,50,0,benign,0
2093,20260508_212322_dns_disable_I1iKIM,1778300601.646000,1778300601.717000,42319,42373,50,50,0,benign,0
2094,20260508_212322_dns_disable_I1iKIM,1778300601.652000,1778300601.733000,42330,42383,50,50,0,benign,0
2095,20260508_212322_dns_disable_I1iKIM,1778300601.686000,1778300601.740000,42344,42393,50,50,0,benign,0
2096,20260508_212322_dns_disable_I1iKIM,1778300601.696000,1778300601.756000,42354,42403,50,50,0,benign,0
2097,20260508_212322_dns_disable_I1iKIM,1778300601.708000,1778300601.761000,42364,42414,50,50,0,benign,0
2098,20260508_212322_dns_disable_I1iKIM,1778300601.719000,1778300601.816000,42374,42425,50,50,0,benign,0
2099,20260508_212322_dns_disable_I1iKIM,1778300601.733000,1778300601.831000,42384,42437,50,50,0,benign,0
2100,20260508_212322_dns_disable_I1iKIM,1778300601.740000,1778300601.837000,42394,42447,50,50,0,benign,0
2101,20260508_212322_dns_disable_I1iKIM,1778300601.758000,1778300601.940000,42404,42457,50,50,0,benign,0
2102,20260508_212322_dns_disable_I1iKIM,1778300601.762000,1778300601.946000,42415,42468,50,50,0,benign,0
2103,20260508_212322_dns_disable_I1iKIM,1778300601.816000,1778300601.980000,42426,42482,50,50,0,benign,0
2104,20260508_212322_dns_disable_I1iKIM,1778300601.834000,1778300601.991000,42438,42492,50,50,0,benign,0
2105,20260508_212322_dns_disable_I1iKIM,1778300601.837000,1778300602.001000,42448,42502,50,50,0,benign,0
2106,20260508_212322_dns_disable_I1iKIM,1778300601.940000,1778300602.012000,42458,42512,50,50,0,benign,0
2107,20260508_212322_dns_disable_I1iKIM,1778300601.946000,1778300602.023000,42469,42522,50,50,0,benign,0
2108,20260508_212322_dns_disable_I1iKIM,1778300601.980000,1778300602.029000,42483,42532,50,50,0,benign,0
2109,20260508_212322_dns_disable_I1iKIM,1778300601.991000,1778300602.040000,42493,42542,50,50,0,benign,0
2110,20260508_212322_dns_disable_I1iKIM,1778300602.002000,1778300602.046000,42503,42553,50,50,0,benign,0
2111,20260508_212322_dns_disable_I1iKIM,1778300602.013000,1778300602.097000,42513,42564,50,50,0,benign,0
2112,20260508_212322_dns_disable_I1iKIM,1778300602.024000,1778300602.102000,42523,42576,50,50,0,benign,0
2113,20260508_212322_dns_disable_I1iKIM,1778300602.029000,1778300602.122000,42533,42586,50,50,0,benign,0
2114,20260508_212322_dns_disable_I1iKIM,1778300602.042000,1778300602.224000,42543,42596,50,50,0,benign,0
2115,20260508_212322_dns_disable_I1iKIM,1778300602.046000,1778300602.231000,42554,42607,50,50,0,benign,0
2116,20260508_212322_dns_disable_I1iKIM,1778300602.099000,1778300602.264000,42565,42621,50,50,0,benign,0
2117,20260508_212322_dns_disable_I1iKIM,1778300602.102000,1778300602.278000,42577,42631,50,50,0,benign,0
2118,20260508_212322_dns_disable_I1iKIM,1778300602.122000,1778300602.286000,42587,42641,50,50,0,benign,0
2119,20260508_212322_dns_disable_I1iKIM,1778300602.224000,1778300602.298000,42597,42651,50,50,0,benign,0
2120,20260508_212322_dns_disable_I1iKIM,1778300602.231000,1778300602.311000,42608,42661,50,50,0,benign,0
2121,20260508_212322_dns_disable_I1iKIM,1778300602.264000,1778300602.320000,42622,42671,50,50,0,benign,0
2122,20260508_212322_dns_disable_I1iKIM,1778300602.279000,1778300602.333000,42632,42681,50,50,0,benign,0
2123,20260508_212322_dns_disable_I1iKIM,1778300602.287000,1778300602.340000,42642,42692,50,50,0,benign,0
2124,20260508_212322_dns_disable_I1iKIM,1778300602.299000,1778300602.391000,42652,42703,50,50,0,benign,0
2125,20260508_212322_dns_disable_I1iKIM,1778300602.312000,1778300602.398000,42662,42715,50,50,0,benign,0
2126,20260508_212322_dns_disable_I1iKIM,1778300602.320000,1778300602.412000,42672,42725,50,50,0,benign,0
2127,20260508_212322_dns_disable_I1iKIM,1778300602.334000,1778300602.517000,42682,42735,50,50,0,benign,0
2128,20260508_212322_dns_disable_I1iKIM,1778300602.340000,1778300602.523000,42693,42746,50,50,0,benign,0
2129,20260508_212322_dns_disable_I1iKIM,1778300602.392000,1778300602.555000,42704,42759,50,50,0,benign,0
2130,20260508_212322_dns_disable_I1iKIM,1778300602.398000,1778300602.556000,42716,42770,50,50,0,benign,0
2131,20260508_212322_dns_disable_I1iKIM,1778300602.414000,1778300602.581000,42726,42780,50,50,0,benign,0
2132,20260508_212322_dns_disable_I1iKIM,1778300602.517000,1778300602.593000,42736,42789,50,50,0,benign,0
2133,20260508_212322_dns_disable_I1iKIM,1778300602.523000,1778300602.614000,42747,42800,50,50,0,benign,0
2134,20260508_212322_dns_disable_I1iKIM,1778300602.556000,1778300602.625000,42760,42810,50,50,0,benign,0
2135,20260508_212322_dns_disable_I1iKIM,1778300602.557000,1778300602.633000,42771,42820,50,50,0,benign,0
2136,20260508_212322_dns_disable_I1iKIM,1778300602.584000,1778300602.641000,42781,42830,50,50,0,benign,0
2137,20260508_212322_dns_disable_I1iKIM,1778300602.599000,1778300602.688000,42791,42842,50,49,1,benign,0
2138,20260508_212322_dns_disable_I1iKIM,1778300602.615000,1778300602.692000,42801,42854,50,49,1,benign,0
2139,20260508_212322_dns_disable_I1iKIM,1778300602.626000,1778300602.707000,42811,42864,50,49,1,benign,0
2140,20260508_212322_dns_disable_I1iKIM,1778300602.634000,1778300602.810000,42821,42874,50,49,1,benign,0
2141,20260508_212322_dns_disable_I1iKIM,1778300602.641000,1778300602.817000,42831,42885,50,49,1,benign,0
2142,20260508_212322_dns_disable_I1iKIM,1778300602.690000,1778300602.850000,42843,42898,50,50,0,benign,0
2143,20260508_212322_dns_disable_I1iKIM,1778300602.694000,1778300602.851000,42855,42909,50,50,0,benign,0
2144,20260508_212322_dns_disable_I1iKIM,1778300602.709000,1778300602.870000,42865,42919,50,50,0,benign,0
2145,20260508_212322_dns_disable_I1iKIM,1778300602.811000,1778300602.880000,42875,42929,50,50,0,benign,0
2146,20260508_212322_dns_disable_I1iKIM,1778300602.818000,1778300602.892000,42886,42939,50,50,0,benign,0
2147,20260508_212322_dns_disable_I1iKIM,1778300602.850000,1778300602.903000,42899,42949,50,50,0,benign,0
2148,20260508_212322_dns_disable_I1iKIM,1778300602.851000,1778300602.910000,42910,42959,50,50,0,benign,0
2149,20260508_212322_dns_disable_I1iKIM,1778300602.872000,1778300602.920000,42920,42969,50,50,0,benign,0
2150,20260508_212322_dns_disable_I1iKIM,1778300602.880000,1778300602.923000,42930,42981,50,50,0,benign,0
2151,20260508_212322_dns_disable_I1iKIM,1778300602.893000,1778300602.973000,42940,42993,50,49,1,benign,0
2152,20260508_212322_dns_disable_I1iKIM,1778300602.904000,1778300602.989000,42950,43003,50,49,1,benign,0
2153,20260508_212322_dns_disable_I1iKIM,1778300602.911000,1778300603.091000,42960,43013,50,49,1,benign,0
2154,20260508_212322_dns_disable_I1iKIM,1778300602.920000,1778300603.097000,42970,43024,50,49,1,benign,0
2155,20260508_212322_dns_disable_I1iKIM,1778300602.969000,1778300603.131000,42982,43038,50,49,1,benign,0
2156,20260508_212322_dns_disable_I1iKIM,1778300602.973000,1778300603.139000,42994,43048,50,50,0,benign,0
2157,20260508_212322_dns_disable_I1iKIM,1778300602.989000,1778300603.150000,43004,43058,50,50,0,benign,0
2158,20260508_212322_dns_disable_I1iKIM,1778300603.091000,1778300603.163000,43014,43068,50,50,0,benign,0
2159,20260508_212322_dns_disable_I1iKIM,1778300603.097000,1778300603.174000,43025,43078,50,50,0,benign,0
2160,20260508_212322_dns_disable_I1iKIM,1778300603.131000,1778300603.184000,43039,43088,50,50,0,benign,0
2161,20260508_212322_dns_disable_I1iKIM,1778300603.140000,1778300603.193000,43049,43098,50,50,0,benign,0
2162,20260508_212322_dns_disable_I1iKIM,1778300603.152000,1778300603.202000,43059,43109,50,50,0,benign,0
2163,20260508_212322_dns_disable_I1iKIM,1778300603.164000,1778300603.261000,43069,43120,50,47,3,benign,0
2164,20260508_212322_dns_disable_I1iKIM,1778300603.175000,1778300603.267000,43079,43132,50,47,3,benign,0
2165,20260508_212322_dns_disable_I1iKIM,1778300603.184000,1778300603.285000,43089,43142,50,47,3,benign,0
2166,20260508_212322_dns_disable_I1iKIM,1778300603.194000,1778300603.408000,43099,43152,50,47,3,benign,0
2167,20260508_212322_dns_disable_I1iKIM,1778300603.202000,1778300603.414000,43110,43163,50,47,3,benign,0
2168,20260508_212322_dns_disable_I1iKIM,1778300603.263000,1778300603.472000,43121,43177,50,50,0,benign,0
2169,20260508_212322_dns_disable_I1iKIM,1778300603.267000,1778300603.482000,43133,43187,50,50,0,benign,0
2170,20260508_212322_dns_disable_I1iKIM,1778300603.285000,1778300603.493000,43143,43197,50,50,0,benign,0
2171,20260508_212322_dns_disable_I1iKIM,1778300603.408000,1778300603.503000,43153,43207,50,50,0,benign,0
2172,20260508_212322_dns_disable_I1iKIM,1778300603.414000,1778300603.517000,43164,43217,50,50,0,benign,0
2173,20260508_212322_dns_disable_I1iKIM,1778300603.472000,1778300603.528000,43178,43227,50,50,0,benign,0
2174,20260508_212322_dns_disable_I1iKIM,1778300603.482000,1778300603.537000,43188,43237,50,50,0,benign,0
2175,20260508_212322_dns_disable_I1iKIM,1778300603.493000,1778300603.544000,43198,43248,50,50,0,benign,0
2176,20260508_212322_dns_disable_I1iKIM,1778300603.504000,1778300603.597000,43208,43259,50,47,3,benign,0
2177,20260508_212322_dns_disable_I1iKIM,1778300603.518000,1778300603.609000,43218,43269,50,37,13,malicious,1
2178,20260508_212322_dns_disable_I1iKIM,1778300603.528000,1778300603.615000,43228,43281,50,36,14,malicious,1
2179,20260508_212322_dns_disable_I1iKIM,1778300603.538000,1778300603.631000,43238,43291,50,36,14,malicious,1
2180,20260508_212322_dns_disable_I1iKIM,1778300603.544000,1778300603.743000,43249,43301,50,36,14,malicious,1
2181,20260508_212322_dns_disable_I1iKIM,1778300603.598000,1778300603.749000,43260,43312,50,39,11,malicious,1
2182,20260508_212322_dns_disable_I1iKIM,1778300603.609000,1778300603.782000,43270,43326,50,49,1,benign,0
2183,20260508_212322_dns_disable_I1iKIM,1778300603.615000,1778300603.793000,43282,43336,50,50,0,benign,0
2184,20260508_212322_dns_disable_I1iKIM,1778300603.631000,1778300603.802000,43292,43346,50,50,0,benign,0
2185,20260508_212322_dns_disable_I1iKIM,1778300603.743000,1778300603.817000,43302,43356,50,50,0,benign,0
2186,20260508_212322_dns_disable_I1iKIM,1778300603.749000,1778300603.831000,43313,43366,50,50,0,benign,0
2187,20260508_212322_dns_disable_I1iKIM,1778300603.782000,1778300603.841000,43327,43376,50,50,0,benign,0
2188,20260508_212322_dns_disable_I1iKIM,1778300603.794000,1778300603.855000,43337,43386,50,50,0,benign,0
2189,20260508_212322_dns_disable_I1iKIM,1778300603.805000,1778300603.860000,43347,43397,50,50,0,benign,0
2190,20260508_212322_dns_disable_I1iKIM,1778300603.818000,1778300603.911000,43357,43408,50,47,3,benign,0
2191,20260508_212322_dns_disable_I1iKIM,1778300603.831000,1778300603.926000,43367,43418,50,39,11,malicious,1
2192,20260508_212322_dns_disable_I1iKIM,1778300603.841000,1778300603.936000,43377,43428,50,39,11,malicious,1
2193,20260508_212322_dns_disable_I1iKIM,1778300603.855000,1778300603.941000,43387,43438,50,32,18,malicious,1
2194,20260508_212322_dns_disable_I1iKIM,1778300603.860000,1778300603.955000,43398,43448,50,22,28,malicious,1
2195,20260508_212322_dns_disable_I1iKIM,1778300603.911000,1778300603.996000,43409,43460,50,21,29,malicious,1
2196,20260508_212322_dns_disable_I1iKIM,1778300603.928000,1778300604.046000,43419,43470,50,26,24,malicious,1
2197,20260508_212322_dns_disable_I1iKIM,1778300603.937000,1778300604.053000,43429,43478,50,26,24,malicious,1
2198,20260508_212322_dns_disable_I1iKIM,1778300603.941000,1778300604.066000,43439,43489,50,33,17,malicious,1
2199,20260508_212322_dns_disable_I1iKIM,1778300603.956000,1778300604.074000,43449,43500,50,43,7,malicious,1
2200,20260508_212322_dns_disable_I1iKIM,1778300603.996000,1778300604.078000,43461,43510,50,47,3,benign,0
2201,20260508_212322_dns_disable_I1iKIM,1778300604.048000,1778300604.228000,43471,43548,50,47,3,benign,0
2202,20260508_212322_dns_disable_I1iKIM,1778300604.057000,1778300604.245000,43479,43556,50,47,3,benign,0
2203,20260508_212322_dns_disable_I1iKIM,1778300604.067000,1778300604.254000,43491,43566,50,47,3,benign,0
2204,20260508_212322_dns_disable_I1iKIM,1778300604.074000,1778300604.257000,43501,43576,50,47,3,benign,0
2205,20260508_212322_dns_disable_I1iKIM,1778300604.162000,1778300604.347000,43537,43612,50,46,4,benign,0
2206,20260508_212322_dns_disable_I1iKIM,1778300604.231000,1778300604.371000,43546,43622,50,40,10,malicious,1
2207,20260508_212322_dns_disable_I1iKIM,1778300604.246000,1778300604.388000,43557,43634,50,40,10,malicious,1
2208,20260508_212322_dns_disable_I1iKIM,1778300604.254000,1778300604.394000,43567,43644,50,40,10,malicious,1
2209,20260508_212322_dns_disable_I1iKIM,1778300604.257000,1778300604.507000,43577,43654,50,40,10,malicious,1
2210,20260508_212322_dns_disable_I1iKIM,1778300604.348000,1778300604.514000,43613,43665,50,41,9,malicious,1
2211,20260508_212322_dns_disable_I1iKIM,1778300604.371000,1778300604.547000,43623,43679,50,50,0,benign,0
2212,20260508_212322_dns_disable_I1iKIM,1778300604.391000,1778300604.557000,43635,43689,50,50,0,benign,0
2213,20260508_212322_dns_disable_I1iKIM,1778300604.394000,1778300604.568000,43645,43699,50,50,0,benign,0
2214,20260508_212322_dns_disable_I1iKIM,1778300604.507000,1778300604.580000,43655,43709,50,50,0,benign,0
2215,20260508_212322_dns_disable_I1iKIM,1778300604.514000,1778300604.595000,43666,43719,50,50,0,benign,0
2216,20260508_212322_dns_disable_I1iKIM,1778300604.547000,1778300604.604000,43680,43729,50,50,0,benign,0
2217,20260508_212322_dns_disable_I1iKIM,1778300604.557000,1778300604.613000,43690,43739,50,50,0,benign,0
2218,20260508_212322_dns_disable_I1iKIM,1778300604.571000,1778300604.622000,43700,43750,50,50,0,benign,0
2219,20260508_212322_dns_disable_I1iKIM,1778300604.582000,1778300604.690000,43710,43761,50,50,0,benign,0
2220,20260508_212322_dns_disable_I1iKIM,1778300604.597000,1778300604.709000,43720,43773,50,50,0,benign,0
2221,20260508_212322_dns_disable_I1iKIM,1778300604.604000,1778300604.714000,43730,43783,50,50,0,benign,0
2222,20260508_212322_dns_disable_I1iKIM,1778300604.615000,1778300604.830000,43740,43793,50,50,0,benign,0
2223,20260508_212322_dns_disable_I1iKIM,1778300604.625000,1778300604.835000,43751,43804,50,50,0,benign,0
2224,20260508_212322_dns_disable_I1iKIM,1778300604.690000,1778300604.870000,43762,43818,50,50,0,benign,0
2225,20260508_212322_dns_disable_I1iKIM,1778300604.712000,1778300604.887000,43774,43828,50,50,0,benign,0
2226,20260508_212322_dns_disable_I1iKIM,1778300604.714000,1778300604.898000,43784,43838,50,50,0,benign,0
2227,20260508_212322_dns_disable_I1iKIM,1778300604.830000,1778300604.910000,43794,43848,50,50,0,benign,0
2228,20260508_212322_dns_disable_I1iKIM,1778300604.835000,1778300604.924000,43805,43858,50,50,0,benign,0
2229,20260508_212322_dns_disable_I1iKIM,1778300604.870000,1778300604.932000,43819,43868,50,50,0,benign,0
2230,20260508_212322_dns_disable_I1iKIM,1778300604.888000,1778300604.944000,43829,43878,50,50,0,benign,0
2231,20260508_212322_dns_disable_I1iKIM,1778300604.899000,1778300604.949000,43839,43889,50,50,0,benign,0
2232,20260508_212322_dns_disable_I1iKIM,1778300604.911000,1778300605.008000,43849,43900,50,50,0,benign,0
2233,20260508_212322_dns_disable_I1iKIM,1778300604.925000,1778300605.029000,43859,43912,50,50,0,benign,0
2234,20260508_212322_dns_disable_I1iKIM,1778300604.932000,1778300605.035000,43869,43922,50,50,0,benign,0
2235,20260508_212322_dns_disable_I1iKIM,1778300604.945000,1778300605.141000,43879,43932,50,50,0,benign,0
2236,20260508_212322_dns_disable_I1iKIM,1778300604.949000,1778300605.147000,43890,43943,50,50,0,benign,0
2237,20260508_212322_dns_disable_I1iKIM,1778300605.008000,1778300605.180000,43901,43957,50,50,0,benign,0
2238,20260508_212322_dns_disable_I1iKIM,1778300605.032000,1778300605.192000,43913,43967,50,50,0,benign,0
2239,20260508_212322_dns_disable_I1iKIM,1778300605.035000,1778300605.203000,43923,43977,50,50,0,benign,0
2240,20260508_212322_dns_disable_I1iKIM,1778300605.141000,1778300605.212000,43933,43987,50,50,0,benign,0
2241,20260508_212322_dns_disable_I1iKIM,1778300605.147000,1778300605.222000,43944,43997,50,50,0,benign,0
2242,20260508_212322_dns_disable_I1iKIM,1778300605.180000,1778300605.229000,43958,44006,50,50,0,benign,0
2243,20260508_212322_dns_disable_I1iKIM,1778300605.192000,1778300605.240000,43968,44017,50,50,0,benign,0
2244,20260508_212322_dns_disable_I1iKIM,1778300605.204000,1778300605.247000,43978,44028,50,50,0,benign,0
2245,20260508_212322_dns_disable_I1iKIM,1778300605.214000,1778300605.297000,43988,44039,50,45,5,malicious,1
2246,20260508_212322_dns_disable_I1iKIM,1778300605.223000,1778300605.301000,43998,44049,50,41,9,malicious,1
2247,20260508_212322_dns_disable_I1iKIM,1778300605.229000,1778300605.319000,44007,44061,50,41,9,malicious,1
2248,20260508_212322_dns_disable_I1iKIM,1778300605.240000,1778300605.424000,44018,44071,50,41,9,malicious,1
2249,20260508_212322_dns_disable_I1iKIM,1778300605.247000,1778300605.430000,44029,44082,50,41,9,malicious,1
2250,20260508_212322_dns_disable_I1iKIM,1778300605.297000,1778300605.464000,44040,44095,50,46,4,benign,0
2251,20260508_212322_dns_disable_I1iKIM,1778300605.302000,1778300605.465000,44052,44106,50,50,0,benign,0
2252,20260508_212322_dns_disable_I1iKIM,1778300605.319000,1778300605.476000,44062,44116,50,50,0,benign,0
2253,20260508_212322_dns_disable_I1iKIM,1778300605.424000,1778300605.488000,44072,44126,50,50,0,benign,0
2254,20260508_212322_dns_disable_I1iKIM,1778300605.430000,1778300605.503000,44083,44136,50,50,0,benign,0
2255,20260508_212322_dns_disable_I1iKIM,1778300605.464000,1778300605.514000,44096,44146,50,50,0,benign,0
2256,20260508_212322_dns_disable_I1iKIM,1778300605.465000,1778300605.522000,44107,44156,50,50,0,benign,0
2257,20260508_212322_dns_disable_I1iKIM,1778300605.478000,1778300605.532000,44117,44166,50,50,0,benign,0
2258,20260508_212322_dns_disable_I1iKIM,1778300605.488000,1778300605.536000,44127,44178,50,50,0,benign,0
2259,20260508_212322_dns_disable_I1iKIM,1778300605.505000,1778300605.594000,44137,44188,50,50,0,benign,0
2260,20260508_212322_dns_disable_I1iKIM,1778300605.515000,1778300605.653000,44147,44198,50,50,0,benign,0
2261,20260508_212322_dns_disable_I1iKIM,1778300605.523000,1778300605.655000,44157,44208,50,50,0,benign,0
2262,20260508_212322_dns_disable_I1iKIM,1778300605.534000,1778300605.720000,44167,44218,50,50,0,benign,0
2263,20260508_212322_dns_disable_I1iKIM,1778300605.588000,1778300605.720000,44179,44228,50,50,0,benign,0
2264,20260508_212322_dns_disable_I1iKIM,1778300605.595000,1778300605.723000,44189,44238,50,50,0,benign,0
2265,20260508_212322_dns_disable_I1iKIM,1778300605.653000,1778300605.726000,44199,44248,50,50,0,benign,0
2266,20260508_212322_dns_disable_I1iKIM,1778300605.719000,1778300605.726000,44209,44258,50,50,0,benign,0
2267,20260508_212322_dns_disable_I1iKIM,1778300605.720000,1778300605.727000,44219,44268,50,50,0,benign,0
2268,20260508_212322_dns_disable_I1iKIM,1778300605.720000,1778300605.728000,44229,44278,50,50,0,benign,0
2269,20260508_212322_dns_disable_I1iKIM,1778300605.723000,1778300605.729000,44239,44288,50,50,0,benign,0
2270,20260508_212322_dns_disable_I1iKIM,1778300605.726000,1778300605.759000,44249,44298,50,50,0,benign,0
2271,20260508_212322_dns_disable_I1iKIM,1778300605.726000,1778300605.765000,44259,44308,50,50,0,benign,0
2272,20260508_212322_dns_disable_I1iKIM,1778300605.727000,1778300605.792000,44269,44318,50,50,0,benign,0
2273,20260508_212322_dns_disable_I1iKIM,1778300605.728000,1778300605.799000,44279,44328,50,50,0,benign,0
2274,20260508_212322_dns_disable_I1iKIM,1778300605.729000,1778300605.812000,44289,44338,50,50,0,benign,0
2275,20260508_212322_dns_disable_I1iKIM,1778300605.759000,1778300605.829000,44299,44348,50,50,0,benign,0
2276,20260508_212322_dns_disable_I1iKIM,1778300605.765000,1778300605.839000,44309,44358,50,50,0,benign,0
2277,20260508_212322_dns_disable_I1iKIM,1778300605.797000,1778300605.851000,44319,44368,50,50,0,benign,0
2278,20260508_212322_dns_disable_I1iKIM,1778300605.799000,1778300605.859000,44329,44378,50,50,0,benign,0
2279,20260508_212322_dns_disable_I1iKIM,1778300605.813000,1778300605.870000,44339,44388,50,50,0,benign,0
2280,20260508_212322_dns_disable_I1iKIM,1778300605.829000,1778300605.873000,44349,44398,50,50,0,benign,0
2281,20260508_212322_dns_disable_I1iKIM,1778300605.842000,1778300605.935000,44359,44408,50,50,0,benign,0
2282,20260508_212322_dns_disable_I1iKIM,1778300605.852000,1778300605.936000,44369,44418,50,50,0,benign,0
2283,20260508_212322_dns_disable_I1iKIM,1778300605.860000,1778300606.155000,44379,44428,50,50,0,benign,0
2284,20260508_212327_dns_tamper_i0Hbez,1778300606.256000,1778300606.312000,44432,44481,50,50,0,benign,0
2285,20260508_212327_dns_tamper_i0Hbez,1778300606.256000,1778300606.327000,44442,44491,50,50,0,benign,0
2286,20260508_212327_dns_tamper_i0Hbez,1778300606.263000,1778300606.337000,44452,44501,50,50,0,benign,0
2287,20260508_212327_dns_tamper_i0Hbez,1778300606.297000,1778300606.346000,44462,44511,50,50,0,benign,0
2288,20260508_212327_dns_tamper_i0Hbez,1778300606.306000,1778300606.355000,44472,44521,50,50,0,benign,0
2289,20260508_212327_dns_tamper_i0Hbez,1778300606.315000,1778300606.362000,44482,44531,50,50,0,benign,0
2290,20260508_212327_dns_tamper_i0Hbez,1778300606.328000,1778300606.363000,44492,44541,50,50,0,benign,0
2291,20260508_212327_dns_tamper_i0Hbez,1778300606.338000,1778300606.417000,44502,44551,50,50,0,benign,0
2292,20260508_212327_dns_tamper_i0Hbez,1778300606.346000,1778300606.451000,44512,44561,50,50,0,benign,0
2293,20260508_212327_dns_tamper_i0Hbez,1778300606.356000,1778300606.554000,44522,44571,50,50,0,benign,0
2294,20260508_212327_dns_tamper_i0Hbez,1778300606.362000,1778300606.554000,44532,44581,50,50,0,benign,0
2295,20260508_212327_dns_tamper_i0Hbez,1778300606.411000,1778300606.560000,44542,44591,50,50,0,benign,0
2296,20260508_212327_dns_tamper_i0Hbez,1778300606.417000,1778300606.593000,44552,44601,50,50,0,benign,0
2297,20260508_212327_dns_tamper_i0Hbez,1778300606.451000,1778300606.602000,44562,44611,50,50,0,benign,0
2298,20260508_212327_dns_tamper_i0Hbez,1778300606.554000,1778300606.612000,44572,44621,50,50,0,benign,0
2299,20260508_212327_dns_tamper_i0Hbez,1778300606.555000,1778300606.628000,44582,44631,50,50,0,benign,0
2300,20260508_212327_dns_tamper_i0Hbez,1778300606.560000,1778300606.641000,44592,44641,50,50,0,benign,0
2301,20260508_212327_dns_tamper_i0Hbez,1778300606.593000,1778300606.651000,44602,44651,50,50,0,benign,0
2302,20260508_212327_dns_tamper_i0Hbez,1778300606.602000,1778300606.668000,44612,44661,50,50,0,benign,0
2303,20260508_212327_dns_tamper_i0Hbez,1778300606.613000,1778300606.673000,44622,44671,50,50,0,benign,0
2304,20260508_212327_dns_tamper_i0Hbez,1778300606.630000,1778300606.725000,44632,44681,50,50,0,benign,0
2305,20260508_212327_dns_tamper_i0Hbez,1778300606.643000,1778300606.732000,44642,44691,50,50,0,benign,0
2306,20260508_212327_dns_tamper_i0Hbez,1778300606.651000,1778300606.850000,44652,44703,50,50,0,benign,0
2307,20260508_212327_dns_tamper_i0Hbez,1778300606.668000,1778300606.954000,44662,44713,50,50,0,benign,0
2308,20260508_212327_dns_tamper_i0Hbez,1778300606.673000,1778300606.960000,44672,44724,50,50,0,benign,0
2309,20260508_212327_dns_tamper_i0Hbez,1778300606.727000,1778300606.993000,44682,44737,50,50,0,benign,0
2310,20260508_212327_dns_tamper_i0Hbez,1778300606.733000,1778300606.994000,44694,44748,50,50,0,benign,0
2311,20260508_212327_dns_tamper_i0Hbez,1778300606.850000,1778300607.009000,44704,44758,50,50,0,benign,0
2312,20260508_212327_dns_tamper_i0Hbez,1778300606.954000,1778300607.021000,44714,44768,50,50,0,benign,0
2313,20260508_212327_dns_tamper_i0Hbez,1778300606.960000,1778300607.033000,44725,44778,50,50,0,benign,0
2314,20260508_212327_dns_tamper_i0Hbez,1778300606.993000,1778300607.042000,44738,44788,50,50,0,benign,0
2315,20260508_212327_dns_tamper_i0Hbez,1778300606.994000,1778300607.050000,44749,44798,50,50,0,benign,0
2316,20260508_212327_dns_tamper_i0Hbez,1778300607.009000,1778300607.059000,44759,44808,50,50,0,benign,0
2317,20260508_212327_dns_tamper_i0Hbez,1778300607.021000,1778300607.061000,44769,44820,50,50,0,benign,0
2318,20260508_212327_dns_tamper_i0Hbez,1778300607.033000,1778300607.120000,44779,44830,50,50,0,benign,0
2319,20260508_212327_dns_tamper_i0Hbez,1778300607.043000,1778300607.150000,44789,44842,50,50,0,benign,0
2320,20260508_212327_dns_tamper_i0Hbez,1778300607.051000,1778300607.260000,44799,44852,50,50,0,benign,0
2321,20260508_212327_dns_tamper_i0Hbez,1778300607.059000,1778300607.266000,44809,44863,50,50,0,benign,0
2322,20260508_212327_dns_tamper_i0Hbez,1778300607.117000,1778300607.299000,44821,44876,50,50,0,benign,0
2323,20260508_212327_dns_tamper_i0Hbez,1778300607.123000,1778300607.300000,44833,44887,50,50,0,benign,0
2324,20260508_212327_dns_tamper_i0Hbez,1778300607.150000,1778300607.316000,44843,44897,50,50,0,benign,0
2325,20260508_212327_dns_tamper_i0Hbez,1778300607.260000,1778300607.326000,44853,44907,50,50,0,benign,0
2326,20260508_212327_dns_tamper_i0Hbez,1778300607.266000,1778300607.341000,44864,44917,50,50,0,benign,0
2327,20260508_212327_dns_tamper_i0Hbez,1778300607.299000,1778300607.353000,44877,44927,50,50,0,benign,0
2328,20260508_212327_dns_tamper_i0Hbez,1778300607.300000,1778300607.362000,44888,44937,50,50,0,benign,0
2329,20260508_212327_dns_tamper_i0Hbez,1778300607.317000,1778300607.373000,44898,44947,50,50,0,benign,0
2330,20260508_212327_dns_tamper_i0Hbez,1778300607.327000,1778300607.376000,44908,44959,50,50,0,benign,0
2331,20260508_212327_dns_tamper_i0Hbez,1778300607.343000,1778300607.438000,44918,44969,50,50,0,benign,0
2332,20260508_212327_dns_tamper_i0Hbez,1778300607.354000,1778300607.454000,44928,44981,50,50,0,benign,0
2333,20260508_212327_dns_tamper_i0Hbez,1778300607.363000,1778300607.558000,44938,44991,50,50,0,benign,0
2334,20260508_212327_dns_tamper_i0Hbez,1778300607.374000,1778300607.559000,44948,45001,50,50,0,benign,0
2335,20260508_212327_dns_tamper_i0Hbez,1778300607.429000,1778300607.565000,44960,45012,50,50,0,benign,0
2336,20260508_212327_dns_tamper_i0Hbez,1778300607.438000,1778300607.602000,44970,45026,50,50,0,benign,0
2337,20260508_212327_dns_tamper_i0Hbez,1778300607.454000,1778300607.624000,44982,45036,50,50,0,benign,0
2338,20260508_212327_dns_tamper_i0Hbez,1778300607.558000,1778300607.637000,44992,45046,50,50,0,benign,0
2339,20260508_212327_dns_tamper_i0Hbez,1778300607.559000,1778300607.650000,45002,45056,50,50,0,benign,0
2340,20260508_212327_dns_tamper_i0Hbez,1778300607.591000,1778300607.667000,45014,45066,50,50,0,benign,0
2341,20260508_212327_dns_tamper_i0Hbez,1778300607.602000,1778300607.675000,45027,45076,50,50,0,benign,0
2342,20260508_212327_dns_tamper_i0Hbez,1778300607.626000,1778300607.681000,45037,45086,50,50,0,benign,0
2343,20260508_212327_dns_tamper_i0Hbez,1778300607.637000,1778300607.685000,45047,45098,50,50,0,benign,0
2344,20260508_212327_dns_tamper_i0Hbez,1778300607.651000,1778300607.750000,45057,45108,50,50,0,benign,0
2345,20260508_212327_dns_tamper_i0Hbez,1778300607.669000,1778300607.766000,45067,45120,50,50,0,benign,0
2346,20260508_212327_dns_tamper_i0Hbez,1778300607.675000,1778300607.768000,45077,45130,50,50,0,benign,0
2347,20260508_212327_dns_tamper_i0Hbez,1778300607.681000,1778300607.871000,45087,45140,50,50,0,benign,0
2348,20260508_212327_dns_tamper_i0Hbez,1778300607.685000,1778300607.876000,45099,45151,50,50,0,benign,0
2349,20260508_212327_dns_tamper_i0Hbez,1778300607.750000,1778300607.910000,45109,45165,50,50,0,benign,0
2350,20260508_212327_dns_tamper_i0Hbez,1778300607.766000,1778300607.921000,45121,45175,50,50,0,benign,0
2351,20260508_212327_dns_tamper_i0Hbez,1778300607.768000,1778300607.932000,45131,45185,50,50,0,benign,0
2352,20260508_212327_dns_tamper_i0Hbez,1778300607.871000,1778300607.948000,45141,45195,50,50,0,benign,0
2353,20260508_212327_dns_tamper_i0Hbez,1778300607.877000,1778300607.961000,45152,45205,50,50,0,benign,0
2354,20260508_212327_dns_tamper_i0Hbez,1778300607.910000,1778300607.969000,45166,45215,50,50,0,benign,0
2355,20260508_212327_dns_tamper_i0Hbez,1778300607.921000,1778300607.981000,45176,45225,50,50,0,benign,0
2356,20260508_212327_dns_tamper_i0Hbez,1778300607.936000,1778300607.984000,45186,45236,50,50,0,benign,0
2357,20260508_212327_dns_tamper_i0Hbez,1778300607.949000,1778300608.042000,45196,45247,50,49,1,benign,0
2358,20260508_212327_dns_tamper_i0Hbez,1778300607.962000,1778300608.057000,45206,45259,50,49,1,benign,0
2359,20260508_212327_dns_tamper_i0Hbez,1778300607.970000,1778300608.161000,45216,45269,50,49,1,benign,0
2360,20260508_212327_dns_tamper_i0Hbez,1778300607.982000,1778300608.162000,45226,45279,50,49,1,benign,0
2361,20260508_212327_dns_tamper_i0Hbez,1778300607.984000,1778300608.194000,45238,45291,50,49,1,benign,0
2362,20260508_212327_dns_tamper_i0Hbez,1778300608.042000,1778300608.202000,45248,45304,50,50,0,benign,0
2363,20260508_212327_dns_tamper_i0Hbez,1778300608.057000,1778300608.216000,45260,45314,50,50,0,benign,0
2364,20260508_212327_dns_tamper_i0Hbez,1778300608.161000,1778300608.229000,45270,45324,50,50,0,benign,0
2365,20260508_212327_dns_tamper_i0Hbez,1778300608.168000,1778300608.243000,45281,45334,50,50,0,benign,0
2366,20260508_212327_dns_tamper_i0Hbez,1778300608.201000,1778300608.255000,45294,45344,50,50,0,benign,0
2367,20260508_212327_dns_tamper_i0Hbez,1778300608.202000,1778300608.262000,45305,45354,50,50,0,benign,0
2368,20260508_212327_dns_tamper_i0Hbez,1778300608.217000,1778300608.272000,45315,45364,50,50,0,benign,0
2369,20260508_212327_dns_tamper_i0Hbez,1778300608.230000,1778300608.276000,45325,45376,50,50,0,benign,0
2370,20260508_212327_dns_tamper_i0Hbez,1778300608.246000,1778300608.325000,45335,45388,50,49,1,benign,0
2371,20260508_212327_dns_tamper_i0Hbez,1778300608.256000,1778300608.341000,45345,45398,50,49,1,benign,0
2372,20260508_212327_dns_tamper_i0Hbez,1778300608.263000,1778300608.442000,45355,45408,50,49,1,benign,0
2373,20260508_212327_dns_tamper_i0Hbez,1778300608.275000,1778300608.449000,45365,45419,50,49,1,benign,0
2374,20260508_212327_dns_tamper_i0Hbez,1778300608.276000,1778300608.482000,45377,45432,50,49,1,benign,0
2375,20260508_212327_dns_tamper_i0Hbez,1778300608.325000,1778300608.484000,45389,45443,50,50,0,benign,0
2376,20260508_212327_dns_tamper_i0Hbez,1778300608.341000,1778300608.501000,45399,45453,50,50,0,benign,0
2377,20260508_212327_dns_tamper_i0Hbez,1778300608.443000,1778300608.512000,45409,45463,50,50,0,benign,0
2378,20260508_212327_dns_tamper_i0Hbez,1778300608.449000,1778300608.523000,45420,45473,50,50,0,benign,0
2379,20260508_212327_dns_tamper_i0Hbez,1778300608.482000,1778300608.533000,45434,45487,50,50,0,benign,0
2380,20260508_212327_dns_tamper_i0Hbez,1778300608.494000,1778300608.543000,45444,45493,50,50,0,benign,0
2381,20260508_212327_dns_tamper_i0Hbez,1778300608.502000,1778300608.548000,45454,45503,50,50,0,benign,0
2382,20260508_212327_dns_tamper_i0Hbez,1778300608.513000,1778300608.603000,45464,45515,50,48,2,benign,0
2383,20260508_212327_dns_tamper_i0Hbez,1778300608.525000,1778300608.609000,45474,45527,50,47,3,benign,0
2384,20260508_212327_dns_tamper_i0Hbez,1778300608.535000,1778300608.627000,45483,45537,50,47,3,benign,0
2385,20260508_212327_dns_tamper_i0Hbez,1778300608.544000,1778300608.728000,45494,45547,50,47,3,benign,0
2386,20260508_212327_dns_tamper_i0Hbez,1778300608.549000,1778300608.734000,45505,45558,50,47,3,benign,0
2387,20260508_212327_dns_tamper_i0Hbez,1778300608.604000,1778300608.739000,45516,45569,50,49,1,benign,0
2388,20260508_212327_dns_tamper_i0Hbez,1778300608.609000,1778300608.740000,45528,45579,50,50,0,benign,0
2389,20260508_212327_dns_tamper_i0Hbez,1778300608.627000,1778300608.741000,45538,45589,50,50,0,benign,0
2390,20260508_212327_dns_tamper_i0Hbez,1778300608.728000,1778300608.743000,45548,45599,50,50,0,benign,0
2391,20260508_212327_dns_tamper_i0Hbez,1778300608.734000,1778300608.744000,45559,45610,50,50,0,benign,0
2392,20260508_212327_dns_tamper_i0Hbez,1778300608.740000,1778300608.780000,45570,45627,50,50,0,benign,0
2393,20260508_212327_dns_tamper_i0Hbez,1778300608.740000,1778300608.781000,45580,45638,50,50,0,benign,0
2394,20260508_212327_dns_tamper_i0Hbez,1778300608.741000,1778300608.801000,45590,45648,50,50,0,benign,0
2395,20260508_212327_dns_tamper_i0Hbez,1778300608.743000,1778300608.816000,45600,45658,50,50,0,benign,0
2396,20260508_212327_dns_tamper_i0Hbez,1778300608.744000,1778300608.832000,45612,45668,50,50,0,benign,0
2397,20260508_212327_dns_tamper_i0Hbez,1778300608.780000,1778300608.843000,45629,45678,50,50,0,benign,0
2398,20260508_212327_dns_tamper_i0Hbez,1778300608.791000,1778300608.854000,45639,45688,50,50,0,benign,0
2399,20260508_212327_dns_tamper_i0Hbez,1778300608.802000,1778300608.861000,45649,45698,50,50,0,benign,0
2400,20260508_212327_dns_tamper_i0Hbez,1778300608.817000,1778300608.914000,45659,45710,50,48,2,benign,0
2401,20260508_212327_dns_tamper_i0Hbez,1778300608.833000,1778300608.928000,45669,45720,50,38,12,malicious,1
2402,20260508_212327_dns_tamper_i0Hbez,1778300608.843000,1778300608.932000,45679,45732,50,36,14,malicious,1
2403,20260508_212327_dns_tamper_i0Hbez,1778300608.855000,1778300608.950000,45689,45742,50,36,14,malicious,1
2404,20260508_212327_dns_tamper_i0Hbez,1778300608.862000,1778300609.056000,45700,45752,50,36,14,malicious,1
2405,20260508_212327_dns_tamper_i0Hbez,1778300608.915000,1778300609.062000,45711,45763,50,38,12,malicious,1
2406,20260508_212327_dns_tamper_i0Hbez,1778300608.928000,1778300609.095000,45721,45776,50,48,2,benign,0
2407,20260508_212327_dns_tamper_i0Hbez,1778300608.932000,1778300609.096000,45733,45787,50,50,0,benign,0
2408,20260508_212327_dns_tamper_i0Hbez,1778300608.950000,1778300609.113000,45743,45797,50,50,0,benign,0
2409,20260508_212327_dns_tamper_i0Hbez,1778300609.056000,1778300609.128000,45753,45807,50,50,0,benign,0
2410,20260508_212327_dns_tamper_i0Hbez,1778300609.062000,1778300609.142000,45764,45817,50,50,0,benign,0
2411,20260508_212327_dns_tamper_i0Hbez,1778300609.096000,1778300609.151000,45778,45827,50,50,0,benign,0
2412,20260508_212327_dns_tamper_i0Hbez,1778300609.106000,1778300609.161000,45788,45837,50,50,0,benign,0
2413,20260508_212327_dns_tamper_i0Hbez,1778300609.116000,1778300609.168000,45798,45847,50,50,0,benign,0
2414,20260508_212327_dns_tamper_i0Hbez,1778300609.129000,1778300609.227000,45808,45859,50,48,2,benign,0
2415,20260508_212327_dns_tamper_i0Hbez,1778300609.143000,1778300609.244000,45818,45869,50,39,11,malicious,1
2416,20260508_212327_dns_tamper_i0Hbez,1778300609.152000,1778300609.255000,45828,45879,50,39,11,malicious,1
2417,20260508_212327_dns_tamper_i0Hbez,1778300609.162000,1778300609.262000,45838,45889,50,33,17,malicious,1
2418,20260508_212327_dns_tamper_i0Hbez,1778300609.169000,1778300609.276000,45849,45899,50,30,20,malicious,1
2419,20260508_212327_dns_tamper_i0Hbez,1778300609.229000,1778300609.290000,45860,45909,50,30,20,malicious,1
2420,20260508_212327_dns_tamper_i0Hbez,1778300609.246000,1778300609.301000,45870,45919,50,32,18,malicious,1
2421,20260508_212327_dns_tamper_i0Hbez,1778300609.257000,1778300609.313000,45880,45929,50,27,23,malicious,1
2422,20260508_212327_dns_tamper_i0Hbez,1778300609.262000,1778300609.319000,45890,45941,50,31,19,malicious,1
2423,20260508_212327_dns_tamper_i0Hbez,1778300609.277000,1778300609.338000,45900,45951,50,34,16,malicious,1
2424,20260508_212327_dns_tamper_i0Hbez,1778300609.291000,1778300609.441000,45910,45961,50,36,14,malicious,1
2425,20260508_212327_dns_tamper_i0Hbez,1778300609.302000,1778300609.446000,45920,45972,50,43,7,malicious,1
2426,20260508_212327_dns_tamper_i0Hbez,1778300609.314000,1778300609.480000,45930,45985,50,48,2,benign,0
2427,20260508_212327_dns_tamper_i0Hbez,1778300609.319000,1778300609.481000,45942,45996,50,50,0,benign,0
2428,20260508_212327_dns_tamper_i0Hbez,1778300609.339000,1778300609.500000,45952,46006,50,50,0,benign,0
2429,20260508_212327_dns_tamper_i0Hbez,1778300609.441000,1778300609.511000,45962,46016,50,50,0,benign,0
2430,20260508_212327_dns_tamper_i0Hbez,1778300609.446000,1778300609.526000,45973,46026,50,50,0,benign,0
2431,20260508_212327_dns_tamper_i0Hbez,1778300609.480000,1778300609.536000,45987,46036,50,50,0,benign,0
2432,20260508_212327_dns_tamper_i0Hbez,1778300609.491000,1778300609.547000,45997,46046,50,50,0,benign,0
2433,20260508_212327_dns_tamper_i0Hbez,1778300609.501000,1778300609.555000,46007,46056,50,50,0,benign,0
2434,20260508_212327_dns_tamper_i0Hbez,1778300609.512000,1778300609.603000,46017,46068,50,50,0,benign,0
2435,20260508_212327_dns_tamper_i0Hbez,1778300609.527000,1778300609.612000,46027,46080,50,50,0,benign,0
2436,20260508_212327_dns_tamper_i0Hbez,1778300609.536000,1778300609.632000,46037,46090,50,50,0,benign,0
2437,20260508_212327_dns_tamper_i0Hbez,1778300609.548000,1778300609.733000,46047,46100,50,50,0,benign,0
2438,20260508_212327_dns_tamper_i0Hbez,1778300609.556000,1778300609.739000,46058,46111,50,50,0,benign,0
2439,20260508_212327_dns_tamper_i0Hbez,1778300609.604000,1778300609.773000,46069,46124,50,50,0,benign,0
2440,20260508_212327_dns_tamper_i0Hbez,1778300609.612000,1778300609.774000,46081,46135,50,50,0,benign,0
2441,20260508_212327_dns_tamper_i0Hbez,1778300609.632000,1778300609.794000,46091,46145,50,50,0,benign,0
2442,20260508_212327_dns_tamper_i0Hbez,1778300609.733000,1778300609.806000,46101,46155,50,50,0,benign,0
2443,20260508_212327_dns_tamper_i0Hbez,1778300609.739000,1778300609.821000,46112,46165,50,50,0,benign,0
2444,20260508_212327_dns_tamper_i0Hbez,1778300609.773000,1778300609.831000,46126,46175,50,50,0,benign,0
2445,20260508_212327_dns_tamper_i0Hbez,1778300609.787000,1778300609.844000,46136,46185,50,50,0,benign,0
2446,20260508_212327_dns_tamper_i0Hbez,1778300609.797000,1778300609.850000,46146,46195,50,50,0,benign,0
2447,20260508_212327_dns_tamper_i0Hbez,1778300609.808000,1778300609.898000,46156,46207,50,50,0,benign,0
2448,20260508_212327_dns_tamper_i0Hbez,1778300609.822000,1778300609.908000,46166,46219,50,50,0,benign,0
2449,20260508_212327_dns_tamper_i0Hbez,1778300609.833000,1778300609.922000,46176,46229,50,50,0,benign,0
2450,20260508_212327_dns_tamper_i0Hbez,1778300609.845000,1778300610.028000,46186,46239,50,50,0,benign,0
2451,20260508_212327_dns_tamper_i0Hbez,1778300609.850000,1778300610.034000,46197,46250,50,50,0,benign,0
2452,20260508_212327_dns_tamper_i0Hbez,1778300609.899000,1778300610.068000,46208,46263,50,50,0,benign,0
2453,20260508_212327_dns_tamper_i0Hbez,1778300609.908000,1778300610.070000,46220,46274,50,50,0,benign,0
2454,20260508_212327_dns_tamper_i0Hbez,1778300609.922000,1778300610.088000,46230,46284,50,50,0,benign,0
2455,20260508_212327_dns_tamper_i0Hbez,1778300610.028000,1778300610.100000,46240,46294,50,50,0,benign,0
2456,20260508_212327_dns_tamper_i0Hbez,1778300610.034000,1778300610.116000,46251,46304,50,50,0,benign,0
2457,20260508_212327_dns_tamper_i0Hbez,1778300610.068000,1778300610.126000,46265,46314,50,50,0,benign,0
2458,20260508_212327_dns_tamper_i0Hbez,1778300610.079000,1778300610.137000,46275,46324,50,50,0,benign,0
2459,20260508_212327_dns_tamper_i0Hbez,1778300610.089000,1778300610.147000,46285,46334,50,50,0,benign,0
2460,20260508_212327_dns_tamper_i0Hbez,1778300610.100000,1778300610.193000,46295,46346,50,48,2,benign,0
2461,20260508_212327_dns_tamper_i0Hbez,1778300610.117000,1778300610.197000,46305,46356,50,41,9,malicious,1
2462,20260508_212327_dns_tamper_i0Hbez,1778300610.126000,1778300610.215000,46315,46368,50,41,9,malicious,1
2463,20260508_212327_dns_tamper_i0Hbez,1778300610.141000,1778300610.218000,46325,46378,50,41,9,malicious,1
2464,20260508_212327_dns_tamper_i0Hbez,1778300610.147000,1778300610.320000,46336,46388,50,41,9,malicious,1
2465,20260508_212327_dns_tamper_i0Hbez,1778300610.194000,1778300610.325000,46347,46399,50,43,7,malicious,1
2466,20260508_212327_dns_tamper_i0Hbez,1778300610.197000,1778300610.359000,46357,46413,50,50,0,benign,0
2467,20260508_212327_dns_tamper_i0Hbez,1778300610.215000,1778300610.369000,46369,46423,50,50,0,benign,0
2468,20260508_212327_dns_tamper_i0Hbez,1778300610.318000,1778300610.385000,46379,46433,50,50,0,benign,0
2469,20260508_212327_dns_tamper_i0Hbez,1778300610.320000,1778300610.397000,46389,46443,50,50,0,benign,0
2470,20260508_212327_dns_tamper_i0Hbez,1778300610.325000,1778300610.408000,46400,46453,50,50,0,benign,0
2471,20260508_212327_dns_tamper_i0Hbez,1778300610.359000,1778300610.417000,46414,46463,50,50,0,benign,0
2472,20260508_212327_dns_tamper_i0Hbez,1778300610.369000,1778300610.427000,46424,46473,50,50,0,benign,0
2473,20260508_212327_dns_tamper_i0Hbez,1778300610.385000,1778300610.430000,46434,46485,50,50,0,benign,0
2474,20260508_212327_dns_tamper_i0Hbez,1778300610.398000,1778300610.493000,46444,46495,50,50,0,benign,0
2475,20260508_212327_dns_tamper_i0Hbez,1778300610.410000,1778300610.494000,46454,46505,50,50,0,benign,0
2476,20260508_212327_dns_tamper_i0Hbez,1778300610.418000,1778300610.538000,46464,46515,50,50,0,benign,0
2477,20260508_212327_dns_tamper_i0Hbez,1778300610.427000,1778300610.646000,46474,46525,50,50,0,benign,0
2478,20260508_212327_dns_tamper_i0Hbez,1778300610.430000,1778300610.653000,46486,46535,50,50,0,benign,0
2479,20260508_212327_dns_tamper_i0Hbez,1778300610.493000,1778300610.685000,46496,46545,50,50,0,benign,0
2480,20260508_212327_dns_tamper_i0Hbez,1778300610.532000,1778300610.686000,46506,46555,50,50,0,benign,0
2481,20260508_212327_dns_tamper_i0Hbez,1778300610.538000,1778300610.703000,46516,46565,50,50,0,benign,0
2482,20260508_212327_dns_tamper_i0Hbez,1778300610.646000,1778300610.716000,46526,46576,50,50,0,benign,0
2483,20260508_212327_dns_tamper_i0Hbez,1778300610.653000,1778300610.728000,46536,46585,50,50,0,benign,0
2484,20260508_212327_dns_tamper_i0Hbez,1778300610.685000,1778300610.745000,46546,46595,50,50,0,benign,0
2485,20260508_212327_dns_tamper_i0Hbez,1778300610.686000,1778300610.754000,46556,46605,50,50,0,benign,0
2486,20260508_212327_dns_tamper_i0Hbez,1778300610.705000,1778300610.758000,46566,46615,50,50,0,benign,0
2487,20260508_212327_dns_tamper_i0Hbez,1778300610.717000,1778300610.758000,46575,46625,50,50,0,benign,0
2488,20260508_212327_dns_tamper_i0Hbez,1778300610.731000,1778300610.758000,46586,46635,50,50,0,benign,0
2489,20260508_212327_dns_tamper_i0Hbez,1778300610.746000,1778300610.760000,46596,46645,50,50,0,benign,0
2490,20260508_212327_dns_tamper_i0Hbez,1778300610.754000,1778300610.761000,46606,46655,50,50,0,benign,0
2491,20260508_212327_dns_tamper_i0Hbez,1778300610.758000,1778300610.769000,46616,46665,50,50,0,benign,0
2492,20260508_212327_dns_tamper_i0Hbez,1778300610.758000,1778300610.774000,46626,46675,50,50,0,benign,0
2493,20260508_212327_dns_tamper_i0Hbez,1778300610.758000,1778300610.832000,46636,46685,50,50,0,benign,0
2494,20260508_212327_dns_tamper_i0Hbez,1778300610.760000,1778300610.835000,46646,46695,50,50,0,benign,0
2495,20260508_212404_nginx_delete_YuCbYY,1778300641.227000,1778300641.248000,47524,47573,50,50,0,benign,0
2496,20260508_212404_nginx_delete_YuCbYY,1778300641.228000,1778300641.256000,47534,47583,50,50,0,benign,0
2497,20260508_212404_nginx_delete_YuCbYY,1778300641.228000,1778300641.264000,47544,47593,50,50,0,benign,0
2498,20260508_212404_nginx_delete_YuCbYY,1778300641.233000,1778300641.273000,47554,47603,50,50,0,benign,0
2499,20260508_212404_nginx_delete_YuCbYY,1778300641.241000,1778300641.281000,47564,47613,50,50,0,benign,0
2500,20260508_212404_nginx_delete_YuCbYY,1778300641.249000,1778300641.289000,47574,47623,50,50,0,benign,0
2501,20260508_212404_nginx_delete_YuCbYY,1778300641.257000,1778300641.298000,47584,47633,50,50,0,benign,0
2502,20260508_212404_nginx_delete_YuCbYY,1778300641.265000,1778300641.306000,47594,47643,50,50,0,benign,0
2503,20260508_212404_nginx_delete_YuCbYY,1778300641.274000,1778300641.314000,47604,47653,50,50,0,benign,0
2504,20260508_212404_nginx_delete_YuCbYY,1778300641.282000,1778300641.322000,47614,47663,50,50,0,benign,0
2505,20260508_212404_nginx_delete_YuCbYY,1778300641.291000,1778300641.330000,47624,47673,50,50,0,benign,0
2506,20260508_212404_nginx_delete_YuCbYY,1778300641.299000,1778300641.337000,47634,47683,50,50,0,benign,0
2507,20260508_212404_nginx_delete_YuCbYY,1778300641.307000,1778300641.338000,47644,47693,50,50,0,benign,0
2508,20260508_212404_nginx_delete_YuCbYY,1778300641.315000,1778300641.338000,47654,47703,50,50,0,benign,0
2509,20260508_212404_nginx_delete_YuCbYY,1778300641.323000,1778300641.338000,47664,47713,50,50,0,benign,0
2510,20260508_212404_nginx_delete_YuCbYY,1778300641.331000,1778300641.338000,47674,47723,50,50,0,benign,0
2511,20260508_212404_nginx_delete_YuCbYY,1778300641.337000,1778300641.338000,47684,47733,50,50,0,benign,0
2512,20260508_212404_nginx_delete_YuCbYY,1778300641.338000,1778300641.338000,47694,47743,50,50,0,benign,0
2513,20260508_212404_nginx_delete_YuCbYY,1778300641.338000,1778300641.339000,47704,47753,50,50,0,benign,0
2514,20260508_212404_nginx_delete_YuCbYY,1778300641.338000,1778300641.339000,47714,47763,50,50,0,benign,0
2515,20260508_212404_nginx_delete_YuCbYY,1778300641.338000,1778300641.339000,47724,47773,50,50,0,benign,0
2516,20260508_212404_nginx_delete_YuCbYY,1778300641.338000,1778300641.339000,47734,47783,50,50,0,benign,0
2517,20260508_212404_nginx_delete_YuCbYY,1778300641.338000,1778300641.339000,47744,47793,50,50,0,benign,0
2518,20260508_212404_nginx_delete_YuCbYY,1778300641.339000,1778300641.339000,47754,47803,50,50,0,benign,0
2519,20260508_212404_nginx_delete_YuCbYY,1778300641.339000,1778300641.339000,47764,47813,50,50,0,benign,0
2520,20260508_212404_nginx_delete_YuCbYY,1778300641.339000,1778300641.343000,47774,47823,50,50,0,benign,0
2521,20260508_212404_nginx_delete_YuCbYY,1778300641.339000,1778300641.345000,47784,47833,50,50,0,benign,0
2522,20260508_212404_nginx_delete_YuCbYY,1778300641.339000,1778300641.345000,47794,47843,50,50,0,benign,0
2523,20260508_212404_nginx_delete_YuCbYY,1778300641.339000,1778300641.345000,47804,47853,50,50,0,benign,0
2524,20260508_212404_nginx_delete_YuCbYY,1778300641.339000,1778300641.345000,47814,47863,50,50,0,benign,0
2525,20260508_212404_nginx_delete_YuCbYY,1778300641.343000,1778300641.345000,47824,47873,50,50,0,benign,0
2526,20260508_212404_nginx_delete_YuCbYY,1778300641.345000,1778300641.345000,47834,47883,50,50,0,benign,0
2527,20260508_212404_nginx_delete_YuCbYY,1778300641.345000,1778300641.345000,47844,47893,50,50,0,benign,0
2528,20260508_212404_nginx_delete_YuCbYY,1778300641.345000,1778300641.345000,47854,47903,50,50,0,benign,0
2529,20260508_212404_nginx_delete_YuCbYY,1778300641.345000,1778300641.346000,47864,47913,50,50,0,benign,0
2530,20260508_212404_nginx_delete_YuCbYY,1778300641.345000,1778300641.346000,47874,47923,50,50,0,benign,0
2531,20260508_212404_nginx_delete_YuCbYY,1778300641.345000,1778300641.346000,47884,47933,50,50,0,benign,0
2532,20260508_212404_nginx_delete_YuCbYY,1778300641.345000,1778300641.346000,47894,47943,50,50,0,benign,0
2533,20260508_212404_nginx_delete_YuCbYY,1778300641.345000,1778300641.346000,47904,47953,50,50,0,benign,0
2534,20260508_212404_nginx_delete_YuCbYY,1778300641.346000,1778300642.356000,47914,47963,50,49,1,benign,0
2535,20260508_212404_nginx_delete_YuCbYY,1778300641.346000,1778300642.357000,47924,47973,50,49,1,benign,0
2536,20260508_212404_nginx_delete_YuCbYY,1778300641.346000,1778300642.357000,47934,47983,50,49,1,benign,0
2537,20260508_212404_nginx_delete_YuCbYY,1778300641.346000,1778300642.361000,47944,47993,50,49,1,benign,0
2538,20260508_212404_nginx_delete_YuCbYY,1778300641.346000,1778300642.371000,47954,48003,50,49,1,benign,0
2539,20260508_212404_nginx_delete_YuCbYY,1778300642.356000,1778300642.978000,47964,48013,50,50,0,benign,0
2540,20260508_212404_nginx_delete_YuCbYY,1778300642.357000,1778300643.081000,47974,48023,50,50,0,benign,0
2541,20260508_212404_nginx_delete_YuCbYY,1778300642.358000,1778300643.082000,47984,48033,50,50,0,benign,0
2542,20260508_212404_nginx_delete_YuCbYY,1778300642.363000,1778300643.088000,47994,48043,50,50,0,benign,0
2543,20260508_212404_nginx_delete_YuCbYY,1778300642.373000,1778300643.146000,48004,48053,50,50,0,benign,0
2544,20260508_212404_nginx_delete_YuCbYY,1778300642.978000,1778300643.162000,48014,48063,50,50,0,benign,0
2545,20260508_212404_nginx_delete_YuCbYY,1778300643.081000,1778300643.173000,48024,48073,50,50,0,benign,0
2546,20260508_212404_nginx_delete_YuCbYY,1778300643.082000,1778300643.182000,48034,48083,50,50,0,benign,0
2547,20260508_212404_nginx_delete_YuCbYY,1778300643.088000,1778300643.196000,48044,48093,50,50,0,benign,0
2548,20260508_212404_nginx_delete_YuCbYY,1778300643.146000,1778300643.205000,48054,48103,50,50,0,benign,0
2549,20260508_212404_nginx_delete_YuCbYY,1778300643.163000,1778300643.217000,48064,48113,50,50,0,benign,0
2550,20260508_212404_nginx_delete_YuCbYY,1778300643.173000,1778300643.222000,48074,48123,50,50,0,benign,0
2551,20260508_212404_nginx_delete_YuCbYY,1778300643.184000,1778300643.267000,48084,48133,50,50,0,benign,0
2552,20260508_212404_nginx_delete_YuCbYY,1778300643.197000,1778300643.271000,48094,48143,50,50,0,benign,0
2553,20260508_212404_nginx_delete_YuCbYY,1778300643.206000,1778300643.304000,48104,48153,50,50,0,benign,0
2554,20260508_212404_nginx_delete_YuCbYY,1778300643.218000,1778300643.407000,48114,48163,50,50,0,benign,0
2555,20260508_212404_nginx_delete_YuCbYY,1778300643.222000,1778300643.408000,48124,48173,50,50,0,benign,0
2556,20260508_212404_nginx_delete_YuCbYY,1778300643.268000,1778300643.414000,48134,48183,50,50,0,benign,0
2557,20260508_212404_nginx_delete_YuCbYY,1778300643.272000,1778300643.448000,48144,48193,50,50,0,benign,0
2558,20260508_212404_nginx_delete_YuCbYY,1778300643.304000,1778300643.464000,48154,48203,50,50,0,benign,0
2559,20260508_212404_nginx_delete_YuCbYY,1778300643.407000,1778300643.475000,48164,48213,50,50,0,benign,0
2560,20260508_212404_nginx_delete_YuCbYY,1778300643.414000,1778300643.488000,48174,48223,50,50,0,benign,0
2561,20260508_212404_nginx_delete_YuCbYY,1778300643.441000,1778300643.501000,48184,48233,50,50,0,benign,0
2562,20260508_212404_nginx_delete_YuCbYY,1778300643.448000,1778300643.509000,48194,48242,50,50,0,benign,0
2563,20260508_212404_nginx_delete_YuCbYY,1778300643.464000,1778300643.526000,48204,48253,50,50,0,benign,0
2564,20260508_212404_nginx_delete_YuCbYY,1778300643.476000,1778300643.531000,48214,48263,50,50,0,benign,0
2565,20260508_212404_nginx_delete_YuCbYY,1778300643.489000,1778300643.583000,48224,48273,50,50,0,benign,0
2566,20260508_212404_nginx_delete_YuCbYY,1778300643.502000,1778300643.590000,48234,48285,50,50,0,benign,0
2567,20260508_212404_nginx_delete_YuCbYY,1778300643.509000,1778300643.702000,48244,48295,50,50,0,benign,0
2568,20260508_212404_nginx_delete_YuCbYY,1778300643.527000,1778300643.804000,48254,48305,50,50,0,benign,0
2569,20260508_212404_nginx_delete_YuCbYY,1778300643.531000,1778300643.811000,48264,48316,50,50,0,benign,0
2570,20260508_212404_nginx_delete_YuCbYY,1778300643.584000,1778300643.845000,48274,48329,50,50,0,benign,0
2571,20260508_212404_nginx_delete_YuCbYY,1778300643.590000,1778300643.846000,48286,48340,50,50,0,benign,0
2572,20260508_212404_nginx_delete_YuCbYY,1778300643.702000,1778300643.867000,48296,48350,50,50,0,benign,0
2573,20260508_212404_nginx_delete_YuCbYY,1778300643.804000,1778300643.879000,48306,48360,50,50,0,benign,0
2574,20260508_212404_nginx_delete_YuCbYY,1778300643.811000,1778300643.890000,48317,48370,50,50,0,benign,0
2575,20260508_212404_nginx_delete_YuCbYY,1778300643.845000,1778300643.900000,48331,48380,50,50,0,benign,0
2576,20260508_212404_nginx_delete_YuCbYY,1778300643.859000,1778300643.909000,48341,48390,50,50,0,benign,0
2577,20260508_212404_nginx_delete_YuCbYY,1778300643.869000,1778300643.915000,48351,48400,50,50,0,benign,0
2578,20260508_212404_nginx_delete_YuCbYY,1778300643.880000,1778300643.972000,48361,48412,50,50,0,benign,0
2579,20260508_212404_nginx_delete_YuCbYY,1778300643.891000,1778300643.977000,48371,48424,50,50,0,benign,0
2580,20260508_212404_nginx_delete_YuCbYY,1778300643.900000,1778300643.996000,48381,48434,50,50,0,benign,0
2581,20260508_212404_nginx_delete_YuCbYY,1778300643.910000,1778300644.096000,48391,48444,50,50,0,benign,0
2582,20260508_212404_nginx_delete_YuCbYY,1778300643.916000,1778300644.102000,48402,48455,50,50,0,benign,0
2583,20260508_212404_nginx_delete_YuCbYY,1778300643.973000,1778300644.136000,48413,48468,50,50,0,benign,0
2584,20260508_212404_nginx_delete_YuCbYY,1778300643.977000,1778300644.137000,48425,48479,50,50,0,benign,0
2585,20260508_212404_nginx_delete_YuCbYY,1778300643.996000,1778300644.160000,48435,48489,50,50,0,benign,0
2586,20260508_212404_nginx_delete_YuCbYY,1778300644.096000,1778300644.173000,48445,48499,50,50,0,benign,0
2587,20260508_212404_nginx_delete_YuCbYY,1778300644.102000,1778300644.187000,48456,48509,50,50,0,benign,0
2588,20260508_212404_nginx_delete_YuCbYY,1778300644.136000,1778300644.199000,48470,48519,50,50,0,benign,0
2589,20260508_212404_nginx_delete_YuCbYY,1778300644.152000,1778300644.209000,48480,48529,50,50,0,benign,0
2590,20260508_212404_nginx_delete_YuCbYY,1778300644.161000,1778300644.217000,48490,48539,50,50,0,benign,0
2591,20260508_212404_nginx_delete_YuCbYY,1778300644.174000,1778300644.268000,48500,48551,50,50,0,benign,0
2592,20260508_212404_nginx_delete_YuCbYY,1778300644.189000,1778300644.275000,48510,48561,50,50,0,benign,0
2593,20260508_212404_nginx_delete_YuCbYY,1778300644.200000,1778300644.292000,48520,48573,50,50,0,benign,0
2594,20260508_212404_nginx_delete_YuCbYY,1778300644.210000,1778300644.378000,48530,48583,50,50,0,benign,0
2595,20260508_212404_nginx_delete_YuCbYY,1778300644.217000,1778300644.378000,48541,48593,50,50,0,benign,0
2596,20260508_212404_nginx_delete_YuCbYY,1778300644.269000,1778300644.380000,48552,48603,50,50,0,benign,0
2597,20260508_212404_nginx_delete_YuCbYY,1778300644.276000,1778300644.384000,48564,48613,50,50,0,benign,0
2598,20260508_212404_nginx_delete_YuCbYY,1778300644.292000,1778300644.390000,48574,48623,50,50,0,benign,0
2599,20260508_212404_nginx_delete_YuCbYY,1778300644.378000,1778300644.396000,48584,48633,50,50,0,benign,0
2600,20260508_212404_nginx_delete_YuCbYY,1778300644.378000,1778300644.403000,48594,48644,50,50,0,benign,0
2601,20260508_212404_nginx_delete_YuCbYY,1778300644.381000,1778300644.436000,48604,48658,50,50,0,benign,0
2602,20260508_212404_nginx_delete_YuCbYY,1778300644.384000,1778300644.457000,48614,48668,50,50,0,benign,0
2603,20260508_212404_nginx_delete_YuCbYY,1778300644.390000,1778300644.470000,48624,48678,50,50,0,benign,0
2604,20260508_212404_nginx_delete_YuCbYY,1778300644.397000,1778300644.480000,48634,48688,50,50,0,benign,0
2605,20260508_212404_nginx_delete_YuCbYY,1778300644.403000,1778300644.496000,48645,48698,50,50,0,benign,0
2606,20260508_212404_nginx_delete_YuCbYY,1778300644.437000,1778300644.504000,48659,48708,50,50,0,benign,0
2607,20260508_212404_nginx_delete_YuCbYY,1778300644.457000,1778300644.516000,48669,48718,50,50,0,benign,0
2608,20260508_212404_nginx_delete_YuCbYY,1778300644.471000,1778300644.521000,48679,48729,50,50,0,benign,0
2609,20260508_212404_nginx_delete_YuCbYY,1778300644.482000,1778300644.570000,48689,48740,50,46,4,benign,0
2610,20260508_212404_nginx_delete_YuCbYY,1778300644.496000,1778300644.581000,48699,48750,50,46,4,benign,0
2611,20260508_212404_nginx_delete_YuCbYY,1778300644.505000,1778300644.587000,48709,48760,50,46,4,benign,0
2612,20260508_212404_nginx_delete_YuCbYY,1778300644.517000,1778300644.587000,48719,48770,50,46,4,benign,0
2613,20260508_212404_nginx_delete_YuCbYY,1778300644.521000,1778300644.588000,48731,48780,50,46,4,benign,0
2614,20260508_212404_nginx_delete_YuCbYY,1778300644.572000,1778300644.589000,48741,48790,50,50,0,benign,0
2615,20260508_212404_nginx_delete_YuCbYY,1778300644.582000,1778300644.595000,48751,48806,50,49,1,benign,0
2616,20260508_212404_nginx_delete_YuCbYY,1778300644.587000,1778300644.598000,48761,48816,50,39,11,malicious,1
2617,20260508_212404_nginx_delete_YuCbYY,1778300644.587000,1778300644.599000,48771,48826,50,29,21,malicious,1
2618,20260508_212404_nginx_delete_YuCbYY,1778300644.588000,1778300644.600000,48781,48836,50,19,31,malicious,1
2619,20260508_212404_nginx_delete_YuCbYY,1778300644.590000,1778300644.603000,48791,48850,50,9,41,malicious,1
2620,20260508_212404_nginx_delete_YuCbYY,1778300644.597000,1778300644.617000,48807,48862,50,4,46,malicious,1
2621,20260508_212404_nginx_delete_YuCbYY,1778300644.598000,1778300644.618000,48817,48872,50,4,46,malicious,1
2622,20260508_212404_nginx_delete_YuCbYY,1778300644.599000,1778300644.619000,48827,48882,50,4,46,malicious,1
2623,20260508_212404_nginx_delete_YuCbYY,1778300644.600000,1778300644.620000,48837,48892,50,4,46,malicious,1
2624,20260508_212404_nginx_delete_YuCbYY,1778300644.603000,1778300644.624000,48851,48906,50,5,45,malicious,1
2625,20260508_212404_nginx_delete_YuCbYY,1778300644.617000,1778300644.632000,48863,48916,50,3,47,malicious,1
2626,20260508_212404_nginx_delete_YuCbYY,1778300644.618000,1778300644.635000,48873,48926,50,3,47,malicious,1
2627,20260508_212404_nginx_delete_YuCbYY,1778300644.619000,1778300644.640000,48883,48938,50,4,46,malicious,1
2628,20260508_212404_nginx_delete_YuCbYY,1778300644.620000,1778300644.641000,48893,48948,50,4,46,malicious,1
2629,20260508_212404_nginx_delete_YuCbYY,1778300644.626000,1778300644.641000,48907,48958,50,3,47,malicious,1
2630,20260508_212404_nginx_delete_YuCbYY,1778300644.632000,1778300644.644000,48917,48968,50,1,49,malicious,1
2631,20260508_212404_nginx_delete_YuCbYY,1778300644.635000,1778300644.652000,48927,48982,50,4,46,malicious,1
2632,20260508_212404_nginx_delete_YuCbYY,1778300644.640000,1778300644.659000,48939,48996,50,13,37,malicious,1
2633,20260508_212404_nginx_delete_YuCbYY,1778300644.641000,1778300644.676000,48949,49006,50,23,27,malicious,1
2634,20260508_212404_nginx_delete_YuCbYY,1778300644.641000,1778300644.778000,48959,49016,50,33,17,malicious,1
2635,20260508_212404_nginx_delete_YuCbYY,1778300644.644000,1778300644.785000,48969,49027,50,43,7,malicious,1
2636,20260508_212404_nginx_delete_YuCbYY,1778300644.654000,1778300644.819000,48985,49040,50,50,0,benign,0
2637,20260508_212404_nginx_delete_YuCbYY,1778300644.659000,1778300644.821000,48997,49051,50,50,0,benign,0
2638,20260508_212404_nginx_delete_YuCbYY,1778300644.676000,1778300644.844000,49007,49061,50,50,0,benign,0
2639,20260508_212404_nginx_delete_YuCbYY,1778300644.779000,1778300644.855000,49017,49071,50,50,0,benign,0
2640,20260508_212404_nginx_delete_YuCbYY,1778300644.785000,1778300644.868000,49028,49081,50,50,0,benign,0
2641,20260508_212404_nginx_delete_YuCbYY,1778300644.819000,1778300644.879000,49042,49091,50,50,0,benign,0
2642,20260508_212404_nginx_delete_YuCbYY,1778300644.837000,1778300644.889000,49052,49101,50,50,0,benign,0
2643,20260508_212404_nginx_delete_YuCbYY,1778300644.845000,1778300644.896000,49062,49111,50,50,0,benign,0
2644,20260508_212404_nginx_delete_YuCbYY,1778300644.855000,1778300644.957000,49072,49123,50,50,0,benign,0
2645,20260508_212404_nginx_delete_YuCbYY,1778300644.870000,1778300644.966000,49082,49135,50,50,0,benign,0
2646,20260508_212404_nginx_delete_YuCbYY,1778300644.880000,1778300644.985000,49092,49145,50,50,0,benign,0
2647,20260508_212404_nginx_delete_YuCbYY,1778300644.890000,1778300645.086000,49102,49155,50,50,0,benign,0
2648,20260508_212404_nginx_delete_YuCbYY,1778300644.897000,1778300645.093000,49113,49166,50,50,0,benign,0
2649,20260508_212404_nginx_delete_YuCbYY,1778300644.958000,1778300645.125000,49124,49179,50,50,0,benign,0
2650,20260508_212404_nginx_delete_YuCbYY,1778300644.966000,1778300645.127000,49136,49190,50,50,0,benign,0
2651,20260508_212404_nginx_delete_YuCbYY,1778300644.985000,1778300645.149000,49146,49200,50,50,0,benign,0
2652,20260508_212404_nginx_delete_YuCbYY,1778300645.086000,1778300645.161000,49156,49210,50,50,0,benign,0
2653,20260508_212404_nginx_delete_YuCbYY,1778300645.093000,1778300645.175000,49167,49220,50,50,0,benign,0
2654,20260508_212404_nginx_delete_YuCbYY,1778300645.126000,1778300645.185000,49181,49230,50,50,0,benign,0
2655,20260508_212404_nginx_delete_YuCbYY,1778300645.140000,1778300645.196000,49191,49240,50,50,0,benign,0
2656,20260508_212404_nginx_delete_YuCbYY,1778300645.152000,1778300645.204000,49201,49250,50,50,0,benign,0
2657,20260508_212404_nginx_delete_YuCbYY,1778300645.162000,1778300645.251000,49211,49262,50,50,0,benign,0
2658,20260508_212404_nginx_delete_YuCbYY,1778300645.177000,1778300645.261000,49221,49274,50,50,0,benign,0
2659,20260508_212404_nginx_delete_YuCbYY,1778300645.188000,1778300645.279000,49231,49284,50,50,0,benign,0
2660,20260508_212404_nginx_delete_YuCbYY,1778300645.197000,1778300645.381000,49241,49294,50,50,0,benign,0
2661,20260508_212404_nginx_delete_YuCbYY,1778300645.205000,1778300645.386000,49252,49305,50,50,0,benign,0
2662,20260508_212404_nginx_delete_YuCbYY,1778300645.252000,1778300645.420000,49263,49318,50,50,0,benign,0
2663,20260508_212404_nginx_delete_YuCbYY,1778300645.261000,1778300645.422000,49275,49329,50,50,0,benign,0
2664,20260508_212404_nginx_delete_YuCbYY,1778300645.279000,1778300645.440000,49285,49339,50,50,0,benign,0
2665,20260508_212404_nginx_delete_YuCbYY,1778300645.381000,1778300645.451000,49295,49349,50,50,0,benign,0
2666,20260508_212404_nginx_delete_YuCbYY,1778300645.386000,1778300645.466000,49306,49359,50,50,0,benign,0
2667,20260508_212404_nginx_delete_YuCbYY,1778300645.420000,1778300645.477000,49320,49369,50,50,0,benign,0
2668,20260508_212404_nginx_delete_YuCbYY,1778300645.430000,1778300645.487000,49330,49379,50,50,0,benign,0
2669,20260508_212404_nginx_delete_YuCbYY,1778300645.441000,1778300645.494000,49340,49389,50,50,0,benign,0
2670,20260508_212404_nginx_delete_YuCbYY,1778300645.453000,1778300645.550000,49350,49401,50,50,0,benign,0
2671,20260508_212404_nginx_delete_YuCbYY,1778300645.467000,1778300645.558000,49360,49411,50,50,0,benign,0
2672,20260508_212404_nginx_delete_YuCbYY,1778300645.479000,1778300645.600000,49370,49421,50,50,0,benign,0
2673,20260508_212404_nginx_delete_YuCbYY,1778300645.488000,1778300645.704000,49380,49431,50,50,0,benign,0
2674,20260508_212404_nginx_delete_YuCbYY,1778300645.495000,1778300645.706000,49391,49441,50,50,0,benign,0
2675,20260508_212404_nginx_delete_YuCbYY,1778300645.552000,1778300645.712000,49402,49451,50,50,0,benign,0
2676,20260508_212404_nginx_delete_YuCbYY,1778300645.558000,1778300645.744000,49412,49461,50,50,0,benign,0
2677,20260508_212404_nginx_delete_YuCbYY,1778300645.601000,1778300645.761000,49422,49471,50,50,0,benign,0
2678,20260508_212404_nginx_delete_YuCbYY,1778300645.705000,1778300645.774000,49432,49481,50,50,0,benign,0
2679,20260508_212404_nginx_delete_YuCbYY,1778300645.706000,1778300645.784000,49442,49491,50,50,0,benign,0
2680,20260508_212404_nginx_delete_YuCbYY,1778300645.712000,1778300645.797000,49452,49501,50,50,0,benign,0
2681,20260508_212404_nginx_delete_YuCbYY,1778300645.744000,1778300645.809000,49462,49511,50,50,0,benign,0
2682,20260508_212404_nginx_delete_YuCbYY,1778300645.762000,1778300645.818000,49472,49521,50,50,0,benign,0
2683,20260508_212404_nginx_delete_YuCbYY,1778300645.775000,1778300645.824000,49482,49531,50,50,0,benign,0
2684,20260508_212404_nginx_delete_YuCbYY,1778300645.785000,1778300645.878000,49492,49541,50,50,0,benign,0
2685,20260508_212404_nginx_delete_YuCbYY,1778300645.798000,1778300645.882000,49502,49551,50,50,0,benign,0
2686,20260508_212404_nginx_delete_YuCbYY,1778300645.809000,1778300646.097000,49512,49561,50,50,0,benign,0
2687,20260508_212407_dns_delete_9ci3sG,1778300646.199000,1778300646.260000,49571,49620,50,50,0,benign,0
2688,20260508_212407_dns_delete_9ci3sG,1778300646.201000,1778300646.271000,49581,49630,50,50,0,benign,0
2689,20260508_212407_dns_delete_9ci3sG,1778300646.206000,1778300646.284000,49591,49640,50,50,0,benign,0
2690,20260508_212407_dns_delete_9ci3sG,1778300646.239000,1778300646.295000,49601,49650,50,50,0,benign,0
2691,20260508_212407_dns_delete_9ci3sG,1778300646.253000,1778300646.305000,49611,49660,50,50,0,benign,0
2692,20260508_212407_dns_delete_9ci3sG,1778300646.261000,1778300646.313000,49621,49670,50,50,0,benign,0
2693,20260508_212407_dns_delete_9ci3sG,1778300646.272000,1778300646.315000,49631,49680,50,50,0,benign,0
2694,20260508_212407_dns_delete_9ci3sG,1778300646.285000,1778300646.367000,49641,49690,50,50,0,benign,0
2695,20260508_212407_dns_delete_9ci3sG,1778300646.296000,1778300646.394000,49651,49700,50,50,0,benign,0
2696,20260508_212407_dns_delete_9ci3sG,1778300646.306000,1778300646.415000,49661,49710,50,50,0,benign,0
2697,20260508_212407_dns_delete_9ci3sG,1778300646.313000,1778300646.521000,49671,49720,50,50,0,benign,0
2698,20260508_212407_dns_delete_9ci3sG,1778300646.362000,1778300646.527000,49681,49730,50,50,0,benign,0
2699,20260508_212407_dns_delete_9ci3sG,1778300646.367000,1778300646.554000,49691,49740,50,50,0,benign,0
2700,20260508_212407_dns_delete_9ci3sG,1778300646.407000,1778300646.562000,49701,49750,50,50,0,benign,0
2701,20260508_212407_dns_delete_9ci3sG,1778300646.417000,1778300646.572000,49711,49760,50,50,0,benign,0
2702,20260508_212407_dns_delete_9ci3sG,1778300646.521000,1778300646.587000,49721,49770,50,50,0,benign,0
2703,20260508_212407_dns_delete_9ci3sG,1778300646.527000,1778300646.597000,49731,49780,50,50,0,benign,0
2704,20260508_212407_dns_delete_9ci3sG,1778300646.554000,1778300646.609000,49741,49790,50,50,0,benign,0
2705,20260508_212407_dns_delete_9ci3sG,1778300646.562000,1778300646.616000,49751,49800,50,50,0,benign,0
2706,20260508_212407_dns_delete_9ci3sG,1778300646.572000,1778300646.629000,49761,49810,50,50,0,benign,0
2707,20260508_212407_dns_delete_9ci3sG,1778300646.588000,1778300646.633000,49771,49820,50,50,0,benign,0
2708,20260508_212407_dns_delete_9ci3sG,1778300646.598000,1778300646.681000,49781,49830,50,50,0,benign,0
2709,20260508_212407_dns_delete_9ci3sG,1778300646.610000,1778300646.686000,49791,49842,50,50,0,benign,0
2710,20260508_212407_dns_delete_9ci3sG,1778300646.618000,1778300646.795000,49801,49852,50,50,0,benign,0
2711,20260508_212407_dns_delete_9ci3sG,1778300646.630000,1778300646.896000,49811,49862,50,50,0,benign,0
2712,20260508_212407_dns_delete_9ci3sG,1778300646.633000,1778300646.903000,49821,49873,50,50,0,benign,0
2713,20260508_212407_dns_delete_9ci3sG,1778300646.682000,1778300646.937000,49831,49887,50,50,0,benign,0
2714,20260508_212407_dns_delete_9ci3sG,1778300646.686000,1778300646.947000,49843,49897,50,50,0,benign,0
2715,20260508_212407_dns_delete_9ci3sG,1778300646.795000,1778300646.956000,49853,49907,50,50,0,benign,0
2716,20260508_212407_dns_delete_9ci3sG,1778300646.896000,1778300646.973000,49863,49917,50,50,0,benign,0
2717,20260508_212407_dns_delete_9ci3sG,1778300646.903000,1778300646.985000,49874,49927,50,50,0,benign,0
2718,20260508_212407_dns_delete_9ci3sG,1778300646.937000,1778300646.995000,49888,49937,50,50,0,benign,0
2719,20260508_212407_dns_delete_9ci3sG,1778300646.948000,1778300647.012000,49898,49947,50,50,0,benign,0
2720,20260508_212407_dns_delete_9ci3sG,1778300646.958000,1778300647.019000,49908,49958,50,50,0,benign,0
2721,20260508_212407_dns_delete_9ci3sG,1778300646.974000,1778300647.070000,49918,49969,50,50,0,benign,0
2722,20260508_212407_dns_delete_9ci3sG,1778300646.986000,1778300647.073000,49928,49981,50,50,0,benign,0
2723,20260508_212407_dns_delete_9ci3sG,1778300646.995000,1778300647.093000,49938,49991,50,50,0,benign,0
2724,20260508_212407_dns_delete_9ci3sG,1778300647.013000,1778300647.194000,49948,50001,50,50,0,benign,0
2725,20260508_212407_dns_delete_9ci3sG,1778300647.019000,1778300647.200000,49959,50012,50,50,0,benign,0
2726,20260508_212407_dns_delete_9ci3sG,1778300647.070000,1778300647.233000,49970,50026,50,50,0,benign,0
2727,20260508_212407_dns_delete_9ci3sG,1778300647.073000,1778300647.244000,49982,50036,50,50,0,benign,0
2728,20260508_212407_dns_delete_9ci3sG,1778300647.093000,1778300647.254000,49992,50046,50,50,0,benign,0
2729,20260508_212407_dns_delete_9ci3sG,1778300647.194000,1778300647.267000,50002,50056,50,50,0,benign,0
2730,20260508_212407_dns_delete_9ci3sG,1778300647.200000,1778300647.281000,50013,50066,50,50,0,benign,0
2731,20260508_212407_dns_delete_9ci3sG,1778300647.233000,1778300647.290000,50027,50076,50,50,0,benign,0
2732,20260508_212407_dns_delete_9ci3sG,1778300647.245000,1778300647.300000,50037,50086,50,50,0,benign,0
2733,20260508_212407_dns_delete_9ci3sG,1778300647.258000,1778300647.307000,50047,50097,50,50,0,benign,0
2734,20260508_212407_dns_delete_9ci3sG,1778300647.269000,1778300647.367000,50057,50108,50,50,0,benign,0
2735,20260508_212407_dns_delete_9ci3sG,1778300647.282000,1778300647.375000,50067,50120,50,50,0,benign,0
2736,20260508_212407_dns_delete_9ci3sG,1778300647.290000,1778300647.389000,50077,50130,50,50,0,benign,0
2737,20260508_212407_dns_delete_9ci3sG,1778300647.300000,1778300647.416000,50087,50140,50,50,0,benign,0
2738,20260508_212407_dns_delete_9ci3sG,1778300647.307000,1778300647.416000,50098,50150,50,50,0,benign,0
2739,20260508_212407_dns_delete_9ci3sG,1778300647.367000,1778300647.418000,50109,50160,50,50,0,benign,0
2740,20260508_212407_dns_delete_9ci3sG,1778300647.375000,1778300647.420000,50121,50170,50,50,0,benign,0
2741,20260508_212407_dns_delete_9ci3sG,1778300647.391000,1778300647.494000,50131,50180,50,50,0,benign,0
2742,20260508_212407_dns_delete_9ci3sG,1778300647.416000,1778300647.500000,50141,50191,50,50,0,benign,0
2743,20260508_212407_dns_delete_9ci3sG,1778300647.416000,1778300647.533000,50151,50204,50,50,0,benign,0
2744,20260508_212407_dns_delete_9ci3sG,1778300647.418000,1778300647.534000,50161,50215,50,50,0,benign,0
2745,20260508_212407_dns_delete_9ci3sG,1778300647.421000,1778300647.552000,50171,50225,50,50,0,benign,0
2746,20260508_212407_dns_delete_9ci3sG,1778300647.494000,1778300647.563000,50181,50235,50,50,0,benign,0
2747,20260508_212407_dns_delete_9ci3sG,1778300647.500000,1778300647.580000,50192,50245,50,50,0,benign,0
2748,20260508_212407_dns_delete_9ci3sG,1778300647.533000,1778300647.590000,50205,50255,50,50,0,benign,0
2749,20260508_212407_dns_delete_9ci3sG,1778300647.535000,1778300647.598000,50216,50265,50,50,0,benign,0
2750,20260508_212407_dns_delete_9ci3sG,1778300647.554000,1778300647.607000,50226,50275,50,50,0,benign,0
2751,20260508_212407_dns_delete_9ci3sG,1778300647.571000,1778300647.665000,50236,50287,50,49,1,benign,0
2752,20260508_212407_dns_delete_9ci3sG,1778300647.581000,1778300647.680000,50246,50297,50,46,4,benign,0
2753,20260508_212407_dns_delete_9ci3sG,1778300647.590000,1778300647.685000,50256,50307,50,46,4,benign,0
2754,20260508_212407_dns_delete_9ci3sG,1778300647.599000,1778300647.690000,50266,50317,50,46,4,benign,0
2755,20260508_212407_dns_delete_9ci3sG,1778300647.607000,1778300647.691000,50276,50327,50,46,4,benign,0
2756,20260508_212407_dns_delete_9ci3sG,1778300647.667000,1778300647.692000,50288,50337,50,47,3,benign,0
2757,20260508_212407_dns_delete_9ci3sG,1778300647.681000,1778300647.695000,50298,50349,50,50,0,benign,0
2758,20260508_212407_dns_delete_9ci3sG,1778300647.687000,1778300647.702000,50308,50363,50,44,6,malicious,1
2759,20260508_212407_dns_delete_9ci3sG,1778300647.690000,1778300647.704000,50318,50373,50,34,16,malicious,1
2760,20260508_212407_dns_delete_9ci3sG,1778300647.691000,1778300647.704000,50328,50383,50,24,26,malicious,1
2761,20260508_212407_dns_delete_9ci3sG,1778300647.692000,1778300647.706000,50338,50393,50,14,36,malicious,1
2762,20260508_212407_dns_delete_9ci3sG,1778300647.695000,1778300647.708000,50350,50407,50,4,46,malicious,1
2763,20260508_212407_dns_delete_9ci3sG,1778300647.703000,1778300647.722000,50364,50419,50,4,46,malicious,1
2764,20260508_212407_dns_delete_9ci3sG,1778300647.704000,1778300647.722000,50374,50429,50,4,46,malicious,1
2765,20260508_212407_dns_delete_9ci3sG,1778300647.704000,1778300647.724000,50384,50439,50,4,46,malicious,1
2766,20260508_212407_dns_delete_9ci3sG,1778300647.706000,1778300647.726000,50394,50449,50,4,46,malicious,1
2767,20260508_212407_dns_delete_9ci3sG,1778300647.711000,1778300647.737000,50408,50463,50,7,43,malicious,1
2768,20260508_212407_dns_delete_9ci3sG,1778300647.722000,1778300647.743000,50420,50475,50,4,46,malicious,1
2769,20260508_212407_dns_delete_9ci3sG,1778300647.722000,1778300647.743000,50430,50485,50,4,46,malicious,1
2770,20260508_212407_dns_delete_9ci3sG,1778300647.725000,1778300647.745000,50440,50495,50,4,46,malicious,1
2771,20260508_212407_dns_delete_9ci3sG,1778300647.726000,1778300647.746000,50450,50505,50,4,46,malicious,1
2772,20260508_212407_dns_delete_9ci3sG,1778300647.738000,1778300647.759000,50464,50521,50,5,45,malicious,1
2773,20260508_212407_dns_delete_9ci3sG,1778300647.743000,1778300647.775000,50476,50533,50,14,36,malicious,1
2774,20260508_212407_dns_delete_9ci3sG,1778300647.743000,1778300647.781000,50486,50543,50,24,26,malicious,1
2775,20260508_212407_dns_delete_9ci3sG,1778300647.745000,1778300647.883000,50496,50553,50,34,16,malicious,1
2776,20260508_212407_dns_delete_9ci3sG,1778300647.747000,1778300647.889000,50508,50564,50,44,6,malicious,1
2777,20260508_212407_dns_delete_9ci3sG,1778300647.760000,1778300647.948000,50522,50578,50,50,0,benign,0
2778,20260508_212407_dns_delete_9ci3sG,1778300647.778000,1778300647.961000,50534,50588,50,50,0,benign,0
2779,20260508_212407_dns_delete_9ci3sG,1778300647.781000,1778300647.973000,50544,50598,50,50,0,benign,0
2780,20260508_212407_dns_delete_9ci3sG,1778300647.883000,1778300647.984000,50554,50608,50,50,0,benign,0
2781,20260508_212407_dns_delete_9ci3sG,1778300647.889000,1778300647.996000,50565,50618,50,50,0,benign,0
2782,20260508_212407_dns_delete_9ci3sG,1778300647.948000,1778300648.003000,50579,50628,50,50,0,benign,0
2783,20260508_212407_dns_delete_9ci3sG,1778300647.961000,1778300648.018000,50589,50638,50,50,0,benign,0
2784,20260508_212407_dns_delete_9ci3sG,1778300647.974000,1778300648.024000,50599,50649,50,50,0,benign,0
2785,20260508_212407_dns_delete_9ci3sG,1778300647.985000,1778300648.083000,50609,50660,50,50,0,benign,0
2786,20260508_212407_dns_delete_9ci3sG,1778300647.997000,1778300648.098000,50619,50672,50,50,0,benign,0
2787,20260508_212407_dns_delete_9ci3sG,1778300648.003000,1778300648.104000,50629,50682,50,50,0,benign,0
2788,20260508_212407_dns_delete_9ci3sG,1778300648.019000,1778300648.206000,50639,50692,50,50,0,benign,0
2789,20260508_212407_dns_delete_9ci3sG,1778300648.024000,1778300648.212000,50650,50703,50,50,0,benign,0
2790,20260508_212407_dns_delete_9ci3sG,1778300648.083000,1778300648.246000,50661,50717,50,50,0,benign,0
2791,20260508_212407_dns_delete_9ci3sG,1778300648.101000,1778300648.260000,50673,50727,50,50,0,benign,0
2792,20260508_212407_dns_delete_9ci3sG,1778300648.104000,1778300648.271000,50683,50737,50,50,0,benign,0
2793,20260508_212407_dns_delete_9ci3sG,1778300648.206000,1778300648.284000,50693,50747,50,50,0,benign,0
2794,20260508_212407_dns_delete_9ci3sG,1778300648.212000,1778300648.295000,50704,50757,50,50,0,benign,0
2795,20260508_212407_dns_delete_9ci3sG,1778300648.246000,1778300648.304000,50718,50767,50,50,0,benign,0
2796,20260508_212407_dns_delete_9ci3sG,1778300648.260000,1778300648.313000,50728,50777,50,50,0,benign,0
2797,20260508_212407_dns_delete_9ci3sG,1778300648.273000,1778300648.323000,50738,50788,50,50,0,benign,0
2798,20260508_212407_dns_delete_9ci3sG,1778300648.286000,1778300648.380000,50748,50799,50,50,0,benign,0
2799,20260508_212407_dns_delete_9ci3sG,1778300648.296000,1778300648.396000,50758,50811,50,50,0,benign,0
2800,20260508_212407_dns_delete_9ci3sG,1778300648.304000,1778300648.402000,50768,50821,50,50,0,benign,0
2801,20260508_212407_dns_delete_9ci3sG,1778300648.314000,1778300648.508000,50778,50831,50,50,0,benign,0
2802,20260508_212407_dns_delete_9ci3sG,1778300648.323000,1778300648.515000,50789,50842,50,50,0,benign,0
2803,20260508_212407_dns_delete_9ci3sG,1778300648.380000,1778300648.573000,50800,50856,50,50,0,benign,0
2804,20260508_212407_dns_delete_9ci3sG,1778300648.398000,1778300648.584000,50812,50866,50,50,0,benign,0
2805,20260508_212407_dns_delete_9ci3sG,1778300648.402000,1778300648.595000,50822,50876,50,50,0,benign,0
2806,20260508_212407_dns_delete_9ci3sG,1778300648.508000,1778300648.609000,50832,50886,50,50,0,benign,0
2807,20260508_212407_dns_delete_9ci3sG,1778300648.515000,1778300648.620000,50843,50896,50,50,0,benign,0
2808,20260508_212407_dns_delete_9ci3sG,1778300648.573000,1778300648.629000,50857,50906,50,50,0,benign,0
2809,20260508_212407_dns_delete_9ci3sG,1778300648.584000,1778300648.641000,50867,50916,50,50,0,benign,0
2810,20260508_212407_dns_delete_9ci3sG,1778300648.597000,1778300648.646000,50877,50927,50,50,0,benign,0
2811,20260508_212407_dns_delete_9ci3sG,1778300648.610000,1778300648.706000,50887,50938,50,50,0,benign,0
2812,20260508_212407_dns_delete_9ci3sG,1778300648.622000,1778300648.710000,50897,50948,50,50,0,benign,0
2813,20260508_212407_dns_delete_9ci3sG,1778300648.629000,1778300648.756000,50907,50958,50,50,0,benign,0
2814,20260508_212407_dns_delete_9ci3sG,1778300648.641000,1778300648.861000,50917,50968,50,50,0,benign,0
2815,20260508_212407_dns_delete_9ci3sG,1778300648.646000,1778300648.867000,50928,50978,50,50,0,benign,0
2816,20260508_212407_dns_delete_9ci3sG,1778300648.708000,1778300648.894000,50939,50988,50,50,0,benign,0
2817,20260508_212407_dns_delete_9ci3sG,1778300648.710000,1778300648.901000,50949,50998,50,50,0,benign,0
2818,20260508_212407_dns_delete_9ci3sG,1778300648.756000,1778300648.912000,50959,51008,50,50,0,benign,0
2819,20260508_212407_dns_delete_9ci3sG,1778300648.861000,1778300648.925000,50969,51018,50,50,0,benign,0
2820,20260508_212407_dns_delete_9ci3sG,1778300648.867000,1778300648.937000,50979,51028,50,50,0,benign,0
2821,20260508_212407_dns_delete_9ci3sG,1778300648.899000,1778300648.949000,50989,51038,50,50,0,benign,0
2822,20260508_212407_dns_delete_9ci3sG,1778300648.901000,1778300648.957000,50999,51048,50,50,0,benign,0
2823,20260508_212407_dns_delete_9ci3sG,1778300648.912000,1778300648.967000,51009,51058,50,50,0,benign,0
2824,20260508_212407_dns_delete_9ci3sG,1778300648.927000,1778300648.970000,51019,51068,50,50,0,benign,0
2825,20260508_212407_dns_delete_9ci3sG,1778300648.939000,1778300649.032000,51029,51078,50,50,0,benign,0
2826,20260508_212407_dns_delete_9ci3sG,1778300648.950000,1778300649.036000,51039,51088,50,50,0,benign,0
2827,20260508_212407_dns_delete_9ci3sG,1778300648.957000,1778300650.440000,51049,51098,50,50,0,benign,0
2828,20260508_212407_dns_delete_9ci3sG,1778300648.967000,1778300651.450000,51059,51108,50,50,0,benign,0
2829,20260508_212407_dns_delete_9ci3sG,1778300648.970000,1778300651.450000,51069,51118,50,50,0,benign,0
2830,20260508_212407_dns_delete_9ci3sG,1778300649.033000,1778300651.450000,51079,51128,50,50,0,benign,0
2831,20260508_212407_dns_delete_9ci3sG,1778300649.036000,1778300651.454000,51089,51138,50,50,0,benign,0
