sequence_id,segment_id,start_timestamp,end_timestamp,start_event_id,end_event_id,event_count,lstm_malicious_probability,lstm_prediction,lstm_prediction_label,lstm_threshold,iforest_overlap_count,iforest_window_ids,iforest_max_anomaly_score,iforest_mean_anomaly_score,iforest_max_anomaly_score_norm,iforest_any_anomaly,combined_score,combined_reason,combined_alert,combined_threshold
15,scored_log,1778298837.342000,1778298842.847000,8848,8897,50,0.9872783422470093,1,malicious,0.5,1,0,0.12256385224727484,0.12256385224727484,0.9467665798074156,1,0.9751248135151311,lstm_and_iforest,1,0.310117
14,scored_log,1778298837.342000,1778298837.363000,8838,8887,50,0.9698818325996399,1,malicious,0.5,1,0,0.12256385224727484,0.12256385224727484,0.9467665798074156,1,0.9629472567619726,lstm_and_iforest,1,0.310117
16,scored_log,1778298837.347000,1778298842.848000,8858,8907,50,0.9682362079620361,1,malicious,0.5,1,0,0.12256385224727484,0.12256385224727484,0.9467665798074156,1,0.96179531951565,lstm_and_iforest,1,0.310117
53,scored_log,1778298969.284000,1778298973.615000,9228,9277,50,0.9844443798065186,1,malicious,0.5,1,13,0.10144656631688442,0.10144656631688442,0.8713687379914123,1,0.9505216872619866,lstm_and_iforest,1,0.310117
10,scored_log,1778298833.785000,1778298837.342000,8798,8847,50,0.8204136490821838,1,malicious,0.5,1,0,0.12256385224727484,0.12256385224727484,0.9467665798074156,1,0.8583195282997533,lstm_and_iforest,1,0.310117
667,scored_log,1778299234.897000,1778299237.917000,15368,15417,50,0.8750677704811096,1,malicious,0.5,1,40,0.02004073860733868,0.02004073860733868,0.580714733457996,1,0.7867618593741755,lstm_and_iforest,1,0.310117
1920,scored_log,1778299630.638000,1778299632.659000,27898,27947,50,0.8142790198326111,1,malicious,0.5,1,79,0.05545555850128869,0.05545555850128869,0.7071609537302486,1,0.7821436000019024,lstm_and_iforest,1,0.310117
1921,scored_log,1778299630.639000,1778299632.659000,27908,27957,50,0.8135318756103516,1,malicious,0.5,1,79,0.05545555850128869,0.05545555850128869,0.7071609537302486,1,0.7816205990463208,lstm_and_iforest,1,0.310117
662,scored_log,1778299231.876000,1778299234.897000,15318,15367,50,0.8642410635948181,1,malicious,0.5,2,39|40,0.02004073860733868,-0.008472433867079021,0.580714733457996,1,0.7791831645537715,lstm_and_iforest,1,0.310117
668,scored_log,1778299234.898000,1778299237.917000,15378,15427,50,0.8572170734405518,1,malicious,0.5,1,40,0.02004073860733868,0.02004073860733868,0.580714733457996,1,0.774266371445785,lstm_and_iforest,1,0.310117
183,scored_log,1778299021.081000,1778299023.110000,10528,10577,50,0.8667192459106445,1,malicious,0.5,1,18,0.0022444832207405563,0.0022444832207405563,0.5171744066859412,1,0.7618557941432336,lstm_and_iforest,1,0.310117
177,scored_log,1778299018.048000,1778299021.081000,10468,10517,50,0.8572489023208618,1,malicious,0.5,1,18,0.0022444832207405563,0.0022444832207405563,0.5171744066859412,1,0.7552265536303857,lstm_and_iforest,1,0.310117
178,scored_log,1778299018.049000,1778299021.081000,10478,10527,50,0.8568117618560791,1,malicious,0.5,1,18,0.0022444832207405563,0.0022444832207405563,0.5171744066859412,1,0.7549205553050378,lstm_and_iforest,1,0.310117
17,scored_log,1778298837.348000,1778298842.853000,8868,8917,50,0.6597160696983337,1,malicious,0.5,1,0,0.12256385224727484,0.12256385224727484,0.9467665798074156,1,0.7458312227310584,lstm_and_iforest,1,0.310117
1243,scored_log,1778299421.069000,1778299423.096000,21128,21177,50,0.8319123387336731,1,malicious,0.5,1,58,0.007384168045744821,0.007384168045744821,0.5355253038939054,1,0.7429962282817428,lstm_and_iforest,1,0.310117
1916,scored_log,1778299629.594000,1778299630.639000,27858,27907,50,0.7536181211471558,1,malicious,0.5,1,79,0.05545555850128869,0.05545555850128869,0.7071609537302486,1,0.7396809709220835,lstm_and_iforest,1,0.310117
1237,scored_log,1778299419.046000,1778299421.069000,21068,21117,50,0.786888599395752,1,malicious,0.5,1,58,0.007384168045744821,0.007384168045744821,0.5355253038939054,1,0.7114796107451979,lstm_and_iforest,1,0.310117
1242,scored_log,1778299421.069000,1778299423.096000,21118,21167,50,0.7539156079292297,1,malicious,0.5,1,58,0.007384168045744821,0.007384168045744821,0.5355253038939054,1,0.6883985167186324,lstm_and_iforest,1,0.310117
55,scored_log,1778298969.303000,1778298973.627000,9248,9297,50,0.5932526588439941,1,malicious,0.5,1,13,0.10144656631688442,0.10144656631688442,0.8713687379914123,1,0.6766874825882196,lstm_and_iforest,1,0.310117
663,scored_log,1778299231.882000,1778299234.897000,15328,15377,50,0.6917769908905029,1,malicious,0.5,2,39|40,0.02004073860733868,-0.008472433867079021,0.580714733457996,1,0.6584583136607508,lstm_and_iforest,1,0.310117
54,scored_log,1778298969.295000,1778298973.623000,9238,9287,50,0.5594241619110107,1,malicious,0.5,1,13,0.10144656631688442,0.10144656631688442,0.8713687379914123,1,0.6530075347351312,lstm_and_iforest,1,0.310117
1238,scored_log,1778299419.051000,1778299421.069000,21078,21127,50,0.6583024859428406,1,malicious,0.5,1,58,0.007384168045744821,0.007384168045744821,0.5355253038939054,1,0.6214693313281601,lstm_and_iforest,1,0.310117
9,scored_log,1778298833.783000,1778298837.342000,8788,8837,50,0.429098516702652,0,benign,0.5,1,0,0.12256385224727484,0.12256385224727484,0.9467665798074156,1,0.5843989356340811,iforest_only,1,0.310117
11,scored_log,1778298833.785000,1778298837.347000,8808,8857,50,0.37559789419174194,0,benign,0.5,1,0,0.12256385224727484,0.12256385224727484,0.9467665798074156,1,0.546948499876444,iforest_only,1,0.310117
13,scored_log,1778298833.786000,1778298837.349000,8828,8877,50,0.3520631790161133,0,benign,0.5,1,0,0.12256385224727484,0.12256385224727484,0.9467665798074156,1,0.530474199253504,iforest_only,1,0.310117
664,scored_log,1778299231.883000,1778299234.903000,15338,15387,50,0.4374983012676239,0,benign,0.5,2,39|40,0.02004073860733868,-0.008472433867079021,0.580714733457996,1,0.48046323092473553,iforest_only,1,0.310117
12,scored_log,1778298833.786000,1778298837.348000,8818,8867,50,0.2513143718242645,0,benign,0.5,1,0,0.12256385224727484,0.12256385224727484,0.9467665798074156,1,0.4599500342192099,iforest_only,1,0.310117
185,scored_log,1778299021.090000,1778299023.116000,10548,10597,50,0.43213197588920593,0,benign,0.5,1,18,0.0022444832207405563,0.0022444832207405563,0.5171744066859412,1,0.4576447051282265,iforest_only,1,0.310117
18,scored_log,1778298837.349000,1778298842.854000,8878,8927,50,0.22340893745422363,0,benign,0.5,1,0,0.12256385224727484,0.12256385224727484,0.9467665798074156,1,0.4404162301601813,iforest_only,1,0.310117
179,scored_log,1778299018.057000,1778299021.088000,10488,10537,50,0.4047207832336426,0,benign,0.5,1,18,0.0022444832207405563,0.0022444832207405563,0.5171744066859412,1,0.43845687026933217,iforest_only,1,0.310117
1239,scored_log,1778299419.052000,1778299421.075000,21088,21137,50,0.3949459493160248,0,benign,0.5,1,58,0.007384168045744821,0.007384168045744821,0.5355253038939054,1,0.43711975568938893,iforest_only,1,0.310117
669,scored_log,1778299234.903000,1778299237.922000,15388,15437,50,0.3491742014884949,0,benign,0.5,1,40,0.02004073860733868,0.02004073860733868,0.580714733457996,1,0.4186363610793452,iforest_only,1,0.310117
1922,scored_log,1778299630.645000,1778299632.664000,27918,27967,50,0.26800650358200073,0,benign,0.5,1,79,0.05545555850128869,0.05545555850128869,0.7071609537302486,1,0.3997528386264751,iforest_only,1,0.310117
1244,scored_log,1778299421.075000,1778299423.102000,21138,21187,50,0.31424248218536377,0,benign,0.5,1,58,0.007384168045744821,0.007384168045744821,0.5355253038939054,1,0.38062732869792626,iforest_only,1,0.310117
1917,scored_log,1778299629.624000,1778299630.645000,27868,27917,50,0.23533666133880615,0,benign,0.5,1,79,0.05545555850128869,0.05545555850128869,0.7071609537302486,1,0.3768839490562389,iforest_only,1,0.310117
184,scored_log,1778299021.088000,1778299023.116000,10538,10587,50,0.30784955620765686,0,benign,0.5,1,18,0.0022444832207405563,0.0022444832207405563,0.5171744066859412,1,0.3706470113511422,iforest_only,1,0.310117
5,scored_log,1778298833.778000,1778298833.785000,8748,8797,50,0.0777638629078865,0,benign,0.5,1,0,0.12256385224727484,0.12256385224727484,0.9467665798074156,1,0.33846467797774527,iforest_only,1,0.310117
182,scored_log,1778299021.081000,1778299023.109000,10518,10567,50,0.2462088167667389,0,benign,0.5,1,18,0.0022444832207405563,0.0022444832207405563,0.5171744066859412,1,0.3274984937424996,iforest_only,1,0.310117
36,scored_log,1778298958.707000,1778298958.859000,9058,9107,50,0.03709709271788597,0,benign,0.5,1,12,0.13747336859659853,0.13747336859659853,1.0,1,0.3259679649025202,iforest_only,1,0.310117
19,scored_log,1778298837.363000,1778298842.857000,8888,8937,50,0.0561470128595829,0,benign,0.5,1,0,0.12256385224727484,0.12256385224727484,0.9467665798074156,1,0.32333288294393275,iforest_only,1,0.310117
180,scored_log,1778299018.058000,1778299021.089000,10498,10547,50,0.237552210688591,0,benign,0.5,1,18,0.0022444832207405563,0.0022444832207405563,0.5171744066859412,1,0.3214388694877961,iforest_only,1,0.310117
37,scored_log,1778298958.716000,1778298960.903000,9068,9117,50,0.028853626921772957,0,benign,0.5,1,12,0.13747336859659853,0.13747336859659853,1.0,1,0.3201975388452411,iforest_only,1,0.310117
665,scored_log,1778299231.884000,1778299234.904000,15348,15397,50,0.1972804218530655,0,benign,0.5,2,39|40,0.02004073860733868,-0.008472433867079021,0.580714733457996,1,0.3123107153345447,iforest_only,1,0.310117
1919,scored_log,1778299629.632000,1778299630.647000,27888,27937,50,0.14186663925647736,0,benign,0.5,1,79,0.05545555850128869,0.05545555850128869,0.7071609537302486,1,0.31145493359860876,iforest_only,1,0.310117
1915,scored_log,1778299629.594000,1778299630.638000,27848,27897,50,0.13786666095256805,0,benign,0.5,1,79,0.05545555850128869,0.05545555850128869,0.7071609537302486,1,0.30865494878587224,iforest_only,0,0.310117
20,scored_log,1778298842.847000,1778298958.380000,8898,8947,50,0.008699479512870312,0,benign,0.5,3,0|1|12,0.13747336859659853,0.05063315704481134,1.0,1,0.30608963565900926,iforest_only,0,0.310117
6,scored_log,1778298833.778000,1778298833.785000,8758,8807,50,0.029715321958065033,0,benign,0.5,1,0,0.12256385224727484,0.12256385224727484,0.9467665798074156,1,0.30483069931287027,iforest_only,0,0.310117
1923,scored_log,1778299630.646000,1778299632.665000,27928,27977,50,0.13122804462909698,0,benign,0.5,1,79,0.05545555850128869,0.05545555850128869,0.7071609537302486,1,0.3040079173594425,iforest_only,0,0.310117
22,scored_log,1778298842.853000,1778298958.544000,8918,8967,50,0.0009488012292422354,0,benign,0.5,3,0|1|12,0.13747336859659853,0.05063315704481134,1.0,1,0.3006641608604696,iforest_only,0,0.310117
32,scored_log,1778298958.644000,1778298958.715000,9018,9067,50,0.000907334906514734,0,benign,0.5,1,12,0.13747336859659853,0.13747336859659853,1.0,1,0.30063513443456036,iforest_only,0,0.310117
30,scored_log,1778298958.606000,1778298958.694000,8998,9047,50,0.0008066192385740578,0,benign,0.5,1,12,0.13747336859659853,0.13747336859659853,1.0,1,0.3005646334670019,iforest_only,0,0.310117
31,scored_log,1778298958.628000,1778298958.705000,9008,9057,50,0.000518643471878022,0,benign,0.5,1,12,0.13747336859659853,0.13747336859659853,1.0,1,0.30036305043031464,iforest_only,0,0.310117
33,scored_log,1778298958.659000,1778298958.745000,9028,9077,50,0.00043072825064882636,0,benign,0.5,1,12,0.13747336859659853,0.13747336859659853,1.0,1,0.3003015097754542,iforest_only,0,0.310117
38,scored_log,1778298958.752000,1778298960.924000,9078,9127,50,0.00040028279181569815,0,benign,0.5,1,12,0.13747336859659853,0.13747336859659853,1.0,1,0.300280197954271,iforest_only,0,0.310117
23,scored_log,1778298842.854000,1778298958.564000,8928,8977,50,0.00038242313894443214,0,benign,0.5,3,0|1|12,0.13747336859659853,0.05063315704481134,1.0,1,0.3002676961972611,iforest_only,0,0.310117
21,scored_log,1778298842.848000,1778298958.473000,8908,8957,50,0.0002673084381967783,0,benign,0.5,3,0|1|12,0.13747336859659853,0.05063315704481134,1.0,1,0.3001871159067378,iforest_only,0,0.310117
24,scored_log,1778298842.857000,1778298958.583000,8938,8987,50,0.00024474214296787977,0,benign,0.5,3,0|1|12,0.13747336859659853,0.05063315704481134,1.0,1,0.3001713195000776,iforest_only,0,0.310117
34,scored_log,1778298958.676000,1778298958.763000,9038,9087,50,0.0002442246477585286,0,benign,0.5,1,12,0.13747336859659853,0.13747336859659853,1.0,1,0.300170957253431,iforest_only,0,0.310117
41,scored_log,1778298958.860000,1778298968.620000,9108,9157,50,0.00022263106075115502,0,benign,0.5,2,12|13,0.13747336859659853,0.11945996745674148,1.0,1,0.30015584174252585,iforest_only,0,0.310117
26,scored_log,1778298958.488000,1778298958.625000,8958,9007,50,0.00018999747408088297,0,benign,0.5,1,12,0.13747336859659853,0.13747336859659853,1.0,1,0.3001329982318567,iforest_only,0,0.310117
25,scored_log,1778298958.391000,1778298958.603000,8948,8997,50,0.00016752761439420283,0,benign,0.5,1,12,0.13747336859659853,0.13747336859659853,1.0,1,0.300117269330076,iforest_only,0,0.310117
40,scored_log,1778298958.780000,1778298968.607000,9098,9147,50,0.00016461890481878072,0,benign,0.5,2,12|13,0.13747336859659853,0.11945996745674148,1.0,1,0.3001152332333732,iforest_only,0,0.310117
29,scored_log,1778298958.584000,1778298958.673000,8988,9037,50,0.00016228610184043646,0,benign,0.5,1,12,0.13747336859659853,0.13747336859659853,1.0,1,0.30011360027128836,iforest_only,0,0.310117
28,scored_log,1778298958.567000,1778298958.657000,8978,9027,50,0.00015590430120937526,0,benign,0.5,1,12,0.13747336859659853,0.13747336859659853,1.0,1,0.30010913301084663,iforest_only,0,0.310117
39,scored_log,1778298958.764000,1778298968.489000,9088,9137,50,0.00012402438733261079,0,benign,0.5,2,12|13,0.13747336859659853,0.11945996745674148,1.0,1,0.3000868170711329,iforest_only,0,0.310117
27,scored_log,1778298958.545000,1778298958.642000,8968,9017,50,0.00010115915938513353,0,benign,0.5,1,12,0.13747336859659853,0.13747336859659853,1.0,1,0.30007081141156966,iforest_only,0,0.310117
35,scored_log,1778298958.695000,1778298958.778000,9048,9097,50,9.90890184766613e-05,0,benign,0.5,1,12,0.13747336859659853,0.13747336859659853,1.0,1,0.3000693623129337,iforest_only,0,0.310117
42,scored_log,1778298960.903000,1778298968.633000,9118,9167,50,7.202904089353979e-05,0,benign,0.5,2,12|13,0.13747336859659853,0.11945996745674148,1.0,1,0.3000504203286255,iforest_only,0,0.310117
8,scored_log,1778298833.781000,1778298833.786000,8778,8827,50,0.01887679472565651,0,benign,0.5,1,0,0.12256385224727484,0.12256385224727484,0.9467665798074156,1,0.2972437302501843,iforest_only,0,0.310117
7,scored_log,1778298833.779000,1778298833.786000,8768,8817,50,0.016934946179389954,0,benign,0.5,1,0,0.12256385224727484,0.12256385224727484,0.9467665798074156,1,0.2958844362677977,iforest_only,0,0.310117
0,scored_log,1778298833.757000,1778298833.778000,8699,8747,50,0.015584898181259632,0,benign,0.5,1,0,0.12256385224727484,0.12256385224727484,0.9467665798074156,1,0.29493940266910645,iforest_only,0,0.310117
1,scored_log,1778298833.767000,1778298833.778000,8708,8757,50,0.013857690617442131,0,benign,0.5,1,0,0.12256385224727484,0.12256385224727484,0.9467665798074156,1,0.2937303573744342,iforest_only,0,0.310117
2,scored_log,1778298833.777000,1778298833.779000,8718,8767,50,0.01361827366054058,0,benign,0.5,1,0,0.12256385224727484,0.12256385224727484,0.9467665798074156,1,0.29356276550460314,iforest_only,0,0.310117
4,scored_log,1778298833.778000,1778298833.783000,8738,8787,50,0.00844490434974432,0,benign,0.5,1,0,0.12256385224727484,0.12256385224727484,0.9467665798074156,1,0.28994140698704574,iforest_only,0,0.310117
1240,scored_log,1778299419.053000,1778299421.077000,21098,21147,50,0.18444021046161652,0,benign,0.5,1,58,0.007384168045744821,0.007384168045744821,0.5355253038939054,1,0.28976573849130316,iforest_only,0,0.310117
3,scored_log,1778298833.777000,1778298833.781000,8728,8777,50,0.007715233135968447,0,benign,0.5,1,0,0.12256385224727484,0.12256385224727484,0.9467665798074156,1,0.28943063713740264,iforest_only,0,0.310117
1924,scored_log,1778299630.649000,1778299632.665000,27938,27987,50,0.100037582218647,0,benign,0.5,1,79,0.05545555850128869,0.05545555850128869,0.7071609537302486,1,0.2821745936721275,iforest_only,0,0.310117
1918,scored_log,1778299629.625000,1778299630.646000,27878,27927,50,0.09633878618478775,0,benign,0.5,1,79,0.05545555850128869,0.05545555850128869,0.7071609537302486,1,0.27958543644842604,iforest_only,0,0.310117
56,scored_log,1778298969.309000,1778298973.628000,9258,9307,50,0.019347835332155228,0,benign,0.5,1,13,0.10144656631688442,0.10144656631688442,0.8713687379914123,1,0.2749541061299324,iforest_only,0,0.310117
1914,scored_log,1778299629.591000,1778299629.632000,27838,27887,50,0.08962029218673706,0,benign,0.5,1,79,0.05545555850128869,0.05545555850128869,0.7071609537302486,1,0.27488249064979053,iforest_only,0,0.310117
186,scored_log,1778299021.090000,1778299023.117000,10558,10607,50,0.1694769561290741,0,benign,0.5,1,18,0.0022444832207405563,0.0022444832207405563,0.5171744066859412,1,0.27378619129613424,iforest_only,0,0.310117
57,scored_log,1778298969.345000,1778298973.630000,9268,9317,50,0.015377350151538849,0,benign,0.5,1,13,0.10144656631688442,0.10144656631688442,0.8713687379914123,1,0.2721747665035009,iforest_only,0,0.310117
64,scored_log,1778298973.639000,1778298973.657000,9338,9387,50,0.013784587383270264,0,benign,0.5,1,13,0.10144656631688442,0.10144656631688442,0.8713687379914123,1,0.2710598325657129,iforest_only,0,0.310117
181,scored_log,1778299018.060000,1778299021.090000,10508,10557,50,0.1633683443069458,0,benign,0.5,1,18,0.0022444832207405563,0.0022444832207405563,0.5171744066859412,1,0.26951016302064446,iforest_only,0,0.310117
62,scored_log,1778298973.630000,1778298973.648000,9318,9367,50,0.010795988142490387,0,benign,0.5,1,13,0.10144656631688442,0.10144656631688442,0.8713687379914123,1,0.268967813097167,iforest_only,0,0.310117
67,scored_log,1778298973.648000,1778298977.976000,9368,9417,50,0.010430769063532352,0,benign,0.5,2,13|14,0.10144656631688442,0.010571664369932815,0.8713687379914123,1,0.2687121597418964,iforest_only,0,0.310117
59,scored_log,1778298973.623000,1778298973.639000,9288,9337,50,0.008929722011089325,0,benign,0.5,1,13,0.10144656631688442,0.10144656631688442,0.8713687379914123,1,0.26766142680518623,iforest_only,0,0.310117
66,scored_log,1778298973.647000,1778298977.976000,9358,9407,50,0.007656920235604048,0,benign,0.5,2,13|14,0.10144656631688442,0.010571664369932815,0.8713687379914123,1,0.26677046556234657,iforest_only,0,0.310117
61,scored_log,1778298973.629000,1778298973.647000,9308,9357,50,0.0075731826946139336,0,benign,0.5,1,13,0.10144656631688442,0.10144656631688442,0.8713687379914123,1,0.2667118492836535,iforest_only,0,0.310117
52,scored_log,1778298969.272000,1778298969.343000,9218,9267,50,0.006556573323905468,0,benign,0.5,1,13,0.10144656631688442,0.10144656631688442,0.8713687379914123,1,0.2660002227241575,iforest_only,0,0.310117
65,scored_log,1778298973.642000,1778298973.818000,9348,9397,50,0.005554300267249346,0,benign,0.5,2,13|14,0.10144656631688442,0.010571664369932815,0.8713687379914123,1,0.26529863158449823,iforest_only,0,0.310117
670,scored_log,1778299234.904000,1778299237.923000,15398,15447,50,0.1285085827112198,0,benign,0.5,1,40,0.02004073860733868,0.02004073860733868,0.580714733457996,1,0.2641704279352527,iforest_only,0,0.310117
58,scored_log,1778298973.616000,1778298973.638000,9278,9327,50,0.0035703852772712708,0,benign,0.5,1,13,0.10144656631688442,0.10144656631688442,0.8713687379914123,1,0.2639098910915136,iforest_only,0,0.310117
63,scored_log,1778298973.638000,1778298973.649000,9328,9377,50,0.0030471121426671743,0,benign,0.5,1,13,0.10144656631688442,0.10144656631688442,0.8713687379914123,1,0.26354359989729076,iforest_only,0,0.310117
45,scored_log,1778298968.607000,1778298969.223000,9148,9197,50,0.002486968645825982,0,benign,0.5,1,13,0.10144656631688442,0.10144656631688442,0.8713687379914123,1,0.2631514994495019,iforest_only,0,0.310117
60,scored_log,1778298973.627000,1778298973.641000,9298,9347,50,0.0018678149208426476,0,benign,0.5,1,13,0.10144656631688442,0.10144656631688442,0.8713687379914123,1,0.26271809184201356,iforest_only,0,0.310117
68,scored_log,1778298973.650000,1778298977.978000,9378,9427,50,0.0017820206703618169,0,benign,0.5,2,13|14,0.10144656631688442,0.010571664369932815,0.8713687379914123,1,0.26265803586667696,iforest_only,0,0.310117
69,scored_log,1778298973.697000,1778298977.984000,9388,9437,50,0.0012975229183211923,0,benign,0.5,2,13|14,0.10144656631688442,0.010571664369932815,0.8713687379914123,1,0.26231888744024856,iforest_only,0,0.310117
46,scored_log,1778298968.620000,1778298969.257000,9158,9207,50,0.0005872569163329899,0,benign,0.5,1,13,0.10144656631688442,0.10144656631688442,0.8713687379914123,1,0.2618217012388568,iforest_only,0,0.310117
47,scored_log,1778298968.633000,1778298969.271000,9168,9217,50,0.00012185904779471457,0,benign,0.5,1,13,0.10144656631688442,0.10144656631688442,0.8713687379914123,1,0.26149592273088,iforest_only,0,0.310117
51,scored_log,1778298969.259000,1778298969.305000,9208,9257,50,0.0001217316385009326,0,benign,0.5,1,13,0.10144656631688442,0.10144656631688442,0.8713687379914123,1,0.2614958335443744,iforest_only,0,0.310117
50,scored_log,1778298969.223000,1778298969.302000,9198,9247,50,0.0001215525480802171,0,benign,0.5,1,13,0.10144656631688442,0.10144656631688442,0.8713687379914123,1,0.26149570818107987,iforest_only,0,0.310117
48,scored_log,1778298968.668000,1778298969.284000,9178,9227,50,7.707647455390543e-05,0,benign,0.5,1,13,0.10144656631688442,0.10144656631688442,0.8713687379914123,1,0.26146457492961145,iforest_only,0,0.310117
44,scored_log,1778298968.489000,1778298968.678000,9138,9187,50,6.876162660773844e-05,0,benign,0.5,1,13,0.10144656631688442,0.10144656631688442,0.8713687379914123,1,0.2614587545360491,iforest_only,0,0.310117
49,scored_log,1778298968.680000,1778298969.293000,9188,9237,50,6.771579501219094e-05,0,benign,0.5,1,13,0.10144656631688442,0.10144656631688442,0.8713687379914123,1,0.26145802245393224,iforest_only,0,0.310117
43,scored_log,1778298968.456000,1778298968.666000,9128,9177,50,5.493221033248119e-05,0,benign,0.5,1,13,0.10144656631688442,0.10144656631688442,0.8713687379914123,1,0.26144907394465644,iforest_only,0,0.310117
1245,scored_log,1778299421.077000,1778299423.104000,21148,21197,50,0.11876954138278961,0,benign,0.5,1,58,0.007384168045744821,0.007384168045744821,0.5355253038939054,1,0.24379627013612437,iforest_only,0,0.310117
666,scored_log,1778299234.895000,1778299234.910000,15358,15407,50,0.09643342345952988,0,benign,0.5,1,40,0.02004073860733868,0.02004073860733868,0.580714733457996,1,0.24171781645906973,iforest_only,0,0.310117
1241,scored_log,1778299421.066000,1778299421.090000,21108,21157,50,0.0951453149318695,0,benign,0.5,1,58,0.007384168045744821,0.007384168045744821,0.5355253038939054,1,0.2272593116204803,iforest_only,0,0.310117
1499,scored_log,1778299501.742000,1778299509.765000,23688,23737,50,0.012350017204880714,0,benign,0.5,2,66|67,0.060913077100700486,-0.028597199869089707,0.7266466549431193,1,0.22663900852635233,iforest_only,0,0.310117
1445,scored_log,1778299492.632000,1778299496.652000,23148,23197,50,0.012239515781402588,0,benign,0.5,2,65|66,0.060913077100700486,-0.02778135400293333,0.7266466549431193,1,0.22656165752991764,iforest_only,0,0.310117
1498,scored_log,1778299501.736000,1778299509.764000,23678,23727,50,0.012077908962965012,0,benign,0.5,2,66|67,0.060913077100700486,-0.028597199869089707,0.7266466549431193,1,0.22644853275701132,iforest_only,0,0.310117
1446,scored_log,1778299492.632000,1778299496.654000,23158,23207,50,0.010286806151270866,0,benign,0.5,2,65|66,0.060913077100700486,-0.02778135400293333,0.7266466549431193,1,0.22519476078882544,iforest_only,0,0.310117
1444,scored_log,1778299489.535000,1778299496.652000,23138,23187,50,0.009831258095800877,0,benign,0.5,2,65|66,0.060913077100700486,-0.02778135400293333,0.7266466549431193,1,0.22487587714999643,iforest_only,0,0.310117
1483,scored_log,1778299497.672000,1778299498.692000,23528,23577,50,0.00982437189668417,0,benign,0.5,1,66,0.060913077100700486,0.060913077100700486,0.7266466549431193,1,0.22487105681061476,iforest_only,0,0.310117
1478,scored_log,1778299496.658000,1778299497.672000,23478,23527,50,0.009499427862465382,0,benign,0.5,1,66,0.060913077100700486,0.060913077100700486,0.7266466549431193,1,0.2246435959866616,iforest_only,0,0.310117
1482,scored_log,1778299497.671000,1778299498.690000,23518,23567,50,0.008767091669142246,0,benign,0.5,1,66,0.060913077100700486,0.060913077100700486,0.7266466549431193,1,0.2241309606513354,iforest_only,0,0.310117
1477,scored_log,1778299496.658000,1778299497.671000,23468,23517,50,0.008459070697426796,0,benign,0.5,1,66,0.060913077100700486,0.060913077100700486,0.7266466549431193,1,0.22391534597113458,iforest_only,0,0.310117
1490,scored_log,1778299498.706000,1778299501.721000,23598,23647,50,0.008398550562560558,0,benign,0.5,1,66,0.060913077100700486,0.060913077100700486,0.7266466549431193,1,0.22387298187672822,iforest_only,0,0.310117
1481,scored_log,1778299497.671000,1778299498.690000,23508,23557,50,0.008175736293196678,0,benign,0.5,1,66,0.060913077100700486,0.060913077100700486,0.7266466549431193,1,0.2237170118881735,iforest_only,0,0.310117
1497,scored_log,1778299501.730000,1778299509.764000,23668,23717,50,0.007792199961841106,0,benign,0.5,2,66|67,0.060913077100700486,-0.028597199869089707,0.7266466549431193,1,0.2234485364562246,iforest_only,0,0.310117
1491,scored_log,1778299499.714000,1778299501.723000,23608,23657,50,0.007189280353486538,0,benign,0.5,1,66,0.060913077100700486,0.060913077100700486,0.7266466549431193,1,0.2230264927303764,iforest_only,0,0.310117
1489,scored_log,1778299498.697000,1778299501.721000,23588,23637,50,0.007111694663763046,0,benign,0.5,1,66,0.060913077100700486,0.060913077100700486,0.7266466549431193,1,0.22297218274756997,iforest_only,0,0.310117
1476,scored_log,1778299496.658000,1778299497.671000,23458,23507,50,0.003915357403457165,0,benign,0.5,1,66,0.060913077100700486,0.060913077100700486,0.7266466549431193,1,0.22073474666535584,iforest_only,0,0.310117
1896,scored_log,1778299624.539000,1778299626.560000,27658,27707,50,0.01113914418965578,0,benign,0.5,1,79,0.05545555850128869,0.05545555850128869,0.7071609537302486,1,0.21994568705183365,iforest_only,0,0.310117
1892,scored_log,1778299620.360000,1778299624.541000,27618,27667,50,0.010903124697506428,0,benign,0.5,2,78|79,0.05545555850128869,-0.018448210589319586,0.7071609537302486,1,0.2197804734073291,iforest_only,0,0.310117
1487,scored_log,1778299498.690000,1778299501.718000,23568,23617,50,0.0024579043965786695,0,benign,0.5,1,66,0.060913077100700486,0.060913077100700486,0.7266466549431193,1,0.21971452956054088,iforest_only,0,0.310117
1895,scored_log,1778299624.539000,1778299626.557000,27648,27697,50,0.0106342239305377,0,benign,0.5,1,79,0.05545555850128869,0.05545555850128869,0.7071609537302486,1,0.21959224287045098,iforest_only,0,0.310117
1926,scored_log,1778299632.659000,1778299633.673000,27958,28007,50,0.010590155608952045,0,benign,0.5,1,79,0.05545555850128869,0.05545555850128869,0.7071609537302486,1,0.21956139504534103,iforest_only,0,0.310117
1891,scored_log,1778299620.342000,1778299624.539000,27608,27657,50,0.010531938634812832,0,benign,0.5,2,78|79,0.05545555850128869,-0.018448210589319586,0.7071609537302486,1,0.21952064316344358,iforest_only,0,0.310117
1925,scored_log,1778299632.659000,1778299633.673000,27948,27997,50,0.010373814031481743,0,benign,0.5,1,79,0.05545555850128869,0.05545555850128869,0.7071609537302486,1,0.21940995594111182,iforest_only,0,0.310117
1484,scored_log,1778299497.679000,1778299498.697000,23538,23587,50,0.0019940738566219807,0,benign,0.5,1,66,0.060913077100700486,0.060913077100700486,0.7266466549431193,1,0.2193898481825712,iforest_only,0,0.310117
2460,scored_log,1778299779.981000,1778299780.344000,33298,33347,50,0.0010198160307481885,0,benign,0.5,1,94,0.06154921885589504,0.06154921885589504,0.7289179560747523,1,0.21938925804394943,iforest_only,0,0.310117
1909,scored_log,1778299626.581000,1778299629.590000,27788,27837,50,0.010342004708945751,0,benign,0.5,1,79,0.05545555850128869,0.05545555850128869,0.7071609537302486,1,0.21938768941533662,iforest_only,0,0.310117
1496,scored_log,1778299501.723000,1778299501.753000,23658,23707,50,0.001889156410470605,0,benign,0.5,1,66,0.060913077100700486,0.060913077100700486,0.7266466549431193,1,0.21931640597026525,iforest_only,0,0.310117
1495,scored_log,1778299501.721000,1778299501.747000,23648,23697,50,0.0018832270288839936,0,benign,0.5,1,66,0.060913077100700486,0.060913077100700486,0.7266466549431193,1,0.21931225540315463,iforest_only,0,0.310117
1494,scored_log,1778299501.721000,1778299501.740000,23638,23687,50,0.0018387772142887115,0,benign,0.5,1,66,0.060913077100700486,0.060913077100700486,0.7266466549431193,1,0.21928114053293793,iforest_only,0,0.310117
1927,scored_log,1778299632.664000,1778299633.675000,27968,28017,50,0.010148636996746063,0,benign,0.5,1,79,0.05545555850128869,0.05545555850128869,0.7071609537302486,1,0.21925233201679684,iforest_only,0,0.310117
1894,scored_log,1778299621.534000,1778299626.557000,27638,27687,50,0.009916843846440315,0,benign,0.5,2,78|79,0.05545555850128869,-0.018448210589319586,0.7071609537302486,1,0.21909007681158282,iforest_only,0,0.310117
1493,scored_log,1778299501.719000,1778299501.735000,23628,23677,50,0.0015443013980984688,0,benign,0.5,1,66,0.060913077100700486,0.060913077100700486,0.7266466549431193,1,0.21907500746160474,iforest_only,0,0.310117
2461,scored_log,1778299780.003000,1778299780.352000,33308,33357,50,0.0004807621880900115,0,benign,0.5,1,94,0.06154921885589504,0.06154921885589504,0.7289179560747523,1,0.21901192035408873,iforest_only,0,0.310117
2466,scored_log,1778299780.354000,1778299780.401000,33358,33407,50,0.0004483578959479928,0,benign,0.5,1,94,0.06154921885589504,0.06154921885589504,0.7289179560747523,1,0.2189892373495893,iforest_only,0,0.310117
2456,scored_log,1778299752.651000,1778299779.995000,33258,33307,50,0.0002515997621230781,0,benign,0.5,2,91|94,0.06154921885589504,-0.0042255610114489695,0.7289179560747523,1,0.21885150665591185,iforest_only,0,0.310117
2464,scored_log,1778299780.032000,1778299780.386000,33338,33387,50,0.00023195851827040315,0,benign,0.5,1,94,0.06154921885589504,0.06154921885589504,0.7289179560747523,1,0.218837757785215,iforest_only,0,0.310117
2453,scored_log,1778299752.650000,1778299779.870000,33228,33277,50,0.00022755244572181255,0,benign,0.5,2,91|94,0.06154921885589504,-0.0042255610114489695,0.7289179560747523,1,0.21883467353443098,iforest_only,0,0.310117
2462,scored_log,1778299780.004000,1778299780.364000,33318,33367,50,0.0001879887713585049,0,benign,0.5,1,94,0.06154921885589504,0.06154921885589504,0.7289179560747523,1,0.21880697896237666,iforest_only,0,0.310117
1500,scored_log,1778299501.748000,1778299509.769000,23698,23747,50,0.0011554142693057656,0,benign,0.5,2,66|67,0.060913077100700486,-0.028597199869089707,0.7266466549431193,1,0.21880278647144985,iforest_only,0,0.310117
2454,scored_log,1778299752.651000,1778299779.874000,33238,33287,50,0.0001566245628055185,0,benign,0.5,2,91|94,0.06154921885589504,-0.0042255610114489695,0.7289179560747523,1,0.21878502401638958,iforest_only,0,0.310117
2455,scored_log,1778299752.651000,1778299779.981000,33248,33297,50,0.00014781253412365913,0,benign,0.5,2,91|94,0.06154921885589504,-0.0042255610114489695,0.7289179560747523,1,0.21877885559631227,iforest_only,0,0.310117
2465,scored_log,1778299780.345000,1778299780.391000,33348,33397,50,0.00011339927732478827,0,benign,0.5,1,94,0.06154921885589504,0.06154921885589504,0.7289179560747523,1,0.21875476631655305,iforest_only,0,0.310117
2457,scored_log,1778299752.658000,1778299780.004000,33268,33317,50,9.385064186062664e-05,0,benign,0.5,2,91|94,0.06154921885589504,-0.0042255610114489695,0.7289179560747523,1,0.21874108227172814,iforest_only,0,0.310117
2458,scored_log,1778299779.870000,1778299780.021000,33278,33327,50,7.295479736058041e-05,0,benign,0.5,1,94,0.06154921885589504,0.06154921885589504,0.7289179560747523,1,0.21872645518057812,iforest_only,0,0.310117
2459,scored_log,1778299779.980000,1778299780.032000,33288,33337,50,6.508120713988319e-05,0,benign,0.5,1,94,0.06154921885589504,0.06154921885589504,0.7289179560747523,1,0.21872094366742362,iforest_only,0,0.310117
2463,scored_log,1778299780.021000,1778299780.372000,33328,33377,50,4.8795624024933204e-05,0,benign,0.5,1,94,0.06154921885589504,0.06154921885589504,0.7289179560747523,1,0.21870954375924317,iforest_only,0,0.310117
1492,scored_log,1778299501.718000,1778299501.729000,23618,23667,50,0.0009456812986172736,0,benign,0.5,1,66,0.060913077100700486,0.060913077100700486,0.7266466549431193,1,0.2186559733919679,iforest_only,0,0.310117
1485,scored_log,1778299497.687000,1778299498.706000,23548,23597,50,0.0008083019638434052,0,benign,0.5,1,66,0.060913077100700486,0.060913077100700486,0.7266466549431193,1,0.21855980785762621,iforest_only,0,0.310117
1447,scored_log,1778299492.634000,1778299496.656000,23168,23217,50,0.0006835004314780235,0,benign,0.5,2,65|66,0.060913077100700486,-0.02778135400293333,0.7266466549431193,1,0.21847244678497044,iforest_only,0,0.310117
1488,scored_log,1778299498.692000,1778299501.718000,23578,23627,50,0.0006427415646612644,0,benign,0.5,1,66,0.060913077100700486,0.060913077100700486,0.7266466549431193,1,0.2184439155781987,iforest_only,0,0.310117
1448,scored_log,1778299493.640000,1778299496.656000,23178,23227,50,0.0005645531346090138,0,benign,0.5,2,65|66,0.060913077100700486,-0.02778135400293333,0.7266466549431193,1,0.21838918367716215,iforest_only,0,0.310117
1480,scored_log,1778299496.666000,1778299497.686000,23498,23547,50,0.0004934967728331685,0,benign,0.5,1,66,0.060913077100700486,0.060913077100700486,0.7266466549431193,1,0.21833944422391904,iforest_only,0,0.310117
1908,scored_log,1778299626.578000,1778299629.588000,27778,27827,50,0.008804211392998695,0,benign,0.5,1,79,0.05545555850128869,0.05545555850128869,0.7071609537302486,1,0.2183112340941737,iforest_only,0,0.310117
1475,scored_log,1778299496.658000,1778299496.666000,23448,23497,50,0.0004275210085324943,0,benign,0.5,1,66,0.060913077100700486,0.060913077100700486,0.7266466549431193,1,0.21829326118890857,iforest_only,0,0.310117
1459,scored_log,1778299496.656000,1778299496.657000,23288,23337,50,0.00030940346186980605,0,benign,0.5,1,66,0.060913077100700486,0.060913077100700486,0.7266466549431193,1,0.21821057890624468,iforest_only,0,0.310117
1470,scored_log,1778299496.657000,1778299496.658000,23398,23447,50,0.00030940346186980605,0,benign,0.5,1,66,0.060913077100700486,0.060913077100700486,0.7266466549431193,1,0.21821057890624468,iforest_only,0,0.310117
1452,scored_log,1778299496.656000,1778299496.656000,23218,23267,50,0.0003094028797931969,0,benign,0.5,1,66,0.060913077100700486,0.060913077100700486,0.7266466549431193,1,0.21821057849879105,iforest_only,0,0.310117
1453,scored_log,1778299496.656000,1778299496.656000,23228,23277,50,0.0003094028797931969,0,benign,0.5,1,66,0.060913077100700486,0.060913077100700486,0.7266466549431193,1,0.21821057849879105,iforest_only,0,0.310117
1454,scored_log,1778299496.656000,1778299496.656000,23238,23287,50,0.0003094028797931969,0,benign,0.5,1,66,0.060913077100700486,0.060913077100700486,0.7266466549431193,1,0.21821057849879105,iforest_only,0,0.310117
1458,scored_log,1778299496.656000,1778299496.657000,23278,23327,50,0.0003094028797931969,0,benign,0.5,1,66,0.060913077100700486,0.060913077100700486,0.7266466549431193,1,0.21821057849879105,iforest_only,0,0.310117
1460,scored_log,1778299496.657000,1778299496.657000,23298,23347,50,0.0003094028797931969,0,benign,0.5,1,66,0.060913077100700486,0.060913077100700486,0.7266466549431193,1,0.21821057849879105,iforest_only,0,0.310117
1461,scored_log,1778299496.657000,1778299496.657000,23308,23357,50,0.0003094028797931969,0,benign,0.5,1,66,0.060913077100700486,0.060913077100700486,0.7266466549431193,1,0.21821057849879105,iforest_only,0,0.310117
1462,scored_log,1778299496.657000,1778299496.657000,23318,23367,50,0.0003094028797931969,0,benign,0.5,1,66,0.060913077100700486,0.060913077100700486,0.7266466549431193,1,0.21821057849879105,iforest_only,0,0.310117
1463,scored_log,1778299496.657000,1778299496.657000,23328,23377,50,0.0003094028797931969,0,benign,0.5,1,66,0.060913077100700486,0.060913077100700486,0.7266466549431193,1,0.21821057849879105,iforest_only,0,0.310117
1464,scored_log,1778299496.657000,1778299496.657000,23338,23387,50,0.0003094028797931969,0,benign,0.5,1,66,0.060913077100700486,0.060913077100700486,0.7266466549431193,1,0.21821057849879105,iforest_only,0,0.310117
1465,scored_log,1778299496.657000,1778299496.657000,23348,23397,50,0.0003094028797931969,0,benign,0.5,1,66,0.060913077100700486,0.060913077100700486,0.7266466549431193,1,0.21821057849879105,iforest_only,0,0.310117
1469,scored_log,1778299496.657000,1778299496.658000,23388,23437,50,0.0003094028797931969,0,benign,0.5,1,66,0.060913077100700486,0.060913077100700486,0.7266466549431193,1,0.21821057849879105,iforest_only,0,0.310117
1471,scored_log,1778299496.658000,1778299496.658000,23408,23457,50,0.0003094028797931969,0,benign,0.5,1,66,0.060913077100700486,0.060913077100700486,0.7266466549431193,1,0.21821057849879105,iforest_only,0,0.310117
1472,scored_log,1778299496.658000,1778299496.658000,23418,23467,50,0.0003094028797931969,0,benign,0.5,1,66,0.060913077100700486,0.060913077100700486,0.7266466549431193,1,0.21821057849879105,iforest_only,0,0.310117
1473,scored_log,1778299496.658000,1778299496.658000,23428,23477,50,0.0003094028797931969,0,benign,0.5,1,66,0.060913077100700486,0.060913077100700486,0.7266466549431193,1,0.21821057849879105,iforest_only,0,0.310117
1474,scored_log,1778299496.658000,1778299496.658000,23438,23487,50,0.0003094028797931969,0,benign,0.5,1,66,0.060913077100700486,0.060913077100700486,0.7266466549431193,1,0.21821057849879105,iforest_only,0,0.310117
1457,scored_log,1778299496.656000,1778299496.657000,23268,23317,50,0.0003094022977165878,0,benign,0.5,1,66,0.060913077100700486,0.060913077100700486,0.7266466549431193,1,0.21821057809133743,iforest_only,0,0.310117
1468,scored_log,1778299496.657000,1778299496.658000,23378,23427,50,0.00030940197757445276,0,benign,0.5,1,66,0.060913077100700486,0.060913077100700486,0.7266466549431193,1,0.21821057786723794,iforest_only,0,0.310117
1456,scored_log,1778299496.656000,1778299496.657000,23258,23307,50,0.0003094013954978436,0,benign,0.5,1,66,0.060913077100700486,0.060913077100700486,0.7266466549431193,1,0.2182105774597843,iforest_only,0,0.310117
1467,scored_log,1778299496.657000,1778299496.658000,23368,23417,50,0.0003094013954978436,0,benign,0.5,1,66,0.060913077100700486,0.060913077100700486,0.7266466549431193,1,0.2182105774597843,iforest_only,0,0.310117
1466,scored_log,1778299496.657000,1778299496.658000,23358,23407,50,0.00030888267792761326,0,benign,0.5,1,66,0.060913077100700486,0.060913077100700486,0.7266466549431193,1,0.21821021435748517,iforest_only,0,0.310117
1455,scored_log,1778299496.656000,1778299496.657000,23248,23297,50,0.0003088823868893087,0,benign,0.5,1,66,0.060913077100700486,0.060913077100700486,0.7266466549431193,1,0.21821021415375835,iforest_only,0,0.310117
1451,scored_log,1778299496.654000,1778299496.656000,23208,23257,50,0.00030320746009238064,0,benign,0.5,1,66,0.060913077100700486,0.060913077100700486,0.7266466549431193,1,0.2182062417050005,iforest_only,0,0.310117
1479,scored_log,1778299496.658000,1778299497.677000,23488,23537,50,0.00030141559545882046,0,benign,0.5,1,66,0.060913077100700486,0.060913077100700486,0.7266466549431193,1,0.218204987399757,iforest_only,0,0.310117
1450,scored_log,1778299496.652000,1778299496.656000,23198,23247,50,0.0002942159480880946,0,benign,0.5,1,66,0.060913077100700486,0.060913077100700486,0.7266466549431193,1,0.2181999476465975,iforest_only,0,0.310117
1890,scored_log,1778299620.341000,1778299624.539000,27598,27647,50,0.008643511682748795,0,benign,0.5,2,78|79,0.05545555850128869,-0.018448210589319586,0.7071609537302486,1,0.21819874429699876,iforest_only,0,0.310117
1449,scored_log,1778299496.652000,1778299496.656000,23188,23237,50,0.0002891481854021549,0,benign,0.5,1,66,0.060913077100700486,0.060913077100700486,0.7266466549431193,1,0.21819640021271733,iforest_only,0,0.310117
1501,scored_log,1778299501.754000,1778299509.775000,23708,23757,50,0.0002613250690046698,0,benign,0.5,2,66|67,0.060913077100700486,-0.028597199869089707,0.7266466549431193,1,0.2181769240312391,iforest_only,0,0.310117
1486,scored_log,1778299498.690000,1778299499.714000,23558,23607,50,0.0002160196308977902,0,benign,0.5,1,66,0.060913077100700486,0.060913077100700486,0.7266466549431193,1,0.2181452102245643,iforest_only,0,0.310117
1913,scored_log,1778299629.588000,1778299629.625000,27828,27877,50,0.007718146312981844,0,benign,0.5,1,79,0.05545555850128869,0.05545555850128869,0.7071609537302486,1,0.2175509885381619,iforest_only,0,0.310117
1911,scored_log,1778299626.585000,1778299629.594000,27808,27857,50,0.006966958753764629,0,benign,0.5,1,79,0.05545555850128869,0.05545555850128869,0.7071609537302486,1,0.21702515724670984,iforest_only,0,0.310117
1912,scored_log,1778299629.588000,1778299629.624000,27818,27867,50,0.00666787289083004,0,benign,0.5,1,79,0.05545555850128869,0.05545555850128869,0.7071609537302486,1,0.21681579714265564,iforest_only,0,0.310117
1907,scored_log,1778299626.574000,1778299629.588000,27768,27817,50,0.004910310264676809,0,benign,0.5,1,79,0.05545555850128869,0.05545555850128869,0.7071609537302486,1,0.21558550330434836,iforest_only,0,0.310117
1910,scored_log,1778299626.582000,1778299629.594000,27798,27847,50,0.0033108768984675407,0,benign,0.5,1,79,0.05545555850128869,0.05545555850128869,0.7071609537302486,1,0.2144658999480019,iforest_only,0,0.310117
1897,scored_log,1778299624.542000,1778299626.565000,27668,27717,50,0.00307418592274189,0,benign,0.5,1,79,0.05545555850128869,0.05545555850128869,0.7071609537302486,1,0.21430021626499393,iforest_only,0,0.310117
1899,scored_log,1778299626.557000,1778299626.568000,27688,27737,50,0.001259532175026834,0,benign,0.5,1,79,0.05545555850128869,0.05545555850128869,0.7071609537302486,1,0.21302995864159338,iforest_only,0,0.310117
1904,scored_log,1778299626.568000,1778299626.581000,27738,27787,50,0.0011185196926817298,0,benign,0.5,1,79,0.05545555850128869,0.05545555850128869,0.7071609537302486,1,0.21293124990395182,iforest_only,0,0.310117
1898,scored_log,1778299624.552000,1778299626.567000,27678,27727,50,0.001057466259226203,0,benign,0.5,1,79,0.05545555850128869,0.05545555850128869,0.7071609537302486,1,0.21288851250053295,iforest_only,0,0.310117
1902,scored_log,1778299626.565000,1778299626.574000,27718,27767,50,0.000995379756204784,0,benign,0.5,1,79,0.05545555850128869,0.05545555850128869,0.7071609537302486,1,0.21284505194841796,iforest_only,0,0.310117
1903,scored_log,1778299626.567000,1778299626.578000,27728,27777,50,0.0009079587762244046,0,benign,0.5,1,79,0.05545555850128869,0.05545555850128869,0.7071609537302486,1,0.21278385726243168,iforest_only,0,0.310117
1905,scored_log,1778299626.568000,1778299626.582000,27748,27797,50,0.0008917000377550721,0,benign,0.5,1,79,0.05545555850128869,0.05545555850128869,0.7071609537302486,1,0.21277247614550315,iforest_only,0,0.310117
1901,scored_log,1778299626.561000,1778299626.570000,27708,27757,50,0.0008571183425374329,0,benign,0.5,1,79,0.05545555850128869,0.05545555850128869,0.7071609537302486,1,0.2127482689588508,iforest_only,0,0.310117
1900,scored_log,1778299626.557000,1778299626.568000,27698,27747,50,0.0007487554685212672,0,benign,0.5,1,79,0.05545555850128869,0.05545555850128869,0.7071609537302486,1,0.21267241494703948,iforest_only,0,0.310117
1906,scored_log,1778299626.570000,1778299626.584000,27758,27807,50,0.0007134753395803273,0,benign,0.5,1,79,0.05545555850128869,0.05545555850128869,0.7071609537302486,1,0.21264771885678083,iforest_only,0,0.310117
1942,scored_log,1778299633.755000,1778299633.781000,28118,28167,50,0.0006594298174604774,0,benign,0.5,2,79|80,0.05545555850128869,-0.009177375917615582,0.7071609537302486,1,0.21260988699129693,iforest_only,0,0.310117
1941,scored_log,1778299633.747000,1778299633.780000,28108,28157,50,0.0005225447239354253,0,benign,0.5,2,79|80,0.05545555850128869,-0.009177375917615582,0.7071609537302486,1,0.2125140674258294,iforest_only,0,0.310117
1893,scored_log,1778299621.433000,1778299624.551000,27628,27677,50,0.00043704829295165837,0,benign,0.5,2,78|79,0.05545555850128869,-0.018448210589319586,0.7071609537302486,1,0.21245421992414076,iforest_only,0,0.310117
1928,scored_log,1778299632.665000,1778299633.680000,27978,28027,50,0.00035716043203137815,0,benign,0.5,1,79,0.05545555850128869,0.05545555850128869,0.7071609537302486,1,0.21239829842149657,iforest_only,0,0.310117
1929,scored_log,1778299632.666000,1778299633.688000,27988,28037,50,0.00027028401382267475,0,benign,0.5,1,79,0.05545555850128869,0.05545555850128869,0.7071609537302486,1,0.2123374849287505,iforest_only,0,0.310117
1930,scored_log,1778299633.673000,1778299633.697000,27998,28047,50,0.0002368413406657055,0,benign,0.5,1,79,0.05545555850128869,0.05545555850128869,0.7071609537302486,1,0.2123140750575406,iforest_only,0,0.310117
1931,scored_log,1778299633.673000,1778299633.705000,28008,28057,50,0.00022017391165718436,0,benign,0.5,1,79,0.05545555850128869,0.05545555850128869,0.7071609537302486,1,0.21230240785723464,iforest_only,0,0.310117
1932,scored_log,1778299633.675000,1778299633.713000,28018,28067,50,0.00021085873595438898,0,benign,0.5,1,79,0.05545555850128869,0.05545555850128869,0.7071609537302486,1,0.21229588723424267,iforest_only,0,0.310117
1935,scored_log,1778299633.698000,1778299633.737000,28048,28097,50,0.0002096610696753487,0,benign,0.5,1,79,0.05545555850128869,0.05545555850128869,0.7071609537302486,1,0.21229504886784734,iforest_only,0,0.310117
1938,scored_log,1778299633.722000,1778299633.762000,28078,28127,50,0.00020929814490955323,0,benign,0.5,2,79|80,0.05545555850128869,-0.009177375917615582,0.7071609537302486,1,0.21229479482051128,iforest_only,0,0.310117
1939,scored_log,1778299633.730000,1778299633.770000,28088,28137,50,0.00020928178855683655,0,benign,0.5,2,79|80,0.05545555850128869,-0.009177375917615582,0.7071609537302486,1,0.2122947833710644,iforest_only,0,0.310117
1933,scored_log,1778299633.681000,1778299633.721000,28028,28077,50,0.00020928059529978782,0,benign,0.5,1,79,0.05545555850128869,0.05545555850128869,0.7071609537302486,1,0.21229478253578446,iforest_only,0,0.310117
1940,scored_log,1778299633.739000,1778299633.778000,28098,28147,50,0.0002092578652082011,0,benign,0.5,2,79|80,0.05545555850128869,-0.009177375917615582,0.7071609537302486,1,0.21229476662472035,iforest_only,0,0.310117
1934,scored_log,1778299633.690000,1778299633.729000,28038,28087,50,0.0002092538634315133,0,benign,0.5,1,79,0.05545555850128869,0.05545555850128869,0.7071609537302486,1,0.21229476382347667,iforest_only,0,0.310117
1937,scored_log,1778299633.714000,1778299633.754000,28068,28117,50,0.0002092408831231296,0,benign,0.5,1,79,0.05545555850128869,0.05545555850128869,0.7071609537302486,1,0.21229475473726078,iforest_only,0,0.310117
1936,scored_log,1778299633.706000,1778299633.746000,28058,28107,50,0.00020921575196553022,0,benign,0.5,1,79,0.05545555850128869,0.05545555850128869,0.7071609537302486,1,0.21229473714545047,iforest_only,0,0.310117
671,scored_log,1778299234.910000,1778299237.924000,15408,15457,50,0.04582029581069946,0,benign,0.5,1,40,0.02004073860733868,0.02004073860733868,0.580714733457996,1,0.20628862710488843,iforest_only,0,0.310117
1802,scored_log,1778299591.861000,1778299592.875000,26718,26767,50,0.009741098619997501,0,benign,0.5,1,75,0.03390644284154731,0.03390644284154731,0.6302212930587173,1,0.1958851569516135,iforest_only,0,0.310117
1815,scored_log,1778299592.893000,1778299593.904000,26848,26897,50,0.009549715556204319,0,benign,0.5,2,75|76,0.03390644284154731,-0.04555558552513489,0.6302212930587173,1,0.19575118880695827,iforest_only,0,0.310117
1741,scored_log,1778299583.752000,1778299585.786000,26108,26157,50,0.009278015233576298,0,benign,0.5,2,74|75,0.03390644284154731,-0.030499431961593215,0.6302212930587173,1,0.19556099858111864,iforest_only,0,0.310117
1742,scored_log,1778299583.754000,1778299585.788000,26118,26167,50,0.008889922872185707,0,benign,0.5,2,74|75,0.03390644284154731,-0.030499431961593215,0.6302212930587173,1,0.19528933392814524,iforest_only,0,0.310117
1759,scored_log,1778299586.816000,1778299589.836000,26288,26337,50,0.008785043843090534,0,benign,0.5,1,75,0.03390644284154731,0.03390644284154731,0.6302212930587173,1,0.19521591860777862,iforest_only,0,0.310117
1760,scored_log,1778299586.818000,1778299589.837000,26298,26347,50,0.008732220157980919,0,benign,0.5,1,75,0.03390644284154731,0.03390644284154731,0.6302212930587173,1,0.19517894202820188,iforest_only,0,0.310117
1801,scored_log,1778299591.861000,1778299592.874000,26708,26757,50,0.008555997163057327,0,benign,0.5,1,75,0.03390644284154731,0.03390644284154731,0.6302212930587173,1,0.19505558593175537,iforest_only,0,0.310117
1764,scored_log,1778299589.836000,1778299591.855000,26338,26387,50,0.008535400032997131,0,benign,0.5,1,75,0.03390644284154731,0.03390644284154731,0.6302212930587173,1,0.19504116794071322,iforest_only,0,0.310117
1765,scored_log,1778299589.837000,1778299591.857000,26348,26397,50,0.008494158275425434,0,benign,0.5,1,75,0.03390644284154731,0.03390644284154731,0.6302212930587173,1,0.19501229871041303,iforest_only,0,0.310117
1814,scored_log,1778299592.891000,1778299593.901000,26838,26887,50,0.00829994585365057,0,benign,0.5,2,75|76,0.03390644284154731,-0.04555558552513489,0.6302212930587173,1,0.19487635001517065,iforest_only,0,0.310117
1754,scored_log,1778299585.805000,1778299586.816000,26238,26287,50,0.008250576443970203,0,benign,0.5,1,75,0.03390644284154731,0.03390644284154731,0.6302212930587173,1,0.1948417914283944,iforest_only,0,0.310117
1755,scored_log,1778299585.808000,1778299586.818000,26248,26297,50,0.00821873638778925,0,benign,0.5,1,75,0.03390644284154731,0.03390644284154731,0.6302212930587173,1,0.1948195033890677,iforest_only,0,0.310117
1740,scored_log,1778299583.752000,1778299585.786000,26098,26147,50,0.007747335825115442,0,benign,0.5,2,74|75,0.03390644284154731,-0.030499431961593215,0.6302212930587173,1,0.19448952299519603,iforest_only,0,0.310117
2268,scored_log,1778299717.606000,1778299719.642000,31378,31427,50,0.01449569035321474,0,benign,0.5,1,88,0.02871331610540484,0.02871331610540484,0.6116795851198843,1,0.19365085878321564,iforest_only,0,0.310117
2267,scored_log,1778299717.606000,1778299719.639000,31368,31417,50,0.013303028419613838,0,benign,0.5,1,88,0.02871331610540484,0.02871331610540484,0.6116795851198843,1,0.192815995429695,iforest_only,0,0.310117
127,scored_log,1778298992.295000,1778298996.548000,9968,10017,50,0.011568346060812473,0,benign,0.5,2,15|16,0.029839607471319307,-0.036623500349958066,0.615700932300856,1,0.19280812193282557,iforest_only,0,0.310117
2276,scored_log,1778299719.660000,1778299720.681000,31458,31507,50,0.013071400113403797,0,benign,0.5,1,88,0.02871331610540484,0.02871331610540484,0.6116795851198843,1,0.19265385561534798,iforest_only,0,0.310117
1758,scored_log,1778299586.816000,1778299589.836000,26278,26327,50,0.004998350981622934,0,benign,0.5,1,75,0.03390644284154731,0.03390644284154731,0.6302212930587173,1,0.19256523360475128,iforest_only,0,0.310117
1763,scored_log,1778299589.836000,1778299591.855000,26328,26377,50,0.004748758859932423,0,benign,0.5,1,75,0.03390644284154731,0.03390644284154731,0.6302212930587173,1,0.19239051911956792,iforest_only,0,0.310117
126,scored_log,1778298992.295000,1778298996.545000,9958,10007,50,0.010941542685031891,0,benign,0.5,2,15|16,0.029839607471319307,-0.036623500349958066,0.615700932300856,1,0.19236935956977916,iforest_only,0,0.310117
1753,scored_log,1778299585.801000,1778299586.816000,26228,26277,50,0.004616738762706518,0,benign,0.5,1,75,0.03390644284154731,0.03390644284154731,0.6302212930587173,1,0.1922981050515098,iforest_only,0,0.310117
1813,scored_log,1778299592.888000,1778299593.901000,26828,26877,50,0.004447123501449823,0,benign,0.5,2,75|76,0.03390644284154731,-0.04555558552513489,0.6302212930587173,1,0.1921793743686301,iforest_only,0,0.310117
125,scored_log,1778298992.294000,1778298996.545000,9948,9997,50,0.010519810952246189,0,benign,0.5,2,15|16,0.029839607471319307,-0.036623500349958066,0.615700932300856,1,0.19207414735682915,iforest_only,0,0.310117
1800,scored_log,1778299591.861000,1778299592.874000,26698,26747,50,0.0039288499392569065,0,benign,0.5,1,75,0.03390644284154731,0.03390644284154731,0.6302212930587173,1,0.19181658287509507,iforest_only,0,0.310117
149,scored_log,1778298999.709000,1778299001.730000,10188,10237,50,0.010120341554284096,0,benign,0.5,1,16,0.029839607471319307,0.029839607471319307,0.615700932300856,1,0.1917945187782557,iforest_only,0,0.310117
2222,scored_log,1778299714.574000,1778299716.589000,30918,30967,50,0.011799274012446404,0,benign,0.5,1,88,0.02871331610540484,0.02871331610540484,0.6116795851198843,1,0.1917633673446778,iforest_only,0,0.310117
2266,scored_log,1778299716.604000,1778299719.638000,31358,31407,50,0.011700550094246864,0,benign,0.5,1,88,0.02871331610540484,0.02871331610540484,0.6116795851198843,1,0.19169426060193812,iforest_only,0,0.310117
1246,scored_log,1778299421.090000,1778299423.106000,21158,21207,50,0.04416429623961449,0,benign,0.5,1,58,0.007384168045744821,0.007384168045744821,0.5355253038939054,1,0.19157259853590178,iforest_only,0,0.310117
2275,scored_log,1778299719.654000,1778299720.679000,31448,31497,50,0.011442968621850014,0,benign,0.5,1,88,0.02871331610540484,0.02871331610540484,0.6116795851198843,1,0.19151395357126033,iforest_only,0,0.310117
156,scored_log,1778299001.780000,1778299004.978000,10258,10307,50,0.009526138193905354,0,benign,0.5,2,16|17,0.029839607471319307,-0.04053612355135533,0.615700932300856,1,0.19137857642599057,iforest_only,0,0.310117
2218,scored_log,1778299708.520000,1778299714.574000,30878,30927,50,0.011117079295217991,0,benign,0.5,2,87|88,0.02871331610540484,-0.052900610905134315,0.6116795851198843,1,0.1912858310426179,iforest_only,0,0.310117
148,scored_log,1778298999.709000,1778299001.730000,10178,10227,50,0.009272945113480091,0,benign,0.5,1,16,0.029839607471319307,0.029839607471319307,0.615700932300856,1,0.1912013412696929,iforest_only,0,0.310117
2221,scored_log,1778299714.574000,1778299716.589000,30908,30957,50,0.010971968062222004,0,benign,0.5,1,88,0.02871331610540484,0.02871331610540484,0.6116795851198843,1,0.1911842531795207,iforest_only,0,0.310117
157,scored_log,1778299003.705000,1778299004.980000,10268,10317,50,0.009228158742189407,0,benign,0.5,2,16|17,0.029839607471319307,-0.04053612355135533,0.615700932300856,1,0.19116999080978941,iforest_only,0,0.310117
145,scored_log,1778298996.703000,1778298999.712000,10148,10197,50,0.008995743468403816,0,benign,0.5,1,16,0.029839607471319307,0.029839607471319307,0.615700932300856,1,0.1910073001181395,iforest_only,0,0.310117
2217,scored_log,1778299708.519000,1778299714.574000,30868,30917,50,0.010706179775297642,0,benign,0.5,2,87|88,0.02871331610540484,-0.052900610905134315,0.6116795851198843,1,0.19099820137867365,iforest_only,0,0.310117
144,scored_log,1778298996.695000,1778298999.709000,10138,10187,50,0.008352996781468391,0,benign,0.5,1,16,0.029839607471319307,0.029839607471319307,0.615700932300856,1,0.1905573774372847,iforest_only,0,0.310117
1816,scored_log,1778299592.895000,1778299593.910000,26858,26907,50,0.0017576253740116954,0,benign,0.5,2,75|76,0.03390644284154731,-0.04555558552513489,0.6302212930587173,1,0.19029672567942343,iforest_only,0,0.310117
2274,scored_log,1778299719.648000,1778299720.679000,31438,31487,50,0.009657898917794228,0,benign,0.5,1,88,0.02871331610540484,0.02871331610540484,0.6116795851198843,1,0.19026440477842127,iforest_only,0,0.310117
1803,scored_log,1778299591.862000,1778299592.879000,26728,26777,50,0.001599363051354885,0,benign,0.5,1,75,0.03390644284154731,0.03390644284154731,0.6302212930587173,1,0.19018594205356365,iforest_only,0,0.310117
1756,scored_log,1778299585.810000,1778299586.822000,26258,26307,50,0.0015477881534025073,0,benign,0.5,1,75,0.03390644284154731,0.03390644284154731,0.6302212930587173,1,0.19014983962499699,iforest_only,0,0.310117
1817,scored_log,1778299592.897000,1778299593.916000,26868,26917,50,0.0015433508669957519,0,benign,0.5,2,75|76,0.03390644284154731,-0.04555558552513489,0.6302212930587173,1,0.19014673352451225,iforest_only,0,0.310117
1761,scored_log,1778299586.822000,1778299589.842000,26308,26357,50,0.0015258168568834662,0,benign,0.5,1,75,0.03390644284154731,0.03390644284154731,0.6302212930587173,1,0.19013445971743367,iforest_only,0,0.310117
1744,scored_log,1778299584.766000,1778299585.792000,26138,26187,50,0.0013179891975596547,0,benign,0.5,1,75,0.03390644284154731,0.03390644284154731,0.6302212930587173,1,0.189988980355907,iforest_only,0,0.310117
2281,scored_log,1778299720.681000,1778299721.703000,31508,31557,50,0.009259011596441269,0,benign,0.5,1,88,0.02871331610540484,0.02871331610540484,0.6116795851198843,1,0.1899851836534742,iforest_only,0,0.310117
1811,scored_log,1778299592.882000,1778299592.895000,26808,26857,50,0.0012990481918677688,0,benign,0.5,1,75,0.03390644284154731,0.03390644284154731,0.6302212930587173,1,0.18997572165192267,iforest_only,0,0.310117
1804,scored_log,1778299591.869000,1778299592.880000,26738,26787,50,0.001294763875193894,0,benign,0.5,1,75,0.03390644284154731,0.03390644284154731,0.6302212930587173,1,0.18997272263025097,iforest_only,0,0.310117
1750,scored_log,1778299585.794000,1778299585.808000,26198,26247,50,0.0011814619647338986,0,benign,0.5,1,75,0.03390644284154731,0.03390644284154731,0.6302212930587173,1,0.18989341129292897,iforest_only,0,0.310117
1749,scored_log,1778299585.793000,1778299585.805000,26188,26237,50,0.0011638187570497394,0,benign,0.5,1,75,0.03390644284154731,0.03390644284154731,0.6302212930587173,1,0.18988106104755006,iforest_only,0,0.310117
1805,scored_log,1778299592.874000,1778299592.881000,26748,26797,50,0.0011597145348787308,0,benign,0.5,1,75,0.03390644284154731,0.03390644284154731,0.6302212930587173,1,0.18987818809203036,iforest_only,0,0.310117
1746,scored_log,1778299585.786000,1778299585.794000,26158,26207,50,0.0011196613777428865,0,benign,0.5,1,75,0.03390644284154731,0.03390644284154731,0.6302212930587173,1,0.18985015088203525,iforest_only,0,0.310117
1751,scored_log,1778299585.794000,1778299585.810000,26208,26257,50,0.0010943067027255893,0,benign,0.5,1,75,0.03390644284154731,0.03390644284154731,0.6302212930587173,1,0.18983240260952314,iforest_only,0,0.310117
1808,scored_log,1778299592.879000,1778299592.888000,26778,26827,50,0.0010849408572539687,0,benign,0.5,1,75,0.03390644284154731,0.03390644284154731,0.6302212930587173,1,0.18982584651769302,iforest_only,0,0.310117
1809,scored_log,1778299592.880000,1778299592.891000,26788,26837,50,0.0010448666289448738,0,benign,0.5,1,75,0.03390644284154731,0.03390644284154731,0.6302212930587173,1,0.18979779455787665,iforest_only,0,0.310117
152,scored_log,1778299001.729000,1778299003.705000,10218,10267,50,0.007252299692481756,0,benign,0.5,1,16,0.029839607471319307,0.029839607471319307,0.615700932300856,1,0.18978688947499406,iforest_only,0,0.310117
1743,scored_log,1778299583.758000,1778299585.791000,26128,26177,50,0.0009634720627218485,0,benign,0.5,1,75,0.03390644284154731,0.03390644284154731,0.6302212930587173,1,0.18974081836152054,iforest_only,0,0.310117
1748,scored_log,1778299585.792000,1778299585.800000,26178,26227,50,0.0009537952719256282,0,benign,0.5,1,75,0.03390644284154731,0.03390644284154731,0.6302212930587173,1,0.18973404460796317,iforest_only,0,0.310117
1806,scored_log,1778299592.874000,1778299592.882000,26758,26807,50,0.0009249697322957218,0,benign,0.5,1,75,0.03390644284154731,0.03390644284154731,0.6302212930587173,1,0.18971386673022225,iforest_only,0,0.310117
1810,scored_log,1778299592.881000,1778299592.893000,26798,26847,50,0.0008026038995012641,0,benign,0.5,1,75,0.03390644284154731,0.03390644284154731,0.6302212930587173,1,0.18962821064726612,iforest_only,0,0.310117
1752,scored_log,1778299585.798000,1778299585.810000,26218,26267,50,0.0007815195131115615,0,benign,0.5,1,75,0.03390644284154731,0.03390644284154731,0.6302212930587173,1,0.18961345157679332,iforest_only,0,0.310117
1747,scored_log,1778299585.788000,1778299585.798000,26168,26217,50,0.0007467935793101788,0,benign,0.5,1,75,0.03390644284154731,0.03390644284154731,0.6302212930587173,1,0.18958914342313235,iforest_only,0,0.310117
1745,scored_log,1778299585.786000,1778299585.794000,26148,26197,50,0.0007330015650950372,0,benign,0.5,1,75,0.03390644284154731,0.03390644284154731,0.6302212930587173,1,0.18957948901318175,iforest_only,0,0.310117
1812,scored_log,1778299592.883000,1778299592.897000,26818,26867,50,0.0007127997814677656,0,benign,0.5,1,75,0.03390644284154731,0.03390644284154731,0.6302212930587173,1,0.18956534776464268,iforest_only,0,0.310117
2336,scored_log,1778299721.837000,1778299724.846000,32058,32107,50,0.008622637018561363,0,benign,0.5,2,88|89,0.02871331610540484,-0.05251050780726674,0.6116795851198843,1,0.18953972144895825,iforest_only,0,0.310117
1807,scored_log,1778299592.875000,1778299592.883000,26768,26817,50,0.0006563721690326929,0,benign,0.5,1,75,0.03390644284154731,0.03390644284154731,0.6302212930587173,1,0.18952584843593812,iforest_only,0,0.310117
1766,scored_log,1778299589.842000,1778299591.859000,26358,26407,50,0.0005699228495359421,0,benign,0.5,1,75,0.03390644284154731,0.03390644284154731,0.6302212930587173,1,0.1894653339122904,iforest_only,0,0.310117
2280,scored_log,1778299720.679000,1778299721.700000,31498,31547,50,0.00850140955299139,0,benign,0.5,1,88,0.02871331610540484,0.02871331610540484,0.6116795851198843,1,0.1894548622230593,iforest_only,0,0.310117
1799,scored_log,1778299591.861000,1778299591.869000,26688,26737,50,0.0005206492496654391,0,benign,0.5,1,75,0.03390644284154731,0.03390644284154731,0.6302212930587173,1,0.18943084239238103,iforest_only,0,0.310117
2335,scored_log,1778299721.837000,1778299724.845000,32048,32097,50,0.008462551049888134,0,benign,0.5,2,88|89,0.02871331610540484,-0.05251050780726674,0.6116795851198843,1,0.189427661270887,iforest_only,0,0.310117
1739,scored_log,1778299582.748000,1778299584.765000,26088,26137,50,0.0005089723272249103,0,benign,0.5,2,74|75,0.03390644284154731,-0.030499431961593215,0.6302212930587173,1,0.18942266854667267,iforest_only,0,0.310117
1738,scored_log,1778299582.747000,1778299583.758000,26078,26127,50,0.00045016538933850825,0,benign,0.5,2,74|75,0.03390644284154731,-0.030499431961593215,0.6302212930587173,1,0.1893815036901522,iforest_only,0,0.310117
1767,scored_log,1778299589.849000,1778299591.859000,26368,26417,50,0.00041286935447715223,0,benign,0.5,1,75,0.03390644284154731,0.03390644284154731,0.6302212930587173,1,0.18935539646574925,iforest_only,0,0.310117
1757,scored_log,1778299585.810000,1778299586.829000,26268,26317,50,0.00037111324490979314,0,benign,0.5,1,75,0.03390644284154731,0.03390644284154731,0.6302212930587173,1,0.1893261671890521,iforest_only,0,0.310117
1762,scored_log,1778299586.830000,1778299589.848000,26318,26367,50,0.0003294236375950277,0,benign,0.5,1,75,0.03390644284154731,0.03390644284154731,0.6302212930587173,1,0.18929698446393176,iforest_only,0,0.310117
1789,scored_log,1778299591.860000,1778299591.861000,26588,26637,50,0.00030941556906327605,0,benign,0.5,1,75,0.03390644284154731,0.03390644284154731,0.6302212930587173,1,0.18928297881595954,iforest_only,0,0.310117
1775,scored_log,1778299591.859000,1778299591.860000,26448,26497,50,0.0003094043640885502,0,benign,0.5,1,75,0.03390644284154731,0.03390644284154731,0.6302212930587173,1,0.18928297097247723,iforest_only,0,0.310117
1774,scored_log,1778299591.859000,1778299591.860000,26438,26487,50,0.00030940346186980605,0,benign,0.5,1,75,0.03390644284154731,0.03390644284154731,0.6302212930587173,1,0.1892829703409241,iforest_only,0,0.310117
1793,scored_log,1778299591.860000,1778299591.861000,26628,26677,50,0.00030940346186980605,0,benign,0.5,1,75,0.03390644284154731,0.03390644284154731,0.6302212930587173,1,0.1892829703409241,iforest_only,0,0.310117
1792,scored_log,1778299591.860000,1778299591.861000,26618,26667,50,0.0003094031708315015,0,benign,0.5,1,75,0.03390644284154731,0.03390644284154731,0.6302212930587173,1,0.18928297013719728,iforest_only,0,0.310117
1773,scored_log,1778299591.859000,1778299591.860000,26428,26477,50,0.0003094028797931969,0,benign,0.5,1,75,0.03390644284154731,0.03390644284154731,0.6302212930587173,1,0.18928296993347046,iforest_only,0,0.310117
1776,scored_log,1778299591.860000,1778299591.860000,26458,26507,50,0.0003094028797931969,0,benign,0.5,1,75,0.03390644284154731,0.03390644284154731,0.6302212930587173,1,0.18928296993347046,iforest_only,0,0.310117
1777,scored_log,1778299591.860000,1778299591.860000,26468,26517,50,0.0003094028797931969,0,benign,0.5,1,75,0.03390644284154731,0.03390644284154731,0.6302212930587173,1,0.18928296993347046,iforest_only,0,0.310117
1778,scored_log,1778299591.860000,1778299591.860000,26478,26527,50,0.0003094028797931969,0,benign,0.5,1,75,0.03390644284154731,0.03390644284154731,0.6302212930587173,1,0.18928296993347046,iforest_only,0,0.310117
1779,scored_log,1778299591.860000,1778299591.860000,26488,26537,50,0.0003094028797931969,0,benign,0.5,1,75,0.03390644284154731,0.03390644284154731,0.6302212930587173,1,0.18928296993347046,iforest_only,0,0.310117
1780,scored_log,1778299591.860000,1778299591.860000,26498,26547,50,0.0003094028797931969,0,benign,0.5,1,75,0.03390644284154731,0.03390644284154731,0.6302212930587173,1,0.18928296993347046,iforest_only,0,0.310117
1781,scored_log,1778299591.860000,1778299591.860000,26508,26557,50,0.0003094028797931969,0,benign,0.5,1,75,0.03390644284154731,0.03390644284154731,0.6302212930587173,1,0.18928296993347046,iforest_only,0,0.310117
1782,scored_log,1778299591.860000,1778299591.860000,26518,26567,50,0.0003094028797931969,0,benign,0.5,1,75,0.03390644284154731,0.03390644284154731,0.6302212930587173,1,0.18928296993347046,iforest_only,0,0.310117
1783,scored_log,1778299591.860000,1778299591.860000,26528,26577,50,0.0003094028797931969,0,benign,0.5,1,75,0.03390644284154731,0.03390644284154731,0.6302212930587173,1,0.18928296993347046,iforest_only,0,0.310117
1784,scored_log,1778299591.860000,1778299591.860000,26538,26587,50,0.0003094028797931969,0,benign,0.5,1,75,0.03390644284154731,0.03390644284154731,0.6302212930587173,1,0.18928296993347046,iforest_only,0,0.310117
1785,scored_log,1778299591.860000,1778299591.860000,26548,26597,50,0.0003094028797931969,0,benign,0.5,1,75,0.03390644284154731,0.03390644284154731,0.6302212930587173,1,0.18928296993347046,iforest_only,0,0.310117
1786,scored_log,1778299591.860000,1778299591.860000,26558,26607,50,0.0003094028797931969,0,benign,0.5,1,75,0.03390644284154731,0.03390644284154731,0.6302212930587173,1,0.18928296993347046,iforest_only,0,0.310117
1787,scored_log,1778299591.860000,1778299591.860000,26568,26617,50,0.0003094028797931969,0,benign,0.5,1,75,0.03390644284154731,0.03390644284154731,0.6302212930587173,1,0.18928296993347046,iforest_only,0,0.310117
1788,scored_log,1778299591.860000,1778299591.860000,26578,26627,50,0.0003094028797931969,0,benign,0.5,1,75,0.03390644284154731,0.03390644284154731,0.6302212930587173,1,0.18928296993347046,iforest_only,0,0.310117
1794,scored_log,1778299591.861000,1778299591.861000,26638,26687,50,0.0003094028797931969,0,benign,0.5,1,75,0.03390644284154731,0.03390644284154731,0.6302212930587173,1,0.18928296993347046,iforest_only,0,0.310117
1795,scored_log,1778299591.861000,1778299591.861000,26648,26697,50,0.0003094028797931969,0,benign,0.5,1,75,0.03390644284154731,0.03390644284154731,0.6302212930587173,1,0.18928296993347046,iforest_only,0,0.310117
1796,scored_log,1778299591.861000,1778299591.861000,26658,26707,50,0.0003094028797931969,0,benign,0.5,1,75,0.03390644284154731,0.03390644284154731,0.6302212930587173,1,0.18928296993347046,iforest_only,0,0.310117
1797,scored_log,1778299591.861000,1778299591.861000,26668,26717,50,0.0003094028797931969,0,benign,0.5,1,75,0.03390644284154731,0.03390644284154731,0.6302212930587173,1,0.18928296993347046,iforest_only,0,0.310117
1791,scored_log,1778299591.860000,1778299591.861000,26608,26657,50,0.00030940258875489235,0,benign,0.5,1,75,0.03390644284154731,0.03390644284154731,0.6302212930587173,1,0.18928296972974365,iforest_only,0,0.310117
1772,scored_log,1778299591.859000,1778299591.860000,26418,26467,50,0.00030940197757445276,0,benign,0.5,1,75,0.03390644284154731,0.03390644284154731,0.6302212930587173,1,0.18928296930191735,iforest_only,0,0.310117
1790,scored_log,1778299591.860000,1778299591.861000,26598,26647,50,0.0003094016865361482,0,benign,0.5,1,75,0.03390644284154731,0.03390644284154731,0.6302212930587173,1,0.18928296909819053,iforest_only,0,0.310117
1771,scored_log,1778299591.859000,1778299591.860000,26408,26457,50,0.0003094013954978436,0,benign,0.5,1,75,0.03390644284154731,0.03390644284154731,0.6302212930587173,1,0.18928296889446372,iforest_only,0,0.310117
1798,scored_log,1778299591.861000,1778299591.862000,26678,26727,50,0.00030888267792761326,0,benign,0.5,1,75,0.03390644284154731,0.03390644284154731,0.6302212930587173,1,0.18928260579216458,iforest_only,0,0.310117
1770,scored_log,1778299591.857000,1778299591.859000,26398,26447,50,0.0003042098833248019,0,benign,0.5,1,75,0.03390644284154731,0.03390644284154731,0.6302212930587173,1,0.1892793348359426,iforest_only,0,0.310117
1769,scored_log,1778299591.855000,1778299591.859000,26388,26437,50,0.00029510227614082396,0,benign,0.5,1,75,0.03390644284154731,0.03390644284154731,0.6302212930587173,1,0.1892729595109138,iforest_only,0,0.310117
1768,scored_log,1778299591.855000,1778299591.859000,26378,26427,50,0.0002889522584155202,0,benign,0.5,1,75,0.03390644284154731,0.03390644284154731,0.6302212930587173,1,0.1892686544985061,iforest_only,0,0.310117
155,scored_log,1778299001.752000,1778299004.978000,10248,10297,50,0.005950101651251316,0,benign,0.5,2,16|17,0.029839607471319307,-0.04053612355135533,0.615700932300856,1,0.18887535084613274,iforest_only,0,0.310117
2279,scored_log,1778299720.679000,1778299721.700000,31488,31537,50,0.007404597941786051,0,benign,0.5,1,88,0.02871331610540484,0.02871331610540484,0.6116795851198843,1,0.18868709409521556,iforest_only,0,0.310117
143,scored_log,1778298996.682000,1778298999.709000,10128,10177,50,0.0056082275696098804,0,benign,0.5,1,16,0.029839607471319307,0.029839607471319307,0.615700932300856,1,0.18863603898898373,iforest_only,0,0.310117
2264,scored_log,1778299716.597000,1778299717.608000,31338,31387,50,0.006887315306812525,0,benign,0.5,1,88,0.02871331610540484,0.02871331610540484,0.6116795851198843,1,0.18832499625073407,iforest_only,0,0.310117
146,scored_log,1778298996.704000,1778298999.717000,10158,10206,50,0.0040812864899635315,0,benign,0.5,1,16,0.029839607471319307,0.029839607471319307,0.615700932300856,1,0.1875671802332313,iforest_only,0,0.310117
2277,scored_log,1778299719.666000,1778299720.686000,31468,31517,50,0.005532427690923214,0,benign,0.5,1,88,0.02871331610540484,0.02871331610540484,0.6116795851198843,1,0.18737657491961157,iforest_only,0,0.310117
2263,scored_log,1778299716.597000,1778299717.606000,31328,31377,50,0.005098951980471611,0,benign,0.5,1,88,0.02871331610540484,0.02871331610540484,0.6116795851198843,1,0.18707314192229543,iforest_only,0,0.310117
2219,scored_log,1778299708.524000,1778299714.577000,30888,30937,50,0.004425160586833954,0,benign,0.5,2,87|88,0.02871331610540484,-0.052900610905134315,0.6116795851198843,1,0.18660148794674908,iforest_only,0,0.310117
2338,scored_log,1778299721.840000,1778299724.967000,32078,32127,50,0.00422242283821106,0,benign,0.5,2,88|89,0.02871331610540484,-0.05251050780726674,0.6116795851198843,1,0.18645957152271306,iforest_only,0,0.310117
151,scored_log,1778298999.718000,1778299001.780000,10208,10257,50,0.0015525218332186341,0,benign,0.5,1,16,0.029839607471319307,0.029839607471319307,0.615700932300856,1,0.18579704497350988,iforest_only,0,0.310117
150,scored_log,1778298999.712000,1778299001.735000,10198,10247,50,0.0015488724457100034,0,benign,0.5,1,16,0.029839607471319307,0.029839607471319307,0.615700932300856,1,0.18579449040225382,iforest_only,0,0.310117
2262,scored_log,1778299716.597000,1778299717.606000,31318,31367,50,0.00321684661321342,0,benign,0.5,1,88,0.02871331610540484,0.02871331610540484,0.6116795851198843,1,0.18575566816521472,iforest_only,0,0.310117
124,scored_log,1778298989.289000,1778298994.529000,9938,9987,50,0.0014587658224627376,0,benign,0.5,2,15|16,0.029839607471319307,-0.036623500349958066,0.615700932300856,1,0.18573141576598073,iforest_only,0,0.310117
158,scored_log,1778299003.710000,1778299004.985000,10278,10327,50,0.001345267752185464,0,benign,0.5,2,16|17,0.029839607471319307,-0.04053612355135533,0.615700932300856,1,0.18565196711678666,iforest_only,0,0.310117
142,scored_log,1778298996.670000,1778298996.704000,10118,10167,50,0.0006744819693267345,0,benign,0.5,1,16,0.029839607471319307,0.029839607471319307,0.615700932300856,1,0.18518241706878555,iforest_only,0,0.310117
2337,scored_log,1778299721.838000,1778299724.849000,32068,32117,50,0.002378643024712801,0,benign,0.5,2,88|89,0.02871331610540484,-0.05251050780726674,0.6116795851198843,1,0.18516892565326426,iforest_only,0,0.310117
141,scored_log,1778298996.658000,1778298996.704000,10108,10157,50,0.0005825081607326865,0,benign,0.5,1,16,0.029839607471319307,0.029839607471319307,0.615700932300856,1,0.18511803540276972,iforest_only,0,0.310117
153,scored_log,1778299001.730000,1778299003.708000,10228,10277,50,0.0005470585892908275,0,benign,0.5,1,16,0.029839607471319307,0.029839607471319307,0.615700932300856,1,0.1850932207027604,iforest_only,0,0.310117
154,scored_log,1778299001.730000,1778299003.872000,10238,10287,50,0.00053596799261868,0,benign,0.5,2,16|17,0.029839607471319307,-0.04053612355135533,0.615700932300856,1,0.1850854572850899,iforest_only,0,0.310117
140,scored_log,1778298996.646000,1778298996.703000,10098,10147,50,0.00031952207791619003,0,benign,0.5,1,16,0.029839607471319307,0.029839607471319307,0.615700932300856,1,0.18493394514479816,iforest_only,0,0.310117
128,scored_log,1778298992.314000,1778298996.559000,9978,10027,50,0.00030161484028212726,0,benign,0.5,2,15|16,0.029839607471319307,-0.036623500349958066,0.615700932300856,1,0.1849214100784543,iforest_only,0,0.310117
147,scored_log,1778298996.704000,1778298999.726000,10168,10217,50,0.00028672939515672624,0,benign,0.5,1,16,0.029839607471319307,0.029839607471319307,0.615700932300856,1,0.18491099026686653,iforest_only,0,0.310117
129,scored_log,1778298994.529000,1778298996.572000,9988,10037,50,0.00021713120804633945,0,benign,0.5,1,16,0.029839607471319307,0.029839607471319307,0.615700932300856,1,0.18486227153588927,iforest_only,0,0.310117
2269,scored_log,1778299717.608000,1778299719.648000,31388,31437,50,0.001917172339744866,0,benign,0.5,1,88,0.02871331610540484,0.02871331610540484,0.6116795851198843,1,0.18484589617378672,iforest_only,0,0.310117
130,scored_log,1778298996.545000,1778298996.584000,9998,10047,50,0.00018295214977115393,0,benign,0.5,1,16,0.029839607471319307,0.029839607471319307,0.615700932300856,1,0.18483834619509665,iforest_only,0,0.310117
131,scored_log,1778298996.545000,1778298996.597000,10008,10057,50,0.00017062789993360639,0,benign,0.5,1,16,0.029839607471319307,0.029839607471319307,0.615700932300856,1,0.18482971922021035,iforest_only,0,0.310117
132,scored_log,1778298996.548000,1778298996.608000,10018,10067,50,0.00016470807895530015,0,benign,0.5,1,16,0.029839607471319307,0.029839607471319307,0.615700932300856,1,0.18482557534552554,iforest_only,0,0.310117
139,scored_log,1778298996.634000,1778298996.693000,10088,10137,50,0.0001639134279685095,0,benign,0.5,1,16,0.029839607471319307,0.029839607471319307,0.615700932300856,1,0.18482501908983479,iforest_only,0,0.310117
138,scored_log,1778298996.622000,1778298996.681000,10078,10127,50,0.00016355606203433126,0,benign,0.5,1,16,0.029839607471319307,0.029839607471319307,0.615700932300856,1,0.18482476893368086,iforest_only,0,0.310117
134,scored_log,1778298996.573000,1778298996.633000,10038,10087,50,0.00016354172839783132,0,benign,0.5,1,16,0.029839607471319307,0.029839607471319307,0.615700932300856,1,0.1848247589001353,iforest_only,0,0.310117
137,scored_log,1778298996.610000,1778298996.669000,10068,10117,50,0.0001634622021811083,0,benign,0.5,1,16,0.029839607471319307,0.029839607471319307,0.615700932300856,1,0.1848247032317836,iforest_only,0,0.310117
133,scored_log,1778298996.560000,1778298996.621000,10028,10077,50,0.00016344957111869007,0,benign,0.5,1,16,0.029839607471319307,0.029839607471319307,0.615700932300856,1,0.1848246943900399,iforest_only,0,0.310117
136,scored_log,1778298996.598000,1778298996.657000,10058,10107,50,0.0001634414802538231,0,benign,0.5,1,16,0.029839607471319307,0.029839607471319307,0.615700932300856,1,0.1848246887264345,iforest_only,0,0.310117
135,scored_log,1778298996.585000,1778298996.645000,10048,10097,50,0.00016340299043804407,0,benign,0.5,1,16,0.029839607471319307,0.029839607471319307,0.615700932300856,1,0.18482466178356347,iforest_only,0,0.310117
2273,scored_log,1778299719.642000,1778299719.672000,31428,31477,50,0.0017953593051061034,0,benign,0.5,1,88,0.02871331610540484,0.02871331610540484,0.6116795851198843,1,0.18476062704953958,iforest_only,0,0.310117
2272,scored_log,1778299719.639000,1778299719.666000,31418,31467,50,0.0017903245752677321,0,benign,0.5,1,88,0.02871331610540484,0.02871331610540484,0.6116795851198843,1,0.18475710273865273,iforest_only,0,0.310117
2271,scored_log,1778299719.639000,1778299719.658000,31408,31457,50,0.0017684240592643619,0,benign,0.5,1,88,0.02871331610540484,0.02871331610540484,0.6116795851198843,1,0.18474177237745038,iforest_only,0,0.310117
2223,scored_log,1778299714.574000,1778299716.595000,30928,30977,50,0.0015673469752073288,0,benign,0.5,1,88,0.02871331610540484,0.02871331610540484,0.6116795851198843,1,0.18460101841861043,iforest_only,0,0.310117
2270,scored_log,1778299717.622000,1778299719.654000,31398,31447,50,0.0015493171522393823,0,benign,0.5,1,88,0.02871331610540484,0.02871331610540484,0.6116795851198843,1,0.18458839754253287,iforest_only,0,0.310117
2216,scored_log,1778299708.519000,1778299714.572000,30858,30907,50,0.0015124832279980183,0,benign,0.5,2,87|88,0.02871331610540484,-0.052900610905134315,0.6116795851198843,1,0.18456261379556393,iforest_only,0,0.310117
2278,scored_log,1778299719.673000,1778299720.694000,31478,31527,50,0.0011601941660046577,0,benign,0.5,1,88,0.02871331610540484,0.02871331610540484,0.6116795851198843,1,0.18431601145216858,iforest_only,0,0.310117
2220,scored_log,1778299708.530000,1778299716.588000,30898,30947,50,0.0009474479593336582,0,benign,0.5,2,87|88,0.02871331610540484,-0.052900610905134315,0.6116795851198843,1,0.18416708910749888,iforest_only,0,0.310117
1235,scored_log,1778299419.042000,1778299419.053000,21048,21097,50,0.03343218192458153,0,benign,0.5,1,58,0.007384168045744821,0.007384168045744821,0.5355253038939054,1,0.1840601185153787,iforest_only,0,0.310117
2310,scored_log,1778299721.825000,1778299721.825000,31798,31847,50,0.0007176767103374004,0,benign,0.5,1,88,0.02871331610540484,0.02871331610540484,0.6116795851198843,1,0.1840062492332015,iforest_only,0,0.310117
2320,scored_log,1778299721.833000,1778299721.833000,31898,31947,50,0.0007176767103374004,0,benign,0.5,1,88,0.02871331610540484,0.02871331610540484,0.6116795851198843,1,0.1840062492332015,iforest_only,0,0.310117
2321,scored_log,1778299721.833000,1778299721.833000,31908,31957,50,0.0007176767103374004,0,benign,0.5,1,88,0.02871331610540484,0.02871331610540484,0.6116795851198843,1,0.1840062492332015,iforest_only,0,0.310117
2322,scored_log,1778299721.833000,1778299721.833000,31918,31967,50,0.0007176767103374004,0,benign,0.5,1,88,0.02871331610540484,0.02871331610540484,0.6116795851198843,1,0.1840062492332015,iforest_only,0,0.310117
2323,scored_log,1778299721.833000,1778299721.833000,31928,31977,50,0.0007176767103374004,0,benign,0.5,1,88,0.02871331610540484,0.02871331610540484,0.6116795851198843,1,0.1840062492332015,iforest_only,0,0.310117
2331,scored_log,1778299721.837000,1778299721.837000,32008,32057,50,0.0007176767103374004,0,benign,0.5,1,88,0.02871331610540484,0.02871331610540484,0.6116795851198843,1,0.1840062492332015,iforest_only,0,0.310117
2309,scored_log,1778299721.824000,1778299721.825000,31788,31837,50,0.0007176623912528157,0,benign,0.5,1,88,0.02871331610540484,0.02871331610540484,0.6116795851198843,1,0.18400623920984227,iforest_only,0,0.310117
2330,scored_log,1778299721.836000,1778299721.837000,31998,32047,50,0.0007176623912528157,0,benign,0.5,1,88,0.02871331610540484,0.02871331610540484,0.6116795851198843,1,0.18400623920984227,iforest_only,0,0.310117
2319,scored_log,1778299721.832000,1778299721.833000,31888,31937,50,0.0007176528451964259,0,benign,0.5,1,88,0.02871331610540484,0.02871331610540484,0.6116795851198843,1,0.18400623252760281,iforest_only,0,0.310117
2308,scored_log,1778299721.824000,1778299721.825000,31778,31827,50,0.0007176412036642432,0,benign,0.5,1,88,0.02871331610540484,0.02871331610540484,0.6116795851198843,1,0.1840062243785303,iforest_only,0,0.310117
2329,scored_log,1778299721.836000,1778299721.837000,31988,32037,50,0.0007176412036642432,0,benign,0.5,1,88,0.02871331610540484,0.02871331610540484,0.6116795851198843,1,0.1840062243785303,iforest_only,0,0.310117
2307,scored_log,1778299721.824000,1778299721.825000,31768,31817,50,0.0007176186190918088,0,benign,0.5,1,88,0.02871331610540484,0.02871331610540484,0.6116795851198843,1,0.1840062085693296,iforest_only,0,0.310117
2318,scored_log,1778299721.831000,1778299721.833000,31878,31927,50,0.0007175932987593114,0,benign,0.5,1,88,0.02871331610540484,0.02871331610540484,0.6116795851198843,1,0.18400619084509684,iforest_only,0,0.310117
2312,scored_log,1778299721.825000,1778299721.826000,31818,31867,50,0.0007175529608502984,0,benign,0.5,1,88,0.02871331610540484,0.02871331610540484,0.6116795851198843,1,0.1840061626085605,iforest_only,0,0.310117
2328,scored_log,1778299721.833000,1778299721.837000,31978,32027,50,0.0007175484788604081,0,benign,0.5,1,88,0.02871331610540484,0.02871331610540484,0.6116795851198843,1,0.1840061594711676,iforest_only,0,0.310117
2306,scored_log,1778299721.822000,1778299721.825000,31758,31807,50,0.0007175355567596853,0,benign,0.5,1,88,0.02871331610540484,0.02871331610540484,0.6116795851198843,1,0.1840061504256971,iforest_only,0,0.310117
2304,scored_log,1778299721.820000,1778299721.824000,31738,31787,50,0.0007174976053647697,0,benign,0.5,1,88,0.02871331610540484,0.02871331610540484,0.6116795851198843,1,0.18400612385972065,iforest_only,0,0.310117
2332,scored_log,1778299721.837000,1778299721.838000,32018,32067,50,0.0007174675120040774,0,benign,0.5,1,88,0.02871331610540484,0.02871331610540484,0.6116795851198843,1,0.18400610279436816,iforest_only,0,0.310117
2327,scored_log,1778299721.833000,1778299721.837000,31968,32017,50,0.0007174572674557567,0,benign,0.5,1,88,0.02871331610540484,0.02871331610540484,0.6116795851198843,1,0.18400609562318435,iforest_only,0,0.310117
2317,scored_log,1778299721.826000,1778299721.833000,31868,31917,50,0.0007174562197178602,0,benign,0.5,1,88,0.02871331610540484,0.02871331610540484,0.6116795851198843,1,0.18400609488976782,iforest_only,0,0.310117
2305,scored_log,1778299721.822000,1778299721.825000,31748,31797,50,0.0007174380589276552,0,benign,0.5,1,88,0.02871331610540484,0.02871331610540484,0.6116795851198843,1,0.18400608217721467,iforest_only,0,0.310117
2299,scored_log,1778299721.819000,1778299721.820000,31688,31737,50,0.0007174199563451111,0,benign,0.5,1,88,0.02871331610540484,0.02871331610540484,0.6116795851198843,1,0.18400606950540688,iforest_only,0,0.310117
2301,scored_log,1778299721.819000,1778299721.822000,31708,31757,50,0.0007174196653068066,0,benign,0.5,1,88,0.02871331610540484,0.02871331610540484,0.6116795851198843,1,0.18400606930168006,iforest_only,0,0.310117
2325,scored_log,1778299721.833000,1778299721.836000,31948,31997,50,0.000717362854629755,0,benign,0.5,1,88,0.02871331610540484,0.02871331610540484,0.6116795851198843,1,0.18400602953420614,iforest_only,0,0.310117
2303,scored_log,1778299721.819000,1778299721.824000,31728,31777,50,0.0007173526682890952,0,benign,0.5,1,88,0.02871331610540484,0.02871331610540484,0.6116795851198843,1,0.18400602240376768,iforest_only,0,0.310117
2326,scored_log,1778299721.833000,1778299721.837000,31958,32007,50,0.0007173267076723278,0,benign,0.5,1,88,0.02871331610540484,0.02871331610540484,0.6116795851198843,1,0.18400600423133595,iforest_only,0,0.310117
2333,scored_log,1778299721.837000,1778299721.839000,32028,32077,50,0.0007173130288720131,0,benign,0.5,1,88,0.02871331610540484,0.02871331610540484,0.6116795851198843,1,0.18400599465617573,iforest_only,0,0.310117
2316,scored_log,1778299721.826000,1778299721.833000,31858,31907,50,0.0007172884070314467,0,benign,0.5,1,88,0.02871331610540484,0.02871331610540484,0.6116795851198843,1,0.1840059774208873,iforest_only,0,0.310117
2300,scored_log,1778299721.819000,1778299721.822000,31698,31747,50,0.0007172524346970022,0,benign,0.5,1,88,0.02871331610540484,0.02871331610540484,0.6116795851198843,1,0.1840059522402532,iforest_only,0,0.310117
2324,scored_log,1778299721.833000,1778299721.836000,31938,31987,50,0.0007170501630753279,0,benign,0.5,1,88,0.02871331610540484,0.02871331610540484,0.6116795851198843,1,0.18400581065011803,iforest_only,0,0.310117
2302,scored_log,1778299721.819000,1778299721.824000,31718,31767,50,0.0007169955060817301,0,benign,0.5,1,88,0.02871331610540484,0.02871331610540484,0.6116795851198843,1,0.18400577239022253,iforest_only,0,0.310117
2315,scored_log,1778299721.825000,1778299721.833000,31848,31897,50,0.0007169931195676327,0,benign,0.5,1,88,0.02871331610540484,0.02871331610540484,0.6116795851198843,1,0.18400577071966265,iforest_only,0,0.310117
2313,scored_log,1778299721.825000,1778299721.830000,31828,31877,50,0.0007169453310780227,0,benign,0.5,1,88,0.02871331610540484,0.02871331610540484,0.6116795851198843,1,0.18400573726771993,iforest_only,0,0.310117
2314,scored_log,1778299721.825000,1778299721.832000,31838,31887,50,0.0007167038274928927,0,benign,0.5,1,88,0.02871331610540484,0.02871331610540484,0.6116795851198843,1,0.18400556821521033,iforest_only,0,0.310117
2311,scored_log,1778299721.825000,1778299721.826000,31808,31857,50,0.0007165856659412384,0,benign,0.5,1,88,0.02871331610540484,0.02871331610540484,0.6116795851198843,1,0.18400548550212417,iforest_only,0,0.310117
2298,scored_log,1778299721.811000,1778299721.819000,31678,31727,50,0.0007117212517186999,0,benign,0.5,1,88,0.02871331610540484,0.02871331610540484,0.6116795851198843,1,0.1840020804121684,iforest_only,0,0.310117
2297,scored_log,1778299721.802000,1778299721.819000,31668,31717,50,0.0007017171592451632,0,benign,0.5,1,88,0.02871331610540484,0.02871331610540484,0.6116795851198843,1,0.18399507754743694,iforest_only,0,0.310117
2296,scored_log,1778299721.792000,1778299721.819000,31658,31707,50,0.000669720524456352,0,benign,0.5,1,88,0.02871331610540484,0.02871331610540484,0.6116795851198843,1,0.18397267990308475,iforest_only,0,0.310117
2334,scored_log,1778299721.837000,1778299721.842000,32038,32087,50,0.0006624486413784325,0,benign,0.5,1,88,0.02871331610540484,0.02871331610540484,0.6116795851198843,1,0.1839675895849302,iforest_only,0,0.310117
2224,scored_log,1778299714.577000,1778299716.595000,30938,30987,50,0.0006040351581759751,0,benign,0.5,1,88,0.02871331610540484,0.02871331610540484,0.6116795851198843,1,0.1839267001466885,iforest_only,0,0.310117
2295,scored_log,1778299721.784000,1778299721.819000,31648,31697,50,0.0005660795723088086,0,benign,0.5,1,88,0.02871331610540484,0.02871331610540484,0.6116795851198843,1,0.18390013123658147,iforest_only,0,0.310117
2282,scored_log,1778299720.686000,1778299721.710000,31518,31567,50,0.0004030400305055082,0,benign,0.5,1,88,0.02871331610540484,0.02871331610540484,0.6116795851198843,1,0.18378600355731917,iforest_only,0,0.310117
2265,scored_log,1778299716.597000,1778299717.619000,31348,31397,50,0.00031705203582532704,0,benign,0.5,1,88,0.02871331610540484,0.02871331610540484,0.6116795851198843,1,0.18372581196104304,iforest_only,0,0.310117
2250,scored_log,1778299716.597000,1778299716.597000,31198,31247,50,0.00030940613942220807,0,benign,0.5,1,88,0.02871331610540484,0.02871331610540484,0.6116795851198843,1,0.18372045983356086,iforest_only,0,0.310117
2249,scored_log,1778299716.595000,1778299716.597000,31188,31237,50,0.0003094037529081106,0,benign,0.5,1,88,0.02871331610540484,0.02871331610540484,0.6116795851198843,1,0.18372045816300098,iforest_only,0,0.310117
2228,scored_log,1778299716.595000,1778299716.595000,30978,31027,50,0.0003094028797931969,0,benign,0.5,1,88,0.02871331610540484,0.02871331610540484,0.6116795851198843,1,0.18372045755182054,iforest_only,0,0.310117
2229,scored_log,1778299716.595000,1778299716.595000,30988,31037,50,0.0003094028797931969,0,benign,0.5,1,88,0.02871331610540484,0.02871331610540484,0.6116795851198843,1,0.18372045755182054,iforest_only,0,0.310117
2230,scored_log,1778299716.595000,1778299716.595000,30998,31047,50,0.0003094028797931969,0,benign,0.5,1,88,0.02871331610540484,0.02871331610540484,0.6116795851198843,1,0.18372045755182054,iforest_only,0,0.310117
2231,scored_log,1778299716.595000,1778299716.595000,31008,31057,50,0.0003094028797931969,0,benign,0.5,1,88,0.02871331610540484,0.02871331610540484,0.6116795851198843,1,0.18372045755182054,iforest_only,0,0.310117
2232,scored_log,1778299716.595000,1778299716.595000,31018,31067,50,0.0003094028797931969,0,benign,0.5,1,88,0.02871331610540484,0.02871331610540484,0.6116795851198843,1,0.18372045755182054,iforest_only,0,0.310117
2233,scored_log,1778299716.595000,1778299716.595000,31028,31077,50,0.0003094028797931969,0,benign,0.5,1,88,0.02871331610540484,0.02871331610540484,0.6116795851198843,1,0.18372045755182054,iforest_only,0,0.310117
2234,scored_log,1778299716.595000,1778299716.595000,31038,31087,50,0.0003094028797931969,0,benign,0.5,1,88,0.02871331610540484,0.02871331610540484,0.6116795851198843,1,0.18372045755182054,iforest_only,0,0.310117
2235,scored_log,1778299716.595000,1778299716.595000,31048,31097,50,0.0003094028797931969,0,benign,0.5,1,88,0.02871331610540484,0.02871331610540484,0.6116795851198843,1,0.18372045755182054,iforest_only,0,0.310117
2236,scored_log,1778299716.595000,1778299716.595000,31058,31107,50,0.0003094028797931969,0,benign,0.5,1,88,0.02871331610540484,0.02871331610540484,0.6116795851198843,1,0.18372045755182054,iforest_only,0,0.310117
2237,scored_log,1778299716.595000,1778299716.595000,31068,31117,50,0.0003094028797931969,0,benign,0.5,1,88,0.02871331610540484,0.02871331610540484,0.6116795851198843,1,0.18372045755182054,iforest_only,0,0.310117
2238,scored_log,1778299716.595000,1778299716.595000,31078,31127,50,0.0003094028797931969,0,benign,0.5,1,88,0.02871331610540484,0.02871331610540484,0.6116795851198843,1,0.18372045755182054,iforest_only,0,0.310117
2239,scored_log,1778299716.595000,1778299716.595000,31088,31137,50,0.0003094028797931969,0,benign,0.5,1,88,0.02871331610540484,0.02871331610540484,0.6116795851198843,1,0.18372045755182054,iforest_only,0,0.310117
2240,scored_log,1778299716.595000,1778299716.595000,31098,31147,50,0.0003094028797931969,0,benign,0.5,1,88,0.02871331610540484,0.02871331610540484,0.6116795851198843,1,0.18372045755182054,iforest_only,0,0.310117
2241,scored_log,1778299716.595000,1778299716.595000,31108,31157,50,0.0003094028797931969,0,benign,0.5,1,88,0.02871331610540484,0.02871331610540484,0.6116795851198843,1,0.18372045755182054,iforest_only,0,0.310117
2242,scored_log,1778299716.595000,1778299716.595000,31118,31167,50,0.0003094028797931969,0,benign,0.5,1,88,0.02871331610540484,0.02871331610540484,0.6116795851198843,1,0.18372045755182054,iforest_only,0,0.310117
2243,scored_log,1778299716.595000,1778299716.595000,31128,31177,50,0.0003094028797931969,0,benign,0.5,1,88,0.02871331610540484,0.02871331610540484,0.6116795851198843,1,0.18372045755182054,iforest_only,0,0.310117
2244,scored_log,1778299716.595000,1778299716.595000,31138,31187,50,0.0003094028797931969,0,benign,0.5,1,88,0.02871331610540484,0.02871331610540484,0.6116795851198843,1,0.18372045755182054,iforest_only,0,0.310117
2245,scored_log,1778299716.595000,1778299716.595000,31148,31197,50,0.0003094028797931969,0,benign,0.5,1,88,0.02871331610540484,0.02871331610540484,0.6116795851198843,1,0.18372045755182054,iforest_only,0,0.310117
2248,scored_log,1778299716.595000,1778299716.597000,31178,31227,50,0.0003094028797931969,0,benign,0.5,1,88,0.02871331610540484,0.02871331610540484,0.6116795851198843,1,0.18372045755182054,iforest_only,0,0.310117
2251,scored_log,1778299716.597000,1778299716.597000,31208,31257,50,0.0003094028797931969,0,benign,0.5,1,88,0.02871331610540484,0.02871331610540484,0.6116795851198843,1,0.18372045755182054,iforest_only,0,0.310117
2252,scored_log,1778299716.597000,1778299716.597000,31218,31267,50,0.0003094028797931969,0,benign,0.5,1,88,0.02871331610540484,0.02871331610540484,0.6116795851198843,1,0.18372045755182054,iforest_only,0,0.310117
2253,scored_log,1778299716.597000,1778299716.597000,31228,31277,50,0.0003094028797931969,0,benign,0.5,1,88,0.02871331610540484,0.02871331610540484,0.6116795851198843,1,0.18372045755182054,iforest_only,0,0.310117
2254,scored_log,1778299716.597000,1778299716.597000,31238,31287,50,0.0003094028797931969,0,benign,0.5,1,88,0.02871331610540484,0.02871331610540484,0.6116795851198843,1,0.18372045755182054,iforest_only,0,0.310117
2255,scored_log,1778299716.597000,1778299716.597000,31248,31297,50,0.0003094028797931969,0,benign,0.5,1,88,0.02871331610540484,0.02871331610540484,0.6116795851198843,1,0.18372045755182054,iforest_only,0,0.310117
2256,scored_log,1778299716.597000,1778299716.597000,31258,31307,50,0.0003094028797931969,0,benign,0.5,1,88,0.02871331610540484,0.02871331610540484,0.6116795851198843,1,0.18372045755182054,iforest_only,0,0.310117
2257,scored_log,1778299716.597000,1778299716.597000,31268,31317,50,0.0003094028797931969,0,benign,0.5,1,88,0.02871331610540484,0.02871331610540484,0.6116795851198843,1,0.18372045755182054,iforest_only,0,0.310117
2258,scored_log,1778299716.597000,1778299716.597000,31278,31327,50,0.0003094028797931969,0,benign,0.5,1,88,0.02871331610540484,0.02871331610540484,0.6116795851198843,1,0.18372045755182054,iforest_only,0,0.310117
2259,scored_log,1778299716.597000,1778299716.597000,31288,31337,50,0.0003094028797931969,0,benign,0.5,1,88,0.02871331610540484,0.02871331610540484,0.6116795851198843,1,0.18372045755182054,iforest_only,0,0.310117
2260,scored_log,1778299716.597000,1778299716.597000,31298,31347,50,0.0003094028797931969,0,benign,0.5,1,88,0.02871331610540484,0.02871331610540484,0.6116795851198843,1,0.18372045755182054,iforest_only,0,0.310117
2247,scored_log,1778299716.595000,1778299716.597000,31168,31217,50,0.0003094013954978436,0,benign,0.5,1,88,0.02871331610540484,0.02871331610540484,0.6116795851198843,1,0.1837204565128138,iforest_only,0,0.310117
2246,scored_log,1778299716.595000,1778299716.597000,31158,31207,50,0.0003093999403063208,0,benign,0.5,1,88,0.02871331610540484,0.02871331610540484,0.6116795851198843,1,0.18372045549417973,iforest_only,0,0.310117
2227,scored_log,1778299716.589000,1778299716.595000,30968,31017,50,0.0003006175102200359,0,benign,0.5,1,88,0.02871331610540484,0.02871331610540484,0.6116795851198843,1,0.18371430779311934,iforest_only,0,0.310117
2294,scored_log,1778299721.775000,1778299721.819000,31638,31687,50,0.0003004255413543433,0,benign,0.5,1,88,0.02871331610540484,0.02871331610540484,0.6116795851198843,1,0.18371417341491336,iforest_only,0,0.310117
2225,scored_log,1778299716.589000,1778299716.595000,30948,30997,50,0.00029261806048452854,0,benign,0.5,1,88,0.02871331610540484,0.02871331610540484,0.6116795851198843,1,0.18370870817830448,iforest_only,0,0.310117
2226,scored_log,1778299716.589000,1778299716.595000,30958,31007,50,0.0002917280944529921,0,benign,0.5,1,88,0.02871331610540484,0.02871331610540484,0.6116795851198843,1,0.1837080852020824,iforest_only,0,0.310117
2284,scored_log,1778299721.700000,1778299721.729000,31538,31587,50,0.00025096486206166446,0,benign,0.5,1,88,0.02871331610540484,0.02871331610540484,0.6116795851198843,1,0.18367955093940846,iforest_only,0,0.310117
2283,scored_log,1778299720.695000,1778299721.720000,31528,31577,50,0.0002495813532732427,0,benign,0.5,1,88,0.02871331610540484,0.02871331610540484,0.6116795851198843,1,0.18367858248325658,iforest_only,0,0.310117
2285,scored_log,1778299721.700000,1778299721.737000,31548,31597,50,0.00023792684078216553,0,benign,0.5,1,88,0.02871331610540484,0.02871331610540484,0.6116795851198843,1,0.18367042432451283,iforest_only,0,0.310117
2293,scored_log,1778299721.766000,1778299721.810000,31628,31677,50,0.00023003204842098057,0,benign,0.5,1,88,0.02871331610540484,0.02871331610540484,0.6116795851198843,1,0.18366489796986,iforest_only,0,0.310117
2286,scored_log,1778299721.703000,1778299721.747000,31558,31607,50,0.00023000944929663092,0,benign,0.5,1,88,0.02871331610540484,0.02871331610540484,0.6116795851198843,1,0.18366488215047294,iforest_only,0,0.310117
2289,scored_log,1778299721.729000,1778299721.773000,31588,31637,50,0.00022996647749096155,0,benign,0.5,1,88,0.02871331610540484,0.02871331610540484,0.6116795851198843,1,0.183664852070209,iforest_only,0,0.310117
2290,scored_log,1778299721.738000,1778299721.783000,31598,31647,50,0.00022985182295087725,0,benign,0.5,1,88,0.02871331610540484,0.02871331610540484,0.6116795851198843,1,0.18366477181203092,iforest_only,0,0.310117
2291,scored_log,1778299721.747000,1778299721.792000,31608,31657,50,0.00022938377514947206,0,benign,0.5,1,88,0.02871331610540484,0.02871331610540484,0.6116795851198843,1,0.18366444417856995,iforest_only,0,0.310117
2292,scored_log,1778299721.757000,1778299721.802000,31618,31667,50,0.00022882215853314847,0,benign,0.5,1,88,0.02871331610540484,0.02871331610540484,0.6116795851198843,1,0.1836640510469385,iforest_only,0,0.310117
2288,scored_log,1778299721.720000,1778299721.766000,31578,31627,50,0.0002287165989400819,0,benign,0.5,1,88,0.02871331610540484,0.02871331610540484,0.6116795851198843,1,0.18366397715522337,iforest_only,0,0.310117
2287,scored_log,1778299721.712000,1778299721.757000,31568,31617,50,0.00022864244238007814,0,benign,0.5,1,88,0.02871331610540484,0.02871331610540484,0.6116795851198843,1,0.18366392524563135,iforest_only,0,0.310117
2261,scored_log,1778299716.597000,1778299716.603000,31308,31357,50,0.00010540846415096894,0,benign,0.5,1,88,0.02871331610540484,0.02871331610540484,0.6116795851198843,1,0.18357766146087098,iforest_only,0,0.310117
682,scored_log,1778299240.956000,1778299241.983000,15518,15567,50,0.01268593780696392,0,benign,0.5,1,40,0.02004073860733868,0.02004073860733868,0.580714733457996,1,0.18309457650227356,iforest_only,0,0.310117
674,scored_log,1778299237.922000,1778299239.935000,15438,15487,50,0.01228012703359127,0,benign,0.5,1,40,0.02004073860733868,0.02004073860733868,0.580714733457996,1,0.1828105089609127,iforest_only,0,0.310117
672,scored_log,1778299237.917000,1778299239.932000,15418,15467,50,0.011775345541536808,0,benign,0.5,1,40,0.02004073860733868,0.02004073860733868,0.580714733457996,1,0.18245716191647457,iforest_only,0,0.310117
673,scored_log,1778299237.917000,1778299239.932000,15428,15477,50,0.011224030517041683,0,benign,0.5,1,40,0.02004073860733868,0.02004073860733868,0.580714733457996,1,0.18207124139932798,iforest_only,0,0.310117
681,scored_log,1778299239.950000,1778299241.983000,15508,15557,50,0.009733300656080246,0,benign,0.5,1,40,0.02004073860733868,0.02004073860733868,0.580714733457996,1,0.181027730496655,iforest_only,0,0.310117
679,scored_log,1778299239.935000,1778299240.958000,15488,15537,50,0.00926029309630394,0,benign,0.5,1,40,0.02004073860733868,0.02004073860733868,0.580714733457996,1,0.18069662520481158,iforest_only,0,0.310117
678,scored_log,1778299239.932000,1778299240.956000,15478,15527,50,0.008500107564032078,0,benign,0.5,1,40,0.02004073860733868,0.02004073860733868,0.580714733457996,1,0.18016449533222126,iforest_only,0,0.310117
712,scored_log,1778299242.100000,1778299245.105000,15818,15867,50,0.00816612970083952,0,benign,0.5,2,40|41,0.02004073860733868,-0.038521398561316506,0.580714733457996,1,0.17993071082798648,iforest_only,0,0.310117
677,scored_log,1778299239.932000,1778299240.956000,15468,15517,50,0.007401514332741499,0,benign,0.5,1,40,0.02004073860733868,0.02004073860733868,0.580714733457996,1,0.17939548007031786,iforest_only,0,0.310117
713,scored_log,1778299242.101000,1778299245.107000,15828,15877,50,0.006849072407931089,0,benign,0.5,2,40|41,0.02004073860733868,-0.038521398561316506,0.580714733457996,1,0.17900877072295057,iforest_only,0,0.310117
675,scored_log,1778299237.923000,1778299239.940000,15448,15497,50,0.005161733366549015,0,benign,0.5,1,40,0.02004073860733868,0.02004073860733868,0.580714733457996,1,0.17782763339398314,iforest_only,0,0.310117
711,scored_log,1778299242.100000,1778299245.105000,15808,15857,50,0.004929574206471443,0,benign,0.5,2,40|41,0.02004073860733868,-0.038521398561316506,0.580714733457996,1,0.17766512198192883,iforest_only,0,0.310117
714,scored_log,1778299242.101000,1778299245.112000,15838,15887,50,0.0033559338189661503,0,benign,0.5,2,40|41,0.02004073860733868,-0.038521398561316506,0.580714733457996,1,0.17656357371067513,iforest_only,0,0.310117
676,scored_log,1778299237.927000,1778299239.949000,15458,15507,50,0.00105924136005342,0,benign,0.5,1,40,0.02004073860733868,0.02004073860733868,0.580714733457996,1,0.1749558889894362,iforest_only,0,0.310117
701,scored_log,1778299242.097000,1778299242.097000,15708,15757,50,0.0007176767103374004,0,benign,0.5,1,40,0.02004073860733868,0.02004073860733868,0.580714733457996,1,0.174716793734635,iforest_only,0,0.310117
702,scored_log,1778299242.097000,1778299242.097000,15718,15767,50,0.0007176767103374004,0,benign,0.5,1,40,0.02004073860733868,0.02004073860733868,0.580714733457996,1,0.174716793734635,iforest_only,0,0.310117
707,scored_log,1778299242.100000,1778299242.100000,15768,15817,50,0.0007176435901783407,0,benign,0.5,1,40,0.02004073860733868,0.02004073860733868,0.580714733457996,1,0.17471677055052365,iforest_only,0,0.310117
710,scored_log,1778299242.100000,1778299242.101000,15798,15847,50,0.0007176213548518717,0,benign,0.5,1,40,0.02004073860733868,0.02004073860733868,0.580714733457996,1,0.17471675498579511,iforest_only,0,0.310117
709,scored_log,1778299242.100000,1778299242.101000,15788,15837,50,0.000717591610737145,0,benign,0.5,1,40,0.02004073860733868,0.02004073860733868,0.580714733457996,1,0.17471673416491482,iforest_only,0,0.310117
706,scored_log,1778299242.097000,1778299242.100000,15758,15807,50,0.0007175813661888242,0,benign,0.5,1,40,0.02004073860733868,0.02004073860733868,0.580714733457996,1,0.174716726993731,iforest_only,0,0.310117
708,scored_log,1778299242.100000,1778299242.101000,15778,15827,50,0.0007175393402576447,0,benign,0.5,1,40,0.02004073860733868,0.02004073860733868,0.580714733457996,1,0.17471669757557917,iforest_only,0,0.310117
705,scored_log,1778299242.097000,1778299242.100000,15748,15797,50,0.0007175180944614112,0,benign,0.5,1,40,0.02004073860733868,0.02004073860733868,0.580714733457996,1,0.1747166827035218,iforest_only,0,0.310117
704,scored_log,1778299242.097000,1778299242.100000,15738,15787,50,0.0007174325874075294,0,benign,0.5,1,40,0.02004073860733868,0.02004073860733868,0.580714733457996,1,0.17471662284858408,iforest_only,0,0.310117
703,scored_log,1778299242.097000,1778299242.100000,15728,15777,50,0.0007172877085395157,0,benign,0.5,1,40,0.02004073860733868,0.02004073860733868,0.580714733457996,1,0.1747165214333765,iforest_only,0,0.310117
700,scored_log,1778299242.094000,1778299242.097000,15698,15747,50,0.0007155695930123329,0,benign,0.5,1,40,0.02004073860733868,0.02004073860733868,0.580714733457996,1,0.17471531875250745,iforest_only,0,0.310117
699,scored_log,1778299242.085000,1778299242.097000,15688,15737,50,0.000709504762198776,0,benign,0.5,1,40,0.02004073860733868,0.02004073860733868,0.580714733457996,1,0.17471107337093797,iforest_only,0,0.310117
698,scored_log,1778299242.077000,1778299242.097000,15678,15727,50,0.0006891730590723455,0,benign,0.5,1,40,0.02004073860733868,0.02004073860733868,0.580714733457996,1,0.17469684117874945,iforest_only,0,0.310117
683,scored_log,1778299240.956000,1778299241.987000,15528,15577,50,0.0006666568806394935,0,benign,0.5,1,40,0.02004073860733868,0.02004073860733868,0.580714733457996,1,0.17468107985384645,iforest_only,0,0.310117
697,scored_log,1778299242.069000,1778299242.097000,15668,15717,50,0.0006258024950511754,0,benign,0.5,1,40,0.02004073860733868,0.02004073860733868,0.580714733457996,1,0.17465248178393464,iforest_only,0,0.310117
715,scored_log,1778299242.101000,1778299245.190000,15848,15897,50,0.000529761950019747,0,benign,0.5,2,40|41,0.02004073860733868,-0.038521398561316506,0.580714733457996,1,0.17458525340241263,iforest_only,0,0.310117
696,scored_log,1778299242.059000,1778299242.097000,15658,15707,50,0.00039452241617254913,0,benign,0.5,1,40,0.02004073860733868,0.02004073860733868,0.580714733457996,1,0.1744905857287196,iforest_only,0,0.310117
680,scored_log,1778299239.940000,1778299241.981000,15498,15547,50,0.00034496403532102704,0,benign,0.5,1,40,0.02004073860733868,0.02004073860733868,0.580714733457996,1,0.17445589486212354,iforest_only,0,0.310117
684,scored_log,1778299240.958000,1778299241.997000,15538,15587,50,0.00028378324350342155,0,benign,0.5,1,40,0.02004073860733868,0.02004073860733868,0.580714733457996,1,0.17441306830785122,iforest_only,0,0.310117
685,scored_log,1778299241.982000,1778299242.007000,15548,15597,50,0.00017998200200963765,0,benign,0.5,1,40,0.02004073860733868,0.02004073860733868,0.580714733457996,1,0.17434040743880555,iforest_only,0,0.310117
686,scored_log,1778299241.983000,1778299242.015000,15558,15607,50,0.00016286649042740464,0,benign,0.5,1,40,0.02004073860733868,0.02004073860733868,0.580714733457996,1,0.174328426580698,iforest_only,0,0.310117
687,scored_log,1778299241.983000,1778299242.023000,15568,15617,50,0.00015411380445584655,0,benign,0.5,1,40,0.02004073860733868,0.02004073860733868,0.580714733457996,1,0.1743222997005179,iforest_only,0,0.310117
694,scored_log,1778299242.041000,1778299242.084000,15638,15687,50,0.00015043321764096618,0,benign,0.5,1,40,0.02004073860733868,0.02004073860733868,0.580714733457996,1,0.17431972328974749,iforest_only,0,0.310117
689,scored_log,1778299241.997000,1778299242.040000,15588,15637,50,0.00015038934361655265,0,benign,0.5,1,40,0.02004073860733868,0.02004073860733868,0.580714733457996,1,0.1743196925779304,iforest_only,0,0.310117
690,scored_log,1778299242.007000,1778299242.048000,15598,15647,50,0.00015036080731078982,0,benign,0.5,1,40,0.02004073860733868,0.02004073860733868,0.580714733457996,1,0.17431967260251638,iforest_only,0,0.310117
695,scored_log,1778299242.049000,1778299242.093000,15648,15697,50,0.0001503210951341316,0,benign,0.5,1,40,0.02004073860733868,0.02004073860733868,0.580714733457996,1,0.1743196448039927,iforest_only,0,0.310117
688,scored_log,1778299241.988000,1778299242.032000,15578,15627,50,0.0001502898521721363,0,benign,0.5,1,40,0.02004073860733868,0.02004073860733868,0.580714733457996,1,0.1743196229339193,iforest_only,0,0.310117
693,scored_log,1778299242.033000,1778299242.076000,15628,15677,50,0.00015019014244899154,0,benign,0.5,1,40,0.02004073860733868,0.02004073860733868,0.580714733457996,1,0.17431955313711311,iforest_only,0,0.310117
692,scored_log,1778299242.025000,1778299242.068000,15618,15667,50,0.00015007262118160725,0,benign,0.5,1,40,0.02004073860733868,0.02004073860733868,0.580714733457996,1,0.17431947087222593,iforest_only,0,0.310117
691,scored_log,1778299242.016000,1778299242.058000,15608,15657,50,0.00015006016474217176,0,benign,0.5,1,40,0.02004073860733868,0.02004073860733868,0.580714733457996,1,0.17431946215271835,iforest_only,0,0.310117
176,scored_log,1778299018.040000,1778299018.060000,10458,10507,50,0.021197699010372162,0,benign,0.5,1,18,0.0022444832207405563,0.0022444832207405563,0.5171744066859412,1,0.16999071131304289,iforest_only,0,0.310117
187,scored_log,1778299023.110000,1778299025.133000,10568,10617,50,0.01989961601793766,0,benign,0.5,2,18|19,0.0022444832207405563,-0.046050657773423154,0.5171744066859412,1,0.16908205321833875,iforest_only,0,0.310117
171,scored_log,1778299018.034000,1778299018.040000,10408,10457,50,0.01956973597407341,0,benign,0.5,1,18,0.0022444832207405563,0.0022444832207405563,0.5171744066859412,1,0.16885113718763378,iforest_only,0,0.310117
1249,scored_log,1778299423.102000,1778299424.115000,21188,21237,50,0.011201192624866962,0,benign,0.5,2,58|59,0.007384168045744821,-0.03692519519404752,0.5355253038939054,1,0.16849842600557852,iforest_only,0,0.310117
1236,scored_log,1778299419.044000,1778299419.063000,21058,21107,50,0.010946802794933319,0,benign,0.5,1,58,0.007384168045744821,0.007384168045744821,0.5355253038939054,1,0.16832035312462496,iforest_only,0,0.310117
170,scored_log,1778299011.023000,1778299018.039000,10398,10447,50,0.018508585169911385,0,benign,0.5,2,17|18,0.0022444832207405563,-0.054333685676644705,0.5171744066859412,1,0.16810833162472036,iforest_only,0,0.310117
1248,scored_log,1778299423.096000,1778299424.113000,21178,21227,50,0.010436690412461758,0,benign,0.5,2,58|59,0.007384168045744821,-0.03692519519404752,0.5355253038939054,1,0.16796327445689485,iforest_only,0,0.310117
1247,scored_log,1778299423.096000,1778299424.113000,21168,21217,50,0.010346475057303905,0,benign,0.5,2,58|59,0.007384168045744821,-0.03692519519404752,0.5355253038939054,1,0.16790012370828436,iforest_only,0,0.310117
1230,scored_log,1778299416.007000,1778299419.042000,20998,21047,50,0.009986408054828644,0,benign,0.5,1,58,0.007384168045744821,0.007384168045744821,0.5355253038939054,1,0.1676480768065517,iforest_only,0,0.310117
1225,scored_log,1778299412.997000,1778299416.007000,20948,20997,50,0.0096821878105402,0,benign,0.5,2,57|58,0.007384168045744821,-0.058250014540292716,0.5355253038939054,1,0.16743512263554977,iforest_only,0,0.310117
1229,scored_log,1778299416.007000,1778299419.042000,20988,21037,50,0.009354652836918831,0,benign,0.5,1,58,0.007384168045744821,0.007384168045744821,0.5355253038939054,1,0.16720584815401482,iforest_only,0,0.310117
169,scored_log,1778299010.014000,1778299018.039000,10388,10437,50,0.015926295891404152,0,benign,0.5,2,17|18,0.0022444832207405563,-0.054333685676644705,0.5171744066859412,1,0.1663007291297653,iforest_only,0,0.310117
1234,scored_log,1778299419.042000,1778299419.052000,21038,21087,50,0.007055255584418774,0,benign,0.5,1,58,0.007384168045744821,0.007384168045744821,0.5355253038939054,1,0.16559627007726477,iforest_only,0,0.310117
166,scored_log,1778299010.010000,1778299018.034000,10358,10407,50,0.012445461936295033,0,benign,0.5,2,17|18,0.0022444832207405563,-0.054333685676644705,0.5171744066859412,1,0.1638641453611889,iforest_only,0,0.310117
1233,scored_log,1778299419.041000,1778299419.051000,21028,21077,50,0.004366225562989712,0,benign,0.5,1,58,0.007384168045744821,0.007384168045744821,0.5355253038939054,1,0.16371394906226444,iforest_only,0,0.310117
1224,scored_log,1778299412.996000,1778299416.007000,20938,20987,50,0.0041579436510801315,0,benign,0.5,2,57|58,0.007384168045744821,-0.058250014540292716,0.5355253038939054,1,0.16356815172392772,iforest_only,0,0.310117
168,scored_log,1778299010.012000,1778299018.036000,10378,10427,50,0.011882449500262737,0,benign,0.5,2,17|18,0.0022444832207405563,-0.054333685676644705,0.5171744066859412,1,0.1634700366559663,iforest_only,0,0.310117
189,scored_log,1778299023.116000,1778299025.133000,10588,10637,50,0.011650802567601204,0,benign,0.5,2,18|19,0.0022444832207405563,-0.046050657773423154,0.5171744066859412,1,0.16330788380310324,iforest_only,0,0.310117
188,scored_log,1778299023.110000,1778299025.133000,10578,10627,50,0.011522120796144009,0,benign,0.5,2,18|19,0.0022444832207405563,-0.046050657773423154,0.5171744066859412,1,0.16321780656308318,iforest_only,0,0.310117
1232,scored_log,1778299416.016000,1778299419.046000,21018,21067,50,0.003366418881341815,0,benign,0.5,1,58,0.007384168045744821,0.007384168045744821,0.5355253038939054,1,0.1630140843851109,iforest_only,0,0.310117
190,scored_log,1778299023.116000,1778299025.136000,10598,10647,50,0.010957184247672558,0,benign,0.5,2,18|19,0.0022444832207405563,-0.046050657773423154,0.5171744066859412,1,0.16282235097915318,iforest_only,0,0.310117
1223,scored_log,1778299412.996000,1778299416.005000,20928,20977,50,0.002083512954413891,0,benign,0.5,2,57|58,0.007384168045744821,-0.058250014540292716,0.5355253038939054,1,0.16211605023626136,iforest_only,0,0.310117
1227,scored_log,1778299413.001000,1778299416.016000,20968,21017,50,0.001605978817678988,0,benign,0.5,2,57|58,0.007384168045744821,-0.058250014540292716,0.5355253038939054,1,0.1617817763405469,iforest_only,0,0.310117
1251,scored_log,1778299423.109000,1778299424.125000,21208,21257,50,0.0013786106137558818,0,benign,0.5,2,58|59,0.007384168045744821,-0.03692519519404752,0.5355253038939054,1,0.16162261859780075,iforest_only,0,0.310117
1231,scored_log,1778299416.011000,1778299419.043000,21008,21057,50,0.001022365759126842,0,benign,0.5,1,58,0.007384168045744821,0.007384168045744821,0.5355253038939054,1,0.16137324719956042,iforest_only,0,0.310117
167,scored_log,1778299010.011000,1778299018.034000,10368,10417,50,0.008879001252353191,0,benign,0.5,2,17|18,0.0022444832207405563,-0.054333685676644705,0.5171744066859412,1,0.16136762288242962,iforest_only,0,0.310117
1250,scored_log,1778299423.104000,1778299424.120000,21198,21247,50,0.0009985460201278329,0,benign,0.5,2,58|59,0.007384168045744821,-0.03692519519404752,0.5355253038939054,1,0.16135657338226111,iforest_only,0,0.310117
1228,scored_log,1778299416.006000,1778299419.040000,20978,21027,50,0.0007349670631811023,0,benign,0.5,1,58,0.007384168045744821,0.007384168045744821,0.5355253038939054,1,0.1611720681123984,iforest_only,0,0.310117
1226,scored_log,1778299412.997000,1778299416.010000,20958,21007,50,0.0003513240080792457,0,benign,0.5,2,57|58,0.007384168045744821,-0.058250014540292716,0.5355253038939054,1,0.1609035179738271,iforest_only,0,0.310117
175,scored_log,1778299018.039000,1778299018.058000,10448,10497,50,0.007163891103118658,0,benign,0.5,1,18,0.0022444832207405563,0.0022444832207405563,0.5171744066859412,1,0.16016704577796545,iforest_only,0,0.310117
173,scored_log,1778299018.036000,1778299018.049000,10428,10477,50,0.006450718268752098,0,benign,0.5,1,18,0.0022444832207405563,0.0022444832207405563,0.5171744066859412,1,0.15966782479390884,iforest_only,0,0.310117
174,scored_log,1778299018.039000,1778299018.057000,10438,10487,50,0.006218975409865379,0,benign,0.5,1,18,0.0022444832207405563,0.0022444832207405563,0.5171744066859412,1,0.15950560479268816,iforest_only,0,0.310117
172,scored_log,1778299018.034000,1778299018.048000,10418,10467,50,0.003347638063132763,0,benign,0.5,1,18,0.0022444832207405563,0.0022444832207405563,0.5171744066859412,1,0.15749566864997533,iforest_only,0,0.310117
191,scored_log,1778299023.117000,1778299025.139000,10608,10657,50,0.0027307618875056505,0,benign,0.5,2,18|19,0.0022444832207405563,-0.046050657773423154,0.5171744066859412,1,0.15706385532703634,iforest_only,0,0.310117
1351,scored_log,1778299459.883000,1778299464.897000,22208,22257,50,0.01928391307592392,0,benign,0.5,2,62|63,-0.024220184214026386,-0.07865080386726597,0.4226841007092582,0,0.14030396936592424,low_score,0,0.310117
1352,scored_log,1778299464.892000,1778299464.899000,22218,22267,50,0.01838592067360878,0,benign,0.5,1,63,-0.024220184214026386,-0.024220184214026386,0.4226841007092582,0,0.13967537468430363,low_score,0,0.310117
660,scored_log,1778299231.870000,1778299231.884000,15298,15347,50,0.03340579569339752,0,benign,0.5,1,39,-0.036985606341496724,-0.036985606341496724,0.377106023987932,0,0.13651586418175787,low_score,0,0.310117
1421,scored_log,1778299473.111000,1778299478.131000,22908,22957,50,0.012820121832191944,0,benign,0.5,2,63|64,-0.024220184214026386,-0.07903782831151451,0.4226841007092582,0,0.13577931549531183,low_score,0,0.310117
1375,scored_log,1778299466.949000,1778299470.992000,22448,22497,50,0.0118348877876997,0,benign,0.5,1,63,-0.024220184214026386,-0.024220184214026386,0.4226841007092582,0,0.13508965166416728,low_score,0,0.310117
1423,scored_log,1778299473.113000,1778299478.135000,22928,22977,50,0.010862646624445915,0,benign,0.5,2,63|64,-0.024220184214026386,-0.07903782831151451,0.4226841007092582,0,0.13440908284988962,low_score,0,0.310117
1350,scored_log,1778299459.882000,1778299464.897000,22198,22247,50,0.010840791277587414,0,benign,0.5,2,62|63,-0.024220184214026386,-0.07865080386726597,0.4226841007092582,0,0.13439378410708866,low_score,0,0.310117
1370,scored_log,1778299465.932000,1778299466.949000,22398,22447,50,0.01007876731455326,0,benign,0.5,1,63,-0.024220184214026386,-0.024220184214026386,0.4226841007092582,0,0.13386036733296477,low_score,0,0.310117
1374,scored_log,1778299466.947000,1778299470.991000,22438,22487,50,0.010032055899500847,0,benign,0.5,1,63,-0.024220184214026386,-0.024220184214026386,0.4226841007092582,0,0.13382766934242807,low_score,0,0.310117
1369,scored_log,1778299465.930000,1778299466.947000,22388,22437,50,0.009766189381480217,0,benign,0.5,1,63,-0.024220184214026386,-0.024220184214026386,0.4226841007092582,0,0.13364156277981362,low_score,0,0.310117
566,scored_log,1778299196.876000,1778299201.122000,14358,14407,50,0.011206945404410362,0,benign,0.5,1,36,-0.02526907829968672,-0.02526907829968672,0.41893909528512147,0,0.1335265903686237,low_score,0,0.310117
1373,scored_log,1778299466.947000,1778299470.991000,22428,22477,50,0.009585665538907051,0,benign,0.5,1,63,-0.024220184214026386,-0.024220184214026386,0.4226841007092582,0,0.13351519609001242,low_score,0,0.310117
565,scored_log,1778299196.876000,1778299201.122000,14348,14397,50,0.010716695338487625,0,benign,0.5,1,36,-0.02526907829968672,-0.02526907829968672,0.41893909528512147,0,0.1331834153224778,low_score,0,0.310117
561,scored_log,1778299193.628000,1778299196.876000,14308,14357,50,0.010621699504554272,0,benign,0.5,2,35|36,-0.02526907829968672,-0.04963996915466701,0.41893909528512147,0,0.13311691823872443,low_score,0,0.310117
573,scored_log,1778299201.145000,1778299203.331000,14428,14477,50,0.010517309419810772,0,benign,0.5,1,36,-0.02526907829968672,-0.02526907829968672,0.41893909528512147,0,0.13304384517940399,low_score,0,0.310117
1368,scored_log,1778299465.930000,1778299466.947000,22378,22427,50,0.00886610709130764,0,benign,0.5,1,63,-0.024220184214026386,-0.024220184214026386,0.4226841007092582,0,0.13301150517669283,low_score,0,0.310117
1418,scored_log,1778299471.106000,1778299473.113000,22878,22927,50,0.008833091706037521,0,benign,0.5,1,63,-0.024220184214026386,-0.024220184214026386,0.4226841007092582,0,0.13298839440700375,low_score,0,0.310117
560,scored_log,1778299193.627000,1778299196.876000,14298,14347,50,0.01006582472473383,0,benign,0.5,2,35|36,-0.02526907829968672,-0.04963996915466701,0.41893909528512147,0,0.13272780589285013,low_score,0,0.310117
1348,scored_log,1778299459.878000,1778299464.892000,22178,22227,50,0.00835660845041275,0,benign,0.5,2,62|63,-0.024220184214026386,-0.07865080386726597,0.4226841007092582,0,0.1326548561280664,low_score,0,0.310117
1349,scored_log,1778299459.881000,1778299464.894000,22188,22237,50,0.008339106105268002,0,benign,0.5,2,62|63,-0.024220184214026386,-0.07865080386726597,0.4226841007092582,0,0.1326426044864651,low_score,0,0.310117
1364,scored_log,1778299464.918000,1778299465.930000,22338,22387,50,0.008248812519013882,0,benign,0.5,1,63,-0.024220184214026386,-0.024220184214026386,0.4226841007092582,0,0.1325793989760872,low_score,0,0.310117
1365,scored_log,1778299464.921000,1778299465.932000,22348,22397,50,0.008211844600737095,0,benign,0.5,1,63,-0.024220184214026386,-0.024220184214026386,0.4226841007092582,0,0.13255352143329344,low_score,0,0.310117
1417,scored_log,1778299471.106000,1778299473.111000,22868,22917,50,0.008149870671331882,0,benign,0.5,1,63,-0.024220184214026386,-0.024220184214026386,0.4226841007092582,0,0.1325101396827098,low_score,0,0.310117
586,scored_log,1778299203.352000,1778299205.361000,14558,14607,50,0.008767315186560154,0,benign,0.5,2,36|37,-0.02526907829968672,-0.04881297267992288,0.41893909528512147,0,0.13181884921612855,low_score,0,0.310117
572,scored_log,1778299201.129000,1778299203.331000,14418,14467,50,0.008755786344408989,0,benign,0.5,1,36,-0.02526907829968672,-0.02526907829968672,0.41893909528512147,0,0.13181077902662275,low_score,0,0.310117
1366,scored_log,1778299464.923000,1778299465.934000,22358,22407,50,0.007099926471710205,0,benign,0.5,1,63,-0.024220184214026386,-0.024220184214026386,0.4226841007092582,0,0.13177517874297462,low_score,0,0.310117
1420,scored_log,1778299471.106000,1778299478.130000,22898,22947,50,0.0069977822713553905,0,benign,0.5,2,63|64,-0.024220184214026386,-0.07903782831151451,0.4226841007092582,0,0.13170367780272627,low_score,0,0.310117
585,scored_log,1778299203.349000,1778299205.361000,14548,14597,50,0.00795759353786707,0,benign,0.5,2,36|37,-0.02526907829968672,-0.04881297267992288,0.41893909528512147,0,0.13125204406204338,low_score,0,0.310117
1416,scored_log,1778299471.106000,1778299473.111000,22858,22907,50,0.006202729418873787,0,benign,0.5,1,63,-0.024220184214026386,-0.024220184214026386,0.4226841007092582,0,0.13114714080598913,low_score,0,0.310117
574,scored_log,1778299201.151000,1778299203.335000,14438,14487,50,0.0075532724149525166,0,benign,0.5,1,36,-0.02526907829968672,-0.02526907829968672,0.41893909528512147,0,0.1309690192760032,low_score,0,0.310117
563,scored_log,1778299193.748000,1778299196.995000,14328,14377,50,0.0066996063105762005,0,benign,0.5,2,35|36,-0.02526907829968672,-0.04963996915466701,0.41893909528512147,0,0.13037145300293979,low_score,0,0.310117
1363,scored_log,1778299464.913000,1778299465.930000,22328,22377,50,0.004614683799445629,0,benign,0.5,1,63,-0.024220184214026386,-0.024220184214026386,0.4226841007092582,0,0.13003550887238943,low_score,0,0.310117
1347,scored_log,1778299459.874000,1778299464.892000,22168,22217,50,0.004609165247529745,0,benign,0.5,2,62|63,-0.024220184214026386,-0.07865080386726597,0.4226841007092582,0,0.1300316458860483,low_score,0,0.310117
1372,scored_log,1778299465.944000,1778299467.985000,22418,22467,50,0.0037008863873779774,0,benign,0.5,1,63,-0.024220184214026386,-0.024220184214026386,0.4226841007092582,0,0.12939585068394208,low_score,0,0.310117
564,scored_log,1778299196.876000,1778299201.122000,14338,14387,50,0.004535266198217869,0,benign,0.5,1,36,-0.02526907829968672,-0.02526907829968672,0.41893909528512147,0,0.12885641492428895,low_score,0,0.310117
562,scored_log,1778299193.632000,1778299196.880000,14318,14367,50,0.0041232360526919365,0,benign,0.5,2,35|36,-0.02526907829968672,-0.04963996915466701,0.41893909528512147,0,0.1285679938224208,low_score,0,0.310117
1422,scored_log,1778299473.111000,1778299478.131000,22918,22967,50,0.002264869399368763,0,benign,0.5,2,63|64,-0.024220184214026386,-0.07903782831151451,0.4226841007092582,0,0.12839063879233562,low_score,0,0.310117
567,scored_log,1778299196.880000,1778299201.129000,14368,14417,50,0.0032961596734821796,0,benign,0.5,1,36,-0.02526907829968672,-0.02526907829968672,0.41893909528512147,0,0.12798904035697398,low_score,0,0.310117
568,scored_log,1778299196.995000,1778299201.144000,14378,14427,50,0.0032431045547127724,0,benign,0.5,1,36,-0.02526907829968672,-0.02526907829968672,0.41893909528512147,0,0.1279519017738354,low_score,0,0.310117
559,scored_log,1778299193.627000,1778299196.876000,14288,14337,50,0.003226315602660179,0,benign,0.5,2,35|36,-0.02526907829968672,-0.04963996915466701,0.41893909528512147,0,0.12794014950739857,low_score,0,0.310117
1354,scored_log,1778299464.894000,1778299464.903000,22238,22287,50,0.001346847740933299,0,benign,0.5,1,63,-0.024220184214026386,-0.024220184214026386,0.4226841007092582,0,0.12774802363143078,low_score,0,0.310117
1353,scored_log,1778299464.892000,1778299464.901000,22228,22277,50,0.0012386846356093884,0,benign,0.5,1,63,-0.024220184214026386,-0.024220184214026386,0.4226841007092582,0,0.12767230945770405,low_score,0,0.310117
1360,scored_log,1778299464.906000,1778299464.921000,22298,22347,50,0.0011819166829809546,0,benign,0.5,1,63,-0.024220184214026386,-0.024220184214026386,0.4226841007092582,0,0.12763257189086416,low_score,0,0.310117
1359,scored_log,1778299464.904000,1778299464.918000,22288,22337,50,0.0011648606741800904,0,benign,0.5,1,63,-0.024220184214026386,-0.024220184214026386,0.4226841007092582,0,0.12762063268470356,low_score,0,0.310117
1356,scored_log,1778299464.897000,1778299464.908000,22258,22307,50,0.0011190797667950392,0,benign,0.5,1,63,-0.024220184214026386,-0.024220184214026386,0.4226841007092582,0,0.12758858604953402,low_score,0,0.310117
1361,scored_log,1778299464.908000,1778299464.923000,22308,22357,50,0.0010921749053522944,0,benign,0.5,1,63,-0.024220184214026386,-0.024220184214026386,0.4226841007092582,0,0.1275697526465241,low_score,0,0.310117
1358,scored_log,1778299464.902000,1778299464.912000,22278,22327,50,0.0009537784499116242,0,benign,0.5,1,63,-0.024220184214026386,-0.024220184214026386,0.4226841007092582,0,0.12747287512771563,low_score,0,0.310117
1362,scored_log,1778299464.910000,1778299464.923000,22318,22367,50,0.0007815209683030844,0,benign,0.5,1,63,-0.024220184214026386,-0.024220184214026386,0.4226841007092582,0,0.12735229489058963,low_score,0,0.310117
1357,scored_log,1778299464.899000,1778299464.910000,22268,22317,50,0.0007467175018973649,0,benign,0.5,1,63,-0.024220184214026386,-0.024220184214026386,0.4226841007092582,0,0.12732793246410565,low_score,0,0.310117
1419,scored_log,1778299471.106000,1778299473.115000,22888,22937,50,0.0007350626401603222,0,benign,0.5,1,63,-0.024220184214026386,-0.024220184214026386,0.4226841007092582,0,0.1273197740608897,low_score,0,0.310117
1355,scored_log,1778299464.897000,1778299464.906000,22248,22297,50,0.0007339703151956201,0,benign,0.5,1,63,-0.024220184214026386,-0.024220184214026386,0.4226841007092582,0,0.12731900943341443,low_score,0,0.310117
1405,scored_log,1778299471.104000,1778299471.104000,22748,22797,50,0.0007176767103374004,0,benign,0.5,1,63,-0.024220184214026386,-0.024220184214026386,0.4226841007092582,0,0.12730760391001367,low_score,0,0.310117
1406,scored_log,1778299471.104000,1778299471.104000,22758,22807,50,0.0007176767103374004,0,benign,0.5,1,63,-0.024220184214026386,-0.024220184214026386,0.4226841007092582,0,0.12730760391001367,low_score,0,0.310117
1415,scored_log,1778299471.105000,1778299471.106000,22848,22897,50,0.0007176528451964259,0,benign,0.5,1,63,-0.024220184214026386,-0.024220184214026386,0.4226841007092582,0,0.12730758720441498,low_score,0,0.310117
1399,scored_log,1778299471.102000,1778299471.103000,22688,22737,50,0.000717650749720633,0,benign,0.5,1,63,-0.024220184214026386,-0.024220184214026386,0.4226841007092582,0,0.1273075857375819,low_score,0,0.310117
1404,scored_log,1778299471.103000,1778299471.104000,22738,22787,50,0.0007176487124525011,0,benign,0.5,1,63,-0.024220184214026386,-0.024220184214026386,0.4226841007092582,0,0.12730758431149422,low_score,0,0.310117
1414,scored_log,1778299471.105000,1778299471.106000,22838,22887,50,0.0007176322978921235,0,benign,0.5,1,63,-0.024220184214026386,-0.024220184214026386,0.4226841007092582,0,0.12730757282130198,low_score,0,0.310117
1398,scored_log,1778299471.102000,1778299471.103000,22678,22727,50,0.000717630609869957,0,benign,0.5,1,63,-0.024220184214026386,-0.024220184214026386,0.4226841007092582,0,0.12730757163968645,low_score,0,0.310117
1410,scored_log,1778299471.104000,1778299471.105000,22798,22847,50,0.000717630609869957,0,benign,0.5,1,63,-0.024220184214026386,-0.024220184214026386,0.4226841007092582,0,0.12730757163968645,low_score,0,0.310117
1403,scored_log,1778299471.103000,1778299471.104000,22728,22777,50,0.0007176282233558595,0,benign,0.5,1,63,-0.024220184214026386,-0.024220184214026386,0.4226841007092582,0,0.1273075699691266,low_score,0,0.310117
1413,scored_log,1778299471.105000,1778299471.106000,22828,22877,50,0.0007176076760515571,0,benign,0.5,1,63,-0.024220184214026386,-0.024220184214026386,0.4226841007092582,0,0.12730755558601356,low_score,0,0.310117
1397,scored_log,1778299471.102000,1778299471.103000,22668,22717,50,0.0007176049402914941,0,benign,0.5,1,63,-0.024220184214026386,-0.024220184214026386,0.4226841007092582,0,0.12730755367098154,low_score,0,0.310117
1409,scored_log,1778299471.104000,1778299471.105000,22788,22837,50,0.0007176049402914941,0,benign,0.5,1,63,-0.024220184214026386,-0.024220184214026386,0.4226841007092582,0,0.12730755367098154,low_score,0,0.310117
1394,scored_log,1778299471.101000,1778299471.102000,22638,22687,50,0.0007176015642471611,0,benign,0.5,1,63,-0.024220184214026386,-0.024220184214026386,0.4226841007092582,0,0.12730755130775048,low_score,0,0.310117
1402,scored_log,1778299471.103000,1778299471.104000,22718,22767,50,0.0007176015642471611,0,benign,0.5,1,63,-0.024220184214026386,-0.024220184214026386,0.4226841007092582,0,0.12730755130775048,low_score,0,0.310117
1412,scored_log,1778299471.105000,1778299471.106000,22818,22867,50,0.000717570073902607,0,benign,0.5,1,63,-0.024220184214026386,-0.024220184214026386,0.4226841007092582,0,0.1273075292645093,low_score,0,0.310117
1408,scored_log,1778299471.104000,1778299471.105000,22778,22827,50,0.0007175653008744121,0,benign,0.5,1,63,-0.024220184214026386,-0.024220184214026386,0.4226841007092582,0,0.12730752592338956,low_score,0,0.310117
1401,scored_log,1778299471.103000,1778299471.104000,22708,22757,50,0.0007175601786002517,0,benign,0.5,1,63,-0.024220184214026386,-0.024220184214026386,0.4226841007092582,0,0.12730752233779766,low_score,0,0.310117
1396,scored_log,1778299471.101000,1778299471.103000,22658,22707,50,0.0007175375358201563,0,benign,0.5,1,63,-0.024220184214026386,-0.024220184214026386,0.4226841007092582,0,0.12730750648785158,low_score,0,0.310117
1393,scored_log,1778299471.100000,1778299471.102000,22628,22677,50,0.0007175358477979898,0,benign,0.5,1,63,-0.024220184214026386,-0.024220184214026386,0.4226841007092582,0,0.12730750530623608,low_score,0,0.310117
1411,scored_log,1778299471.104000,1778299471.106000,22808,22857,50,0.00071744155138731,0,benign,0.5,1,63,-0.024220184214026386,-0.024220184214026386,0.4226841007092582,0,0.1273074392987486,low_score,0,0.310117
1407,scored_log,1778299471.104000,1778299471.105000,22768,22817,50,0.0007174199563451111,0,benign,0.5,1,63,-0.024220184214026386,-0.024220184214026386,0.4226841007092582,0,0.12730742418221905,low_score,0,0.310117
1395,scored_log,1778299471.101000,1778299471.103000,22648,22697,50,0.0007173711201176047,0,benign,0.5,1,63,-0.024220184214026386,-0.024220184214026386,0.4226841007092582,0,0.1273073899968598,low_score,0,0.310117
1400,scored_log,1778299471.103000,1778299471.104000,22698,22747,50,0.0007172609912231565,0,benign,0.5,1,63,-0.024220184214026386,-0.024220184214026386,0.4226841007092582,0,0.1273073129066337,low_score,0,0.310117
1392,scored_log,1778299471.094000,1778299471.102000,22618,22667,50,0.0007114980835467577,0,benign,0.5,1,63,-0.024220184214026386,-0.024220184214026386,0.4226841007092582,0,0.12730327887126022,low_score,0,0.310117
1391,scored_log,1778299471.086000,1778299471.101000,22608,22657,50,0.00070341577520594,0,benign,0.5,1,63,-0.024220184214026386,-0.024220184214026386,0.4226841007092582,0,0.12729762125542163,low_score,0,0.310117
575,scored_log,1778299202.225000,1778299203.337000,14448,14497,50,0.002305342350155115,0,benign,0.5,1,36,-0.02526907829968672,-0.02526907829968672,0.41893909528512147,0,0.12729546823064503,low_score,0,0.310117
1390,scored_log,1778299471.077000,1778299471.101000,22598,22647,50,0.0006747159641236067,0,benign,0.5,1,63,-0.024220184214026386,-0.024220184214026386,0.4226841007092582,0,0.127277531387664,low_score,0,0.310117
1389,scored_log,1778299471.069000,1778299471.101000,22588,22637,50,0.0005837550852447748,0,benign,0.5,1,63,-0.024220184214026386,-0.024220184214026386,0.4226841007092582,0,0.1272138587724488,low_score,0,0.310117
646,scored_log,1778299219.578000,1778299224.600000,15158,15207,50,0.0200235266238451,0,benign,0.5,2,38|39,-0.036985606341496724,-0.08587883098995883,0.377106023987932,0,0.1271482758330712,low_score,0,0.310117
1367,scored_log,1778299464.924000,1778299465.942000,22368,22417,50,0.0004712397058028728,0,benign,0.5,1,63,-0.024220184214026386,-0.024220184214026386,0.4226841007092582,0,0.1271350980068395,low_score,0,0.310117
569,scored_log,1778299201.122000,1778299201.151000,14388,14437,50,0.0020082031842321157,0,benign,0.5,1,36,-0.02526907829968672,-0.02526907829968672,0.41893909528512147,0,0.12708747081449892,low_score,0,0.310117
1371,scored_log,1778299465.934000,1778299466.953000,22408,22457,50,0.0003436087572481483,0,benign,0.5,1,63,-0.024220184214026386,-0.024220184214026386,0.4226841007092582,0,0.12704575634285117,low_score,0,0.310117
1388,scored_log,1778299471.060000,1778299471.100000,22578,22627,50,0.0003198753111064434,0,benign,0.5,1,63,-0.024220184214026386,-0.024220184214026386,0.4226841007092582,0,0.12702914293055198,low_score,0,0.310117
1376,scored_log,1778299466.954000,1778299471.000000,22458,22507,50,0.00027545762713998556,0,benign,0.5,1,63,-0.024220184214026386,-0.024220184214026386,0.4226841007092582,0,0.12699805055177546,low_score,0,0.310117
1377,scored_log,1778299467.985000,1778299471.009000,22468,22517,50,0.0002063390420516953,0,benign,0.5,1,63,-0.024220184214026386,-0.024220184214026386,0.4226841007092582,0,0.12694966754221368,low_score,0,0.310117
1378,scored_log,1778299470.991000,1778299471.017000,22478,22527,50,0.00018394111248198897,0,benign,0.5,1,63,-0.024220184214026386,-0.024220184214026386,0.4226841007092582,0,0.12693398899151487,low_score,0,0.310117
1379,scored_log,1778299470.991000,1778299471.025000,22488,22537,50,0.00017193477833643556,0,benign,0.5,1,63,-0.024220184214026386,-0.024220184214026386,0.4226841007092582,0,0.126925584557613,low_score,0,0.310117
1380,scored_log,1778299470.992000,1778299471.033000,22498,22547,50,0.0001653953513596207,0,benign,0.5,1,63,-0.024220184214026386,-0.024220184214026386,0.4226841007092582,0,0.1269210069587292,low_score,0,0.310117
1387,scored_log,1778299471.051000,1778299471.093000,22568,22617,50,0.0001646743039600551,0,benign,0.5,1,63,-0.024220184214026386,-0.024220184214026386,0.4226841007092582,0,0.12692050222554951,low_score,0,0.310117
1386,scored_log,1778299471.043000,1778299471.084000,22558,22607,50,0.00016460445476695895,0,benign,0.5,1,63,-0.024220184214026386,-0.024220184214026386,0.4226841007092582,0,0.12692045333111435,low_score,0,0.310117
1382,scored_log,1778299471.009000,1778299471.050000,22518,22567,50,0.00016455455624964088,0,benign,0.5,1,63,-0.024220184214026386,-0.024220184214026386,0.4226841007092582,0,0.12692041840215224,low_score,0,0.310117
1385,scored_log,1778299471.035000,1778299471.076000,22548,22597,50,0.00016454623255413026,0,benign,0.5,1,63,-0.024220184214026386,-0.024220184214026386,0.4226841007092582,0,0.12692041257556538,low_score,0,0.310117
1383,scored_log,1778299471.018000,1778299471.059000,22528,22577,50,0.0001645200391067192,0,benign,0.5,1,63,-0.024220184214026386,-0.024220184214026386,0.4226841007092582,0,0.1269203942401522,low_score,0,0.310117
1381,scored_log,1778299471.001000,1778299471.042000,22508,22557,50,0.00016450560360681266,0,benign,0.5,1,63,-0.024220184214026386,-0.024220184214026386,0.4226841007092582,0,0.12692038413530224,low_score,0,0.310117
1384,scored_log,1778299471.027000,1778299471.068000,22538,22587,50,0.00016430745017714798,0,benign,0.5,1,63,-0.024220184214026386,-0.024220184214026386,0.4226841007092582,0,0.12692024542790148,low_score,0,0.310117
645,scored_log,1778299219.578000,1778299224.597000,15148,15197,50,0.019480660557746887,0,benign,0.5,2,38|39,-0.036985606341496724,-0.08587883098995883,0.377106023987932,0,0.12676826958680243,low_score,0,0.310117
582,scored_log,1778299203.341000,1778299203.354000,14518,14567,50,0.0011704241624101996,0,benign,0.5,1,36,-0.02526907829968672,-0.02526907829968672,0.41893909528512147,0,0.1265010254992236,low_score,0,0.310117
587,scored_log,1778299203.354000,1778299205.365000,14568,14617,50,0.001150230411440134,0,benign,0.5,2,36|37,-0.02526907829968672,-0.04881297267992288,0.41893909528512147,0,0.12648688987354453,low_score,0,0.310117
579,scored_log,1778299203.335000,1778299203.342000,14488,14537,50,0.0011279946193099022,0,benign,0.5,1,36,-0.02526907829968672,-0.02526907829968672,0.41893909528512147,0,0.12647132481905338,low_score,0,0.310117
578,scored_log,1778299203.331000,1778299203.341000,14478,14527,50,0.0009235259494744241,0,benign,0.5,1,36,-0.02526907829968672,-0.02526907829968672,0.41893909528512147,0,0.12632819675016854,low_score,0,0.310117
577,scored_log,1778299203.331000,1778299203.341000,14468,14517,50,0.00092007388593629,0,benign,0.5,1,36,-0.02526907829968672,-0.02526907829968672,0.41893909528512147,0,0.12632578030569186,low_score,0,0.310117
576,scored_log,1778299203.331000,1778299203.339000,14458,14507,50,0.0007973812753334641,0,benign,0.5,1,36,-0.02526907829968672,-0.02526907829968672,0.41893909528512147,0,0.12623989547826986,low_score,0,0.310117
583,scored_log,1778299203.341000,1778299203.354000,14528,14577,50,0.0007480749627575278,0,benign,0.5,1,36,-0.02526907829968672,-0.02526907829968672,0.41893909528512147,0,0.12620538105946671,low_score,0,0.310117
581,scored_log,1778299203.339000,1778299203.351000,14508,14557,50,0.0006843085866421461,0,benign,0.5,1,36,-0.02526907829968672,-0.02526907829968672,0.41893909528512147,0,0.12616074459618595,low_score,0,0.310117
588,scored_log,1778299203.354000,1778299205.365000,14578,14627,50,0.0006448491476476192,0,benign,0.5,2,36|37,-0.02526907829968672,-0.04881297267992288,0.41893909528512147,0,0.1261331229888898,low_score,0,0.310117
570,scored_log,1778299201.122000,1778299202.225000,14398,14447,50,0.0005747292307205498,0,benign,0.5,1,36,-0.02526907829968672,-0.02526907829968672,0.41893909528512147,0,0.12608403904704082,low_score,0,0.310117
584,scored_log,1778299203.343000,1778299205.360000,14538,14587,50,0.0005462983390316367,0,benign,0.5,2,36|37,-0.02526907829968672,-0.04881297267992288,0.41893909528512147,0,0.1260641374228586,low_score,0,0.310117
580,scored_log,1778299203.337000,1778299203.348000,14498,14547,50,0.00046491713146679103,0,benign,0.5,1,36,-0.02526907829968672,-0.02526907829968672,0.41893909528512147,0,0.1260071705775632,low_score,0,0.310117
571,scored_log,1778299201.123000,1778299203.329000,14408,14457,50,0.00040816355613060296,0,benign,0.5,1,36,-0.02526907829968672,-0.02526907829968672,0.41893909528512147,0,0.12596744307482788,low_score,0,0.310117
644,scored_log,1778299219.574000,1778299224.597000,15138,15187,50,0.0175639595836401,0,benign,0.5,2,38|39,-0.036985606341496724,-0.08587883098995883,0.377106023987932,0,0.1254265789049277,low_score,0,0.310117
655,scored_log,1778299227.621000,1778299231.870000,15248,15297,50,0.011036016047000885,0,benign,0.5,1,39,-0.036985606341496724,-0.036985606341496724,0.377106023987932,0,0.12085701842928025,low_score,0,0.310117
661,scored_log,1778299231.875000,1778299231.893000,15308,15357,50,0.010976647026836872,0,benign,0.5,1,39,-0.036985606341496724,-0.036985606341496724,0.377106023987932,0,0.12081546011516543,low_score,0,0.310117
654,scored_log,1778299227.621000,1778299231.870000,15238,15287,50,0.010652461089193821,0,benign,0.5,1,39,-0.036985606341496724,-0.036985606341496724,0.377106023987932,0,0.12058852995881529,low_score,0,0.310117
292,scored_log,1778299075.545000,1778299075.552000,11618,11667,50,0.019973304122686386,0,benign,0.5,1,24,-0.043522511941811504,-0.043522511941811504,0.35376644445847266,0,0.12011124622342229,low_score,0,0.310117
650,scored_log,1778299224.597000,1778299227.621000,15198,15247,50,0.00940670445561409,0,benign,0.5,1,39,-0.036985606341496724,-0.036985606341496724,0.377106023987932,0,0.11971650031530949,low_score,0,0.310117
649,scored_log,1778299224.597000,1778299227.621000,15188,15237,50,0.00864837970584631,0,benign,0.5,1,39,-0.036985606341496724,-0.036985606341496724,0.377106023987932,0,0.11918567299047204,low_score,0,0.310117
659,scored_log,1778299231.870000,1778299231.883000,15288,15337,50,0.007058155257254839,0,benign,0.5,1,39,-0.036985606341496724,-0.036985606341496724,0.377106023987932,0,0.118072515876458,low_score,0,0.310117
652,scored_log,1778299224.608000,1778299227.741000,15218,15267,50,0.0066675953567028046,0,benign,0.5,1,39,-0.036985606341496724,-0.036985606341496724,0.377106023987932,0,0.11779912394607159,low_score,0,0.310117
291,scored_log,1778299069.538000,1778299075.550000,11608,11657,50,0.016143955290317535,0,benign,0.5,2,23|24,-0.043522511941811504,-0.08241132070981885,0.35376644445847266,0,0.11743070204076408,low_score,0,0.310117
658,scored_log,1778299231.869000,1778299231.882000,15278,15327,50,0.004357205703854561,0,benign,0.5,1,39,-0.036985606341496724,-0.036985606341496724,0.377106023987932,0,0.11618185118907781,low_score,0,0.310117
657,scored_log,1778299227.742000,1778299231.876000,15268,15317,50,0.003531933529302478,0,benign,0.5,1,39,-0.036985606341496724,-0.036985606341496724,0.377106023987932,0,0.11560416066689136,low_score,0,0.310117
305,scored_log,1778299081.591000,1778299083.606000,11748,11797,50,0.011638735421001911,0,benign,0.5,1,24,-0.043522511941811504,-0.043522511941811504,0.35376644445847266,0,0.11427704813224315,low_score,0,0.310117
656,scored_log,1778299227.626000,1778299231.874000,15258,15307,50,0.0010528303682804108,0,benign,0.5,1,39,-0.036985606341496724,-0.036985606341496724,0.377106023987932,0,0.1138687884541759,low_score,0,0.310117
651,scored_log,1778299224.601000,1778299227.624000,15208,15257,50,0.0010428439127281308,0,benign,0.5,1,39,-0.036985606341496724,-0.036985606341496724,0.377106023987932,0,0.11386179793528932,low_score,0,0.310117
648,scored_log,1778299222.594000,1778299227.620000,15178,15227,50,0.0009459642460569739,0,benign,0.5,2,38|39,-0.036985606341496724,-0.08587883098995883,0.377106023987932,0,0.11379398216861951,low_score,0,0.310117
304,scored_log,1778299081.591000,1778299083.606000,11738,11787,50,0.010849599726498127,0,benign,0.5,1,24,-0.043522511941811504,-0.043522511941811504,0.35376644445847266,0,0.1137246531460905,low_score,0,0.310117
653,scored_log,1778299227.621000,1778299231.869000,15228,15277,50,0.0008114529773592949,0,benign,0.5,1,39,-0.036985606341496724,-0.036985606341496724,0.377106023987932,0,0.11369982428053113,low_score,0,0.310117
647,scored_log,1778299219.579000,1778299224.607000,15168,15217,50,0.0005428812582977116,0,benign,0.5,2,38|39,-0.036985606341496724,-0.08587883098995883,0.377106023987932,0,0.11351182407718802,low_score,0,0.310117
290,scored_log,1778299069.529000,1778299075.550000,11598,11647,50,0.010272441431879997,0,benign,0.5,2,23|24,-0.043522511941811504,-0.08241132070981885,0.35376644445847266,0,0.11332064233985781,low_score,0,0.310117
310,scored_log,1778299083.606000,1778299086.640000,11798,11847,50,0.009892704896628857,0,benign,0.5,2,24|25,-0.043522511941811504,-0.08562235285583958,0.35376644445847266,0,0.11305482676518201,low_score,0,0.310117
297,scored_log,1778299075.552000,1778299080.569000,11668,11717,50,0.009850344620645046,0,benign,0.5,1,24,-0.043522511941811504,-0.043522511941811504,0.35376644445847266,0,0.11302517457199335,low_score,0,0.310117
296,scored_log,1778299075.550000,1778299080.567000,11658,11707,50,0.009411029517650604,0,benign,0.5,1,24,-0.043522511941811504,-0.043522511941811504,0.35376644445847266,0,0.11271765399989724,low_score,0,0.310117
309,scored_log,1778299083.606000,1778299086.640000,11788,11837,50,0.00929508451372385,0,benign,0.5,2,24|25,-0.043522511941811504,-0.08562235285583958,0.35376644445847266,0,0.11263649249714851,low_score,0,0.310117
289,scored_log,1778299069.524000,1778299075.547000,11588,11637,50,0.009147939272224903,0,benign,0.5,2,23|24,-0.043522511941811504,-0.08241132070981885,0.35376644445847266,0,0.11253349082809924,low_score,0,0.310117
301,scored_log,1778299080.567000,1778299081.591000,11708,11757,50,0.008950634859502316,0,benign,0.5,1,24,-0.043522511941811504,-0.043522511941811504,0.35376644445847266,0,0.11239537773919343,low_score,0,0.310117
295,scored_log,1778299075.550000,1778299080.567000,11648,11697,50,0.00860357005149126,0,benign,0.5,1,24,-0.043522511941811504,-0.043522511941811504,0.35376644445847266,0,0.11215243237358569,low_score,0,0.310117
300,scored_log,1778299080.567000,1778299081.591000,11698,11747,50,0.008187801577150822,0,benign,0.5,1,24,-0.043522511941811504,-0.043522511941811504,0.35376644445847266,0,0.11186139444154738,low_score,0,0.310117
288,scored_log,1778299069.523000,1778299075.546000,11578,11627,50,0.007671154569834471,0,benign,0.5,2,23|24,-0.043522511941811504,-0.08241132070981885,0.35376644445847266,0,0.11149974153642594,low_score,0,0.310117
293,scored_log,1778299075.546000,1778299077.558000,11628,11677,50,0.006144259590655565,0,benign,0.5,1,24,-0.043522511941811504,-0.043522511941811504,0.35376644445847266,0,0.11043091505100071,low_score,0,0.310117
287,scored_log,1778299069.523000,1778299075.545000,11568,11617,50,0.005351318046450615,0,benign,0.5,2,23|24,-0.043522511941811504,-0.08241132070981885,0.35376644445847266,0,0.10987585597005724,low_score,0,0.310117
294,scored_log,1778299075.547000,1778299077.742000,11638,11687,50,0.004462770652025938,0,benign,0.5,1,24,-0.043522511941811504,-0.043522511941811504,0.35376644445847266,0,0.10925387279395997,low_score,0,0.310117
302,scored_log,1778299080.569000,1778299081.595000,11718,11767,50,0.0027943074237555265,0,benign,0.5,1,24,-0.043522511941811504,-0.043522511941811504,0.35376644445847266,0,0.10808594853417068,low_score,0,0.310117
311,scored_log,1778299083.610000,1778299086.643000,11808,11857,50,0.0016520833596587181,0,benign,0.5,2,24|25,-0.043522511941811504,-0.08562235285583958,0.35376644445847266,0,0.10728639168930292,low_score,0,0.310117
306,scored_log,1778299081.591000,1778299083.609000,11758,11807,50,0.0008714814903214574,0,benign,0.5,1,24,-0.043522511941811504,-0.043522511941811504,0.35376644445847266,0,0.10673997038076682,low_score,0,0.310117
308,scored_log,1778299083.606000,1778299084.637000,11778,11827,50,0.0006588942487724125,0,benign,0.5,2,24|25,-0.043522511941811504,-0.08562235285583958,0.35376644445847266,0,0.1065911593116825,low_score,0,0.310117
303,scored_log,1778299080.580000,1778299083.605000,11728,11777,50,0.0005164073663763702,0,benign,0.5,1,24,-0.043522511941811504,-0.043522511941811504,0.35376644445847266,0,0.10649141849400527,low_score,0,0.310117
298,scored_log,1778299077.558000,1778299080.579000,11678,11727,50,0.00040525360964238644,0,benign,0.5,1,24,-0.043522511941811504,-0.043522511941811504,0.35376644445847266,0,0.10641361086429148,low_score,0,0.310117
312,scored_log,1778299083.616000,1778299086.648000,11818,11867,50,0.0003205264511052519,0,benign,0.5,2,24|25,-0.043522511941811504,-0.08562235285583958,0.35376644445847266,0,0.10635430185331549,low_score,0,0.310117
299,scored_log,1778299077.743000,1778299081.590000,11688,11737,50,0.00028088208637200296,0,benign,0.5,1,24,-0.043522511941811504,-0.043522511941811504,0.35376644445847266,0,0.10632655079800221,low_score,0,0.310117
307,scored_log,1778299081.596000,1778299083.615000,11768,11817,50,0.000260891392827034,0,benign,0.5,1,24,-0.043522511941811504,-0.043522511941811504,0.35376644445847266,0,0.10631255731252073,low_score,0,0.310117
1084,scored_log,1778299379.944000,1778299384.963000,19538,19587,50,0.013856198638677597,0,benign,0.5,2,54|55,-0.053993194257512145,-0.07247973186210493,0.3163815811030602,0,0.10461381337799239,low_score,0,0.310117
1083,scored_log,1778299379.943000,1778299384.962000,19528,19577,50,0.013225286267697811,0,benign,0.5,2,54|55,-0.053993194257512145,-0.07247973186210493,0.3163815811030602,0,0.10417217471830653,low_score,0,0.310117
1162,scored_log,1778299393.164000,1778299395.179000,20318,20367,50,0.011633399873971939,0,benign,0.5,2,55|56,-0.053993194257512145,-0.08086007604706097,0.3163815811030602,0,0.10305785424269842,low_score,0,0.310117
1158,scored_log,1778299392.142000,1778299393.164000,20278,20327,50,0.011606454849243164,0,benign,0.5,1,55,-0.053993194257512145,-0.053993194257512145,0.3163815811030602,0,0.10303899272538829,low_score,0,0.310117
1082,scored_log,1778299378.940000,1778299384.962000,19518,19567,50,0.011196323670446873,0,benign,0.5,2,54|55,-0.053993194257512145,-0.07247973186210493,0.3163815811030602,0,0.10275190090023088,low_score,0,0.310117
1161,scored_log,1778299393.164000,1778299395.179000,20308,20357,50,0.010838940739631653,0,benign,0.5,2,55|56,-0.053993194257512145,-0.08086007604706097,0.3163815811030602,0,0.10250173284866022,low_score,0,0.310117
1157,scored_log,1778299392.134000,1778299393.164000,20268,20317,50,0.010579544119536877,0,benign,0.5,1,55,-0.053993194257512145,-0.053993194257512145,0.3163815811030602,0,0.10232015521459388,low_score,0,0.310117
1163,scored_log,1778299393.164000,1778299395.184000,20328,20377,50,0.00989383552223444,0,benign,0.5,2,55|56,-0.053993194257512145,-0.08086007604706097,0.3163815811030602,0,0.10184015919648218,low_score,0,0.310117
917,scored_log,1778299321.585000,1778299325.609000,17868,17917,50,0.018376192077994347,0,benign,0.5,2,48|49,-0.06025761884329184,-0.08148403437962656,0.29401487661537956,0,0.10106779743920993,low_score,0,0.310117
1150,scored_log,1778299387.101000,1778299392.123000,20198,20247,50,0.008767299354076385,0,benign,0.5,1,55,-0.053993194257512145,-0.053993194257512145,0.3163815811030602,0,0.10105158387877154,low_score,0,0.310117
1121,scored_log,1778299385.088000,1778299387.095000,19908,19957,50,0.008067743852734566,0,benign,0.5,1,55,-0.053993194257512145,-0.053993194257512145,0.3163815811030602,0,0.10056189502783226,low_score,0,0.310117
916,scored_log,1778299321.585000,1778299325.607000,17858,17907,50,0.01733476109802723,0,benign,0.5,2,48|49,-0.06025761884329184,-0.08148403437962656,0.29401487661537956,0,0.10033879575323294,low_score,0,0.310117
1149,scored_log,1778299387.101000,1778299392.123000,20188,20237,50,0.007254716940224171,0,benign,0.5,1,55,-0.053993194257512145,-0.053993194257512145,0.3163815811030602,0,0.09999277618907498,low_score,0,0.310117
1122,scored_log,1778299385.088000,1778299387.097000,19918,19967,50,0.006718169432133436,0,benign,0.5,1,55,-0.053993194257512145,-0.053993194257512145,0.3163815811030602,0,0.09961719293341148,low_score,0,0.310117
2083,scored_log,1778299660.703000,1778299663.715000,29528,29577,50,0.010435361415147781,0,benign,0.5,1,82,-0.056657193855058685,-0.056657193855058685,0.30686995063521455,0,0.09936573818116783,low_score,0,0.310117
2043,scored_log,1778299658.673000,1778299660.695000,29128,29177,50,0.009191605262458324,0,benign,0.5,1,82,-0.056657193855058685,-0.056657193855058685,0.30686995063521455,0,0.09849510887428521,low_score,0,0.310117
2087,scored_log,1778299663.714000,1778299665.737000,29568,29617,50,0.009173856116831303,0,benign,0.5,2,82|83,-0.056657193855058685,-0.08550322698605922,0.30686995063521455,0,0.09848268447234629,low_score,0,0.310117
2082,scored_log,1778299660.703000,1778299663.714000,29518,29567,50,0.0091392295435071,0,benign,0.5,1,82,-0.056657193855058685,-0.056657193855058685,0.30686995063521455,0,0.09845844587101935,low_score,0,0.310117
2026,scored_log,1778299653.628000,1778299656.649000,28958,29007,50,0.009054078720510006,0,benign,0.5,2,81|82,-0.056657193855058685,-0.061187604777115795,0.30686995063521455,0,0.09839884029492138,low_score,0,0.310117
2038,scored_log,1778299656.665000,1778299658.673000,29078,29127,50,0.008928731083869934,0,benign,0.5,1,82,-0.056657193855058685,-0.056657193855058685,0.30686995063521455,0,0.09831109694927334,low_score,0,0.310117
1120,scored_log,1778299385.086000,1778299387.095000,19898,19947,50,0.0047647347673773766,0,benign,0.5,1,55,-0.053993194257512145,-0.053993194257512145,0.3163815811030602,0,0.09824978866808223,low_score,0,0.310117
2037,scored_log,1778299656.661000,1778299658.673000,29068,29117,50,0.008598141372203827,0,benign,0.5,1,82,-0.056657193855058685,-0.056657193855058685,0.30686995063521455,0,0.09807968415110706,low_score,0,0.310117
2025,scored_log,1778299653.620000,1778299656.645000,28948,28997,50,0.008514816872775555,0,benign,0.5,2,81|82,-0.056657193855058685,-0.061187604777115795,0.30686995063521455,0,0.09802135700150727,low_score,0,0.310117
2086,scored_log,1778299663.714000,1778299665.737000,29558,29607,50,0.008411752060055733,0,benign,0.5,2,82|83,-0.056657193855058685,-0.08550322698605922,0.30686995063521455,0,0.0979492116326034,low_score,0,0.310117
2042,scored_log,1778299658.673000,1778299660.695000,29118,29167,50,0.008266362361609936,0,benign,0.5,1,82,-0.056657193855058685,-0.056657193855058685,0.30686995063521455,0,0.09784743884369133,low_score,0,0.310117
1159,scored_log,1778299392.148000,1778299393.169000,20288,20337,50,0.0035929521545767784,0,benign,0.5,1,55,-0.053993194257512145,-0.053993194257512145,0.3163815811030602,0,0.09742954083912181,low_score,0,0.310117
2024,scored_log,1778299653.617000,1778299656.645000,28938,28987,50,0.007599023636430502,0,benign,0.5,2,81|82,-0.056657193855058685,-0.061187604777115795,0.30686995063521455,0,0.09738030173606574,low_score,0,0.310117
915,scored_log,1778299318.578000,1778299325.606000,17848,17897,50,0.012356043793261051,0,benign,0.5,2,48|49,-0.06025761884329184,-0.08148403437962656,0.29401487661537956,0,0.09685369363989663,low_score,0,0.310117
1164,scored_log,1778299393.169000,1778299395.186000,20338,20387,50,0.0022233498748391867,0,benign,0.5,2,55|56,-0.053993194257512145,-0.08086007604706097,0.3163815811030602,0,0.0964708192433055,low_score,0,0.310117
2004,scored_log,1778299645.122000,1778299645.129000,28738,28787,50,0.02016340009868145,0,benign,0.5,1,81,-0.0657180156991729,-0.0657180156991729,0.27451889878236496,0,0.09647004970378652,low_score,0,0.310117
1155,scored_log,1778299392.123000,1778299392.154000,20248,20297,50,0.0018873868975788355,0,benign,0.5,1,55,-0.053993194257512145,-0.053993194257512145,0.3163815811030602,0,0.09623564515922325,low_score,0,0.310117
1154,scored_log,1778299392.123000,1778299392.146000,20238,20287,50,0.0018736226484179497,0,benign,0.5,1,55,-0.053993194257512145,-0.053993194257512145,0.3163815811030602,0,0.09622601018481064,low_score,0,0.310117
2003,scored_log,1778299641.115000,1778299645.126000,28728,28777,50,0.019716426730155945,0,benign,0.5,2,80|81,-0.0657180156991729,-0.06976416301784638,0.27451889878236496,0,0.09615716834581867,low_score,0,0.310117
1153,scored_log,1778299392.123000,1778299392.140000,20228,20277,50,0.001705288072116673,0,benign,0.5,1,55,-0.053993194257512145,-0.053993194257512145,0.3163815811030602,0,0.09610817598139974,low_score,0,0.310117
1148,scored_log,1778299387.101000,1778299392.123000,20178,20227,50,0.0015943516045808792,0,benign,0.5,1,55,-0.053993194257512145,-0.053993194257512145,0.3163815811030602,0,0.09603052045412469,low_score,0,0.310117
1152,scored_log,1778299389.116000,1778299392.134000,20218,20267,50,0.0010104072280228138,0,benign,0.5,1,55,-0.053993194257512145,-0.053993194257512145,0.3163815811030602,0,0.09562175939053404,low_score,0,0.310117
1156,scored_log,1778299392.128000,1778299393.162000,20258,20307,50,0.0009793703211471438,0,benign,0.5,1,55,-0.053993194257512145,-0.053993194257512145,0.3163815811030602,0,0.09560003355572107,low_score,0,0.310117
1103,scored_log,1778299385.073000,1778299385.073000,19728,19777,50,0.0007176767103374004,0,benign,0.5,1,55,-0.053993194257512145,-0.053993194257512145,0.3163815811030602,0,0.09541684802815426,low_score,0,0.310117
1102,scored_log,1778299385.072000,1778299385.073000,19718,19767,50,0.0007176487124525011,0,benign,0.5,1,55,-0.053993194257512145,-0.053993194257512145,0.3163815811030602,0,0.09541682842963482,low_score,0,0.310117
1115,scored_log,1778299385.083000,1778299385.086000,19848,19897,50,0.0007174681522883475,0,benign,0.5,1,55,-0.053993194257512145,-0.053993194257512145,0.3163815811030602,0,0.09541670203751991,low_score,0,0.310117
1117,scored_log,1778299385.084000,1778299385.088000,19868,19917,50,0.0007174175698310137,0,benign,0.5,1,55,-0.053993194257512145,-0.053993194257512145,0.3163815811030602,0,0.09541666662979978,low_score,0,0.310117
1118,scored_log,1778299385.085000,1778299385.089000,19878,19927,50,0.0007173659396357834,0,benign,0.5,1,55,-0.053993194257512145,-0.053993194257512145,0.3163815811030602,0,0.09541663048866311,low_score,0,0.310117
1104,scored_log,1778299385.073000,1778299385.075000,19738,19787,50,0.0007173396297730505,0,benign,0.5,1,55,-0.053993194257512145,-0.053993194257512145,0.3163815811030602,0,0.09541661207175921,low_score,0,0.310117
1107,scored_log,1778299385.073000,1778299385.078000,19768,19817,50,0.0007173328776843846,0,benign,0.5,1,55,-0.053993194257512145,-0.053993194257512145,0.3163815811030602,0,0.09541660734529714,low_score,0,0.310117
1111,scored_log,1778299385.078000,1778299385.083000,19808,19857,50,0.0007173071498982608,0,benign,0.5,1,55,-0.053993194257512145,-0.053993194257512145,0.3163815811030602,0,0.09541658933584685,low_score,0,0.310117
1113,scored_log,1778299385.080000,1778299385.085000,19828,19877,50,0.0007172979530878365,0,benign,0.5,1,55,-0.053993194257512145,-0.053993194257512145,0.3163815811030602,0,0.09541658289807955,low_score,0,0.310117
1114,scored_log,1778299385.081000,1778299385.086000,19838,19887,50,0.0007172719924710691,0,benign,0.5,1,55,-0.053993194257512145,-0.053993194257512145,0.3163815811030602,0,0.09541656472564781,low_score,0,0.310117
1109,scored_log,1778299385.075000,1778299385.081000,19788,19837,50,0.0007172371260821819,0,benign,0.5,1,55,-0.053993194257512145,-0.053993194257512145,0.3163815811030602,0,0.0954165403191756,low_score,0,0.310117
1116,scored_log,1778299385.083000,1778299385.088000,19858,19907,50,0.0007171776960603893,0,benign,0.5,1,55,-0.053993194257512145,-0.053993194257512145,0.3163815811030602,0,0.09541649871816034,low_score,0,0.310117
1108,scored_log,1778299385.073000,1778299385.080000,19778,19827,50,0.0007171612815000117,0,benign,0.5,1,55,-0.053993194257512145,-0.053993194257512145,0.3163815811030602,0,0.09541648722796808,low_score,0,0.310117
1112,scored_log,1778299385.078000,1778299385.084000,19818,19867,50,0.0007170409662649035,0,benign,0.5,1,55,-0.053993194257512145,-0.053993194257512145,0.3163815811030602,0,0.0954164030073035,low_score,0,0.310117
1105,scored_log,1778299385.073000,1778299385.077000,19748,19797,50,0.0007168827578425407,0,benign,0.5,1,55,-0.053993194257512145,-0.053993194257512145,0.3163815811030602,0,0.09541629226140785,low_score,0,0.310117
1119,scored_log,1778299385.086000,1778299385.091000,19888,19937,50,0.0007162712281569839,0,benign,0.5,1,55,-0.053993194257512145,-0.053993194257512145,0.3163815811030602,0,0.09541586419062796,low_score,0,0.310117
1106,scored_log,1778299385.073000,1778299385.078000,19758,19807,50,0.0007162412512116134,0,benign,0.5,1,55,-0.053993194257512145,-0.053993194257512145,0.3163815811030602,0,0.0954158432067662,low_score,0,0.310117
1110,scored_log,1778299385.077000,1778299385.083000,19798,19847,50,0.0007160863024182618,0,benign,0.5,1,55,-0.053993194257512145,-0.053993194257512145,0.3163815811030602,0,0.09541573474261085,low_score,0,0.310117
1101,scored_log,1778299385.064000,1778299385.073000,19708,19757,50,0.0007132428581826389,0,benign,0.5,1,55,-0.053993194257512145,-0.053993194257512145,0.3163815811030602,0,0.09541374433164591,low_score,0,0.310117
1100,scored_log,1778299385.055000,1778299385.073000,19698,19747,50,0.000702174031175673,0,benign,0.5,1,55,-0.053993194257512145,-0.053993194257512145,0.3163815811030602,0,0.09540599615274103,low_score,0,0.310117
1099,scored_log,1778299385.047000,1778299385.073000,19688,19737,50,0.0006661354564130306,0,benign,0.5,1,55,-0.053993194257512145,-0.053993194257512145,0.3163815811030602,0,0.09538076915040719,low_score,0,0.310117
974,scored_log,1778299330.796000,1778299333.813000,18438,18487,50,0.010233405977487564,0,benign,0.5,2,49|50,-0.06025761884329184,-0.0902455315141967,0.29401487661537956,0,0.09536784716885519,low_score,0,0.310117
975,scored_log,1778299330.799000,1778299333.816000,18448,18497,50,0.010204535908997059,0,benign,0.5,2,49|50,-0.06025761884329184,-0.0902455315141967,0.29401487661537956,0,0.09534763812091183,low_score,0,0.310117
1160,scored_log,1778299392.155000,1778299395.178000,20298,20347,50,0.0005956204840913415,0,benign,0.5,2,55|56,-0.053993194257512145,-0.08086007604706097,0.3163815811030602,0,0.09533140866978201,low_score,0,0.310117
1123,scored_log,1778299385.089000,1778299387.099000,19928,19977,50,0.000579828629270196,0,benign,0.5,1,55,-0.053993194257512145,-0.053993194257512145,0.3163815811030602,0,0.0953203543714072,low_score,0,0.310117
1098,scored_log,1778299385.038000,1778299385.073000,19678,19727,50,0.0005478820530697703,0,benign,0.5,1,55,-0.053993194257512145,-0.053993194257512145,0.3163815811030602,0,0.09529799176806691,low_score,0,0.310117
1151,scored_log,1778299387.109000,1778299392.128000,20208,20257,50,0.0005390121368691325,0,benign,0.5,1,55,-0.053993194257512145,-0.053993194257512145,0.3163815811030602,0,0.09529178282672646,low_score,0,0.310117
1124,scored_log,1778299385.091000,1778299387.099000,19938,19987,50,0.00045304466038942337,0,benign,0.5,1,55,-0.053993194257512145,-0.053993194257512145,0.3163815811030602,0,0.09523160559319066,low_score,0,0.310117
1146,scored_log,1778299387.101000,1778299387.109000,20158,20207,50,0.00042742950608953834,0,benign,0.5,1,55,-0.053993194257512145,-0.053993194257512145,0.3163815811030602,0,0.09521367498518074,low_score,0,0.310117
930,scored_log,1778299325.631000,1778299327.641000,17998,18047,50,0.009914918802678585,0,benign,0.5,1,49,-0.06025761884329184,-0.06025761884329184,0.29401487661537956,0,0.09514490614648889,low_score,0,0.310117
1133,scored_log,1778299387.101000,1778299387.101000,20028,20077,50,0.0003094043640885502,0,benign,0.5,1,55,-0.053993194257512145,-0.053993194257512145,0.3163815811030602,0,0.09513105738578005,low_score,0,0.310117
1131,scored_log,1778299387.099000,1778299387.101000,20008,20057,50,0.0003094037529081106,0,benign,0.5,1,55,-0.053993194257512145,-0.053993194257512145,0.3163815811030602,0,0.09513105695795375,low_score,0,0.310117
1132,scored_log,1778299387.100000,1778299387.101000,20018,20067,50,0.00030940346186980605,0,benign,0.5,1,55,-0.053993194257512145,-0.053993194257512145,0.3163815811030602,0,0.09513105675422694,low_score,0,0.310117
1134,scored_log,1778299387.101000,1778299387.101000,20038,20087,50,0.0003094028797931969,0,benign,0.5,1,55,-0.053993194257512145,-0.053993194257512145,0.3163815811030602,0,0.09513105634677331,low_score,0,0.310117
1135,scored_log,1778299387.101000,1778299387.101000,20048,20097,50,0.0003094028797931969,0,benign,0.5,1,55,-0.053993194257512145,-0.053993194257512145,0.3163815811030602,0,0.09513105634677331,low_score,0,0.310117
1136,scored_log,1778299387.101000,1778299387.101000,20058,20107,50,0.0003094028797931969,0,benign,0.5,1,55,-0.053993194257512145,-0.053993194257512145,0.3163815811030602,0,0.09513105634677331,low_score,0,0.310117
1137,scored_log,1778299387.101000,1778299387.101000,20068,20117,50,0.0003094028797931969,0,benign,0.5,1,55,-0.053993194257512145,-0.053993194257512145,0.3163815811030602,0,0.09513105634677331,low_score,0,0.310117
1138,scored_log,1778299387.101000,1778299387.101000,20078,20127,50,0.0003094028797931969,0,benign,0.5,1,55,-0.053993194257512145,-0.053993194257512145,0.3163815811030602,0,0.09513105634677331,low_score,0,0.310117
1139,scored_log,1778299387.101000,1778299387.101000,20088,20137,50,0.0003094028797931969,0,benign,0.5,1,55,-0.053993194257512145,-0.053993194257512145,0.3163815811030602,0,0.09513105634677331,low_score,0,0.310117
1140,scored_log,1778299387.101000,1778299387.101000,20098,20147,50,0.0003094028797931969,0,benign,0.5,1,55,-0.053993194257512145,-0.053993194257512145,0.3163815811030602,0,0.09513105634677331,low_score,0,0.310117
1141,scored_log,1778299387.101000,1778299387.101000,20108,20157,50,0.0003094028797931969,0,benign,0.5,1,55,-0.053993194257512145,-0.053993194257512145,0.3163815811030602,0,0.09513105634677331,low_score,0,0.310117
1142,scored_log,1778299387.101000,1778299387.101000,20118,20167,50,0.0003094028797931969,0,benign,0.5,1,55,-0.053993194257512145,-0.053993194257512145,0.3163815811030602,0,0.09513105634677331,low_score,0,0.310117
1143,scored_log,1778299387.101000,1778299387.101000,20128,20177,50,0.0003094028797931969,0,benign,0.5,1,55,-0.053993194257512145,-0.053993194257512145,0.3163815811030602,0,0.09513105634677331,low_score,0,0.310117
1144,scored_log,1778299387.101000,1778299387.101000,20138,20187,50,0.0003094028797931969,0,benign,0.5,1,55,-0.053993194257512145,-0.053993194257512145,0.3163815811030602,0,0.09513105634677331,low_score,0,0.310117
1145,scored_log,1778299387.101000,1778299387.101000,20148,20197,50,0.0003094028797931969,0,benign,0.5,1,55,-0.053993194257512145,-0.053993194257512145,0.3163815811030602,0,0.09513105634677331,low_score,0,0.310117
1130,scored_log,1778299387.099000,1778299387.101000,19998,20047,50,0.00030940258875489235,0,benign,0.5,1,55,-0.053993194257512145,-0.053993194257512145,0.3163815811030602,0,0.0951310561430465,low_score,0,0.310117
1128,scored_log,1778299387.099000,1778299387.100000,19978,20027,50,0.00030940197757445276,0,benign,0.5,1,55,-0.053993194257512145,-0.053993194257512145,0.3163815811030602,0,0.09513105571522018,low_score,0,0.310117
1129,scored_log,1778299387.099000,1778299387.101000,19988,20037,50,0.0003094013954978436,0,benign,0.5,1,55,-0.053993194257512145,-0.053993194257512145,0.3163815811030602,0,0.09513105530776655,low_score,0,0.310117
1127,scored_log,1778299387.097000,1778299387.100000,19968,20017,50,0.00030294046155177057,0,benign,0.5,1,55,-0.053993194257512145,-0.053993194257512145,0.3163815811030602,0,0.09512653265400431,low_score,0,0.310117
1126,scored_log,1778299387.095000,1778299387.099000,19958,20007,50,0.00029396472382359207,0,benign,0.5,1,55,-0.053993194257512145,-0.053993194257512145,0.3163815811030602,0,0.09512024963759458,low_score,0,0.310117
1125,scored_log,1778299387.095000,1778299387.099000,19948,19997,50,0.0002897332014981657,0,benign,0.5,1,55,-0.053993194257512145,-0.053993194257512145,0.3163815811030602,0,0.09511728757196679,low_score,0,0.310117
1097,scored_log,1778299385.030000,1778299385.072000,19668,19717,50,0.0002889894531108439,0,benign,0.5,1,55,-0.053993194257512145,-0.053993194257512145,0.3163815811030602,0,0.09511676694809566,low_score,0,0.310117
1085,scored_log,1778299379.946000,1778299384.970000,19548,19597,50,0.0002843118563760072,0,benign,0.5,2,54|55,-0.053993194257512145,-0.07247973186210493,0.3163815811030602,0,0.09511349263038127,low_score,0,0.310117
1086,scored_log,1778299381.952000,1778299384.978000,19558,19607,50,0.00019515876192599535,0,benign,0.5,2,54|55,-0.053993194257512145,-0.07247973186210493,0.3163815811030602,0,0.09505108546426627,low_score,0,0.310117
1147,scored_log,1778299387.101000,1778299389.115000,20168,20217,50,0.00018401707347948104,0,benign,0.5,1,55,-0.053993194257512145,-0.053993194257512145,0.3163815811030602,0,0.0950432862823537,low_score,0,0.310117
1087,scored_log,1778299384.962000,1778299384.986000,19568,19617,50,0.00017025411943905056,0,benign,0.5,1,55,-0.053993194257512145,-0.053993194257512145,0.3163815811030602,0,0.09503365221452541,low_score,0,0.310117
1088,scored_log,1778299384.962000,1778299384.994000,19578,19627,50,0.00015794101636856794,0,benign,0.5,1,55,-0.053993194257512145,-0.053993194257512145,0.3163815811030602,0,0.09502503304237607,low_score,0,0.310117
1089,scored_log,1778299384.964000,1778299385.003000,19588,19637,50,0.00015097700816113502,0,benign,0.5,1,55,-0.053993194257512145,-0.053993194257512145,0.3163815811030602,0,0.09502015823663086,low_score,0,0.310117
1090,scored_log,1778299384.971000,1778299385.010000,19598,19647,50,0.0001506545813754201,0,benign,0.5,1,55,-0.053993194257512145,-0.053993194257512145,0.3163815811030602,0,0.09501993253788087,low_score,0,0.310117
1092,scored_log,1778299384.987000,1778299385.028000,19618,19667,50,0.00015057931886985898,0,benign,0.5,1,55,-0.053993194257512145,-0.053993194257512145,0.3163815811030602,0,0.09501987985412697,low_score,0,0.310117
1093,scored_log,1778299384.995000,1778299385.037000,19628,19677,50,0.00015045619511511177,0,benign,0.5,1,55,-0.053993194257512145,-0.053993194257512145,0.3163815811030602,0,0.09501979366749864,low_score,0,0.310117
1091,scored_log,1778299384.980000,1778299385.020000,19608,19657,50,0.0001503555104136467,0,benign,0.5,1,55,-0.053993194257512145,-0.053993194257512145,0.3163815811030602,0,0.09501972318820762,low_score,0,0.310117
1095,scored_log,1778299385.013000,1778299385.054000,19648,19697,50,0.00015032984083518386,0,benign,0.5,1,55,-0.053993194257512145,-0.053993194257512145,0.3163815811030602,0,0.0950197052195027,low_score,0,0.310117
1096,scored_log,1778299385.022000,1778299385.064000,19658,19707,50,0.00015028698544483632,0,benign,0.5,1,55,-0.053993194257512145,-0.053993194257512145,0.3163815811030602,0,0.09501967522072946,low_score,0,0.310117
1094,scored_log,1778299385.004000,1778299385.046000,19638,19687,50,0.00015011770301498473,0,benign,0.5,1,55,-0.053993194257512145,-0.053993194257512145,0.3163815811030602,0,0.09501955672302856,low_score,0,0.310117
2040,scored_log,1778299656.666000,1778299658.685000,29098,29147,50,0.004090582486242056,0,benign,0.5,1,82,-0.056657193855058685,-0.056657193855058685,0.30686995063521455,0,0.09492439293093383,low_score,0,0.310117
2081,scored_log,1778299660.703000,1778299663.714000,29508,29557,50,0.004072283860296011,0,benign,0.5,1,82,-0.056657193855058685,-0.056657193855058685,0.30686995063521455,0,0.09491158389277159,low_score,0,0.310117
973,scored_log,1778299330.796000,1778299333.813000,18428,18477,50,0.009411042556166649,0,benign,0.5,2,49|50,-0.06025761884329184,-0.0902455315141967,0.29401487661537956,0,0.09479219277393054,low_score,0,0.310117
934,scored_log,1778299327.638000,1778299328.661000,18038,18087,50,0.00885912124067545,0,benign,0.5,1,49,-0.06025761884329184,-0.06025761884329184,0.29401487661537956,0,0.0944058478530867,low_score,0,0.310117
929,scored_log,1778299325.629000,1778299327.638000,17988,18037,50,0.00852679368108511,0,benign,0.5,1,49,-0.06025761884329184,-0.06025761884329184,0.29401487661537956,0,0.09417321856137346,low_score,0,0.310117
2027,scored_log,1778299655.638000,1778299656.650000,28968,29017,50,0.002798662520945072,0,benign,0.5,1,82,-0.056657193855058685,-0.056657193855058685,0.30686995063521455,0,0.09402004895522593,low_score,0,0.310117
933,scored_log,1778299327.638000,1778299328.661000,18028,18077,50,0.00817371066659689,0,benign,0.5,1,49,-0.06025761884329184,-0.06025761884329184,0.29401487661537956,0,0.09392606045123171,low_score,0,0.310117
969,scored_log,1778299328.790000,1778299330.796000,18388,18437,50,0.008075539954006672,0,benign,0.5,1,49,-0.06025761884329184,-0.06025761884329184,0.29401487661537956,0,0.09385734095241856,low_score,0,0.310117
2036,scored_log,1778299656.656000,1778299658.673000,29058,29107,50,0.002455025212839246,0,benign,0.5,1,82,-0.056657193855058685,-0.056657193855058685,0.30686995063521455,0,0.09377950283955186,low_score,0,0.310117
2041,scored_log,1778299658.673000,1778299660.695000,29108,29157,50,0.002158320276066661,0,benign,0.5,1,82,-0.056657193855058685,-0.056657193855058685,0.30686995063521455,0,0.09357180938381104,low_score,0,0.310117
2023,scored_log,1778299653.616000,1778299656.644000,28928,28977,50,0.0011345045641064644,0,benign,0.5,2,81|82,-0.056657193855058685,-0.061187604777115795,0.30686995063521455,0,0.0928551383854389,low_score,0,0.310117
2034,scored_log,1778299656.652000,1778299656.666000,29038,29087,50,0.0010707348119467497,0,benign,0.5,1,82,-0.056657193855058685,-0.056657193855058685,0.30686995063521455,0,0.0928104995589271,low_score,0,0.310117
2031,scored_log,1778299656.649000,1778299656.655000,29008,29057,50,0.0009189086849801242,0,benign,0.5,1,82,-0.056657193855058685,-0.056657193855058685,0.30686995063521455,0,0.09270422127005047,low_score,0,0.310117
2033,scored_log,1778299656.652000,1778299656.664000,29028,29077,50,0.0008173282258212566,0,benign,0.5,1,82,-0.056657193855058685,-0.056657193855058685,0.30686995063521455,0,0.09263311494863927,low_score,0,0.310117
2044,scored_log,1778299658.677000,1778299660.700000,29138,29187,50,0.0008108160691335797,0,benign,0.5,1,82,-0.056657193855058685,-0.056657193855058685,0.30686995063521455,0,0.09262855643895788,low_score,0,0.310117
2035,scored_log,1778299656.654000,1778299656.666000,29048,29097,50,0.0007836691220290959,0,benign,0.5,1,82,-0.056657193855058685,-0.056657193855058685,0.30686995063521455,0,0.09260955357598474,low_score,0,0.310117
2028,scored_log,1778299656.645000,1778299656.652000,28978,29027,50,0.0007682094583287835,0,benign,0.5,1,82,-0.056657193855058685,-0.056657193855058685,0.30686995063521455,0,0.09259873181139452,low_score,0,0.310117
2029,scored_log,1778299656.645000,1778299656.652000,28988,29037,50,0.0007544473628513515,0,benign,0.5,1,82,-0.056657193855058685,-0.056657193855058685,0.30686995063521455,0,0.09258909834456033,low_score,0,0.310117
2030,scored_log,1778299656.645000,1778299656.654000,28998,29047,50,0.0007486784015782177,0,benign,0.5,1,82,-0.056657193855058685,-0.056657193855058685,0.30686995063521455,0,0.09258506007166914,low_score,0,0.310117
2088,scored_log,1778299663.715000,1778299665.739000,29578,29627,50,0.0006894971593283117,0,benign,0.5,2,82|83,-0.056657193855058685,-0.08550322698605922,0.30686995063521455,0,0.0925436332020942,low_score,0,0.310117
2089,scored_log,1778299663.725000,1778299666.750000,29588,29637,50,0.0005898423260077834,0,benign,0.5,2,82|83,-0.056657193855058685,-0.08550322698605922,0.30686995063521455,0,0.09247387481876983,low_score,0,0.310117
2045,scored_log,1778299658.685000,1778299660.700000,29148,29197,50,0.0005853940383531153,0,benign,0.5,1,82,-0.056657193855058685,-0.056657193855058685,0.30686995063521455,0,0.09247076101741156,low_score,0,0.310117
2032,scored_log,1778299656.650000,1778299656.661000,29018,29067,50,0.0005594610120169818,0,benign,0.5,1,82,-0.056657193855058685,-0.056657193855058685,0.30686995063521455,0,0.09245260789897627,low_score,0,0.310117
2085,scored_log,1778299660.710000,1778299665.735000,29548,29597,50,0.0005465606227517128,0,benign,0.5,2,82|83,-0.056657193855058685,-0.08550322698605922,0.30686995063521455,0,0.09244357762649058,low_score,0,0.310117
2080,scored_log,1778299660.703000,1778299660.709000,29498,29547,50,0.0005291185225360096,0,benign,0.5,1,82,-0.056657193855058685,-0.056657193855058685,0.30686995063521455,0,0.0924313681563396,low_score,0,0.310117
2084,scored_log,1778299660.706000,1778299663.723000,29538,29587,50,0.0004976437776349485,0,benign,0.5,1,82,-0.056657193855058685,-0.056657193855058685,0.30686995063521455,0,0.09240933583490885,low_score,0,0.310117
2039,scored_log,1778299656.666000,1778299658.677000,29088,29137,50,0.0004485466342885047,0,benign,0.5,1,82,-0.056657193855058685,-0.056657193855058685,0.30686995063521455,0,0.09237496783456633,low_score,0,0.310117
2065,scored_log,1778299660.702000,1778299660.703000,29348,29397,50,0.0003094067214988172,0,benign,0.5,1,82,-0.056657193855058685,-0.056657193855058685,0.30686995063521455,0,0.09227756989561356,low_score,0,0.310117
2061,scored_log,1778299660.702000,1778299660.702000,29308,29357,50,0.00030940613942220807,0,benign,0.5,1,82,-0.056657193855058685,-0.056657193855058685,0.30686995063521455,0,0.09227756948815993,low_score,0,0.310117
2060,scored_log,1778299660.700000,1778299660.702000,29298,29347,50,0.0003094037529081106,0,benign,0.5,1,82,-0.056657193855058685,-0.056657193855058685,0.30686995063521455,0,0.09227756781760006,low_score,0,0.310117
2069,scored_log,1778299660.702000,1778299660.703000,29388,29437,50,0.0003094037529081106,0,benign,0.5,1,82,-0.056657193855058685,-0.056657193855058685,0.30686995063521455,0,0.09227756781760006,low_score,0,0.310117
2068,scored_log,1778299660.702000,1778299660.703000,29378,29427,50,0.0003094031708315015,0,benign,0.5,1,82,-0.056657193855058685,-0.056657193855058685,0.30686995063521455,0,0.09227756741014644,low_score,0,0.310117
2049,scored_log,1778299660.700000,1778299660.700000,29188,29237,50,0.0003094028797931969,0,benign,0.5,1,82,-0.056657193855058685,-0.056657193855058685,0.30686995063521455,0,0.09227756720641962,low_score,0,0.310117
2050,scored_log,1778299660.700000,1778299660.700000,29198,29247,50,0.0003094028797931969,0,benign,0.5,1,82,-0.056657193855058685,-0.056657193855058685,0.30686995063521455,0,0.09227756720641962,low_score,0,0.310117
2051,scored_log,1778299660.700000,1778299660.700000,29208,29257,50,0.0003094028797931969,0,benign,0.5,1,82,-0.056657193855058685,-0.056657193855058685,0.30686995063521455,0,0.09227756720641962,low_score,0,0.310117
2052,scored_log,1778299660.700000,1778299660.700000,29218,29267,50,0.0003094028797931969,0,benign,0.5,1,82,-0.056657193855058685,-0.056657193855058685,0.30686995063521455,0,0.09227756720641962,low_score,0,0.310117
2053,scored_log,1778299660.700000,1778299660.700000,29228,29277,50,0.0003094028797931969,0,benign,0.5,1,82,-0.056657193855058685,-0.056657193855058685,0.30686995063521455,0,0.09227756720641962,low_score,0,0.310117
2054,scored_log,1778299660.700000,1778299660.700000,29238,29287,50,0.0003094028797931969,0,benign,0.5,1,82,-0.056657193855058685,-0.056657193855058685,0.30686995063521455,0,0.09227756720641962,low_score,0,0.310117
2055,scored_log,1778299660.700000,1778299660.700000,29248,29297,50,0.0003094028797931969,0,benign,0.5,1,82,-0.056657193855058685,-0.056657193855058685,0.30686995063521455,0,0.09227756720641962,low_score,0,0.310117
2056,scored_log,1778299660.700000,1778299660.700000,29258,29307,50,0.0003094028797931969,0,benign,0.5,1,82,-0.056657193855058685,-0.056657193855058685,0.30686995063521455,0,0.09227756720641962,low_score,0,0.310117
2059,scored_log,1778299660.700000,1778299660.702000,29288,29337,50,0.0003094028797931969,0,benign,0.5,1,82,-0.056657193855058685,-0.056657193855058685,0.30686995063521455,0,0.09227756720641962,low_score,0,0.310117
2062,scored_log,1778299660.702000,1778299660.702000,29318,29367,50,0.0003094028797931969,0,benign,0.5,1,82,-0.056657193855058685,-0.056657193855058685,0.30686995063521455,0,0.09227756720641962,low_score,0,0.310117
2063,scored_log,1778299660.702000,1778299660.702000,29328,29377,50,0.0003094028797931969,0,benign,0.5,1,82,-0.056657193855058685,-0.056657193855058685,0.30686995063521455,0,0.09227756720641962,low_score,0,0.310117
2064,scored_log,1778299660.702000,1778299660.702000,29338,29387,50,0.0003094028797931969,0,benign,0.5,1,82,-0.056657193855058685,-0.056657193855058685,0.30686995063521455,0,0.09227756720641962,low_score,0,0.310117
2070,scored_log,1778299660.703000,1778299660.703000,29398,29447,50,0.0003094028797931969,0,benign,0.5,1,82,-0.056657193855058685,-0.056657193855058685,0.30686995063521455,0,0.09227756720641962,low_score,0,0.310117
2071,scored_log,1778299660.703000,1778299660.703000,29408,29457,50,0.0003094028797931969,0,benign,0.5,1,82,-0.056657193855058685,-0.056657193855058685,0.30686995063521455,0,0.09227756720641962,low_score,0,0.310117
2072,scored_log,1778299660.703000,1778299660.703000,29418,29467,50,0.0003094028797931969,0,benign,0.5,1,82,-0.056657193855058685,-0.056657193855058685,0.30686995063521455,0,0.09227756720641962,low_score,0,0.310117
2073,scored_log,1778299660.703000,1778299660.703000,29428,29477,50,0.0003094028797931969,0,benign,0.5,1,82,-0.056657193855058685,-0.056657193855058685,0.30686995063521455,0,0.09227756720641962,low_score,0,0.310117
2074,scored_log,1778299660.703000,1778299660.703000,29438,29487,50,0.0003094028797931969,0,benign,0.5,1,82,-0.056657193855058685,-0.056657193855058685,0.30686995063521455,0,0.09227756720641962,low_score,0,0.310117
2075,scored_log,1778299660.703000,1778299660.703000,29448,29497,50,0.0003094028797931969,0,benign,0.5,1,82,-0.056657193855058685,-0.056657193855058685,0.30686995063521455,0,0.09227756720641962,low_score,0,0.310117
2076,scored_log,1778299660.703000,1778299660.703000,29458,29507,50,0.0003094028797931969,0,benign,0.5,1,82,-0.056657193855058685,-0.056657193855058685,0.30686995063521455,0,0.09227756720641962,low_score,0,0.310117
2077,scored_log,1778299660.703000,1778299660.703000,29468,29517,50,0.0003094028797931969,0,benign,0.5,1,82,-0.056657193855058685,-0.056657193855058685,0.30686995063521455,0,0.09227756720641962,low_score,0,0.310117
2078,scored_log,1778299660.703000,1778299660.703000,29478,29527,50,0.0003094028797931969,0,benign,0.5,1,82,-0.056657193855058685,-0.056657193855058685,0.30686995063521455,0,0.09227756720641962,low_score,0,0.310117
2067,scored_log,1778299660.702000,1778299660.703000,29368,29417,50,0.00030940258875489235,0,benign,0.5,1,82,-0.056657193855058685,-0.056657193855058685,0.30686995063521455,0,0.09227756700269281,low_score,0,0.310117
2066,scored_log,1778299660.702000,1778299660.703000,29358,29407,50,0.00030940197757445276,0,benign,0.5,1,82,-0.056657193855058685,-0.056657193855058685,0.30686995063521455,0,0.09227756657486649,low_score,0,0.310117
2058,scored_log,1778299660.700000,1778299660.702000,29278,29327,50,0.0003094013954978436,0,benign,0.5,1,82,-0.056657193855058685,-0.056657193855058685,0.30686995063521455,0,0.09227756616741287,low_score,0,0.310117
2057,scored_log,1778299660.700000,1778299660.702000,29268,29317,50,0.0003093999403063208,0,benign,0.5,1,82,-0.056657193855058685,-0.056657193855058685,0.30686995063521455,0,0.0922775651487788,low_score,0,0.310117
2048,scored_log,1778299660.695000,1778299660.700000,29178,29227,50,0.0003017192066181451,0,benign,0.5,1,82,-0.056657193855058685,-0.056657193855058685,0.30686995063521455,0,0.09227218863519708,low_score,0,0.310117
2047,scored_log,1778299660.695000,1778299660.700000,29168,29217,50,0.00029252265812829137,0,benign,0.5,1,82,-0.056657193855058685,-0.056657193855058685,0.30686995063521455,0,0.09226575105125419,low_score,0,0.310117
2046,scored_log,1778299660.695000,1778299660.700000,29158,29207,50,0.0002908052993007004,0,benign,0.5,1,82,-0.056657193855058685,-0.056657193855058685,0.30686995063521455,0,0.09226454890007488,low_score,0,0.310117
2022,scored_log,1778299653.616000,1778299655.635000,28918,28967,50,0.0002218559238826856,0,benign,0.5,2,81|82,-0.056657193855058685,-0.061187604777115795,0.30686995063521455,0,0.09221628433728227,low_score,0,0.310117
2079,scored_log,1778299660.703000,1778299660.704000,29488,29537,50,0.00015678370255045593,0,benign,0.5,1,82,-0.056657193855058685,-0.056657193855058685,0.30686995063521455,0,0.0921707337823497,low_score,0,0.310117
928,scored_log,1778299325.623000,1778299327.638000,17978,18027,50,0.004630878567695618,0,benign,0.5,1,49,-0.06025761884329184,-0.06025761884329184,0.29401487661537956,0,0.09144607798200081,low_score,0,0.310117
968,scored_log,1778299328.786000,1778299330.796000,18378,18427,50,0.004200183320790529,0,benign,0.5,1,49,-0.06025761884329184,-0.06025761884329184,0.29401487661537956,0,0.09114459130916726,low_score,0,0.310117
971,scored_log,1778299328.791000,1778299330.802000,18408,18457,50,0.004077725578099489,0,benign,0.5,1,49,-0.06025761884329184,-0.06025761884329184,0.29401487661537956,0,0.09105887088928354,low_score,0,0.310117
831,scored_log,1778299291.080000,1778299296.116000,17008,17057,50,0.011727394536137581,0,benign,0.5,2,45|46,-0.06600002428681873,-0.08451386171314687,0.2735120061848899,0,0.09026277803076328,low_score,0,0.310117
841,scored_log,1778299298.137000,1778299302.332000,17108,17157,50,0.010972635820508003,0,benign,0.5,1,46,-0.06600002428681873,-0.06600002428681873,0.2735120061848899,0,0.08973444692982258,low_score,0,0.310117
918,scored_log,1778299321.588000,1778299325.614000,17878,17927,50,0.0020473161712288857,0,benign,0.5,2,48|49,-0.06025761884329184,-0.08148403437962656,0.29401487661537956,0,0.0896375843044741,low_score,0,0.310117
2002,scored_log,1778299641.107000,1778299645.126000,28718,28767,50,0.010258706286549568,0,benign,0.5,2,80|81,-0.0657180156991729,-0.06976416301784638,0.27451889878236496,0,0.0895367640352942,low_score,0,0.310117
830,scored_log,1778299291.079000,1778299296.114000,16998,17047,50,0.010552320629358292,0,benign,0.5,2,45|46,-0.06600002428681873,-0.08451386171314687,0.2735120061848899,0,0.08944022629601778,low_score,0,0.310117
515,scored_log,1778299172.469000,1778299172.476000,13848,13897,50,0.02020733430981636,0,benign,0.5,1,33,-0.07231231258994403,-0.07231231258994403,0.2509744075301725,0,0.08943745627592323,low_score,0,0.310117
2018,scored_log,1778299650.349000,1778299653.616000,28878,28927,50,0.010057855397462845,0,benign,0.5,1,81,-0.0657180156991729,-0.0657180156991729,0.27451889878236496,0,0.08939616841293349,low_score,0,0.310117
935,scored_log,1778299327.641000,1778299328.663000,18048,18097,50,0.0016926442040130496,0,benign,0.5,1,49,-0.06025761884329184,-0.06025761884329184,0.29401487661537956,0,0.08938931392742303,low_score,0,0.310117
972,scored_log,1778299328.791000,1778299330.808000,18418,18467,50,0.0015998496674001217,0,benign,0.5,1,49,-0.06025761884329184,-0.06025761884329184,0.29401487661537956,0,0.08932435775179397,low_score,0,0.310117
970,scored_log,1778299328.791000,1778299330.798000,18398,18447,50,0.0014495819341391325,0,benign,0.5,1,49,-0.06025761884329184,-0.06025761884329184,0.29401487661537956,0,0.08921917033851127,low_score,0,0.310117
919,scored_log,1778299322.599000,1778299325.615000,17888,17937,50,0.0013183231931179762,0,benign,0.5,2,48|49,-0.06025761884329184,-0.08148403437962656,0.29401487661537956,0,0.08912728921979647,low_score,0,0.310117
926,scored_log,1778299325.618000,1778299325.632000,17958,18007,50,0.0013003572821617126,0,benign,0.5,1,49,-0.06025761884329184,-0.06025761884329184,0.29401487661537956,0,0.08911471308212708,low_score,0,0.310117
829,scored_log,1778299291.079000,1778299296.114000,16988,17037,50,0.010079004801809788,0,benign,0.5,2,45|46,-0.06600002428681873,-0.08451386171314687,0.2735120061848899,0,0.08910890521673383,low_score,0,0.310117
836,scored_log,1778299296.116000,1778299298.137000,17058,17107,50,0.010044580325484276,0,benign,0.5,1,46,-0.06600002428681873,-0.06600002428681873,0.2735120061848899,0,0.08908480808330597,low_score,0,0.310117
920,scored_log,1778299325.606000,1778299325.617000,17898,17947,50,0.0011578976409509778,0,benign,0.5,1,49,-0.06025761884329184,-0.06025761884329184,0.29401487661537956,0,0.08901499133327957,low_score,0,0.310117
923,scored_log,1778299325.614000,1778299325.623000,17928,17977,50,0.0010857933666557074,0,benign,0.5,1,49,-0.06025761884329184,-0.06025761884329184,0.29401487661537956,0,0.08896451834127288,low_score,0,0.310117
924,scored_log,1778299325.615000,1778299325.628000,17938,17987,50,0.001044394914060831,0,benign,0.5,1,49,-0.06025761884329184,-0.06025761884329184,0.29401487661537956,0,0.08893553942445646,low_score,0,0.310117
2013,scored_log,1778299647.148000,1778299650.349000,28828,28877,50,0.009315194562077522,0,benign,0.5,1,81,-0.0657180156991729,-0.0657180156991729,0.27451889878236496,0,0.08887630582816376,low_score,0,0.310117
921,scored_log,1778299325.607000,1778299325.618000,17908,17957,50,0.0009249362046830356,0,benign,0.5,1,49,-0.06025761884329184,-0.06025761884329184,0.29401487661537956,0,0.08885191832789201,low_score,0,0.310117
2001,scored_log,1778299641.102000,1778299645.124000,28708,28757,50,0.009191044606268406,0,benign,0.5,2,80|81,-0.0657180156991729,-0.06976416301784638,0.27451889878236496,0,0.08878940085909738,low_score,0,0.310117
925,scored_log,1778299325.617000,1778299325.631000,17948,17997,50,0.0008027239819057286,0,benign,0.5,1,49,-0.06025761884329184,-0.06025761884329184,0.29401487661537956,0,0.08876636977194789,low_score,0,0.310117
2008,scored_log,1778299645.126000,1778299647.148000,28778,28827,50,0.00908658653497696,0,benign,0.5,1,81,-0.0657180156991729,-0.0657180156991729,0.27451889878236496,0,0.08871628020919337,low_score,0,0.310117
957,scored_log,1778299328.785000,1778299328.785000,18268,18317,50,0.0007176767103374004,0,benign,0.5,1,49,-0.06025761884329184,-0.06025761884329184,0.29401487661537956,0,0.08870683668185007,low_score,0,0.310117
963,scored_log,1778299328.786000,1778299328.786000,18328,18377,50,0.0007176767103374004,0,benign,0.5,1,49,-0.06025761884329184,-0.06025761884329184,0.29401487661537956,0,0.08870683668185007,low_score,0,0.310117
956,scored_log,1778299328.784000,1778299328.785000,18258,18307,50,0.0007176644285209477,0,benign,0.5,1,49,-0.06025761884329184,-0.06025761884329184,0.29401487661537956,0,0.08870682808457855,low_score,0,0.310117
962,scored_log,1778299328.785000,1778299328.786000,18318,18367,50,0.0007176528451964259,0,benign,0.5,1,49,-0.06025761884329184,-0.06025761884329184,0.29401487661537956,0,0.08870681997625139,low_score,0,0.310117
955,scored_log,1778299328.784000,1778299328.785000,18248,18297,50,0.0007176425424404442,0,benign,0.5,1,49,-0.06025761884329184,-0.06025761884329184,0.29401487661537956,0,0.0887068127643222,low_score,0,0.310117
961,scored_log,1778299328.785000,1778299328.786000,18308,18357,50,0.0007176322978921235,0,benign,0.5,1,49,-0.06025761884329184,-0.06025761884329184,0.29401487661537956,0,0.08870680559313837,low_score,0,0.310117
960,scored_log,1778299328.785000,1778299328.786000,18298,18347,50,0.0007176076760515571,0,benign,0.5,1,49,-0.06025761884329184,-0.06025761884329184,0.29401487661537956,0,0.08870678835784998,low_score,0,0.310117
954,scored_log,1778299328.783000,1778299328.785000,18238,18287,50,0.0007176035433076322,0,benign,0.5,1,49,-0.06025761884329184,-0.06025761884329184,0.29401487661537956,0,0.08870678546492923,low_score,0,0.310117
959,scored_log,1778299328.785000,1778299328.786000,18288,18337,50,0.000717570073902607,0,benign,0.5,1,49,-0.06025761884329184,-0.06025761884329184,0.29401487661537956,0,0.08870676203634571,low_score,0,0.310117
953,scored_log,1778299328.782000,1778299328.785000,18228,18277,50,0.0007175413193181157,0,benign,0.5,1,49,-0.06025761884329184,-0.06025761884329184,0.29401487661537956,0,0.08870674190813657,low_score,0,0.310117
958,scored_log,1778299328.785000,1778299328.786000,18278,18327,50,0.0007174675120040774,0,benign,0.5,1,49,-0.06025761884329184,-0.06025761884329184,0.29401487661537956,0,0.08870669024301674,low_score,0,0.310117
967,scored_log,1778299328.786000,1778299328.791000,18368,18417,50,0.0007174315978772938,0,benign,0.5,1,49,-0.06025761884329184,-0.06025761884329184,0.29401487661537956,0,0.088706665103128,low_score,0,0.310117
966,scored_log,1778299328.786000,1778299328.791000,18358,18407,50,0.0007172973128035665,0,benign,0.5,1,49,-0.06025761884329184,-0.06025761884329184,0.29401487661537956,0,0.08870657110357638,low_score,0,0.310117
965,scored_log,1778299328.786000,1778299328.791000,18348,18397,50,0.0007170721073634923,0,benign,0.5,1,49,-0.06025761884329184,-0.06025761884329184,0.29401487661537956,0,0.08870641345976833,low_score,0,0.310117
964,scored_log,1778299328.786000,1778299328.790000,18338,18387,50,0.0007166099385358393,0,benign,0.5,1,49,-0.06025761884329184,-0.06025761884329184,0.29401487661537956,0,0.08870608994158898,low_score,0,0.310117
952,scored_log,1778299328.777000,1778299328.785000,18218,18267,50,0.0007157707586884499,0,benign,0.5,1,49,-0.06025761884329184,-0.06025761884329184,0.29401487661537956,0,0.0887055025156958,low_score,0,0.310117
927,scored_log,1778299325.619000,1778299325.634000,17968,18017,50,0.0007141930400393903,0,benign,0.5,1,49,-0.06025761884329184,-0.06025761884329184,0.29401487661537956,0,0.08870439811264146,low_score,0,0.310117
951,scored_log,1778299328.768000,1778299328.784000,18208,18257,50,0.0007084601675160229,0,benign,0.5,1,49,-0.06025761884329184,-0.06025761884329184,0.29401487661537956,0,0.0887003851018751,low_score,0,0.310117
950,scored_log,1778299328.758000,1778299328.784000,18198,18247,50,0.0006853574304841459,0,benign,0.5,1,49,-0.06025761884329184,-0.06025761884329184,0.29401487661537956,0,0.08868421318595279,low_score,0,0.310117
922,scored_log,1778299325.609000,1778299325.619000,17918,17967,50,0.0006563278147950768,0,benign,0.5,1,49,-0.06025761884329184,-0.06025761884329184,0.29401487661537956,0,0.08866389245497044,low_score,0,0.310117
949,scored_log,1778299328.749000,1778299328.783000,18188,18237,50,0.000614085525739938,0,benign,0.5,1,49,-0.06025761884329184,-0.06025761884329184,0.29401487661537956,0,0.08863432285263184,low_score,0,0.310117
976,scored_log,1778299330.802000,1778299333.821000,18458,18507,50,0.0005334756569936872,0,benign,0.5,2,49|50,-0.06025761884329184,-0.0902455315141967,0.29401487661537956,0,0.08857789594450947,low_score,0,0.310117
977,scored_log,1778299330.809000,1778299334.830000,18468,18517,50,0.0005297240568324924,0,benign,0.5,2,49|50,-0.06025761884329184,-0.0902455315141967,0.29401487661537956,0,0.08857526982439663,low_score,0,0.310117
840,scored_log,1778299298.134000,1778299302.332000,17098,17147,50,0.009313633665442467,0,benign,0.5,1,46,-0.06600002428681873,-0.06600002428681873,0.2735120061848899,0,0.0885731454212767,low_score,0,0.310117
931,scored_log,1778299325.633000,1778299327.648000,18008,18057,50,0.000517446082085371,0,benign,0.5,1,49,-0.06025761884329184,-0.06025761884329184,0.29401487661537956,0,0.08856667524207365,low_score,0,0.310117
936,scored_log,1778299327.648000,1778299328.673000,18058,18107,50,0.00037486295332200825,0,benign,0.5,1,49,-0.06025761884329184,-0.06025761884329184,0.29401487661537956,0,0.08846686705193929,low_score,0,0.310117
948,scored_log,1778299328.740000,1778299328.782000,18178,18227,50,0.00036624024505726993,0,benign,0.5,1,49,-0.06025761884329184,-0.06025761884329184,0.29401487661537956,0,0.08846083115615398,low_score,0,0.310117
932,scored_log,1778299325.635000,1778299327.657000,18018,18067,50,0.00035360592301003635,0,benign,0.5,1,49,-0.06025761884329184,-0.06025761884329184,0.29401487661537956,0,0.08845198713072092,low_score,0,0.310117
937,scored_log,1778299328.659000,1778299328.682000,18068,18117,50,0.00024596514413133264,0,benign,0.5,1,49,-0.06025761884329184,-0.06025761884329184,0.29401487661537956,0,0.08837663858550582,low_score,0,0.310117
938,scored_log,1778299328.661000,1778299328.692000,18078,18127,50,0.00022687176533509046,0,benign,0.5,1,49,-0.06025761884329184,-0.06025761884329184,0.29401487661537956,0,0.08836327322034845,low_score,0,0.310117
939,scored_log,1778299328.661000,1778299328.700000,18088,18137,50,0.00021549977827817202,0,benign,0.5,1,49,-0.06025761884329184,-0.06025761884329184,0.29401487661537956,0,0.0883553128294086,low_score,0,0.310117
940,scored_log,1778299328.665000,1778299328.709000,18098,18147,50,0.00020981684792786837,0,benign,0.5,1,49,-0.06025761884329184,-0.06025761884329184,0.29401487661537956,0,0.0883513347781634,low_score,0,0.310117
946,scored_log,1778299328.721000,1778299328.766000,18158,18207,50,0.0002095517556881532,0,benign,0.5,1,49,-0.06025761884329184,-0.06025761884329184,0.29401487661537956,0,0.08835114921359559,low_score,0,0.310117
947,scored_log,1778299328.731000,1778299328.775000,18168,18217,50,0.00020930235041305423,0,benign,0.5,1,49,-0.06025761884329184,-0.06025761884329184,0.29401487661537956,0,0.08835097462990303,low_score,0,0.310117
943,scored_log,1778299328.693000,1778299328.738000,18128,18177,50,0.00020929017046000808,0,benign,0.5,1,49,-0.06025761884329184,-0.06025761884329184,0.29401487661537956,0,0.08835096610393589,low_score,0,0.310117
941,scored_log,1778299328.675000,1778299328.719000,18108,18157,50,0.00020922135445289314,0,benign,0.5,1,49,-0.06025761884329184,-0.06025761884329184,0.29401487661537956,0,0.08835091793273091,low_score,0,0.310117
944,scored_log,1778299328.702000,1778299328.748000,18138,18187,50,0.00020918683730997145,0,benign,0.5,1,49,-0.06025761884329184,-0.06025761884329184,0.29401487661537956,0,0.08835089377073087,low_score,0,0.310117
945,scored_log,1778299328.710000,1778299328.757000,18148,18197,50,0.00020912520994897932,0,benign,0.5,1,49,-0.06025761884329184,-0.06025761884329184,0.29401487661537956,0,0.08835085063157817,low_score,0,0.310117
942,scored_log,1778299328.684000,1778299328.729000,18118,18167,50,0.00020910387684125453,0,benign,0.5,1,49,-0.06025761884329184,-0.06025761884329184,0.29401487661537956,0,0.08835083569840277,low_score,0,0.310117
835,scored_log,1778299296.114000,1778299298.134000,17048,17097,50,0.00894140638411045,0,benign,0.5,1,46,-0.06600002428681873,-0.06600002428681873,0.2735120061848899,0,0.0883125863243443,low_score,0,0.310117
641,scored_log,1778299213.560000,1778299219.578000,15108,15157,50,0.018624041229486465,0,benign,0.5,2,37|38,-0.07235686706015904,-0.10356446134928998,0.25081532880629953,0,0.0882814275025304,low_score,0,0.310117
2007,scored_log,1778299645.126000,1778299647.148000,28768,28817,50,0.00840039737522602,0,benign,0.5,1,81,-0.0657180156991729,-0.0657180156991729,0.27451889878236496,0,0.08823594779736771,low_score,0,0.310117
845,scored_log,1778299302.332000,1778299305.353000,17148,17197,50,0.008800316601991653,0,benign,0.5,2,46|47,-0.06600002428681873,-0.07138924850042072,0.2735120061848899,0,0.08821382347686113,low_score,0,0.310117
834,scored_log,1778299296.114000,1778299298.134000,17038,17087,50,0.008345425128936768,0,benign,0.5,1,46,-0.06600002428681873,-0.06600002428681873,0.2735120061848899,0,0.08789539944572272,low_score,0,0.310117
2000,scored_log,1778299641.101000,1778299645.122000,28698,28747,50,0.007910074666142464,0,benign,0.5,2,80|81,-0.0657180156991729,-0.06976416301784638,0.27451889878236496,0,0.08789272190100922,low_score,0,0.310117
846,scored_log,1778299302.332000,1778299305.355000,17158,17207,50,0.007554656360298395,0,benign,0.5,2,46|47,-0.06600002428681873,-0.07138924850042072,0.2735120061848899,0,0.08734186130767585,low_score,0,0.310117
2016,scored_log,1778299648.241000,1778299650.469000,28858,28907,50,0.0070531112141907215,0,benign,0.5,1,81,-0.0657180156991729,-0.0657180156991729,0.27451889878236496,0,0.087292847484643,low_score,0,0.310117
1999,scored_log,1778299641.101000,1778299645.122000,28688,28737,50,0.006994664669036865,0,benign,0.5,2,80|81,-0.0657180156991729,-0.06976416301784638,0.27451889878236496,0,0.0872519349030353,low_score,0,0.310117
2015,scored_log,1778299647.159000,1778299650.353000,28848,28897,50,0.006489843595772982,0,benign,0.5,1,81,-0.0657180156991729,-0.0657180156991729,0.27451889878236496,0,0.08689856015175058,low_score,0,0.310117
2017,scored_log,1778299650.349000,1778299653.616000,28868,28917,50,0.006434973794966936,0,benign,0.5,1,81,-0.0657180156991729,-0.0657180156991729,0.27451889878236496,0,0.08686015129118635,low_score,0,0.310117
847,scored_log,1778299302.336000,1778299305.357000,17168,17217,50,0.006714696530252695,0,benign,0.5,2,46|47,-0.06600002428681873,-0.07138924850042072,0.2735120061848899,0,0.08675388942664386,low_score,0,0.310117
848,scored_log,1778299302.344000,1778299307.365000,17178,17227,50,0.006248962599784136,0,benign,0.5,2,46|47,-0.06600002428681873,-0.07138924850042072,0.2735120061848899,0,0.08642787567531587,low_score,0,0.310117
2012,scored_log,1778299647.148000,1778299650.349000,28818,28867,50,0.0056785764172673225,0,benign,0.5,1,81,-0.0657180156991729,-0.0657180156991729,0.27451889878236496,0,0.08633067312679663,low_score,0,0.310117
2430,scored_log,1778299746.603000,1778299749.626000,32998,33047,50,0.01204906776547432,0,benign,0.5,1,91,-0.07000034087879298,-0.07000034087879298,0.25922914622789395,0,0.08620309130420022,low_score,0,0.310117
640,scored_log,1778299212.538000,1778299219.578000,15098,15147,50,0.01557397935539484,0,benign,0.5,2,37|38,-0.07235686706015904,-0.10356446134928998,0.25081532880629953,0,0.08614638419066625,low_score,0,0.310117
2020,scored_log,1778299650.359000,1778299653.620000,28898,28947,50,0.005021888297051191,0,benign,0.5,1,81,-0.0657180156991729,-0.0657180156991729,0.27451889878236496,0,0.08587099144264533,low_score,0,0.310117
2429,scored_log,1778299746.603000,1778299749.625000,32988,33037,50,0.011379150673747063,0,benign,0.5,1,91,-0.07000034087879298,-0.07000034087879298,0.25922914622789395,0,0.08573414933999114,low_score,0,0.310117
839,scored_log,1778299298.134000,1778299302.332000,17088,17137,50,0.005182947497814894,0,benign,0.5,1,46,-0.06600002428681873,-0.06600002428681873,0.2735120061848899,0,0.0856816651039374,low_score,0,0.310117
844,scored_log,1778299302.332000,1778299305.353000,17138,17187,50,0.004817155655473471,0,benign,0.5,2,46|47,-0.06600002428681873,-0.07138924850042072,0.2735120061848899,0,0.0854256108142984,low_score,0,0.310117
487,scored_log,1778299164.339000,1778299166.356000,13568,13617,50,0.013815885409712791,0,benign,0.5,1,33,-0.07231231258994403,-0.07231231258994403,0.2509744075301725,0,0.08496344204585073,low_score,0,0.310117
2021,scored_log,1778299650.575000,1778299653.627000,28908,28957,50,0.0022434901911765337,0,benign,0.5,1,81,-0.0657180156991729,-0.0657180156991729,0.27451889878236496,0,0.08392611276853307,low_score,0,0.310117
486,scored_log,1778299164.333000,1778299166.354000,13558,13607,50,0.012090619653463364,0,benign,0.5,1,33,-0.07231231258994403,-0.07231231258994403,0.2509744075301725,0,0.08375575601647613,low_score,0,0.310117
2212,scored_log,1778299701.494000,1778299708.519000,30818,30867,50,0.017751965671777725,0,benign,0.5,2,86|87,-0.07605265482583473,-0.1052835963707541,0.2376197684364455,0,0.08371230650117806,low_score,0,0.310117
2019,scored_log,1778299650.351000,1778299653.616000,28888,28937,50,0.0017279594903811812,0,benign,0.5,1,81,-0.0657180156991729,-0.0657180156991729,0.27451889878236496,0,0.08356524127797632,low_score,0,0.310117
2426,scored_log,1778299743.597000,1778299746.605000,32958,33007,50,0.008270236663520336,0,benign,0.5,2,90|91,-0.07000034087879298,-0.0756930635914754,0.25922914622789395,0,0.08355790953283243,low_score,0,0.310117
2014,scored_log,1778299647.154000,1778299650.350000,28838,28887,50,0.001704028807580471,0,benign,0.5,1,81,-0.0657180156991729,-0.0657180156991729,0.27451889878236496,0,0.08354848980001583,low_score,0,0.310117
2425,scored_log,1778299743.596000,1778299746.603000,32948,32997,50,0.008197666145861149,0,benign,0.5,2,90|91,-0.07000034087879298,-0.0756930635914754,0.25922914622789395,0,0.08350711017047101,low_score,0,0.310117
2009,scored_log,1778299645.129000,1778299647.150000,28788,28837,50,0.0015610348200425506,0,benign,0.5,1,81,-0.0657180156991729,-0.0657180156991729,0.27451889878236496,0,0.08344839400873928,low_score,0,0.310117
2010,scored_log,1778299645.136000,1778299647.159000,28798,28847,50,0.0015008156187832355,0,benign,0.5,1,81,-0.0657180156991729,-0.0657180156991729,0.27451889878236496,0,0.08340624056785777,low_score,0,0.310117
514,scored_log,1778299166.463000,1778299172.476000,13838,13887,50,0.011533590033650398,0,benign,0.5,1,33,-0.07231231258994403,-0.07231231258994403,0.2509744075301725,0,0.08336583528260705,low_score,0,0.310117
837,scored_log,1778299296.123000,1778299298.149000,17068,17117,50,0.0016930873971432447,0,benign,0.5,1,46,-0.06600002428681873,-0.06600002428681873,0.2735120061848899,0,0.08323876303346725,low_score,0,0.310117
485,scored_log,1778299164.327000,1778299166.354000,13548,13597,50,0.010936827398836613,0,benign,0.5,1,33,-0.07231231258994403,-0.07231231258994403,0.2509744075301725,0,0.0829481014382374,low_score,0,0.310117
1991,scored_log,1778299638.062000,1778299639.080000,28608,28657,50,0.013083265163004398,0,benign,0.5,1,80,-0.07381031033651986,-0.07381031033651986,0.2456259078456316,0,0.08284605796779257,low_score,0,0.310117
2005,scored_log,1778299645.122000,1778299645.136000,28748,28797,50,0.0006407711771316826,0,benign,0.5,1,81,-0.0657180156991729,-0.0657180156991729,0.27451889878236496,0,0.08280420945870168,low_score,0,0.310117
2011,scored_log,1778299647.146000,1778299648.241000,28808,28857,50,0.0006298312218859792,0,benign,0.5,1,81,-0.0657180156991729,-0.0657180156991729,0.27451889878236496,0,0.08279655149002968,low_score,0,0.310117
842,scored_log,1778299298.149000,1778299302.336000,17118,17167,50,0.00092310894979164,0,benign,0.5,1,46,-0.06600002428681873,-0.06600002428681873,0.2735120061848899,0,0.08269977812032113,low_score,0,0.310117
2006,scored_log,1778299645.124000,1778299645.144000,28758,28807,50,0.0003384327283129096,0,benign,0.5,1,81,-0.0657180156991729,-0.0657180156991729,0.27451889878236496,0,0.08259257254452854,low_score,0,0.310117
838,scored_log,1778299296.131000,1778299299.224000,17078,17127,50,0.0007437517633661628,0,benign,0.5,1,46,-0.06600002428681873,-0.06600002428681873,0.2735120061848899,0,0.08257422808982329,low_score,0,0.310117
828,scored_log,1778299289.074000,1778299294.093000,16978,17027,50,0.0006865520845167339,0,benign,0.5,2,45|46,-0.06600002428681873,-0.08451386171314687,0.2735120061848899,0,0.08253418831462869,low_score,0,0.310117
843,scored_log,1778299299.224000,1778299302.344000,17128,17177,50,0.0005853234906680882,0,benign,0.5,1,46,-0.06600002428681873,-0.06600002428681873,0.2735120061848899,0,0.08246332829893464,low_score,0,0.310117
534,scored_log,1778299183.544000,1778299185.559000,14038,14087,50,0.012782043777406216,0,benign,0.5,2,34|35,-0.0740108600096473,-0.10423112420144834,0.24490985879555208,0,0.08242038828284999,low_score,0,0.310117
601,scored_log,1778299205.366000,1778299208.379000,14708,14757,50,0.010251021012663841,0,benign,0.5,1,37,-0.07235686706015904,-0.07235686706015904,0.25081532880629953,0,0.08242031335075456,low_score,0,0.310117
833,scored_log,1778299294.107000,1778299296.131000,17028,17077,50,0.0005173829267732799,0,benign,0.5,1,46,-0.06600002428681873,-0.06600002428681873,0.2735120061848899,0,0.08241576990420828,low_score,0,0.310117
832,scored_log,1778299291.085000,1778299296.120000,17018,17067,50,0.0003947633667849004,0,benign,0.5,2,45|46,-0.06600002428681873,-0.08451386171314687,0.2735120061848899,0,0.0823299362122164,low_score,0,0.310117
639,scored_log,1778299212.533000,1778299219.574000,15088,15137,50,0.009874370880424976,0,benign,0.5,2,37|38,-0.07235686706015904,-0.10356446134928998,0.25081532880629953,0,0.08215665825818735,low_score,0,0.310117
478,scored_log,1778299163.232000,1778299164.318000,13478,13527,50,0.009716209024190903,0,benign,0.5,2,32|33,-0.07231231258994403,-0.0778412119759058,0.2509744075301725,0,0.0820936685759854,low_score,0,0.310117
634,scored_log,1778299210.524000,1778299212.533000,15038,15087,50,0.009374381974339485,0,benign,0.5,1,37,-0.07235686706015904,-0.07235686706015904,0.25081532880629953,0,0.08180666602392751,low_score,0,0.310117
533,scored_log,1778299183.543000,1778299185.556000,14028,14077,50,0.011840421706438065,0,benign,0.5,2,34|35,-0.0740108600096473,-0.10423112420144834,0.24490985879555208,0,0.08176125283317229,low_score,0,0.310117
637,scored_log,1778299212.531000,1778299219.570000,15068,15117,50,0.00923838373273611,0,benign,0.5,2,37|38,-0.07235686706015904,-0.10356446134928998,0.25081532880629953,0,0.08171146725480515,low_score,0,0.310117
1990,scored_log,1778299638.057000,1778299639.077000,28598,28647,50,0.011459345929324627,0,benign,0.5,1,80,-0.07381031033651986,-0.07381031033651986,0.2456259078456316,0,0.08170931450421673,low_score,0,0.310117
477,scored_log,1778299163.230000,1778299164.318000,13468,13517,50,0.00904526561498642,0,benign,0.5,2,32|33,-0.07231231258994403,-0.0778412119759058,0.2509744075301725,0,0.08162400818954227,low_score,0,0.310117
605,scored_log,1778299208.377000,1778299210.399000,14748,14797,50,0.009082706645131111,0,benign,0.5,1,37,-0.07235686706015904,-0.07235686706015904,0.25081532880629953,0,0.08160249329348165,low_score,0,0.310117
600,scored_log,1778299205.365000,1778299208.377000,14698,14747,50,0.008981659077107906,0,benign,0.5,1,37,-0.07235686706015904,-0.07235686706015904,0.25081532880629953,0,0.0815317599958654,low_score,0,0.310117
2424,scored_log,1778299743.595000,1778299746.603000,32938,32987,50,0.005159757565706968,0,benign,0.5,2,90|91,-0.07000034087879298,-0.0756930635914754,0.25922914622789395,0,0.08138057416436308,low_score,0,0.310117
484,scored_log,1778299164.321000,1778299164.350000,13538,13587,50,0.0086669921875,0,benign,0.5,1,33,-0.07231231258994403,-0.07231231258994403,0.2509744075301725,0,0.08135921679030178,low_score,0,0.310117
483,scored_log,1778299164.318000,1778299164.344000,13528,13577,50,0.008611394092440605,0,benign,0.5,1,33,-0.07231231258994403,-0.07231231258994403,0.2509744075301725,0,0.0813202981237602,low_score,0,0.310117
1983,scored_log,1778299634.797000,1778299638.043000,28528,28577,50,0.010900605469942093,0,benign,0.5,1,80,-0.07381031033651986,-0.07381031033651986,0.2456259078456316,0,0.08131819618264896,low_score,0,0.310117
632,scored_log,1778299210.521000,1778299212.531000,15018,15067,50,0.008647914044559002,0,benign,0.5,1,37,-0.07235686706015904,-0.07235686706015904,0.25081532880629953,0,0.08129813847308118,low_score,0,0.310117
512,scored_log,1778299166.463000,1778299172.470000,13818,13867,50,0.008523596450686455,0,benign,0.5,1,33,-0.07231231258994403,-0.07231231258994403,0.2509744075301725,0,0.0812588397745323,low_score,0,0.310117
482,scored_log,1778299164.318000,1778299164.338000,13518,13567,50,0.0085222152993083,0,benign,0.5,1,33,-0.07231231258994403,-0.07231231258994403,0.2509744075301725,0,0.08125787296856758,low_score,0,0.310117
532,scored_log,1778299183.542000,1778299185.555000,14018,14067,50,0.011105112731456757,0,benign,0.5,2,34|35,-0.0740108600096473,-0.10423112420144834,0.24490985879555208,0,0.08124653655068537,low_score,0,0.310117
525,scored_log,1778299172.503000,1778299177.525000,13948,13997,50,0.00848707277327776,0,benign,0.5,2,33|34,-0.07231231258994403,-0.1033818504915967,0.2509744075301725,0,0.0812332732003462,low_score,0,0.310117
524,scored_log,1778299172.497000,1778299177.524000,13938,13987,50,0.008372634649276733,0,benign,0.5,2,33|34,-0.07231231258994403,-0.1033818504915967,0.2509744075301725,0,0.08115316651354548,low_score,0,0.310117
604,scored_log,1778299208.377000,1778299210.398000,14738,14787,50,0.00840116385370493,0,benign,0.5,1,37,-0.07235686706015904,-0.07235686706015904,0.25081532880629953,0,0.08112541333948332,low_score,0,0.310117
633,scored_log,1778299210.523000,1778299212.531000,15028,15077,50,0.008310896344482899,0,benign,0.5,1,37,-0.07235686706015904,-0.07235686706015904,0.25081532880629953,0,0.0810622260830279,low_score,0,0.310117
1982,scored_log,1778299634.796000,1778299638.041000,28518,28567,50,0.010390074923634529,0,benign,0.5,1,80,-0.07381031033651986,-0.07381031033651986,0.2456259078456316,0,0.08096082480023366,low_score,0,0.310117
511,scored_log,1778299166.463000,1778299172.469000,13808,13857,50,0.00791055429726839,0,benign,0.5,1,33,-0.07231231258994403,-0.07231231258994403,0.2509744075301725,0,0.08082971026713964,low_score,0,0.310117
1996,scored_log,1778299639.080000,1778299641.102000,28658,28707,50,0.010089938528835773,0,benign,0.5,1,80,-0.07381031033651986,-0.07381031033651986,0.2456259078456316,0,0.08075072932387453,low_score,0,0.310117
481,scored_log,1778299164.315000,1778299164.332000,13508,13557,50,0.007631390355527401,0,benign,0.5,1,33,-0.07231231258994403,-0.07231231258994403,0.2509744075301725,0,0.08063429550792095,low_score,0,0.310117
2438,scored_log,1778299752.087000,1778299752.649000,33078,33127,50,0.0040894486010074615,0,benign,0.5,1,91,-0.07000034087879298,-0.07000034087879298,0.25922914622789395,0,0.08063135788907343,low_score,0,0.310117
2439,scored_log,1778299752.646000,1778299752.649000,33088,33137,50,0.004089075606316328,0,benign,0.5,1,91,-0.07000034087879298,-0.07000034087879298,0.25922914622789395,0,0.08063109679278962,low_score,0,0.310117
2442,scored_log,1778299752.647000,1778299752.649000,33118,33167,50,0.004080247599631548,0,benign,0.5,1,91,-0.07000034087879298,-0.07000034087879298,0.25922914622789395,0,0.08062491718811028,low_score,0,0.310117
2443,scored_log,1778299752.649000,1778299752.649000,33128,33177,50,0.004080247599631548,0,benign,0.5,1,91,-0.07000034087879298,-0.07000034087879298,0.25922914622789395,0,0.08062491718811028,low_score,0,0.310117
2448,scored_log,1778299752.649000,1778299752.650000,33178,33227,50,0.004080245736986399,0,benign,0.5,1,91,-0.07000034087879298,-0.07000034087879298,0.25922914622789395,0,0.08062491588425867,low_score,0,0.310117
2441,scored_log,1778299752.647000,1778299752.649000,33108,33157,50,0.004080235958099365,0,benign,0.5,1,91,-0.07000034087879298,-0.07000034087879298,0.25922914622789395,0,0.08062490903903775,low_score,0,0.310117
2447,scored_log,1778299752.649000,1778299752.650000,33168,33217,50,0.004080235958099365,0,benign,0.5,1,91,-0.07000034087879298,-0.07000034087879298,0.25922914622789395,0,0.08062490903903775,low_score,0,0.310117
2446,scored_log,1778299752.649000,1778299752.650000,33158,33207,50,0.004080202896147966,0,benign,0.5,1,91,-0.07000034087879298,-0.07000034087879298,0.25922914622789395,0,0.08062488589567178,low_score,0,0.310117
2440,scored_log,1778299752.647000,1778299752.649000,33098,33147,50,0.0040801954455673695,0,benign,0.5,1,91,-0.07000034087879298,-0.07000034087879298,0.25922914622789395,0,0.08062488068026535,low_score,0,0.310117
2451,scored_log,1778299752.650000,1778299752.651000,33208,33257,50,0.004080166108906269,0,benign,0.5,1,91,-0.07000034087879298,-0.07000034087879298,0.25922914622789395,0,0.08062486014460259,low_score,0,0.310117
2445,scored_log,1778299752.649000,1778299752.650000,33148,33197,50,0.0040800501592457294,0,benign,0.5,1,91,-0.07000034087879298,-0.07000034087879298,0.25922914622789395,0,0.0806247789798402,low_score,0,0.310117
2450,scored_log,1778299752.650000,1778299752.651000,33198,33247,50,0.0040798792615532875,0,benign,0.5,1,91,-0.07000034087879298,-0.07000034087879298,0.25922914622789395,0,0.0806246593514555,low_score,0,0.310117
2444,scored_log,1778299752.649000,1778299752.650000,33138,33187,50,0.004079162608832121,0,benign,0.5,1,91,-0.07000034087879298,-0.07000034087879298,0.25922914622789395,0,0.08062415769455068,low_score,0,0.310117
2449,scored_log,1778299752.650000,1778299752.651000,33188,33237,50,0.0040738643147051334,0,benign,0.5,1,91,-0.07000034087879298,-0.07000034087879298,0.25922914622789395,0,0.0806204488886618,low_score,0,0.310117
2437,scored_log,1778299749.639000,1778299752.647000,33068,33117,50,0.004065895453095436,0,benign,0.5,1,91,-0.07000034087879298,-0.07000034087879298,0.25922914622789395,0,0.08061487068553501,low_score,0,0.310117
2436,scored_log,1778299749.630000,1778299752.647000,33058,33107,50,0.004005418624728918,0,benign,0.5,1,91,-0.07000034087879298,-0.07000034087879298,0.25922914622789395,0,0.08057253690567844,low_score,0,0.310117
1981,scored_log,1778299634.796000,1778299638.041000,28508,28557,50,0.009814681485295296,0,benign,0.5,1,80,-0.07381031033651986,-0.07381031033651986,0.2456259078456316,0,0.0805580493933962,low_score,0,0.310117
399,scored_log,1778299112.370000,1778299119.385000,12688,12737,50,0.019525153562426567,0,benign,0.5,2,27|28,-0.0801623511129897,-0.10205085498185515,0.22294637567223638,0,0.08055152019536951,low_score,0,0.310117
1989,scored_log,1778299638.049000,1778299639.077000,28588,28637,50,0.009679550305008888,0,benign,0.5,1,80,-0.07381031033651986,-0.07381031033651986,0.2456259078456316,0,0.08046345756719571,low_score,0,0.310117
638,scored_log,1778299212.531000,1778299219.572000,15078,15127,50,0.007182153407484293,0,benign,0.5,2,37|38,-0.07235686706015904,-0.10356446134928998,0.25081532880629953,0,0.08027210602712888,low_score,0,0.310117
2435,scored_log,1778299749.626000,1778299752.647000,33048,33097,50,0.003563622711226344,0,benign,0.5,1,91,-0.07000034087879298,-0.07000034087879298,0.25922914622789395,0,0.08026327976622664,low_score,0,0.310117
2428,scored_log,1778299743.597000,1778299749.625000,32978,33027,50,0.0033751975279301405,0,benign,0.5,2,90|91,-0.07000034087879298,-0.0756930635914754,0.25922914622789395,0,0.0801313821379193,low_score,0,0.310117
1978,scored_log,1778299633.791000,1778299634.797000,28478,28527,50,0.009204715490341187,0,benign,0.5,1,80,-0.07381031033651986,-0.07381031033651986,0.2456259078456316,0,0.08013107319692832,low_score,0,0.310117
556,scored_log,1778299190.609000,1778299193.627000,14258,14307,50,0.009416911751031876,0,benign,0.5,1,35,-0.0740108600096473,-0.0740108600096473,0.24490985879555208,0,0.08006479586438796,low_score,0,0.310117
551,scored_log,1778299187.589000,1778299190.609000,14208,14257,50,0.009404003620147705,0,benign,0.5,1,35,-0.0740108600096473,-0.0740108600096473,0.24490985879555208,0,0.08005576017276904,low_score,0,0.310117
1995,scored_log,1778299639.077000,1778299641.101000,28648,28697,50,0.008994201198220253,0,benign,0.5,1,80,-0.07381031033651986,-0.07381031033651986,0.2456259078456316,0,0.07998371319244367,low_score,0,0.310117
1976,scored_log,1778299633.790000,1778299634.795000,28458,28507,50,0.008632947690784931,0,benign,0.5,1,80,-0.07381031033651986,-0.07381031033651986,0.2456259078456316,0,0.07973083573723895,low_score,0,0.310117
546,scored_log,1778299185.579000,1778299187.588000,14158,14207,50,0.008929823525249958,0,benign,0.5,1,35,-0.0740108600096473,-0.0740108600096473,0.24490985879555208,0,0.07972383410634061,low_score,0,0.310117
520,scored_log,1778299172.476000,1778299172.503000,13898,13947,50,0.00616542948409915,0,benign,0.5,1,33,-0.07231231258994403,-0.07231231258994403,0.2509744075301725,0,0.07960812289792119,low_score,0,0.310117
1994,scored_log,1778299639.077000,1778299641.101000,28638,28687,50,0.008407561108469963,0,benign,0.5,1,80,-0.07381031033651986,-0.07381031033651986,0.2456259078456316,0,0.07957306512961847,low_score,0,0.310117
519,scored_log,1778299172.476000,1778299172.497000,13888,13937,50,0.006106127519160509,0,benign,0.5,1,33,-0.07231231258994403,-0.07231231258994403,0.2509744075301725,0,0.07956661152246414,low_score,0,0.310117
545,scored_log,1778299185.574000,1778299187.588000,14148,14197,50,0.008599442429840565,0,benign,0.5,1,35,-0.0740108600096473,-0.0740108600096473,0.24490985879555208,0,0.07949256733955404,low_score,0,0.310117
1977,scored_log,1778299633.791000,1778299634.796000,28468,28517,50,0.00822484865784645,0,benign,0.5,1,80,-0.07381031033651986,-0.07381031033651986,0.2456259078456316,0,0.079445166414182,low_score,0,0.310117
550,scored_log,1778299187.588000,1778299190.608000,14198,14247,50,0.008518199436366558,0,benign,0.5,1,35,-0.0740108600096473,-0.0740108600096473,0.24490985879555208,0,0.07943569724412224,low_score,0,0.310117
555,scored_log,1778299190.608000,1778299193.627000,14248,14297,50,0.008518042042851448,0,benign,0.5,1,35,-0.0740108600096473,-0.0740108600096473,0.24490985879555208,0,0.07943558706866165,low_score,0,0.310117
480,scored_log,1778299163.296000,1778299164.327000,13498,13547,50,0.005781734827905893,0,benign,0.5,2,32|33,-0.07231231258994403,-0.0778412119759058,0.2509744075301725,0,0.0793395366385859,low_score,0,0.310117
2427,scored_log,1778299743.597000,1778299746.608000,32968,33017,50,0.0020756954327225685,0,benign,0.5,2,90|91,-0.07000034087879298,-0.0756930635914754,0.25922914622789395,0,0.079221730671274,low_score,0,0.310117
2192,scored_log,1778299694.217000,1778299696.239000,30618,30667,50,0.011301727965474129,0,benign,0.5,1,86,-0.07605265482583473,-0.07605265482583473,0.2376197684364455,0,0.07919714010676554,low_score,0,0.310117
518,scored_log,1778299172.476000,1778299172.493000,13878,13927,50,0.0054970295168459415,0,benign,0.5,1,33,-0.07231231258994403,-0.07231231258994403,0.2509744075301725,0,0.07914024292084393,low_score,0,0.310117
854,scored_log,1778299307.365000,1778299310.382000,17238,17287,50,0.012074250727891922,0,benign,0.5,1,47,-0.07677847271402272,-0.07677847271402272,0.235028284734363,0,0.07896046092983325,low_score,0,0.310117
872,scored_log,1778299312.416000,1778299314.436000,17418,17467,50,0.011855595745146275,0,benign,0.5,2,47|48,-0.07677847271402272,-0.089744461314992,0.235028284734363,0,0.0788074024419113,low_score,0,0.310117
2191,scored_log,1778299694.217000,1778299696.239000,30608,30657,50,0.010514689609408379,0,benign,0.5,1,86,-0.07605265482583473,-0.07605265482583473,0.2376197684364455,0,0.07864621325751953,low_score,0,0.310117
2431,scored_log,1778299746.605000,1778299749.630000,33008,33057,50,0.001122107612900436,0,benign,0.5,1,91,-0.07000034087879298,-0.07000034087879298,0.25922914622789395,0,0.07855421919739851,low_score,0,0.310117
2210,scored_log,1778299701.477000,1778299704.499000,30798,30847,50,0.010353303514420986,0,benign,0.5,2,86|87,-0.07605265482583473,-0.1052835963707541,0.2376197684364455,0,0.07853324299102835,low_score,0,0.310117
849,scored_log,1778299305.353000,1778299307.365000,17188,17237,50,0.011309423483908176,0,benign,0.5,1,47,-0.07677847271402272,-0.07677847271402272,0.235028284734363,0,0.07842508185904463,low_score,0,0.310117
853,scored_log,1778299307.365000,1778299310.382000,17228,17277,50,0.011278881691396236,0,benign,0.5,1,47,-0.07677847271402272,-0.07677847271402272,0.235028284734363,0,0.07840370260428628,low_score,0,0.310117
871,scored_log,1778299312.416000,1778299314.434000,17408,17457,50,0.011251422576606274,0,benign,0.5,2,47|48,-0.07677847271402272,-0.089744461314992,0.235028284734363,0,0.0783844812239333,low_score,0,0.310117
2433,scored_log,1778299749.625000,1778299752.087000,33028,33077,50,0.0005091526545584202,0,benign,0.5,1,91,-0.07000034087879298,-0.07000034087879298,0.25922914622789395,0,0.0781251507265591,low_score,0,0.310117
599,scored_log,1778299205.365000,1778299208.377000,14688,14737,50,0.004099487327039242,0,benign,0.5,1,37,-0.07235686706015904,-0.07235686706015904,0.25081532880629953,0,0.07811423977081734,low_score,0,0.310117
2432,scored_log,1778299746.608000,1778299749.639000,33018,33067,50,0.00048673723358660936,0,benign,0.5,1,91,-0.07000034087879298,-0.07000034087879298,0.25922914622789395,0,0.07810945993187883,low_score,0,0.310117
523,scored_log,1778299172.493000,1778299177.524000,13928,13977,50,0.0039019808173179626,0,benign,0.5,2,33|34,-0.07231231258994403,-0.1033818504915967,0.2509744075301725,0,0.07802370883117435,low_score,0,0.310117
2434,scored_log,1778299749.626000,1778299752.097000,33038,33087,50,0.00035714084515348077,0,benign,0.5,1,91,-0.07000034087879298,-0.07000034087879298,0.25922914622789395,0,0.07801874245997563,low_score,0,0.310117
2452,scored_log,1778299752.650000,1778299752.657000,33218,33267,50,0.00018821725097950548,0,benign,0.5,1,91,-0.07000034087879298,-0.07000034087879298,0.25922914622789395,0,0.07790049594405385,low_score,0,0.310117
2200,scored_log,1778299697.333000,1778299699.446000,30698,30747,50,0.009319975040853024,0,benign,0.5,1,86,-0.07605265482583473,-0.07605265482583473,0.2376197684364455,0,0.07780991305953078,low_score,0,0.310117
2209,scored_log,1778299701.477000,1778299704.497000,30788,30837,50,0.009240378625690937,0,benign,0.5,2,86|87,-0.07605265482583473,-0.1052835963707541,0.2376197684364455,0,0.07775419556891731,low_score,0,0.310117
517,scored_log,1778299172.470000,1778299172.485000,13868,13917,50,0.0034665304701775312,0,benign,0.5,1,33,-0.07231231258994403,-0.07231231258994403,0.2509744075301725,0,0.07771889358817605,low_score,0,0.310117
870,scored_log,1778299312.415000,1778299314.434000,17398,17447,50,0.010265219956636429,0,benign,0.5,2,47|48,-0.07677847271402272,-0.089744461314992,0.235028284734363,0,0.07769413938995441,low_score,0,0.310117
2205,scored_log,1778299699.446000,1778299701.477000,30748,30797,50,0.009138538502156734,0,benign,0.5,1,86,-0.07605265482583473,-0.07605265482583473,0.2376197684364455,0,0.07768290748244337,low_score,0,0.310117
2187,scored_log,1778299691.207000,1778299694.217000,30568,30617,50,0.00871987920254469,0,benign,0.5,2,85|86,-0.07605265482583473,-0.09963395992330806,0.2376197684364455,0,0.07738984597271494,low_score,0,0.310117
558,scored_log,1778299190.619000,1778299193.748000,14278,14327,50,0.005552859976887703,0,benign,0.5,1,35,-0.0740108600096473,-0.0740108600096473,0.24490985879555208,0,0.07735995962248703,low_score,0,0.310117
2208,scored_log,1778299701.475000,1778299704.497000,30778,30827,50,0.008650881238281727,0,benign,0.5,2,86|87,-0.07605265482583473,-0.1052835963707541,0.2376197684364455,0,0.07734154739773086,low_score,0,0.310117
855,scored_log,1778299307.366000,1778299310.387000,17248,17297,50,0.009641625918447971,0,benign,0.5,1,47,-0.07677847271402272,-0.07677847271402272,0.235028284734363,0,0.0772576235632225,low_score,0,0.310117
2204,scored_log,1778299699.443000,1778299701.477000,30738,30787,50,0.008529986254870892,0,benign,0.5,1,86,-0.07605265482583473,-0.07605265482583473,0.2376197684364455,0,0.07725692090934327,low_score,0,0.310117
850,scored_log,1778299305.353000,1778299307.366000,17198,17247,50,0.009577537886798382,0,benign,0.5,1,47,-0.07677847271402272,-0.07677847271402272,0.235028284734363,0,0.07721276194106777,low_score,0,0.310117
2203,scored_log,1778299699.443000,1778299701.475000,30728,30777,50,0.008333315141499043,0,benign,0.5,1,86,-0.07605265482583473,-0.07605265482583473,0.2376197684364455,0,0.07711925112998298,low_score,0,0.310117
479,scored_log,1778299163.236000,1778299164.320000,13488,13537,50,0.002355372067540884,0,benign,0.5,2,32|33,-0.07231231258994403,-0.0778412119759058,0.2509744075301725,0,0.07694108270633039,low_score,0,0.310117
516,scored_log,1778299172.469000,1778299172.480000,13858,13907,50,0.002345164306461811,0,benign,0.5,1,33,-0.07231231258994403,-0.07231231258994403,0.2509744075301725,0,0.07693393727357505,low_score,0,0.310117
521,scored_log,1778299172.480000,1778299172.511000,13908,13957,50,0.0023012955207377672,0,benign,0.5,1,33,-0.07231231258994403,-0.07231231258994403,0.2509744075301725,0,0.07690322912356821,low_score,0,0.310117
2199,scored_log,1778299696.250000,1778299699.443000,30688,30737,50,0.007664300501346588,0,benign,0.5,1,86,-0.07605265482583473,-0.07605265482583473,0.2376197684364455,0,0.07665094088187627,low_score,0,0.310117
867,scored_log,1778299310.404000,1778299312.416000,17368,17417,50,0.008766946382820606,0,benign,0.5,1,47,-0.07677847271402272,-0.07677847271402272,0.235028284734363,0,0.07664534788828334,low_score,0,0.310117
510,scored_log,1778299166.463000,1778299172.467000,13798,13847,50,0.001690391916781664,0,benign,0.5,1,33,-0.07231231258994403,-0.07231231258994403,0.2509744075301725,0,0.07647559660079895,low_score,0,0.310117
606,scored_log,1778299208.379000,1778299210.400000,14758,14807,50,0.001747212721966207,0,benign,0.5,1,37,-0.07235686706015904,-0.07235686706015904,0.25081532880629953,0,0.07646764754726622,low_score,0,0.310117
548,scored_log,1778299185.582000,1778299187.599000,14178,14227,50,0.0041030277498066425,0,benign,0.5,1,35,-0.0740108600096473,-0.0740108600096473,0.24490985879555208,0,0.07634507706353029,low_score,0,0.310117
531,scored_log,1778299177.529000,1778299185.555000,14008,14057,50,0.004095074255019426,0,benign,0.5,2,34|35,-0.0740108600096473,-0.10423112420144834,0.24490985879555208,0,0.07633950961717924,low_score,0,0.310117
2211,scored_log,1778299701.485000,1778299708.519000,30808,30857,50,0.007101970724761486,0,benign,0.5,2,86|87,-0.07605265482583473,-0.1052835963707541,0.2376197684364455,0,0.07625731003826669,low_score,0,0.310117
553,scored_log,1778299187.599000,1778299190.619000,14228,14277,50,0.003878243500366807,0,benign,0.5,1,35,-0.0740108600096473,-0.0740108600096473,0.24490985879555208,0,0.07618772808892241,low_score,0,0.310117
866,scored_log,1778299310.399000,1778299312.416000,17358,17407,50,0.007952840067446232,0,benign,0.5,1,47,-0.07677847271402272,-0.07677847271402272,0.235028284734363,0,0.07607547346752128,low_score,0,0.310117
1979,scored_log,1778299633.791000,1778299634.811000,28488,28537,50,0.0033166378270834684,0,benign,0.5,1,80,-0.07381031033651986,-0.07381031033651986,0.2456259078456316,0,0.07600941883264792,low_score,0,0.310117
557,scored_log,1778299190.614000,1778299193.632000,14268,14317,50,0.0034950266126543283,0,benign,0.5,1,35,-0.0740108600096473,-0.0740108600096473,0.24490985879555208,0,0.07591947626752367,low_score,0,0.310117
488,scored_log,1778299164.344000,1778299166.364000,13578,13627,50,0.0008543886942788959,0,benign,0.5,1,33,-0.07231231258994403,-0.07231231258994403,0.2509744075301725,0,0.075890394345047,low_score,0,0.310117
506,scored_log,1778299166.463000,1778299166.463000,13758,13807,50,0.0007176767103374004,0,benign,0.5,1,33,-0.07231231258994403,-0.07231231258994403,0.2509744075301725,0,0.07579469595628796,low_score,0,0.310117
507,scored_log,1778299166.463000,1778299166.463000,13768,13817,50,0.0007176767103374004,0,benign,0.5,1,33,-0.07231231258994403,-0.07231231258994403,0.2509744075301725,0,0.07579469595628796,low_score,0,0.310117
508,scored_log,1778299166.463000,1778299166.463000,13778,13827,50,0.0007176767103374004,0,benign,0.5,1,33,-0.07231231258994403,-0.07231231258994403,0.2509744075301725,0,0.07579469595628796,low_score,0,0.310117
509,scored_log,1778299166.463000,1778299166.463000,13788,13837,50,0.0007176767103374004,0,benign,0.5,1,33,-0.07231231258994403,-0.07231231258994403,0.2509744075301725,0,0.07579469595628796,low_score,0,0.310117
505,scored_log,1778299166.461000,1778299166.463000,13748,13797,50,0.0007176412036642432,0,benign,0.5,1,33,-0.07231231258994403,-0.07231231258994403,0.2509744075301725,0,0.07579467110161675,low_score,0,0.310117
504,scored_log,1778299166.457000,1778299166.463000,13738,13787,50,0.0007157461950555444,0,benign,0.5,1,33,-0.07231231258994403,-0.07231231258994403,0.2509744075301725,0,0.07579334459559066,low_score,0,0.310117
503,scored_log,1778299166.449000,1778299166.463000,13728,13777,50,0.000707270868588239,0,benign,0.5,1,33,-0.07231231258994403,-0.07231231258994403,0.2509744075301725,0,0.07578741186706354,low_score,0,0.310117
502,scored_log,1778299166.441000,1778299166.463000,13718,13767,50,0.0006816490786150098,0,benign,0.5,1,33,-0.07231231258994403,-0.07231231258994403,0.2509744075301725,0,0.07576947661408229,low_score,0,0.310117
513,scored_log,1778299166.463000,1778299172.475000,13828,13877,50,0.0006711796741001308,0,benign,0.5,1,33,-0.07231231258994403,-0.07231231258994403,0.2509744075301725,0,0.07576214803092186,low_score,0,0.310117
624,scored_log,1778299210.516000,1778299210.518000,14938,14987,50,0.0007175174541771412,0,benign,0.5,1,37,-0.07235686706015904,-0.07235686706015904,0.25081532880629953,0,0.07574686085981387,low_score,0,0.310117
627,scored_log,1778299210.517000,1778299210.521000,14968,15017,50,0.0007174320053309202,0,benign,0.5,1,37,-0.07235686706015904,-0.07235686706015904,0.25081532880629953,0,0.07574680104562151,low_score,0,0.310117
631,scored_log,1778299210.521000,1778299210.525000,15008,15057,50,0.0007174134952947497,0,benign,0.5,1,37,-0.07235686706015904,-0.07235686706015904,0.25081532880629953,0,0.0757467880885962,low_score,0,0.310117
629,scored_log,1778299210.518000,1778299210.523000,14988,15037,50,0.000717401853762567,0,benign,0.5,1,37,-0.07235686706015904,-0.07235686706015904,0.25081532880629953,0,0.07574677993952367,low_score,0,0.310117
626,scored_log,1778299210.517000,1778299210.521000,14958,15007,50,0.0007172736804932356,0,benign,0.5,1,37,-0.07235686706015904,-0.07235686706015904,0.25081532880629953,0,0.07574669021823513,low_score,0,0.310117
630,scored_log,1778299210.520000,1778299210.525000,14998,15047,50,0.0007172224577516317,0,benign,0.5,1,37,-0.07235686706015904,-0.07235686706015904,0.25081532880629953,0,0.07574665436231601,low_score,0,0.310117
628,scored_log,1778299210.518000,1778299210.523000,14978,15027,50,0.0007171789766289294,0,benign,0.5,1,37,-0.07235686706015904,-0.07235686706015904,0.25081532880629953,0,0.07574662392553012,low_score,0,0.310117
625,scored_log,1778299210.516000,1778299210.520000,14948,14997,50,0.0007170033641159534,0,benign,0.5,1,37,-0.07235686706015904,-0.07235686706015904,0.25081532880629953,0,0.07574650099677104,low_score,0,0.310117
623,scored_log,1778299210.511000,1778299210.518000,14928,14977,50,0.0007157165673561394,0,benign,0.5,1,37,-0.07235686706015904,-0.07235686706015904,0.25081532880629953,0,0.07574560023903917,low_score,0,0.310117
622,scored_log,1778299210.501000,1778299210.517000,14918,14967,50,0.000708452076651156,0,benign,0.5,1,37,-0.07235686706015904,-0.07235686706015904,0.25081532880629953,0,0.07574051509554568,low_score,0,0.310117
621,scored_log,1778299210.490000,1778299210.516000,14908,14957,50,0.0006855804822407663,0,benign,0.5,1,37,-0.07235686706015904,-0.07235686706015904,0.25081532880629953,0,0.0757245049794584,low_score,0,0.310117
501,scored_log,1778299166.432000,1778299166.463000,13708,13757,50,0.0006012122030369937,0,benign,0.5,1,33,-0.07231231258994403,-0.07231231258994403,0.2509744075301725,0,0.07571317080117768,low_score,0,0.310117
620,scored_log,1778299210.480000,1778299210.516000,14898,14947,50,0.0006142040947452188,0,benign,0.5,1,37,-0.07235686706015904,-0.07235686706015904,0.25081532880629953,0,0.07567454150821153,low_score,0,0.310117
635,scored_log,1778299210.525000,1778299212.538000,15048,15097,50,0.0005897096707485616,0,benign,0.5,1,37,-0.07235686706015904,-0.07235686706015904,0.25081532880629953,0,0.07565739541141386,low_score,0,0.310117
602,scored_log,1778299205.367000,1778299208.386000,14718,14767,50,0.000572516000829637,0,benign,0.5,1,37,-0.07235686706015904,-0.07235686706015904,0.25081532880629953,0,0.07564535984247062,low_score,0,0.310117
598,scored_log,1778299205.365000,1778299205.372000,14678,14727,50,0.000568443676456809,0,benign,0.5,1,37,-0.07235686706015904,-0.07235686706015904,0.25081532880629953,0,0.07564250921540963,low_score,0,0.310117
398,scored_log,1778299112.369000,1778299119.385000,12678,12727,50,0.01243628840893507,0,benign,0.5,2,27|28,-0.0801623511129897,-0.10205085498185515,0.22294637567223638,0,0.07558931458792546,low_score,0,0.310117
489,scored_log,1778299164.351000,1778299166.374000,13588,13637,50,0.00041727637290023267,0,benign,0.5,1,33,-0.07231231258994403,-0.07231231258994403,0.2509744075301725,0,0.07558441572008194,low_score,0,0.310117
636,scored_log,1778299210.526000,1778299213.546000,15058,15107,50,0.00046159993507899344,0,benign,0.5,1,37,-0.07235686706015904,-0.07235686706015904,0.25081532880629953,0,0.07556771859644516,low_score,0,0.310117
490,scored_log,1778299166.354000,1778299166.382000,13598,13647,50,0.0003717750951182097,0,benign,0.5,1,33,-0.07231231258994403,-0.07231231258994403,0.2509744075301725,0,0.07555256482563452,low_score,0,0.310117
535,scored_log,1778299183.546000,1778299185.562000,14048,14097,50,0.002952736336737871,0,benign,0.5,2,34|35,-0.0740108600096473,-0.10423112420144834,0.24490985879555208,0,0.07553987307438215,low_score,0,0.310117
491,scored_log,1778299166.354000,1778299166.389000,13608,13657,50,0.0003525533538777381,0,benign,0.5,1,33,-0.07231231258994403,-0.07231231258994403,0.2509744075301725,0,0.07553910960676619,low_score,0,0.310117
500,scored_log,1778299166.424000,1778299166.461000,13698,13747,50,0.0003434125683270395,0,benign,0.5,1,33,-0.07231231258994403,-0.07231231258994403,0.2509744075301725,0,0.0755327110568807,low_score,0,0.310117
495,scored_log,1778299166.383000,1778299166.423000,13648,13697,50,0.0003428345953579992,0,benign,0.5,1,33,-0.07231231258994403,-0.07231231258994403,0.2509744075301725,0,0.07553230647580238,low_score,0,0.310117
497,scored_log,1778299166.399000,1778299166.439000,13668,13717,50,0.00034272216726094484,0,benign,0.5,1,33,-0.07231231258994403,-0.07231231258994403,0.2509744075301725,0,0.07553222777613444,low_score,0,0.310117
499,scored_log,1778299166.416000,1778299166.456000,13688,13737,50,0.0003426264738664031,0,benign,0.5,1,33,-0.07231231258994403,-0.07231231258994403,0.2509744075301725,0,0.07553216079075825,low_score,0,0.310117
496,scored_log,1778299166.391000,1778299166.431000,13658,13707,50,0.00034226602292619646,0,benign,0.5,1,33,-0.07231231258994403,-0.07231231258994403,0.2509744075301725,0,0.0755319084751001,low_score,0,0.310117
494,scored_log,1778299166.375000,1778299166.415000,13638,13687,50,0.00034207713906653225,0,benign,0.5,1,33,-0.07231231258994403,-0.07231231258994403,0.2509744075301725,0,0.07553177625639834,low_score,0,0.310117
493,scored_log,1778299166.366000,1778299166.407000,13628,13677,50,0.0003420080174691975,0,benign,0.5,1,33,-0.07231231258994403,-0.07231231258994403,0.2509744075301725,0,0.07553172787128021,low_score,0,0.310117
498,scored_log,1778299166.407000,1778299166.448000,13678,13727,50,0.00034193857572972775,0,benign,0.5,1,33,-0.07231231258994403,-0.07231231258994403,0.2509744075301725,0,0.07553167926206258,low_score,0,0.310117
492,scored_log,1778299166.357000,1778299166.398000,13618,13667,50,0.0003419193672016263,0,benign,0.5,1,33,-0.07231231258994403,-0.07231231258994403,0.2509744075301725,0,0.07553166581609291,low_score,0,0.310117
607,scored_log,1778299208.386000,1778299210.410000,14768,14817,50,0.00038561836117878556,0,benign,0.5,1,37,-0.07235686706015904,-0.07235686706015904,0.25081532880629953,0,0.07551453149471501,low_score,0,0.310117
619,scored_log,1778299210.469000,1778299210.516000,14888,14937,50,0.0003667828568723053,0,benign,0.5,1,37,-0.07235686706015904,-0.07235686706015904,0.25081532880629953,0,0.07550134664170048,low_score,0,0.310117
603,scored_log,1778299205.372000,1778299208.394000,14728,14777,50,0.00034968703403137624,0,benign,0.5,1,37,-0.07235686706015904,-0.07235686706015904,0.25081532880629953,0,0.07548937956571183,low_score,0,0.310117
592,scored_log,1778299205.365000,1778299205.365000,14618,14667,50,0.0003094028797931969,0,benign,0.5,1,37,-0.07235686706015904,-0.07235686706015904,0.25081532880629953,0,0.07546118065774511,low_score,0,0.310117
593,scored_log,1778299205.365000,1778299205.365000,14628,14677,50,0.0003094028797931969,0,benign,0.5,1,37,-0.07235686706015904,-0.07235686706015904,0.25081532880629953,0,0.07546118065774511,low_score,0,0.310117
594,scored_log,1778299205.365000,1778299205.365000,14638,14687,50,0.0003094028797931969,0,benign,0.5,1,37,-0.07235686706015904,-0.07235686706015904,0.25081532880629953,0,0.07546118065774511,low_score,0,0.310117
595,scored_log,1778299205.365000,1778299205.365000,14648,14697,50,0.0003094028797931969,0,benign,0.5,1,37,-0.07235686706015904,-0.07235686706015904,0.25081532880629953,0,0.07546118065774511,low_score,0,0.310117
596,scored_log,1778299205.365000,1778299205.366000,14658,14707,50,0.00030940258875489235,0,benign,0.5,1,37,-0.07235686706015904,-0.07235686706015904,0.25081532880629953,0,0.0754611804540183,low_score,0,0.310117
597,scored_log,1778299205.365000,1778299205.366000,14668,14717,50,0.00030940197757445276,0,benign,0.5,1,37,-0.07235686706015904,-0.07235686706015904,0.25081532880629953,0,0.07546118002619198,low_score,0,0.310117
591,scored_log,1778299205.361000,1778299205.365000,14608,14657,50,0.00030036194948479533,0,benign,0.5,1,37,-0.07235686706015904,-0.07235686706015904,0.25081532880629953,0,0.07545485200652922,low_score,0,0.310117
589,scored_log,1778299205.361000,1778299205.365000,14588,14637,50,0.0002932492352556437,0,benign,0.5,1,37,-0.07235686706015904,-0.07235686706015904,0.25081532880629953,0,0.07544987310656882,low_score,0,0.310117
2358,scored_log,1778299733.150000,1778299736.169000,32278,32327,50,0.01410825364291668,0,benign,0.5,2,89|90,-0.08138578630415783,-0.10756005901204807,0.21857818303044071,0,0.0754492324591739,low_score,0,0.310117
590,scored_log,1778299205.361000,1778299205.365000,14598,14647,50,0.0002916596713475883,0,benign,0.5,1,37,-0.07235686706015904,-0.07235686706015904,0.25081532880629953,0,0.07544876041183318,low_score,0,0.310117
608,scored_log,1778299210.396000,1778299210.417000,14778,14827,50,0.0002523041039239615,0,benign,0.5,1,37,-0.07235686706015904,-0.07235686706015904,0.25081532880629953,0,0.07542121151463664,low_score,0,0.310117
522,scored_log,1778299172.485000,1778299174.518000,13918,13967,50,0.0001637466048123315,0,benign,0.5,2,33|34,-0.07231231258994403,-0.1033818504915967,0.2509744075301725,0,0.0754069448824204,low_score,0,0.310117
609,scored_log,1778299210.398000,1778299210.426000,14788,14837,50,0.00022703710419591516,0,benign,0.5,1,37,-0.07235686706015904,-0.07235686706015904,0.25081532880629953,0,0.07540352461482701,low_score,0,0.310117
610,scored_log,1778299210.399000,1778299210.435000,14798,14847,50,0.00021486969490069896,0,benign,0.5,1,37,-0.07235686706015904,-0.07235686706015904,0.25081532880629953,0,0.07539500742832037,low_score,0,0.310117
615,scored_log,1778299210.436000,1778299210.477000,14848,14897,50,0.00020963087445124984,0,benign,0.5,1,37,-0.07235686706015904,-0.07235686706015904,0.25081532880629953,0,0.07539134025400575,low_score,0,0.310117
614,scored_log,1778299210.427000,1778299210.467000,14838,14887,50,0.000209597303182818,0,benign,0.5,1,37,-0.07235686706015904,-0.07235686706015904,0.25081532880629953,0,0.07539131675411784,low_score,0,0.310117
612,scored_log,1778299210.410000,1778299210.451000,14818,14867,50,0.00020926423894707114,0,benign,0.5,1,37,-0.07235686706015904,-0.07235686706015904,0.25081532880629953,0,0.07539108360915282,low_score,0,0.310117
611,scored_log,1778299210.402000,1778299210.443000,14808,14857,50,0.00020919300732202828,0,benign,0.5,1,37,-0.07235686706015904,-0.07235686706015904,0.25081532880629953,0,0.07539103374701529,low_score,0,0.310117
613,scored_log,1778299210.419000,1778299210.459000,14828,14877,50,0.00020914734341204166,0,benign,0.5,1,37,-0.07235686706015904,-0.07235686706015904,0.25081532880629953,0,0.0753910017822783,low_score,0,0.310117
616,scored_log,1778299210.444000,1778299210.488000,14858,14907,50,0.0002091431524604559,0,benign,0.5,1,37,-0.07235686706015904,-0.07235686706015904,0.25081532880629953,0,0.0753909988486122,low_score,0,0.310117
618,scored_log,1778299210.460000,1778299210.509000,14878,14927,50,0.0002089862828142941,0,benign,0.5,1,37,-0.07235686706015904,-0.07235686706015904,0.25081532880629953,0,0.07539088903985988,low_score,0,0.310117
617,scored_log,1778299210.452000,1778299210.500000,14868,14917,50,0.00020832099835388362,0,benign,0.5,1,37,-0.07235686706015904,-0.07235686706015904,0.25081532880629953,0,0.07539042334073759,low_score,0,0.310117
554,scored_log,1778299190.608000,1778299193.627000,14238,14287,50,0.0026519745588302612,0,benign,0.5,1,35,-0.0740108600096473,-0.0740108600096473,0.24490985879555208,0,0.07532933982984683,low_score,0,0.310117
549,scored_log,1778299187.588000,1778299190.608000,14188,14237,50,0.002651023678481579,0,benign,0.5,1,35,-0.0740108600096473,-0.0740108600096473,0.24490985879555208,0,0.07532867421360274,low_score,0,0.310117
544,scored_log,1778299185.568000,1778299187.588000,14138,14187,50,0.00245626806281507,0,benign,0.5,1,35,-0.0740108600096473,-0.0740108600096473,0.24490985879555208,0,0.07519234528263619,low_score,0,0.310117
1997,scored_log,1778299639.087000,1778299641.106000,28668,28717,50,0.002028999151661992,0,benign,0.5,1,80,-0.07381031033651986,-0.07381031033651986,0.2456259078456316,0,0.07510807175985289,low_score,0,0.310117
76,scored_log,1778298977.998000,1778298979.020000,9458,9507,50,0.01194930449128151,0,benign,0.5,1,14,-0.0803032375770188,-0.0803032375770188,0.22244335007681199,0,0.07509751816694066,low_score,0,0.310117
1257,scored_log,1778299424.133000,1778299427.152000,21268,21317,50,0.013317231088876724,0,benign,0.5,1,59,-0.08123455843383987,-0.08123455843383987,0.2191181319179062,0,0.07505750133758557,low_score,0,0.310117
2198,scored_log,1778299696.245000,1778299699.443000,30678,30727,50,0.00535860750824213,0,benign,0.5,1,86,-0.07605265482583473,-0.07605265482583473,0.2376197684364455,0,0.07503695578670315,low_score,0,0.310117
1984,scored_log,1778299634.811000,1778299638.049000,28538,28587,50,0.001879450399428606,0,benign,0.5,1,80,-0.07381031033651986,-0.07381031033651986,0.2456259078456316,0,0.07500338763328952,low_score,0,0.310117
1988,scored_log,1778299638.043000,1778299638.073000,28578,28627,50,0.001800103229470551,0,benign,0.5,1,80,-0.07381031033651986,-0.07381031033651986,0.2456259078456316,0,0.07494784461431887,low_score,0,0.310117
1987,scored_log,1778299638.041000,1778299638.067000,28568,28617,50,0.001796969212591648,0,benign,0.5,1,80,-0.07381031033651986,-0.07381031033651986,0.2456259078456316,0,0.07494565080250365,low_score,0,0.310117
1986,scored_log,1778299638.041000,1778299638.061000,28558,28607,50,0.0017684174235910177,0,benign,0.5,1,80,-0.07381031033651986,-0.07381031033651986,0.2456259078456316,0,0.0749256645502032,low_score,0,0.310117
1985,scored_log,1778299637.025000,1778299638.056000,28548,28597,50,0.0015540755121037364,0,benign,0.5,1,80,-0.07381031033651986,-0.07381031033651986,0.2456259078456316,0,0.0747756252121621,low_score,0,0.310117
2186,scored_log,1778299691.202000,1778299694.217000,30558,30607,50,0.004774524364620447,0,benign,0.5,2,85|86,-0.07605265482583473,-0.09963395992330806,0.2376197684364455,0,0.07462809758616797,low_score,0,0.310117
1980,scored_log,1778299633.792000,1778299637.025000,28498,28547,50,0.0013418019516393542,0,benign,0.5,1,80,-0.07381031033651986,-0.07381031033651986,0.2456259078456316,0,0.07462703371983705,low_score,0,0.310117
80,scored_log,1778298979.020000,1778298980.035000,9498,9547,50,0.010958698578178883,0,benign,0.5,1,14,-0.0803032375770188,-0.0803032375770188,0.22244335007681199,0,0.07440409402776882,low_score,0,0.310117
81,scored_log,1778298979.020000,1778298980.038000,9508,9557,50,0.010859977453947067,0,benign,0.5,1,14,-0.0803032375770188,-0.0803032375770188,0.22244335007681199,0,0.07433498924080656,low_score,0,0.310117
75,scored_log,1778298977.991000,1778298979.020000,9448,9497,50,0.010815000161528587,0,benign,0.5,1,14,-0.0803032375770188,-0.0803032375770188,0.22244335007681199,0,0.07430350513611361,low_score,0,0.310117
2357,scored_log,1778299733.143000,1778299736.167000,32268,32317,50,0.012416965328156948,0,benign,0.5,2,89|90,-0.08138578630415783,-0.10756005901204807,0.21857818303044071,0,0.07426533063884208,low_score,0,0.310117
1998,scored_log,1778299639.096000,1778299641.115000,28678,28727,50,0.0008198383147828281,0,benign,0.5,1,80,-0.07381031033651986,-0.07381031033651986,0.2456259078456316,0,0.07426165917403747,low_score,0,0.310117
1256,scored_log,1778299424.127000,1778299427.151000,21258,21307,50,0.01214032806456089,0,benign,0.5,1,59,-0.08123455843383987,-0.08123455843383987,0.2191181319179062,0,0.07423366922056449,low_score,0,0.310117
361,scored_log,1778299101.852000,1778299105.099000,12308,12357,50,0.01049027033150196,0,benign,0.5,2,26|27,-0.0801623511129897,-0.08222965155908138,0.22294637567223638,0,0.0742271019337223,low_score,0,0.310117
542,scored_log,1778299185.565000,1778299185.580000,14118,14167,50,0.001070945872925222,0,benign,0.5,1,35,-0.0740108600096473,-0.0740108600096473,0.24490985879555208,0,0.0742226197497133,low_score,0,0.310117
1967,scored_log,1778299633.789000,1778299633.789000,28368,28417,50,0.0007176767103374004,0,benign,0.5,1,80,-0.07381031033651986,-0.07381031033651986,0.2456259078456316,0,0.07419014605092568,low_score,0,0.310117
1968,scored_log,1778299633.789000,1778299633.789000,28378,28427,50,0.0007176767103374004,0,benign,0.5,1,80,-0.07381031033651986,-0.07381031033651986,0.2456259078456316,0,0.07419014605092568,low_score,0,0.310117
1969,scored_log,1778299633.789000,1778299633.789000,28388,28437,50,0.0007176767103374004,0,benign,0.5,1,80,-0.07381031033651986,-0.07381031033651986,0.2456259078456316,0,0.07419014605092568,low_score,0,0.310117
1966,scored_log,1778299633.788000,1778299633.789000,28358,28407,50,0.0007176487124525011,0,benign,0.5,1,80,-0.07381031033651986,-0.07381031033651986,0.2456259078456316,0,0.07419012645240625,low_score,0,0.310117
1951,scored_log,1778299633.783000,1778299633.784000,28208,28257,50,0.0007176371291279793,0,benign,0.5,1,80,-0.07381031033651986,-0.07381031033651986,0.2456259078456316,0,0.07419011834407908,low_score,0,0.310117
1965,scored_log,1778299633.788000,1778299633.789000,28348,28397,50,0.0007176282233558595,0,benign,0.5,1,80,-0.07381031033651986,-0.07381031033651986,0.2456259078456316,0,0.07419011211003859,low_score,0,0.310117
1956,scored_log,1778299633.784000,1778299633.786000,28258,28307,50,0.0007176244398579001,0,benign,0.5,1,80,-0.07381031033651986,-0.07381031033651986,0.2456259078456316,0,0.07419010946159002,low_score,0,0.310117
1959,scored_log,1778299633.786000,1778299633.787000,28288,28337,50,0.0007176158833317459,0,benign,0.5,1,80,-0.07381031033651986,-0.07381031033651986,0.2456259078456316,0,0.07419010347202172,low_score,0,0.310117
1964,scored_log,1778299633.788000,1778299633.789000,28338,28387,50,0.0007175906212069094,0,benign,0.5,1,80,-0.07381031033651986,-0.07381031033651986,0.2456259078456316,0,0.07419008578853432,low_score,0,0.310117
1958,scored_log,1778299633.786000,1778299633.787000,28278,28327,50,0.0007175840437412262,0,benign,0.5,1,80,-0.07381031033651986,-0.07381031033651986,0.2456259078456316,0,0.07419008118430835,low_score,0,0.310117
1974,scored_log,1778299633.789000,1778299633.791000,28438,28487,50,0.0007175837527029216,0,benign,0.5,1,80,-0.07381031033651986,-0.07381031033651986,0.2456259078456316,0,0.07419008098058154,low_score,0,0.310117
1950,scored_log,1778299633.782000,1778299633.784000,28198,28247,50,0.0007175830542109907,0,benign,0.5,1,80,-0.07381031033651986,-0.07381031033651986,0.2456259078456316,0,0.07419008049163718,low_score,0,0.310117
1955,scored_log,1778299633.784000,1778299633.786000,28248,28297,50,0.0007175803184509277,0,benign,0.5,1,80,-0.07381031033651986,-0.07381031033651986,0.2456259078456316,0,0.07419007857660515,low_score,0,0.310117
1961,scored_log,1778299633.786000,1778299633.788000,28308,28357,50,0.0007175768841989338,0,benign,0.5,1,80,-0.07381031033651986,-0.07381031033651986,0.2456259078456316,0,0.07419007617262875,low_score,0,0.310117
1971,scored_log,1778299633.789000,1778299633.790000,28408,28457,50,0.000717570073902607,0,benign,0.5,1,80,-0.07381031033651986,-0.07381031033651986,0.2456259078456316,0,0.07419007140542132,low_score,0,0.310117
1949,scored_log,1778299633.782000,1778299633.784000,28188,28237,50,0.0007175286882556975,0,benign,0.5,1,80,-0.07381031033651986,-0.07381031033651986,0.2456259078456316,0,0.07419004243546848,low_score,0,0.310117
1963,scored_log,1778299633.787000,1778299633.789000,28328,28377,50,0.0007175283972173929,0,benign,0.5,1,80,-0.07381031033651986,-0.07381031033651986,0.2456259078456316,0,0.07419004223174167,low_score,0,0.310117
1954,scored_log,1778299633.784000,1778299633.786000,28238,28287,50,0.0007175263017416,0,benign,0.5,1,80,-0.07381031033651986,-0.07381031033651986,0.2456259078456316,0,0.07419004076490861,low_score,0,0.310117
1973,scored_log,1778299633.789000,1778299633.791000,28428,28477,50,0.0007175263017416,0,benign,0.5,1,80,-0.07381031033651986,-0.07381031033651986,0.2456259078456316,0,0.07419004076490861,low_score,0,0.310117
1947,scored_log,1778299633.781000,1778299633.783000,28168,28217,50,0.0007175115752033889,0,benign,0.5,1,80,-0.07381031033651986,-0.07381031033651986,0.2456259078456316,0,0.07419003045633187,low_score,0,0.310117
1952,scored_log,1778299633.783000,1778299633.785000,28218,28267,50,0.0007175102364271879,0,benign,0.5,1,80,-0.07381031033651986,-0.07381031033651986,0.2456259078456316,0,0.07419002951918853,low_score,0,0.310117
1960,scored_log,1778299633.786000,1778299633.788000,28298,28347,50,0.0007175085484050214,0,benign,0.5,1,80,-0.07381031033651986,-0.07381031033651986,0.2456259078456316,0,0.074190028337573,low_score,0,0.310117
1957,scored_log,1778299633.785000,1778299633.787000,28268,28317,50,0.0007175023783929646,0,benign,0.5,1,80,-0.07381031033651986,-0.07381031033651986,0.2456259078456316,0,0.07419002401856457,low_score,0,0.310117
1945,scored_log,1778299633.779000,1778299633.782000,28148,28197,50,0.0007174893980845809,0,benign,0.5,1,80,-0.07381031033651986,-0.07381031033651986,0.2456259078456316,0,0.0741900149323487,low_score,0,0.310117
1975,scored_log,1778299633.790000,1778299633.792000,28448,28497,50,0.000717485963832587,0,benign,0.5,1,80,-0.07381031033651986,-0.07381031033651986,0.2456259078456316,0,0.0741900125283723,low_score,0,0.310117
1970,scored_log,1778299633.789000,1778299633.790000,28398,28447,50,0.0007174675120040774,0,benign,0.5,1,80,-0.07381031033651986,-0.07381031033651986,0.2456259078456316,0,0.07418999961209234,low_score,0,0.310117
1953,scored_log,1778299633.784000,1778299633.786000,28228,28277,50,0.0007174308993853629,0,benign,0.5,1,80,-0.07381031033651986,-0.07381031033651986,0.2456259078456316,0,0.07418997398325924,low_score,0,0.310117
1948,scored_log,1778299633.781000,1778299633.784000,28178,28227,50,0.0007174069760367274,0,benign,0.5,1,80,-0.07381031033651986,-0.07381031033651986,0.2456259078456316,0,0.0741899572369152,low_score,0,0.310117
1972,scored_log,1778299633.789000,1778299633.791000,28418,28467,50,0.0007173991180025041,0,benign,0.5,1,80,-0.07381031033651986,-0.07381031033651986,0.2456259078456316,0,0.07418995173629124,low_score,0,0.310117
1962,scored_log,1778299633.787000,1778299633.789000,28318,28367,50,0.0007172077312134206,0,benign,0.5,1,80,-0.07381031033651986,-0.07381031033651986,0.2456259078456316,0,0.07418981776553889,low_score,0,0.310117
1946,scored_log,1778299633.780000,1778299633.783000,28158,28207,50,0.000716491776984185,0,benign,0.5,1,80,-0.07381031033651986,-0.07381031033651986,0.2456259078456316,0,0.07418931659757842,low_score,0,0.310117
1944,scored_log,1778299633.771000,1778299633.782000,28138,28187,50,0.0007129675941541791,0,benign,0.5,1,80,-0.07381031033651986,-0.07381031033651986,0.2456259078456316,0,0.07418684966959742,low_score,0,0.310117
1943,scored_log,1778299633.763000,1778299633.781000,28128,28177,50,0.0007000586483627558,0,benign,0.5,1,80,-0.07381031033651986,-0.07381031033651986,0.2456259078456316,0,0.07417781340754342,low_score,0,0.310117
539,scored_log,1778299185.559000,1778299185.567000,14088,14137,50,0.0009188683470711112,0,benign,0.5,1,35,-0.0740108600096473,-0.0740108600096473,0.24490985879555208,0,0.07411616548161541,low_score,0,0.310117
1993,scored_log,1778299638.073000,1778299639.096000,28628,28677,50,0.0005373849417082965,0,benign,0.5,1,80,-0.07381031033651986,-0.07381031033651986,0.2456259078456316,0,0.0740639418128853,low_score,0,0.310117
541,scored_log,1778299185.563000,1778299185.578000,14108,14157,50,0.0008170058717951179,0,benign,0.5,1,35,-0.0740108600096473,-0.0740108600096473,0.24490985879555208,0,0.07404486174892222,low_score,0,0.310117
543,scored_log,1778299185.566000,1778299185.582000,14128,14177,50,0.0007835119613446295,0,benign,0.5,1,35,-0.0740108600096473,-0.0740108600096473,0.24490985879555208,0,0.07402141601160687,low_score,0,0.310117
536,scored_log,1778299185.555000,1778299185.563000,14058,14107,50,0.0007683314033783972,0,benign,0.5,1,35,-0.0740108600096473,-0.0740108600096473,0.24490985879555208,0,0.07401078962103051,low_score,0,0.310117
537,scored_log,1778299185.555000,1778299185.565000,14068,14117,50,0.0007526134140789509,0,benign,0.5,1,35,-0.0740108600096473,-0.0740108600096473,0.24490985879555208,0,0.0739997870285209,low_score,0,0.310117
538,scored_log,1778299185.557000,1778299185.566000,14078,14127,50,0.0007472471334040165,0,benign,0.5,1,35,-0.0740108600096473,-0.0740108600096473,0.24490985879555208,0,0.07399603063204845,low_score,0,0.310117
99,scored_log,1778298982.137000,1778298985.160000,9688,9737,50,0.01032001618295908,0,benign,0.5,2,14|15,-0.0803032375770188,-0.09169492287412712,0.22244335007681199,0,0.07395701635111496,low_score,0,0.310117
1992,scored_log,1778299638.067000,1778299639.085000,28618,28667,50,0.0003670564037747681,0,benign,0.5,1,80,-0.07381031033651986,-0.07381031033651986,0.2456259078456316,0,0.07394471183633183,low_score,0,0.310117
360,scored_log,1778299101.852000,1778299105.099000,12298,12347,50,0.009995444677770138,0,benign,0.5,2,26|27,-0.0801623511129897,-0.08222965155908138,0.22294637567223638,0,0.07388072397611002,low_score,0,0.310117
540,scored_log,1778299185.562000,1778299185.573000,14098,14147,50,0.0005593154928646982,0,benign,0.5,1,35,-0.0740108600096473,-0.0740108600096473,0.24490985879555208,0,0.07386447848367093,low_score,0,0.310117
86,scored_log,1778298980.038000,1778298982.097000,9558,9607,50,0.010117222554981709,0,benign,0.5,1,14,-0.0803032375770188,-0.0803032375770188,0.22244335007681199,0,0.0738150608115308,low_score,0,0.310117
547,scored_log,1778299185.581000,1778299187.593000,14168,14217,50,0.0004490739665925503,0,benign,0.5,1,35,-0.0740108600096473,-0.0740108600096473,0.24490985879555208,0,0.07378730941528043,low_score,0,0.310117
552,scored_log,1778299187.593000,1778299190.612000,14218,14267,50,0.00044790894025936723,0,benign,0.5,1,35,-0.0740108600096473,-0.0740108600096473,0.24490985879555208,0,0.0737864938968472,low_score,0,0.310117
470,scored_log,1778299156.171000,1778299162.204000,13398,13447,50,0.014652703888714314,0,benign,0.5,1,32,-0.08337011136186756,-0.08337011136186756,0.21149328455883282,0,0.07370487808974988,low_score,0,0.310117
2196,scored_log,1778299696.239000,1778299698.431000,30658,30707,50,0.003355874912813306,0,benign,0.5,1,86,-0.07605265482583473,-0.07605265482583473,0.2376197684364455,0,0.07363504296990298,low_score,0,0.310117
79,scored_log,1778298979.020000,1778298980.035000,9488,9537,50,0.009700951166450977,0,benign,0.5,1,14,-0.0803032375770188,-0.0803032375770188,0.22244335007681199,0,0.0735236708395593,low_score,0,0.310117
379,scored_log,1778299108.314000,1778299111.326000,12488,12537,50,0.009411629289388657,0,benign,0.5,1,27,-0.0801623511129897,-0.0801623511129897,0.22294637567223638,0,0.07347205320424298,low_score,0,0.310117
2356,scored_log,1778299733.137000,1778299736.167000,32258,32307,50,0.011264522559940815,0,benign,0.5,2,89|90,-0.08138578630415783,-0.10756005901204807,0.21857818303044071,0,0.07345862070109078,low_score,0,0.310117
366,scored_log,1778299105.099000,1778299108.310000,12358,12407,50,0.00931824091821909,0,benign,0.5,1,27,-0.0801623511129897,-0.0801623511129897,0.22294637567223638,0,0.07340668134442428,low_score,0,0.310117
2368,scored_log,1778299739.422000,1778299743.469000,32378,32427,50,0.01115205604583025,0,benign,0.5,1,90,-0.08138578630415783,-0.08138578630415783,0.21857818303044071,0,0.07337989414121339,low_score,0,0.310117
1267,scored_log,1778299428.172000,1778299433.370000,21368,21417,50,0.010880593210458755,0,benign,0.5,1,59,-0.08123455843383987,-0.08123455843383987,0.2191181319179062,0,0.07335185482269299,low_score,0,0.310117
397,scored_log,1778299112.367000,1778299119.381000,12668,12717,50,0.009054562076926231,0,benign,0.5,2,27|28,-0.0801623511129897,-0.10205085498185515,0.22294637567223638,0,0.07322210615551929,low_score,0,0.310117
2363,scored_log,1778299736.169000,1778299739.422000,32328,32377,50,0.010881270281970501,0,benign,0.5,1,90,-0.08138578630415783,-0.08138578630415783,0.21857818303044071,0,0.07319034410651157,low_score,0,0.310117
384,scored_log,1778299111.326000,1778299112.347000,12538,12587,50,0.008945928886532784,0,benign,0.5,1,27,-0.0801623511129897,-0.0801623511129897,0.22294637567223638,0,0.07314606292224386,low_score,0,0.310117
396,scored_log,1778299112.364000,1778299119.379000,12658,12707,50,0.008920720778405666,0,benign,0.5,2,27|28,-0.0801623511129897,-0.10205085498185515,0.22294637567223638,0,0.07312841724655489,low_score,0,0.310117
85,scored_log,1778298980.035000,1778298982.095000,9548,9597,50,0.00896961335092783,0,benign,0.5,1,14,-0.0803032375770188,-0.0803032375770188,0.22244335007681199,0,0.07301173436869308,low_score,0,0.310117
98,scored_log,1778298982.135000,1778298985.159000,9678,9727,50,0.008793170563876629,0,benign,0.5,2,14|15,-0.0803032375770188,-0.09169492287412712,0.22244335007681199,0,0.07288822441775725,low_score,0,0.310117
1261,scored_log,1778299427.151000,1778299428.167000,21308,21357,50,0.01016328576952219,0,benign,0.5,1,59,-0.08123455843383987,-0.08123455843383987,0.2191181319179062,0,0.0728497396140374,low_score,0,0.310117
378,scored_log,1778299108.314000,1778299111.324000,12478,12527,50,0.008519157767295837,0,benign,0.5,1,27,-0.0801623511129897,-0.0801623511129897,0.22294637567223638,0,0.07284732313877801,low_score,0,0.310117
2362,scored_log,1778299736.167000,1778299739.419000,32318,32367,50,0.010372198186814785,0,benign,0.5,1,90,-0.08138578630415783,-0.08138578630415783,0.21857818303044071,0,0.07283399363990256,low_score,0,0.310117
383,scored_log,1778299111.324000,1778299112.346000,12528,12577,50,0.008399209938943386,0,benign,0.5,1,27,-0.0801623511129897,-0.0801623511129897,0.22294637567223638,0,0.07276335965893128,low_score,0,0.310117
2367,scored_log,1778299739.419000,1778299743.467000,32368,32417,50,0.010160676203668118,0,benign,0.5,1,90,-0.08138578630415783,-0.08138578630415783,0.21857818303044071,0,0.0726859282516999,low_score,0,0.310117
2189,scored_log,1778299691.211000,1778299694.221000,30588,30637,50,0.0018958839355036616,0,benign,0.5,2,85|86,-0.07605265482583473,-0.09963395992330806,0.2376197684364455,0,0.07261304928578621,low_score,0,0.310117
84,scored_log,1778298980.035000,1778298982.095000,9538,9587,50,0.008371573872864246,0,benign,0.5,1,14,-0.0803032375770188,-0.0803032375770188,0.22244335007681199,0,0.07259310673404858,low_score,0,0.310117
2193,scored_log,1778299694.220000,1778299696.241000,30628,30677,50,0.0017371450085192919,0,benign,0.5,1,86,-0.07605265482583473,-0.07605265482583473,0.2376197684364455,0,0.07250193203689716,low_score,0,0.310117
2361,scored_log,1778299736.167000,1778299739.419000,32308,32357,50,0.009792634285986423,0,benign,0.5,1,90,-0.08138578630415783,-0.08138578630415783,0.21857818303044071,0,0.07242829890932272,low_score,0,0.310117
2188,scored_log,1778299691.210000,1778299694.218000,30578,30627,50,0.001560605363920331,0,benign,0.5,2,85|86,-0.07605265482583473,-0.09963395992330806,0.2376197684364455,0,0.07237835428567789,low_score,0,0.310117
2194,scored_log,1778299694.221000,1778299696.250000,30638,30687,50,0.0015508522046729922,0,benign,0.5,1,86,-0.07605265482583473,-0.07605265482583473,0.2376197684364455,0,0.07237152707420474,low_score,0,0.310117
2201,scored_log,1778299698.431000,1778299699.455000,30708,30757,50,0.0015169321559369564,0,benign,0.5,1,86,-0.07605265482583473,-0.07605265482583473,0.2376197684364455,0,0.07234778304008953,low_score,0,0.310117
2366,scored_log,1778299739.419000,1778299743.466000,32358,32407,50,0.009626207873225212,0,benign,0.5,1,90,-0.08138578630415783,-0.08138578630415783,0.21857818303044071,0,0.07231180042038987,low_score,0,0.310117
1260,scored_log,1778299427.151000,1778299428.167000,21298,21347,50,0.009372544474899769,0,benign,0.5,1,59,-0.08123455843383987,-0.08123455843383987,0.2191181319179062,0,0.0722962207078017,low_score,0,0.310117
851,scored_log,1778299305.355000,1778299307.368000,17208,17257,50,0.0025205188430845737,0,benign,0.5,1,47,-0.07677847271402272,-0.07677847271402272,0.235028284734363,0,0.07227284861046811,low_score,0,0.310117
472,scored_log,1778299159.200000,1778299163.230000,13418,13467,50,0.012488587759435177,0,benign,0.5,1,32,-0.08337011136186756,-0.08337011136186756,0.21149328455883282,0,0.07218999679925447,low_score,0,0.310117
1266,scored_log,1778299428.167000,1778299433.370000,21358,21407,50,0.009185483679175377,0,benign,0.5,1,59,-0.08123455843383987,-0.08123455843383987,0.2191181319179062,0,0.07216527815079463,low_score,0,0.310117
856,scored_log,1778299307.368000,1778299310.389000,17258,17307,50,0.0023229215294122696,0,benign,0.5,1,47,-0.07677847271402272,-0.07677847271402272,0.235028284734363,0,0.07213453049089749,low_score,0,0.310117
320,scored_log,1778299091.662000,1778299096.680000,11898,11947,50,0.013564088381826878,0,benign,0.5,2,25|26,-0.08429695200517306,-0.10600957288752036,0.2081840626994071,0,0.07195008067710096,low_score,0,0.310117
2195,scored_log,1778299696.238000,1778299697.332000,30648,30697,50,0.0007452655117958784,0,benign,0.5,1,86,-0.07605265482583473,-0.07605265482583473,0.2376197684364455,0,0.07180761638919077,low_score,0,0.310117
1271,scored_log,1778299433.370000,1778299435.391000,21408,21457,50,0.008555454201996326,0,benign,0.5,2,59|60,-0.08123455843383987,-0.09276491303004616,0.2191181319179062,0,0.0717242575167693,low_score,0,0.310117
2207,scored_log,1778299699.469000,1778299701.493000,30768,30817,50,0.0005318509647622705,0,benign,0.5,1,86,-0.07605265482583473,-0.07605265482583473,0.2376197684364455,0,0.07165822620626724,low_score,0,0.310117
2190,scored_log,1778299691.212000,1778299695.236000,30598,30647,50,0.0004669922636821866,0,benign,0.5,2,85|86,-0.07605265482583473,-0.09963395992330806,0.2376197684364455,0,0.07161282511551119,low_score,0,0.310117
1255,scored_log,1778299424.121000,1778299427.151000,21248,21297,50,0.008356805890798569,0,benign,0.5,1,59,-0.08123455843383987,-0.08123455843383987,0.2191181319179062,0,0.07158520369893087,low_score,0,0.310117
2206,scored_log,1778299699.455000,1778299701.483000,30758,30807,50,0.00037183111999183893,0,benign,0.5,1,86,-0.07605265482583473,-0.07605265482583473,0.2376197684364455,0,0.07154621231492794,low_score,0,0.310117
2202,scored_log,1778299698.439000,1778299699.467000,30718,30767,50,0.0002622795873321593,0,benign,0.5,1,86,-0.07605265482583473,-0.07605265482583473,0.2376197684364455,0,0.07146952624206616,low_score,0,0.310117
2197,scored_log,1778299696.239000,1778299698.439000,30668,30717,50,9.853451047092676e-05,0,benign,0.5,1,86,-0.07605265482583473,-0.07605265482583473,0.2376197684364455,0,0.0713549046882633,low_score,0,0.310117
319,scored_log,1778299091.662000,1778299096.679000,11888,11937,50,0.01269286684691906,0,benign,0.5,2,25|26,-0.08429695200517306,-0.10600957288752036,0.2081840626994071,0,0.07134022560266548,low_score,0,0.310117
1630,scored_log,1778299540.765000,1778299544.784000,24998,25047,50,0.012892862781882286,0,benign,0.5,2,70|71,-0.08443095184361682,-0.09235968824965807,0.20770562533507647,0,0.07133669154784054,low_score,0,0.310117
863,scored_log,1778299310.392000,1778299310.407000,17328,17377,50,0.0011676936410367489,0,benign,0.5,1,47,-0.07677847271402272,-0.07677847271402272,0.235028284734363,0,0.07132587096903463,low_score,0,0.310117
860,scored_log,1778299310.387000,1778299310.394000,17298,17347,50,0.001122422982007265,0,benign,0.5,1,47,-0.07677847271402272,-0.07677847271402272,0.235028284734363,0,0.071294181507714,low_score,0,0.310117
356,scored_log,1778299098.832000,1778299101.852000,12258,12307,50,0.012593496590852737,0,benign,0.5,1,26,-0.08429695200517306,-0.08429695200517306,0.2081840626994071,0,0.07127066642341906,low_score,0,0.310117
382,scored_log,1778299111.324000,1778299112.346000,12518,12567,50,0.006235976237803698,0,benign,0.5,1,27,-0.0801623511129897,-0.0801623511129897,0.22294637567223638,0,0.07124909606813351,low_score,0,0.310117
859,scored_log,1778299310.382000,1778299310.392000,17288,17337,50,0.0009235312463715672,0,benign,0.5,1,47,-0.07677847271402272,-0.07677847271402272,0.235028284734363,0,0.07115495729276901,low_score,0,0.310117
858,scored_log,1778299310.382000,1778299310.392000,17278,17327,50,0.0009215021273121238,0,benign,0.5,1,47,-0.07677847271402272,-0.07677847271402272,0.235028284734363,0,0.0711535369094274,low_score,0,0.310117
469,scored_log,1778299156.168000,1778299162.202000,13388,13437,50,0.011003753170371056,0,benign,0.5,1,32,-0.08337011136186756,-0.08337011136186756,0.21149328455883282,0,0.07115061258690959,low_score,0,0.310117
857,scored_log,1778299310.382000,1778299310.390000,17268,17317,50,0.000797675340436399,0,benign,0.5,1,47,-0.07677847271402272,-0.07677847271402272,0.235028284734363,0,0.07106685815861438,low_score,0,0.310117
864,scored_log,1778299310.392000,1778299310.409000,17338,17387,50,0.0007477325270883739,0,benign,0.5,1,47,-0.07677847271402272,-0.07677847271402272,0.235028284734363,0,0.07103189818927078,low_score,0,0.310117
869,scored_log,1778299310.409000,1778299313.426000,17388,17437,50,0.0007197726517915726,0,benign,0.5,1,47,-0.07677847271402272,-0.07677847271402272,0.235028284734363,0,0.07101232627656301,low_score,0,0.310117
852,scored_log,1778299305.357000,1778299310.381000,17218,17267,50,0.0007128840661607683,0,benign,0.5,1,47,-0.07677847271402272,-0.07677847271402272,0.235028284734363,0,0.07100750426662145,low_score,0,0.310117
862,scored_log,1778299310.390000,1778299310.402000,17318,17367,50,0.0006841283175162971,0,benign,0.5,1,47,-0.07677847271402272,-0.07677847271402272,0.235028284734363,0,0.07098737524257032,low_score,0,0.310117
868,scored_log,1778299310.407000,1778299312.418000,17378,17427,50,0.0006604112568311393,0,benign,0.5,1,47,-0.07677847271402272,-0.07677847271402272,0.235028284734363,0,0.0709707733000907,low_score,0,0.310117
468,scored_log,1778299156.168000,1778299162.202000,13378,13427,50,0.010722874663770199,0,benign,0.5,1,32,-0.08337011136186756,-0.08337011136186756,0.21149328455883282,0,0.07095399763228899,low_score,0,0.310117
865,scored_log,1778299310.394000,1778299312.414000,17348,17397,50,0.0005465681315399706,0,benign,0.5,1,47,-0.07677847271402272,-0.07677847271402272,0.235028284734363,0,0.07089108311238689,low_score,0,0.310117
1629,scored_log,1778299540.765000,1778299544.784000,24988,25037,50,0.012251080945134163,0,benign,0.5,2,70|71,-0.08443095184361682,-0.09235968824965807,0.20770562533507647,0,0.07088744426211686,low_score,0,0.310117
1272,scored_log,1778299433.370000,1778299435.392000,21418,21467,50,0.007331084925681353,0,benign,0.5,2,59|60,-0.08123455843383987,-0.09276491303004616,0.2191181319179062,0,0.07086719902334881,low_score,0,0.310117
365,scored_log,1778299105.099000,1778299108.310000,12348,12397,50,0.005664778407663107,0,benign,0.5,1,27,-0.0801623511129897,-0.0801623511129897,0.22294637567223638,0,0.0708492575870351,low_score,0,0.310117
861,scored_log,1778299310.389000,1778299310.398000,17308,17357,50,0.000465855177026242,0,benign,0.5,1,47,-0.07677847271402272,-0.07677847271402272,0.235028284734363,0,0.07083458404422728,low_score,0,0.310117
873,scored_log,1778299312.418000,1778299314.445000,17428,17477,50,0.0002873908670153469,0,benign,0.5,2,47|48,-0.07677847271402272,-0.089744461314992,0.235028284734363,0,0.07070965902721965,low_score,0,0.310117
395,scored_log,1778299112.360000,1778299119.379000,12648,12697,50,0.005390406120568514,0,benign,0.5,2,27|28,-0.0801623511129897,-0.10205085498185515,0.22294637567223638,0,0.07065719698606888,low_score,0,0.310117
874,scored_log,1778299313.426000,1778299314.453000,17438,17487,50,0.00020133830548729748,0,benign,0.5,2,47|48,-0.07677847271402272,-0.089744461314992,0.235028284734363,0,0.07064942223415002,low_score,0,0.310117
355,scored_log,1778299098.826000,1778299101.852000,12248,12297,50,0.011550421826541424,0,benign,0.5,1,26,-0.08429695200517306,-0.08429695200517306,0.2081840626994071,0,0.07054051408840113,low_score,0,0.310117
74,scored_log,1778298977.985000,1778298979.020000,9438,9487,50,0.004894390236586332,0,benign,0.5,1,14,-0.0803032375770188,-0.0803032375770188,0.22244335007681199,0,0.07015907818865404,low_score,0,0.310117
97,scored_log,1778298982.129000,1778298985.159000,9668,9717,50,0.004892281722277403,0,benign,0.5,2,14|15,-0.0803032375770188,-0.09169492287412712,0.22244335007681199,0,0.07015760222863779,low_score,0,0.310117
464,scored_log,1778299150.138000,1778299156.168000,13338,13387,50,0.009192078374326229,0,benign,0.5,2,31|32,-0.08337011136186756,-0.10599183388638722,0.21149328455883282,0,0.06988244022967821,low_score,0,0.310117
1550,scored_log,1778299521.026000,1778299525.275000,24198,24247,50,0.01212263572961092,0,benign,0.5,2,68|69,-0.08540286338244163,-0.10999824521261739,0.20423548089014085,0,0.06975648927776991,low_score,0,0.310117
377,scored_log,1778299108.314000,1778299111.324000,12468,12517,50,0.004037112928926945,0,benign,0.5,1,27,-0.0801623511129897,-0.0801623511129897,0.22294637567223638,0,0.06970989175191979,low_score,0,0.310117
1628,scored_log,1778299539.761000,1778299544.784000,24978,25027,50,0.010300669819116592,0,benign,0.5,2,70|71,-0.08443095184361682,-0.09235968824965807,0.20770562533507647,0,0.06952215647390456,low_score,0,0.310117
463,scored_log,1778299150.138000,1778299156.168000,13328,13377,50,0.008522054180502892,0,benign,0.5,2,31|32,-0.08337011136186756,-0.10599183388638722,0.21149328455883282,0,0.06941342329400188,low_score,0,0.310117
1626,scored_log,1778299539.750000,1778299540.766000,24958,25007,50,0.010086058638989925,0,benign,0.5,1,70,-0.08443095184361682,-0.08443095184361682,0.20770562533507647,0,0.0693719286478159,low_score,0,0.310117
1575,scored_log,1778299534.586000,1778299537.629000,24448,24497,50,0.009933529421687126,0,benign,0.5,1,70,-0.08443095184361682,-0.08443095184361682,0.20770562533507647,0,0.06926515819570393,low_score,0,0.310117
380,scored_log,1778299108.314000,1778299111.331000,12498,12547,50,0.0032896536868065596,0,benign,0.5,1,27,-0.0801623511129897,-0.0801623511129897,0.22294637567223638,0,0.06918667028243551,low_score,0,0.310117
101,scored_log,1778298982.154000,1778298986.220000,9708,9757,50,0.0034950135741382837,0,benign,0.5,2,14|15,-0.0803032375770188,-0.09169492287412712,0.22244335007681199,0,0.06917951452494041,low_score,0,0.310117
1625,scored_log,1778299539.750000,1778299540.765000,24948,24997,50,0.009773367084562778,0,benign,0.5,1,70,-0.08443095184361682,-0.08443095184361682,0.20770562533507647,0,0.0691530445597169,low_score,0,0.310117
1549,scored_log,1778299521.023000,1778299525.274000,24188,24237,50,0.01096715684980154,0,benign,0.5,2,68|69,-0.08540286338244163,-0.10999824521261739,0.20423548089014085,0,0.06894765406190334,low_score,0,0.310117
1265,scored_log,1778299428.167000,1778299433.369000,21348,21397,50,0.0045815929770469666,0,benign,0.5,1,59,-0.08123455843383987,-0.08123455843383987,0.2191181319179062,0,0.06894255465930474,low_score,0,0.310117
1270,scored_log,1778299433.369000,1778299435.390000,21398,21447,50,0.0045273033902049065,0,benign,0.5,2,59|60,-0.08123455843383987,-0.09276491303004616,0.2191181319179062,0,0.0689045519485153,low_score,0,0.310117
1574,scored_log,1778299534.585000,1778299537.629000,24438,24487,50,0.009399056434631348,0,benign,0.5,1,70,-0.08443095184361682,-0.08443095184361682,0.20770562533507647,0,0.06889102710476488,low_score,0,0.310117
362,scored_log,1778299101.856000,1778299105.106000,12318,12367,50,0.0028511362615972757,0,benign,0.5,2,26|27,-0.0801623511129897,-0.08222965155908138,0.22294637567223638,0,0.06887970808478901,low_score,0,0.310117
1569,scored_log,1778299530.346000,1778299534.585000,24388,24437,50,0.009356296621263027,0,benign,0.5,2,69|70,-0.08443095184361682,-0.08491690761302922,0.20770562533507647,0,0.06886109523540707,low_score,0,0.310117
348,scored_log,1778299097.792000,1778299098.815000,12178,12227,50,0.009040351957082748,0,benign,0.5,1,26,-0.08429695200517306,-0.08429695200517306,0.2081840626994071,0,0.06878346517978007,low_score,0,0.310117
2359,scored_log,1778299733.156000,1778299736.185000,32288,32337,50,0.00442988146096468,0,benign,0.5,2,89|90,-0.08138578630415783,-0.10756005901204807,0.21857818303044071,0,0.06867437193180749,low_score,0,0.310117
1548,scored_log,1778299521.023000,1778299525.273000,24178,24227,50,0.01056066807359457,0,benign,0.5,2,68|69,-0.08540286338244163,-0.10999824521261739,0.20423548089014085,0,0.06866311191855846,low_score,0,0.310117
1624,scored_log,1778299539.750000,1778299540.765000,24938,24987,50,0.008876031264662743,0,benign,0.5,1,70,-0.08443095184361682,-0.08443095184361682,0.20770562533507647,0,0.06852490948578686,low_score,0,0.310117
343,scored_log,1778299096.788000,1778299097.792000,12128,12177,50,0.008418174460530281,0,benign,0.5,1,26,-0.08429695200517306,-0.08429695200517306,0.2081840626994071,0,0.06834794093219333,low_score,0,0.310117
87,scored_log,1778298980.074000,1778298982.110000,9568,9617,50,0.0022828823421150446,0,benign,0.5,1,14,-0.0803032375770188,-0.0803032375770188,0.22244335007681199,0,0.06833102266252414,low_score,0,0.310117
342,scored_log,1778299096.788000,1778299097.792000,12118,12167,50,0.008350691758096218,0,benign,0.5,1,26,-0.08429695200517306,-0.08429695200517306,0.2081840626994071,0,0.06830070304048949,low_score,0,0.310117
347,scored_log,1778299097.792000,1778299098.815000,12168,12217,50,0.0082184337079525,0,benign,0.5,1,26,-0.08429695200517306,-0.08429695200517306,0.2081840626994071,0,0.06820812240538889,low_score,0,0.310117
367,scored_log,1778299105.106000,1778299108.310000,12368,12417,50,0.0017063745763152838,0,benign,0.5,1,27,-0.0801623511129897,-0.0801623511129897,0.22294637567223638,0,0.06807837490509162,low_score,0,0.310117
78,scored_log,1778298978.012000,1778298979.030000,9478,9527,50,0.0018780259415507317,0,benign,0.5,1,14,-0.0803032375770188,-0.0803032375770188,0.22244335007681199,0,0.06804762318212912,low_score,0,0.310117
385,scored_log,1778299111.331000,1778299112.351000,12548,12597,50,0.0016420400934293866,0,benign,0.5,1,27,-0.0801623511129897,-0.0801623511129897,0.22294637567223638,0,0.06803334076707149,low_score,0,0.310117
1621,scored_log,1778299537.745000,1778299539.750000,24908,24957,50,0.008129759691655636,0,benign,0.5,1,70,-0.08443095184361682,-0.08443095184361682,0.20770562533507647,0,0.0680025193846819,low_score,0,0.310117
73,scored_log,1778298977.979000,1778298978.010000,9428,9477,50,0.0017981415148824453,0,benign,0.5,1,14,-0.0803032375770188,-0.0803032375770188,0.22244335007681199,0,0.06799170408346132,low_score,0,0.310117
72,scored_log,1778298977.976000,1778298978.004000,9418,9467,50,0.0017874661134555936,0,benign,0.5,1,14,-0.0803032375770188,-0.0803032375770188,0.22244335007681199,0,0.06798423130246252,low_score,0,0.310117
1620,scored_log,1778299537.745000,1778299539.750000,24898,24947,50,0.008095426484942436,0,benign,0.5,1,70,-0.08443095184361682,-0.08443095184361682,0.20770562533507647,0,0.06797848613998266,low_score,0,0.310117
363,scored_log,1778299101.972000,1778299105.128000,12328,12377,50,0.0015355671057477593,0,benign,0.5,2,26|27,-0.0801623511129897,-0.08222965155908138,0.22294637567223638,0,0.06795880967569436,low_score,0,0.310117
71,scored_log,1778298977.976000,1778298977.998000,9408,9457,50,0.0016846096841618419,0,benign,0.5,1,14,-0.0803032375770188,-0.0803032375770188,0.22244335007681199,0,0.0679122318019569,low_score,0,0.310117
70,scored_log,1778298973.935000,1778298977.991000,9398,9447,50,0.0013895517913624644,0,benign,0.5,1,14,-0.0803032375770188,-0.0803032375770188,0.22244335007681199,0,0.06770569127699733,low_score,0,0.310117
391,scored_log,1778299112.353000,1778299112.364000,12608,12657,50,0.0011604174505919218,0,benign,0.5,1,27,-0.0801623511129897,-0.0801623511129897,0.22294637567223638,0,0.06769620491708526,low_score,0,0.310117
1554,scored_log,1778299525.274000,1778299527.295000,24238,24287,50,0.009176509454846382,0,benign,0.5,1,69,-0.08540286338244163,-0.08540286338244163,0.20423548089014085,0,0.06769420088543474,low_score,0,0.310117
358,scored_log,1778299098.844000,1778299101.972000,12278,12327,50,0.007483976427465677,0,benign,0.5,1,26,-0.08429695200517306,-0.08429695200517306,0.2081840626994071,0,0.06769400230904811,low_score,0,0.310117
386,scored_log,1778299111.339000,1778299112.352000,12558,12607,50,0.0010971203446388245,0,benign,0.5,1,27,-0.0801623511129897,-0.0801623511129897,0.22294637567223638,0,0.0676518969429181,low_score,0,0.310117
392,scored_log,1778299112.355000,1778299112.367000,12618,12667,50,0.0010790167143568397,0,benign,0.5,1,27,-0.0801623511129897,-0.0801623511129897,0.22294637567223638,0,0.06763922440172071,low_score,0,0.310117
89,scored_log,1778298982.095000,1778298982.118000,9588,9637,50,0.001258269534446299,0,benign,0.5,1,14,-0.0803032375770188,-0.0803032375770188,0.22244335007681199,0,0.06761379369715602,low_score,0,0.310117
94,scored_log,1778298982.119000,1778298982.136000,9638,9687,50,0.0011188664939254522,0,benign,0.5,1,14,-0.0803032375770188,-0.0803032375770188,0.22244335007681199,0,0.06751621156879142,low_score,0,0.310117
390,scored_log,1778299112.351000,1778299112.359000,12598,12647,50,0.0008782812510617077,0,benign,0.5,1,27,-0.0801623511129897,-0.0801623511129897,0.22294637567223638,0,0.06749870957741412,low_score,0,0.310117
1564,scored_log,1778299529.325000,1778299530.346000,24338,24387,50,0.008880491368472576,0,benign,0.5,1,69,-0.08540286338244163,-0.08540286338244163,0.20423548089014085,0,0.06748698822497307,low_score,0,0.310117
1559,scored_log,1778299527.295000,1778299529.325000,24288,24337,50,0.008870327845215797,0,benign,0.5,1,69,-0.08540286338244163,-0.08540286338244163,0.20423548089014085,0,0.06747987375869333,low_score,0,0.310117
393,scored_log,1778299112.355000,1778299112.368000,12628,12677,50,0.0008502464042976499,0,benign,0.5,1,27,-0.0801623511129897,-0.0801623511129897,0.22294637567223638,0,0.06747908518467928,low_score,0,0.310117
88,scored_log,1778298980.091000,1778298982.114000,9578,9627,50,0.0010531292064115405,0,benign,0.5,1,14,-0.0803032375770188,-0.0803032375770188,0.22244335007681199,0,0.06747019546753169,low_score,0,0.310117
77,scored_log,1778298978.005000,1778298979.024000,9468,9517,50,0.0010312472004443407,0,benign,0.5,1,14,-0.0803032375770188,-0.0803032375770188,0.22244335007681199,0,0.06745487806335465,low_score,0,0.310117
388,scored_log,1778299112.346000,1778299112.355000,12578,12627,50,0.0007820395403541625,0,benign,0.5,1,27,-0.0801623511129897,-0.0801623511129897,0.22294637567223638,0,0.06743134037991884,low_score,0,0.310117
394,scored_log,1778299112.357000,1778299112.369000,12638,12687,50,0.0007804396445862949,0,benign,0.5,1,27,-0.0801623511129897,-0.0801623511129897,0.22294637567223638,0,0.06743022045288133,low_score,0,0.310117
92,scored_log,1778298982.110000,1778298982.129000,9618,9667,50,0.0009921640157699585,0,benign,0.5,1,14,-0.0803032375770188,-0.0803032375770188,0.22244335007681199,0,0.06742751983408257,low_score,0,0.310117
387,scored_log,1778299112.346000,1778299112.355000,12568,12617,50,0.000723998702596873,0,benign,0.5,1,27,-0.0801623511129897,-0.0801623511129897,0.22294637567223638,0,0.06739071179348873,low_score,0,0.310117
93,scored_log,1778298982.115000,1778298982.133000,9628,9677,50,0.0009078021976165473,0,benign,0.5,1,14,-0.0803032375770188,-0.0803032375770188,0.22244335007681199,0,0.06736846656137518,low_score,0,0.310117
369,scored_log,1778299106.205000,1778299108.314000,12388,12437,50,0.0006877312553115189,0,benign,0.5,1,27,-0.0801623511129897,-0.0801623511129897,0.22294637567223638,0,0.06736532458038898,low_score,0,0.310117
389,scored_log,1778299112.347000,1778299112.357000,12588,12637,50,0.0006821887800469995,0,benign,0.5,1,27,-0.0801623511129897,-0.0801623511129897,0.22294637567223638,0,0.06736144484770382,low_score,0,0.310117
95,scored_log,1778298982.120000,1778298982.138000,9648,9697,50,0.0008934311917982996,0,benign,0.5,1,14,-0.0803032375770188,-0.0803032375770188,0.22244335007681199,0,0.06735840685730242,low_score,0,0.310117
91,scored_log,1778298982.098000,1778298982.122000,9608,9657,50,0.0008571223588660359,0,benign,0.5,1,14,-0.0803032375770188,-0.0803032375770188,0.22244335007681199,0,0.06733299067424983,low_score,0,0.310117
364,scored_log,1778299105.099000,1778299106.205000,12338,12387,50,0.0006286593852564692,0,benign,0.5,1,27,-0.0801623511129897,-0.0801623511129897,0.22294637567223638,0,0.06732397427135045,low_score,0,0.310117
368,scored_log,1778299105.128000,1778299108.314000,12378,12427,50,0.0005853524780832231,0,benign,0.5,1,27,-0.0801623511129897,-0.0801623511129897,0.22294637567223638,0,0.06729365943632917,low_score,0,0.310117
90,scored_log,1778298982.095000,1778298982.119000,9598,9647,50,0.0007486733375117183,0,benign,0.5,1,14,-0.0803032375770188,-0.0803032375770188,0.22244335007681199,0,0.06725707635930181,low_score,0,0.310117
471,scored_log,1778299156.178000,1778299163.230000,13408,13457,50,0.005421983078122139,0,benign,0.5,1,32,-0.08337011136186756,-0.08337011136186756,0.21149328455883282,0,0.06724337352233535,low_score,0,0.310117
96,scored_log,1778298982.122000,1778298982.153000,9658,9707,50,0.0007115740445442498,0,benign,0.5,1,14,-0.0803032375770188,-0.0803032375770188,0.22244335007681199,0,0.06723110685422458,low_score,0,0.310117
381,scored_log,1778299108.321000,1778299111.338000,12508,12557,50,0.0004056859470438212,0,benign,0.5,1,27,-0.0801623511129897,-0.0801623511129897,0.22294637567223638,0,0.06716789286460159,low_score,0,0.310117
1553,scored_log,1778299525.273000,1778299527.295000,24228,24277,50,0.008414119482040405,0,benign,0.5,1,69,-0.08540286338244163,-0.08540286338244163,0.20423548089014085,0,0.06716052790447055,low_score,0,0.310117
359,scored_log,1778299101.851000,1778299105.098000,12288,12337,50,0.0003471205127425492,0,benign,0.5,2,26|27,-0.0801623511129897,-0.08222965155908138,0.22294637567223638,0,0.0671268970605907,low_score,0,0.310117
373,scored_log,1778299108.314000,1778299108.314000,12428,12477,50,0.0003094028797931969,0,benign,0.5,1,27,-0.0801623511129897,-0.0801623511129897,0.22294637567223638,0,0.06710049471752616,low_score,0,0.310117
374,scored_log,1778299108.314000,1778299108.314000,12438,12487,50,0.0003094028797931969,0,benign,0.5,1,27,-0.0801623511129897,-0.0801623511129897,0.22294637567223638,0,0.06710049471752616,low_score,0,0.310117
375,scored_log,1778299108.314000,1778299108.314000,12448,12497,50,0.0003094028797931969,0,benign,0.5,1,27,-0.0801623511129897,-0.0801623511129897,0.22294637567223638,0,0.06710049471752616,low_score,0,0.310117
376,scored_log,1778299108.314000,1778299108.321000,12458,12507,50,0.0003091749385930598,0,benign,0.5,1,27,-0.0801623511129897,-0.0801623511129897,0.22294637567223638,0,0.06710033515868606,low_score,0,0.310117
372,scored_log,1778299108.311000,1778299108.314000,12418,12467,50,0.0003020190924871713,0,benign,0.5,1,27,-0.0801623511129897,-0.0801623511129897,0.22294637567223638,0,0.06709532606641194,low_score,0,0.310117
371,scored_log,1778299108.310000,1778299108.314000,12408,12457,50,0.00029320394969545305,0,benign,0.5,1,27,-0.0801623511129897,-0.0801623511129897,0.22294637567223638,0,0.06708915546645773,low_score,0,0.310117
370,scored_log,1778299108.310000,1778299108.314000,12398,12447,50,0.0002903376880567521,0,benign,0.5,1,27,-0.0801623511129897,-0.0801623511129897,0.22294637567223638,0,0.06708714908331065,low_score,0,0.310117
83,scored_log,1778298979.030000,1778298980.089000,9528,9577,50,0.00048306220560334623,0,benign,0.5,1,14,-0.0803032375770188,-0.0803032375770188,0.22244335007681199,0,0.06707114856696594,low_score,0,0.310117
1254,scored_log,1778299424.115000,1778299424.145000,21238,21287,50,0.001888249651528895,0,benign,0.5,1,59,-0.08123455843383987,-0.08123455843383987,0.2191181319179062,0,0.0670572143314421,low_score,0,0.310117
1253,scored_log,1778299424.113000,1778299424.139000,21228,21277,50,0.0018777515506371856,0,benign,0.5,1,59,-0.08123455843383987,-0.08123455843383987,0.2191181319179062,0,0.0670498656608179,low_score,0,0.310117
1622,scored_log,1778299537.745000,1778299539.752000,24918,24967,50,0.0067520723678171635,0,benign,0.5,1,70,-0.08443095184361682,-0.08443095184361682,0.20770562533507647,0,0.06703813825799496,low_score,0,0.310117
1252,scored_log,1778299424.113000,1778299424.132000,21218,21267,50,0.0018264333484694362,0,benign,0.5,1,59,-0.08123455843383987,-0.08123455843383987,0.2191181319179062,0,0.06701394291930048,low_score,0,0.310117
1558,scored_log,1778299527.295000,1778299529.325000,24278,24327,50,0.00816523376852274,0,benign,0.5,1,69,-0.08540286338244163,-0.08540286338244163,0.20423548089014085,0,0.06698630790500817,low_score,0,0.310117
100,scored_log,1778298982.139000,1778298985.165000,9698,9747,50,0.00036078086122870445,0,benign,0.5,2,14|15,-0.0803032375770188,-0.09169492287412712,0.22244335007681199,0,0.0669855516259037,low_score,0,0.310117
82,scored_log,1778298979.025000,1778298980.060000,9518,9567,50,0.0002604366163723171,0,benign,0.5,1,14,-0.0803032375770188,-0.0803032375770188,0.22244335007681199,0,0.06691531065450423,low_score,0,0.310117
1563,scored_log,1778299529.325000,1778299530.346000,24328,24377,50,0.007970171980559826,0,benign,0.5,1,69,-0.08540286338244163,-0.08540286338244163,0.20423548089014085,0,0.06684976465343415,low_score,0,0.310117
1262,scored_log,1778299427.152000,1778299428.169000,21318,21367,50,0.0015723619144409895,0,benign,0.5,1,59,-0.08123455843383987,-0.08123455843383987,0.2191181319179062,0,0.06683609291548057,low_score,0,0.310117
1263,scored_log,1778299427.157000,1778299428.197000,21328,21377,50,0.001548736123368144,0,benign,0.5,1,59,-0.08123455843383987,-0.08123455843383987,0.2191181319179062,0,0.06681955486172957,low_score,0,0.310117
2360,scored_log,1778299733.162000,1778299738.397000,32298,32347,50,0.001464751549065113,0,benign,0.5,2,89|90,-0.08138578630415783,-0.10756005901204807,0.21857818303044071,0,0.0665987809934778,low_score,0,0.310117
1258,scored_log,1778299424.139000,1778299427.156000,21278,21327,50,0.0010323647875338793,0,benign,0.5,1,59,-0.08123455843383987,-0.08123455843383987,0.2191181319179062,0,0.06645809492664559,low_score,0,0.310117
1268,scored_log,1778299428.197000,1778299433.373000,21378,21427,50,0.0009281673119403422,0,benign,0.5,1,59,-0.08123455843383987,-0.08123455843383987,0.2191181319179062,0,0.0663851566937301,low_score,0,0.310117
467,scored_log,1778299156.167000,1778299159.197000,13368,13417,50,0.004123631864786148,0,benign,0.5,1,32,-0.08337011136186756,-0.08337011136186756,0.21149328455883282,0,0.06633452767300016,low_score,0,0.310117
1568,scored_log,1778299530.346000,1778299534.585000,24378,24427,50,0.005718020722270012,0,benign,0.5,2,69|70,-0.08443095184361682,-0.08491690761302922,0.20770562533507647,0,0.06631430210611196,low_score,0,0.310117
1264,scored_log,1778299428.165000,1778299431.268000,21338,21387,50,0.0008250051760114729,0,benign,0.5,1,59,-0.08123455843383987,-0.08123455843383987,0.2191181319179062,0,0.0663129431985799,low_score,0,0.310117
1269,scored_log,1778299431.268000,1778299433.382000,21388,21437,50,0.0005792284500785172,0,benign,0.5,1,59,-0.08123455843383987,-0.08123455843383987,0.2191181319179062,0,0.06614089949042683,low_score,0,0.310117
2400,scored_log,1778299743.588000,1778299743.588000,32698,32747,50,0.0007176767103374004,0,benign,0.5,1,90,-0.08138578630415783,-0.08138578630415783,0.21857818303044071,0,0.0660758286063684,low_score,0,0.310117
2406,scored_log,1778299743.589000,1778299743.589000,32758,32807,50,0.0007176767103374004,0,benign,0.5,1,90,-0.08138578630415783,-0.08138578630415783,0.21857818303044071,0,0.0660758286063684,low_score,0,0.310117
2407,scored_log,1778299743.589000,1778299743.589000,32768,32817,50,0.0007176767103374004,0,benign,0.5,1,90,-0.08138578630415783,-0.08138578630415783,0.21857818303044071,0,0.0660758286063684,low_score,0,0.310117
2399,scored_log,1778299743.587000,1778299743.588000,32688,32737,50,0.0007176644285209477,0,benign,0.5,1,90,-0.08138578630415783,-0.08138578630415783,0.21857818303044071,0,0.06607582000909688,low_score,0,0.310117
2405,scored_log,1778299743.588000,1778299743.589000,32748,32797,50,0.000717654824256897,0,benign,0.5,1,90,-0.08138578630415783,-0.08138578630415783,0.21857818303044071,0,0.06607581328611205,low_score,0,0.310117
2388,scored_log,1778299743.584000,1778299743.585000,32578,32627,50,0.0007176425424404442,0,benign,0.5,1,90,-0.08138578630415783,-0.08138578630415783,0.21857818303044071,0,0.06607580468884053,low_score,0,0.310117
2398,scored_log,1778299743.587000,1778299743.588000,32678,32727,50,0.0007176425424404442,0,benign,0.5,1,90,-0.08138578630415783,-0.08138578630415783,0.21857818303044071,0,0.06607580468884053,low_score,0,0.310117
2404,scored_log,1778299743.588000,1778299743.589000,32738,32787,50,0.0007176350336521864,0,benign,0.5,1,90,-0.08138578630415783,-0.08138578630415783,0.21857818303044071,0,0.06607579943268875,low_score,0,0.310117
2394,scored_log,1778299743.586000,1778299743.587000,32638,32687,50,0.0007176282233558595,0,benign,0.5,1,90,-0.08138578630415783,-0.08138578630415783,0.21857818303044071,0,0.06607579466548132,low_score,0,0.310117
2420,scored_log,1778299743.594000,1778299743.595000,32898,32947,50,0.0007176261278800666,0,benign,0.5,1,90,-0.08138578630415783,-0.08138578630415783,0.21857818303044071,0,0.06607579319864826,low_score,0,0.310117
2387,scored_log,1778299743.584000,1778299743.585000,32568,32617,50,0.0007176213548518717,0,benign,0.5,1,90,-0.08138578630415783,-0.08138578630415783,0.21857818303044071,0,0.06607578985752853,low_score,0,0.310117
2397,scored_log,1778299743.587000,1778299743.588000,32668,32717,50,0.0007176213548518717,0,benign,0.5,1,90,-0.08138578630415783,-0.08138578630415783,0.21857818303044071,0,0.06607578985752853,low_score,0,0.310117
2403,scored_log,1778299743.588000,1778299743.589000,32728,32777,50,0.0007176107028499246,0,benign,0.5,1,90,-0.08138578630415783,-0.08138578630415783,0.21857818303044071,0,0.06607578240112716,low_score,0,0.310117
2410,scored_log,1778299743.589000,1778299743.590000,32798,32847,50,0.0007176049402914941,0,benign,0.5,1,90,-0.08138578630415783,-0.08138578630415783,0.21857818303044071,0,0.06607577836733626,low_score,0,0.310117
2419,scored_log,1778299743.594000,1778299743.595000,32888,32937,50,0.0007175984792411327,0,benign,0.5,1,90,-0.08138578630415783,-0.08138578630415783,0.21857818303044071,0,0.066075773844601,low_score,0,0.310117
2416,scored_log,1778299743.591000,1778299743.594000,32858,32907,50,0.0007175919599831104,0,benign,0.5,1,90,-0.08138578630415783,-0.08138578630415783,0.21857818303044071,0,0.0660757692811204,low_score,0,0.310117
2396,scored_log,1778299743.587000,1778299743.588000,32658,32707,50,0.000717591610737145,0,benign,0.5,1,90,-0.08138578630415783,-0.08138578630415783,0.21857818303044071,0,0.06607576903664822,low_score,0,0.310117
2386,scored_log,1778299743.584000,1778299743.585000,32558,32607,50,0.0007175803184509277,0,benign,0.5,1,90,-0.08138578630415783,-0.08138578630415783,0.21857818303044071,0,0.06607576113204787,low_score,0,0.310117
2393,scored_log,1778299743.585000,1778299743.587000,32628,32677,50,0.0007175796781666577,0,benign,0.5,1,90,-0.08138578630415783,-0.08138578630415783,0.21857818303044071,0,0.06607576068384888,low_score,0,0.310117
2390,scored_log,1778299743.585000,1778299743.586000,32598,32647,50,0.0007175749051384628,0,benign,0.5,1,90,-0.08138578630415783,-0.08138578630415783,0.21857818303044071,0,0.06607575734272914,low_score,0,0.310117
2402,scored_log,1778299743.588000,1778299743.589000,32718,32767,50,0.0007175749051384628,0,benign,0.5,1,90,-0.08138578630415783,-0.08138578630415783,0.21857818303044071,0,0.06607575734272914,low_score,0,0.310117
2409,scored_log,1778299743.589000,1778299743.590000,32788,32837,50,0.0007175653008744121,0,benign,0.5,1,90,-0.08138578630415783,-0.08138578630415783,0.21857818303044071,0,0.0660757506197443,low_score,0,0.310117
2423,scored_log,1778299743.595000,1778299743.597000,32928,32977,50,0.0007175543578341603,0,benign,0.5,1,90,-0.08138578630415783,-0.08138578630415783,0.21857818303044071,0,0.06607574295961613,low_score,0,0.310117
2418,scored_log,1778299743.594000,1778299743.595000,32878,32927,50,0.0007175529608502984,0,benign,0.5,1,90,-0.08138578630415783,-0.08138578630415783,0.21857818303044071,0,0.06607574198172743,low_score,0,0.310117
2392,scored_log,1778299743.585000,1778299743.587000,32618,32667,50,0.0007175180944614112,0,benign,0.5,1,90,-0.08138578630415783,-0.08138578630415783,0.21857818303044071,0,0.06607571757525521,low_score,0,0.310117
2395,scored_log,1778299743.586000,1778299743.588000,32648,32697,50,0.0007175105856731534,0,benign,0.5,1,90,-0.08138578630415783,-0.08138578630415783,0.21857818303044071,0,0.06607571231910342,low_score,0,0.310117
2415,scored_log,1778299743.590000,1778299743.594000,32848,32897,50,0.0007174976053647697,0,benign,0.5,1,90,-0.08138578630415783,-0.08138578630415783,0.21857818303044071,0,0.06607570323288756,low_score,0,0.310117
2401,scored_log,1778299743.588000,1778299743.589000,32708,32757,50,0.0007174921338446438,0,benign,0.5,1,90,-0.08138578630415783,-0.08138578630415783,0.21857818303044071,0,0.06607569940282347,low_score,0,0.310117
2422,scored_log,1778299743.595000,1778299743.597000,32918,32967,50,0.0007174890488386154,0,benign,0.5,1,90,-0.08138578630415783,-0.08138578630415783,0.21857818303044071,0,0.06607569724331924,low_score,0,0.310117
2389,scored_log,1778299743.584000,1778299743.586000,32588,32637,50,0.0007174797938205302,0,benign,0.5,1,90,-0.08138578630415783,-0.08138578630415783,0.21857818303044071,0,0.06607569076480659,low_score,0,0.310117
2408,scored_log,1778299743.589000,1778299743.590000,32778,32827,50,0.0007174199563451111,0,benign,0.5,1,90,-0.08138578630415783,-0.08138578630415783,0.21857818303044071,0,0.0660756488785738,low_score,0,0.310117
2414,scored_log,1778299743.590000,1778299743.594000,32838,32887,50,0.0007173909107223153,0,benign,0.5,1,90,-0.08138578630415783,-0.08138578630415783,0.21857818303044071,0,0.06607562854663784,low_score,0,0.310117
2421,scored_log,1778299743.594000,1778299743.597000,32908,32957,50,0.0007173075573518872,0,benign,0.5,1,90,-0.08138578630415783,-0.08138578630415783,0.21857818303044071,0,0.06607557019927854,low_score,0,0.310117
2411,scored_log,1778299743.589000,1778299743.591000,32808,32857,50,0.0007172152400016785,0,benign,0.5,1,90,-0.08138578630415783,-0.08138578630415783,0.21857818303044071,0,0.06607550557713339,low_score,0,0.310117
2391,scored_log,1778299743.585000,1778299743.587000,32608,32657,50,0.0007171954493969679,0,benign,0.5,1,90,-0.08138578630415783,-0.08138578630415783,0.21857818303044071,0,0.06607549172371009,low_score,0,0.310117
2413,scored_log,1778299743.590000,1778299743.594000,32828,32877,50,0.000717190676368773,0,benign,0.5,1,90,-0.08138578630415783,-0.08138578630415783,0.21857818303044071,0,0.06607548838259036,low_score,0,0.310117
2412,scored_log,1778299743.589000,1778299743.593000,32818,32867,50,0.000716980139259249,0,benign,0.5,1,90,-0.08138578630415783,-0.08138578630415783,0.21857818303044071,0,0.06607534100661369,low_score,0,0.310117
2417,scored_log,1778299743.593000,1778299743.595000,32868,32917,50,0.000716561742592603,0,benign,0.5,1,90,-0.08138578630415783,-0.08138578630415783,0.21857818303044071,0,0.06607504812894704,low_score,0,0.310117
2385,scored_log,1778299743.575000,1778299743.585000,32548,32597,50,0.0007115784683264792,0,benign,0.5,1,90,-0.08138578630415783,-0.08138578630415783,0.21857818303044071,0,0.06607155983696075,low_score,0,0.310117
2384,scored_log,1778299743.565000,1778299743.584000,32538,32587,50,0.000701689743436873,0,benign,0.5,1,90,-0.08138578630415783,-0.08138578630415783,0.21857818303044071,0,0.06606463772953802,low_score,0,0.310117
1274,scored_log,1778299433.382000,1778299435.400000,21438,21487,50,0.0004458091570995748,0,benign,0.5,2,59|60,-0.08123455843383987,-0.09276491303004616,0.2191181319179062,0,0.06604750598534156,low_score,0,0.310117
2383,scored_log,1778299743.557000,1778299743.584000,32528,32577,50,0.0006696864147670567,0,benign,0.5,1,90,-0.08138578630415783,-0.08138578630415783,0.21857818303044071,0,0.06604223539946916,low_score,0,0.310117
2364,scored_log,1778299736.185000,1778299739.427000,32338,32387,50,0.0006675472832284868,0,benign,0.5,1,90,-0.08138578630415783,-0.08138578630415783,0.21857818303044071,0,0.06604073800739216,low_score,0,0.310117
1273,scored_log,1778299433.373000,1778299435.394000,21428,21477,50,0.000432806380558759,0,benign,0.5,2,59|60,-0.08123455843383987,-0.09276491303004616,0.2191181319179062,0,0.066038404041763,low_score,0,0.310117
2365,scored_log,1778299738.397000,1778299741.436000,32348,32397,50,0.0006148114334791899,0,benign,0.5,1,90,-0.08138578630415783,-0.08138578630415783,0.21857818303044071,0,0.06600382291256765,low_score,0,0.310117
2382,scored_log,1778299743.548000,1778299743.584000,32518,32567,50,0.0005660342867486179,0,benign,0.5,1,90,-0.08138578630415783,-0.08138578630415783,0.21857818303044071,0,0.06596967890985625,low_score,0,0.310117
2369,scored_log,1778299739.427000,1778299743.476000,32388,32437,50,0.0005361611256375909,0,benign,0.5,1,90,-0.08138578630415783,-0.08138578630415783,0.21857818303044071,0,0.06594876769707853,low_score,0,0.310117
1259,scored_log,1778299424.146000,1778299427.163000,21288,21337,50,0.000303595355944708,0,benign,0.5,1,59,-0.08123455843383987,-0.08123455843383987,0.2191181319179062,0,0.06594795632453317,low_score,0,0.310117
1619,scored_log,1778299537.745000,1778299539.750000,24888,24937,50,0.005074390675872564,0,benign,0.5,1,70,-0.08443095184361682,-0.08443095184361682,0.20770562533507647,0,0.06586376107363374,low_score,0,0.310117
2381,scored_log,1778299743.539000,1778299743.583000,32508,32557,50,0.00030062496080063283,0,benign,0.5,1,90,-0.08138578630415783,-0.08138578630415783,0.21857818303044071,0,0.06578389238169266,low_score,0,0.310117
2370,scored_log,1778299741.460000,1778299743.485000,32398,32447,50,0.0002818746434058994,0,benign,0.5,1,90,-0.08138578630415783,-0.08138578630415783,0.21857818303044071,0,0.06577076715951635,low_score,0,0.310117
2371,scored_log,1778299743.466000,1778299743.493000,32408,32457,50,0.00025187362916767597,0,benign,0.5,1,90,-0.08138578630415783,-0.08138578630415783,0.21857818303044071,0,0.0657497664495496,low_score,0,0.310117
2372,scored_log,1778299743.467000,1778299743.503000,32418,32467,50,0.0002372882008785382,0,benign,0.5,1,90,-0.08138578630415783,-0.08138578630415783,0.21857818303044071,0,0.06573955664974719,low_score,0,0.310117
2373,scored_log,1778299743.469000,1778299743.511000,32428,32477,50,0.00023021240485832095,0,benign,0.5,1,90,-0.08138578630415783,-0.08138578630415783,0.21857818303044071,0,0.06573460359253304,low_score,0,0.310117
2375,scored_log,1778299743.485000,1778299743.528000,32448,32497,50,0.0002299770130775869,0,benign,0.5,1,90,-0.08138578630415783,-0.08138578630415783,0.21857818303044071,0,0.06573443881828653,low_score,0,0.310117
2377,scored_log,1778299743.503000,1778299743.547000,32468,32517,50,0.00022954546147957444,0,benign,0.5,1,90,-0.08138578630415783,-0.08138578630415783,0.21857818303044071,0,0.06573413673216792,low_score,0,0.310117
2379,scored_log,1778299743.521000,1778299743.565000,32488,32537,50,0.00022953560983296484,0,benign,0.5,1,90,-0.08138578630415783,-0.08138578630415783,0.21857818303044071,0,0.06573412983601529,low_score,0,0.310117
2378,scored_log,1778299743.511000,1778299743.556000,32478,32527,50,0.00022943604562897235,0,benign,0.5,1,90,-0.08138578630415783,-0.08138578630415783,0.21857818303044071,0,0.0657340601410725,low_score,0,0.310117
2380,scored_log,1778299743.528000,1778299743.575000,32498,32547,50,0.00022934965090826154,0,benign,0.5,1,90,-0.08138578630415783,-0.08138578630415783,0.21857818303044071,0,0.065733999664768,low_score,0,0.310117
2374,scored_log,1778299743.477000,1778299743.520000,32438,32487,50,0.00022929652186576277,0,benign,0.5,1,90,-0.08138578630415783,-0.08138578630415783,0.21857818303044071,0,0.06573396247443825,low_score,0,0.310117
2376,scored_log,1778299743.494000,1778299743.539000,32458,32507,50,0.00022920536866877228,0,benign,0.5,1,90,-0.08138578630415783,-0.08138578630415783,0.21857818303044071,0,0.06573389866720036,low_score,0,0.310117
318,scored_log,1778299088.657000,1778299096.679000,11878,11927,50,0.004577302373945713,0,benign,0.5,2,25|26,-0.08429695200517306,-0.10600957288752036,0.2081840626994071,0,0.06565933047158413,low_score,0,0.310117
1631,scored_log,1778299540.767000,1778299545.795000,25008,25057,50,0.0046994625590741634,0,benign,0.5,2,70|71,-0.08443095184361682,-0.09235968824965807,0.20770562533507647,0,0.06560131139187486,low_score,0,0.310117
465,scored_log,1778299150.147000,1778299156.171000,13348,13397,50,0.0026314386632293463,0,benign,0.5,2,31|32,-0.08337011136186756,-0.10599183388638722,0.21149328455883282,0,0.0652899924319104,low_score,0,0.310117
474,scored_log,1778299162.202000,1778299163.236000,13438,13487,50,0.0025457225274294615,0,benign,0.5,1,32,-0.08337011136186756,-0.08337011136186756,0.21149328455883282,0,0.06522999113685048,low_score,0,0.310117
473,scored_log,1778299162.202000,1778299163.230000,13428,13477,50,0.002116353949531913,0,benign,0.5,1,32,-0.08337011136186756,-0.08337011136186756,0.21149328455883282,0,0.06492943313232219,low_score,0,0.310117
354,scored_log,1778299098.819000,1778299101.850000,12238,12287,50,0.0032018425408750772,0,benign,0.5,1,26,-0.08429695200517306,-0.08429695200517306,0.2081840626994071,0,0.06469650858843469,low_score,0,0.310117
1573,scored_log,1778299534.585000,1778299537.629000,24428,24477,50,0.0029503144323825836,0,benign,0.5,1,70,-0.08443095184361682,-0.08443095184361682,0.20770562533507647,0,0.06437690770319075,low_score,0,0.310117
461,scored_log,1778299147.129000,1778299155.159000,13308,13357,50,0.0010863002389669418,0,benign,0.5,2,31|32,-0.08337011136186756,-0.10599183388638722,0.21149328455883282,0,0.06420839553492672,low_score,0,0.310117
475,scored_log,1778299162.205000,1778299163.293000,13448,13497,50,0.001080159330740571,0,benign,0.5,1,32,-0.08337011136186756,-0.08337011136186756,0.21149328455883282,0,0.06420409689916826,low_score,0,0.310117
344,scored_log,1778299096.788000,1778299097.794000,12138,12187,50,0.002306196838617325,0,benign,0.5,1,26,-0.08429695200517306,-0.08429695200517306,0.2081840626994071,0,0.06406955659685426,low_score,0,0.310117
476,scored_log,1778299163.230000,1778299163.313000,13458,13507,50,0.0007778214057907462,0,benign,0.5,1,32,-0.08337011136186756,-0.08337011136186756,0.21149328455883282,0,0.06399246035170338,low_score,0,0.310117
353,scored_log,1778299098.815000,1778299098.843000,12228,12277,50,0.0018898480338975787,0,benign,0.5,1,26,-0.08429695200517306,-0.08429695200517306,0.2081840626994071,0,0.06377811243355044,low_score,0,0.310117
1572,scored_log,1778299532.480000,1778299534.595000,24418,24467,50,0.002076774137094617,0,benign,0.5,2,69|70,-0.08443095184361682,-0.08491690761302922,0.20770562533507647,0,0.06376542949648918,low_score,0,0.310117
352,scored_log,1778299098.815000,1778299098.837000,12218,12267,50,0.0018712253076955676,0,benign,0.5,1,26,-0.08429695200517306,-0.08429695200517306,0.2081840626994071,0,0.06376507652520903,low_score,0,0.310117
351,scored_log,1778299098.815000,1778299098.830000,12208,12257,50,0.00170592637732625,0,benign,0.5,1,26,-0.08429695200517306,-0.08429695200517306,0.2081840626994071,0,0.06364936727395051,low_score,0,0.310117
466,scored_log,1778299155.160000,1778299156.176000,13358,13407,50,0.00022429530508816242,0,benign,0.5,1,32,-0.08337011136186756,-0.08337011136186756,0.21149328455883282,0,0.06360499208121156,low_score,0,0.310117
346,scored_log,1778299097.791000,1778299098.815000,12158,12207,50,0.0016297928523272276,0,benign,0.5,1,26,-0.08429695200517306,-0.08429695200517306,0.2081840626994071,0,0.0635960738064512,low_score,0,0.310117
462,scored_log,1778299150.138000,1778299155.165000,13318,13367,50,0.0001987058640224859,0,benign,0.5,2,31|32,-0.08337011136186756,-0.10599183388638722,0.21149328455883282,0,0.0635870794724656,low_score,0,0.310117
1570,scored_log,1778299530.352000,1778299534.585000,24398,24447,50,0.001713855774141848,0,benign,0.5,2,69|70,-0.08443095184361682,-0.08491690761302922,0.20770562533507647,0,0.06351138664242224,low_score,0,0.310117
357,scored_log,1778299098.838000,1778299101.854000,12268,12317,50,0.0012760922545567155,0,benign,0.5,1,26,-0.08429695200517306,-0.08429695200517306,0.2081840626994071,0,0.06334848338801184,low_score,0,0.310117
350,scored_log,1778299097.804000,1778299098.825000,12198,12247,50,0.0009881025180220604,0,benign,0.5,1,26,-0.08429695200517306,-0.08429695200517306,0.2081840626994071,0,0.06314689057243758,low_score,0,0.310117
321,scored_log,1778299091.665000,1778299096.685000,11908,11957,50,0.0007788367802277207,0,benign,0.5,2,25|26,-0.08429695200517306,-0.10600957288752036,0.2081840626994071,0,0.06300040455598155,low_score,0,0.310117
1627,scored_log,1778299539.752000,1778299543.774000,24968,25017,50,0.000928945024497807,0,benign,0.5,2,70|71,-0.08443095184361682,-0.09235968824965807,0.20770562533507647,0,0.06296194911767142,low_score,0,0.310117
339,scored_log,1778299096.788000,1778299096.788000,12088,12137,50,0.0007176767103374004,0,benign,0.5,1,26,-0.08429695200517306,-0.08429695200517306,0.2081840626994071,0,0.06295759250705832,low_score,0,0.310117
340,scored_log,1778299096.788000,1778299096.788000,12098,12147,50,0.0007176767103374004,0,benign,0.5,1,26,-0.08429695200517306,-0.08429695200517306,0.2081840626994071,0,0.06295759250705832,low_score,0,0.310117
338,scored_log,1778299096.785000,1778299096.788000,12078,12127,50,0.0007156261126510799,0,benign,0.5,1,26,-0.08429695200517306,-0.08429695200517306,0.2081840626994071,0,0.0629561570886779,low_score,0,0.310117
337,scored_log,1778299096.777000,1778299096.788000,12068,12117,50,0.0007081280346028507,0,benign,0.5,1,26,-0.08429695200517306,-0.08429695200517306,0.2081840626994071,0,0.06295090843404413,low_score,0,0.310117
336,scored_log,1778299096.768000,1778299096.788000,12058,12107,50,0.0006902148015797138,0,benign,0.5,1,26,-0.08429695200517306,-0.08429695200517306,0.2081840626994071,0,0.06293836917092793,low_score,0,0.310117
341,scored_log,1778299096.788000,1778299096.789000,12108,12157,50,0.000665551342535764,0,benign,0.5,1,26,-0.08429695200517306,-0.08429695200517306,0.2081840626994071,0,0.06292110474959717,low_score,0,0.310117
335,scored_log,1778299096.760000,1778299096.788000,12048,12097,50,0.0006337176309898496,0,benign,0.5,1,26,-0.08429695200517306,-0.08429695200517306,0.2081840626994071,0,0.06289882115151503,low_score,0,0.310117
1070,scored_log,1778299373.870000,1778299377.905000,19398,19447,50,0.010832409374415874,0,benign,0.5,1,54,-0.09096626946669772,-0.09096626946669772,0.18437171557097817,0,0.06289420123338457,low_score,0,0.310117
1576,scored_log,1778299534.589000,1778299537.633000,24458,24507,50,0.0007830704562366009,0,benign,0.5,1,70,-0.08443095184361682,-0.08443095184361682,0.20770562533507647,0,0.06285983691988857,low_score,0,0.310117
345,scored_log,1778299096.789000,1778299097.804000,12148,12197,50,0.0005647368961945176,0,benign,0.5,1,26,-0.08429695200517306,-0.08429695200517306,0.2081840626994071,0,0.0628505346371583,low_score,0,0.310117
349,scored_log,1778299097.795000,1778299098.819000,12188,12237,50,0.0005344446981325746,0,benign,0.5,1,26,-0.08429695200517306,-0.08429695200517306,0.2081840626994071,0,0.06282933009851493,low_score,0,0.310117
1565,scored_log,1778299529.329000,1778299530.352000,24348,24397,50,0.002222999930381775,0,benign,0.5,1,69,-0.08540286338244163,-0.08540286338244163,0.20423548089014085,0,0.0628267442183095,low_score,0,0.310117
1594,scored_log,1778299537.740000,1778299537.740000,24638,24687,50,0.0007176767103374004,0,benign,0.5,1,70,-0.08443095184361682,-0.08443095184361682,0.20770562533507647,0,0.06281406129775913,low_score,0,0.310117
1595,scored_log,1778299537.740000,1778299537.740000,24648,24697,50,0.0007176767103374004,0,benign,0.5,1,70,-0.08443095184361682,-0.08443095184361682,0.20770562533507647,0,0.06281406129775913,low_score,0,0.310117
1601,scored_log,1778299537.742000,1778299537.742000,24708,24757,50,0.0007176767103374004,0,benign,0.5,1,70,-0.08443095184361682,-0.08443095184361682,0.20770562533507647,0,0.06281406129775913,low_score,0,0.310117
1607,scored_log,1778299537.743000,1778299537.743000,24768,24817,50,0.0007176767103374004,0,benign,0.5,1,70,-0.08443095184361682,-0.08443095184361682,0.20770562533507647,0,0.06281406129775913,low_score,0,0.310117
1608,scored_log,1778299537.743000,1778299537.743000,24778,24827,50,0.0007176767103374004,0,benign,0.5,1,70,-0.08443095184361682,-0.08443095184361682,0.20770562533507647,0,0.06281406129775913,low_score,0,0.310117
1606,scored_log,1778299537.743000,1778299537.743000,24758,24807,50,0.0007176657672971487,0,benign,0.5,1,70,-0.08443095184361682,-0.08443095184361682,0.20770562533507647,0,0.06281405363763096,low_score,0,0.310117
1617,scored_log,1778299537.744000,1778299537.745000,24868,24917,50,0.0007176644285209477,0,benign,0.5,1,70,-0.08443095184361682,-0.08443095184361682,0.20770562533507647,0,0.06281405270048761,low_score,0,0.310117
1600,scored_log,1778299537.740000,1778299537.742000,24698,24747,50,0.0007176531362347305,0,benign,0.5,1,70,-0.08443095184361682,-0.08443095184361682,0.20770562533507647,0,0.06281404479588726,low_score,0,0.310117
1605,scored_log,1778299537.742000,1778299537.743000,24748,24797,50,0.0007176452782005072,0,benign,0.5,1,70,-0.08443095184361682,-0.08443095184361682,0.20770562533507647,0,0.0628140392952633,low_score,0,0.310117
1612,scored_log,1778299537.743000,1778299537.744000,24818,24867,50,0.0007176452782005072,0,benign,0.5,1,70,-0.08443095184361682,-0.08443095184361682,0.20770562533507647,0,0.0628140392952633,low_score,0,0.310117
1616,scored_log,1778299537.744000,1778299537.745000,24858,24907,50,0.0007176425424404442,0,benign,0.5,1,70,-0.08443095184361682,-0.08443095184361682,0.20770562533507647,0,0.06281403738023125,low_score,0,0.310117
1604,scored_log,1778299537.742000,1778299537.743000,24738,24787,50,0.0007176233921200037,0,benign,0.5,1,70,-0.08443095184361682,-0.08443095184361682,0.20770562533507647,0,0.06281402397500695,low_score,0,0.310117
1611,scored_log,1778299537.743000,1778299537.744000,24808,24857,50,0.0007176233921200037,0,benign,0.5,1,70,-0.08443095184361682,-0.08443095184361682,0.20770562533507647,0,0.06281402397500695,low_score,0,0.310117
1615,scored_log,1778299537.744000,1778299537.745000,24848,24897,50,0.0007176213548518717,0,benign,0.5,1,70,-0.08443095184361682,-0.08443095184361682,0.20770562533507647,0,0.06281402254891925,low_score,0,0.310117
1599,scored_log,1778299537.740000,1778299537.742000,24688,24737,50,0.000717609073035419,0,benign,0.5,1,70,-0.08443095184361682,-0.08443095184361682,0.20770562533507647,0,0.06281401395164773,low_score,0,0.310117
1603,scored_log,1778299537.742000,1778299537.743000,24728,24777,50,0.0007175949867814779,0,benign,0.5,1,70,-0.08443095184361682,-0.08443095184361682,0.20770562533507647,0,0.06281400409126998,low_score,0,0.310117
1610,scored_log,1778299537.743000,1778299537.744000,24798,24847,50,0.0007175949867814779,0,benign,0.5,1,70,-0.08443095184361682,-0.08443095184361682,0.20770562533507647,0,0.06281400409126998,low_score,0,0.310117
1614,scored_log,1778299537.744000,1778299537.745000,24838,24887,50,0.000717591610737145,0,benign,0.5,1,70,-0.08443095184361682,-0.08443095184361682,0.20770562533507647,0,0.06281400172803894,low_score,0,0.310117
1598,scored_log,1778299537.740000,1778299537.742000,24678,24727,50,0.0007175655919127166,0,benign,0.5,1,70,-0.08443095184361682,-0.08443095184361682,0.20770562533507647,0,0.06281398351486185,low_score,0,0.310117
1602,scored_log,1778299537.742000,1778299537.743000,24718,24767,50,0.0007175467908382416,0,benign,0.5,1,70,-0.08443095184361682,-0.08443095184361682,0.20770562533507647,0,0.06281397035410971,low_score,0,0.310117
1609,scored_log,1778299537.743000,1778299537.744000,24788,24837,50,0.0007175467908382416,0,benign,0.5,1,70,-0.08443095184361682,-0.08443095184361682,0.20770562533507647,0,0.06281397035410971,low_score,0,0.310117
1613,scored_log,1778299537.744000,1778299537.745000,24828,24877,50,0.0007175279897637665,0,benign,0.5,1,70,-0.08443095184361682,-0.08443095184361682,0.20770562533507647,0,0.06281395719335758,low_score,0,0.310117
1597,scored_log,1778299537.740000,1778299537.742000,24668,24717,50,0.0007175071514211595,0,benign,0.5,1,70,-0.08443095184361682,-0.08443095184361682,0.20770562533507647,0,0.06281394260651776,low_score,0,0.310117
1618,scored_log,1778299537.745000,1778299537.746000,24878,24927,50,0.0007174675120040774,0,benign,0.5,1,70,-0.08443095184361682,-0.08443095184361682,0.20770562533507647,0,0.0628139148589258,low_score,0,0.310117
1596,scored_log,1778299537.740000,1778299537.742000,24658,24707,50,0.000717401853762567,0,benign,0.5,1,70,-0.08443095184361682,-0.08443095184361682,0.20770562533507647,0,0.06281386889815674,low_score,0,0.310117
1593,scored_log,1778299537.736000,1778299537.740000,24628,24677,50,0.0007155825151130557,0,benign,0.5,1,70,-0.08443095184361682,-0.08443095184361682,0.20770562533507647,0,0.06281259536110209,low_score,0,0.310117
1592,scored_log,1778299537.728000,1778299537.740000,24618,24667,50,0.0007081071380525827,0,benign,0.5,1,70,-0.08443095184361682,-0.08443095184361682,0.20770562533507647,0,0.06280736259715976,low_score,0,0.310117
1591,scored_log,1778299537.719000,1778299537.740000,24608,24657,50,0.0006901631713844836,0,benign,0.5,1,70,-0.08443095184361682,-0.08443095184361682,0.20770562533507647,0,0.06279480182049209,low_score,0,0.310117
1590,scored_log,1778299537.711000,1778299537.740000,24598,24647,50,0.0006335567450150847,0,benign,0.5,1,70,-0.08443095184361682,-0.08443095184361682,0.20770562533507647,0,0.0627551773220335,low_score,0,0.310117
334,scored_log,1778299096.752000,1778299096.788000,12038,12087,50,0.0004232145147398114,0,benign,0.5,1,26,-0.08429695200517306,-0.08429695200517306,0.2081840626994071,0,0.06275146897014,low_score,0,0.310117
322,scored_log,1778299091.667000,1778299096.694000,11918,11967,50,0.000413041387218982,0,benign,0.5,2,25|26,-0.08429695200517306,-0.10600957288752036,0.2081840626994071,0,0.06274434778087543,low_score,0,0.310117
1571,scored_log,1778299530.379000,1778299534.589000,24408,24457,50,0.0005012669716961682,0,benign,0.5,2,69|70,-0.08443095184361682,-0.08491690761302922,0.20770562533507647,0,0.06266257448071026,low_score,0,0.310117
323,scored_log,1778299096.679000,1778299096.702000,11928,11977,50,0.0002639115264173597,0,benign,0.5,1,26,-0.08429695200517306,-0.08429695200517306,0.2081840626994071,0,0.06263995687831429,low_score,0,0.310117
324,scored_log,1778299096.679000,1778299096.710000,11938,11987,50,0.00024293619208037853,0,benign,0.5,1,26,-0.08429695200517306,-0.08429695200517306,0.2081840626994071,0,0.0626252741442784,low_score,0,0.310117
325,scored_log,1778299096.681000,1778299096.719000,11948,11997,50,0.0002331540745217353,0,benign,0.5,1,26,-0.08429695200517306,-0.08429695200517306,0.2081840626994071,0,0.06261842666198736,low_score,0,0.310117
329,scored_log,1778299096.710000,1778299096.752000,11988,12037,50,0.00022964396339375526,0,benign,0.5,1,26,-0.08429695200517306,-0.08429695200517306,0.2081840626994071,0,0.06261596958419777,low_score,0,0.310117
326,scored_log,1778299096.685000,1778299096.727000,11958,12007,50,0.00022957543842494488,0,benign,0.5,1,26,-0.08429695200517306,-0.08429695200517306,0.2081840626994071,0,0.0626159216167196,low_score,0,0.310117
328,scored_log,1778299096.702000,1778299096.744000,11978,12027,50,0.00022953450388740748,0,benign,0.5,1,26,-0.08429695200517306,-0.08429695200517306,0.2081840626994071,0,0.06261589296254333,low_score,0,0.310117
333,scored_log,1778299096.744000,1778299096.785000,12028,12077,50,0.00022952814470045269,0,benign,0.5,1,26,-0.08429695200517306,-0.08429695200517306,0.2081840626994071,0,0.06261588851111245,low_score,0,0.310117
330,scored_log,1778299096.719000,1778299096.760000,11998,12047,50,0.0002294605365023017,0,benign,0.5,1,26,-0.08429695200517306,-0.08429695200517306,0.2081840626994071,0,0.06261584118537375,low_score,0,0.310117
332,scored_log,1778299096.736000,1778299096.777000,12018,12067,50,0.00022943866497371346,0,benign,0.5,1,26,-0.08429695200517306,-0.08429695200517306,0.2081840626994071,0,0.06261582587530373,low_score,0,0.310117
331,scored_log,1778299096.727000,1778299096.768000,12008,12057,50,0.00022940630151424557,0,benign,0.5,1,26,-0.08429695200517306,-0.08429695200517306,0.2081840626994071,0,0.06261580322088212,low_score,0,0.310117
327,scored_log,1778299096.694000,1778299096.736000,11968,12017,50,0.00022876741422805935,0,benign,0.5,1,26,-0.08429695200517306,-0.08429695200517306,0.2081840626994071,0,0.06261535599978178,low_score,0,0.310117
1589,scored_log,1778299537.702000,1778299537.740000,24588,24637,50,0.0004223858704790473,0,benign,0.5,1,70,-0.08443095184361682,-0.08443095184361682,0.20770562533507647,0,0.06260735770985829,low_score,0,0.310117
1577,scored_log,1778299534.595000,1778299537.640000,24468,24517,50,0.0004200721450615674,0,benign,0.5,1,70,-0.08443095184361682,-0.08443095184361682,0.20770562533507647,0,0.06260573810206604,low_score,0,0.310117
1623,scored_log,1778299537.746000,1778299539.760000,24928,24977,50,0.00036337351775728166,0,benign,0.5,1,70,-0.08443095184361682,-0.08443095184361682,0.20770562533507647,0,0.06256604906295304,low_score,0,0.310117
1578,scored_log,1778299537.629000,1778299537.649000,24478,24527,50,0.0002638415899127722,0,benign,0.5,1,70,-0.08443095184361682,-0.08443095184361682,0.20770562533507647,0,0.062496376713461886,low_score,0,0.310117
1579,scored_log,1778299537.629000,1778299537.658000,24488,24537,50,0.00024337830836884677,0,benign,0.5,1,70,-0.08443095184361682,-0.08443095184361682,0.20770562533507647,0,0.06248205241638114,low_score,0,0.310117
1580,scored_log,1778299537.629000,1778299537.668000,24498,24547,50,0.00023309052630793303,0,benign,0.5,1,70,-0.08443095184361682,-0.08443095184361682,0.20770562533507647,0,0.062474850968938504,low_score,0,0.310117
1583,scored_log,1778299537.649000,1778299537.693000,24528,24577,50,0.00023003797105047852,0,benign,0.5,1,70,-0.08443095184361682,-0.08443095184361682,0.20770562533507647,0,0.062472714180258286,low_score,0,0.310117
1584,scored_log,1778299537.660000,1778299537.702000,24538,24587,50,0.000229520708671771,0,benign,0.5,1,70,-0.08443095184361682,-0.08443095184361682,0.20770562533507647,0,0.06247235209659319,low_score,0,0.310117
1588,scored_log,1778299537.695000,1778299537.736000,24578,24627,50,0.000229368670261465,0,benign,0.5,1,70,-0.08443095184361682,-0.08443095184361682,0.20770562533507647,0,0.062472245669705974,low_score,0,0.310117
1585,scored_log,1778299537.668000,1778299537.711000,24548,24597,50,0.00022935029119253159,0,benign,0.5,1,70,-0.08443095184361682,-0.08443095184361682,0.20770562533507647,0,0.06247223280435772,low_score,0,0.310117
1582,scored_log,1778299537.640000,1778299537.686000,24518,24567,50,0.0002293100842507556,0,benign,0.5,1,70,-0.08443095184361682,-0.08443095184361682,0.20770562533507647,0,0.06247220465949848,low_score,0,0.310117
1581,scored_log,1778299537.633000,1778299537.677000,24508,24557,50,0.00022888586681801826,0,benign,0.5,1,70,-0.08443095184361682,-0.08443095184361682,0.20770562533507647,0,0.06247190770729556,low_score,0,0.310117
1586,scored_log,1778299537.677000,1778299537.719000,24558,24607,50,0.0002287931420141831,0,benign,0.5,1,70,-0.08443095184361682,-0.08443095184361682,0.20770562533507647,0,0.06247184279993288,low_score,0,0.310117
1587,scored_log,1778299537.686000,1778299537.728000,24568,24617,50,0.00022870959946885705,0,benign,0.5,1,70,-0.08443095184361682,-0.08443095184361682,0.20770562533507647,0,0.06247178432015115,low_score,0,0.310117
1566,scored_log,1778299529.335000,1778299530.379000,24358,24407,50,0.0015256520127877593,0,benign,0.5,1,69,-0.08540286338244163,-0.08540286338244163,0.20423548089014085,0,0.06233860067599369,low_score,0,0.310117
1069,scored_log,1778299373.869000,1778299377.904000,19388,19437,50,0.010004470124840736,0,benign,0.5,1,54,-0.09096626946669772,-0.09096626946669772,0.18437171557097817,0,0.062314643758681974,low_score,0,0.310117
1075,scored_log,1778299377.905000,1778299378.926000,19448,19497,50,0.009825781919062138,0,benign,0.5,1,54,-0.09096626946669772,-0.09096626946669772,0.18437171557097817,0,0.062189562014636955,low_score,0,0.310117
1080,scored_log,1778299378.927000,1778299379.945000,19498,19547,50,0.009636937640607357,0,benign,0.5,1,54,-0.09096626946669772,-0.09096626946669772,0.18437171557097817,0,0.06205737101971861,low_score,0,0.310117
1068,scored_log,1778299373.868000,1778299377.903000,19378,19427,50,0.009569870308041573,0,benign,0.5,1,54,-0.09096626946669772,-0.09096626946669772,0.18437171557097817,0,0.06201042388692256,low_score,0,0.310117
1065,scored_log,1778299372.861000,1778299373.870000,19348,19397,50,0.009552421979606152,0,benign,0.5,2,53|54,-0.09096626946669772,-0.10578362898877205,0.18437171557097817,0,0.061998210057017764,low_score,0,0.310117
1555,scored_log,1778299525.275000,1778299527.298000,24248,24297,50,0.0008496613008901477,0,benign,0.5,1,69,-0.08540286338244163,-0.08540286338244163,0.20423548089014085,0,0.061865407177665366,low_score,0,0.310117
1561,scored_log,1778299527.314000,1778299529.335000,24308,24357,50,0.0007593585760332644,0,benign,0.5,1,69,-0.08540286338244163,-0.08540286338244163,0.20423548089014085,0,0.06180219527026555,low_score,0,0.310117
1560,scored_log,1778299527.301000,1778299529.328000,24298,24347,50,0.000727878010366112,0,benign,0.5,1,69,-0.08540286338244163,-0.08540286338244163,0.20423548089014085,0,0.06178015887429854,low_score,0,0.310117
1567,scored_log,1778299530.346000,1778299532.480000,24368,24417,50,0.0006622201181016862,0,benign,0.5,1,69,-0.08540286338244163,-0.08540286338244163,0.20423548089014085,0,0.06173419834971344,low_score,0,0.310117
270,scored_log,1778299059.436000,1778299064.451000,11398,11447,50,0.013524601235985756,0,benign,0.5,2,22|23,-0.09384793774254674,-0.10757403361018647,0.17408291380237692,0,0.061692095005903114,low_score,0,0.310117
1031,scored_log,1778299353.375000,1778299354.392000,19008,19057,50,0.013085302896797657,0,benign,0.5,2,51|52,-0.09356721843593141,-0.10593885580459317,0.17508520310909226,0,0.061685272960486044,low_score,0,0.310117
1552,scored_log,1778299523.270000,1778299527.294000,24218,24267,50,0.0005327030667103827,0,benign,0.5,2,68|69,-0.08540286338244163,-0.10999824521261739,0.20423548089014085,0,0.06164353641373953,low_score,0,0.310117
1551,scored_log,1778299521.144000,1778299525.284000,24208,24257,50,0.00046015935367904603,0,benign,0.5,2,68|69,-0.08540286338244163,-0.10999824521261739,0.20423548089014085,0,0.061592755814617595,low_score,0,0.310117
1557,scored_log,1778299527.295000,1778299529.325000,24268,24317,50,0.0004363100160844624,0,benign,0.5,1,69,-0.08540286338244163,-0.08540286338244163,0.20423548089014085,0,0.06157606127830138,low_score,0,0.310117
1556,scored_log,1778299525.285000,1778299527.308000,24258,24307,50,0.00040719311800785363,0,benign,0.5,1,69,-0.08540286338244163,-0.08540286338244163,0.20423548089014085,0,0.06155567944964776,low_score,0,0.310117
214,scored_log,1778299031.199000,1778299037.228000,10838,10887,50,0.01401346642524004,0,benign,0.5,2,19|20,-0.09434579876758686,-0.11739765385954146,0.17230533466952505,0,0.06150102689852555,low_score,0,0.310117
1562,scored_log,1778299529.325000,1778299530.344000,24318,24367,50,0.00029489470762200654,0,benign,0.5,1,69,-0.08540286338244163,-0.08540286338244163,0.20423548089014085,0,0.06147707056237767,low_score,0,0.310117
1074,scored_log,1778299377.904000,1778299378.924000,19438,19487,50,0.008768239989876747,0,benign,0.5,1,54,-0.09096626946669772,-0.09096626946669772,0.18437171557097817,0,0.06144928266420718,low_score,0,0.310117
1079,scored_log,1778299378.924000,1778299379.944000,19488,19537,50,0.008697074837982655,0,benign,0.5,1,54,-0.09096626946669772,-0.09096626946669772,0.18437171557097817,0,0.06139946705788132,low_score,0,0.310117
988,scored_log,1778299341.033000,1778299345.070000,18578,18627,50,0.012637259438633919,0,benign,0.5,2,50|51,-0.09356721843593141,-0.10690033131051649,0.17508520310909226,0,0.061371642539771426,low_score,0,0.310117
1064,scored_log,1778299372.858000,1778299373.869000,19338,19387,50,0.008319326676428318,0,benign,0.5,2,53|54,-0.09096626946669772,-0.10578362898877205,0.18437171557097817,0,0.06113504334479328,low_score,0,0.310117
1073,scored_log,1778299377.903000,1778299378.924000,19428,19477,50,0.008176633156836033,0,benign,0.5,1,54,-0.09096626946669772,-0.09096626946669772,0.18437171557097817,0,0.06103515788107868,low_score,0,0.310117
269,scored_log,1778299059.436000,1778299064.451000,11388,11437,50,0.012367768213152885,0,benign,0.5,2,22|23,-0.09384793774254674,-0.10757403361018647,0.17408291380237692,0,0.060882311889920104,low_score,0,0.310117
1078,scored_log,1778299378.924000,1778299379.943000,19478,19527,50,0.007868010550737381,0,benign,0.5,1,54,-0.09096626946669772,-0.09096626946669772,0.18437171557097817,0,0.06081912205680962,low_score,0,0.310117
1023,scored_log,1778299351.336000,1778299353.358000,18928,18977,50,0.011831832118332386,0,benign,0.5,1,51,-0.09356721843593141,-0.09356721843593141,0.17508520310909226,0,0.06080784341556036,low_score,0,0.310117
1030,scored_log,1778299353.370000,1778299354.391000,18998,19047,50,0.011452335864305496,0,benign,0.5,2,51|52,-0.09356721843593141,-0.10593885580459317,0.17508520310909226,0,0.06054219603774153,low_score,0,0.310117
1886,scored_log,1778299619.332000,1778299620.342000,27558,27607,50,0.009500415064394474,0,benign,0.5,1,78,-0.09235197967992786,-0.09235197967992786,0.17942413093323895,0,0.060477529825047824,low_score,0,0.310117
1022,scored_log,1778299351.336000,1778299353.356000,18918,18967,50,0.011229980736970901,0,benign,0.5,1,51,-0.09356721843593141,-0.09356721843593141,0.17508520310909226,0,0.06038654744860732,low_score,0,0.310117
1018,scored_log,1778299347.085000,1778299351.336000,18878,18927,50,0.011028648354113102,0,benign,0.5,1,51,-0.09356721843593141,-0.09356721843593141,0.17508520310909226,0,0.06024561478060686,low_score,0,0.310117
1017,scored_log,1778299347.085000,1778299351.336000,18868,18917,50,0.010643976740539074,0,benign,0.5,1,51,-0.09356721843593141,-0.09356721843593141,0.17508520310909226,0,0.05997634465110504,low_score,0,0.310117
1848,scored_log,1778299613.289000,1778299619.324000,27178,27227,50,0.00874328799545765,0,benign,0.5,2,77|78,-0.09235197967992786,-0.11571910871511537,0.17942413093323895,0,0.05994754087679204,low_score,0,0.310117
1885,scored_log,1778299619.332000,1778299620.341000,27548,27597,50,0.008458590134978294,0,benign,0.5,1,78,-0.09235197967992786,-0.09235197967992786,0.17942413093323895,0,0.059748252374456495,low_score,0,0.310117
1021,scored_log,1778299351.335000,1778299353.356000,18908,18957,50,0.010244985111057758,0,benign,0.5,1,51,-0.09356721843593141,-0.09356721843593141,0.17508520310909226,0,0.059697050510468114,low_score,0,0.310117
1689,scored_log,1778299577.388000,1778299582.632000,25588,25637,50,0.012180057354271412,0,benign,0.5,1,74,-0.09490530676473374,-0.09490530676473374,0.17030764919030544,0,0.05961833490508163,low_score,0,0.310117
207,scored_log,1778299028.167000,1778299031.184000,10768,10817,50,0.011072087101638317,0,benign,0.5,1,19,-0.09434579876758686,-0.09434579876758686,0.17230533466952505,0,0.05944206137200435,low_score,0,0.310117
1029,scored_log,1778299353.364000,1778299354.391000,18988,19037,50,0.009672052226960659,0,benign,0.5,2,51|52,-0.09356721843593141,-0.10593885580459317,0.17508520310909226,0,0.059295997491600146,low_score,0,0.310117
1679,scored_log,1778299569.123000,1778299574.368000,25488,25537,50,0.011611095629632473,0,benign,0.5,2,73|74,-0.09490530676473374,-0.11364359756339826,0.17030764919030544,0,0.05922006169783437,low_score,0,0.310117
206,scored_log,1778299028.166000,1778299031.181000,10758,10807,50,0.010746157728135586,0,benign,0.5,1,19,-0.09434579876758686,-0.09434579876758686,0.17230533466952505,0,0.05921391081055243,low_score,0,0.310117
1849,scored_log,1778299613.291000,1778299619.326000,27188,27237,50,0.007548694498836994,0,benign,0.5,2,77|78,-0.09235197967992786,-0.11571910871511537,0.17942413093323895,0,0.059111325429157584,low_score,0,0.310117
1688,scored_log,1778299577.386000,1778299582.631000,25578,25627,50,0.01145262736827135,0,benign,0.5,1,74,-0.09490530676473374,-0.09490530676473374,0.17030764919030544,0,0.05910913391488159,low_score,0,0.310117
1678,scored_log,1778299569.121000,1778299574.366000,25478,25527,50,0.011418257839977741,0,benign,0.5,2,73|74,-0.09490530676473374,-0.11364359756339826,0.17030764919030544,0,0.05908507524507606,low_score,0,0.310117
1677,scored_log,1778299569.121000,1778299574.366000,25468,25517,50,0.011220031417906284,0,benign,0.5,2,73|74,-0.09490530676473374,-0.11364359756339826,0.17030764919030544,0,0.05894631674962604,low_score,0,0.310117
1013,scored_log,1778299345.075000,1778299347.085000,18828,18877,50,0.0091580580919981,0,benign,0.5,1,51,-0.09356721843593141,-0.09356721843593141,0.17508520310909226,0,0.058936201597126356,low_score,0,0.310117
1687,scored_log,1778299577.386000,1778299582.631000,25568,25617,50,0.011182405985891819,0,benign,0.5,1,74,-0.09490530676473374,-0.09490530676473374,0.17030764919030544,0,0.058919978947215915,low_score,0,0.310117
1657,scored_log,1778299549.860000,1778299554.874000,25268,25317,50,0.01938299462199211,0,benign,0.5,2,71|72,-0.10028842465569932,-0.10243260735295637,0.1510875906772077,0,0.058894373438556795,low_score,0,0.310117
212,scored_log,1778299031.184000,1778299034.206000,10818,10867,50,0.010189751163125038,0,benign,0.5,2,19|20,-0.09434579876758686,-0.11739765385954146,0.17230533466952505,0,0.05882442621504505,low_score,0,0.310117
1015,scored_log,1778299345.079000,1778299347.209000,18848,18897,50,0.008722084574401379,0,benign,0.5,1,51,-0.09356721843593141,-0.09356721843593141,0.17508520310909226,0,0.05863102013480865,low_score,0,0.310117
205,scored_log,1778299028.166000,1778299031.181000,10748,10797,50,0.009786980226635933,0,benign,0.5,1,19,-0.09434579876758686,-0.09434579876758686,0.17230533466952505,0,0.05854248655950268,low_score,0,0.310117
1063,scored_log,1778299372.855000,1778299373.868000,19328,19377,50,0.004440653137862682,0,benign,0.5,2,53|54,-0.09096626946669772,-0.10578362898877205,0.18437171557097817,0,0.058419971867797335,low_score,0,0.310117
257,scored_log,1778299055.417000,1778299057.423000,11268,11317,50,0.00884005706757307,0,benign,0.5,1,22,-0.09384793774254674,-0.09384793774254674,0.17408291380237692,0,0.05841291408801423,low_score,0,0.310117
1634,scored_log,1778299544.784000,1778299548.803000,25038,25087,50,0.018481839448213577,0,benign,0.5,1,71,-0.10028842465569932,-0.10028842465569932,0.1510875906772077,0,0.05826356481691182,low_score,0,0.310117
1684,scored_log,1778299574.368000,1778299577.388000,25538,25587,50,0.010193792171776295,0,benign,0.5,1,74,-0.09490530676473374,-0.09490530676473374,0.17030764919030544,0,0.058227949277335045,low_score,0,0.310117
2112,scored_log,1778299675.858000,1778299681.879000,29818,29867,50,0.013285021297633648,0,benign,0.5,1,84,-0.09701065570172324,-0.09701065570172324,0.16279064313934416,0,0.05813670785014681,low_score,0,0.310117
211,scored_log,1778299031.181000,1778299034.204000,10808,10857,50,0.009145164862275124,0,benign,0.5,2,19|20,-0.09434579876758686,-0.11739765385954146,0.17230533466952505,0,0.05809321580445011,low_score,0,0.310117
202,scored_log,1778299025.156000,1778299028.166000,10718,10767,50,0.009135149419307709,0,benign,0.5,1,19,-0.09434579876758686,-0.09434579876758686,0.17230533466952505,0,0.05808620499437292,low_score,0,0.310117
256,scored_log,1778299055.416000,1778299057.422000,11258,11307,50,0.008146240375936031,0,benign,0.5,1,22,-0.09384793774254674,-0.09384793774254674,0.17408291380237692,0,0.057927242403868304,low_score,0,0.310117
201,scored_log,1778299025.151000,1778299028.166000,10708,10757,50,0.008760787546634674,0,benign,0.5,1,19,-0.09434579876758686,-0.09434579876758686,0.17230533466952505,0,0.057824151683501794,low_score,0,0.310117
235,scored_log,1778299051.909000,1778299055.295000,11048,11097,50,0.007996810600161552,0,benign,0.5,2,21|22,-0.09384793774254674,-0.11615515133828141,0.17408291380237692,0,0.05782264156082617,low_score,0,0.310117
1845,scored_log,1778299608.053000,1778299615.305000,27148,27197,50,0.005656233057379723,0,benign,0.5,2,77|78,-0.09235197967992786,-0.11571910871511537,0.17942413093323895,0,0.057786602420137494,low_score,0,0.310117
210,scored_log,1778299031.181000,1778299034.204000,10798,10847,50,0.008672414347529411,0,benign,0.5,2,19|20,-0.09434579876758686,-0.11739765385954146,0.17230533466952505,0,0.05776229044412811,low_score,0,0.310117
1633,scored_log,1778299544.784000,1778299548.802000,25028,25077,50,0.017472272738814354,0,benign,0.5,1,71,-0.10028842465569932,-0.10028842465569932,0.1510875906772077,0,0.057556868120332366,low_score,0,0.310117
1683,scored_log,1778299574.367000,1778299577.386000,25528,25577,50,0.009148543700575829,0,benign,0.5,1,74,-0.09490530676473374,-0.09490530676473374,0.17030764919030544,0,0.05749627534749472,low_score,0,0.310117
1737,scored_log,1778299582.747000,1778299583.754000,26068,26117,50,0.00868738628923893,0,benign,0.5,1,74,-0.09490530676473374,-0.09490530676473374,0.17030764919030544,0,0.057173465159558894,low_score,0,0.310117
1682,scored_log,1778299574.366000,1778299577.386000,25518,25567,50,0.00867671612650156,0,benign,0.5,1,74,-0.09490530676473374,-0.09490530676473374,0.17030764919030544,0,0.057165996045642736,low_score,0,0.310117
1736,scored_log,1778299582.747000,1778299583.752000,26058,26107,50,0.008073878474533558,0,benign,0.5,1,74,-0.09490530676473374,-0.09490530676473374,0.17030764919030544,0,0.05674400968926513,low_score,0,0.310117
1076,scored_log,1778299377.913000,1778299378.931000,19458,19507,50,0.0019973532762378454,0,benign,0.5,1,54,-0.09096626946669772,-0.09096626946669772,0.18437171557097817,0,0.05670966196465995,low_score,0,0.310117
255,scored_log,1778299055.416000,1778299057.420000,11248,11297,50,0.006211209576576948,0,benign,0.5,1,22,-0.09384793774254674,-0.09384793774254674,0.17408291380237692,0,0.05657272084431695,low_score,0,0.310117
1884,scored_log,1778299619.332000,1778299620.341000,27538,27587,50,0.003915269859135151,0,benign,0.5,1,78,-0.09235197967992786,-0.09235197967992786,0.17942413093323895,0,0.056567928181366293,low_score,0,0.310117
1847,scored_log,1778299613.289000,1778299619.324000,27168,27217,50,0.003765914821997285,0,benign,0.5,2,77|78,-0.09235197967992786,-0.11571910871511537,0.17942413093323895,0,0.05646337965536979,low_score,0,0.310117
735,scored_log,1778299251.343000,1778299253.361000,16048,16097,50,0.010955799371004105,0,benign,0.5,1,41,-0.09708353572997169,-0.09708353572997169,0.16253042992541428,0,0.056428188537327166,low_score,0,0.310117
2168,scored_log,1778299681.994000,1778299686.005000,30378,30427,50,0.010509555228054523,0,benign,0.5,2,84|85,-0.09701065570172324,-0.11011296036125232,0.16279064313934416,0,0.05619388160144142,low_score,0,0.310117
2109,scored_log,1778299671.823000,1778299675.861000,29788,29837,50,0.010464859195053577,0,benign,0.5,2,83|84,-0.09701065570172324,-0.1056799579093915,0.16279064313934416,0,0.05616259437834076,low_score,0,0.310117
719,scored_log,1778299245.112000,1778299249.318000,15888,15937,50,0.010390677489340305,0,benign,0.5,1,41,-0.09708353572997169,-0.09708353572997169,0.16253042992541428,0,0.05603260322016251,low_score,0,0.310117
987,scored_log,1778299340.941000,1778299345.070000,18568,18617,50,0.004852869547903538,0,benign,0.5,2,50|51,-0.09356721843593141,-0.10690033131051649,0.17508520310909226,0,0.05592256961626016,low_score,0,0.310117
1077,scored_log,1778299377.921000,1778299378.939000,19468,19517,50,0.0008093431824818254,0,benign,0.5,1,54,-0.09096626946669772,-0.09096626946669772,0.18437171557097817,0,0.055878054899030735,low_score,0,0.310117
265,scored_log,1778299057.427000,1778299059.436000,11348,11397,50,0.0052146511152386665,0,benign,0.5,1,22,-0.09384793774254674,-0.09384793774254674,0.17408291380237692,0,0.05587512992138015,low_score,0,0.310117
2108,scored_log,1778299671.821000,1778299675.859000,29778,29827,50,0.010045870207250118,0,benign,0.5,2,83|84,-0.09701065570172324,-0.1056799579093915,0.16279064313934416,0,0.055869302086878334,low_score,0,0.310117
1081,scored_log,1778299378.931000,1778299381.952000,19508,19557,50,0.0007008420070633292,0,benign,0.5,1,54,-0.09096626946669772,-0.09096626946669772,0.18437171557097817,0,0.055802104076237785,low_score,0,0.310117
1066,scored_log,1778299372.861000,1778299373.874000,19358,19407,50,0.0006279141525737941,0,benign,0.5,2,53|54,-0.09096626946669772,-0.10578362898877205,0.18437171557097817,0,0.055751054578095115,low_score,0,0.310117
739,scored_log,1778299253.361000,1778299254.375000,16088,16137,50,0.009909640066325665,0,benign,0.5,2,41|42,-0.09708353572997169,-0.11187845558243967,0.16253042992541428,0,0.05569587702405226,low_score,0,0.310117
1072,scored_log,1778299374.897000,1778299377.920000,19418,19467,50,0.0005310002597980201,0,benign,0.5,1,54,-0.09096626946669772,-0.09096626946669772,0.18437171557097817,0,0.05568321485315207,low_score,0,0.310117
718,scored_log,1778299245.107000,1778299249.316000,15878,15927,50,0.009866836480796337,0,benign,0.5,1,41,-0.09708353572997169,-0.09708353572997169,0.16253042992541428,0,0.05566591451418173,low_score,0,0.310117
1067,scored_log,1778299372.864000,1778299374.882000,19368,19417,50,0.00046111681149341166,0,benign,0.5,2,53|54,-0.09096626946669772,-0.10578362898877205,0.18437171557097817,0,0.05563429643933884,low_score,0,0.310117
908,scored_log,1778299318.558000,1778299318.566000,17778,17827,50,0.01838536188006401,0,benign,0.5,1,48,-0.10271044991596129,-0.10271044991596129,0.1424399132223701,0,0.05560172728275584,low_score,0,0.310117
1071,scored_log,1778299373.874000,1778299377.912000,19408,19457,50,0.00039383964031003416,0,benign,0.5,1,54,-0.09096626946669772,-0.09096626946669772,0.18437171557097817,0,0.055587202419510484,low_score,0,0.310117
732,scored_log,1778299249.335000,1778299251.345000,16018,16067,50,0.009555996395647526,0,benign,0.5,1,41,-0.09708353572997169,-0.09708353572997169,0.16253042992541428,0,0.05544832645457756,low_score,0,0.310117
1735,scored_log,1778299582.747000,1778299583.752000,26048,26097,50,0.006202409043908119,0,benign,0.5,1,74,-0.09490530676473374,-0.09490530676473374,0.17030764919030544,0,0.05543398108782732,low_score,0,0.310117
1632,scored_log,1778299543.774000,1778299548.802000,25018,25067,50,0.014310969971120358,0,benign,0.5,1,71,-0.10028842465569932,-0.10028842465569932,0.1510875906772077,0,0.05534395618294657,low_score,0,0.310117
1012,scored_log,1778299345.075000,1778299347.085000,18818,18867,50,0.003956151194870472,0,benign,0.5,1,51,-0.09356721843593141,-0.09356721843593141,0.17508520310909226,0,0.055294866769137016,low_score,0,0.310117
2107,scored_log,1778299671.821000,1778299675.858000,29768,29817,50,0.009180749766528606,0,benign,0.5,2,83|84,-0.09701065570172324,-0.1056799579093915,0.16279064313934416,0,0.05526371777837328,low_score,0,0.310117
2111,scored_log,1778299674.837000,1778299681.879000,29808,29857,50,0.009111346676945686,0,benign,0.5,1,84,-0.09701065570172324,-0.09701065570172324,0.16279064313934416,0,0.05521513561566523,low_score,0,0.310117
736,scored_log,1778299251.343000,1778299253.364000,16058,16107,50,0.00913574080914259,0,benign,0.5,1,41,-0.09708353572997169,-0.09708353572997169,0.16253042992541428,0,0.055154147544024104,low_score,0,0.310117
203,scored_log,1778299025.157000,1778299028.170000,10728,10777,50,0.00456799753010273,0,benign,0.5,1,19,-0.09434579876758686,-0.09434579876758686,0.17230533466952505,0,0.054889198671929436,low_score,0,0.310117
1887,scored_log,1778299619.332000,1778299620.360000,27568,27617,50,0.0014502523699775338,0,benign,0.5,1,78,-0.09235197967992786,-0.09235197967992786,0.17942413093323895,0,0.05484241593895597,low_score,0,0.310117
1658,scored_log,1778299554.868000,1778299554.875000,25278,25327,50,0.019968843087553978,0,benign,0.5,1,72,-0.10457679005021342,-0.10457679005021342,0.13577627194379607,0,0.05471107174442661,low_score,0,0.310117
731,scored_log,1778299249.333000,1778299251.343000,16008,16057,50,0.00849591288715601,0,benign,0.5,1,41,-0.09708353572997169,-0.09708353572997169,0.16253042992541428,0,0.0547062679986335,low_score,0,0.310117
2166,scored_log,1778299681.993000,1778299686.000000,30358,30407,50,0.008187693543732166,0,benign,0.5,2,84|85,-0.09701065570172324,-0.11011296036125232,0.16279064313934416,0,0.05456857842241577,low_score,0,0.310117
740,scored_log,1778299253.361000,1778299254.377000,16098,16147,50,0.00818683672696352,0,benign,0.5,2,41|42,-0.09708353572997169,-0.11187845558243967,0.16253042992541428,0,0.054489914686498754,low_score,0,0.310117
1642,scored_log,1778299548.822000,1778299549.840000,25118,25167,50,0.013007750734686852,0,benign,0.5,1,71,-0.10028842465569932,-0.10028842465569932,0.1510875906772077,0,0.05443170271744312,low_score,0,0.310117
271,scored_log,1778299059.438000,1778299064.453000,11408,11457,50,0.003016487695276737,0,benign,0.5,2,22|23,-0.09384793774254674,-0.10757403361018647,0.17408291380237692,0,0.0543364155274068,low_score,0,0.310117
1889,scored_log,1778299620.341000,1778299621.434000,27588,27637,50,0.000656252377666533,0,benign,0.5,1,78,-0.09235197967992786,-0.09235197967992786,0.17942413093323895,0,0.054286615944338264,low_score,0,0.310117
1850,scored_log,1778299615.309000,1778299619.328000,27198,27247,50,0.000600151892285794,0,benign,0.5,1,78,-0.09235197967992786,-0.09235197967992786,0.17942413093323895,0,0.05424734560457175,low_score,0,0.310117
264,scored_log,1778299057.427000,1778299059.436000,11338,11387,50,0.0028787285555154085,0,benign,0.5,1,22,-0.09384793774254674,-0.09384793774254674,0.17408291380237692,0,0.05423998412957387,low_score,0,0.310117
1888,scored_log,1778299619.337000,1778299621.420000,27578,27627,50,0.0005197433638386428,0,benign,0.5,1,78,-0.09235197967992786,-0.09235197967992786,0.17942413093323895,0,0.05419105963465874,low_score,0,0.310117
1851,scored_log,1778299617.318000,1778299619.328000,27208,27257,50,0.0005157115519978106,0,benign,0.5,1,78,-0.09235197967992786,-0.09235197967992786,0.17942413093323895,0,0.05418823736637016,low_score,0,0.310117
734,scored_log,1778299249.339000,1778299253.361000,16038,16087,50,0.007740268483757973,0,benign,0.5,1,41,-0.09708353572997169,-0.09708353572997169,0.16253042992541428,0,0.054177316916254874,low_score,0,0.310117
989,scored_log,1778299342.036000,1778299345.070000,18588,18637,50,0.0023328198585659266,0,benign,0.5,2,50|51,-0.09356721843593141,-0.10690033131051649,0.17508520310909226,0,0.054158534833723834,low_score,0,0.310117
1883,scored_log,1778299619.332000,1778299619.337000,27528,27577,50,0.00042772272718138993,0,benign,0.5,1,78,-0.09235197967992786,-0.09235197967992786,0.17942413093323895,0,0.054126645188998665,low_score,0,0.310117
1846,scored_log,1778299610.271000,1778299617.317000,27158,27207,50,0.0003534316783770919,0,benign,0.5,2,77|78,-0.09235197967992786,-0.11571910871511537,0.17942413093323895,0,0.054074641454835655,low_score,0,0.310117
1862,scored_log,1778299619.328000,1778299619.329000,27318,27367,50,0.0003094043640885502,0,benign,0.5,1,78,-0.09235197967992786,-0.09235197967992786,0.17942413093323895,0,0.05404382233483367,low_score,0,0.310117
1873,scored_log,1778299619.329000,1778299619.332000,27428,27477,50,0.0003094043640885502,0,benign,0.5,1,78,-0.09235197967992786,-0.09235197967992786,0.17942413093323895,0,0.05404382233483367,low_score,0,0.310117
1861,scored_log,1778299619.328000,1778299619.329000,27308,27357,50,0.00030940346186980605,0,benign,0.5,1,78,-0.09235197967992786,-0.09235197967992786,0.17942413093323895,0,0.05404382170328056,low_score,0,0.310117
1872,scored_log,1778299619.329000,1778299619.332000,27418,27467,50,0.0003094031708315015,0,benign,0.5,1,78,-0.09235197967992786,-0.09235197967992786,0.17942413093323895,0,0.054043821499553744,low_score,0,0.310117
1855,scored_log,1778299619.328000,1778299619.328000,27248,27297,50,0.0003094028797931969,0,benign,0.5,1,78,-0.09235197967992786,-0.09235197967992786,0.17942413093323895,0,0.05404382129582693,low_score,0,0.310117
1856,scored_log,1778299619.328000,1778299619.328000,27258,27307,50,0.0003094028797931969,0,benign,0.5,1,78,-0.09235197967992786,-0.09235197967992786,0.17942413093323895,0,0.05404382129582693,low_score,0,0.310117
1857,scored_log,1778299619.328000,1778299619.328000,27268,27317,50,0.0003094028797931969,0,benign,0.5,1,78,-0.09235197967992786,-0.09235197967992786,0.17942413093323895,0,0.05404382129582693,low_score,0,0.310117
1860,scored_log,1778299619.328000,1778299619.329000,27298,27347,50,0.0003094028797931969,0,benign,0.5,1,78,-0.09235197967992786,-0.09235197967992786,0.17942413093323895,0,0.05404382129582693,low_score,0,0.310117
1863,scored_log,1778299619.329000,1778299619.329000,27328,27377,50,0.0003094028797931969,0,benign,0.5,1,78,-0.09235197967992786,-0.09235197967992786,0.17942413093323895,0,0.05404382129582693,low_score,0,0.310117
1864,scored_log,1778299619.329000,1778299619.329000,27338,27387,50,0.0003094028797931969,0,benign,0.5,1,78,-0.09235197967992786,-0.09235197967992786,0.17942413093323895,0,0.05404382129582693,low_score,0,0.310117
1865,scored_log,1778299619.329000,1778299619.329000,27348,27397,50,0.0003094028797931969,0,benign,0.5,1,78,-0.09235197967992786,-0.09235197967992786,0.17942413093323895,0,0.05404382129582693,low_score,0,0.310117
1866,scored_log,1778299619.329000,1778299619.329000,27358,27407,50,0.0003094028797931969,0,benign,0.5,1,78,-0.09235197967992786,-0.09235197967992786,0.17942413093323895,0,0.05404382129582693,low_score,0,0.310117
1867,scored_log,1778299619.329000,1778299619.329000,27368,27417,50,0.0003094028797931969,0,benign,0.5,1,78,-0.09235197967992786,-0.09235197967992786,0.17942413093323895,0,0.05404382129582693,low_score,0,0.310117
1868,scored_log,1778299619.329000,1778299619.329000,27378,27427,50,0.0003094028797931969,0,benign,0.5,1,78,-0.09235197967992786,-0.09235197967992786,0.17942413093323895,0,0.05404382129582693,low_score,0,0.310117
1874,scored_log,1778299619.332000,1778299619.332000,27438,27487,50,0.0003094028797931969,0,benign,0.5,1,78,-0.09235197967992786,-0.09235197967992786,0.17942413093323895,0,0.05404382129582693,low_score,0,0.310117
1875,scored_log,1778299619.332000,1778299619.332000,27448,27497,50,0.0003094028797931969,0,benign,0.5,1,78,-0.09235197967992786,-0.09235197967992786,0.17942413093323895,0,0.05404382129582693,low_score,0,0.310117
1876,scored_log,1778299619.332000,1778299619.332000,27458,27507,50,0.0003094028797931969,0,benign,0.5,1,78,-0.09235197967992786,-0.09235197967992786,0.17942413093323895,0,0.05404382129582693,low_score,0,0.310117
1877,scored_log,1778299619.332000,1778299619.332000,27468,27517,50,0.0003094028797931969,0,benign,0.5,1,78,-0.09235197967992786,-0.09235197967992786,0.17942413093323895,0,0.05404382129582693,low_score,0,0.310117
1878,scored_log,1778299619.332000,1778299619.332000,27478,27527,50,0.0003094028797931969,0,benign,0.5,1,78,-0.09235197967992786,-0.09235197967992786,0.17942413093323895,0,0.05404382129582693,low_score,0,0.310117
1879,scored_log,1778299619.332000,1778299619.332000,27488,27537,50,0.0003094028797931969,0,benign,0.5,1,78,-0.09235197967992786,-0.09235197967992786,0.17942413093323895,0,0.05404382129582693,low_score,0,0.310117
1880,scored_log,1778299619.332000,1778299619.332000,27498,27547,50,0.0003094028797931969,0,benign,0.5,1,78,-0.09235197967992786,-0.09235197967992786,0.17942413093323895,0,0.05404382129582693,low_score,0,0.310117
1881,scored_log,1778299619.332000,1778299619.332000,27508,27557,50,0.0003094028797931969,0,benign,0.5,1,78,-0.09235197967992786,-0.09235197967992786,0.17942413093323895,0,0.05404382129582693,low_score,0,0.310117
1882,scored_log,1778299619.332000,1778299619.332000,27518,27567,50,0.0003094028797931969,0,benign,0.5,1,78,-0.09235197967992786,-0.09235197967992786,0.17942413093323895,0,0.05404382129582693,low_score,0,0.310117
1859,scored_log,1778299619.328000,1778299619.329000,27288,27337,50,0.00030940197757445276,0,benign,0.5,1,78,-0.09235197967992786,-0.09235197967992786,0.17942413093323895,0,0.05404382066427381,low_score,0,0.310117
1858,scored_log,1778299619.328000,1778299619.329000,27278,27327,50,0.0003094013954978436,0,benign,0.5,1,78,-0.09235197967992786,-0.09235197967992786,0.17942413093323895,0,0.05404382025682018,low_score,0,0.310117
1871,scored_log,1778299619.329000,1778299619.332000,27408,27457,50,0.00030940110445953906,0,benign,0.5,1,78,-0.09235197967992786,-0.09235197967992786,0.17942413093323895,0,0.05404382005309337,low_score,0,0.310117
1870,scored_log,1778299619.329000,1778299619.332000,27398,27447,50,0.0003093978448305279,0,benign,0.5,1,78,-0.09235197967992786,-0.09235197967992786,0.17942413093323895,0,0.05404381777135306,low_score,0,0.310117
1869,scored_log,1778299619.329000,1778299619.332000,27388,27437,50,0.0003078525187447667,0,benign,0.5,1,78,-0.09235197967992786,-0.09235197967992786,0.17942413093323895,0,0.05404273604309303,low_score,0,0.310117
1854,scored_log,1778299619.326000,1778299619.328000,27238,27287,50,0.00030320571386255324,0,benign,0.5,1,78,-0.09235197967992786,-0.09235197967992786,0.17942413093323895,0,0.054039483279675476,low_score,0,0.310117
1853,scored_log,1778299619.324000,1778299619.328000,27228,27277,50,0.0002942117571365088,0,benign,0.5,1,78,-0.09235197967992786,-0.09235197967992786,0.17942413093323895,0,0.054033187509967245,low_score,0,0.310117
1852,scored_log,1778299619.324000,1778299619.328000,27218,27267,50,0.00028913881396874785,0,benign,0.5,1,78,-0.09235197967992786,-0.09235197967992786,0.17942413093323895,0,0.05402963644974981,low_score,0,0.310117
1685,scored_log,1778299574.373000,1778299577.402000,25548,25597,50,0.004033684730529785,0,benign,0.5,1,74,-0.09490530676473374,-0.09490530676473374,0.17030764919030544,0,0.053915874068462495,low_score,0,0.310117
234,scored_log,1778299051.909000,1778299055.295000,11038,11087,50,0.0023844661191105843,0,benign,0.5,2,21|22,-0.09384793774254674,-0.11615515133828141,0.17408291380237692,0,0.053894000424090496,low_score,0,0.310117
717,scored_log,1778299245.105000,1778299249.316000,15868,15917,50,0.0073322332464158535,0,benign,0.5,1,41,-0.09708353572997169,-0.09708353572997169,0.16253042992541428,0,0.05389169225011539,low_score,0,0.310117
1656,scored_log,1778299549.858000,1778299554.874000,25258,25307,50,0.012176798656582832,0,benign,0.5,2,71|72,-0.10028842465569932,-0.10243260735295637,0.1510875906772077,0,0.0538500362627703,low_score,0,0.310117
1024,scored_log,1778299351.341000,1778299353.364000,18938,18987,50,0.0018686658004298806,0,benign,0.5,1,51,-0.09356721843593141,-0.09356721843593141,0.17508520310909226,0,0.0538336269930286,low_score,0,0.310117
200,scored_log,1778299025.146000,1778299028.166000,10698,10747,50,0.003020408097654581,0,benign,0.5,1,19,-0.09434579876758686,-0.09434579876758686,0.17230533466952505,0,0.053805886069215735,low_score,0,0.310117
1028,scored_log,1778299353.358000,1778299353.385000,18978,19027,50,0.0018013837980106473,0,benign,0.5,1,51,-0.09356721843593141,-0.09356721843593141,0.17508520310909226,0,0.05378652959133514,low_score,0,0.310117
1027,scored_log,1778299353.356000,1778299353.380000,18968,19017,50,0.0017964945873245597,0,benign,0.5,1,51,-0.09356721843593141,-0.09356721843593141,0.17508520310909226,0,0.053783107143854876,low_score,0,0.310117
1026,scored_log,1778299353.356000,1778299353.375000,18958,19007,50,0.001762581872753799,0,benign,0.5,1,51,-0.09356721843593141,-0.09356721843593141,0.17508520310909226,0,0.05375936824365535,low_score,0,0.310117
1025,scored_log,1778299352.347000,1778299353.369000,18948,18997,50,0.0015404380392283201,0,benign,0.5,1,51,-0.09356721843593141,-0.09356721843593141,0.17508520310909226,0,0.05360386756018751,low_score,0,0.310117
2165,scored_log,1778299681.993000,1778299686.000000,30348,30397,50,0.006655402947217226,0,benign,0.5,2,84|85,-0.09701065570172324,-0.11011296036125232,0.16279064313934416,0,0.05349597500485531,low_score,0,0.310117
1032,scored_log,1778299353.380000,1778299354.403000,19018,19067,50,0.0013114610919728875,0,benign,0.5,2,51|52,-0.09356721843593141,-0.10593885580459317,0.17508520310909226,0,0.05344358369710871,low_score,0,0.310117
267,scored_log,1778299057.427000,1778299059.440000,11368,11417,50,0.0016917999600991607,0,benign,0.5,1,22,-0.09384793774254674,-0.09384793774254674,0.17408291380237692,0,0.053409134112782496,low_score,0,0.310117
737,scored_log,1778299251.345000,1778299253.367000,16068,16117,50,0.006570897996425629,0,benign,0.5,1,41,-0.09708353572997169,-0.09708353572997169,0.16253042992541428,0,0.053358757575122234,low_score,0,0.310117
1641,scored_log,1778299548.816000,1778299549.837000,25108,25157,50,0.011452099308371544,0,benign,0.5,1,71,-0.10028842465569932,-0.10028842465569932,0.1510875906772077,0,0.0533427467190224,low_score,0,0.310117
266,scored_log,1778299057.427000,1778299059.436000,11358,11407,50,0.0015670297434553504,0,benign,0.5,1,22,-0.09384793774254674,-0.09384793774254674,0.17408291380237692,0,0.05332179496113183,low_score,0,0.310117
213,scored_log,1778299031.189000,1778299037.226000,10828,10877,50,0.0022537228651344776,0,benign,0.5,2,19|20,-0.09434579876758686,-0.11739765385954146,0.17230533466952505,0,0.05326920640645166,low_score,0,0.310117
236,scored_log,1778299051.911000,1778299055.295000,11058,11107,50,0.001441777334548533,0,benign,0.5,2,21|22,-0.09384793774254674,-0.11615515133828141,0.17408291380237692,0,0.05323411827489706,low_score,0,0.310117
1033,scored_log,1778299353.385000,1778299356.488000,19028,19077,50,0.0009931877721101046,0,benign,0.5,2,51|52,-0.09356721843593141,-0.10593885580459317,0.17508520310909226,0,0.05322079237320476,low_score,0,0.310117
1014,scored_log,1778299345.075000,1778299347.091000,18838,18887,50,0.0008950888295657933,0,benign,0.5,1,51,-0.09356721843593141,-0.09356721843593141,0.17508520310909226,0,0.05315212311342374,low_score,0,0.310117
990,scored_log,1778299342.036000,1778299345.074000,18598,18647,50,0.000846081820782274,0,benign,0.5,2,50|51,-0.09356721843593141,-0.10690033131051649,0.17508520310909226,0,0.05311781820727528,low_score,0,0.310117
204,scored_log,1778299025.160000,1778299028.173000,10738,10787,50,0.002023694571107626,0,benign,0.5,1,19,-0.09434579876758686,-0.09434579876758686,0.17230533466952505,0,0.053108186600632865,low_score,0,0.310117
1016,scored_log,1778299347.085000,1778299351.334000,18858,18907,50,0.0008075998048298061,0,benign,0.5,1,51,-0.09356721843593141,-0.09356721843593141,0.17508520310909226,0,0.05309088079610855,low_score,0,0.310117
1019,scored_log,1778299347.093000,1778299351.340000,18888,18937,50,0.0007814576965756714,0,benign,0.5,1,51,-0.09356721843593141,-0.09356721843593141,0.17508520310909226,0,0.05307258132033066,low_score,0,0.310117
1020,scored_log,1778299347.209000,1778299352.347000,18898,18947,50,0.0007474508020095527,0,benign,0.5,1,51,-0.09356721843593141,-0.09356721843593141,0.17508520310909226,0,0.05304877649413437,low_score,0,0.310117
991,scored_log,1778299342.039000,1778299345.074000,18608,18657,50,0.0005935497465543449,0,benign,0.5,2,50|51,-0.09356721843593141,-0.10690033131051649,0.17508520310909226,0,0.052941045755315726,low_score,0,0.310117
1011,scored_log,1778299345.075000,1778299347.084000,18808,18857,50,0.0003937377186957747,0,benign,0.5,1,51,-0.09356721843593141,-0.09356721843593141,0.17508520310909226,0,0.05280117733581473,low_score,0,0.310117
997,scored_log,1778299345.074000,1778299345.075000,18668,18717,50,0.0003094037529081106,0,benign,0.5,1,51,-0.09356721843593141,-0.09356721843593141,0.17508520310909226,0,0.052742143559763366,low_score,0,0.310117
996,scored_log,1778299345.074000,1778299345.075000,18658,18707,50,0.0003094031708315015,0,benign,0.5,1,51,-0.09356721843593141,-0.09356721843593141,0.17508520310909226,0,0.05274214315230974,low_score,0,0.310117
998,scored_log,1778299345.075000,1778299345.075000,18678,18727,50,0.0003094028797931969,0,benign,0.5,1,51,-0.09356721843593141,-0.09356721843593141,0.17508520310909226,0,0.052742142948582926,low_score,0,0.310117
999,scored_log,1778299345.075000,1778299345.075000,18688,18737,50,0.0003094028797931969,0,benign,0.5,1,51,-0.09356721843593141,-0.09356721843593141,0.17508520310909226,0,0.052742142948582926,low_score,0,0.310117
1000,scored_log,1778299345.075000,1778299345.075000,18698,18747,50,0.0003094028797931969,0,benign,0.5,1,51,-0.09356721843593141,-0.09356721843593141,0.17508520310909226,0,0.052742142948582926,low_score,0,0.310117
1001,scored_log,1778299345.075000,1778299345.075000,18708,18757,50,0.0003094028797931969,0,benign,0.5,1,51,-0.09356721843593141,-0.09356721843593141,0.17508520310909226,0,0.052742142948582926,low_score,0,0.310117
1002,scored_log,1778299345.075000,1778299345.075000,18718,18767,50,0.0003094028797931969,0,benign,0.5,1,51,-0.09356721843593141,-0.09356721843593141,0.17508520310909226,0,0.052742142948582926,low_score,0,0.310117
1003,scored_log,1778299345.075000,1778299345.075000,18728,18777,50,0.0003094028797931969,0,benign,0.5,1,51,-0.09356721843593141,-0.09356721843593141,0.17508520310909226,0,0.052742142948582926,low_score,0,0.310117
1004,scored_log,1778299345.075000,1778299345.075000,18738,18787,50,0.0003094028797931969,0,benign,0.5,1,51,-0.09356721843593141,-0.09356721843593141,0.17508520310909226,0,0.052742142948582926,low_score,0,0.310117
1005,scored_log,1778299345.075000,1778299345.075000,18748,18797,50,0.0003094028797931969,0,benign,0.5,1,51,-0.09356721843593141,-0.09356721843593141,0.17508520310909226,0,0.052742142948582926,low_score,0,0.310117
1006,scored_log,1778299345.075000,1778299345.075000,18758,18807,50,0.0003094028797931969,0,benign,0.5,1,51,-0.09356721843593141,-0.09356721843593141,0.17508520310909226,0,0.052742142948582926,low_score,0,0.310117
1007,scored_log,1778299345.075000,1778299345.075000,18768,18817,50,0.0003094028797931969,0,benign,0.5,1,51,-0.09356721843593141,-0.09356721843593141,0.17508520310909226,0,0.052742142948582926,low_score,0,0.310117
1008,scored_log,1778299345.075000,1778299345.075000,18778,18827,50,0.0003094028797931969,0,benign,0.5,1,51,-0.09356721843593141,-0.09356721843593141,0.17508520310909226,0,0.052742142948582926,low_score,0,0.310117
1009,scored_log,1778299345.075000,1778299345.075000,18788,18837,50,0.0003094028797931969,0,benign,0.5,1,51,-0.09356721843593141,-0.09356721843593141,0.17508520310909226,0,0.052742142948582926,low_score,0,0.310117
995,scored_log,1778299345.074000,1778299345.075000,18648,18697,50,0.00030940258875489235,0,benign,0.5,1,51,-0.09356721843593141,-0.09356721843593141,0.17508520310909226,0,0.05274214274485611,low_score,0,0.310117
994,scored_log,1778299345.072000,1778299345.075000,18638,18687,50,0.0003019572177436203,0,benign,0.5,1,51,-0.09356721843593141,-0.09356721843593141,0.17508520310909226,0,0.05273693098514822,low_score,0,0.310117
993,scored_log,1778299345.070000,1778299345.075000,18628,18677,50,0.0002931329363491386,0,benign,0.5,1,51,-0.09356721843593141,-0.09356721843593141,0.17508520310909226,0,0.052730753988172084,low_score,0,0.310117
992,scored_log,1778299345.070000,1778299345.074000,18618,18667,50,0.0002903791901189834,0,benign,0.5,1,51,-0.09356721843593141,-0.09356721843593141,0.17508520310909226,0,0.05272882636581097,low_score,0,0.310117
254,scored_log,1778299055.415000,1778299055.417000,11238,11287,50,0.0007150415913201869,0,benign,0.5,1,22,-0.09384793774254674,-0.09384793774254674,0.17408291380237692,0,0.05272540325463722,low_score,0,0.310117
253,scored_log,1778299055.406000,1778299055.417000,11228,11277,50,0.0007090028375387192,0,benign,0.5,1,22,-0.09384793774254674,-0.09384793774254674,0.17408291380237692,0,0.05272117612699019,low_score,0,0.310117
252,scored_log,1778299055.396000,1778299055.417000,11218,11267,50,0.0006929265218786895,0,benign,0.5,1,22,-0.09384793774254674,-0.09384793774254674,0.17408291380237692,0,0.052709922706028166,low_score,0,0.310117
251,scored_log,1778299055.388000,1778299055.416000,11208,11257,50,0.0006426135078072548,0,benign,0.5,1,22,-0.09384793774254674,-0.09384793774254674,0.17408291380237692,0,0.052674703596178166,low_score,0,0.310117
268,scored_log,1778299057.431000,1778299061.448000,11378,11427,50,0.0005949691403657198,0,benign,0.5,1,22,-0.09384793774254674,-0.09384793774254674,0.17408291380237692,0,0.05264135253896909,low_score,0,0.310117
258,scored_log,1778299055.417000,1778299057.426000,11278,11327,50,0.0005597458803094923,0,benign,0.5,1,22,-0.09384793774254674,-0.09384793774254674,0.17408291380237692,0,0.05261669625692973,low_score,0,0.310117
1010,scored_log,1778299345.075000,1778299345.078000,18798,18847,50,9.472791134612635e-05,0,benign,0.5,1,51,-0.09356721843593141,-0.09356721843593141,0.17508520310909226,0,0.052591870470669974,low_score,0,0.310117
250,scored_log,1778299055.379000,1778299055.416000,11198,11247,50,0.0004572946054395288,0,benign,0.5,1,22,-0.09384793774254674,-0.09384793774254674,0.17408291380237692,0,0.05254498036452075,low_score,0,0.310117
1640,scored_log,1778299548.811000,1778299549.837000,25098,25147,50,0.0102700125426054,0,benign,0.5,1,71,-0.10028842465569932,-0.10028842465569932,0.1510875906772077,0,0.0525152859829861,low_score,0,0.310117
738,scored_log,1778299252.351000,1778299254.375000,16078,16127,50,0.005364819895476103,0,benign,0.5,2,41|42,-0.09708353572997169,-0.11187845558243967,0.16253042992541428,0,0.05251450290445756,low_score,0,0.310117
259,scored_log,1778299055.417000,1778299057.427000,11288,11337,50,0.0003121949848718941,0,benign,0.5,1,22,-0.09384793774254674,-0.09384793774254674,0.17408291380237692,0,0.05244341063012341,low_score,0,0.310117
198,scored_log,1778299025.142000,1778299025.157000,10678,10727,50,0.0010707026813179255,0,benign,0.5,1,19,-0.09434579876758686,-0.09434579876758686,0.17230533466952505,0,0.05244109227778007,low_score,0,0.310117
262,scored_log,1778299057.423000,1778299057.427000,11318,11367,50,0.00030510537908412516,0,benign,0.5,1,22,-0.09384793774254674,-0.09384793774254674,0.17408291380237692,0,0.052438447906071974,low_score,0,0.310117
261,scored_log,1778299057.422000,1778299057.427000,11308,11357,50,0.0002958053373731673,0,benign,0.5,1,22,-0.09384793774254674,-0.09384793774254674,0.17408291380237692,0,0.0524319378768743,low_score,0,0.310117
237,scored_log,1778299051.945000,1778299055.302000,11068,11117,50,0.0002923670981545001,0,benign,0.5,2,21|22,-0.09384793774254674,-0.11615515133828141,0.17408291380237692,0,0.05242953110942124,low_score,0,0.310117
260,scored_log,1778299057.420000,1778299057.427000,11298,11347,50,0.000289307557977736,0,benign,0.5,1,22,-0.09384793774254674,-0.09384793774254674,0.17408291380237692,0,0.0524273894312975,low_score,0,0.310117
272,scored_log,1778299059.440000,1778299064.459000,11418,11467,50,0.0002792546001728624,0,benign,0.5,2,22|23,-0.09384793774254674,-0.10757403361018647,0.17408291380237692,0,0.05242035236083409,low_score,0,0.310117
263,scored_log,1778299057.426000,1778299057.431000,11328,11377,50,0.00026897963834926486,0,benign,0.5,1,22,-0.09384793774254674,-0.09384793774254674,0.17408291380237692,0,0.05241315988755757,low_score,0,0.310117
239,scored_log,1778299055.295000,1778299055.320000,11088,11137,50,0.00019405895727686584,0,benign,0.5,1,22,-0.09384793774254674,-0.09384793774254674,0.17408291380237692,0,0.05236071541080689,low_score,0,0.310117
233,scored_log,1778299047.888000,1778299054.289000,11028,11077,50,0.0001925479737110436,0,benign,0.5,2,21|22,-0.09384793774254674,-0.11615515133828141,0.17408291380237692,0,0.05235965772231081,low_score,0,0.310117
238,scored_log,1778299054.289000,1778299055.311000,11078,11127,50,0.00018506562628317624,0,benign,0.5,1,22,-0.09384793774254674,-0.09384793774254674,0.17408291380237692,0,0.052354420079111307,low_score,0,0.310117
240,scored_log,1778299055.295000,1778299055.330000,11098,11147,50,0.00017615492106415331,0,benign,0.5,1,22,-0.09384793774254674,-0.09384793774254674,0.17408291380237692,0,0.052348182585457995,low_score,0,0.310117
241,scored_log,1778299055.297000,1778299055.340000,11108,11157,50,0.00016625900752842426,0,benign,0.5,1,22,-0.09384793774254674,-0.09384793774254674,0.17408291380237692,0,0.05234125544598298,low_score,0,0.310117
248,scored_log,1778299055.361000,1778299055.404000,11178,11227,50,0.00016458090976811945,0,benign,0.5,1,22,-0.09384793774254674,-0.09384793774254674,0.17408291380237692,0,0.05234008077755077,low_score,0,0.310117
247,scored_log,1778299055.351000,1778299055.395000,11168,11217,50,0.0001645794982323423,0,benign,0.5,1,22,-0.09384793774254674,-0.09384793774254674,0.17408291380237692,0,0.052340079789475726,low_score,0,0.310117
246,scored_log,1778299055.341000,1778299055.387000,11158,11207,50,0.00016449822578579187,0,benign,0.5,1,22,-0.09384793774254674,-0.09384793774254674,0.17408291380237692,0,0.05234002289876314,low_score,0,0.310117
245,scored_log,1778299055.330000,1778299055.378000,11148,11197,50,0.00016447031521238387,0,benign,0.5,1,22,-0.09384793774254674,-0.09384793774254674,0.17408291380237692,0,0.052340003361361756,low_score,0,0.310117
244,scored_log,1778299055.321000,1778299055.368000,11138,11187,50,0.0001643734285607934,0,benign,0.5,1,22,-0.09384793774254674,-0.09384793774254674,0.17408291380237692,0,0.05233993554070564,low_score,0,0.310117
249,scored_log,1778299055.371000,1778299055.414000,11188,11237,50,0.00016405385395046324,0,benign,0.5,1,22,-0.09384793774254674,-0.09384793774254674,0.17408291380237692,0,0.05233971183847841,low_score,0,0.310117
242,scored_log,1778299055.303000,1778299055.351000,11118,11167,50,0.00016363327449653298,0,benign,0.5,1,22,-0.09384793774254674,-0.09384793774254674,0.17408291380237692,0,0.052339417432860656,low_score,0,0.310117
243,scored_log,1778299055.312000,1778299055.360000,11128,11177,50,0.00016345518815796822,0,benign,0.5,1,22,-0.09384793774254674,-0.09384793774254674,0.17408291380237692,0,0.05233929277242366,low_score,0,0.310117
195,scored_log,1778299025.136000,1778299025.145000,10648,10697,50,0.0009187546093016863,0,benign,0.5,1,19,-0.09434579876758686,-0.09434579876758686,0.17230533466952505,0,0.0523347286273687,low_score,0,0.310117
907,scored_log,1778299314.551000,1778299318.565000,17768,17817,50,0.013646535575389862,0,benign,0.5,1,48,-0.10271044991596129,-0.10271044991596129,0.1424399132223701,0,0.05228454886948394,low_score,0,0.310117
197,scored_log,1778299025.140000,1778299025.154000,10668,10717,50,0.0008190340595319867,0,benign,0.5,1,19,-0.09434579876758686,-0.09434579876758686,0.17230533466952505,0,0.05226492424252992,low_score,0,0.310117
199,scored_log,1778299025.143000,1778299025.160000,10688,10737,50,0.0007830148679204285,0,benign,0.5,1,19,-0.09434579876758686,-0.09434579876758686,0.17230533466952505,0,0.052239710808401826,low_score,0,0.310117
192,scored_log,1778299025.133000,1778299025.140000,10618,10667,50,0.0007683548028580844,0,benign,0.5,1,19,-0.09434579876758686,-0.09434579876758686,0.17230533466952505,0,0.052229448762858184,low_score,0,0.310117
193,scored_log,1778299025.133000,1778299025.142000,10628,10677,50,0.0007540272199548781,0,benign,0.5,1,19,-0.09434579876758686,-0.09434579876758686,0.17230533466952505,0,0.05221941945482594,low_score,0,0.310117
194,scored_log,1778299025.134000,1778299025.143000,10638,10687,50,0.0007488089613616467,0,benign,0.5,1,19,-0.09434579876758686,-0.09434579876758686,0.17230533466952505,0,0.05221576667381068,low_score,0,0.310117
1655,scored_log,1778299549.858000,1778299554.870000,25248,25297,50,0.009796394035220146,0,benign,0.5,2,71|72,-0.10028842465569932,-0.10243260735295637,0.1510875906772077,0,0.05218375302781642,low_score,0,0.310117
196,scored_log,1778299025.139000,1778299025.150000,10658,10707,50,0.0005608329083770514,0,benign,0.5,1,19,-0.09434579876758686,-0.09434579876758686,0.17230533466952505,0,0.052084183436721464,low_score,0,0.310117
730,scored_log,1778299249.329000,1778299251.343000,15998,16047,50,0.004730809014290571,0,benign,0.5,1,41,-0.09708353572997169,-0.09708353572997169,0.16253042992541428,0,0.05207069528762769,low_score,0,0.310117
208,scored_log,1778299028.170000,1778299031.189000,10778,10827,50,0.0005326601676642895,0,benign,0.5,1,19,-0.09434579876758686,-0.09434579876758686,0.17230533466952505,0,0.052064462518222526,low_score,0,0.310117
1686,scored_log,1778299574.382000,1778299579.615000,25558,25607,50,0.001347860088571906,0,benign,0.5,1,74,-0.09490530676473374,-0.09490530676473374,0.17030764919030544,0,0.05203579681909198,low_score,0,0.310117
209,scored_log,1778299028.173000,1778299031.199000,10788,10837,50,0.00025870377430692315,0,benign,0.5,1,19,-0.09434579876758686,-0.09434579876758686,0.17230533466952505,0,0.05187269304287237,low_score,0,0.310117
1709,scored_log,1778299582.742000,1778299582.742000,25788,25837,50,0.0007176767103374004,0,benign,0.5,1,74,-0.09490530676473374,-0.09490530676473374,0.17030764919030544,0,0.05159466845432782,low_score,0,0.310117
1710,scored_log,1778299582.742000,1778299582.742000,25798,25847,50,0.0007176767103374004,0,benign,0.5,1,74,-0.09490530676473374,-0.09490530676473374,0.17030764919030544,0,0.05159466845432782,low_score,0,0.310117
1711,scored_log,1778299582.742000,1778299582.742000,25808,25857,50,0.0007176767103374004,0,benign,0.5,1,74,-0.09490530676473374,-0.09490530676473374,0.17030764919030544,0,0.05159466845432782,low_score,0,0.310117
1712,scored_log,1778299582.742000,1778299582.742000,25818,25867,50,0.0007176767103374004,0,benign,0.5,1,74,-0.09490530676473374,-0.09490530676473374,0.17030764919030544,0,0.05159466845432782,low_score,0,0.310117
1713,scored_log,1778299582.742000,1778299582.742000,25828,25877,50,0.0007176767103374004,0,benign,0.5,1,74,-0.09490530676473374,-0.09490530676473374,0.17030764919030544,0,0.05159466845432782,low_score,0,0.310117
1714,scored_log,1778299582.742000,1778299582.742000,25838,25887,50,0.0007176767103374004,0,benign,0.5,1,74,-0.09490530676473374,-0.09490530676473374,0.17030764919030544,0,0.05159466845432782,low_score,0,0.310117
1720,scored_log,1778299582.743000,1778299582.743000,25898,25947,50,0.0007176767103374004,0,benign,0.5,1,74,-0.09490530676473374,-0.09490530676473374,0.17030764919030544,0,0.05159466845432782,low_score,0,0.310117
1726,scored_log,1778299582.744000,1778299582.744000,25958,26007,50,0.0007176767103374004,0,benign,0.5,1,74,-0.09490530676473374,-0.09490530676473374,0.17030764919030544,0,0.05159466845432782,low_score,0,0.310117
1727,scored_log,1778299582.744000,1778299582.744000,25968,26017,50,0.0007176767103374004,0,benign,0.5,1,74,-0.09490530676473374,-0.09490530676473374,0.17030764919030544,0,0.05159466845432782,low_score,0,0.310117
1733,scored_log,1778299582.747000,1778299582.747000,26028,26077,50,0.0007176767103374004,0,benign,0.5,1,74,-0.09490530676473374,-0.09490530676473374,0.17030764919030544,0,0.05159466845432782,low_score,0,0.310117
1719,scored_log,1778299582.742000,1778299582.743000,25888,25937,50,0.0007176644285209477,0,benign,0.5,1,74,-0.09490530676473374,-0.09490530676473374,0.17030764919030544,0,0.05159465985705631,low_score,0,0.310117
1725,scored_log,1778299582.743000,1778299582.744000,25948,25997,50,0.0007176487124525011,0,benign,0.5,1,74,-0.09490530676473374,-0.09490530676473374,0.17030764919030544,0,0.051594648855808396,low_score,0,0.310117
1718,scored_log,1778299582.742000,1778299582.743000,25878,25927,50,0.0007176425424404442,0,benign,0.5,1,74,-0.09490530676473374,-0.09490530676473374,0.17030764919030544,0,0.051594644536799954,low_score,0,0.310117
1708,scored_log,1778299582.740000,1778299582.742000,25778,25827,50,0.0007176288636401296,0,benign,0.5,1,74,-0.09490530676473374,-0.09490530676473374,0.17030764919030544,0,0.05159463496163973,low_score,0,0.310117
1724,scored_log,1778299582.743000,1778299582.744000,25938,25987,50,0.0007176282233558595,0,benign,0.5,1,74,-0.09490530676473374,-0.09490530676473374,0.17030764919030544,0,0.05159463451344074,low_score,0,0.310117
1717,scored_log,1778299582.742000,1778299582.743000,25868,25917,50,0.0007176213548518717,0,benign,0.5,1,74,-0.09490530676473374,-0.09490530676473374,0.17030764919030544,0,0.051594629705487956,low_score,0,0.310117
1732,scored_log,1778299582.744000,1778299582.747000,26018,26067,50,0.0007176056387834251,0,benign,0.5,1,74,-0.09490530676473374,-0.09490530676473374,0.17030764919030544,0,0.05159461870424004,low_score,0,0.310117
1723,scored_log,1778299582.743000,1778299582.744000,25928,25977,50,0.0007176015642471611,0,benign,0.5,1,74,-0.09490530676473374,-0.09490530676473374,0.17030764919030544,0,0.05159461585206466,low_score,0,0.310117
1716,scored_log,1778299582.742000,1778299582.743000,25858,25907,50,0.000717591610737145,0,benign,0.5,1,74,-0.09490530676473374,-0.09490530676473374,0.17030764919030544,0,0.051594608884607644,low_score,0,0.310117
1707,scored_log,1778299582.740000,1778299582.742000,25768,25817,50,0.0007175885257311165,0,benign,0.5,1,74,-0.09490530676473374,-0.09490530676473374,0.17030764919030544,0,0.05159460672510342,low_score,0,0.310117
1722,scored_log,1778299582.743000,1778299582.744000,25918,25967,50,0.0007175601786002517,0,benign,0.5,1,74,-0.09490530676473374,-0.09490530676473374,0.17030764919030544,0,0.05159458688211182,low_score,0,0.310117
1731,scored_log,1778299582.744000,1778299582.747000,26008,26057,50,0.0007175448117777705,0,benign,0.5,1,74,-0.09490530676473374,-0.09490530676473374,0.17030764919030544,0,0.051594576125336085,low_score,0,0.310117
1715,scored_log,1778299582.742000,1778299582.743000,25848,25897,50,0.0007175393402576447,0,benign,0.5,1,74,-0.09490530676473374,-0.09490530676473374,0.17030764919030544,0,0.05159457229527199,low_score,0,0.310117
1730,scored_log,1778299582.744000,1778299582.747000,25998,26047,50,0.0007174702477641404,0,benign,0.5,1,74,-0.09490530676473374,-0.09490530676473374,0.17030764919030544,0,0.05159452393052654,low_score,0,0.310117
1729,scored_log,1778299582.744000,1778299582.747000,25988,26037,50,0.0007173591293394566,0,benign,0.5,1,74,-0.09490530676473374,-0.09490530676473374,0.17030764919030544,0,0.051594446147629265,low_score,0,0.310117
1721,scored_log,1778299582.743000,1778299582.744000,25908,25957,50,0.0007172609912231565,0,benign,0.5,1,74,-0.09490530676473374,-0.09490530676473374,0.17030764919030544,0,0.05159437745094785,low_score,0,0.310117
1728,scored_log,1778299582.744000,1778299582.747000,25978,26027,50,0.0007170512690208852,0,benign,0.5,1,74,-0.09490530676473374,-0.09490530676473374,0.17030764919030544,0,0.05159423064540626,low_score,0,0.310117
1734,scored_log,1778299582.747000,1778299582.748000,26038,26087,50,0.0007165856659412384,0,benign,0.5,1,74,-0.09490530676473374,-0.09490530676473374,0.17030764919030544,0,0.05159390472325051,low_score,0,0.310117
1706,scored_log,1778299582.735000,1778299582.742000,25758,25807,50,0.000711832835804671,0,benign,0.5,1,74,-0.09490530676473374,-0.09490530676473374,0.17030764919030544,0,0.05159057774215491,low_score,0,0.310117
1705,scored_log,1778299582.726000,1778299582.742000,25748,25797,50,0.0007032817229628563,0,benign,0.5,1,74,-0.09490530676473374,-0.09490530676473374,0.17030764919030544,0,0.051584591963165644,low_score,0,0.310117
1704,scored_log,1778299582.716000,1778299582.742000,25738,25787,50,0.0006744083948433399,0,benign,0.5,1,74,-0.09490530676473374,-0.09490530676473374,0.17030764919030544,0,0.05156438063348198,low_score,0,0.310117
1680,scored_log,1778299569.133000,1778299574.373000,25498,25547,50,0.0005981854046694934,0,benign,0.5,2,73|74,-0.09490530676473374,-0.11364359756339826,0.17030764919030544,0,0.05151102454036029,low_score,0,0.310117
1703,scored_log,1778299582.709000,1778299582.740000,25728,25777,50,0.0005840433877892792,0,benign,0.5,1,74,-0.09490530676473374,-0.09490530676473374,0.17030764919030544,0,0.051501125128544135,low_score,0,0.310117
1681,scored_log,1778299571.349000,1778299574.381000,25508,25557,50,0.00040816355613060296,0,benign,0.5,2,73|74,-0.09490530676473374,-0.11364359756339826,0.17030764919030544,0,0.05137800924638306,low_score,0,0.310117
1702,scored_log,1778299582.701000,1778299582.740000,25718,25767,50,0.0003199820639565587,0,benign,0.5,1,74,-0.09490530676473374,-0.09490530676473374,0.17030764919030544,0,0.051316282201861234,low_score,0,0.310117
1690,scored_log,1778299577.402000,1778299582.640000,25598,25647,50,0.00031229201704263687,0,benign,0.5,1,74,-0.09490530676473374,-0.09490530676473374,0.17030764919030544,0,0.05131089916902149,low_score,0,0.310117
1691,scored_log,1778299579.615000,1778299582.647000,25608,25657,50,0.00022112522856332362,0,benign,0.5,1,74,-0.09490530676473374,-0.09490530676473374,0.17030764919030544,0,0.05124708241708597,low_score,0,0.310117
1692,scored_log,1778299582.631000,1778299582.656000,25618,25667,50,0.0001842785277403891,0,benign,0.5,1,74,-0.09490530676473374,-0.09490530676473374,0.17030764919030544,0,0.05122128972650992,low_score,0,0.310117
1693,scored_log,1778299582.631000,1778299582.664000,25628,25677,50,0.0001721360458759591,0,benign,0.5,1,74,-0.09490530676473374,-0.09490530676473374,0.17030764919030544,0,0.05121278998920482,low_score,0,0.310117
1694,scored_log,1778299582.632000,1778299582.674000,25638,25687,50,0.00016474812582600862,0,benign,0.5,1,74,-0.09490530676473374,-0.09490530676473374,0.17030764919030544,0,0.05120761844516985,low_score,0,0.310117
1696,scored_log,1778299582.648000,1778299582.691000,25658,25707,50,0.00016465170483570546,0,benign,0.5,1,74,-0.09490530676473374,-0.09490530676473374,0.17030764919030544,0,0.05120755095047664,low_score,0,0.310117
1699,scored_log,1778299582.674000,1778299582.716000,25688,25737,50,0.0001646214077482,0,benign,0.5,1,74,-0.09490530676473374,-0.09490530676473374,0.17030764919030544,0,0.051207529742515384,low_score,0,0.310117
1695,scored_log,1778299582.641000,1778299582.682000,25648,25697,50,0.00016461119230370969,0,benign,0.5,1,74,-0.09490530676473374,-0.09490530676473374,0.17030764919030544,0,0.05120752259170424,low_score,0,0.310117
1700,scored_log,1778299582.683000,1778299582.725000,25698,25747,50,0.0001645391748752445,0,benign,0.5,1,74,-0.09490530676473374,-0.09490530676473374,0.17030764919030544,0,0.05120747217950431,low_score,0,0.310117
1698,scored_log,1778299582.665000,1778299582.708000,25678,25727,50,0.0001643820432946086,0,benign,0.5,1,74,-0.09490530676473374,-0.09490530676473374,0.17030764919030544,0,0.05120736218739787,low_score,0,0.310117
1701,scored_log,1778299582.692000,1778299582.734000,25708,25757,50,0.00016433502605650574,0,benign,0.5,1,74,-0.09490530676473374,-0.09490530676473374,0.17030764919030544,0,0.0512073292753312,low_score,0,0.310117
1697,scored_log,1778299582.658000,1778299582.700000,25668,25717,50,0.00016401287575718015,0,benign,0.5,1,74,-0.09490530676473374,-0.09490530676473374,0.17030764919030544,0,0.05120710377012167,low_score,0,0.310117
1654,scored_log,1778299549.856000,1778299554.868000,25238,25287,50,0.008053842931985855,0,benign,0.5,2,71|72,-0.10028842465569932,-0.10243260735295637,0.1510875906772077,0,0.05096396725555242,low_score,0,0.310117
1321,scored_log,1778299441.537000,1778299444.567000,21908,21957,50,0.014110401272773743,0,benign,0.5,2,60|61,-0.10429526762625246,-0.12345001045985951,0.13678142872670057,0,0.0509117095089518,low_score,0,0.310117
720,scored_log,1778299248.192000,1778299249.322000,15898,15947,50,0.0030027867760509253,0,benign,0.5,1,41,-0.09708353572997169,-0.09708353572997169,0.16253042992541428,0,0.05086107972085994,low_score,0,0.310117
741,scored_log,1778299253.364000,1778299254.387000,16108,16157,50,0.0028473115526139736,0,benign,0.5,2,41|42,-0.09708353572997169,-0.11187845558243967,0.16253042992541428,0,0.050752247064454074,low_score,0,0.310117
2113,scored_log,1778299675.859000,1778299681.880000,29828,29877,50,0.0023453785106539726,0,benign,0.5,1,84,-0.09701065570172324,-0.09701065570172324,0.16279064313934416,0,0.05047895789926104,low_score,0,0.310117
104,scored_log,1778298985.161000,1778298988.231000,9738,9787,50,0.011297843419015408,0,benign,0.5,1,15,-0.10308660817123544,-0.10308660817123544,0.1410968656014574,0,0.050237550073748014,low_score,0,0.310117
742,scored_log,1778299253.367000,1778299254.604000,16118,16167,50,0.0018611116101965308,0,benign,0.5,2,41|42,-0.09708353572997169,-0.11187845558243967,0.16253042992541428,0,0.05006190710476186,low_score,0,0.310117
826,scored_log,1778299289.065000,1778299291.080000,16958,17007,50,0.010676962323486805,0,benign,0.5,1,45,-0.10302769913947502,-0.10302769913947502,0.14130719631691238,0,0.04986603252151449,low_score,0,0.310117
733,scored_log,1778299249.337000,1778299252.350000,16028,16077,50,0.0015796325169503689,0,benign,0.5,1,41,-0.09708353572997169,-0.09708353572997169,0.16253042992541428,0,0.04986487173948955,low_score,0,0.310117
2110,scored_log,1778299671.827000,1778299675.863000,29798,29847,50,0.001329965889453888,0,benign,0.5,2,83|84,-0.09701065570172324,-0.1056799579093915,0.16279064313934416,0,0.049768169064420976,low_score,0,0.310117
825,scored_log,1778299289.063000,1778299291.079000,16948,16997,50,0.010516504757106304,0,benign,0.5,1,45,-0.10302769913947502,-0.10302769913947502,0.14130719631691238,0,0.04975371222504814,low_score,0,0.310117
721,scored_log,1778299248.210000,1778299249.323000,15908,15957,50,0.001330675440840423,0,benign,0.5,1,41,-0.09708353572997169,-0.09708353572997169,0.16253042992541428,0,0.04969060178621259,low_score,0,0.310117
2167,scored_log,1778299681.993000,1778299686.003000,30368,30417,50,0.001118914457038045,0,benign,0.5,2,84|85,-0.09701065570172324,-0.11011296036125232,0.16279064313934416,0,0.049620433061729884,low_score,0,0.310117
1320,scored_log,1778299438.533000,1778299444.567000,21898,21947,50,0.012223460711538792,0,benign,0.5,2,60|61,-0.10429526762625246,-0.12345001045985951,0.13678142872670057,0,0.049590851116087326,low_score,0,0.310117
726,scored_log,1778299249.323000,1778299249.333000,15958,16007,50,0.0011531513882800937,0,benign,0.5,1,41,-0.09708353572997169,-0.09708353572997169,0.16253042992541428,0,0.04956633494942036,low_score,0,0.310117
728,scored_log,1778299249.324000,1778299249.337000,15978,16027,50,0.0011451963800936937,0,benign,0.5,1,41,-0.09708353572997169,-0.09708353572997169,0.16253042992541428,0,0.049560766443689876,low_score,0,0.310117
723,scored_log,1778299249.316000,1778299249.324000,15928,15977,50,0.0010493285953998566,0,benign,0.5,1,41,-0.09708353572997169,-0.09708353572997169,0.16253042992541428,0,0.049493658994404194,low_score,0,0.310117
722,scored_log,1778299249.316000,1778299249.324000,15918,15967,50,0.0010097221238538623,0,benign,0.5,1,41,-0.09708353572997169,-0.09708353572997169,0.16253042992541428,0,0.049465934464321994,low_score,0,0.310117
122,scored_log,1778298989.282000,1778298992.295000,9918,9967,50,0.010187288746237755,0,benign,0.5,1,15,-0.10308660817123544,-0.10308660817123544,0.1410968656014574,0,0.04946016180280366,low_score,0,0.310117
802,scored_log,1778299282.025000,1778299286.047000,16718,16767,50,0.010069365613162518,0,benign,0.5,2,44|45,-0.10302769913947502,-0.10954794848871702,0.14130719631691238,0,0.04944071482428748,low_score,0,0.310117
727,scored_log,1778299249.324000,1778299249.335000,15968,16017,50,0.0009427143377251923,0,benign,0.5,1,41,-0.09708353572997169,-0.09708353572997169,0.16253042992541428,0,0.049419029014031925,low_score,0,0.310117
1323,scored_log,1778299441.540000,1778299448.587000,21928,21977,50,0.011968753300607204,0,benign,0.5,2,60|61,-0.10429526762625246,-0.12345001045985951,0.13678142872670057,0,0.049412555928435214,low_score,0,0.310117
2106,scored_log,1778299668.814000,1778299674.837000,29758,29807,50,0.000789618759881705,0,benign,0.5,2,83|84,-0.09701065570172324,-0.1056799579093915,0.16279064313934416,0,0.04938992607372045,low_score,0,0.310117
725,scored_log,1778299249.322000,1778299249.329000,15948,15997,50,0.0008446077699773014,0,benign,0.5,1,41,-0.09708353572997169,-0.09708353572997169,0.16253042992541428,0,0.04935035441660841,low_score,0,0.310117
2140,scored_log,1778299681.987000,1778299681.987000,30098,30147,50,0.0007176767103374004,0,benign,0.5,1,84,-0.09701065570172324,-0.09701065570172324,0.16279064313934416,0,0.049339566639039434,low_score,0,0.310117
2141,scored_log,1778299681.987000,1778299681.987000,30108,30157,50,0.0007176767103374004,0,benign,0.5,1,84,-0.09701065570172324,-0.09701065570172324,0.16279064313934416,0,0.049339566639039434,low_score,0,0.310117
2139,scored_log,1778299681.986000,1778299681.987000,30088,30137,50,0.0007176590152084827,0,benign,0.5,1,84,-0.09701065570172324,-0.09701065570172324,0.16279064313934416,0,0.049339554252449194,low_score,0,0.310117
2145,scored_log,1778299681.987000,1778299681.988000,30148,30197,50,0.0007176425424404442,0,benign,0.5,1,84,-0.09701065570172324,-0.09701065570172324,0.16279064313934416,0,0.049339542721511566,low_score,0,0.310117
2138,scored_log,1778299681.986000,1778299681.987000,30078,30127,50,0.0007176391081884503,0,benign,0.5,1,84,-0.09701065570172324,-0.09701065570172324,0.16279064313934416,0,0.04933954031753517,low_score,0,0.310117
2151,scored_log,1778299681.989000,1778299681.990000,30208,30257,50,0.0007176350336521864,0,benign,0.5,1,84,-0.09701065570172324,-0.09701065570172324,0.16279064313934416,0,0.04933953746535979,low_score,0,0.310117
2162,scored_log,1778299681.992000,1778299681.993000,30318,30367,50,0.0007176322978921235,0,benign,0.5,1,84,-0.09701065570172324,-0.09701065570172324,0.16279064313934416,0,0.04933953555032774,low_score,0,0.310117
2158,scored_log,1778299681.991000,1778299681.992000,30278,30327,50,0.0007176282233558595,0,benign,0.5,1,84,-0.09701065570172324,-0.09701065570172324,0.16279064313934416,0,0.049339532698152354,low_score,0,0.310117
2134,scored_log,1778299681.985000,1778299681.986000,30038,30087,50,0.0007176213548518717,0,benign,0.5,1,84,-0.09701065570172324,-0.09701065570172324,0.16279064313934416,0,0.04933952789019957,low_score,0,0.310117
2144,scored_log,1778299681.987000,1778299681.988000,30138,30187,50,0.0007176213548518717,0,benign,0.5,1,84,-0.09701065570172324,-0.09701065570172324,0.16279064313934416,0,0.04933952789019957,low_score,0,0.310117
2154,scored_log,1778299681.990000,1778299681.991000,30238,30287,50,0.0007176213548518717,0,benign,0.5,1,84,-0.09701065570172324,-0.09701065570172324,0.16279064313934416,0,0.04933952789019957,low_score,0,0.310117
2137,scored_log,1778299681.986000,1778299681.987000,30068,30117,50,0.0007176158833317459,0,benign,0.5,1,84,-0.09701065570172324,-0.09701065570172324,0.16279064313934416,0,0.049339524060135476,low_score,0,0.310117
2161,scored_log,1778299681.992000,1778299681.993000,30308,30357,50,0.0007176076760515571,0,benign,0.5,1,84,-0.09701065570172324,-0.09701065570172324,0.16279064313934416,0,0.04933951831503935,low_score,0,0.310117
2157,scored_log,1778299681.991000,1778299681.992000,30268,30317,50,0.0007176015642471611,0,benign,0.5,1,84,-0.09701065570172324,-0.09701065570172324,0.16279064313934416,0,0.04933951403677627,low_score,0,0.310117
2133,scored_log,1778299681.985000,1778299681.986000,30028,30077,50,0.000717591610737145,0,benign,0.5,1,84,-0.09701065570172324,-0.09701065570172324,0.16279064313934416,0,0.049339507069319256,low_score,0,0.310117
2143,scored_log,1778299681.987000,1778299681.988000,30128,30177,50,0.000717591610737145,0,benign,0.5,1,84,-0.09701065570172324,-0.09701065570172324,0.16279064313934416,0,0.049339507069319256,low_score,0,0.310117
2153,scored_log,1778299681.990000,1778299681.991000,30228,30277,50,0.000717591610737145,0,benign,0.5,1,84,-0.09701065570172324,-0.09701065570172324,0.16279064313934416,0,0.049339507069319256,low_score,0,0.310117
2150,scored_log,1778299681.988000,1778299681.990000,30198,30247,50,0.0007175885257311165,0,benign,0.5,1,84,-0.09701065570172324,-0.09701065570172324,0.16279064313934416,0,0.049339504909815035,low_score,0,0.310117
2147,scored_log,1778299681.988000,1778299681.989000,30168,30217,50,0.0007175749051384628,0,benign,0.5,1,84,-0.09701065570172324,-0.09701065570172324,0.16279064313934416,0,0.04933949537540018,low_score,0,0.310117
2136,scored_log,1778299681.985000,1778299681.987000,30058,30107,50,0.0007175721111707389,0,benign,0.5,1,84,-0.09701065570172324,-0.09701065570172324,0.16279064313934416,0,0.04933949341962277,low_score,0,0.310117
2160,scored_log,1778299681.992000,1778299681.993000,30298,30347,50,0.000717570073902607,0,benign,0.5,1,84,-0.09701065570172324,-0.09701065570172324,0.16279064313934416,0,0.04933949199353508,low_score,0,0.310117
2156,scored_log,1778299681.990000,1778299681.992000,30258,30307,50,0.000717547838576138,0,benign,0.5,1,84,-0.09701065570172324,-0.09701065570172324,0.16279064313934416,0,0.04933947642880655,low_score,0,0.310117
2132,scored_log,1778299681.985000,1778299681.986000,30018,30067,50,0.0007175393402576447,0,benign,0.5,1,84,-0.09701065570172324,-0.09701065570172324,0.16279064313934416,0,0.049339470479983605,low_score,0,0.310117
2142,scored_log,1778299681.987000,1778299681.988000,30118,30167,50,0.0007175393402576447,0,benign,0.5,1,84,-0.09701065570172324,-0.09701065570172324,0.16279064313934416,0,0.049339470479983605,low_score,0,0.310117
2149,scored_log,1778299681.988000,1778299681.990000,30188,30237,50,0.0007175334612838924,0,benign,0.5,1,84,-0.09701065570172324,-0.09701065570172324,0.16279064313934416,0,0.04933946636470198,low_score,0,0.310117
2152,scored_log,1778299681.989000,1778299681.991000,30218,30267,50,0.0007175166974775493,0,benign,0.5,1,84,-0.09701065570172324,-0.09701065570172324,0.16279064313934416,0,0.04933945463003754,low_score,0,0.310117
2135,scored_log,1778299681.985000,1778299681.987000,30048,30097,50,0.000717486662324518,0,benign,0.5,1,84,-0.09701065570172324,-0.09701065570172324,0.16279064313934416,0,0.049339433605430416,low_score,0,0.310117
2146,scored_log,1778299681.987000,1778299681.989000,30158,30207,50,0.0007174797938205302,0,benign,0.5,1,84,-0.09701065570172324,-0.09701065570172324,0.16279064313934416,0,0.04933942879747762,low_score,0,0.310117
2163,scored_log,1778299681.992000,1778299681.994000,30328,30377,50,0.0007174675120040774,0,benign,0.5,1,84,-0.09701065570172324,-0.09701065570172324,0.16279064313934416,0,0.04933942020020611,low_score,0,0.310117
2159,scored_log,1778299681.991000,1778299681.993000,30288,30337,50,0.0007174394559115171,0,benign,0.5,1,84,-0.09701065570172324,-0.09701065570172324,0.16279064313934416,0,0.04933940056094132,low_score,0,0.310117
2148,scored_log,1778299681.988000,1778299681.990000,30178,30227,50,0.0007174258353188634,0,benign,0.5,1,84,-0.09701065570172324,-0.09701065570172324,0.16279064313934416,0,0.04933939102652646,low_score,0,0.310117
2155,scored_log,1778299681.990000,1778299681.992000,30248,30297,50,0.0007172268233262002,0,benign,0.5,1,84,-0.09701065570172324,-0.09701065570172324,0.16279064313934416,0,0.049339251718131596,low_score,0,0.310117
2131,scored_log,1778299681.983000,1778299681.985000,30008,30057,50,0.0007150886231102049,0,benign,0.5,1,84,-0.09701065570172324,-0.09701065570172324,0.16279064313934416,0,0.049337754977980396,low_score,0,0.310117
2130,scored_log,1778299681.975000,1778299681.985000,29998,30047,50,0.000709101150278002,0,benign,0.5,1,84,-0.09701065570172324,-0.09701065570172324,0.16279064313934416,0,0.049333563746997856,low_score,0,0.310117
724,scored_log,1778299249.318000,1778299249.325000,15938,15987,50,0.0008065607980825007,0,benign,0.5,1,41,-0.09708353572997169,-0.09708353572997169,0.16253042992541428,0,0.04932372153628204,low_score,0,0.310117
2129,scored_log,1778299681.966000,1778299681.985000,29988,30037,50,0.000693164358381182,0,benign,0.5,1,84,-0.09701065570172324,-0.09701065570172324,0.16279064313934416,0,0.049322407992670084,low_score,0,0.310117
2128,scored_log,1778299681.959000,1778299681.985000,29978,30027,50,0.0006427213083952665,0,benign,0.5,1,84,-0.09701065570172324,-0.09701065570172324,0.16279064313934416,0,0.04928709785767994,low_score,0,0.310117
729,scored_log,1778299249.325000,1778299249.338000,15988,16037,50,0.0006695093470625579,0,benign,0.5,1,41,-0.09708353572997169,-0.09708353572997169,0.16253042992541428,0,0.049227785520568085,low_score,0,0.310117
824,scored_log,1778299289.063000,1778299291.079000,16938,16987,50,0.009761076420545578,0,benign,0.5,1,45,-0.10302769913947502,-0.10302769913947502,0.14130719631691238,0,0.04922491238945563,low_score,0,0.310117
716,scored_log,1778299245.105000,1778299248.210000,15858,15907,50,0.0006409275229088962,0,benign,0.5,1,41,-0.09708353572997169,-0.09708353572997169,0.16253042992541428,0,0.04920777824366052,low_score,0,0.310117
2164,scored_log,1778299681.993000,1778299682.996000,30338,30387,50,0.0004955524927936494,0,benign,0.5,1,84,-0.09701065570172324,-0.09701065570172324,0.16279064313934416,0,0.04918407968675881,low_score,0,0.310117
2127,scored_log,1778299681.950000,1778299681.985000,29968,30017,50,0.0004574238555505872,0,benign,0.5,1,84,-0.09701065570172324,-0.09701065570172324,0.16279064313934416,0,0.049157389640688665,low_score,0,0.310117
103,scored_log,1778298985.159000,1778298988.228000,9728,9777,50,0.009720632806420326,0,benign,0.5,1,15,-0.10308660817123544,-0.10308660817123544,0.1410968656014574,0,0.04913350264493146,low_score,0,0.310117
1192,scored_log,1778299402.608000,1778299409.745000,20618,20667,50,0.016795195639133453,0,benign,0.5,2,56|57,-0.1077269578366098,-0.11580557748147002,0.12452881082424148,0,0.049115280194665864,low_score,0,0.310117
2114,scored_log,1778299675.861000,1778299681.885000,29838,29887,50,0.0003676831256598234,0,benign,0.5,1,84,-0.09701065570172324,-0.09701065570172324,0.16279064313934416,0,0.04909457112976513,low_score,0,0.310117
906,scored_log,1778299314.551000,1778299318.565000,17758,17807,50,0.009055765345692635,0,benign,0.5,1,48,-0.10271044991596129,-0.10271044991596129,0.1424399132223701,0,0.04907100970869588,low_score,0,0.310117
2115,scored_log,1778299678.865000,1778299681.893000,29848,29897,50,0.0002524381270632148,0,benign,0.5,1,84,-0.09701065570172324,-0.09701065570172324,0.16279064313934416,0,0.0490138996307475,low_score,0,0.310117
2116,scored_log,1778299681.879000,1778299681.902000,29858,29907,50,0.00019417519797571003,0,benign,0.5,1,84,-0.09701065570172324,-0.09701065570172324,0.16279064313934416,0,0.04897311558038625,low_score,0,0.310117
2117,scored_log,1778299681.879000,1778299681.911000,29868,29917,50,0.0001770553208189085,0,benign,0.5,1,84,-0.09701065570172324,-0.09701065570172324,0.16279064313934416,0,0.048961131666376494,low_score,0,0.310117
2118,scored_log,1778299681.881000,1778299681.919000,29878,29927,50,0.00016792808310128748,0,benign,0.5,1,84,-0.09701065570172324,-0.09701065570172324,0.16279064313934416,0,0.048954742599974156,low_score,0,0.310117
2120,scored_log,1778299681.895000,1778299681.934000,29898,29947,50,0.0001646801392780617,0,benign,0.5,1,84,-0.09701065570172324,-0.09701065570172324,0.16279064313934416,0,0.0489524690392979,low_score,0,0.310117
2126,scored_log,1778299681.943000,1778299681.982000,29958,30007,50,0.00016459818289149553,0,benign,0.5,1,84,-0.09701065570172324,-0.09701065570172324,0.16279064313934416,0,0.0489524116698273,low_score,0,0.310117
2119,scored_log,1778299681.886000,1778299681.927000,29888,29937,50,0.00016454499564133584,0,benign,0.5,1,84,-0.09701065570172324,-0.09701065570172324,0.16279064313934416,0,0.04895237443875219,low_score,0,0.310117
2121,scored_log,1778299681.903000,1778299681.942000,29908,29957,50,0.00016454105207230896,0,benign,0.5,1,84,-0.09701065570172324,-0.09701065570172324,0.16279064313934416,0,0.04895237167825387,low_score,0,0.310117
2123,scored_log,1778299681.920000,1778299681.958000,29928,29977,50,0.00016442689229734242,0,benign,0.5,1,84,-0.09701065570172324,-0.09701065570172324,0.16279064313934416,0,0.048952291766411395,low_score,0,0.310117
2124,scored_log,1778299681.928000,1778299681.966000,29938,29987,50,0.00016425529611296952,0,benign,0.5,1,84,-0.09701065570172324,-0.09701065570172324,0.16279064313934416,0,0.04895217164908233,low_score,0,0.310117
2122,scored_log,1778299681.912000,1778299681.950000,29918,29967,50,0.00016402975597884506,0,benign,0.5,1,84,-0.09701065570172324,-0.09701065570172324,0.16279064313934416,0,0.04895201377098845,low_score,0,0.310117
2125,scored_log,1778299681.935000,1778299681.974000,29948,29997,50,0.00016401740140281618,0,benign,0.5,1,84,-0.09701065570172324,-0.09701065570172324,0.16279064313934416,0,0.048952005122785226,low_score,0,0.310117
109,scored_log,1778298988.231000,1778298989.256000,9788,9837,50,0.009441938251256943,0,benign,0.5,1,15,-0.10308660817123544,-0.10308660817123544,0.1410968656014574,0,0.04893841645631709,low_score,0,0.310117
912,scored_log,1778299318.565000,1778299321.585000,17818,17867,50,0.008780756033957005,0,benign,0.5,1,48,-0.10271044991596129,-0.10271044991596129,0.1424399132223701,0,0.04887850319048094,low_score,0,0.310117
913,scored_log,1778299318.566000,1778299321.588000,17828,17877,50,0.008721355348825455,0,benign,0.5,1,48,-0.10271044991596129,-0.10271044991596129,0.1424399132223701,0,0.04883692271088885,low_score,0,0.310117
102,scored_log,1778298985.159000,1778298988.228000,9718,9767,50,0.009100121445953846,0,benign,0.5,1,15,-0.10308660817123544,-0.10308660817123544,0.1410968656014574,0,0.04869914469260492,low_score,0,0.310117
121,scored_log,1778298989.278000,1778298992.295000,9908,9957,50,0.008706732653081417,0,benign,0.5,1,15,-0.10308660817123544,-0.10308660817123544,0.1410968656014574,0,0.04842377253759422,low_score,0,0.310117
801,scored_log,1778299282.018000,1778299286.045000,16708,16757,50,0.008601800538599491,0,benign,0.5,2,44|45,-0.10302769913947502,-0.10954794848871702,0.14130719631691238,0,0.04841341927209337,low_score,0,0.310117
108,scored_log,1778298988.228000,1778298989.255000,9778,9827,50,0.008592436090111732,0,benign,0.5,1,15,-0.10308660817123544,-0.10308660817123544,0.1410968656014574,0,0.048343764943515444,low_score,0,0.310117
905,scored_log,1778299314.549000,1778299318.560000,17748,17797,50,0.007860871031880379,0,benign,0.5,1,48,-0.10271044991596129,-0.10271044991596129,0.1424399132223701,0,0.048234583689027305,low_score,0,0.310117
904,scored_log,1778299314.548000,1778299318.558000,17738,17787,50,0.007760774344205856,0,benign,0.5,1,48,-0.10271044991596129,-0.10271044991596129,0.1424399132223701,0,0.04816451600765514,low_score,0,0.310117
1653,scored_log,1778299549.852000,1778299554.868000,25228,25277,50,0.004011944867670536,0,benign,0.5,2,71|72,-0.10028842465569932,-0.10243260735295637,0.1510875906772077,0,0.048134638610531695,low_score,0,0.310117
1662,scored_log,1778299554.874000,1778299556.891000,25318,25367,50,0.010399929247796535,0,benign,0.5,1,72,-0.10457679005021342,-0.10457679005021342,0.13577627194379607,0,0.0480128320565964,low_score,0,0.310117
822,scored_log,1778299286.053000,1778299289.067000,16918,16967,50,0.0076790498569607735,0,benign,0.5,1,45,-0.10302769913947502,-0.10302769913947502,0.14130719631691238,0,0.04776749379494626,low_score,0,0.310117
107,scored_log,1778298988.228000,1778298989.255000,9768,9817,50,0.007757548242807388,0,benign,0.5,1,15,-0.10308660817123544,-0.10308660817123544,0.1410968656014574,0,0.0477593434504024,low_score,0,0.310117
820,scored_log,1778299286.053000,1778299289.063000,16898,16947,50,0.007638514973223209,0,benign,0.5,1,45,-0.10302769913947502,-0.10302769913947502,0.14130719631691238,0,0.04773911937632997,low_score,0,0.310117
1318,scored_log,1778299438.533000,1778299441.540000,21878,21927,50,0.009340562857687473,0,benign,0.5,1,60,-0.10429526762625246,-0.10429526762625246,0.13678142872670057,0,0.04757282261839141,low_score,0,0.310117
821,scored_log,1778299286.053000,1778299289.065000,16908,16957,50,0.007339417468756437,0,benign,0.5,1,45,-0.10302769913947502,-0.10302769913947502,0.14130719631691238,0,0.04752975112320323,low_score,0,0.310117
1661,scored_log,1778299554.874000,1778299556.891000,25308,25357,50,0.009701254777610302,0,benign,0.5,1,72,-0.10457679005021342,-0.10457679005021342,0.13577627194379607,0,0.04752375992746604,low_score,0,0.310117
1674,scored_log,1778299561.094000,1778299569.123000,25438,25487,50,0.00956815667450428,0,benign,0.5,2,72|73,-0.10457679005021342,-0.1184793392061381,0.13577627194379607,0,0.047430591255291824,low_score,0,0.310117
1667,scored_log,1778299556.891000,1778299561.091000,25368,25417,50,0.009330402128398418,0,benign,0.5,1,72,-0.10457679005021342,-0.10457679005021342,0.13577627194379607,0,0.04726416307301772,low_score,0,0.310117
1276,scored_log,1778299435.391000,1778299438.410000,21458,21507,50,0.008687127381563187,0,benign,0.5,1,60,-0.10429526762625246,-0.10429526762625246,0.13678142872670057,0,0.047115417785104405,low_score,0,0.310117
105,scored_log,1778298985.166000,1778298988.237000,9748,9797,50,0.006819451693445444,0,benign,0.5,1,15,-0.10308660817123544,-0.10308660817123544,0.1410968656014574,0,0.04710267586584904,low_score,0,0.310117
1317,scored_log,1778299438.529000,1778299441.537000,21868,21917,50,0.008332089520990849,0,benign,0.5,1,60,-0.10429526762625246,-0.10429526762625246,0.13678142872670057,0,0.04686689128270377,low_score,0,0.310117
1316,scored_log,1778299438.529000,1778299441.537000,21858,21907,50,0.00804926548153162,0,benign,0.5,1,60,-0.10429526762625246,-0.10429526762625246,0.13678142872670057,0,0.04666891445508231,low_score,0,0.310117
1673,scored_log,1778299561.093000,1778299569.121000,25428,25477,50,0.008472231216728687,0,benign,0.5,2,72|73,-0.10457679005021342,-0.1184793392061381,0.13577627194379607,0,0.046663443434848906,low_score,0,0.310117
1643,scored_log,1778299548.827000,1778299549.844000,25128,25177,50,0.0017175014363601804,0,benign,0.5,1,71,-0.10028842465569932,-0.10028842465569932,0.1510875906772077,0,0.046528528208614445,low_score,0,0.310117
1651,scored_log,1778299549.848000,1778299549.858000,25208,25257,50,0.0013005208456888795,0,benign,0.5,1,71,-0.10028842465569932,-0.10028842465569932,0.1510875906772077,0,0.046236641795144535,low_score,0,0.310117
1644,scored_log,1778299548.833000,1778299549.844000,25138,25187,50,0.0012981013860553503,0,benign,0.5,1,71,-0.10028842465569932,-0.10028842465569932,0.1510875906772077,0,0.04623494817340106,low_score,0,0.310117
911,scored_log,1778299318.565000,1778299321.585000,17808,17857,50,0.004984991159290075,0,benign,0.5,1,48,-0.10271044991596129,-0.10271044991596129,0.1424399132223701,0,0.04622146777821409,low_score,0,0.310117
1668,scored_log,1778299556.898000,1778299561.093000,25378,25427,50,0.007759405300021172,0,benign,0.5,1,72,-0.10457679005021342,-0.10457679005021342,0.13577627194379607,0,0.04616446529315365,low_score,0,0.310117
1645,scored_log,1778299549.837000,1778299549.847000,25148,25197,50,0.001160327810794115,0,benign,0.5,1,71,-0.10028842465569932,-0.10028842465569932,0.1510875906772077,0,0.0461385066707182,low_score,0,0.310117
1277,scored_log,1778299435.392000,1778299438.412000,21468,21517,50,0.007276284042745829,0,benign,0.5,1,60,-0.10429526762625246,-0.10429526762625246,0.13678142872670057,0,0.04612782744793226,low_score,0,0.310117
1648,scored_log,1778299549.844000,1778299549.852000,25178,25227,50,0.0010864203795790672,0,benign,0.5,1,71,-0.10028842465569932,-0.10028842465569932,0.1510875906772077,0,0.046086771468867666,low_score,0,0.310117
1649,scored_log,1778299549.844000,1778299549.856000,25188,25237,50,0.0010446257656440139,0,benign,0.5,1,71,-0.10028842465569932,-0.10028842465569932,0.1510875906772077,0,0.046057515239113125,low_score,0,0.310117
1639,scored_log,1778299548.805000,1778299548.831000,25088,25137,50,0.0010273864027112722,0,benign,0.5,1,71,-0.10028842465569932,-0.10028842465569932,0.1510875906772077,0,0.046045447685060206,low_score,0,0.310117
1638,scored_log,1778299548.802000,1778299548.827000,25078,25127,50,0.001020836760289967,0,benign,0.5,1,71,-0.10028842465569932,-0.10028842465569932,0.1510875906772077,0,0.046040862935365294,low_score,0,0.310117
1637,scored_log,1778299548.802000,1778299548.821000,25068,25117,50,0.001003187382593751,0,benign,0.5,1,71,-0.10028842465569932,-0.10028842465569932,0.1510875906772077,0,0.046028508370977946,low_score,0,0.310117
1646,scored_log,1778299549.837000,1778299549.848000,25158,25207,50,0.0009259255020879209,0,benign,0.5,1,71,-0.10028842465569932,-0.10028842465569932,0.1510875906772077,0,0.04597442505462386,low_score,0,0.310117
1635,scored_log,1778299544.784000,1778299548.810000,25048,25097,50,0.0008782704244367778,0,benign,0.5,1,71,-0.10028842465569932,-0.10028842465569932,0.1510875906772077,0,0.045941066500268066,low_score,0,0.310117
1636,scored_log,1778299545.798000,1778299548.816000,25058,25107,50,0.0008731579291634262,0,benign,0.5,1,71,-0.10028842465569932,-0.10028842465569932,0.1510875906772077,0,0.045937487753576714,low_score,0,0.310117
1650,scored_log,1778299549.847000,1778299549.858000,25198,25247,50,0.0008026038995012641,0,benign,0.5,1,71,-0.10028842465569932,-0.10028842465569932,0.1510875906772077,0,0.0458880999328132,low_score,0,0.310117
1652,scored_log,1778299549.849000,1778299549.860000,25218,25267,50,0.0007143240654841065,0,benign,0.5,1,71,-0.10028842465569932,-0.10028842465569932,0.1510875906772077,0,0.04582630404900119,low_score,0,0.310117
1647,scored_log,1778299549.840000,1778299549.849000,25168,25217,50,0.0006563327624462545,0,benign,0.5,1,71,-0.10028842465569932,-0.10028842465569932,0.1510875906772077,0,0.0457857101368747,low_score,0,0.310117
903,scored_log,1778299314.548000,1778299318.558000,17728,17777,50,0.004265623167157173,0,benign,0.5,1,48,-0.10271044991596129,-0.10271044991596129,0.1424399132223701,0,0.04571791018372106,low_score,0,0.310117
120,scored_log,1778298989.273000,1778298992.294000,9898,9947,50,0.004761436954140663,0,benign,0.5,1,15,-0.10308660817123544,-0.10308660817123544,0.1410968656014574,0,0.04566206554833569,low_score,0,0.310117
800,scored_log,1778299282.013000,1778299286.045000,16698,16747,50,0.004102630540728569,0,benign,0.5,2,44|45,-0.10302769913947502,-0.10954794848871702,0.14130719631691238,0,0.045264000273583724,low_score,0,0.310117
123,scored_log,1778298989.285000,1778298992.314000,9928,9977,50,0.004085886292159557,0,benign,0.5,1,15,-0.10308660817123544,-0.10308660817123544,0.1410968656014574,0,0.04518918008494892,low_score,0,0.310117
819,scored_log,1778299286.053000,1778299289.063000,16888,16937,50,0.003717591520398855,0,benign,0.5,1,45,-0.10302769913947502,-0.10302769913947502,0.14130719631691238,0,0.044994472959352924,low_score,0,0.310117
1190,scored_log,1778299402.490000,1778299409.740000,20598,20647,50,0.010798851028084755,0,benign,0.5,2,56|57,-0.1077269578366098,-0.11580557748147002,0.12452881082424148,0,0.04491783896693178,low_score,0,0.310117
1180,scored_log,1778299397.214000,1778299400.470000,20498,20547,50,0.01046826597303152,0,benign,0.5,1,56,-0.1077269578366098,-0.1077269578366098,0.12452881082424148,0,0.044686429428394514,low_score,0,0.310117
1666,scored_log,1778299556.891000,1778299561.091000,25358,25407,50,0.005310013424605131,0,benign,0.5,1,72,-0.10457679005021342,-0.10457679005021342,0.13577627194379607,0,0.04444989098036242,low_score,0,0.310117
1179,scored_log,1778299397.213000,1778299400.470000,20488,20537,50,0.009970213286578655,0,benign,0.5,1,56,-0.1077269578366098,-0.1077269578366098,0.12452881082424148,0,0.04433779254787751,low_score,0,0.310117
909,scored_log,1778299318.558000,1778299318.571000,17788,17837,50,0.002155676484107971,0,benign,0.5,1,48,-0.10271044991596129,-0.10271044991596129,0.1424399132223701,0,0.04424094750558662,low_score,0,0.310117
1672,scored_log,1778299561.091000,1778299569.121000,25418,25467,50,0.00443061301484704,0,benign,0.5,2,72|73,-0.10457679005021342,-0.1184793392061381,0.13577627194379607,0,0.043834310693531754,low_score,0,0.310117
1275,scored_log,1778299435.390000,1778299438.410000,21448,21497,50,0.0038796954322606325,0,benign,0.5,1,60,-0.10429526762625246,-0.10429526762625246,0.13678142872670057,0,0.04375021542059262,low_score,0,0.310117
1185,scored_log,1778299400.470000,1778299402.490000,20548,20597,50,0.009101368486881256,0,benign,0.5,1,56,-0.1077269578366098,-0.1077269578366098,0.12452881082424148,0,0.04372960118808933,low_score,0,0.310117
1189,scored_log,1778299402.490000,1778299409.740000,20588,20637,50,0.008871564641594887,0,benign,0.5,2,56|57,-0.1077269578366098,-0.11580557748147002,0.12452881082424148,0,0.04356873849638887,low_score,0,0.310117
823,scored_log,1778299286.059000,1778299289.074000,16928,16977,50,0.0015887627378106117,0,benign,0.5,1,45,-0.10302769913947502,-0.10302769913947502,0.14130719631691238,0,0.043504292811541154,low_score,0,0.310117
1175,scored_log,1778299395.204000,1778299397.214000,20448,20497,50,0.008764929138123989,0,benign,0.5,1,56,-0.1077269578366098,-0.1077269578366098,0.12452881082424148,0,0.043494093643959245,low_score,0,0.310117
914,scored_log,1778299318.571000,1778299322.597000,17838,17887,50,0.0009893006645143032,0,benign,0.5,1,48,-0.10271044991596129,-0.10271044991596129,0.1424399132223701,0,0.04342448443187105,low_score,0,0.310117
110,scored_log,1778298988.237000,1778298989.262000,9798,9847,50,0.001346914446912706,0,benign,0.5,1,15,-0.10308660817123544,-0.10308660817123544,0.1410968656014574,0,0.04327189979327612,low_score,0,0.310117
118,scored_log,1778298989.267000,1778298989.285000,9878,9927,50,0.001297908485867083,0,benign,0.5,1,15,-0.10308660817123544,-0.10308660817123544,0.1410968656014574,0,0.04323759562054419,low_score,0,0.310117
899,scored_log,1778299314.548000,1778299314.548000,17688,17737,50,0.0007176767103374004,0,benign,0.5,1,48,-0.10271044991596129,-0.10271044991596129,0.1424399132223701,0,0.043234347663947216,low_score,0,0.310117
893,scored_log,1778299314.543000,1778299314.544000,17628,17677,50,0.000717650749720633,0,benign,0.5,1,48,-0.10271044991596129,-0.10271044991596129,0.1424399132223701,0,0.04323432949151548,low_score,0,0.310117
892,scored_log,1778299314.543000,1778299314.544000,17618,17667,50,0.000717630609869957,0,benign,0.5,1,48,-0.10271044991596129,-0.10271044991596129,0.1424399132223701,0,0.04323431539362001,low_score,0,0.310117
891,scored_log,1778299314.543000,1778299314.544000,17608,17657,50,0.0007176049402914941,0,benign,0.5,1,48,-0.10271044991596129,-0.10271044991596129,0.1424399132223701,0,0.04323429742491508,low_score,0,0.310117
898,scored_log,1778299314.544000,1778299314.548000,17678,17727,50,0.0007176018552854657,0,benign,0.5,1,48,-0.10271044991596129,-0.10271044991596129,0.1424399132223701,0,0.043234295265410866,low_score,0,0.310117
890,scored_log,1778299314.543000,1778299314.544000,17598,17647,50,0.0007175653008744121,0,benign,0.5,1,48,-0.10271044991596129,-0.10271044991596129,0.1424399132223701,0,0.04323426967732313,low_score,0,0.310117
897,scored_log,1778299314.544000,1778299314.548000,17668,17717,50,0.0007175215287134051,0,benign,0.5,1,48,-0.10271044991596129,-0.10271044991596129,0.1424399132223701,0,0.04323423903681042,low_score,0,0.310117
896,scored_log,1778299314.544000,1778299314.548000,17658,17707,50,0.0007174288621172309,0,benign,0.5,1,48,-0.10271044991596129,-0.10271044991596129,0.1424399132223701,0,0.043234174170193096,low_score,0,0.310117
900,scored_log,1778299314.548000,1778299314.549000,17698,17747,50,0.0007174199563451111,0,benign,0.5,1,48,-0.10271044991596129,-0.10271044991596129,0.1424399132223701,0,0.04323416793615262,low_score,0,0.310117
902,scored_log,1778299314.548000,1778299314.551000,17718,17767,50,0.0007174196653068066,0,benign,0.5,1,48,-0.10271044991596129,-0.10271044991596129,0.1424399132223701,0,0.043234167732425804,low_score,0,0.310117
895,scored_log,1778299314.544000,1778299314.548000,17648,17697,50,0.0007172979530878365,0,benign,0.5,1,48,-0.10271044991596129,-0.10271044991596129,0.1424399132223701,0,0.04323408253387252,low_score,0,0.310117
901,scored_log,1778299314.548000,1778299314.551000,17708,17757,50,0.0007172524346970022,0,benign,0.5,1,48,-0.10271044991596129,-0.10271044991596129,0.1424399132223701,0,0.04323405067099894,low_score,0,0.310117
894,scored_log,1778299314.544000,1778299314.548000,17638,17687,50,0.000717023853212595,0,benign,0.5,1,48,-0.10271044991596129,-0.10271044991596129,0.1424399132223701,0,0.043233890663959856,low_score,0,0.310117
889,scored_log,1778299314.537000,1778299314.544000,17588,17637,50,0.0007117022178135812,0,benign,0.5,1,48,-0.10271044991596129,-0.10271044991596129,0.1424399132223701,0,0.04323016551918055,low_score,0,0.310117
888,scored_log,1778299314.529000,1778299314.543000,17578,17627,50,0.0007034567533992231,0,benign,0.5,1,48,-0.10271044991596129,-0.10271044991596129,0.1424399132223701,0,0.04322439369409049,low_score,0,0.310117
887,scored_log,1778299314.521000,1778299314.543000,17568,17617,50,0.0006748310988768935,0,benign,0.5,1,48,-0.10271044991596129,-0.10271044991596129,0.1424399132223701,0,0.04320435573592486,low_score,0,0.310117
111,scored_log,1778298988.250000,1778298989.263000,9808,9857,50,0.0012191666755825281,0,benign,0.5,1,15,-0.10308660817123544,-0.10308660817123544,0.1410968656014574,0,0.043182476353344997,low_score,0,0.310117
886,scored_log,1778299314.513000,1778299314.543000,17558,17607,50,0.0005839443183504045,0,benign,0.5,1,48,-0.10271044991596129,-0.10271044991596129,0.1424399132223701,0,0.04314073498955632,low_score,0,0.310117
112,scored_log,1778298989.255000,1778298989.266000,9818,9867,50,0.0011581949656829238,0,benign,0.5,1,15,-0.10308660817123544,-0.10308660817123544,0.1410968656014574,0,0.04313979615641528,low_score,0,0.310117
1184,scored_log,1778299400.470000,1778299402.490000,20538,20587,50,0.008201563730835915,0,benign,0.5,1,56,-0.1077269578366098,-0.1077269578366098,0.12452881082424148,0,0.04309973785885759,low_score,0,0.310117
115,scored_log,1778298989.262000,1778298989.273000,9848,9897,50,0.0010860188631340861,0,benign,0.5,1,15,-0.10308660817123544,-0.10308660817123544,0.1410968656014574,0,0.04308927288463109,low_score,0,0.310117
116,scored_log,1778298989.263000,1778298989.278000,9858,9907,50,0.0010441889753565192,0,benign,0.5,1,15,-0.10308660817123544,-0.10308660817123544,0.1410968656014574,0,0.04305999196318679,low_score,0,0.310117
910,scored_log,1778299318.560000,1778299318.577000,17798,17847,50,0.000415786198573187,0,benign,0.5,1,48,-0.10271044991596129,-0.10271044991596129,0.1424399132223701,0,0.04302302430571227,low_score,0,0.310117
113,scored_log,1778298989.255000,1778298989.266000,9828,9877,50,0.0009260878432542086,0,benign,0.5,1,15,-0.10308660817123544,-0.10308660817123544,0.1410968656014574,0,0.04297732117071518,low_score,0,0.310117
885,scored_log,1778299314.504000,1778299314.543000,17548,17597,50,0.00031985610257834196,0,benign,0.5,1,48,-0.10271044991596129,-0.10271044991596129,0.1424399132223701,0,0.04295587323851588,low_score,0,0.310117
1174,scored_log,1778299395.200000,1778299397.213000,20438,20487,50,0.007952351123094559,0,benign,0.5,1,56,-0.1077269578366098,-0.1077269578366098,0.12452881082424148,0,0.04292528903343864,low_score,0,0.310117
117,scored_log,1778298989.266000,1778298989.282000,9868,9917,50,0.0008009570883587003,0,benign,0.5,1,15,-0.10308660817123544,-0.10308660817123544,0.1410968656014574,0,0.04288972964228832,low_score,0,0.310117
875,scored_log,1778299314.434000,1778299314.462000,17448,17497,50,0.00018397111853118986,0,benign,0.5,1,48,-0.10271044991596129,-0.10271044991596129,0.1424399132223701,0,0.04286075374968287,low_score,0,0.310117
827,scored_log,1778299289.067000,1778299291.085000,16968,17017,50,0.0006602702778764069,0,benign,0.5,1,45,-0.10302769913947502,-0.10302769913947502,0.14130719631691238,0,0.042854348089587206,low_score,0,0.310117
876,scored_log,1778299314.434000,1778299314.470000,17458,17507,50,0.00017198298883158714,0,benign,0.5,1,48,-0.10271044991596129,-0.10271044991596129,0.1424399132223701,0,0.042852362058893145,low_score,0,0.310117
877,scored_log,1778299314.436000,1778299314.478000,17468,17517,50,0.00016527081606909633,0,benign,0.5,1,48,-0.10271044991596129,-0.10271044991596129,0.1424399132223701,0,0.04284766353795941,low_score,0,0.310117
883,scored_log,1778299314.488000,1778299314.528000,17528,17577,50,0.00016469032561872154,0,benign,0.5,1,48,-0.10271044991596129,-0.10271044991596129,0.1424399132223701,0,0.04284725719464414,low_score,0,0.310117
880,scored_log,1778299314.463000,1778299314.503000,17498,17547,50,0.00016462030180264264,0,benign,0.5,1,48,-0.10271044991596129,-0.10271044991596129,0.1424399132223701,0,0.042847208177972884,low_score,0,0.310117
879,scored_log,1778299314.454000,1778299314.495000,17488,17537,50,0.0001645153242861852,0,benign,0.5,1,48,-0.10271044991596129,-0.10271044991596129,0.1424399132223701,0,0.04284713469371137,low_score,0,0.310117
884,scored_log,1778299314.496000,1778299314.536000,17538,17587,50,0.00016450826660729945,0,benign,0.5,1,48,-0.10271044991596129,-0.10271044991596129,0.1424399132223701,0,0.04284712975333615,low_score,0,0.310117
882,scored_log,1778299314.479000,1778299314.520000,17518,17567,50,0.00016450733528472483,0,benign,0.5,1,48,-0.10271044991596129,-0.10271044991596129,0.1424399132223701,0,0.04284712910141034,low_score,0,0.310117
881,scored_log,1778299314.471000,1778299314.512000,17508,17557,50,0.00016433079144917428,0,benign,0.5,1,48,-0.10271044991596129,-0.10271044991596129,0.1424399132223701,0,0.042847005520725456,low_score,0,0.310117
878,scored_log,1778299314.446000,1778299314.487000,17478,17527,50,0.00016428051458206028,0,benign,0.5,1,48,-0.10271044991596129,-0.10271044991596129,0.1424399132223701,0,0.042846970326918477,low_score,0,0.310117
119,scored_log,1778298989.268000,1778298989.289000,9888,9937,50,0.0007127264398150146,0,benign,0.5,1,15,-0.10308660817123544,-0.10308660817123544,0.1410968656014574,0,0.04282796818830774,low_score,0,0.310117
803,scored_log,1778299283.034000,1778299286.049000,16728,16777,50,0.0005720447516068816,0,benign,0.5,2,44|45,-0.10302769913947502,-0.10954794848871702,0.14130719631691238,0,0.04279259022119854,low_score,0,0.310117
114,scored_log,1778298989.256000,1778298989.268000,9838,9887,50,0.0006562771159224212,0,benign,0.5,1,15,-0.10308660817123544,-0.10308660817123544,0.1410968656014574,0,0.042788453661582924,low_score,0,0.310117
1177,scored_log,1778299395.205000,1778299397.341000,20468,20517,50,0.0077228182926774025,0,benign,0.5,1,56,-0.1077269578366098,-0.1077269578366098,0.12452881082424148,0,0.04276461605214663,low_score,0,0.310117
106,scored_log,1778298986.221000,1778298988.247000,9758,9807,50,0.00048033910570666194,0,benign,0.5,1,15,-0.10308660817123544,-0.10308660817123544,0.1410968656014574,0,0.042665297054431894,low_score,0,0.310117
816,scored_log,1778299286.049000,1778299286.053000,16858,16907,50,0.0003094046260230243,0,benign,0.5,1,45,-0.10302769913947502,-0.10302769913947502,0.14130719631691238,0,0.04260874213328984,low_score,0,0.310117
817,scored_log,1778299286.052000,1778299286.053000,16868,16917,50,0.00030940346186980605,0,benign,0.5,1,45,-0.10302769913947502,-0.10302769913947502,0.14130719631691238,0,0.04260874131838259,low_score,0,0.310117
808,scored_log,1778299286.049000,1778299286.049000,16778,16827,50,0.0003094028797931969,0,benign,0.5,1,45,-0.10302769913947502,-0.10302769913947502,0.14130719631691238,0,0.04260874091092896,low_score,0,0.310117
809,scored_log,1778299286.049000,1778299286.049000,16788,16837,50,0.0003094028797931969,0,benign,0.5,1,45,-0.10302769913947502,-0.10302769913947502,0.14130719631691238,0,0.04260874091092896,low_score,0,0.310117
810,scored_log,1778299286.049000,1778299286.049000,16798,16847,50,0.0003094028797931969,0,benign,0.5,1,45,-0.10302769913947502,-0.10302769913947502,0.14130719631691238,0,0.04260874091092896,low_score,0,0.310117
811,scored_log,1778299286.049000,1778299286.049000,16808,16857,50,0.0003094028797931969,0,benign,0.5,1,45,-0.10302769913947502,-0.10302769913947502,0.14130719631691238,0,0.04260874091092896,low_score,0,0.310117
815,scored_log,1778299286.049000,1778299286.053000,16848,16897,50,0.0003094022977165878,0,benign,0.5,1,45,-0.10302769913947502,-0.10302769913947502,0.14130719631691238,0,0.04260874050347534,low_score,0,0.310117
812,scored_log,1778299286.049000,1778299286.052000,16818,16867,50,0.00030940197757445276,0,benign,0.5,1,45,-0.10302769913947502,-0.10302769913947502,0.14130719631691238,0,0.04260874027937584,low_score,0,0.310117
814,scored_log,1778299286.049000,1778299286.053000,16838,16887,50,0.0003094002022407949,0,benign,0.5,1,45,-0.10302769913947502,-0.10302769913947502,0.14130719631691238,0,0.04260873903664228,low_score,0,0.310117
813,scored_log,1778299286.049000,1778299286.052000,16828,16877,50,0.0003093981649726629,0,benign,0.5,1,45,-0.10302769913947502,-0.10302769913947502,0.14130719631691238,0,0.04260873761055459,low_score,0,0.310117
807,scored_log,1778299286.047000,1778299286.049000,16768,16817,50,0.00030617506126873195,0,benign,0.5,1,45,-0.10302769913947502,-0.10302769913947502,0.14130719631691238,0,0.042606481437961835,low_score,0,0.310117
1663,scored_log,1778299554.875000,1778299556.898000,25328,25377,50,0.0026687460485845804,0,benign,0.5,1,72,-0.10457679005021342,-0.10457679005021342,0.13577627194379607,0,0.042601003817148035,low_score,0,0.310117
806,scored_log,1778299286.045000,1778299286.049000,16758,16807,50,0.00029663846362382174,0,benign,0.5,1,45,-0.10302769913947502,-0.10302769913947502,0.14130719631691238,0,0.0425998058196104,low_score,0,0.310117
804,scored_log,1778299283.041000,1778299286.049000,16738,16787,50,0.00029445390100590885,0,benign,0.5,2,44|45,-0.10302769913947502,-0.10954794848871702,0.14130719631691238,0,0.04259827662577786,low_score,0,0.310117
805,scored_log,1778299286.045000,1778299286.049000,16748,16797,50,0.00028954321169294417,0,benign,0.5,1,45,-0.10302769913947502,-0.10302769913947502,0.14130719631691238,0,0.04259483914325878,low_score,0,0.310117
818,scored_log,1778299286.052000,1778299286.058000,16878,16927,50,0.00014041221584193408,0,benign,0.5,1,45,-0.10302769913947502,-0.10302769913947502,0.14130719631691238,0,0.04249044744616308,low_score,0,0.310117
1670,scored_log,1778299559.987000,1778299567.109000,25398,25447,50,0.002181568183004856,0,benign,0.5,2,72|73,-0.10457679005021342,-0.1184793392061381,0.13577627194379607,0,0.04225997931124223,low_score,0,0.310117
1322,scored_log,1778299441.537000,1778299444.568000,21918,21967,50,0.0017415373586118221,0,benign,0.5,2,60|61,-0.10429526762625246,-0.12345001045985951,0.13678142872670057,0,0.04225350476903845,low_score,0,0.310117
1664,scored_log,1778299554.884000,1778299556.912000,25338,25387,50,0.001950887031853199,0,benign,0.5,1,72,-0.10457679005021342,-0.10457679005021342,0.13577627194379607,0,0.042098502505436064,low_score,0,0.310117
1319,scored_log,1778299438.533000,1778299444.564000,21888,21937,50,0.0014790897257626057,0,benign,0.5,2,60|61,-0.10429526762625246,-0.12345001045985951,0.13678142872670057,0,0.042069791426044,low_score,0,0.310117
1669,scored_log,1778299556.912000,1778299561.094000,25388,25437,50,0.0016297216061502695,0,benign,0.5,1,72,-0.10457679005021342,-0.10457679005021342,0.13577627194379607,0,0.04187368670744401,low_score,0,0.310117
1187,scored_log,1778299400.479000,1778299402.608000,20568,20617,50,0.006126479245722294,0,benign,0.5,1,56,-0.1077269578366098,-0.1077269578366098,0.12452881082424148,0,0.041647178719278054,low_score,0,0.310117
1278,scored_log,1778299435.396000,1778299438.417000,21478,21527,50,0.0008060751715674996,0,benign,0.5,1,60,-0.10429526762625246,-0.10429526762625246,0.13678142872670057,0,0.04159868123810743,low_score,0,0.310117
1295,scored_log,1778299438.522000,1778299438.525000,21648,21697,50,0.0007185389986261725,0,benign,0.5,1,60,-0.10429526762625246,-0.10429526762625246,0.13678142872670057,0,0.0415374059170485,low_score,0,0.310117
1298,scored_log,1778299438.525000,1778299438.525000,21678,21727,50,0.0007176767103374004,0,benign,0.5,1,60,-0.10429526762625246,-0.10429526762625246,0.13678142872670057,0,0.041536802315246354,low_score,0,0.310117
1299,scored_log,1778299438.525000,1778299438.525000,21688,21737,50,0.0007176767103374004,0,benign,0.5,1,60,-0.10429526762625246,-0.10429526762625246,0.13678142872670057,0,0.041536802315246354,low_score,0,0.310117
1300,scored_log,1778299438.525000,1778299438.525000,21698,21747,50,0.0007176767103374004,0,benign,0.5,1,60,-0.10429526762625246,-0.10429526762625246,0.13678142872670057,0,0.041536802315246354,low_score,0,0.310117
1309,scored_log,1778299438.529000,1778299438.529000,21788,21837,50,0.0007176767103374004,0,benign,0.5,1,60,-0.10429526762625246,-0.10429526762625246,0.13678142872670057,0,0.041536802315246354,low_score,0,0.310117
1310,scored_log,1778299438.529000,1778299438.529000,21798,21847,50,0.0007176767103374004,0,benign,0.5,1,60,-0.10429526762625246,-0.10429526762625246,0.13678142872670057,0,0.041536802315246354,low_score,0,0.310117
1311,scored_log,1778299438.529000,1778299438.529000,21808,21857,50,0.0007176767103374004,0,benign,0.5,1,60,-0.10429526762625246,-0.10429526762625246,0.13678142872670057,0,0.041536802315246354,low_score,0,0.310117
1312,scored_log,1778299438.529000,1778299438.529000,21818,21867,50,0.0007176767103374004,0,benign,0.5,1,60,-0.10429526762625246,-0.10429526762625246,0.13678142872670057,0,0.041536802315246354,low_score,0,0.310117
1308,scored_log,1778299438.527000,1778299438.529000,21778,21827,50,0.0007176329963840544,0,benign,0.5,1,60,-0.10429526762625246,-0.10429526762625246,0.13678142872670057,0,0.041536771715479016,low_score,0,0.310117
1297,scored_log,1778299438.523000,1778299438.525000,21668,21717,50,0.0007176210056059062,0,benign,0.5,1,60,-0.10429526762625246,-0.10429526762625246,0.13678142872670057,0,0.04153676332193431,low_score,0,0.310117
1307,scored_log,1778299438.527000,1778299438.529000,21768,21817,50,0.0007175926002673805,0,benign,0.5,1,60,-0.10429526762625246,-0.10429526762625246,0.13678142872670057,0,0.04153674343819734,low_score,0,0.310117
1296,scored_log,1778299438.523000,1778299438.525000,21658,21707,50,0.0007175796781666577,0,benign,0.5,1,60,-0.10429526762625246,-0.10429526762625246,0.13678142872670057,0,0.041536734392726836,low_score,0,0.310117
1306,scored_log,1778299438.527000,1778299438.529000,21758,21807,50,0.0007175437058322132,0,benign,0.5,1,60,-0.10429526762625246,-0.10429526762625246,0.13678142872670057,0,0.04153670921209272,low_score,0,0.310117
1303,scored_log,1778299438.525000,1778299438.527000,21728,21777,50,0.0007175331702455878,0,benign,0.5,1,60,-0.10429526762625246,-0.10429526762625246,0.13678142872670057,0,0.04153670183718209,low_score,0,0.310117
1302,scored_log,1778299438.525000,1778299438.527000,21718,21767,50,0.0007174541824497283,0,benign,0.5,1,60,-0.10429526762625246,-0.10429526762625246,0.13678142872670057,0,0.04153664654572498,low_score,0,0.310117
1315,scored_log,1778299438.529000,1778299438.533000,21848,21897,50,0.0007174299098551273,0,benign,0.5,1,60,-0.10429526762625246,-0.10429526762625246,0.13678142872670057,0,0.04153662955490876,low_score,0,0.310117
1305,scored_log,1778299438.525000,1778299438.529000,21748,21797,50,0.0007174203055910766,0,benign,0.5,1,60,-0.10429526762625246,-0.10429526762625246,0.13678142872670057,0,0.04153662283192393,low_score,0,0.310117
1314,scored_log,1778299438.529000,1778299438.533000,21838,21887,50,0.000717298302333802,0,benign,0.5,1,60,-0.10429526762625246,-0.10429526762625246,0.13678142872670057,0,0.04153653742964384,low_score,0,0.310117
1304,scored_log,1778299438.525000,1778299438.529000,21738,21787,50,0.0007171701290644705,0,benign,0.5,1,60,-0.10429526762625246,-0.10429526762625246,0.13678142872670057,0,0.0415364477083553,low_score,0,0.310117
1301,scored_log,1778299438.525000,1778299438.527000,21708,21757,50,0.0007171633187681437,0,benign,0.5,1,60,-0.10429526762625246,-0.10429526762625246,0.13678142872670057,0,0.041536442941147875,low_score,0,0.310117
1313,scored_log,1778299438.529000,1778299438.533000,21828,21877,50,0.0007169753662310541,0,benign,0.5,1,60,-0.10429526762625246,-0.10429526762625246,0.13678142872670057,0,0.041536311374371915,low_score,0,0.310117
1294,scored_log,1778299438.513000,1778299438.525000,21638,21687,50,0.0007122701499611139,0,benign,0.5,1,60,-0.10429526762625246,-0.10429526762625246,0.13678142872670057,0,0.04153301772298296,low_score,0,0.310117
1293,scored_log,1778299438.504000,1778299438.525000,21628,21677,50,0.0006972056580707431,0,benign,0.5,1,60,-0.10429526762625246,-0.10429526762625246,0.13678142872670057,0,0.041522472578659694,low_score,0,0.310117
1292,scored_log,1778299438.496000,1778299438.523000,21618,21667,50,0.0006530454847961664,0,benign,0.5,1,60,-0.10429526762625246,-0.10429526762625246,0.13678142872670057,0,0.041491560457367495,low_score,0,0.310117
1291,scored_log,1778299438.489000,1778299438.523000,21608,21657,50,0.0004933016025461257,0,benign,0.5,1,60,-0.10429526762625246,-0.10429526762625246,0.13678142872670057,0,0.04137973973979246,low_score,0,0.310117
1279,scored_log,1778299435.402000,1778299438.425000,21488,21537,50,0.0004325155750848353,0,benign,0.5,1,60,-0.10429526762625246,-0.10429526762625246,0.13678142872670057,0,0.04133718952056956,low_score,0,0.310117
1280,scored_log,1778299438.410000,1778299438.434000,21498,21547,50,0.0003900750889442861,0,benign,0.5,1,60,-0.10429526762625246,-0.10429526762625246,0.13678142872670057,0,0.04130748118027117,low_score,0,0.310117
1281,scored_log,1778299438.410000,1778299438.442000,21508,21557,50,0.00035975873470306396,0,benign,0.5,1,60,-0.10429526762625246,-0.10429526762625246,0.13678142872670057,0,0.04128625973230232,low_score,0,0.310117
1282,scored_log,1778299438.412000,1778299438.451000,21518,21567,50,0.00034492454142309725,0,benign,0.5,1,60,-0.10429526762625246,-0.10429526762625246,0.13678142872670057,0,0.041275875797006346,low_score,0,0.310117
1290,scored_log,1778299438.481000,1778299438.520000,21598,21647,50,0.0003429758071433753,0,benign,0.5,1,60,-0.10429526762625246,-0.10429526762625246,0.13678142872670057,0,0.04127451168301054,low_score,0,0.310117
1287,scored_log,1778299438.451000,1778299438.496000,21568,21617,50,0.0003429463831707835,0,benign,0.5,1,60,-0.10429526762625246,-0.10429526762625246,0.13678142872670057,0,0.04127449108622972,low_score,0,0.310117
1288,scored_log,1778299438.461000,1778299438.504000,21578,21627,50,0.00034269801108166575,0,benign,0.5,1,60,-0.10429526762625246,-0.10429526762625246,0.13678142872670057,0,0.04127431722576734,low_score,0,0.310117
1284,scored_log,1778299438.425000,1778299438.471000,21538,21587,50,0.00034190696896985173,0,benign,0.5,1,60,-0.10429526762625246,-0.10429526762625246,0.13678142872670057,0,0.04127376349628907,low_score,0,0.310117
1286,scored_log,1778299438.442000,1778299438.489000,21558,21607,50,0.0003417974803596735,0,benign,0.5,1,60,-0.10429526762625246,-0.10429526762625246,0.13678142872670057,0,0.04127368685426195,low_score,0,0.310117
1289,scored_log,1778299438.471000,1778299438.513000,21588,21637,50,0.00034159483038820326,0,benign,0.5,1,60,-0.10429526762625246,-0.10429526762625246,0.13678142872670057,0,0.041273544999281916,low_score,0,0.310117
1283,scored_log,1778299438.418000,1778299438.461000,21528,21577,50,0.0003415056271478534,0,benign,0.5,1,60,-0.10429526762625246,-0.10429526762625246,0.13678142872670057,0,0.04127348255701367,low_score,0,0.310117
1285,scored_log,1778299438.434000,1778299438.480000,21548,21597,50,0.00034123583463951945,0,benign,0.5,1,60,-0.10429526762625246,-0.10429526762625246,0.13678142872670057,0,0.04127329370225784,low_score,0,0.310117
1659,scored_log,1778299554.868000,1778299554.878000,25288,25337,50,0.000685930484905839,0,benign,0.5,1,72,-0.10457679005021342,-0.10457679005021342,0.13577627194379607,0,0.04121303292257292,low_score,0,0.310117
1665,scored_log,1778299556.891000,1778299559.987000,25348,25397,50,0.0006291454774327576,0,benign,0.5,1,72,-0.10457679005021342,-0.10457679005021342,0.13577627194379607,0,0.041173283417341756,low_score,0,0.310117
1660,scored_log,1778299554.870000,1778299556.890000,25298,25347,50,0.0005927808815613389,0,benign,0.5,1,72,-0.10457679005021342,-0.10457679005021342,0.13577627194379607,0,0.041147828200231766,low_score,0,0.310117
781,scored_log,1778299268.701000,1778299274.733000,16508,16557,50,0.018130246549844742,0,benign,0.5,2,43|44,-0.11606819783795902,-0.12250194769550321,0.09474697729486896,0,0.04111526577335201,low_score,0,0.310117
1671,scored_log,1778299561.091000,1778299567.116000,25408,25457,50,0.00042375261546112597,0,benign,0.5,2,72|73,-0.10457679005021342,-0.1184793392061381,0.13577627194379607,0,0.041029508413961614,low_score,0,0.310117
2104,scored_log,1778299668.801000,1778299671.823000,29738,29787,50,0.014142205938696861,0,benign,0.5,1,83,-0.11434926011705976,-0.11434926011705976,0.10088432822145782,0,0.040164842623525154,low_score,0,0.310117
163,scored_log,1778299004.985000,1778299010.012000,10328,10377,50,0.008358845487236977,0,benign,0.5,1,17,-0.11091185457402997,-0.11091185457402997,0.11315735233284853,0,0.03979839754092045,low_score,0,0.310117
2103,scored_log,1778299668.795000,1778299671.821000,29728,29777,50,0.012416812591254711,0,benign,0.5,1,83,-0.11434926011705976,-0.11434926011705976,0.10088432822145782,0,0.038957067280315644,low_score,0,0.310117
445,scored_log,1778299132.676000,1778299136.694000,13148,13197,50,0.013682011514902115,0,benign,0.5,2,29|30,-0.11524411017529673,-0.12215575350529992,0.09768932658334982,0,0.03888420603543643,low_score,0,0.310117
1045,scored_log,1778299359.630000,1778299366.645000,19148,19197,50,0.018151504918932915,0,benign,0.5,2,52|53,-0.11831049317325493,-0.11945574084205066,0.08674101338678462,0,0.03872835745928843,low_score,0,0.310117
780,scored_log,1778299265.693000,1778299274.733000,16498,16547,50,0.014558698050677776,0,benign,0.5,2,43|44,-0.11606819783795902,-0.12250194769550321,0.09474697729486896,0,0.038615181823935134,low_score,0,0.310117
2092,scored_log,1778299665.737000,1778299667.763000,29618,29667,50,0.011809635907411575,0,benign,0.5,1,83,-0.11434926011705976,-0.11434926011705976,0.10088432822145782,0,0.03853204360162545,low_score,0,0.310117
162,scored_log,1778299004.980000,1778299010.011000,10318,10367,50,0.0065103149972856045,0,benign,0.5,1,17,-0.11091185457402997,-0.11091185457402997,0.11315735233284853,0,0.03850442619795449,low_score,0,0.310117
1191,scored_log,1778299402.494000,1778299409.742000,20608,20657,50,0.0014907908625900745,0,benign,0.5,2,56|57,-0.1077269578366098,-0.11580557748147002,0.12452881082424148,0,0.0384021968510855,low_score,0,0.310117
783,scored_log,1778299274.727000,1778299274.737000,16528,16577,50,0.014205261133611202,0,benign,0.5,1,44,-0.11606819783795902,-0.11606819783795902,0.09474697729486896,0,0.03836777598198853,low_score,0,0.310117
2096,scored_log,1778299667.762000,1778299668.781000,29658,29707,50,0.011457563377916813,0,benign,0.5,1,83,-0.11434926011705976,-0.11434926011705976,0.10088432822145782,0,0.03828559283097912,low_score,0,0.310117
1188,scored_log,1778299402.490000,1778299406.734000,20578,20627,50,0.001279470743611455,0,benign,0.5,2,56|57,-0.1077269578366098,-0.11580557748147002,0.12452881082424148,0,0.03825427276780047,low_score,0,0.310117
1171,scored_log,1778299395.188000,1778299395.205000,20408,20457,50,0.0011704135686159134,0,benign,0.5,1,56,-0.1077269578366098,-0.1077269578366098,0.12452881082424148,0,0.03817793274530359,low_score,0,0.310117
1168,scored_log,1778299395.184000,1778299395.192000,20378,20427,50,0.001127604627981782,0,benign,0.5,1,56,-0.1077269578366098,-0.1077269578366098,0.12452881082424148,0,0.0381479664868597,low_score,0,0.310117
2091,scored_log,1778299665.737000,1778299667.762000,29608,29657,50,0.011200119741261005,0,benign,0.5,1,83,-0.11434926011705976,-0.11434926011705976,0.10088432822145782,0,0.03810538228532005,low_score,0,0.310117
444,scored_log,1778299132.675000,1778299136.692000,13138,13187,50,0.012482262216508389,0,benign,0.5,2,29|30,-0.11524411017529673,-0.12215575350529992,0.09768932658334982,0,0.038044381526560825,low_score,0,0.310117
1176,scored_log,1778299395.205000,1778299397.216000,20458,20507,50,0.0009666626574471593,0,benign,0.5,1,56,-0.1077269578366098,-0.1077269578366098,0.12452881082424148,0,0.03803530710748546,low_score,0,0.310117
1186,scored_log,1778299400.475000,1778299402.492000,20558,20607,50,0.0009355525253340602,0,benign,0.5,1,56,-0.1077269578366098,-0.1077269578366098,0.12452881082424148,0,0.03801353001500629,low_score,0,0.310117
1167,scored_log,1778299395.179000,1778299395.189000,20368,20417,50,0.0009229224524460733,0,benign,0.5,1,56,-0.1077269578366098,-0.1077269578366098,0.12452881082424148,0,0.0380046889639847,low_score,0,0.310117
1166,scored_log,1778299395.179000,1778299395.188000,20358,20407,50,0.0009201180655509233,0,benign,0.5,1,56,-0.1077269578366098,-0.1077269578366098,0.12452881082424148,0,0.0380027258931581,low_score,0,0.310117
1181,scored_log,1778299397.219000,1778299400.472000,20508,20557,50,0.000819110544398427,0,benign,0.5,1,56,-0.1077269578366098,-0.1077269578366098,0.12452881082424148,0,0.03793202062835135,low_score,0,0.310117
1165,scored_log,1778299395.179000,1778299395.186000,20348,20397,50,0.0007977331406436861,0,benign,0.5,1,56,-0.1077269578366098,-0.1077269578366098,0.12452881082424148,0,0.03791705644572303,low_score,0,0.310117
1172,scored_log,1778299395.189000,1778299395.205000,20418,20467,50,0.0007480874774046242,0,benign,0.5,1,56,-0.1077269578366098,-0.1077269578366098,0.12452881082424148,0,0.037882304481455686,low_score,0,0.310117
1182,scored_log,1778299397.341000,1778299400.479000,20518,20567,50,0.0006860282155685127,0,benign,0.5,1,56,-0.1077269578366098,-0.1077269578366098,0.12452881082424148,0,0.03783886299817041,low_score,0,0.310117
1170,scored_log,1778299395.186000,1778299395.203000,20398,20447,50,0.000683397171087563,0,benign,0.5,1,56,-0.1077269578366098,-0.1077269578366098,0.12452881082424148,0,0.03783702126703374,low_score,0,0.310117
1183,scored_log,1778299400.470000,1778299402.488000,20528,20577,50,0.0006364419823512435,0,benign,0.5,1,56,-0.1077269578366098,-0.1077269578366098,0.12452881082424148,0,0.03780415263491832,low_score,0,0.310117
2095,scored_log,1778299667.762000,1778299668.779000,29648,29697,50,0.010731113143265247,0,benign,0.5,1,83,-0.11434926011705976,-0.11434926011705976,0.10088432822145782,0,0.03777707766672302,low_score,0,0.310117
1173,scored_log,1778299395.192000,1778299397.211000,20428,20477,50,0.0005459391977638006,0,benign,0.5,1,56,-0.1077269578366098,-0.1077269578366098,0.12452881082424148,0,0.03774080068570711,low_score,0,0.310117
2102,scored_log,1778299668.788000,1778299671.821000,29718,29767,50,0.010636718012392521,0,benign,0.5,1,83,-0.11434926011705976,-0.11434926011705976,0.10088432822145782,0,0.03771100107511211,low_score,0,0.310117
1169,scored_log,1778299395.186000,1778299395.198000,20388,20437,50,0.00046604950330220163,0,benign,0.5,1,56,-0.1077269578366098,-0.1077269578366098,0.12452881082424148,0,0.03768487789958399,low_score,0,0.310117
1178,scored_log,1778299397.212000,1778299400.469000,20478,20527,50,0.00034408768988214433,0,benign,0.5,1,56,-0.1077269578366098,-0.1077269578366098,0.12452881082424148,0,0.03759950463018995,low_score,0,0.310117
2090,scored_log,1778299665.736000,1778299667.762000,29598,29647,50,0.01021804939955473,0,benign,0.5,1,83,-0.11434926011705976,-0.11434926011705976,0.10088432822145782,0,0.03741793304612566,low_score,0,0.310117
443,scored_log,1778299132.675000,1778299136.692000,13128,13177,50,0.011332929134368896,0,benign,0.5,2,29|30,-0.11524411017529673,-0.12215575350529992,0.09768932658334982,0,0.037239848369063175,low_score,0,0.310117
2094,scored_log,1778299666.750000,1778299668.779000,29638,29687,50,0.009432177059352398,0,benign,0.5,1,83,-0.11434926011705976,-0.11434926011705976,0.10088432822145782,0,0.03686782240798403,low_score,0,0.310117
419,scored_log,1778299122.608000,1778299125.619000,12888,12937,50,0.010185178369283676,0,benign,0.5,2,28|29,-0.11524411017529673,-0.11959173451300867,0.09768932658334982,0,0.036436422833503526,low_score,0,0.310117
786,scored_log,1778299274.733000,1778299279.978000,16558,16607,50,0.011314639821648598,0,benign,0.5,1,44,-0.11606819783795902,-0.11606819783795902,0.09474697729486896,0,0.03634434106361471,low_score,0,0.310117
435,scored_log,1778299127.633000,1778299130.655000,13048,13097,50,0.009489594027400017,0,benign,0.5,1,29,-0.11524411017529673,-0.11524411017529673,0.09768932658334982,0,0.03594951379418496,low_score,0,0.310117
440,scored_log,1778299130.656000,1778299132.675000,13098,13147,50,0.009193841367959976,0,benign,0.5,1,29,-0.11524411017529673,-0.11524411017529673,0.09768932658334982,0,0.035742486932576936,low_score,0,0.310117
430,scored_log,1778299125.621000,1778299127.633000,12998,13047,50,0.009177722968161106,0,benign,0.5,1,29,-0.11524411017529673,-0.11524411017529673,0.09768932658334982,0,0.03573120405271772,low_score,0,0.310117
2169,scored_log,1778299685.999000,1778299686.006000,30388,30437,50,0.021247144788503647,0,benign,0.5,1,85,-0.1232152650207814,-0.1232152650207814,0.06922885708400969,0,0.03564165847715546,low_score,0,0.310117
1044,scored_log,1778299359.615000,1778299366.645000,19138,19187,50,0.013728729449212551,0,benign,0.5,2,52|53,-0.11831049317325493,-0.11945574084205066,0.08674101338678462,0,0.03563241463048418,low_score,0,0.310117
164,scored_log,1778299004.993000,1778299010.014000,10338,10387,50,0.0023270761594176292,0,benign,0.5,1,17,-0.11091185457402997,-0.11091185457402997,0.11315735233284853,0,0.0355761590114469,low_score,0,0.310117
1430,scored_log,1778299483.391000,1778299485.404000,22998,23047,50,0.010665977373719215,0,benign,0.5,2,64|65,-0.11647578510656714,-0.1251656287577849,0.09329171450655269,0,0.03545369851356926,low_score,0,0.310117
1442,scored_log,1778299487.452000,1778299492.634000,23118,23167,50,0.010635949671268463,0,benign,0.5,1,65,-0.11647578510656714,-0.11647578510656714,0.09329171450655269,0,0.03543267912185373,low_score,0,0.310117
418,scored_log,1778299122.604000,1778299125.618000,12878,12927,50,0.008707151748239994,0,benign,0.5,2,28|29,-0.11524411017529673,-0.11959173451300867,0.09768932658334982,0,0.035401804198772945,low_score,0,0.310117
434,scored_log,1778299127.633000,1778299130.655000,13038,13087,50,0.008683428168296814,0,benign,0.5,1,29,-0.11524411017529673,-0.11524411017529673,0.09768932658334982,0,0.03538519769281272,low_score,0,0.310117
1441,scored_log,1778299487.425000,1778299492.632000,23108,23157,50,0.01025419495999813,0,benign,0.5,1,65,-0.11647578510656714,-0.11647578510656714,0.09329171450655269,0,0.0351654508239645,low_score,0,0.310117
785,scored_log,1778299274.733000,1778299279.978000,16548,16597,50,0.00957805011421442,0,benign,0.5,1,44,-0.11606819783795902,-0.11606819783795902,0.09474697729486896,0,0.035128728268410785,low_score,0,0.310117
439,scored_log,1778299130.655000,1778299132.675000,13088,13137,50,0.008268723264336586,0,benign,0.5,1,29,-0.11524411017529673,-0.11524411017529673,0.09768932658334982,0,0.03509490426004056,low_score,0,0.310117
1193,scored_log,1778299409.738000,1778299409.745000,20628,20677,50,0.02125675417482853,0,benign,0.5,1,57,-0.12388419712633025,-0.12388419712633025,0.0668404802231729,0,0.03493187198933184,low_score,0,0.310117
1046,scored_log,1778299366.641000,1778299366.647000,19158,19207,50,0.015683533623814583,0,benign,0.5,1,53,-0.12060098851084639,-0.12060098851084639,0.07856295462898377,0,0.03454735992536534,low_score,0,0.310117
778,scored_log,1778299265.689000,1778299274.727000,16478,16527,50,0.008561378344893456,0,benign,0.5,2,43|44,-0.11606819783795902,-0.12250194769550321,0.09474697729486896,0,0.03441705802988611,low_score,0,0.310117
791,scored_log,1778299279.978000,1778299281.996000,16608,16657,50,0.008352014236152172,0,benign,0.5,1,44,-0.11606819783795902,-0.11606819783795902,0.09474697729486896,0,0.034270503153767215,low_score,0,0.310117
159,scored_log,1778299003.872000,1778299004.992000,10288,10337,50,0.00040698956581763923,0,benign,0.5,1,17,-0.11091185457402997,-0.11091185457402997,0.11315735233284853,0,0.03423209839592691,low_score,0,0.310117
160,scored_log,1778299004.978000,1778299007.002000,10298,10347,50,0.0003692775790113956,0,benign,0.5,1,17,-0.11091185457402997,-0.11091185457402997,0.11315735233284853,0,0.03420570000516254,low_score,0,0.310117
165,scored_log,1778299007.003000,1778299011.021000,10348,10397,50,0.00031807139748707414,0,benign,0.5,1,17,-0.11091185457402997,-0.11091185457402997,0.11315735233284853,0,0.034169855678095516,low_score,0,0.310117
1436,scored_log,1778299485.406000,1778299487.425000,23058,23107,50,0.008676351048052311,0,benign,0.5,1,65,-0.11647578510656714,-0.11647578510656714,0.09329171450655269,0,0.03406096008560243,low_score,0,0.310117
161,scored_log,1778299004.978000,1778299007.008000,10308,10357,50,0.0001591121981618926,0,benign,0.5,1,17,-0.11091185457402997,-0.11091185457402997,0.11315735233284853,0,0.03405858423856789,low_score,0,0.310117
1435,scored_log,1778299485.404000,1778299487.424000,23048,23097,50,0.00863850861787796,0,benign,0.5,1,65,-0.11647578510656714,-0.11647578510656714,0.09329171450655269,0,0.03403447038448038,low_score,0,0.310117
1440,scored_log,1778299487.424000,1778299492.632000,23098,23147,50,0.007973633706569672,0,benign,0.5,1,65,-0.11647578510656714,-0.11647578510656714,0.09329171450655269,0,0.033569057946564576,low_score,0,0.310117
1503,scored_log,1778299509.764000,1778299512.779000,23728,23777,50,0.010367970913648605,0,benign,0.5,1,67,-0.1181074768388799,-0.1181074768388799,0.0874658694840942,0,0.033497340484782284,low_score,0,0.310117
784,scored_log,1778299274.729000,1778299274.851000,16538,16587,50,0.00709978211671114,0,benign,0.5,1,44,-0.11606819783795902,-0.11606819783795902,0.09474697729486896,0,0.03339394067015849,low_score,0,0.310117
1535,scored_log,1778299512.788000,1778299515.799000,24048,24097,50,0.009665769524872303,0,benign,0.5,2,67|68,-0.1181074768388799,-0.12635055194083653,0.0874658694840942,0,0.03300579951263888,low_score,0,0.310117
1429,scored_log,1778299478.357000,1778299485.404000,22988,23037,50,0.007109049241989851,0,benign,0.5,2,64|65,-0.11647578510656714,-0.1251656287577849,0.09329171450655269,0,0.03296384882135871,low_score,0,0.310117
1502,scored_log,1778299509.764000,1778299512.779000,23718,23767,50,0.009508890099823475,0,benign,0.5,1,67,-0.1181074768388799,-0.1181074768388799,0.0874658694840942,0,0.0328959839151047,low_score,0,0.310117
400,scored_log,1778299119.379000,1778299119.387000,12698,12747,50,0.01839861087501049,0,benign,0.5,1,28,-0.1239393588507206,-0.1239393588507206,0.06664352901535238,0,0.03287208631711306,low_score,0,0.310117
417,scored_log,1778299122.601000,1778299125.618000,12868,12917,50,0.004761201795190573,0,benign,0.5,2,28|29,-0.11524411017529673,-0.11959173451300867,0.09768932658334982,0,0.03263963923163835,low_score,0,0.310117
777,scored_log,1778299265.688000,1778299274.727000,16468,16517,50,0.005889639258384705,0,benign,0.5,2,43|44,-0.11606819783795902,-0.12250194769550321,0.09474697729486896,0,0.03254684066932999,low_score,0,0.310117
1826,scored_log,1778299597.941000,1778299597.947000,26958,27007,50,0.019564608111977577,0,benign,0.5,1,76,-0.1250176138918171,-0.1250176138918171,0.06279369228472863,0,0.032533333363802895,low_score,0,0.310117
1434,scored_log,1778299485.404000,1778299487.424000,23038,23087,50,0.006445026956498623,0,benign,0.5,1,65,-0.11647578510656714,-0.11647578510656714,0.09329171450655269,0,0.032499033221514845,low_score,0,0.310117
1825,scored_log,1778299593.933000,1778299597.947000,26948,26997,50,0.019159287214279175,0,benign,0.5,1,76,-0.1250176138918171,-0.1250176138918171,0.06279369228472863,0,0.03224960873541401,low_score,0,0.310117
429,scored_log,1778299125.621000,1778299127.633000,12988,13037,50,0.004000101238489151,0,benign,0.5,1,29,-0.11524411017529673,-0.11524411017529673,0.09768932658334982,0,0.032106868841947356,low_score,0,0.310117
437,scored_log,1778299127.644000,1778299130.665000,13068,13117,50,0.0039018921088427305,0,benign,0.5,1,29,-0.11524411017529673,-0.11524411017529673,0.09768932658334982,0,0.03203812245119486,low_score,0,0.310117
276,scored_log,1778299064.453000,1778299068.488000,11458,11507,50,0.013089915737509727,0,benign,0.5,1,23,-0.1213001294778262,-0.1213001294778262,0.07606671907062681,0,0.03198295673744486,low_score,0,0.310117
284,scored_log,1778299068.507000,1778299069.524000,11538,11587,50,0.013008116744458675,0,benign,0.5,1,23,-0.1213001294778262,-0.1213001294778262,0.07606671907062681,0,0.03192569744230912,low_score,0,0.310117
798,scored_log,1778299282.001000,1778299283.033000,16678,16727,50,0.004921969026327133,0,benign,0.5,1,44,-0.11606819783795902,-0.11606819783795902,0.09474697729486896,0,0.031869471506889686,low_score,0,0.310117
1042,scored_log,1778299359.606000,1778299366.641000,19118,19167,50,0.008346395567059517,0,benign,0.5,2,52|53,-0.11831049317325493,-0.11945574084205066,0.08674101338678462,0,0.03186478091297705,low_score,0,0.310117
2097,scored_log,1778299667.763000,1778299668.788000,29668,29717,50,0.0018735165940597653,0,benign,0.5,1,83,-0.11434926011705976,-0.11434926011705976,0.10088432822145782,0,0.031576760082279186,low_score,0,0.310117
2100,scored_log,1778299668.779000,1778299668.807000,29698,29747,50,0.0017958191456273198,0,benign,0.5,1,83,-0.11434926011705976,-0.11434926011705976,0.10088432822145782,0,0.031522371868376475,low_score,0,0.310117
2101,scored_log,1778299668.781000,1778299668.814000,29708,29757,50,0.0017940924735739827,0,benign,0.5,1,83,-0.11434926011705976,-0.11434926011705976,0.10088432822145782,0,0.031521163197939135,low_score,0,0.310117
2099,scored_log,1778299668.779000,1778299668.801000,29688,29737,50,0.0017614354146644473,0,benign,0.5,1,83,-0.11434926011705976,-0.11434926011705976,0.10088432822145782,0,0.03149830325670246,low_score,0,0.310117
1038,scored_log,1778299356.488000,1778299359.608000,19078,19127,50,0.007813404314219952,0,benign,0.5,1,52,-0.11831049317325493,-0.11831049317325493,0.08674101338678462,0,0.031491687035989355,low_score,0,0.310117
986,scored_log,1778299337.866000,1778299342.038000,18558,18607,50,0.010694584809243679,0,benign,0.5,1,50,-0.12023344418510157,-0.12023344418510157,0.07987524679684216,0,0.03144878340552323,low_score,0,0.310117
2098,scored_log,1778299667.774000,1778299668.795000,29678,29727,50,0.0015321902465075254,0,benign,0.5,1,83,-0.11434926011705976,-0.11434926011705976,0.10088432822145782,0,0.03133783163899262,low_score,0,0.310117
1037,scored_log,1778299354.403000,1778299359.606000,19068,19117,50,0.007536666002124548,0,benign,0.5,1,52,-0.11831049317325493,-0.11831049317325493,0.08674101338678462,0,0.03129797021752258,low_score,0,0.310117
433,scored_log,1778299127.632000,1778299130.655000,13028,13077,50,0.0026880940422415733,0,benign,0.5,1,29,-0.11524411017529673,-0.11524411017529673,0.09768932658334982,0,0.031188463804574053,low_score,0,0.310117
980,scored_log,1778299333.816000,1778299337.858000,18498,18547,50,0.010284539312124252,0,benign,0.5,1,50,-0.12023344418510157,-0.12023344418510157,0.07987524679684216,0,0.031161751557539627,low_score,0,0.310117
985,scored_log,1778299337.858000,1778299342.036000,18548,18597,50,0.01018523145467043,0,benign,0.5,1,50,-0.12023344418510157,-0.12023344418510157,0.07987524679684216,0,0.03109223605732195,low_score,0,0.310117
1052,scored_log,1778299366.652000,1778299372.843000,19218,19267,50,0.010693213902413845,0,benign,0.5,1,53,-0.12060098851084639,-0.12060098851084639,0.07856295462898377,0,0.031054136120384827,low_score,0,0.310117
431,scored_log,1778299125.621000,1778299127.634000,13008,13057,50,0.0024774004705250263,0,benign,0.5,1,29,-0.11524411017529673,-0.11524411017529673,0.09768932658334982,0,0.03104097830437247,low_score,0,0.310117
1043,scored_log,1778299359.608000,1778299366.643000,19128,19177,50,0.00712745962664485,0,benign,0.5,2,52|53,-0.11831049317325493,-0.11945574084205066,0.08674101338678462,0,0.031011525754686787,low_score,0,0.310117
979,scored_log,1778299333.813000,1778299337.855000,18488,18537,50,0.00995292142033577,0,benign,0.5,1,50,-0.12023344418510157,-0.12023344418510157,0.07987524679684216,0,0.03092961903328769,low_score,0,0.310117
283,scored_log,1778299068.501000,1778299069.523000,11528,11577,50,0.011448579840362072,0,benign,0.5,1,23,-0.1213001294778262,-0.1213001294778262,0.07606671907062681,0,0.0308340216094415,low_score,0,0.310117
438,scored_log,1778299130.655000,1778299132.675000,13078,13127,50,0.002167393919080496,0,benign,0.5,1,29,-0.11524411017529673,-0.11524411017529673,0.09768932658334982,0,0.0308239737183613,low_score,0,0.310117
1051,scored_log,1778299366.647000,1778299372.841000,19208,19257,50,0.010283020325005054,0,benign,0.5,1,53,-0.12060098851084639,-0.12060098851084639,0.07856295462898377,0,0.030767000616198675,low_score,0,0.310117
2093,scored_log,1778299665.740000,1778299667.774000,29628,29677,50,0.0006782437558285892,0,benign,0.5,1,83,-0.11434926011705976,-0.11434926011705976,0.10088432822145782,0,0.030740069095517363,low_score,0,0.310117
2105,scored_log,1778299668.808000,1778299671.827000,29748,29797,50,0.0006403898587450385,0,benign,0.5,1,83,-0.11434926011705976,-0.11434926011705976,0.10088432822145782,0,0.030713571367558878,low_score,0,0.310117
782,scored_log,1778299274.727000,1778299274.734000,16518,16567,50,0.0031790335197001696,0,benign,0.5,1,44,-0.11606819783795902,-0.11606819783795902,0.09474697729486896,0,0.03064941665225081,low_score,0,0.310117
978,scored_log,1778299333.813000,1778299337.855000,18478,18527,50,0.009447657503187656,0,benign,0.5,1,50,-0.12023344418510157,-0.12023344418510157,0.07987524679684216,0,0.03057593429128401,low_score,0,0.310117
790,scored_log,1778299279.978000,1778299281.996000,16598,16647,50,0.0029686575289815664,0,benign,0.5,1,44,-0.11606819783795902,-0.11606819783795902,0.09474697729486896,0,0.030502153458747787,low_score,0,0.310117
446,scored_log,1778299132.679000,1778299136.705000,13158,13207,50,0.0017035144846886396,0,benign,0.5,2,29|30,-0.11524411017529673,-0.12215575350529992,0.09768932658334982,0,0.030499258114286998,low_score,0,0.310117
441,scored_log,1778299130.660000,1778299132.679000,13108,13157,50,0.001241212128661573,0,benign,0.5,1,29,-0.11524411017529673,-0.11524411017529673,0.09768932658334982,0,0.03017564646506805,low_score,0,0.310117
275,scored_log,1778299064.451000,1778299068.486000,11448,11497,50,0.010274064727127552,0,benign,0.5,1,23,-0.1213001294778262,-0.1213001294778262,0.07606671907062681,0,0.030011861030177334,low_score,0,0.310117
282,scored_log,1778299068.495000,1778299069.523000,11518,11567,50,0.010266920551657677,0,benign,0.5,1,23,-0.1213001294778262,-0.1213001294778262,0.07606671907062681,0,0.03000686010734842,low_score,0,0.310117
787,scored_log,1778299274.734000,1778299279.978000,16568,16617,50,0.0019286171300336719,0,benign,0.5,1,44,-0.11606819783795902,-0.11606819783795902,0.09474697729486896,0,0.029774125179484263,low_score,0,0.310117
420,scored_log,1778299122.610000,1778299125.621000,12898,12947,50,0.0006200035568326712,0,benign,0.5,2,28|29,-0.11524411017529673,-0.11959173451300867,0.09768932658334982,0,0.02974080046478782,low_score,0,0.310117
432,scored_log,1778299125.625000,1778299127.644000,13018,13067,50,0.0006154495640657842,0,benign,0.5,1,29,-0.11524411017529673,-0.11524411017529673,0.09768932658334982,0,0.029737612669851,low_score,0,0.310117
984,scored_log,1778299337.855000,1778299342.036000,18538,18587,50,0.008221146650612354,0,benign,0.5,1,50,-0.12023344418510157,-0.12023344418510157,0.07987524679684216,0,0.0297173766944813,low_score,0,0.310117
797,scored_log,1778299281.998000,1778299282.024000,16668,16717,50,0.0017969324253499508,0,benign,0.5,1,44,-0.11606819783795902,-0.11606819783795902,0.09474697729486896,0,0.02968194588620566,low_score,0,0.310117
779,scored_log,1778299265.690000,1778299274.729000,16488,16537,50,0.0017927215667441487,0,benign,0.5,2,43|44,-0.11606819783795902,-0.12250194769550321,0.09474697729486896,0,0.029678998285181595,low_score,0,0.310117
796,scored_log,1778299281.996000,1778299282.018000,16658,16707,50,0.0017888525035232306,0,benign,0.5,1,44,-0.11606819783795902,-0.11606819783795902,0.09474697729486896,0,0.029676289940926952,low_score,0,0.310117
274,scored_log,1778299064.451000,1778299068.486000,11438,11487,50,0.009776187129318714,0,benign,0.5,1,23,-0.1213001294778262,-0.1213001294778262,0.07606671907062681,0,0.02966334671171115,low_score,0,0.310117
436,scored_log,1778299127.635000,1778299130.659000,13058,13107,50,0.00047483478556387126,0,benign,0.5,1,29,-0.11524411017529673,-0.11524411017529673,0.09768932658334982,0,0.02963918232489966,low_score,0,0.310117
795,scored_log,1778299281.996000,1778299282.012000,16648,16697,50,0.001691050361841917,0,benign,0.5,1,44,-0.11606819783795902,-0.11606819783795902,0.09474697729486896,0,0.029607828441750035,low_score,0,0.310117
442,scored_log,1778299130.666000,1778299135.686000,13118,13167,50,0.0003684565017465502,0,benign,0.5,2,29|30,-0.11524411017529673,-0.12215575350529992,0.09768932658334982,0,0.029564717526227535,low_score,0,0.310117
425,scored_log,1778299125.621000,1778299125.621000,12948,12997,50,0.0003094028797931969,0,benign,0.5,1,29,-0.11524411017529673,-0.11524411017529673,0.09768932658334982,0,0.029523379990860188,low_score,0,0.310117
426,scored_log,1778299125.621000,1778299125.621000,12958,13007,50,0.0003094028797931969,0,benign,0.5,1,29,-0.11524411017529673,-0.11524411017529673,0.09768932658334982,0,0.029523379990860188,low_score,0,0.310117
424,scored_log,1778299125.619000,1778299125.621000,12938,12987,50,0.00030743455863557756,0,benign,0.5,1,29,-0.11524411017529673,-0.11524411017529673,0.09768932658334982,0,0.029522002166049856,low_score,0,0.310117
421,scored_log,1778299122.612000,1778299125.621000,12908,12957,50,0.0003059681912418455,0,benign,0.5,2,28|29,-0.11524411017529673,-0.11959173451300867,0.09768932658334982,0,0.029520975708874242,low_score,0,0.310117
428,scored_log,1778299125.621000,1778299125.629000,12978,13027,50,0.000298301805742085,0,benign,0.5,1,29,-0.11524411017529673,-0.11524411017529673,0.09768932658334982,0,0.02951560923902441,low_score,0,0.310117
423,scored_log,1778299125.618000,1778299125.621000,12928,12977,50,0.0002976007526740432,0,benign,0.5,1,29,-0.11524411017529673,-0.11524411017529673,0.09768932658334982,0,0.02951511850187678,low_score,0,0.310117
422,scored_log,1778299125.618000,1778299125.621000,12918,12967,50,0.0002899095125030726,0,benign,0.5,1,29,-0.11524411017529673,-0.11524411017529673,0.09768932658334982,0,0.0295097346337571,low_score,0,0.310117
792,scored_log,1778299279.979000,1778299281.997000,16618,16667,50,0.0015010435599833727,0,benign,0.5,1,44,-0.11606819783795902,-0.11606819783795902,0.09474697729486896,0,0.029474823680449052,low_score,0,0.310117
427,scored_log,1778299125.621000,1778299125.624000,12968,13017,50,9.499367297394201e-05,0,benign,0.5,1,29,-0.11524411017529673,-0.11524411017529673,0.09768932658334982,0,0.02937329354608671,low_score,0,0.310117
789,scored_log,1778299274.956000,1778299279.988000,16588,16637,50,0.001309230225160718,0,benign,0.5,1,44,-0.11606819783795902,-0.11606819783795902,0.09474697729486896,0,0.029340554346073196,low_score,0,0.310117
794,scored_log,1778299279.988000,1778299282.007000,16638,16687,50,0.0012648905394598842,0,benign,0.5,1,44,-0.11606819783795902,-0.11606819783795902,0.09474697729486896,0,0.029309516566082612,low_score,0,0.310117
1431,scored_log,1778299483.391000,1778299485.405000,23008,23057,50,0.0018723158864304423,0,benign,0.5,2,64|65,-0.11647578510656714,-0.1251656287577849,0.09329171450655269,0,0.029298135472467117,low_score,0,0.310117
793,scored_log,1778299279.983000,1778299282.000000,16628,16677,50,0.0011944466968998313,0,benign,0.5,1,44,-0.11606819783795902,-0.11606819783795902,0.09474697729486896,0,0.029260205876290576,low_score,0,0.310117
788,scored_log,1778299274.742000,1778299279.982000,16578,16627,50,0.0011028832523152232,0,benign,0.5,1,44,-0.11606819783795902,-0.11606819783795902,0.09474697729486896,0,0.02919611146508135,low_score,0,0.310117
1050,scored_log,1778299366.645000,1778299372.841000,19198,19247,50,0.007999156601727009,0,benign,0.5,1,53,-0.12060098851084639,-0.12060098851084639,0.07856295462898377,0,0.029168296009904043,low_score,0,0.310117
1041,scored_log,1778299359.605000,1778299366.641000,19108,19157,50,0.004471132066100836,0,benign,0.5,2,52|53,-0.11831049317325493,-0.11945574084205066,0.08674101338678462,0,0.029152096462305977,low_score,0,0.310117
1534,scored_log,1778299512.788000,1778299515.799000,24038,24087,50,0.0041450741700828075,0,benign,0.5,2,67|68,-0.1181074768388799,-0.12635055194083653,0.0874658694840942,0,0.029141312764286227,low_score,0,0.310117
1437,scored_log,1778299485.409000,1778299487.430000,23068,23117,50,0.0016060944180935621,0,benign,0.5,1,65,-0.11647578510656714,-0.11647578510656714,0.09329171450655269,0,0.0291117804446313,low_score,0,0.310117
1443,scored_log,1778299489.517000,1778299493.640000,23128,23177,50,0.0011122720316052437,0,benign,0.5,1,65,-0.11647578510656714,-0.11647578510656714,0.09329171450655269,0,0.02876610477408948,low_score,0,0.310117
799,scored_log,1778299282.008000,1778299283.040000,16688,16737,50,0.00014988113252911717,0,benign,0.5,1,44,-0.11606819783795902,-0.11606819783795902,0.09474697729486896,0,0.028529009981231073,low_score,0,0.310117
1439,scored_log,1778299487.424000,1778299489.535000,23088,23137,50,0.000630734080914408,0,benign,0.5,1,65,-0.11647578510656714,-0.11647578510656714,0.09329171450655269,0,0.028429028208605895,low_score,0,0.310117
1036,scored_log,1778299354.392000,1778299359.605000,19058,19107,50,0.003374057123437524,0,benign,0.5,1,52,-0.11831049317325493,-0.11831049317325493,0.08674101338678462,0,0.028384144002441658,low_score,0,0.310117
1438,scored_log,1778299485.417000,1778299487.515000,23078,23127,50,0.0005499182152561843,0,benign,0.5,1,65,-0.11647578510656714,-0.11647578510656714,0.09329171450655269,0,0.02837245710264514,low_score,0,0.310117
1432,scored_log,1778299483.392000,1778299485.408000,23018,23067,50,0.0004010570119135082,0,benign,0.5,2,64|65,-0.11647578510656714,-0.1251656287577849,0.09329171450655269,0,0.028268254260305263,low_score,0,0.310117
1536,scored_log,1778299512.788000,1778299515.806000,24058,24107,50,0.00282561918720603,0,benign,0.5,2,67|68,-0.1181074768388799,-0.12635055194083653,0.0874658694840942,0,0.028217694276272486,low_score,0,0.310117
1433,scored_log,1778299483.394000,1778299485.415000,23028,23077,50,0.00025151437148451805,0,benign,0.5,2,64|65,-0.11647578510656714,-0.1251656287577849,0.09329171450655269,0,0.028163574412004972,low_score,0,0.310117
1824,scored_log,1778299593.928000,1778299597.946000,26938,26987,50,0.013249502517282963,0,benign,0.5,1,76,-0.1250176138918171,-0.1250176138918171,0.06279369228472863,0,0.028112759447516664,low_score,0,0.310117
285,scored_log,1778299068.513000,1778299069.529000,11548,11597,50,0.007224803790450096,0,benign,0.5,1,23,-0.1213001294778262,-0.1213001294778262,0.07606671907062681,0,0.027877378374503117,low_score,0,0.310117
1537,scored_log,1778299512.793000,1778299515.813000,24068,24117,50,0.0022206739522516727,0,benign,0.5,2,67|68,-0.1181074768388799,-0.12635055194083653,0.0874658694840942,0,0.027794232611804436,low_score,0,0.310117
1533,scored_log,1778299512.788000,1778299515.799000,24028,24077,50,0.0020826496183872223,0,benign,0.5,2,67|68,-0.1181074768388799,-0.12635055194083653,0.0874658694840942,0,0.02769761557809932,low_score,0,0.310117
1829,scored_log,1778299597.946000,1778299602.966000,26988,27037,50,0.012640674598515034,0,benign,0.5,1,76,-0.1250176138918171,-0.1250176138918171,0.06279369228472863,0,0.027686579904379113,low_score,0,0.310117
1198,scored_log,1778299409.745000,1778299412.991000,20678,20727,50,0.010458559729158878,0,benign,0.5,1,57,-0.12388419712633025,-0.12388419712633025,0.0668404802231729,0,0.02737313587736309,low_score,0,0.310117
406,scored_log,1778299119.411000,1778299122.587000,12758,12807,50,0.010538996197283268,0,benign,0.5,1,28,-0.1239393588507206,-0.1239393588507206,0.06664352901535238,0,0.027370356042704002,low_score,0,0.310117
1047,scored_log,1778299366.641000,1778299366.652000,19168,19217,50,0.005373329855501652,0,benign,0.5,1,53,-0.12060098851084639,-0.12060098851084639,0.07856295462898377,0,0.027330217287546293,low_score,0,0.310117
2174,scored_log,1778299686.006000,1778299691.188000,30438,30487,50,0.009368538856506348,0,benign,0.5,1,85,-0.1232152650207814,-0.1232152650207814,0.06922885708400969,0,0.027326634324757352,low_score,0,0.310117
1504,scored_log,1778299509.765000,1778299512.782000,23738,23787,50,0.001297210925258696,0,benign,0.5,1,67,-0.1181074768388799,-0.1181074768388799,0.0874658694840942,0,0.02714780849290935,low_score,0,0.310117
1197,scored_log,1778299409.745000,1778299412.991000,20668,20717,50,0.00994561705738306,0,benign,0.5,1,57,-0.12388419712633025,-0.12388419712633025,0.0668404802231729,0,0.027014076007120018,low_score,0,0.310117
405,scored_log,1778299119.387000,1778299122.586000,12748,12797,50,0.010000924579799175,0,benign,0.5,1,28,-0.1239393588507206,-0.1239393588507206,0.06664352901535238,0,0.026993705910465137,low_score,0,0.310117
1823,scored_log,1778299593.922000,1778299597.943000,26928,26977,50,0.011327523738145828,0,benign,0.5,1,76,-0.1250176138918171,-0.1250176138918171,0.06279369228472863,0,0.02676737430212067,low_score,0,0.310117
1039,scored_log,1778299357.592000,1778299359.615000,19088,19137,50,0.0010441227350383997,0,benign,0.5,1,52,-0.11831049317325493,-0.11831049317325493,0.08674101338678462,0,0.02675318993056227,low_score,0,0.310117
1505,scored_log,1778299509.770000,1778299512.783000,23748,23797,50,0.0005780342034995556,0,benign,0.5,1,67,-0.1181074768388799,-0.1181074768388799,0.0874658694840942,0,0.02664438478767795,low_score,0,0.310117
1515,scored_log,1778299512.783000,1778299512.785000,23848,23897,50,0.00030941053410060704,0,benign,0.5,1,67,-0.1181074768388799,-0.1181074768388799,0.0874658694840942,0,0.026456348219098688,low_score,0,0.310117
1517,scored_log,1778299512.784000,1778299512.787000,23868,23917,50,0.0003094090789090842,0,benign,0.5,1,67,-0.1181074768388799,-0.1181074768388799,0.0874658694840942,0,0.026456347200464622,low_score,0,0.310117
1512,scored_log,1778299512.783000,1778299512.784000,23818,23867,50,0.0003094067214988172,0,benign,0.5,1,67,-0.1181074768388799,-0.1181074768388799,0.0874658694840942,0,0.026456345550277434,low_score,0,0.310117
1516,scored_log,1778299512.783000,1778299512.786000,23858,23907,50,0.00030940613942220807,0,benign,0.5,1,67,-0.1181074768388799,-0.1181074768388799,0.0874658694840942,0,0.026456345142823808,low_score,0,0.310117
1509,scored_log,1778299512.783000,1778299512.783000,23788,23837,50,0.0003094043640885502,0,benign,0.5,1,67,-0.1181074768388799,-0.1181074768388799,0.0874658694840942,0,0.02645634390009025,low_score,0,0.310117
1527,scored_log,1778299512.788000,1778299512.788000,23968,24017,50,0.0003094043640885502,0,benign,0.5,1,67,-0.1181074768388799,-0.1181074768388799,0.0874658694840942,0,0.02645634390009025,low_score,0,0.310117
1520,scored_log,1778299512.785000,1778299512.787000,23898,23947,50,0.0003094040439464152,0,benign,0.5,1,67,-0.1181074768388799,-0.1181074768388799,0.0874658694840942,0,0.026456343675990753,low_score,0,0.310117
1519,scored_log,1778299512.784000,1778299512.787000,23888,23937,50,0.00030940346186980605,0,benign,0.5,1,67,-0.1181074768388799,-0.1181074768388799,0.0874658694840942,0,0.026456343268537127,low_score,0,0.310117
1521,scored_log,1778299512.786000,1778299512.787000,23908,23957,50,0.00030940346186980605,0,benign,0.5,1,67,-0.1181074768388799,-0.1181074768388799,0.0874658694840942,0,0.026456343268537127,low_score,0,0.310117
1526,scored_log,1778299512.787000,1778299512.788000,23958,24007,50,0.00030940346186980605,0,benign,0.5,1,67,-0.1181074768388799,-0.1181074768388799,0.0874658694840942,0,0.026456343268537127,low_score,0,0.310117
1510,scored_log,1778299512.783000,1778299512.783000,23798,23847,50,0.0003094028797931969,0,benign,0.5,1,67,-0.1181074768388799,-0.1181074768388799,0.0874658694840942,0,0.0264563428610835,low_score,0,0.310117
1511,scored_log,1778299512.783000,1778299512.783000,23808,23857,50,0.0003094028797931969,0,benign,0.5,1,67,-0.1181074768388799,-0.1181074768388799,0.0874658694840942,0,0.0264563428610835,low_score,0,0.310117
1522,scored_log,1778299512.787000,1778299512.787000,23918,23967,50,0.0003094028797931969,0,benign,0.5,1,67,-0.1181074768388799,-0.1181074768388799,0.0874658694840942,0,0.0264563428610835,low_score,0,0.310117
1525,scored_log,1778299512.787000,1778299512.788000,23948,23997,50,0.0003094028797931969,0,benign,0.5,1,67,-0.1181074768388799,-0.1181074768388799,0.0874658694840942,0,0.0264563428610835,low_score,0,0.310117
1528,scored_log,1778299512.788000,1778299512.788000,23978,24027,50,0.0003094028797931969,0,benign,0.5,1,67,-0.1181074768388799,-0.1181074768388799,0.0874658694840942,0,0.0264563428610835,low_score,0,0.310117
1529,scored_log,1778299512.788000,1778299512.788000,23988,24037,50,0.0003094028797931969,0,benign,0.5,1,67,-0.1181074768388799,-0.1181074768388799,0.0874658694840942,0,0.0264563428610835,low_score,0,0.310117
1530,scored_log,1778299512.788000,1778299512.788000,23998,24047,50,0.0003094028797931969,0,benign,0.5,1,67,-0.1181074768388799,-0.1181074768388799,0.0874658694840942,0,0.0264563428610835,low_score,0,0.310117
1531,scored_log,1778299512.788000,1778299512.788000,24008,24057,50,0.0003094028797931969,0,benign,0.5,1,67,-0.1181074768388799,-0.1181074768388799,0.0874658694840942,0,0.0264563428610835,low_score,0,0.310117
1514,scored_log,1778299512.783000,1778299512.784000,23838,23887,50,0.00030940258875489235,0,benign,0.5,1,67,-0.1181074768388799,-0.1181074768388799,0.0874658694840942,0,0.026456342657356687,low_score,0,0.310117
1524,scored_log,1778299512.787000,1778299512.788000,23938,23987,50,0.00030940197757445276,0,benign,0.5,1,67,-0.1181074768388799,-0.1181074768388799,0.0874658694840942,0,0.02645634222953038,low_score,0,0.310117
1518,scored_log,1778299512.784000,1778299512.787000,23878,23927,50,0.0003094016865361482,0,benign,0.5,1,67,-0.1181074768388799,-0.1181074768388799,0.0874658694840942,0,0.02645634202580357,low_score,0,0.310117
1513,scored_log,1778299512.783000,1778299512.784000,23828,23877,50,0.0003094013954978436,0,benign,0.5,1,67,-0.1181074768388799,-0.1181074768388799,0.0874658694840942,0,0.026456341822076755,low_score,0,0.310117
1523,scored_log,1778299512.787000,1778299512.788000,23928,23977,50,0.0003094013954978436,0,benign,0.5,1,67,-0.1181074768388799,-0.1181074768388799,0.0874658694840942,0,0.026456341822076755,low_score,0,0.310117
1508,scored_log,1778299512.779000,1778299512.783000,23778,23827,50,0.0002996677649207413,0,benign,0.5,1,67,-0.1181074768388799,-0.1181074768388799,0.0874658694840942,0,0.026449528280672784,low_score,0,0.310117
1506,scored_log,1778299512.777000,1778299512.783000,23758,23807,50,0.0002994975366163999,0,benign,0.5,1,67,-0.1181074768388799,-0.1181074768388799,0.0874658694840942,0,0.026449409120859742,low_score,0,0.310117
1507,scored_log,1778299512.779000,1778299512.783000,23768,23817,50,0.0002909988979808986,0,benign,0.5,1,67,-0.1181074768388799,-0.1181074768388799,0.0874658694840942,0,0.026443460073814894,low_score,0,0.310117
1532,scored_log,1778299512.788000,1778299512.792000,24018,24067,50,0.00018152329721488059,0,benign,0.5,1,67,-0.1181074768388799,-0.1181074768388799,0.0874658694840942,0,0.02636682715327868,low_score,0,0.310117
1034,scored_log,1778299354.391000,1778299356.590000,19038,19087,50,0.00040410016663372517,0,benign,0.5,1,52,-0.11831049317325493,-0.11831049317325493,0.08674101338678462,0,0.026305174132679,low_score,0,0.310117
1837,scored_log,1778299602.979000,1778299608.040000,27068,27117,50,0.010637565515935421,0,benign,0.5,2,76|77,-0.1250176138918171,-0.13205192582105998,0.06279369228472863,0,0.026284403546573385,low_score,0,0.310117
1040,scored_log,1778299357.600000,1778299359.628000,19098,19147,50,0.00033087775227613747,0,benign,0.5,1,52,-0.11831049317325493,-0.11831049317325493,0.08674101338678462,0,0.026253918442628688,low_score,0,0.310117
2176,scored_log,1778299686.018000,1778299691.193000,30458,30507,50,0.00769887026399374,0,benign,0.5,1,85,-0.1232152650207814,-0.1232152650207814,0.06922885708400969,0,0.02615786630999853,low_score,0,0.310117
1035,scored_log,1778299354.391000,1778299357.599000,19048,19097,50,0.00010766088962554932,0,benign,0.5,1,52,-0.11831049317325493,-0.11831049317325493,0.08674101338678462,0,0.026097666638773276,low_score,0,0.310117
1835,scored_log,1778299602.970000,1778299606.004000,27048,27097,50,0.009939970448613167,0,benign,0.5,2,76|77,-0.1250176138918171,-0.13205192582105998,0.06279369228472863,0,0.025796086999447805,low_score,0,0.310117
1053,scored_log,1778299369.716000,1778299372.848000,19228,19277,50,0.003064216347411275,0,benign,0.5,1,53,-0.12060098851084639,-0.12060098851084639,0.07856295462898377,0,0.025713837831883028,low_score,0,0.310117
273,scored_log,1778299064.450000,1778299066.480000,11428,11477,50,0.0038734807167202234,0,benign,0.5,1,23,-0.1213001294778262,-0.1213001294778262,0.07606671907062681,0,0.025531452222892204,low_score,0,0.310117
404,scored_log,1778299119.385000,1778299122.586000,12738,12787,50,0.007831968367099762,0,benign,0.5,1,28,-0.1239393588507206,-0.1239393588507206,0.06664352901535238,0,0.025475436561575547,low_score,0,0.310117
1834,scored_log,1778299602.966000,1778299606.004000,27038,27087,50,0.009410117752850056,0,benign,0.5,2,76|77,-0.1250176138918171,-0.13205192582105998,0.06279369228472863,0,0.025425190112413627,low_score,0,0.310117
981,scored_log,1778299333.821000,1778299337.866000,18508,18557,50,0.0014362991787493229,0,benign,0.5,1,50,-0.12023344418510157,-0.12023344418510157,0.07987524679684216,0,0.024967983464177175,low_score,0,0.310117
2173,scored_log,1778299686.005000,1778299691.188000,30428,30477,50,0.005802152678370476,0,benign,0.5,1,85,-0.1232152650207814,-0.1232152650207814,0.06922885708400969,0,0.024830164000062244,low_score,0,0.310117
2344,scored_log,1778299730.096000,1778299732.106000,32138,32187,50,0.021772140637040138,0,benign,0.5,1,89,-0.13373433171993832,-0.13373433171993832,0.03167124055841112,0,0.024741870613451435,low_score,0,0.310117
982,scored_log,1778299334.830000,1778299340.927000,18518,18567,50,0.0008853871840983629,0,benign,0.5,1,50,-0.12023344418510157,-0.12023344418510157,0.07987524679684216,0,0.024582345067921504,low_score,0,0.310117
1054,scored_log,1778299369.733000,1778299372.849000,19238,19287,50,0.0013772249221801758,0,benign,0.5,1,53,-0.12060098851084639,-0.12060098851084639,0.07856295462898377,0,0.02453294383422126,low_score,0,0.310117
1061,scored_log,1778299372.850000,1778299372.861000,19308,19357,50,0.0012977923033758998,0,benign,0.5,1,53,-0.12060098851084639,-0.12060098851084639,0.07856295462898377,0,0.024477341001058264,low_score,0,0.310117
983,scored_log,1778299337.855000,1778299340.941000,18528,18577,50,0.0006792658241465688,0,benign,0.5,1,50,-0.12023344418510157,-0.12023344418510157,0.07987524679684216,0,0.02443806011595525,low_score,0,0.310117
1059,scored_log,1778299372.849000,1778299372.858000,19288,19337,50,0.0011537678074091673,0,benign,0.5,1,53,-0.12060098851084639,-0.12060098851084639,0.07856295462898377,0,0.024376523853881553,low_score,0,0.310117
1822,scored_log,1778299593.916000,1778299597.941000,26918,26967,50,0.007893403060734272,0,benign,0.5,1,76,-0.1250176138918171,-0.1250176138918171,0.06279369228472863,0,0.02436348982793258,low_score,0,0.310117
1056,scored_log,1778299372.841000,1778299372.850000,19258,19307,50,0.001049284590408206,0,benign,0.5,1,53,-0.12060098851084639,-0.12060098851084639,0.07856295462898377,0,0.02430338560198088,low_score,0,0.310117
1828,scored_log,1778299597.943000,1778299602.966000,26978,27027,50,0.007777804508805275,0,benign,0.5,1,76,-0.1250176138918171,-0.1250176138918171,0.06279369228472863,0,0.024282570841582283,low_score,0,0.310117
1055,scored_log,1778299372.841000,1778299372.849000,19248,19297,50,0.0010104721877723932,0,benign,0.5,1,53,-0.12060098851084639,-0.12060098851084639,0.07856295462898377,0,0.02427621692013581,low_score,0,0.310117
744,scored_log,1778299254.375000,1778299257.626000,16138,16187,50,0.010188587009906769,0,benign,0.5,1,42,-0.12667337543490764,-0.12667337543490764,0.05688190763008694,0,0.02419658319596082,low_score,0,0.310117
1058,scored_log,1778299372.848000,1778299372.855000,19278,19327,50,0.0008449052111245692,0,benign,0.5,1,53,-0.12060098851084639,-0.12060098851084639,0.07856295462898377,0,0.024160320036482334,low_score,0,0.310117
1057,scored_log,1778299372.843000,1778299372.851000,19268,19317,50,0.0008065400761552155,0,benign,0.5,1,53,-0.12060098851084639,-0.12060098851084639,0.07856295462898377,0,0.024133464442003788,low_score,0,0.310117
1060,scored_log,1778299372.850000,1778299372.861000,19298,19347,50,0.0007944487733766437,0,benign,0.5,1,53,-0.12060098851084639,-0.12060098851084639,0.07856295462898377,0,0.024125000530058786,low_score,0,0.310117
1195,scored_log,1778299409.740000,1778299409.864000,20648,20697,50,0.005798027850687504,0,benign,0.5,1,57,-0.12388419712633025,-0.12388419712633025,0.0668404802231729,0,0.024110763562433128,low_score,0,0.310117
1062,scored_log,1778299372.851000,1778299372.864000,19318,19367,50,0.0007123203831724823,0,benign,0.5,1,53,-0.12060098851084639,-0.12060098851084639,0.07856295462898377,0,0.024067510656915873,low_score,0,0.310117
1049,scored_log,1778299366.645000,1778299369.733000,19188,19237,50,0.0006411367794498801,0,benign,0.5,1,53,-0.12060098851084639,-0.12060098851084639,0.07856295462898377,0,0.02401768213431005,low_score,0,0.310117
1048,scored_log,1778299366.643000,1778299366.713000,19178,19227,50,0.0005377948982641101,0,benign,0.5,1,53,-0.12060098851084639,-0.12060098851084639,0.07856295462898377,0,0.023945342817480012,low_score,0,0.310117
764,scored_log,1778299257.631000,1778299260.643000,16338,16387,50,0.009494530037045479,0,benign,0.5,1,42,-0.12667337543490764,-0.12667337543490764,0.05688190763008694,0,0.02371074331495792,low_score,0,0.310117
2345,scored_log,1778299732.100000,1778299732.108000,32148,32197,50,0.020274609327316284,0,benign,0.5,1,89,-0.13373433171993832,-0.13373433171993832,0.03167124055841112,0,0.023693598696644735,low_score,0,0.310117
459,scored_log,1778299147.126000,1778299150.138000,13288,13337,50,0.012309102341532707,0,benign,0.5,1,31,-0.12861355641090688,-0.12861355641090688,0.049954622617940266,0,0.023602758424454976,low_score,0,0.310117
281,scored_log,1778299068.488000,1778299068.517000,11508,11557,50,0.0010256496025249362,0,benign,0.5,1,23,-0.1213001294778262,-0.1213001294778262,0.07606671907062681,0,0.023537970442955504,low_score,0,0.310117
280,scored_log,1778299068.486000,1778299068.512000,11498,11547,50,0.0010194960050284863,0,benign,0.5,1,23,-0.1213001294778262,-0.1213001294778262,0.07606671907062681,0,0.02353366292470799,low_score,0,0.310117
279,scored_log,1778299068.486000,1778299068.506000,11488,11537,50,0.0010013178689405322,0,benign,0.5,1,23,-0.1213001294778262,-0.1213001294778262,0.07606671907062681,0,0.023520938229446422,low_score,0,0.310117
1821,scored_log,1778299593.911000,1778299597.941000,26908,26957,50,0.006681916769593954,0,benign,0.5,1,76,-0.1250176138918171,-0.1250176138918171,0.06279369228472863,0,0.023515449424134357,low_score,0,0.310117
278,scored_log,1778299066.483000,1778299068.500000,11478,11527,50,0.000872993259690702,0,benign,0.5,1,23,-0.1213001294778262,-0.1213001294778262,0.07606671907062681,0,0.02343111100297154,low_score,0,0.310117
277,scored_log,1778299064.460000,1778299068.494000,11468,11517,50,0.0008503347635269165,0,benign,0.5,1,23,-0.1213001294778262,-0.1213001294778262,0.07606671907062681,0,0.02341525005565689,low_score,0,0.310117
455,scored_log,1778299141.877000,1778299147.126000,13248,13297,50,0.011692436411976814,0,benign,0.5,2,30|31,-0.12861355641090688,-0.128840476623105,0.049954622617940266,0,0.02317109227376585,low_score,0,0.310117
286,scored_log,1778299068.518000,1778299069.537000,11558,11607,50,0.0004835288564208895,0,benign,0.5,1,23,-0.1213001294778262,-0.1213001294778262,0.07606671907062681,0,0.023158485920682672,low_score,0,0.310117
458,scored_log,1778299147.125000,1778299150.138000,13278,13327,50,0.011564002372324467,0,benign,0.5,1,31,-0.12861355641090688,-0.12861355641090688,0.049954622617940266,0,0.023081188446009208,low_score,0,0.310117
743,scored_log,1778299254.375000,1778299257.626000,16128,16177,50,0.00858641043305397,0,benign,0.5,1,42,-0.12667337543490764,-0.12667337543490764,0.05688190763008694,0,0.02307505959216386,low_score,0,0.310117
774,scored_log,1778299260.670000,1778299265.690000,16438,16487,50,0.008490335196256638,0,benign,0.5,2,42|43,-0.12667337543490764,-0.12780453649397752,0.05688190763008694,0,0.02300780692640573,low_score,0,0.310117
773,scored_log,1778299260.664000,1778299265.689000,16428,16477,50,0.00837258342653513,0,benign,0.5,2,42|43,-0.12667337543490764,-0.12780453649397752,0.05688190763008694,0,0.022925380687600673,low_score,0,0.310117
454,scored_log,1778299141.876000,1778299147.125000,13238,13287,50,0.011268889531493187,0,benign,0.5,2,30|31,-0.12861355641090688,-0.128840476623105,0.049954622617940266,0,0.022874609457427312,low_score,0,0.310117
745,scored_log,1778299254.378000,1778299257.628000,16148,16197,50,0.008216630667448044,0,benign,0.5,1,42,-0.12667337543490764,-0.12667337543490764,0.05688190763008694,0,0.022816213756239715,low_score,0,0.310117
1194,scored_log,1778299409.740000,1778299409.747000,20638,20687,50,0.003920834045857191,0,benign,0.5,1,57,-0.12388419712633025,-0.12388419712633025,0.0668404802231729,0,0.02279672789905191,low_score,0,0.310117
2170,scored_log,1778299686.000000,1778299686.009000,30398,30447,50,0.00281131430529058,0,benign,0.5,1,85,-0.1232152650207814,-0.1232152650207814,0.06922885708400969,0,0.022736577138906314,low_score,0,0.310117
450,scored_log,1778299136.694000,1778299141.877000,13198,13247,50,0.011006899178028107,0,benign,0.5,1,30,-0.1290673968353031,-0.1290673968353031,0.04833421606374906,0,0.022205094243744394,low_score,0,0.310117
2177,scored_log,1778299689.093000,1778299691.195000,30468,30517,50,0.0018988095689564943,0,benign,0.5,1,85,-0.1232152650207814,-0.1232152650207814,0.06922885708400969,0,0.022097823823472456,low_score,0,0.310117
642,scored_log,1778299219.570000,1778299219.579000,15118,15167,50,0.01955648884177208,0,benign,0.5,1,38,-0.13477205563842093,-0.13477205563842093,0.027966117461042106,0,0.022079377427553087,low_score,0,0.310117
2175,scored_log,1778299686.012000,1778299691.189000,30448,30497,50,0.0017143641598522663,0,benign,0.5,1,85,-0.1232152650207814,-0.1232152650207814,0.06922885708400969,0,0.021968712037099495,low_score,0,0.310117
2171,scored_log,1778299686.000000,1778299686.018000,30408,30457,50,0.0015202290378510952,0,benign,0.5,1,85,-0.1232152650207814,-0.1232152650207814,0.06922885708400969,0,0.021832817451698676,low_score,0,0.310117
316,scored_log,1778299086.644000,1778299091.665000,11858,11907,50,0.00834522396326065,0,benign,0.5,1,25,-0.12772219376986765,-0.12772219376986765,0.05313717266870468,0,0.02178280857489386,low_score,0,0.310117
2213,scored_log,1778299704.497000,1778299708.519000,30828,30877,50,0.01871449314057827,0,benign,0.5,1,87,-0.13451453791567347,-0.13451453791567347,0.028885567081061114,0,0.021765815322723123,low_score,0,0.310117
315,scored_log,1778299086.640000,1778299091.662000,11848,11897,50,0.008304901421070099,0,benign,0.5,1,25,-0.12772219376986765,-0.12772219376986765,0.05313717266870468,0,0.021754582795360473,low_score,0,0.310117
2183,scored_log,1778299691.196000,1778299691.210000,30528,30577,50,0.0011439054505899549,0,benign,0.5,1,85,-0.1232152650207814,-0.1232152650207814,0.06922885708400969,0,0.021569390940615878,low_score,0,0.310117
2180,scored_log,1778299691.190000,1778299691.199000,30498,30547,50,0.0010383491171523929,0,benign,0.5,1,85,-0.1232152650207814,-0.1232152650207814,0.06922885708400969,0,0.021495501507209584,low_score,0,0.310117
401,scored_log,1778299119.379000,1778299119.405000,12708,12757,50,0.002142889192327857,0,benign,0.5,1,28,-0.1239393588507206,-0.1239393588507206,0.06664352901535238,0,0.021493081139235214,low_score,0,0.310117
769,scored_log,1778299260.643000,1778299260.670000,16388,16437,50,0.006160377059131861,0,benign,0.5,1,42,-0.12667337543490764,-0.12667337543490764,0.05688190763008694,0,0.021376836230418386,low_score,0,0.310117
2179,scored_log,1778299691.188000,1778299691.198000,30488,30537,50,0.0008587352931499481,0,benign,0.5,1,85,-0.1232152650207814,-0.1232152650207814,0.06922885708400969,0,0.021369771830407874,low_score,0,0.310117
2181,scored_log,1778299691.193000,1778299691.202000,30508,30557,50,0.0008155626128427684,0,benign,0.5,1,85,-0.1232152650207814,-0.1232152650207814,0.06922885708400969,0,0.02133955095419285,low_score,0,0.310117
776,scored_log,1778299262.683000,1778299268.701000,16458,16507,50,0.006097123026847839,0,benign,0.5,2,42|43,-0.12667337543490764,-0.12780453649397752,0.05688190763008694,0,0.02133255840781957,low_score,0,0.310117
2184,scored_log,1778299691.198000,1778299691.211000,30538,30587,50,0.0007998286164365709,0,benign,0.5,1,85,-0.1232152650207814,-0.1232152650207814,0.06922885708400969,0,0.02132853715670851,low_score,0,0.310117
768,scored_log,1778299260.642000,1778299260.664000,16378,16427,50,0.006087877321988344,0,benign,0.5,1,42,-0.12667337543490764,-0.12667337543490764,0.05688190763008694,0,0.021326086414417925,low_score,0,0.310117
2185,scored_log,1778299691.199000,1778299691.212000,30548,30597,50,0.0007879778859205544,0,benign,0.5,1,85,-0.1232152650207814,-0.1232152650207814,0.06922885708400969,0,0.021320241645347297,low_score,0,0.310117
2178,scored_log,1778299691.188000,1778299691.196000,30478,30527,50,0.0007542942767031491,0,benign,0.5,1,85,-0.1232152650207814,-0.1232152650207814,0.06922885708400969,0,0.021296663118895113,low_score,0,0.310117
2172,scored_log,1778299686.004000,1778299689.093000,30418,30467,50,0.0006785185541957617,0,benign,0.5,1,85,-0.1232152650207814,-0.1232152650207814,0.06922885708400969,0,0.021243620113139943,low_score,0,0.310117
2182,scored_log,1778299691.195000,1778299691.206000,30518,30567,50,0.0006234718021005392,0,benign,0.5,1,85,-0.1232152650207814,-0.1232152650207814,0.06922885708400969,0,0.021205087386673288,low_score,0,0.310117
1199,scored_log,1778299409.747000,1778299412.994000,20688,20737,50,0.001537798554636538,0,benign,0.5,1,57,-0.12388419712633025,-0.12388419712633025,0.0668404802231729,0,0.021128603055197454,low_score,0,0.310117
449,scored_log,1778299136.692000,1778299141.876000,13188,13237,50,0.009344578720629215,0,benign,0.5,1,30,-0.1290673968353031,-0.1290673968353031,0.04833421606374906,0,0.02104146992356517,low_score,0,0.310117
767,scored_log,1778299260.642000,1778299260.658000,16368,16417,50,0.005507618188858032,0,benign,0.5,1,42,-0.12667337543490764,-0.12667337543490764,0.05688190763008694,0,0.020919905021226707,low_score,0,0.310117
1833,scored_log,1778299602.966000,1778299606.004000,27028,27077,50,0.002964371582493186,0,benign,0.5,2,76|77,-0.1250176138918171,-0.13205192582105998,0.06279369228472863,0,0.02091316779316382,low_score,0,0.310117
415,scored_log,1778299122.596000,1778299122.610000,12848,12897,50,0.0012994528515264392,0,benign,0.5,1,28,-0.1239393588507206,-0.1239393588507206,0.06664352901535238,0,0.020902675700674223,low_score,0,0.310117
408,scored_log,1778299121.488000,1778299122.592000,12778,12827,50,0.0012968051014468074,0,benign,0.5,1,28,-0.1239393588507206,-0.1239393588507206,0.06664352901535238,0,0.02090082227561848,low_score,0,0.310117
402,scored_log,1778299119.381000,1778299121.471000,12718,12767,50,0.0012687939452007413,0,benign,0.5,1,28,-0.1239393588507206,-0.1239393588507206,0.06664352901535238,0,0.020881214466246235,low_score,0,0.310117
407,scored_log,1778299121.474000,1778299122.590000,12768,12817,50,0.001200613216497004,0,benign,0.5,1,28,-0.1239393588507206,-0.1239393588507206,0.06664352901535238,0,0.02083348795615362,low_score,0,0.310117
409,scored_log,1778299122.586000,1778299122.594000,12788,12837,50,0.001157959457486868,0,benign,0.5,1,28,-0.1239393588507206,-0.1239393588507206,0.06664352901535238,0,0.02080363032484652,low_score,0,0.310117
412,scored_log,1778299122.590000,1778299122.601000,12818,12867,50,0.0010815673740580678,0,benign,0.5,1,28,-0.1239393588507206,-0.1239393588507206,0.06664352901535238,0,0.020750155866446362,low_score,0,0.310117
413,scored_log,1778299122.592000,1778299122.604000,12828,12877,50,0.0010448178509250283,0,benign,0.5,1,28,-0.1239393588507206,-0.1239393588507206,0.06664352901535238,0,0.020724431200253236,low_score,0,0.310117
410,scored_log,1778299122.586000,1778299122.596000,12798,12847,50,0.0009213344310410321,0,benign,0.5,1,28,-0.1239393588507206,-0.1239393588507206,0.06664352901535238,0,0.020637992806334438,low_score,0,0.310117
414,scored_log,1778299122.594000,1778299122.608000,12838,12887,50,0.0008010952733457088,0,benign,0.5,1,28,-0.1239393588507206,-0.1239393588507206,0.06664352901535238,0,0.02055382539594771,low_score,0,0.310117
403,scored_log,1778299119.385000,1778299121.488000,12728,12777,50,0.0007615548092871904,0,benign,0.5,1,28,-0.1239393588507206,-0.1239393588507206,0.06664352901535238,0,0.020526147071106747,low_score,0,0.310117
1196,scored_log,1778299409.744000,1778299411.988000,20658,20707,50,0.00064125657081604,0,benign,0.5,1,57,-0.12388419712633025,-0.12388419712633025,0.0668404802231729,0,0.020501023666523104,low_score,0,0.310117
1200,scored_log,1778299409.864000,1778299412.995000,20698,20747,50,0.0006316508515737951,0,benign,0.5,1,57,-0.12388419712633025,-0.12388419712633025,0.0668404802231729,0,0.020494299663053533,low_score,0,0.310117
416,scored_log,1778299122.596000,1778299122.612000,12858,12907,50,0.0007140746456570923,0,benign,0.5,1,28,-0.1239393588507206,-0.1239393588507206,0.06664352901535238,0,0.02049291095656568,low_score,0,0.310117
411,scored_log,1778299122.587000,1778299122.596000,12808,12857,50,0.0006563938222825527,0,benign,0.5,1,28,-0.1239393588507206,-0.1239393588507206,0.06664352901535238,0,0.020452534380203502,low_score,0,0.310117
2343,scored_log,1778299724.967000,1778299732.106000,32128,32177,50,0.015598688274621964,0,benign,0.5,1,89,-0.13373433171993832,-0.13373433171993832,0.03167124055841112,0,0.020420453959758708,low_score,0,0.310117
1830,scored_log,1778299597.947000,1778299602.968000,26998,27047,50,0.002242116956040263,0,benign,0.5,1,76,-0.1250176138918171,-0.1250176138918171,0.06279369228472863,0,0.020407589554646773,low_score,0,0.310117
1207,scored_log,1778299412.995000,1778299412.996000,20768,20817,50,0.00030941556906327605,0,benign,0.5,1,57,-0.12388419712633025,-0.12388419712633025,0.0668404802231729,0,0.02026873496529617,low_score,0,0.310117
1204,scored_log,1778299412.995000,1778299412.995000,20738,20787,50,0.0003094043640885502,0,benign,0.5,1,57,-0.12388419712633025,-0.12388419712633025,0.0668404802231729,0,0.02026872712181386,low_score,0,0.310117
1211,scored_log,1778299412.995000,1778299412.996000,20808,20857,50,0.00030940346186980605,0,benign,0.5,1,57,-0.12388419712633025,-0.12388419712633025,0.0668404802231729,0,0.02026872649026074,low_score,0,0.310117
1210,scored_log,1778299412.995000,1778299412.996000,20798,20847,50,0.0003094031708315015,0,benign,0.5,1,57,-0.12388419712633025,-0.12388419712633025,0.0668404802231729,0,0.020268726286533926,low_score,0,0.310117
1205,scored_log,1778299412.995000,1778299412.995000,20748,20797,50,0.0003094028797931969,0,benign,0.5,1,57,-0.12388419712633025,-0.12388419712633025,0.0668404802231729,0,0.020268726082807113,low_score,0,0.310117
1206,scored_log,1778299412.995000,1778299412.995000,20758,20807,50,0.0003094028797931969,0,benign,0.5,1,57,-0.12388419712633025,-0.12388419712633025,0.0668404802231729,0,0.020268726082807113,low_score,0,0.310117
1212,scored_log,1778299412.996000,1778299412.996000,20818,20867,50,0.0003094028797931969,0,benign,0.5,1,57,-0.12388419712633025,-0.12388419712633025,0.0668404802231729,0,0.020268726082807113,low_score,0,0.310117
1213,scored_log,1778299412.996000,1778299412.996000,20828,20877,50,0.0003094028797931969,0,benign,0.5,1,57,-0.12388419712633025,-0.12388419712633025,0.0668404802231729,0,0.020268726082807113,low_score,0,0.310117
1214,scored_log,1778299412.996000,1778299412.996000,20838,20887,50,0.0003094028797931969,0,benign,0.5,1,57,-0.12388419712633025,-0.12388419712633025,0.0668404802231729,0,0.020268726082807113,low_score,0,0.310117
1215,scored_log,1778299412.996000,1778299412.996000,20848,20897,50,0.0003094028797931969,0,benign,0.5,1,57,-0.12388419712633025,-0.12388419712633025,0.0668404802231729,0,0.020268726082807113,low_score,0,0.310117
1216,scored_log,1778299412.996000,1778299412.996000,20858,20907,50,0.0003094028797931969,0,benign,0.5,1,57,-0.12388419712633025,-0.12388419712633025,0.0668404802231729,0,0.020268726082807113,low_score,0,0.310117
1217,scored_log,1778299412.996000,1778299412.996000,20868,20917,50,0.0003094028797931969,0,benign,0.5,1,57,-0.12388419712633025,-0.12388419712633025,0.0668404802231729,0,0.020268726082807113,low_score,0,0.310117
1218,scored_log,1778299412.996000,1778299412.996000,20878,20927,50,0.0003094028797931969,0,benign,0.5,1,57,-0.12388419712633025,-0.12388419712633025,0.0668404802231729,0,0.020268726082807113,low_score,0,0.310117
1219,scored_log,1778299412.996000,1778299412.996000,20888,20937,50,0.0003094028797931969,0,benign,0.5,1,57,-0.12388419712633025,-0.12388419712633025,0.0668404802231729,0,0.020268726082807113,low_score,0,0.310117
1209,scored_log,1778299412.995000,1778299412.996000,20788,20837,50,0.00030940258875489235,0,benign,0.5,1,57,-0.12388419712633025,-0.12388419712633025,0.0668404802231729,0,0.0202687258790803,low_score,0,0.310117
1221,scored_log,1778299412.996000,1778299412.997000,20908,20957,50,0.00030940197757445276,0,benign,0.5,1,57,-0.12388419712633025,-0.12388419712633025,0.0668404802231729,0,0.020268725451253994,low_score,0,0.310117
1208,scored_log,1778299412.995000,1778299412.996000,20778,20827,50,0.0003094016865361482,0,benign,0.5,1,57,-0.12388419712633025,-0.12388419712633025,0.0668404802231729,0,0.02026872524752718,low_score,0,0.310117
1220,scored_log,1778299412.996000,1778299412.997000,20898,20947,50,0.0003094013954978436,0,benign,0.5,1,57,-0.12388419712633025,-0.12388419712633025,0.0668404802231729,0,0.020268725043800367,low_score,0,0.310117
1203,scored_log,1778299412.991000,1778299412.995000,20728,20777,50,0.00029935422935523093,0,benign,0.5,1,57,-0.12388419712633025,-0.12388419712633025,0.0668404802231729,0,0.020261692027500538,low_score,0,0.310117
1201,scored_log,1778299412.990000,1778299412.995000,20708,20757,50,0.00029255557456053793,0,benign,0.5,1,57,-0.12388419712633025,-0.12388419712633025,0.0668404802231729,0,0.020256932969144253,low_score,0,0.310117
1832,scored_log,1778299600.952000,1778299602.978000,27018,27067,50,0.002025717869400978,0,benign,0.5,1,76,-0.1250176138918171,-0.1250176138918171,0.06279369228472863,0,0.020256110193999276,low_score,0,0.310117
1202,scored_log,1778299412.991000,1778299412.995000,20718,20767,50,0.00029094977071508765,0,benign,0.5,1,57,-0.12388419712633025,-0.12388419712633025,0.0668404802231729,0,0.020255808906452438,low_score,0,0.310117
1222,scored_log,1778299412.996000,1778299413.001000,20918,20967,50,0.00017897028010338545,0,benign,0.5,1,57,-0.12388419712633025,-0.12388419712633025,0.0668404802231729,0,0.020177423263024245,low_score,0,0.310117
1820,scored_log,1778299593.904000,1778299593.932000,26898,26947,50,0.0018052394734695554,0,benign,0.5,1,76,-0.1250176138918171,-0.1250176138918171,0.06279369228472863,0,0.02010177531684728,low_score,0,0.310117
1819,scored_log,1778299593.901000,1778299593.927000,26888,26937,50,0.0017967126332223415,0,benign,0.5,1,76,-0.1250176138918171,-0.1250176138918171,0.06279369228472863,0,0.02009580652867423,low_score,0,0.310117
1818,scored_log,1778299593.901000,1778299593.922000,26878,26927,50,0.001762024941854179,0,benign,0.5,1,76,-0.1250176138918171,-0.1250176138918171,0.06279369228472863,0,0.020071525144716516,low_score,0,0.310117
1336,scored_log,1778299454.843000,1778299459.863000,22058,22107,50,0.013850062154233456,0,benign,0.5,1,62,-0.13308142352050556,-0.13308142352050556,0.034002405145729483,0,0.019895765051682265,low_score,0,0.310117
763,scored_log,1778299257.631000,1778299260.642000,16328,16377,50,0.004042436834424734,0,benign,0.5,1,42,-0.12667337543490764,-0.12667337543490764,0.05688190763008694,0,0.019894278073123398,low_score,0,0.310117
1827,scored_log,1778299597.941000,1778299597.950000,26968,27017,50,0.0014186003245413303,0,benign,0.5,1,76,-0.1250176138918171,-0.1250176138918171,0.06279369228472863,0,0.019831127912597522,low_score,0,0.310117
772,scored_log,1778299260.658000,1778299265.688000,16418,16467,50,0.0039045934099704027,0,benign,0.5,2,42|43,-0.12667337543490764,-0.12780453649397752,0.05688190763008694,0,0.019797787676005367,low_score,0,0.310117
1836,scored_log,1778299602.973000,1778299606.011000,27058,27107,50,0.0009956927970051765,0,benign,0.5,2,76|77,-0.1250176138918171,-0.13205192582105998,0.06279369228472863,0,0.019535092643322212,low_score,0,0.310117
1335,scored_log,1778299454.843000,1778299459.861000,22048,22097,50,0.01322949305176735,0,benign,0.5,1,62,-0.13308142352050556,-0.13308142352050556,0.034002405145729483,0,0.01946136667995599,low_score,0,0.310117
452,scored_log,1778299138.781000,1778299141.997000,13218,13267,50,0.007005934603512287,0,benign,0.5,1,30,-0.1290673968353031,-0.1290673968353031,0.04833421606374906,0,0.01940441904158332,low_score,0,0.310117
766,scored_log,1778299257.636000,1778299260.652000,16358,16407,50,0.0032474480103701353,0,benign,0.5,1,42,-0.12667337543490764,-0.12667337543490764,0.05688190763008694,0,0.019337785896285178,low_score,0,0.310117
1831,scored_log,1778299597.947000,1778299602.971000,27008,27057,50,0.0006897528655827045,0,benign,0.5,1,76,-0.1250176138918171,-0.1250176138918171,0.06279369228472863,0,0.019320934691326484,low_score,0,0.310117
456,scored_log,1778299141.882000,1778299147.129000,13258,13307,50,0.006150219589471817,0,benign,0.5,2,30|31,-0.12861355641090688,-0.128840476623105,0.049954622617940266,0,0.019291540498012353,low_score,0,0.310117
453,scored_log,1778299141.876000,1778299147.125000,13228,13277,50,0.005729404743760824,0,benign,0.5,2,30|31,-0.12861355641090688,-0.128840476623105,0.049954622617940266,0,0.018996970106014657,low_score,0,0.310117
314,scored_log,1778299086.640000,1778299091.662000,11838,11887,50,0.003936360590159893,0,benign,0.5,1,25,-0.12772219376986765,-0.12772219376986765,0.05313717266870468,0,0.01869660421372333,low_score,0,0.310117
770,scored_log,1778299260.647000,1778299260.676000,16398,16447,50,0.0023093970958143473,0,benign,0.5,1,42,-0.12667337543490764,-0.12667337543490764,0.05688190763008694,0,0.018681150256096127,low_score,0,0.310117
2342,scored_log,1778299724.849000,1778299732.102000,32118,32167,50,0.013071227818727493,0,benign,0.5,1,89,-0.13373433171993832,-0.13373433171993832,0.03167124055841112,0,0.01865123164063258,low_score,0,0.310117
529,scored_log,1778299177.524000,1778299183.543000,13988,14037,50,0.014093060046434402,0,benign,0.5,1,34,-0.13445138839324938,-0.13445138839324938,0.029111038181759495,0,0.01859845348703193,low_score,0,0.310117
1334,scored_log,1778299451.839000,1778299459.861000,22038,22087,50,0.011955266818404198,0,benign,0.5,2,61|62,-0.13308142352050556,-0.13784308840698606,0.034002405145729483,0,0.018569408316601786,low_score,0,0.310117
1332,scored_log,1778299448.812000,1778299454.845000,22018,22067,50,0.011496460065245628,0,benign,0.5,2,61|62,-0.13308142352050556,-0.13784308840698606,0.034002405145729483,0,0.018248243589390787,low_score,0,0.310117
448,scored_log,1778299136.692000,1778299141.876000,13178,13227,50,0.005294240545481443,0,benign,0.5,1,30,-0.1290673968353031,-0.1290673968353031,0.04833421606374906,0,0.01820623320096173,low_score,0,0.310117
457,scored_log,1778299141.997000,1778299150.138000,13268,13317,50,0.004554844461381435,0,benign,0.5,2,30|31,-0.12861355641090688,-0.128840476623105,0.049954622617940266,0,0.018174777908349087,low_score,0,0.310117
765,scored_log,1778299257.631000,1778299260.647000,16348,16397,50,0.0015219737542793155,0,benign,0.5,1,42,-0.12667337543490764,-0.12667337543490764,0.05688190763008694,0,0.018129953917021605,low_score,0,0.310117
1545,scored_log,1778299519.982000,1778299521.026000,24148,24197,50,0.013605277054011822,0,benign,0.5,1,68,-0.13459362704279315,-0.13459362704279315,0.02860318469936718,0,0.01810464934761843,low_score,0,0.310117
528,scored_log,1778299177.524000,1778299183.543000,13978,14027,50,0.013113746419548988,0,benign,0.5,1,34,-0.13445138839324938,-0.13445138839324938,0.029111038181759495,0,0.01791293394821214,low_score,0,0.310117
460,scored_log,1778299147.127000,1778299150.143000,13298,13347,50,0.0041554090566933155,0,benign,0.5,1,31,-0.12861355641090688,-0.12861355641090688,0.049954622617940266,0,0.0178951731250674,low_score,0,0.310117
746,scored_log,1778299254.387000,1778299257.629000,16158,16207,50,0.0006613346049562097,0,benign,0.5,1,42,-0.12667337543490764,-0.12667337543490764,0.05688190763008694,0,0.01752750651249543,low_score,0,0.310117
762,scored_log,1778299257.631000,1778299260.639000,16318,16367,50,0.0006545924115926027,0,benign,0.5,1,42,-0.12667337543490764,-0.12667337543490764,0.05688190763008694,0,0.017522786977140905,low_score,0,0.310117
317,scored_log,1778299088.651000,1778299091.667000,11868,11917,50,0.002205446595326066,0,benign,0.5,1,25,-0.12772219376986765,-0.12772219376986765,0.05313717266870468,0,0.01748496441733965,low_score,0,0.310117
747,scored_log,1778299254.604000,1778299257.631000,16168,16217,50,0.0004610401520039886,0,benign,0.5,1,42,-0.12667337543490764,-0.12667337543490764,0.05688190763008694,0,0.017387300395428875,low_score,0,0.310117
1544,scored_log,1778299519.982000,1778299521.023000,24138,24187,50,0.012538129463791847,0,benign,0.5,1,68,-0.13459362704279315,-0.13459362704279315,0.02860318469936718,0,0.01735764603446445,low_score,0,0.310117
2340,scored_log,1778299724.845000,1778299732.100000,32098,32147,50,0.011128786019980907,0,benign,0.5,1,89,-0.13373433171993832,-0.13373433171993832,0.03167124055841112,0,0.017291522381509973,low_score,0,0.310117
775,scored_log,1778299262.676000,1778299265.693000,16448,16497,50,0.00031333373044617474,0,benign,0.5,2,42|43,-0.12667337543490764,-0.12780453649397752,0.05688190763008694,0,0.017283905900338407,low_score,0,0.310117
751,scored_log,1778299257.629000,1778299257.631000,16208,16257,50,0.0003094052372034639,0,benign,0.5,1,42,-0.12667337543490764,-0.12667337543490764,0.05688190763008694,0,0.01728115595506851,low_score,0,0.310117
752,scored_log,1778299257.631000,1778299257.631000,16218,16267,50,0.0003094028797931969,0,benign,0.5,1,42,-0.12667337543490764,-0.12667337543490764,0.05688190763008694,0,0.01728115430488132,low_score,0,0.310117
753,scored_log,1778299257.631000,1778299257.631000,16228,16277,50,0.0003094028797931969,0,benign,0.5,1,42,-0.12667337543490764,-0.12667337543490764,0.05688190763008694,0,0.01728115430488132,low_score,0,0.310117
754,scored_log,1778299257.631000,1778299257.631000,16238,16287,50,0.0003094028797931969,0,benign,0.5,1,42,-0.12667337543490764,-0.12667337543490764,0.05688190763008694,0,0.01728115430488132,low_score,0,0.310117
755,scored_log,1778299257.631000,1778299257.631000,16248,16297,50,0.0003094028797931969,0,benign,0.5,1,42,-0.12667337543490764,-0.12667337543490764,0.05688190763008694,0,0.01728115430488132,low_score,0,0.310117
756,scored_log,1778299257.631000,1778299257.631000,16258,16307,50,0.0003094028797931969,0,benign,0.5,1,42,-0.12667337543490764,-0.12667337543490764,0.05688190763008694,0,0.01728115430488132,low_score,0,0.310117
757,scored_log,1778299257.631000,1778299257.631000,16268,16317,50,0.0003094028797931969,0,benign,0.5,1,42,-0.12667337543490764,-0.12667337543490764,0.05688190763008694,0,0.01728115430488132,low_score,0,0.310117
758,scored_log,1778299257.631000,1778299257.631000,16278,16327,50,0.0003094028797931969,0,benign,0.5,1,42,-0.12667337543490764,-0.12667337543490764,0.05688190763008694,0,0.01728115430488132,low_score,0,0.310117
759,scored_log,1778299257.631000,1778299257.631000,16288,16337,50,0.0003094028797931969,0,benign,0.5,1,42,-0.12667337543490764,-0.12667337543490764,0.05688190763008694,0,0.01728115430488132,low_score,0,0.310117
760,scored_log,1778299257.631000,1778299257.631000,16298,16347,50,0.0003094028797931969,0,benign,0.5,1,42,-0.12667337543490764,-0.12667337543490764,0.05688190763008694,0,0.01728115430488132,low_score,0,0.310117
750,scored_log,1778299257.628000,1778299257.631000,16198,16247,50,0.00030296327895484865,0,benign,0.5,1,42,-0.12667337543490764,-0.12667337543490764,0.05688190763008694,0,0.017276646584294477,low_score,0,0.310117
749,scored_log,1778299257.626000,1778299257.631000,16188,16237,50,0.00029398768674582243,0,benign,0.5,1,42,-0.12667337543490764,-0.12667337543490764,0.05688190763008694,0,0.01727036366974816,low_score,0,0.310117
748,scored_log,1778299257.626000,1778299257.631000,16178,16227,50,0.0002896900987252593,0,benign,0.5,1,42,-0.12667337543490764,-0.12667337543490764,0.05688190763008694,0,0.017267355358133767,low_score,0,0.310117
1426,scored_log,1778299478.131000,1778299483.391000,22958,23007,50,0.011254399083554745,0,benign,0.5,1,64,-0.13385547240900264,-0.13385547240900264,0.031238715917618665,0,0.017249694133773922,low_score,0,0.310117
771,scored_log,1778299260.652000,1778299262.683000,16408,16457,50,0.00016324523312505335,0,benign,0.5,1,42,-0.12667337543490764,-0.12667337543490764,0.05688190763008694,0,0.017178843952213623,low_score,0,0.310117
761,scored_log,1778299257.631000,1778299257.635000,16308,16357,50,8.394807809963822e-05,0,benign,0.5,1,42,-0.12667337543490764,-0.12667337543490764,0.05688190763008694,0,0.01712333594369583,low_score,0,0.310117
2341,scored_log,1778299724.846000,1778299732.101000,32108,32157,50,0.01059054583311081,0,benign,0.5,1,89,-0.13373433171993832,-0.13373433171993832,0.03167124055841112,0,0.0169147542507009,low_score,0,0.310117
451,scored_log,1778299136.705000,1778299141.882000,13208,13257,50,0.0033232709392905235,0,benign,0.5,1,30,-0.1290673968353031,-0.1290673968353031,0.04833421606374906,0,0.016826554476628085,low_score,0,0.310117
1543,scored_log,1778299518.887000,1778299521.023000,24128,24177,50,0.011442850343883038,0,benign,0.5,1,68,-0.13459362704279315,-0.13459362704279315,0.02860318469936718,0,0.016590950650528284,low_score,0,0.310117
1331,scored_log,1778299448.596000,1778299454.843000,22008,22057,50,0.008721795864403248,0,benign,0.5,2,61|62,-0.13308142352050556,-0.13784308840698606,0.034002405145729483,0,0.01630597864880112,low_score,0,0.310117
2350,scored_log,1778299732.109000,1778299733.129000,32198,32247,50,0.009637962095439434,0,benign,0.5,1,89,-0.13373433171993832,-0.13373433171993832,0.03167124055841112,0,0.01624794563433094,low_score,0,0.310117
313,scored_log,1778299086.639000,1778299088.657000,11828,11877,50,0.00016196347132790834,0,benign,0.5,1,25,-0.12772219376986765,-0.12772219376986765,0.05313717266870468,0,0.01605452623054094,low_score,0,0.310117
1425,scored_log,1778299478.130000,1778299483.391000,22948,22997,50,0.009386633522808552,0,benign,0.5,1,64,-0.13385547240900264,-0.13385547240900264,0.031238715917618665,0,0.01594225824125159,low_score,0,0.310117
2349,scored_log,1778299732.106000,1778299733.128000,32188,32237,50,0.008700549602508545,0,benign,0.5,1,89,-0.13373433171993832,-0.13373433171993832,0.03167124055841112,0,0.015591756889279319,low_score,0,0.310117
1330,scored_log,1778299448.589000,1778299454.843000,21998,22047,50,0.0073755099438130856,0,benign,0.5,2,61|62,-0.13308142352050556,-0.13784308840698606,0.034002405145729483,0,0.015363578504388006,low_score,0,0.310117
1540,scored_log,1778299515.800000,1778299519.982000,24098,24147,50,0.009509020484983921,0,benign,0.5,1,68,-0.13459362704279315,-0.13459362704279315,0.02860318469936718,0,0.0152372697492989,low_score,0,0.310117
1675,scored_log,1778299567.111000,1778299569.133000,25448,25497,50,0.0060768998228013515,0,benign,0.5,1,73,-0.13238188836206277,-0.13238188836206277,0.03650004813805634,0,0.015203844317377847,low_score,0,0.310117
1541,scored_log,1778299515.806000,1778299519.985000,24108,24157,50,0.009248537011444569,0,benign,0.5,1,68,-0.13459362704279315,-0.13459362704279315,0.02860318469936718,0,0.015054931317821353,low_score,0,0.310117
447,scored_log,1778299135.689000,1778299138.780000,13168,13217,50,0.0007888594991527498,0,benign,0.5,1,30,-0.1290673968353031,-0.1290673968353031,0.04833421606374906,0,0.015052466468531644,low_score,0,0.310117
2348,scored_log,1778299732.106000,1778299733.128000,32178,32227,50,0.007867258973419666,0,benign,0.5,1,89,-0.13373433171993832,-0.13373433171993832,0.03167124055841112,0,0.015008453448917103,low_score,0,0.310117
643,scored_log,1778299219.572000,1778299222.590000,15128,15177,50,0.009120718576014042,0,benign,0.5,1,38,-0.13477205563842093,-0.13477205563842093,0.027966117461042106,0,0.014774338241522463,low_score,0,0.310117
1424,scored_log,1778299475.117000,1778299478.251000,22938,22987,50,0.006863732356578112,0,benign,0.5,1,64,-0.13385547240900264,-0.13385547240900264,0.031238715917618665,0,0.014176227424890279,low_score,0,0.310117
215,scored_log,1778299034.204000,1778299037.228000,10848,10897,50,0.01688448339700699,0,benign,0.5,1,20,-0.14044950895149605,-0.14044950895149605,0.007695154221351406,0,0.014127684644310313,low_score,0,0.310117
530,scored_log,1778299177.525000,1778299183.546000,13998,14047,50,0.006922462023794651,0,benign,0.5,1,34,-0.13445138839324938,-0.13445138839324938,0.029111038181759495,0,0.013579034871184104,low_score,0,0.310117
1839,scored_log,1778299606.004000,1778299608.042000,27088,27137,50,0.013954897411167622,0,benign,0.5,1,77,-0.13908623775030288,-0.13908623775030288,0.012562621883564155,0,0.013537214752886582,low_score,0,0.310117
1428,scored_log,1778299478.140000,1778299483.394000,22978,23027,50,0.005903136450797319,0,benign,0.5,1,64,-0.13385547240900264,-0.13385547240900264,0.031238715917618665,0,0.013503810290843726,low_score,0,0.310117
1838,scored_log,1778299606.004000,1778299608.040000,27078,27127,50,0.01311054453253746,0,benign,0.5,1,77,-0.13908623775030288,-0.13908623775030288,0.012562621883564155,0,0.01294616773784547,low_score,0,0.310117
1539,scored_log,1778299515.799000,1778299519.982000,24088,24137,50,0.005899463314563036,0,benign,0.5,1,68,-0.13459362704279315,-0.13459362704279315,0.02860318469936718,0,0.01271057973000428,low_score,0,0.310117
1324,scored_log,1778299444.565000,1778299448.587000,21938,21987,50,0.01772484742105007,0,benign,0.5,1,61,-0.14260475329346656,-0.14260475329346656,0.0,0,0.01240739319473505,low_score,0,0.310117
527,scored_log,1778299174.519000,1778299183.542000,13968,14017,50,0.0048177819699049,0,benign,0.5,1,34,-0.13445138839324938,-0.13445138839324938,0.029111038181759495,0,0.01210575883346128,low_score,0,0.310117
230,scored_log,1778299047.661000,1778299051.909000,10998,11047,50,0.010799232870340347,0,benign,0.5,1,21,-0.1384623649340161,-0.1384623649340161,0.014790117598247879,0,0.011996498288712607,low_score,0,0.310117
1337,scored_log,1778299454.846000,1778299459.867000,22068,22117,50,0.0024897379335016012,0,benign,0.5,1,62,-0.13308142352050556,-0.13308142352050556,0.034002405145729483,0,0.011943538097169968,low_score,0,0.310117
1844,scored_log,1778299608.042000,1778299613.291000,27138,27187,50,0.011600117199122906,0,benign,0.5,1,77,-0.13908623775030288,-0.13908623775030288,0.012562621883564155,0,0.011888868604455281,low_score,0,0.310117
1843,scored_log,1778299608.040000,1778299613.289000,27128,27177,50,0.011410892009735107,0,benign,0.5,1,77,-0.13908623775030288,-0.13908623775030288,0.012562621883564155,0,0.011756410971883822,low_score,0,0.310117
1842,scored_log,1778299608.040000,1778299613.289000,27118,27167,50,0.01121389027684927,0,benign,0.5,1,77,-0.13908623775030288,-0.13908623775030288,0.012562621883564155,0,0.011618509758863735,low_score,0,0.310117
1676,scored_log,1778299567.116000,1778299569.347000,25458,25507,50,0.0006937386351637542,0,benign,0.5,1,73,-0.13238188836206277,-0.13238188836206277,0.03650004813805634,0,0.011435631486031531,low_score,0,0.310117
229,scored_log,1778299047.661000,1778299051.909000,10988,11037,50,0.009873326867818832,0,benign,0.5,1,21,-0.1384623649340161,-0.1384623649340161,0.014790117598247879,0,0.011348364086947546,low_score,0,0.310117
225,scored_log,1778299042.477000,1778299047.661000,10948,10997,50,0.009715437889099121,0,benign,0.5,2,20|21,-0.1384623649340161,-0.13945593694275607,0.014790117598247879,0,0.01123784180184375,low_score,0,0.310117
2346,scored_log,1778299732.101000,1778299732.115000,32158,32207,50,0.0024038066621869802,0,benign,0.5,1,89,-0.13373433171993832,-0.13373433171993832,0.03167124055841112,0,0.011184036831054223,low_score,0,0.310117
1338,scored_log,1778299456.852000,1778299459.868000,22078,22127,50,0.00130525603890419,0,benign,0.5,1,62,-0.13308142352050556,-0.13308142352050556,0.034002405145729483,0,0.01111440077095178,low_score,0,0.310117
1343,scored_log,1778299459.868000,1778299459.878000,22128,22177,50,0.0011610399233177304,0,benign,0.5,1,62,-0.13308142352050556,-0.13308142352050556,0.034002405145729483,0,0.011013449490041259,low_score,0,0.310117
1344,scored_log,1778299459.869000,1778299459.881000,22138,22187,50,0.0010790033265948296,0,benign,0.5,1,62,-0.13308142352050556,-0.13308142352050556,0.034002405145729483,0,0.010956023872335227,low_score,0,0.310117
1342,scored_log,1778299459.867000,1778299459.872000,22118,22167,50,0.0008788849227130413,0,benign,0.5,1,62,-0.13308142352050556,-0.13308142352050556,0.034002405145729483,0,0.010815940989617976,low_score,0,0.310117
1345,scored_log,1778299459.870000,1778299459.882000,22148,22197,50,0.0008502998971380293,0,benign,0.5,1,62,-0.13308142352050556,-0.13308142352050556,0.034002405145729483,0,0.010795931471715467,low_score,0,0.310117
1340,scored_log,1778299459.861000,1778299459.870000,22098,22147,50,0.0007819415186531842,0,benign,0.5,1,62,-0.13308142352050556,-0.13308142352050556,0.034002405145729483,0,0.010748080606776076,low_score,0,0.310117
1346,scored_log,1778299459.871000,1778299459.883000,22158,22207,50,0.0007804697379469872,0,benign,0.5,1,62,-0.13308142352050556,-0.13308142352050556,0.034002405145729483,0,0.010747050360281738,low_score,0,0.310117
1427,scored_log,1778299478.132000,1778299483.391000,22968,23017,50,0.0019191598985344172,0,benign,0.5,1,64,-0.13385547240900264,-0.13385547240900264,0.031238715917618665,0,0.010715026704259693,low_score,0,0.310117
1339,scored_log,1778299459.861000,1778299459.869000,22088,22137,50,0.0007267333567142487,0,benign,0.5,1,62,-0.13308142352050556,-0.13308142352050556,0.034002405145729483,0,0.010709434893418822,low_score,0,0.310117
1341,scored_log,1778299459.863000,1778299459.871000,22108,22157,50,0.0006823282456025481,0,benign,0.5,1,62,-0.13308142352050556,-0.13308142352050556,0.034002405145729483,0,0.01067835131564063,low_score,0,0.310117
1333,scored_log,1778299451.834000,1778299456.852000,22028,22077,50,0.0006809393526054919,0,benign,0.5,2,61|62,-0.13308142352050556,-0.13784308840698606,0.034002405145729483,0,0.010677379090542692,low_score,0,0.310117
231,scored_log,1778299047.663000,1778299051.911000,11008,11057,50,0.008744577877223492,0,benign,0.5,1,21,-0.1384623649340161,-0.1384623649340161,0.014790117598247879,0,0.010558239793530808,low_score,0,0.310117
1325,scored_log,1778299444.567000,1778299448.588000,21948,21997,50,0.01486932672560215,0,benign,0.5,1,61,-0.14260475329346656,-0.14260475329346656,0.0,0,0.010408528707921505,low_score,0,0.310117
220,scored_log,1778299037.228000,1778299042.477000,10898,10947,50,0.01151194702833891,0,benign,0.5,1,20,-0.14044950895149605,-0.14044950895149605,0.007695154221351406,0,0.010366909186242657,low_score,0,0.310117
526,scored_log,1778299174.512000,1778299177.527000,13958,14007,50,0.002205194905400276,0,benign,0.5,1,34,-0.13445138839324938,-0.13445138839324938,0.029111038181759495,0,0.010276947888308043,low_score,0,0.310117
2355,scored_log,1778299733.130000,1778299733.162000,32248,32297,50,0.0010225732112303376,0,benign,0.5,1,89,-0.13373433171993832,-0.13373433171993832,0.03167124055841112,0,0.010217173415384573,low_score,0,0.310117
2354,scored_log,1778299733.128000,1778299733.155000,32238,32287,50,0.0010183121776208282,0,benign,0.5,1,89,-0.13373433171993832,-0.13373433171993832,0.03167124055841112,0,0.010214190691857916,low_score,0,0.310117
2353,scored_log,1778299733.128000,1778299733.149000,32228,32277,50,0.0010011785198003054,0,benign,0.5,1,89,-0.13373433171993832,-0.13373433171993832,0.03167124055841112,0,0.01020219713138355,low_score,0,0.310117
219,scored_log,1778299037.228000,1778299042.477000,10888,10937,50,0.011239784769713879,0,benign,0.5,1,20,-0.14044950895149605,-0.14044950895149605,0.007695154221351406,0,0.010176395605205137,low_score,0,0.310117
2352,scored_log,1778299732.124000,1778299733.143000,32218,32267,50,0.0008670320967212319,0,benign,0.5,1,89,-0.13373433171993832,-0.13373433171993832,0.03167124055841112,0,0.010108294635228198,low_score,0,0.310117
2347,scored_log,1778299732.104000,1778299732.124000,32168,32217,50,0.0008368044509552419,0,benign,0.5,1,89,-0.13373433171993832,-0.13373433171993832,0.03167124055841112,0,0.010087135283192005,low_score,0,0.310117
226,scored_log,1778299042.484000,1778299047.663000,10958,11007,50,0.008014412596821785,0,benign,0.5,2,20|21,-0.1384623649340161,-0.13945593694275607,0.014790117598247879,0,0.010047124097249614,low_score,0,0.310117
2351,scored_log,1778299732.115000,1778299733.136000,32208,32257,50,0.0007762168534100056,0,benign,0.5,1,89,-0.13373433171993832,-0.13373433171993832,0.03167124055841112,0,0.010044723964910341,low_score,0,0.310117
2339,scored_log,1778299724.843000,1778299727.094000,32088,32137,50,0.0006346580921672285,0,benign,0.5,1,89,-0.13373433171993832,-0.13373433171993832,0.03167124055841112,0,0.009945632832040396,low_score,0,0.310117
2215,scored_log,1778299704.499000,1778299708.530000,30848,30897,50,0.0017914770869538188,0,benign,0.5,1,87,-0.13451453791567347,-0.13451453791567347,0.028885567081061114,0,0.009919704085186009,low_score,0,0.310117
1546,scored_log,1778299519.985000,1778299521.041000,24158,24207,50,0.0016246190061792731,0,benign,0.5,1,68,-0.13459362704279315,-0.13459362704279315,0.02860318469936718,0,0.009718188714135647,low_score,0,0.310117
1840,scored_log,1778299606.004000,1778299608.053000,27098,27147,50,0.008321470580995083,0,benign,0.5,1,77,-0.13908623775030288,-0.13908623775030288,0.012562621883564155,0,0.009593815971765805,low_score,0,0.310117
1547,scored_log,1778299520.020000,1778299523.257000,24168,24217,50,0.0010065214009955525,0,benign,0.5,1,68,-0.13459362704279315,-0.13459362704279315,0.02860318469936718,0,0.009285520390507042,low_score,0,0.310117
2214,scored_log,1778299704.497000,1778299708.524000,30838,30887,50,0.0005534682422876358,0,benign,0.5,1,87,-0.13451453791567347,-0.13451453791567347,0.028885567081061114,0,0.00905309789391968,low_score,0,0.310117
1538,scored_log,1778299515.799000,1778299518.887000,24078,24127,50,0.0006051642703823745,0,benign,0.5,1,68,-0.13459362704279315,-0.13459362704279315,0.02860318469936718,0,0.009004570399077818,low_score,0,0.310117
224,scored_log,1778299042.477000,1778299047.661000,10938,10987,50,0.006282830610871315,0,benign,0.5,2,20|21,-0.1384623649340161,-0.13945593694275607,0.014790117598247879,0,0.008835016707084285,low_score,0,0.310117
1542,scored_log,1778299515.866000,1778299519.996000,24118,24167,50,0.0003546379739418626,0,benign,0.5,1,68,-0.13459362704279315,-0.13459362704279315,0.02860318469936718,0,0.00882920199156946,low_score,0,0.310117
217,scored_log,1778299034.206000,1778299037.350000,10868,10917,50,0.00843962375074625,0,benign,0.5,1,20,-0.14044950895149605,-0.14044950895149605,0.007695154221351406,0,0.008216282891927797,low_score,0,0.310117
228,scored_log,1778299044.575000,1778299047.888000,10978,11027,50,0.002411979017779231,0,benign,0.5,1,21,-0.1384623649340161,-0.1384623649340161,0.014790117598247879,0,0.006125420591919826,low_score,0,0.310117
227,scored_log,1778299042.489000,1778299047.671000,10968,11017,50,0.0022526809480041265,0,benign,0.5,2,20|21,-0.1384623649340161,-0.13945593694275607,0.014790117598247879,0,0.006013911943077253,low_score,0,0.310117
223,scored_log,1778299042.477000,1778299044.575000,10928,10977,50,0.000614605494774878,0,benign,0.5,2,20|21,-0.1384623649340161,-0.13945593694275607,0.014790117598247879,0,0.004867259125816779,low_score,0,0.310117
232,scored_log,1778299047.671000,1778299051.940000,11018,11067,50,0.00040597375482320786,0,benign,0.5,1,21,-0.1384623649340161,-0.1384623649340161,0.014790117598247879,0,0.00472121690785061,low_score,0,0.310117
221,scored_log,1778299037.234000,1778299042.484000,10908,10957,50,0.0032751376274973154,0,benign,0.5,1,20,-0.14044950895149605,-0.14044950895149605,0.007695154221351406,0,0.004601142605653543,low_score,0,0.310117
1841,scored_log,1778299606.011000,1778299608.267000,27108,27157,50,0.0009309505694545805,0,benign,0.5,1,77,-0.13908623775030288,-0.13908623775030288,0.012562621883564155,0,0.004420451963687453,low_score,0,0.310117
222,scored_log,1778299037.350000,1778299042.489000,10918,10967,50,0.0019609176088124514,0,benign,0.5,1,20,-0.14044950895149605,-0.14044950895149605,0.007695154221351406,0,0.0036811885925741384,low_score,0,0.310117
218,scored_log,1778299037.227000,1778299042.476000,10878,10927,50,0.0014946565497666597,0,benign,0.5,1,20,-0.14044950895149605,-0.14044950895149605,0.007695154221351406,0,0.003354805851242084,low_score,0,0.310117
216,scored_log,1778299034.204000,1778299037.231000,10858,10907,50,0.0014936974039301276,0,benign,0.5,1,20,-0.14044950895149605,-0.14044950895149605,0.007695154221351406,0,0.0033541344491565114,low_score,0,0.310117
1326,scored_log,1778299444.567000,1778299448.596000,21958,22007,50,0.004150202963501215,0,benign,0.5,1,61,-0.14260475329346656,-0.14260475329346656,0.0,0,0.0029051420744508503,low_score,0,0.310117
1327,scored_log,1778299444.570000,1778299448.812000,21968,22017,50,0.002474771812558174,0,benign,0.5,1,61,-0.14260475329346656,-0.14260475329346656,0.0,0,0.0017323402687907218,low_score,0,0.310117
1328,scored_log,1778299448.587000,1778299451.834000,21978,22027,50,0.0005713094142265618,0,benign,0.5,1,61,-0.14260475329346656,-0.14260475329346656,0.0,0,0.0003999165899585932,low_score,0,0.310117
1329,scored_log,1778299448.587000,1778299451.839000,21988,22037,50,0.0002892984775826335,0,benign,0.5,1,61,-0.14260475329346656,-0.14260475329346656,0.0,0,0.00020250893430784345,low_score,0,0.310117
